# Exported by OpenCASCADE CAD Assistant [www.opencascade.com]
#  Vertices: 8454
#     Faces: 8302
mtllib J2.mtl
g 3D_J2Arm_AllCATPart
usemtl mat_1
v 328.398651 341.770538 849.662476
v 337.309723 341.770538 848.091248
v 329.184326 339.700012 857.370605
v 371.150238 339.700012 849.970886
v 361.421814 354.711517 794.798279
v 328.923157 354.711517 800.528687
vn 0.044943 0.965926 0.254887
vn 0.044943 0.965926 0.254887
vn 0.044943 0.965926 0.254887
vn 0.044943 0.965926 0.254887
vn 0.044943 0.965926 0.254887
vn 0.044943 0.965926 0.254887
f 3//3 4//4 2//2
f 1//1 3//3 2//2
f 5//5 2//2 4//4
f 6//6 2//2 5//5
v 323.644928 369.221222 857.969543
v 290.322601 369.221741 863.845337
v 288.292297 369.048492 864.156189
v 286.308746 368.540710 864.367798
v 284.429413 367.711578 864.473572
v 282.705963 366.585480 864.471069
v 281.190948 365.195801 864.360107
v 279.930389 363.584747 864.144043
v 279.215179 362.344147 863.932617
v 278.653320 361.032013 863.674683
v 278.242645 359.617798 863.362305
v 278.076996 358.714630 863.145752
v 277.984253 357.808044 862.915466
v 277.974060 357.630615 862.868958
v 277.705750 351.835144 861.339417
v 277.767944 350.013275 860.832764
v 278.120544 348.237854 860.287537
v 278.757660 346.553497 859.716919
v 279.662689 344.997559 859.133972
v 280.811554 343.611603 858.554321
v 281.937042 342.611542 858.083740
v 283.193298 341.770538 857.633423
v 274.282043 341.770538 859.204712
v 276.394379 387.169067 871.184387
v 339.422089 387.169067 860.070923
v 337.309723 341.770538 848.091248
v 328.398651 341.770538 849.662476
v 330.151520 342.925598 849.667725
v 331.542847 344.200897 849.769348
v 332.616608 345.513824 849.937256
v 333.496674 346.952484 850.173523
v 334.165283 348.491333 850.474304
v 334.608124 350.095428 850.832642
v 334.749329 350.963531 851.043945
v 334.823578 351.834991 851.268005
v 335.094513 357.630493 852.797058
v 335.014679 359.583405 853.342468
v 334.598511 361.489044 853.934387
v 333.857727 363.278503 854.551880
v 332.815735 364.902161 855.177368
v 331.503845 366.318024 855.793945
v 329.953186 367.485779 856.385071
v 328.246613 368.360046 856.923828
v 326.401764 368.936829 857.406067
v 325.119629 369.149933 857.690125
v 323.814819 369.221222 857.939636
vn 0.167731 -0.258819 0.951251
vn 0.167731 -0.258819 0.951251
vn 0.167731 -0.258819 0.951251
vn 0.167731 -0.258819 0.951251
vn 0.167731 -0.258819 0.951251
vn 0.167731 -0.258819 0.951251
vn 0.167731 -0.258819 0.951251
vn 0.167731 -0.258819 0.951251
vn 0.167731 -0.258819 0.951251
vn 0.167731 -0.258819 0.951251
vn 0.167731 -0.258819 0.951251
vn 0.167731 -0.258819 0.951251
vn 0.167731 -0.258819 0.951251
vn 0.167731 -0.258819 0.951251
vn 0.167731 -0.258819 0.951251
vn 0.167731 -0.258819 0.951251
vn 0.167731 -0.258819 0.951251
vn 0.167731 -0.258819 0.951251
vn 0.167731 -0.258819 0.951251
vn 0.167731 -0.258819 0.951251
vn 0.167731 -0.258819 0.951251
vn 0.167731 -0.258819 0.951251
vn 0.167731 -0.258819 0.951251
vn 0.167731 -0.258819 0.951251
vn 0.167731 -0.258819 0.951251
vn 0.167731 -0.258819 0.951251
vn 0.167731 -0.258819 0.951251
vn 0.167731 -0.258819 0.951251
vn 0.167731 -0.258819 0.951251
vn 0.167731 -0.258819 0.951251
vn 0.167731 -0.258819 0.951251
vn 0.167731 -0.258819 0.951251
vn 0.167731 -0.258819 0.951251
vn 0.167731 -0.258819 0.951251
vn 0.167731 -0.258819 0.951251
vn 0.167731 -0.258819 0.951251
vn 0.167731 -0.258819 0.951251
vn 0.167731 -0.258819 0.951251
vn 0.167731 -0.258819 0.951251
vn 0.167731 -0.258819 0.951251
vn 0.167731 -0.258819 0.951251
vn 0.167731 -0.258819 0.951251
vn 0.167731 -0.258819 0.951251
vn 0.167731 -0.258819 0.951251
vn 0.167731 -0.258819 0.951251
vn 0.167731 -0.258819 0.951251
f 46//46 31//31 47//47
f 48//48 47//47 31//31
f 45//45 31//31 46//46
f 49//49 48//48 31//31
f 44//44 31//31 45//45
f 50//50 49//49 31//31
f 43//43 31//31 44//44
f 51//51 50//50 31//31
f 42//42 31//31 43//43
f 52//52 51//51 31//31
f 7//7 52//52 31//31
f 32//32 38//38 37//37
f 32//32 39//39 38//38
f 32//32 40//40 39//39
f 32//32 41//41 40//40
f 32//32 42//42 41//41
f 32//32 31//31 42//42
f 36//36 32//32 37//37
f 35//35 32//32 36//36
f 34//34 32//32 35//35
f 33//33 32//32 34//34
f 30//30 7//7 31//31
f 8//8 7//7 30//30
f 9//9 8//8 30//30
f 10//10 9//9 30//30
f 11//11 10//10 30//30
f 12//12 11//11 30//30
f 13//13 12//12 30//30
f 14//14 13//13 30//30
f 15//15 14//14 30//30
f 16//16 15//15 30//30
f 29//29 21//21 20//20
f 29//29 22//22 21//21
f 29//29 23//23 22//22
f 29//29 24//24 23//23
f 29//29 25//25 24//24
f 29//29 26//26 25//25
f 29//29 27//27 26//26
f 29//29 28//28 27//27
f 29//29 20//20 30//30
f 20//20 19//19 30//30
f 19//19 18//18 30//30
f 18//18 17//17 30//30
f 17//17 16//16 30//30
usemtl mat_2
v 329.184326 339.700012 857.370605
v 331.647034 339.700134 862.694702
v 333.624207 339.700043 869.078491
v 335.014160 339.700226 875.396057
v 328.398651 341.770538 849.662476
v 330.151520 342.925598 849.667725
v 331.542847 344.200897 849.769348
v 332.616608 345.513824 849.937256
v 333.496674 346.952484 850.173523
v 334.165283 348.491333 850.474304
v 334.608124 350.095428 850.832642
v 334.749329 350.963531 851.043945
v 334.823578 351.834991 851.268005
v 336.703979 349.106812 863.344543
v 338.295776 347.537018 875.888733
v 336.219971 341.176636 875.440857
v 337.172089 342.822906 875.522888
v 337.678955 344.073059 875.602783
v 338.053619 345.445465 875.705444
v 338.222260 346.486053 875.792664
v 334.409943 343.466522 860.049011
v 335.286194 343.826691 862.774963
v 336.040100 343.971771 866.004333
vn 0.418530 -0.874754 -0.244207
vn 0.562081 -0.799889 -0.210339
vn 0.660608 -0.731260 -0.169867
vn 0.716059 -0.684971 -0.134438
vn 0.450220 -0.839251 -0.304891
vn 0.595428 -0.743231 -0.305080
vn 0.712070 -0.636157 -0.297085
vn 0.801029 -0.527226 -0.283524
vn 0.874155 -0.407574 -0.264077
vn 0.930193 -0.278704 -0.238884
vn 0.967008 -0.145738 -0.208942
vn 0.978795 -0.073623 -0.191156
vn 0.985092 -0.000430 -0.172030
vn 0.990207 -0.009050 -0.139311
vn 0.992963 -0.012681 -0.117742
vn 0.817421 -0.559392 -0.137486
vn 0.897918 -0.418364 -0.136806
vn 0.941174 -0.310224 -0.133984
vn 0.972740 -0.192722 -0.128979
vn 0.986872 -0.103555 -0.123937
vn 0.825073 -0.521014 -0.218630
vn 0.868781 -0.454081 -0.197562
vn 0.898140 -0.402481 -0.177071
f 53//53 57//57 58//58
f 53//53 58//58 59//59
f 66//66 63//63 64//64
f 66//66 64//64 65//65
f 68//68 56//56 55//55
f 69//69 68//68 55//55
f 73//73 54//54 53//53
f 73//73 59//59 60//60
f 73//73 60//60 61//61
f 73//73 61//61 62//62
f 73//73 62//62 63//63
f 73//73 53//53 59//59
f 73//73 63//63 66//66
f 74//74 73//73 66//66
f 74//74 54//54 73//73
f 75//75 55//55 54//54
f 75//75 66//66 67//67
f 75//75 70//70 69//69
f 75//75 71//71 70//70
f 75//75 72//72 71//71
f 75//75 67//67 72//72
f 75//75 54//54 74//74
f 75//75 74//74 66//66
f 75//75 69//69 55//55
usemtl mat_1
v 335.014160 339.700226 875.396057
v 337.701172 339.700012 898.119141
v 338.237152 339.700012 923.807922
v 382.784668 339.700012 915.953003
v 371.150238 339.700012 849.970886
v 329.184326 339.700012 857.370605
v 331.647034 339.700134 862.694702
v 333.624207 339.700043 869.078491
vn 0.000000 1.000000 -0.000000
vn 0.000000 1.000000 -0.000000
vn 0.000000 1.000000 -0.000000
vn 0.000000 1.000000 -0.000000
vn 0.000000 1.000000 -0.000000
vn 0.000000 1.000000 -0.000000
vn 0.000000 1.000000 -0.000000
vn 0.000000 1.000000 -0.000000
f 77//77 78//78 79//79
f 80//80 77//77 79//79
f 76//76 77//77 80//80
f 83//83 76//76 80//80
f 82//82 83//83 80//80
f 81//81 82//82 80//80
v 382.784668 339.700012 915.953003
v 382.784668 336.500000 915.953003
v 371.077087 336.500000 849.555969
v 361.278015 351.620544 793.982666
v 361.421814 354.711517 794.798279
v 371.150238 339.700012 849.970886
vn 0.984808 -0.000000 -0.173648
vn 0.984808 -0.000000 -0.173648
vn 0.984808 -0.000000 -0.173648
vn 0.984808 -0.000000 -0.173648
vn 0.984808 -0.000000 -0.173648
vn 0.984808 -0.000000 -0.173648
f 89//89 84//84 85//85
f 86//86 89//89 85//85
f 87//87 88//88 89//89
f 87//87 89//89 86//86
v 361.278015 351.620544 793.982666
v 361.421814 354.711517 794.798279
v 233.252991 351.620544 816.556946
v 233.396820 354.711517 817.372559
v 265.895477 354.711517 811.642151
v 268.007813 400.110016 823.621826
v 331.035522 400.110016 812.508362
v 328.923157 354.711517 800.528687
v 325.836609 370.841064 805.461487
v 325.834991 370.801697 805.451050
v 323.967926 376.822632 807.418457
v 324.795166 375.516266 806.917175
v 325.392090 374.088501 806.423462
v 325.745697 372.578949 805.950378
v 325.831940 371.715271 805.700195
v 323.246460 377.658081 807.773010
v 316.446686 380.462921 809.735107
v 317.943909 380.344666 809.438965
v 319.397797 380.001190 809.089172
v 320.773407 379.443878 808.694946
v 322.041077 378.685669 808.265137
v 322.667267 378.197968 808.022034
v 316.405823 380.462952 809.742371
v 281.943054 380.358307 815.790588
v 274.857758 377.509918 816.264954
v 275.864075 378.343201 816.314209
v 276.967285 379.043701 816.310303
v 278.147064 379.603546 816.254578
v 279.385620 380.015381 816.148254
v 280.657410 380.269257 815.993042
v 271.677826 370.674133 814.965759
v 271.818695 371.931335 815.282959
v 272.128082 373.170013 815.565430
v 272.594574 374.364105 815.808044
v 273.211365 375.499939 816.008362
v 273.968903 376.555573 816.161987
v 271.652985 370.109406 814.816467
v 271.468597 365.846313 813.689087
v 274.057373 359.026978 811.377136
v 273.251862 359.975342 811.777222
v 272.586761 361.023895 812.179810
v 272.068695 362.152985 812.578369
v 271.703491 363.349792 812.968384
v 271.501007 364.588043 813.341003
v 280.898468 356.218201 809.406677
v 279.225159 356.359985 809.740295
v 277.610687 356.781891 810.139771
v 276.103882 357.465363 810.591431
v 275.023041 358.175446 810.975220
v 315.365936 356.327179 803.358765
v 322.450989 359.177521 802.885010
v 321.445404 358.343964 802.835571
v 320.341675 357.643066 802.839478
v 319.163086 357.082336 802.894714
v 317.928070 356.671600 803.000732
v 316.655579 356.416199 803.155579
v 325.629303 366.013916 804.184692
v 325.487244 364.751984 803.866394
v 325.178101 363.513855 803.583984
v 324.710846 362.319275 803.341370
v 324.095428 361.184998 803.141235
v 323.338867 360.131836 802.988098
v 325.646637 366.427856 804.294250
vn -0.167731 0.258819 -0.951251
vn -0.167731 0.258819 -0.951251
vn -0.167731 0.258819 -0.951251
vn -0.167731 0.258819 -0.951251
vn -0.167731 0.258819 -0.951251
vn -0.167731 0.258819 -0.951251
vn -0.167731 0.258819 -0.951251
vn -0.167731 0.258819 -0.951251
vn -0.167731 0.258819 -0.951251
vn -0.167731 0.258819 -0.951251
vn -0.167731 0.258819 -0.951251
vn -0.167731 0.258819 -0.951251
vn -0.167731 0.258819 -0.951251
vn -0.167731 0.258819 -0.951251
vn -0.167731 0.258819 -0.951251
vn -0.167731 0.258819 -0.951251
vn -0.167731 0.258819 -0.951251
vn -0.167731 0.258819 -0.951251
vn -0.167731 0.258819 -0.951251
vn -0.167731 0.258819 -0.951251
vn -0.167731 0.258819 -0.951251
vn -0.167731 0.258819 -0.951251
vn -0.167731 0.258819 -0.951251
vn -0.167731 0.258819 -0.951251
vn -0.167731 0.258819 -0.951251
vn -0.167731 0.258819 -0.951251
vn -0.167731 0.258819 -0.951251
vn -0.167731 0.258819 -0.951251
vn -0.167731 0.258819 -0.951251
vn -0.167731 0.258819 -0.951251
vn -0.167731 0.258819 -0.951251
vn -0.167731 0.258819 -0.951251
vn -0.167731 0.258819 -0.951251
vn -0.167731 0.258819 -0.951251
vn -0.167731 0.258819 -0.951251
vn -0.167731 0.258819 -0.951251
vn -0.167731 0.258819 -0.951251
vn -0.167731 0.258819 -0.951251
vn -0.167731 0.258819 -0.951251
vn -0.167731 0.258819 -0.951251
vn -0.167731 0.258819 -0.951251
vn -0.167731 0.258819 -0.951251
vn -0.167731 0.258819 -0.951251
vn -0.167731 0.258819 -0.951251
vn -0.167731 0.258819 -0.951251
vn -0.167731 0.258819 -0.951251
vn -0.167731 0.258819 -0.951251
vn -0.167731 0.258819 -0.951251
vn -0.167731 0.258819 -0.951251
vn -0.167731 0.258819 -0.951251
vn -0.167731 0.258819 -0.951251
vn -0.167731 0.258819 -0.951251
vn -0.167731 0.258819 -0.951251
vn -0.167731 0.258819 -0.951251
vn -0.167731 0.258819 -0.951251
vn -0.167731 0.258819 -0.951251
vn -0.167731 0.258819 -0.951251
vn -0.167731 0.258819 -0.951251
vn -0.167731 0.258819 -0.951251
vn -0.167731 0.258819 -0.951251
vn -0.167731 0.258819 -0.951251
vn -0.167731 0.258819 -0.951251
vn -0.167731 0.258819 -0.951251
f 111//111 96//96 105//105
f 100//100 105//105 96//96
f 110//110 96//96 111//111
f 101//101 100//100 96//96
f 109//109 96//96 110//110
f 102//102 101//101 96//96
f 108//108 96//96 109//109
f 107//107 96//96 108//108
f 106//106 96//96 107//107
f 112//112 96//96 106//106
f 97//97 91//91 90//90
f 97//97 147//147 146//146
f 97//97 148//148 147//147
f 97//97 149//149 148//148
f 97//97 150//150 149//149
f 151//151 150//150 97//97
f 140//140 151//151 97//97
f 141//141 140//140 97//97
f 142//142 141//141 97//97
f 143//143 142//142 97//97
f 144//144 143//143 97//97
f 145//145 144//144 97//97
f 139//139 145//145 97//97
f 113//113 96//96 112//112
f 113//113 95//95 96//96
f 119//119 95//95 113//113
f 118//118 95//95 119//119
f 117//117 95//95 118//118
f 116//116 95//95 117//117
f 115//115 95//95 116//116
f 114//114 95//95 115//115
f 125//125 95//95 114//114
f 124//124 95//95 125//125
f 123//123 95//95 124//124
f 122//122 95//95 123//123
f 94//94 126//126 127//127
f 94//94 129//129 128//128
f 94//94 130//130 129//129
f 94//94 131//131 130//130
f 94//94 132//132 131//131
f 94//94 133//133 132//132
f 94//94 127//127 133//133
f 94//94 135//135 134//134
f 94//94 136//136 135//135
f 94//94 137//137 136//136
f 94//94 138//138 137//137
f 94//94 128//128 138//138
f 92//92 93//93 94//94
f 90//90 92//92 94//94
f 90//90 94//94 134//134
f 90//90 134//134 97//97
f 97//97 134//134 139//139
f 94//94 95//95 120//120
f 120//120 95//95 121//121
f 121//121 95//95 122//122
f 94//94 120//120 126//126
f 96//96 97//97 146//146
f 96//96 146//146 152//152
f 96//96 152//152 99//99
f 96//96 99//99 98//98
f 96//96 98//98 104//104
f 96//96 104//104 103//103
f 96//96 103//103 102//102
v 339.422089 387.169067 860.070923
v 337.309723 341.770538 848.091248
v 331.035522 400.110016 812.508362
v 328.923157 354.711517 800.528687
vn 0.984808 -0.000000 -0.173648
vn 0.984808 -0.000000 -0.173648
vn 0.984808 -0.000000 -0.173648
vn 0.984808 -0.000000 -0.173648
f 155//155 154//154 156//156
f 153//153 154//154 155//155
usemtl mat_2
v 277.705750 351.835144 861.339417
v 277.767944 350.013275 860.832764
v 278.120544 348.237854 860.287537
v 278.757660 346.553497 859.716919
v 279.662689 344.997559 859.133972
v 280.811554 343.611603 858.554321
v 281.937042 342.611542 858.083740
v 283.193298 341.770538 857.633423
v 285.172913 339.700012 865.130981
v 284.450806 339.699982 879.528748
v 284.408142 339.700104 872.382202
v 280.546661 348.667145 880.718445
v 280.628571 346.990875 880.549011
v 280.951050 345.344116 880.362732
v 281.453461 343.887604 880.180237
v 282.082153 342.619232 880.005737
v 282.860382 341.434509 879.827087
v 283.611328 340.527679 879.677673
v 279.209564 349.865082 870.721252
v 280.627319 343.823761 868.030701
v 280.612213 344.199158 871.500000
vn -0.984557 -0.000372 0.175065
vn -0.979032 -0.152963 0.134531
vn -0.949294 -0.300866 0.091220
vn -0.895442 -0.442859 0.045383
vn -0.820011 -0.572346 -0.000939
vn -0.723703 -0.688475 -0.047495
vn -0.629518 -0.772271 -0.085466
vn -0.525379 -0.842120 -0.121700
vn -0.458127 -0.883965 -0.093408
vn -0.662636 -0.748452 0.027055
vn -0.596509 -0.802324 -0.021265
vn -0.992096 0.012002 0.124907
vn -0.984808 -0.132112 0.112690
vn -0.957230 -0.272040 0.098510
vn -0.914173 -0.396571 0.083781
vn -0.860971 -0.503921 0.069233
vn -0.795929 -0.602981 0.053954
vn -0.733065 -0.678939 0.040710
vn -0.989415 0.008077 0.144889
vn -0.853024 -0.520616 0.036181
vn -0.892385 -0.447272 0.059970
f 175//175 157//157 158//158
f 165//165 162//162 163//163
f 165//165 163//163 164//164
f 169//169 168//168 175//175
f 174//174 173//173 167//167
f 166//166 174//174 167//167
f 176//176 158//158 159//159
f 176//176 159//159 160//160
f 176//176 160//160 161//161
f 176//176 161//161 162//162
f 176//176 165//165 167//167
f 176//176 175//175 158//158
f 176//176 162//162 165//165
f 177//177 170//170 169//169
f 177//177 171//171 170//170
f 177//177 172//172 171//171
f 177//177 173//173 172//172
f 177//177 176//176 167//167
f 177//177 169//169 175//175
f 177//177 175//175 176//176
f 177//177 167//167 173//173
v 277.705750 351.835144 861.339417
v 279.209564 349.865082 870.721252
v 280.546661 348.667145 880.718445
v 280.688202 354.549896 881.278015
v 277.974060 357.630615 862.868958
v 279.411530 355.723602 871.774292
vn -0.984557 -0.000372 0.175065
vn -0.989415 0.008077 0.144889
vn -0.992096 0.012002 0.124907
vn -0.992049 0.011940 0.125289
vn -0.984376 -0.000672 0.176077
vn -0.989302 0.007914 0.145670
f 179//179 183//183 182//182
f 179//179 182//182 178//178
f 180//180 181//181 183//183
f 180//180 183//183 179//179
v 277.974060 357.630615 862.868958
v 279.411530 355.723602 871.774292
v 280.688202 354.549896 881.278015
v 292.919464 366.081726 881.397888
v 290.875061 365.948151 881.552063
v 288.881805 365.473938 881.668945
v 287.433929 364.890656 881.730652
v 286.095367 364.139618 881.767090
v 284.864380 363.226563 881.779053
v 283.762604 362.165222 881.766113
v 282.807831 360.973236 881.728394
v 282.015106 359.671234 881.666748
v 281.399017 358.280060 881.582031
v 280.969666 356.822540 881.475647
v 280.772766 355.692810 881.382080
v 290.322601 369.221741 863.845337
v 291.710236 367.283905 872.351013
v 288.292297 369.048492 864.156189
v 286.308746 368.540710 864.367798
v 284.429413 367.711578 864.473572
v 282.705963 366.585480 864.471069
v 281.190948 365.195801 864.360107
v 279.930389 363.584747 864.144043
v 279.215179 362.344147 863.932617
v 278.653320 361.032013 863.674683
v 278.242645 359.617798 863.362305
v 278.076996 358.714630 863.145752
v 277.984253 357.808044 862.915466
v 288.047211 365.881104 877.187439
v 279.632599 360.630829 868.091064
v 280.933228 359.113953 876.973328
v 283.151611 363.905792 872.906738
v 283.758453 363.246979 877.256165
v 287.106140 366.433624 872.819397
vn -0.984376 -0.000672 0.176077
vn -0.989302 0.007914 0.145670
vn -0.992049 0.011940 0.125289
vn 0.026673 0.995951 0.085851
vn -0.141179 0.984322 0.105726
vn -0.304775 0.944526 0.122403
vn -0.425445 0.895183 0.132829
vn -0.536256 0.832234 0.140772
vn -0.638883 0.755239 0.146435
vn -0.732160 0.664469 0.149744
vn -0.812421 0.563290 0.150586
vn -0.879356 0.452246 0.149018
vn -0.932059 0.332012 0.145032
vn -0.968391 0.207256 0.138796
vn -0.984970 0.110617 0.132659
vn 0.045490 0.964496 0.260151
vn 0.034779 0.984581 0.171437
vn -0.124265 0.950169 0.285897
vn -0.289122 0.908122 0.302858
vn -0.446645 0.838957 0.310902
vn -0.589670 0.745865 0.309798
vn -0.716798 0.629585 0.299704
vn -0.821446 0.496106 0.281255
vn -0.881096 0.392735 0.263494
vn -0.928201 0.282670 0.241950
vn -0.962211 0.165316 0.216382
vn -0.975864 0.090422 0.198781
vn -0.983579 0.014314 0.179909
vn -0.322974 0.931782 0.165741
vn -0.911844 0.345153 0.222284
vn -0.918441 0.357999 0.168235
vn -0.677047 0.701973 0.221000
vn -0.680435 0.709604 0.182947
vn -0.346816 0.913527 0.212573
f 200//200 199//199 201//201
f 212//212 188//188 187//187
f 212//212 189//189 188//188
f 212//212 190//190 189//189
f 212//212 191//191 190//190
f 212//212 187//187 200//200
f 213//213 184//184 185//185
f 213//213 205//205 206//206
f 213//213 206//206 207//207
f 213//213 207//207 208//208
f 213//213 208//208 209//209
f 213//213 209//209 210//210
f 213//213 210//210 211//211
f 213//213 211//211 184//184
f 214//214 185//185 186//186
f 214//214 195//195 194//194
f 214//214 196//196 195//195
f 214//214 197//197 196//196
f 214//214 198//198 197//197
f 214//214 186//186 198//198
f 214//214 213//213 185//185
f 215//215 203//203 204//204
f 215//215 204//204 205//205
f 215//215 205//205 213//213
f 215//215 213//213 214//214
f 216//216 192//192 191//191
f 216//216 193//193 192//192
f 216//216 194//194 193//193
f 216//216 214//214 194//194
f 216//216 215//215 214//214
f 216//216 191//191 212//212
f 217//217 201//201 202//202
f 217//217 202//202 203//203
f 217//217 200//200 201//201
f 217//217 215//215 216//216
f 217//217 216//216 212//212
f 217//217 203//203 215//215
f 217//217 212//212 200//200
v 290.322601 369.221741 863.845337
v 291.710236 367.283905 872.351013
v 292.919464 366.081726 881.397888
v 326.772278 365.419250 878.566711
v 323.814819 369.221222 857.939636
v 325.412781 366.841034 868.022400
v 323.644928 369.221222 857.969543
vn 0.045866 0.964496 0.260084
vn 0.034971 0.984579 0.171409
vn 0.026673 0.995951 0.085851
vn 0.026472 0.996159 0.083466
vn 0.047516 0.961832 0.269483
vn 0.035608 0.983614 0.176736
vn 0.047509 0.961844 0.269444
f 223//223 222//222 224//224
f 219//219 221//221 223//223
f 219//219 224//224 218//218
f 219//219 223//223 224//224
f 220//220 221//221 219//219
v 335.094513 357.630493 852.797058
v 335.014679 359.583405 853.342468
v 334.598511 361.489044 853.934387
v 333.857727 363.278503 854.551880
v 332.815735 364.902161 855.177368
v 331.503845 366.318024 855.793945
v 329.953186 367.485779 856.385071
v 328.246613 368.360046 856.923828
v 326.401764 368.936829 857.406067
v 325.119629 369.149933 857.690125
v 323.814819 369.221222 857.939636
v 325.412781 366.841034 868.022400
v 326.772278 365.419250 878.566711
v 338.437347 353.419769 876.448303
v 338.371307 354.958954 876.603088
v 338.102203 356.475586 876.772339
v 337.634796 357.943604 876.953064
v 336.975494 359.337433 877.142334
v 336.137207 360.634186 877.336731
v 335.134521 361.811432 877.532959
v 333.983215 362.848083 877.727722
v 332.704224 363.727844 877.917664
v 331.319641 364.435669 878.099548
v 329.852325 364.958008 878.270203
v 328.327820 365.287720 878.426819
v 336.905396 354.966156 864.394958
v 335.201050 360.942230 859.858398
v 328.832367 367.104156 862.218872
v 336.933807 358.552551 871.195496
v 330.662415 365.022644 872.741699
v 332.660095 364.666351 861.088745
v 333.703064 363.301392 866.331116
v 336.153137 359.465546 865.318970
v 329.930969 365.890594 867.279480
v 334.457306 362.410156 871.988159
vn 0.984981 -0.000282 -0.172663
vn 0.978713 0.162245 -0.125686
vn 0.944472 0.319981 -0.074732
vn 0.882774 0.469329 -0.020971
vn 0.796801 0.603342 0.032960
vn 0.687122 0.721356 0.086651
vn 0.558791 0.817832 0.137488
vn 0.416430 0.890388 0.183836
vn 0.262701 0.938297 0.224915
vn 0.156583 0.955849 0.248664
vn 0.047516 0.961832 0.269483
vn 0.035608 0.983614 0.176736
vn 0.026472 0.996159 0.083466
vn 0.992957 -0.012699 -0.117797
vn 0.987077 0.119751 -0.106486
vn 0.964091 0.248660 -0.093255
vn 0.924151 0.373953 -0.078132
vn 0.868261 0.492277 -0.061525
vn 0.798254 0.600718 -0.043916
vn 0.714262 0.699420 -0.025342
vn 0.618412 0.785829 -0.006306
vn 0.513395 0.858059 0.012671
vn 0.399150 0.916342 0.031573
vn 0.278424 0.959161 0.049904
vn 0.154266 0.985741 0.067200
vn 0.990153 -0.009004 -0.139702
vn 0.916287 0.397284 -0.050828
vn 0.386503 0.909445 0.153379
vn 0.925586 0.372242 -0.068749
vn 0.403866 0.912115 0.070273
vn 0.704496 0.707540 0.055426
vn 0.721926 0.691500 0.025505
vn 0.926673 0.370647 -0.062431
vn 0.409058 0.905890 0.109702
vn 0.718062 0.695979 0.000756
f 251//251 225//225 226//226
f 251//251 226//226 227//227
f 251//251 227//227 228//228
f 251//251 228//228 229//229
f 251//251 250//250 225//225
f 252//252 231//231 232//232
f 252//252 232//232 233//233
f 252//252 233//233 234//234
f 252//252 234//234 235//235
f 252//252 235//235 236//236
f 253//253 239//239 238//238
f 253//253 240//240 239//239
f 253//253 241//241 240//240
f 253//253 242//242 241//241
f 253//253 238//238 250//250
f 254//254 236//236 237//237
f 254//254 246//246 245//245
f 254//254 247//247 246//246
f 254//254 248//248 247//247
f 254//254 249//249 248//248
f 254//254 237//237 249//249
f 255//255 229//229 230//230
f 255//255 230//230 231//231
f 255//255 251//251 229//229
f 255//255 256//256 251//251
f 255//255 231//231 252//252
f 257//257 253//253 250//250
f 257//257 251//251 256//256
f 257//257 250//250 251//251
f 257//257 256//256 253//253
f 258//258 255//255 252//252
f 258//258 236//236 254//254
f 258//258 252//252 236//236
f 258//258 256//256 255//255
f 259//259 243//243 242//242
f 259//259 244//244 243//243
f 259//259 245//245 244//244
f 259//259 258//258 254//254
f 259//259 242//242 253//253
f 259//259 254//254 245//245
f 259//259 253//253 256//256
f 259//259 256//256 258//258
v 335.094513 357.630493 852.797058
v 336.905396 354.966156 864.394958
v 338.437347 353.419769 876.448303
v 338.295776 347.537018 875.888733
v 334.823578 351.834991 851.268005
v 336.703979 349.106812 863.344543
vn 0.984981 -0.000282 -0.172663
vn 0.990153 -0.009004 -0.139702
vn 0.992957 -0.012699 -0.117797
vn 0.992963 -0.012681 -0.117742
vn 0.985092 -0.000430 -0.172030
vn 0.990207 -0.009050 -0.139311
f 265//265 264//264 260//260
f 261//261 265//265 260//260
f 263//263 265//265 261//261
f 262//262 263//263 261//261
usemtl mat_1
v 339.422089 387.169067 860.070923
v 331.035522 400.110016 812.508362
v 268.007813 400.110016 823.621826
v 276.394379 387.169067 871.184387
vn 0.044943 0.965926 0.254887
vn 0.044943 0.965926 0.254887
vn 0.044943 0.965926 0.254887
vn 0.044943 0.965926 0.254887
f 268//268 266//266 267//267
f 268//268 269//269 266//266
v 268.007813 400.110016 823.621826
v 265.895477 354.711517 811.642151
v 276.394379 387.169067 871.184387
v 274.282043 341.770538 859.204712
vn -0.984808 0.000000 0.173648
vn -0.984808 0.000000 0.173648
vn -0.984808 0.000000 0.173648
vn -0.984808 0.000000 0.173648
f 271//271 273//273 272//272
f 270//270 271//271 272//272
v 274.282043 341.770538 859.204712
v 283.193298 341.770538 857.633423
v 265.895477 354.711517 811.642151
v 233.396820 354.711517 817.372559
v 243.125229 339.700012 872.545105
v 285.172913 339.700012 865.130981
vn 0.044943 0.965926 0.254887
vn 0.044943 0.965926 0.254887
vn 0.044943 0.965926 0.254887
vn 0.044943 0.965926 0.254887
vn 0.044943 0.965926 0.254887
vn 0.044943 0.965926 0.254887
f 274//274 279//279 275//275
f 278//278 279//279 274//274
f 277//277 274//274 276//276
f 277//277 278//278 274//274
usemtl mat_2
v 335.014160 339.700226 875.396057
v 336.219971 341.176636 875.440857
v 337.172089 342.822906 875.522888
v 337.678955 344.073059 875.602783
v 338.053619 345.445465 875.705444
v 338.222260 346.486053 875.792664
v 338.295776 347.537018 875.888733
v 340.893860 347.506683 897.843567
v 337.701172 339.700012 898.119141
v 338.895020 341.171448 898.038513
v 339.830780 342.811920 897.967773
v 340.325012 344.062286 897.924438
v 340.681854 345.429413 897.885986
v 340.835693 346.463074 897.862549
vn 0.716059 -0.684971 -0.134438
vn 0.817421 -0.559392 -0.137486
vn 0.897918 -0.418364 -0.136806
vn 0.941174 -0.310224 -0.133984
vn 0.972740 -0.192722 -0.128979
vn 0.986872 -0.103555 -0.123937
vn 0.992963 -0.012681 -0.117742
vn 0.991389 -0.011326 -0.130461
vn 0.720252 -0.691942 -0.049530
vn 0.821473 -0.565763 -0.071381
vn 0.901376 -0.423263 -0.091489
vn 0.943939 -0.313162 -0.104446
vn 0.974122 -0.193796 -0.116313
vn 0.986891 -0.103407 -0.123908
f 289//289 280//280 281//281
f 289//289 288//288 280//280
f 290//290 281//281 282//282
f 290//290 289//289 281//281
f 291//291 282//282 283//283
f 291//291 290//290 282//282
f 292//292 283//283 284//284
f 292//292 291//291 283//283
f 293//293 284//284 285//285
f 293//293 292//292 284//284
f 287//287 285//285 286//286
f 287//287 293//293 285//285
v 337.701172 339.700012 898.119141
v 338.895020 341.171448 898.038513
v 339.830780 342.811920 897.967773
v 340.325012 344.062286 897.924438
v 340.681854 345.429413 897.885986
v 340.835693 346.463074 897.862549
v 340.893860 347.506683 897.843567
v 343.234802 348.969604 912.410522
v 346.387970 350.751892 924.974304
v 334.530304 339.224274 926.833801
v 336.563507 339.388763 926.582703
v 338.536102 339.887054 926.326416
v 339.962158 340.483643 926.132263
v 341.274445 341.243195 925.945801
v 342.474884 342.160187 925.766846
v 343.542419 343.220734 925.598633
v 344.459656 344.407257 925.443787
v 345.212341 345.699219 925.304810
v 345.786407 347.075897 925.184143
v 346.172516 348.514709 925.083862
v 346.336395 349.627747 925.022522
v 333.856293 338.915253 924.580444
v 338.237152 339.700012 923.807922
v 336.817139 339.254272 924.058411
v 335.341949 338.990265 924.318359
v 340.668549 341.389008 917.402222
v 343.252899 345.125000 917.002502
v 341.156219 343.961060 905.557983
v 342.776154 344.830963 914.873901
vn 0.720252 -0.691942 -0.049530
vn 0.821473 -0.565763 -0.071381
vn 0.901376 -0.423263 -0.091489
vn 0.943939 -0.313162 -0.104446
vn 0.974122 -0.193796 -0.116313
vn 0.986891 -0.103407 -0.123908
vn 0.991389 -0.011326 -0.130461
vn 0.981077 -0.009409 -0.193387
vn 0.954159 -0.006504 -0.299230
vn 0.012877 -0.991225 0.131554
vn 0.172922 -0.981488 0.082340
vn 0.328749 -0.943948 0.029778
vn 0.443568 -0.896157 -0.012276
vn 0.548759 -0.834253 -0.053716
vn 0.645702 -0.757658 -0.094987
vn 0.733025 -0.666560 -0.135548
vn 0.807045 -0.564385 -0.173631
vn 0.867294 -0.451852 -0.208879
vn 0.912806 -0.329887 -0.240748
vn 0.941731 -0.203502 -0.267824
vn 0.952670 -0.105868 -0.284976
vn 0.010537 -0.991058 0.133015
vn 0.363866 -0.931051 0.027310
vn 0.248426 -0.966518 0.064240
vn 0.130169 -0.986479 0.099580
vn 0.688159 -0.723063 -0.060145
vn 0.903760 -0.399266 -0.154287
vn 0.919201 -0.378574 -0.108407
vn 0.905742 -0.399690 -0.140995
f 303//303 315//315 318//318
f 304//304 318//318 317//317
f 304//304 303//303 318//318
f 305//305 317//317 316//316
f 305//305 304//304 317//317
f 306//306 305//305 316//316
f 307//307 306//306 316//316
f 308//308 307//307 316//316
f 319//319 309//309 308//308
f 319//319 310//310 309//309
f 319//319 316//316 294//294
f 319//319 308//308 316//316
f 320//320 301//301 302//302
f 320//320 311//311 310//310
f 320//320 312//312 311//311
f 320//320 313//313 312//312
f 320//320 314//314 313//313
f 320//320 302//302 314//314
f 320//320 310//310 319//319
f 321//321 294//294 295//295
f 321//321 295//295 296//296
f 321//321 296//296 297//297
f 321//321 297//297 298//298
f 321//321 298//298 299//299
f 321//321 299//299 300//300
f 321//321 300//300 301//301
f 321//321 319//319 294//294
f 322//322 321//321 301//301
f 322//322 319//319 321//321
f 322//322 301//301 320//320
f 322//322 320//320 319//319
usemtl mat_1
v 333.856293 338.915253 924.580444
v 333.252594 338.922699 924.686829
v 300.651093 339.276855 930.435364
v 299.293518 339.366119 930.674744
v 298.447968 339.503143 930.823792
v 297.613434 339.700012 930.970947
v 254.759659 339.700012 938.527222
v 254.759659 336.500000 938.527222
v 382.784668 336.500000 915.953003
v 382.784668 339.700012 915.953003
v 338.237152 339.700012 923.807922
v 336.817139 339.254272 924.058411
v 335.341949 338.990265 924.318359
vn 0.173648 -0.000000 0.984808
vn 0.173648 -0.000000 0.984808
vn 0.173648 -0.000000 0.984808
vn 0.173648 -0.000000 0.984808
vn 0.173648 -0.000000 0.984808
vn 0.173648 -0.000000 0.984808
vn 0.173648 -0.000000 0.984808
vn 0.173648 -0.000000 0.984808
vn 0.173648 -0.000000 0.984808
vn 0.173648 -0.000000 0.984808
vn 0.173648 -0.000000 0.984808
vn 0.173648 -0.000000 0.984808
vn 0.173648 -0.000000 0.984808
f 333//333 331//331 332//332
f 334//334 331//331 333//333
f 330//330 326//326 327//327
f 330//330 327//327 328//328
f 329//329 330//330 328//328
f 330//330 331//331 323//323
f 323//323 331//331 335//335
f 335//335 331//331 334//334
f 330//330 323//323 324//324
f 330//330 324//324 325//325
f 330//330 325//325 326//326
v 382.784668 336.500000 915.953003
v 371.077087 336.500000 849.555969
v 254.759659 336.500000 938.527222
v 243.052078 336.500000 872.130249
v 325.401031 336.500000 870.319519
v 300.778870 336.500000 877.883484
v 292.537018 336.500000 881.275269
v 292.408569 336.500000 881.350830
v 292.286285 336.500000 881.454346
v 292.131104 336.500000 881.635742
v 291.928070 336.500000 881.976929
v 291.674591 336.500000 882.635071
v 291.364136 336.500000 884.224854
v 291.242920 336.500000 886.450317
v 291.429230 336.500000 889.768677
v 292.033386 336.500000 893.458496
v 293.119690 336.500000 897.038086
v 293.744415 336.500000 898.282654
v 294.115631 336.500000 898.793701
v 294.270386 336.500000 898.955383
v 294.442535 336.500000 899.098328
v 294.584503 336.500000 899.185425
v 294.736145 336.500000 899.246033
v 297.996826 336.500000 900.092224
v 329.485229 336.500000 904.653992
v 329.677368 336.500000 904.671509
v 329.878815 336.500000 904.670410
v 330.069336 336.500000 904.636292
v 330.261414 336.500000 904.564880
v 330.463409 336.500000 904.447144
v 330.681183 336.500000 904.264160
v 330.957245 336.500000 903.937866
v 331.281494 336.500000 903.385864
v 331.707367 336.500000 902.279602
v 332.142181 336.500000 900.366638
v 332.391724 336.500000 898.425964
v 332.482056 336.500000 890.708862
v 331.633087 336.500000 883.012573
v 330.853088 336.500000 879.226379
v 329.739838 336.500000 875.516418
v 328.788055 336.500000 873.295471
v 327.884583 336.500000 871.791870
v 327.307556 336.500000 871.100525
v 326.849579 336.500000 870.697144
v 326.500519 336.500000 870.476624
v 326.270874 336.500000 870.374512
v 326.077087 336.500000 870.315369
v 325.877747 336.500000 870.281250
v 325.667633 336.500000 870.276672
v 325.533508 336.500000 870.291260
v 355.151581 336.500000 914.724731
v 378.786957 336.500000 910.557190
v 369.236298 336.500000 856.392761
v 345.600922 336.500000 860.560303
v 280.306183 336.500000 927.921997
v 270.755524 336.500000 873.757568
v 247.120148 336.500000 877.925110
v 256.670807 336.500000 932.089539
vn -0.000000 -1.000000 0.000000
vn -0.000000 -1.000000 0.000000
vn -0.000000 -1.000000 0.000000
vn -0.000000 -1.000000 0.000000
vn -0.000000 -1.000000 0.000000
vn -0.000000 -1.000000 0.000000
vn -0.000000 -1.000000 0.000000
vn -0.000000 -1.000000 0.000000
vn -0.000000 -1.000000 0.000000
vn -0.000000 -1.000000 0.000000
vn -0.000000 -1.000000 0.000000
vn -0.000000 -1.000000 0.000000
vn -0.000000 -1.000000 0.000000
vn -0.000000 -1.000000 0.000000
vn -0.000000 -1.000000 0.000000
vn -0.000000 -1.000000 0.000000
vn -0.000000 -1.000000 0.000000
vn -0.000000 -1.000000 0.000000
vn -0.000000 -1.000000 0.000000
vn -0.000000 -1.000000 0.000000
vn -0.000000 -1.000000 0.000000
vn -0.000000 -1.000000 0.000000
vn -0.000000 -1.000000 0.000000
vn -0.000000 -1.000000 0.000000
vn -0.000000 -1.000000 0.000000
vn -0.000000 -1.000000 0.000000
vn -0.000000 -1.000000 0.000000
vn -0.000000 -1.000000 0.000000
vn -0.000000 -1.000000 0.000000
vn -0.000000 -1.000000 0.000000
vn -0.000000 -1.000000 0.000000
vn -0.000000 -1.000000 0.000000
vn -0.000000 -1.000000 0.000000
vn -0.000000 -1.000000 0.000000
vn -0.000000 -1.000000 0.000000
vn -0.000000 -1.000000 0.000000
vn -0.000000 -1.000000 0.000000
vn -0.000000 -1.000000 0.000000
vn -0.000000 -1.000000 0.000000
vn -0.000000 -1.000000 0.000000
vn -0.000000 -1.000000 0.000000
vn -0.000000 -1.000000 0.000000
vn -0.000000 -1.000000 0.000000
vn -0.000000 -1.000000 0.000000
vn -0.000000 -1.000000 0.000000
vn -0.000000 -1.000000 0.000000
vn -0.000000 -1.000000 0.000000
vn -0.000000 -1.000000 0.000000
vn -0.000000 -1.000000 0.000000
vn -0.000000 -1.000000 0.000000
vn -0.000000 -1.000000 0.000000
vn -0.000000 -1.000000 0.000000
vn -0.000000 -1.000000 0.000000
vn -0.000000 -1.000000 0.000000
vn -0.000000 -1.000000 0.000000
vn -0.000000 -1.000000 0.000000
vn -0.000000 -1.000000 0.000000
vn -0.000000 -1.000000 0.000000
f 389//389 337//337 388//388
f 380//380 389//389 379//379
f 381//381 389//389 380//380
f 378//378 379//379 389//389
f 382//382 389//389 381//381
f 383//383 389//389 382//382
f 377//377 378//378 389//389
f 384//384 389//389 383//383
f 385//385 389//389 384//384
f 340//340 389//389 385//385
f 376//376 377//377 389//389
f 375//375 376//376 389//389
f 374//374 375//375 389//389
f 336//336 387//387 388//388
f 336//336 388//388 337//337
f 373//373 374//374 389//389
f 372//372 373//373 389//389
f 386//386 371//371 372//372
f 386//386 387//387 336//336
f 386//386 372//372 389//389
f 370//370 371//371 386//386
f 369//369 370//370 386//386
f 368//368 369//369 386//386
f 367//367 368//368 386//386
f 366//366 367//367 386//386
f 365//365 366//366 386//386
f 364//364 365//365 386//386
f 363//363 364//364 386//386
f 362//362 363//363 386//386
f 361//361 362//362 386//386
f 360//360 361//361 386//386
f 391//391 340//340 341//341
f 391//391 341//341 342//342
f 391//391 342//342 343//343
f 391//391 343//343 344//344
f 391//391 344//344 345//345
f 391//391 345//345 346//346
f 391//391 346//346 347//347
f 391//391 347//347 348//348
f 391//391 348//348 349//349
f 391//391 389//389 340//340
f 350//350 391//391 349//349
f 351//351 391//391 350//350
f 392//392 339//339 391//391
f 390//390 351//351 352//352
f 390//390 352//352 353//353
f 390//390 353//353 354//354
f 390//390 354//354 355//355
f 390//390 355//355 356//356
f 390//390 356//356 357//357
f 390//390 357//357 358//358
f 390//390 358//358 359//359
f 390//390 359//359 360//360
f 390//390 360//360 386//386
f 338//338 392//392 393//393
f 338//338 393//393 390//390
f 336//336 338//338 386//386
f 386//386 338//338 390//390
f 338//338 339//339 392//392
f 339//339 337//337 389//389
f 339//339 389//389 391//391
f 390//390 391//391 351//351
v 371.077087 336.500000 849.555969
v 361.278015 351.620544 793.982666
v 243.052078 336.500000 872.130249
v 233.252991 351.620544 816.556946
vn -0.044943 -0.965926 -0.254887
vn -0.044943 -0.965926 -0.254887
vn -0.044943 -0.965926 -0.254887
vn -0.044943 -0.965926 -0.254887
f 396//396 395//395 394//394
f 396//396 397//397 395//395
v 254.759659 336.500000 938.527222
v 243.052078 336.500000 872.130249
v 233.252991 351.620544 816.556946
v 233.396820 354.711517 817.372559
v 243.125229 339.700012 872.545105
v 254.759659 339.700012 938.527222
vn -0.984808 0.000000 0.173648
vn -0.984808 0.000000 0.173648
vn -0.984808 0.000000 0.173648
vn -0.984808 0.000000 0.173648
vn -0.984808 0.000000 0.173648
vn -0.984808 0.000000 0.173648
f 402//402 398//398 403//403
f 399//399 398//398 402//402
f 400//400 402//402 401//401
f 400//400 399//399 402//402
usemtl mat_2
v 255.980209 392.164886 670.000000
v 271.468597 365.846313 813.689087
v 259.563049 385.368347 670.000000
v 258.585144 386.313599 670.000000
v 257.765900 387.347046 670.000000
v 257.112579 388.422211 670.000000
v 256.563080 389.648956 670.000000
v 256.189178 390.890167 670.000000
v 274.057373 359.026978 811.377136
v 273.251862 359.975342 811.777222
v 272.586761 361.023895 812.179810
v 272.068695 362.152985 812.578369
v 271.703491 363.349792 812.968384
v 271.501007 364.588043 813.341003
v 264.902313 377.539825 744.071594
v 265.159332 376.907440 744.051941
v 265.433502 376.339966 743.893738
vn -0.986801 -0.094758 0.131319
vn -0.991023 0.007628 0.133476
vn -0.644006 -0.765019 -0.001678
vn -0.741859 -0.670113 0.024384
vn -0.820749 -0.569230 0.048460
vn -0.882137 -0.465717 0.070303
vn -0.933210 -0.347235 0.092455
vn -0.967864 -0.224851 0.112612
vn -0.728191 -0.681690 -0.070977
vn -0.811962 -0.582630 -0.035495
vn -0.878999 -0.476824 -0.000543
vn -0.930350 -0.365112 0.033791
vn -0.966668 -0.246917 0.067712
vn -0.987300 -0.122618 0.101014
vn -0.937764 -0.346727 0.019460
vn -0.913653 -0.406459 0.005387
vn -0.886534 -0.462591 -0.008201
f 418//418 405//405 404//404
f 418//418 407//407 406//406
f 418//418 408//408 407//407
f 418//418 409//409 408//408
f 418//418 410//410 409//409
f 418//418 411//411 410//410
f 418//418 404//404 411//411
f 419//419 415//415 416//416
f 419//419 416//416 417//417
f 419//419 417//417 405//405
f 419//419 405//405 418//418
f 420//420 406//406 412//412
f 420//420 412//412 413//413
f 420//420 413//413 414//414
f 420//420 414//414 415//415
f 420//420 418//418 406//406
f 420//420 415//415 419//419
f 420//420 419//419 418//418
v 280.898468 356.218201 809.406677
v 279.225159 356.359985 809.740295
v 277.610687 356.781891 810.139771
v 276.103882 357.465363 810.591431
v 275.023041 358.175446 810.975220
v 274.057373 359.026978 811.377136
v 259.563049 385.368347 670.000000
v 266.868866 382.998871 669.999939
v 265.551422 382.988342 670.000000
v 264.245667 383.151764 670.000000
v 262.966949 383.482330 670.000000
v 261.753632 383.965759 670.000000
v 260.612244 384.597015 670.000061
v 270.027283 371.993042 743.035828
v 270.633453 371.732269 743.012878
v 271.259521 371.527252 742.885620
vn -0.038197 -0.971510 -0.233900
vn -0.210788 -0.955352 -0.207055
vn -0.371109 -0.911936 -0.175074
vn -0.519581 -0.843138 -0.138399
vn -0.628023 -0.770912 -0.106214
vn -0.728191 -0.681690 -0.070977
vn -0.644006 -0.765019 -0.001678
vn 0.075401 -0.988165 -0.133581
vn -0.058748 -0.991650 -0.114798
vn -0.187166 -0.977767 -0.094559
vn -0.310425 -0.947793 -0.072969
vn -0.427120 -0.902789 -0.050399
vn -0.538571 -0.842159 -0.026622
vn -0.424934 -0.894818 -0.136867
vn -0.366107 -0.918856 -0.147205
vn -0.304317 -0.939531 -0.157073
f 434//434 426//426 427//427
f 434//434 429//429 428//428
f 434//434 430//430 429//429
f 434//434 431//431 430//430
f 434//434 432//432 431//431
f 434//434 433//433 432//432
f 434//434 427//427 433//433
f 435//435 423//423 424//424
f 435//435 424//424 425//425
f 435//435 425//425 426//426
f 435//435 426//426 434//434
f 436//436 421//421 422//422
f 436//436 422//422 423//423
f 436//436 428//428 421//421
f 436//436 434//434 428//428
f 436//436 435//435 434//434
f 436//436 423//423 435//435
v 266.868866 382.998871 669.999939
v 280.898468 356.218201 809.406677
v 301.689667 385.516968 670.000000
v 315.365936 356.327179 803.358765
vn 0.075401 -0.988165 -0.133581
vn -0.038197 -0.971510 -0.233900
vn 0.067423 -0.984638 -0.161065
vn -0.042468 -0.964610 -0.260238
f 438//438 437//437 439//439
f 440//440 438//438 439//439
v 301.689667 385.516968 670.000000
v 315.365936 356.327179 803.358765
v 301.700836 385.517761 670.000000
v 303.875458 385.923767 670.000000
v 302.920319 385.682007 670.000000
v 302.313263 385.580353 670.000000
v 306.855682 387.423248 670.000000
v 305.920227 386.812561 670.000000
v 304.922607 386.310822 670.000000
v 308.469330 388.925507 669.999939
v 307.795166 388.211670 669.999939
v 307.337921 387.802551 670.000000
v 322.450989 359.177521 802.885010
v 321.445404 358.343964 802.835571
v 320.341675 357.643066 802.839478
v 319.163086 357.082336 802.894714
v 317.928070 356.671600 803.000732
v 316.655579 356.416199 803.155579
vn 0.067423 -0.984638 -0.161065
vn -0.042469 -0.964610 -0.260238
vn 0.068584 -0.984534 -0.161213
vn 0.288437 -0.939439 -0.185092
vn 0.193290 -0.965274 -0.175744
vn 0.131724 -0.976794 -0.168884
vn 0.580898 -0.788353 -0.202624
vn 0.488607 -0.849462 -0.199191
vn 0.391148 -0.899789 -0.193346
vn 0.746395 -0.634163 -0.201822
vn 0.675890 -0.708354 -0.203487
vn 0.629271 -0.750084 -0.203448
vn 0.670831 -0.686805 -0.279795
vn 0.566794 -0.771462 -0.289122
vn 0.456279 -0.840161 -0.293153
vn 0.340125 -0.893810 -0.292264
vn 0.218395 -0.932828 -0.286594
vn 0.090859 -0.956845 -0.276029
f 442//442 441//441 443//443
f 442//442 445//445 444//444
f 442//442 446//446 445//445
f 442//442 443//443 446//446
f 442//442 449//449 448//448
f 442//442 444//444 449//449
f 458//458 442//442 448//448
f 457//457 448//448 447//447
f 457//457 458//458 448//448
f 456//456 447//447 452//452
f 456//456 457//457 447//447
f 455//455 452//452 451//451
f 455//455 456//456 452//452
f 454//454 455//455 451//451
f 453//453 451//451 450//450
f 453//453 454//454 451//451
v 310.759674 396.191345 670.000000
v 325.629303 366.013916 804.184692
v 325.487244 364.751984 803.866394
v 325.178101 363.513855 803.583984
v 324.710846 362.319275 803.341370
v 324.095428 361.184998 803.141235
v 323.338867 360.131836 802.988098
v 322.450989 359.177521 802.885010
v 308.469330 388.925507 669.999939
v 309.150909 389.833923 670.000000
v 310.767303 394.567749 669.999939
v 310.511292 392.965729 669.999939
v 310.002625 391.426392 669.999939
v 309.613373 390.610443 670.000000
vn 0.988300 0.087293 -0.125076
vn 0.990683 -0.006639 -0.136023
vn 0.976058 -0.136161 -0.169617
vn 0.945108 -0.259040 -0.199172
vn 0.899175 -0.375366 -0.224909
vn 0.838549 -0.485611 -0.247016
vn 0.762776 -0.589680 -0.265424
vn 0.670831 -0.686805 -0.279795
vn 0.746395 -0.634163 -0.201822
vn 0.817961 -0.540384 -0.197295
vn 0.985764 -0.076639 -0.149649
vn 0.957519 -0.233228 -0.169593
vn 0.905220 -0.382483 -0.185156
vn 0.865536 -0.462609 -0.191939
f 465//465 466//466 467//467
f 464//464 467//467 468//468
f 464//464 465//465 467//467
f 463//463 468//468 472//472
f 463//463 464//464 468//468
f 462//462 463//463 472//472
f 461//461 472//472 471//471
f 461//461 462//462 472//472
f 460//460 469//469 459//459
f 460//460 470//470 469//469
f 460//460 471//471 470//470
f 460//460 461//461 471//471
v 310.359619 400.647308 670.000061
v 310.759674 396.191345 670.000000
v 310.309296 401.204468 670.000000
v 325.836609 370.841064 805.461487
v 325.834991 370.801697 805.451050
v 325.646637 366.427856 804.294250
v 325.629303 366.013916 804.184692
vn 0.987703 0.089182 -0.128413
vn 0.988237 0.088214 -0.124926
vn 0.987635 0.089303 -0.128848
vn 0.990121 -0.005558 -0.140102
vn 0.990126 -0.005566 -0.140069
vn 0.990636 -0.006545 -0.136374
vn 0.990683 -0.006638 -0.136023
f 478//478 479//479 474//474
f 477//477 478//478 474//474
f 476//476 474//474 473//473
f 476//476 473//473 475//475
f 476//476 477//477 474//474
v 310.309296 401.204468 670.000000
v 325.836609 370.841064 805.461487
v 306.742462 408.076141 670.000000
v 307.971893 406.824829 670.000000
v 308.961823 405.399750 670.000000
v 309.684570 403.882996 670.000000
v 310.086639 402.574036 670.000061
v 323.246460 377.658081 807.773010
v 323.967926 376.822632 807.418457
v 324.795166 375.516266 806.917175
v 325.392090 374.088501 806.423462
v 325.745697 372.578949 805.950378
v 325.831940 371.715271 805.700195
vn 0.987635 0.089303 -0.128848
vn 0.990121 -0.005558 -0.140102
vn 0.649143 0.760414 0.019592
vn 0.770898 0.636753 -0.016198
vn 0.864524 0.500113 -0.049856
vn 0.931251 0.355277 -0.080934
vn 0.968028 0.227690 -0.105254
vn 0.729941 0.678430 0.083182
vn 0.804671 0.591691 0.049045
vn 0.887455 0.460890 0.001778
vn 0.946047 0.320945 -0.044607
vn 0.980964 0.171972 -0.090198
vn 0.989706 0.084810 -0.115276
f 492//492 481//481 480//480
f 491//491 492//492 480//480
f 490//490 491//491 480//480
f 489//489 490//490 480//480
f 488//488 489//489 480//480
f 487//487 483//483 482//482
f 487//487 484//484 483//483
f 487//487 485//485 484//484
f 487//487 486//486 485//485
f 487//487 480//480 486//486
f 487//487 488//488 480//480
v 316.405823 380.462952 809.742371
v 316.446686 380.462921 809.735107
v 317.943909 380.344666 809.438965
v 319.397797 380.001190 809.089172
v 320.773407 379.443878 808.694946
v 322.041077 378.685669 808.265137
v 322.667267 378.197968 808.022034
v 323.246460 377.658081 807.773010
v 306.742462 408.076141 670.000000
v 302.292023 410.285645 670.000000
v 303.892029 409.791077 670.000000
v 305.381348 409.053528 670.000000
v 299.416077 410.504425 669.999939
v 300.379822 410.524902 670.000549
v 301.341309 410.450958 670.000305
vn 0.042048 0.965378 0.257443
vn 0.046353 0.965344 0.256831
vn 0.200937 0.951845 0.231551
vn 0.345576 0.916450 0.201733
vn 0.480556 0.860771 0.167748
vn 0.606086 0.784783 0.129520
vn 0.669707 0.734874 0.107017
vn 0.729941 0.678430 0.083182
vn 0.649143 0.760414 0.019592
vn 0.216065 0.969837 0.112837
vn 0.369617 0.925366 0.084148
vn 0.513498 0.856435 0.053290
vn -0.070592 0.985120 0.156700
vn 0.027936 0.989333 0.142970
vn 0.123532 0.984010 0.128311
f 499//499 500//500 501//501
f 498//498 499//499 501//501
f 497//497 498//498 501//501
f 496//496 497//497 501//501
f 495//495 496//496 501//501
f 494//494 495//495 501//501
f 493//493 503//503 502//502
f 493//493 504//504 503//503
f 493//493 501//501 504//504
f 493//493 506//506 505//505
f 493//493 507//507 506//506
f 493//493 502//502 507//507
f 493//493 494//494 501//501
v 281.943054 380.358307 815.790588
v 316.405823 380.462952 809.742371
v 299.416077 410.504425 669.999939
v 264.499054 407.867554 670.000061
vn 0.037855 0.972070 0.231616
vn 0.042048 0.965378 0.257443
vn -0.070592 0.985120 0.156700
vn -0.078607 0.988428 0.129738
f 508//508 509//509 510//510
f 508//508 510//510 511//511
v 264.499054 407.867554 670.000061
v 281.943054 380.358307 815.790588
v 264.031616 407.818848 670.000000
v 258.143402 404.850159 670.000000
v 259.366943 405.929657 670.000000
v 260.751953 406.792572 670.000061
v 262.257843 407.419739 670.000122
v 263.135406 407.660278 670.000061
v 257.732666 404.391296 670.000000
v 274.857758 377.509918 816.264954
v 275.864075 378.343201 816.314209
v 276.967285 379.043701 816.310303
v 278.147064 379.603546 816.254578
v 279.385620 380.015381 816.148254
v 280.657410 380.269257 815.993042
v 260.782990 406.780609 670.142639
v 260.574188 406.673248 670.127441
vn -0.078607 0.988428 0.129738
vn 0.037854 0.972070 0.231616
vn -0.126777 0.982540 0.136171
vn -0.710121 0.678800 0.186971
vn -0.586621 0.789243 0.181583
vn -0.451153 0.875784 0.171648
vn -0.304351 0.939468 0.157384
vn -0.217416 0.964869 0.147503
vn -0.753049 0.630624 0.187699
vn -0.673380 0.691588 0.261277
vn -0.569838 0.776891 0.267814
vn -0.459768 0.846143 0.269549
vn -0.344000 0.900265 0.266809
vn -0.222593 0.939687 0.259695
vn -0.095308 0.964042 0.248070
vn -0.450195 0.876278 0.171641
vn -0.470274 0.865334 0.173319
f 526//526 513//513 512//512
f 525//525 526//526 512//512
f 524//524 525//525 512//512
f 523//523 524//524 512//512
f 522//522 523//523 512//512
f 521//521 522//522 512//512
f 527//527 512//512 514//514
f 527//527 518//518 517//517
f 527//527 519//519 518//518
f 527//527 514//514 519//519
f 527//527 520//520 521//521
f 527//527 521//521 512//512
f 528//528 516//516 515//515
f 528//528 517//517 516//516
f 528//528 515//515 520//520
f 528//528 527//527 517//517
f 528//528 520//520 527//527
v 257.732666 404.391296 670.000000
v 274.857758 377.509918 816.264954
v 255.500351 397.131683 670.000061
v 255.462158 398.430695 669.999939
v 255.596268 399.724670 670.000061
v 255.897415 400.991150 670.000000
v 256.359253 402.206696 670.000000
v 256.966949 403.336273 670.000000
v 271.677826 370.674133 814.965759
v 271.818695 371.931335 815.282959
v 272.128082 373.170013 815.565430
v 272.594574 374.364105 815.808044
v 273.211365 375.499939 816.008362
v 273.968903 376.555573 816.161987
v 255.920059 400.974152 670.149780
v 264.865387 389.394684 745.619751
v 264.647034 388.789856 745.519226
vn -0.753049 0.630624 0.187699
vn -0.673380 0.691588 0.261277
vn -0.986118 -0.095856 0.135582
vn -0.987707 0.037034 0.151869
vn -0.972303 0.165498 0.165036
vn -0.941071 0.289282 0.175219
vn -0.894392 0.408372 0.182468
vn -0.832689 0.521327 0.186674
vn -0.990517 0.006630 0.137232
vn -0.976426 0.136600 0.167130
vn -0.945952 0.260416 0.193284
vn -0.900533 0.377492 0.215731
vn -0.840306 0.488684 0.234678
vn -0.764873 0.593699 0.249982
vn -0.941062 0.289380 0.175104
vn -0.926253 0.342701 0.156878
vn -0.947651 0.283282 0.147340
f 543//543 532//532 531//531
f 543//543 533//533 532//532
f 543//543 534//534 533//533
f 543//543 535//535 534//534
f 543//543 536//536 535//535
f 543//543 529//529 536//536
f 544//544 530//530 529//529
f 544//544 540//540 541//541
f 544//544 541//541 542//542
f 544//544 542//542 530//530
f 544//544 543//543 531//531
f 544//544 529//529 543//543
f 545//545 531//531 537//537
f 545//545 537//537 538//538
f 545//545 538//538 539//539
f 545//545 539//539 540//540
f 545//545 540//540 544//544
f 545//545 544//544 531//531
v 255.980209 392.164886 670.000000
v 271.468597 365.846313 813.689087
v 271.652985 370.109406 814.816467
v 271.677826 370.674133 814.965759
v 255.500351 397.131683 670.000061
v 255.552231 396.597382 669.999939
vn -0.986801 -0.094758 0.131319
vn -0.991023 0.007627 0.133476
vn -0.990577 0.006747 0.136794
vn -0.990517 0.006630 0.137232
vn -0.986118 -0.095856 0.135582
vn -0.986192 -0.095739 0.135125
f 549//549 550//550 551//551
f 549//549 551//551 546//546
f 548//548 549//549 546//546
f 547//547 548//548 546//546
v 282.999481 348.404938 900.634338
v 283.100647 346.785309 900.654541
v 283.430420 345.193542 900.663208
v 283.944641 343.747162 900.660706
v 284.603088 342.454712 900.648804
v 285.418579 341.249664 900.627991
v 286.098541 340.443726 900.607544
v 286.849243 339.700012 900.582703
v 280.546661 348.667145 880.718445
v 280.628571 346.990875 880.549011
v 280.951050 345.344116 880.362732
v 281.453461 343.887604 880.180237
v 282.082153 342.619232 880.005737
v 282.860382 341.434509 879.827087
v 283.611328 340.527679 879.677673
v 284.450806 339.699982 879.528748
vn -0.991424 0.011346 0.130192
vn -0.982152 -0.130786 0.135176
vn -0.953382 -0.268561 0.137615
vn -0.908695 -0.394130 0.137601
vn -0.852400 -0.505015 0.135552
vn -0.783920 -0.606749 0.131625
vn -0.726987 -0.674686 0.127625
vn -0.664043 -0.737566 0.122650
vn -0.992096 0.012002 0.124907
vn -0.984808 -0.132112 0.112690
vn -0.957230 -0.272040 0.098510
vn -0.914173 -0.396571 0.083781
vn -0.860971 -0.503921 0.069233
vn -0.795929 -0.602981 0.053954
vn -0.733065 -0.678939 0.040710
vn -0.662636 -0.748452 0.027055
f 553//553 552//552 560//560
f 553//553 560//560 561//561
f 554//554 561//561 562//562
f 554//554 553//553 561//561
f 555//555 562//562 563//563
f 555//555 554//554 562//562
f 556//556 563//563 564//564
f 556//556 555//555 563//563
f 557//557 564//564 565//565
f 557//557 556//556 564//564
f 558//558 565//565 566//566
f 558//558 557//557 565//565
f 559//559 566//566 567//567
f 559//559 558//558 566//566
usemtl mat_1
v 286.849243 339.700012 900.582703
v 284.450806 339.699982 879.528748
v 284.408142 339.700104 872.382202
v 285.172913 339.700012 865.130981
v 243.125229 339.700012 872.545105
v 254.759659 339.700012 938.527222
v 297.613434 339.700012 930.970947
v 294.758301 339.700012 926.031189
v 292.461243 339.700012 920.844421
v 290.548096 339.700012 915.491638
vn 0.000000 1.000000 -0.000000
vn 0.000000 1.000000 -0.000000
vn 0.000000 1.000000 -0.000000
vn 0.000000 1.000000 -0.000000
vn 0.000000 1.000000 -0.000000
vn 0.000000 1.000000 -0.000000
vn 0.000000 1.000000 -0.000000
vn 0.000000 1.000000 -0.000000
vn 0.000000 1.000000 -0.000000
vn 0.000000 1.000000 -0.000000
f 573//573 574//574 575//575
f 573//573 575//575 576//576
f 573//573 576//576 577//577
f 573//573 577//577 568//568
f 572//572 568//568 569//569
f 572//572 569//569 570//570
f 572//572 570//570 571//571
f 572//572 573//573 568//568
usemtl mat_2
v 280.688202 354.549896 881.278015
v 280.546661 348.667145 880.718445
v 282.999481 348.404938 900.634338
v 283.053955 354.240143 900.541260
vn -0.992049 0.011940 0.125289
vn -0.992096 0.012002 0.124907
vn -0.991424 0.011346 0.130192
vn -0.991564 0.011305 0.129127
f 580//580 578//578 579//579
f 580//580 581//581 578//578
v 292.919464 366.081726 881.397888
v 290.875061 365.948151 881.552063
v 288.881805 365.473938 881.668945
v 287.433929 364.890656 881.730652
v 286.095367 364.139618 881.767090
v 284.864380 363.226563 881.779053
v 283.762604 362.165222 881.766113
v 282.807831 360.973236 881.728394
v 282.015106 359.671234 881.666748
v 281.399017 358.280060 881.582031
v 280.969666 356.822540 881.475647
v 280.772766 355.692810 881.382080
v 280.688202 354.549896 881.278015
v 283.053955 354.240143 900.541260
v 295.141144 365.724823 899.777771
v 293.094177 365.584442 899.879089
v 291.103546 365.106445 899.982971
v 289.661102 364.522339 900.061890
v 288.330688 363.772278 900.137939
v 287.110565 362.861938 900.211182
v 286.022064 361.805054 900.280273
v 285.082886 360.619110 900.344177
v 284.307739 359.324707 900.401733
v 283.710968 357.942535 900.452087
v 283.302307 356.495270 900.494324
v 283.121735 355.373993 900.520447
vn 0.026673 0.995951 0.085851
vn -0.141179 0.984322 0.105726
vn -0.304775 0.944526 0.122403
vn -0.425445 0.895183 0.132829
vn -0.536256 0.832234 0.140772
vn -0.638883 0.755239 0.146435
vn -0.732160 0.664469 0.149744
vn -0.812421 0.563290 0.150586
vn -0.879356 0.452246 0.149018
vn -0.932059 0.332012 0.145032
vn -0.968391 0.207256 0.138796
vn -0.984970 0.110617 0.132659
vn -0.992049 0.011940 0.125289
vn -0.991564 0.011305 0.129127
vn 0.013568 0.999101 -0.040162
vn -0.152340 0.988172 -0.017560
vn -0.314117 0.949369 0.005361
vn -0.433600 0.900814 0.022904
vn -0.543474 0.838491 0.039604
vn -0.645357 0.761847 0.055713
vn -0.738009 0.671035 0.071091
vn -0.817667 0.569357 0.085168
vn -0.883881 0.457350 0.097905
vn -0.935609 0.335731 0.109182
vn -0.970633 0.209316 0.118571
vn -0.985966 0.111333 0.124400
f 597//597 582//582 583//583
f 597//597 583//583 584//584
f 597//597 596//596 582//582
f 598//598 597//597 584//584
f 599//599 584//584 585//585
f 599//599 598//598 584//584
f 600//600 585//585 586//586
f 600//600 599//599 585//585
f 601//601 586//586 587//587
f 601//601 600//600 586//586
f 602//602 587//587 588//588
f 602//602 601//601 587//587
f 603//603 588//588 589//589
f 603//603 602//602 588//588
f 604//604 589//589 590//590
f 604//604 603//603 589//589
f 605//605 590//590 591//591
f 605//605 604//604 590//590
f 606//606 591//591 592//592
f 606//606 605//605 591//591
f 607//607 592//592 593//593
f 607//607 606//606 592//592
f 595//595 593//593 594//594
f 595//595 607//607 593//593
v 326.772278 365.419250 878.566711
v 292.919464 366.081726 881.397888
v 295.141144 365.724823 899.777771
v 329.079132 365.198273 898.141785
vn 0.026472 0.996159 0.083466
vn 0.026673 0.995951 0.085851
vn 0.013568 0.999101 -0.040162
vn 0.012786 0.998347 -0.056041
f 610//610 608//608 609//609
f 610//610 611//611 608//608
v 338.437347 353.419769 876.448303
v 338.371307 354.958954 876.603088
v 338.102203 356.475586 876.772339
v 337.634796 357.943604 876.953064
v 336.975494 359.337433 877.142334
v 336.137207 360.634186 877.336731
v 335.134521 361.811432 877.532959
v 333.983215 362.848083 877.727722
v 332.704224 363.727844 877.917664
v 331.319641 364.435669 878.099548
v 329.852325 364.958008 878.270203
v 328.327820 365.287720 878.426819
v 326.772278 365.419250 878.566711
v 329.079132 365.198273 898.141785
v 340.948364 353.341888 897.750488
v 340.859344 354.868195 897.731140
v 340.567108 356.371399 897.722046
v 340.076843 357.825592 897.723267
v 339.395386 359.205536 897.734863
v 338.535980 360.488434 897.756653
v 337.513550 361.652191 897.788147
v 336.344299 362.675934 897.828918
v 335.049377 363.543579 897.878235
v 333.651215 364.240234 897.935181
v 332.172882 364.752655 897.998840
v 330.640076 365.073822 898.068115
vn 0.992957 -0.012699 -0.117797
vn 0.987077 0.119751 -0.106486
vn 0.964091 0.248660 -0.093255
vn 0.924151 0.373953 -0.078132
vn 0.868261 0.492277 -0.061525
vn 0.798254 0.600718 -0.043916
vn 0.714262 0.699420 -0.025342
vn 0.618412 0.785829 -0.006306
vn 0.513395 0.858059 0.012671
vn 0.399150 0.916342 0.031573
vn 0.278424 0.959161 0.049904
vn 0.154266 0.985741 0.067200
vn 0.026472 0.996159 0.083466
vn 0.012786 0.998347 -0.056041
vn 0.991527 -0.011334 -0.129408
vn 0.983013 0.122634 -0.136553
vn 0.957212 0.252704 -0.141018
vn 0.914424 0.378719 -0.142831
vn 0.855895 0.497287 -0.141947
vn 0.783673 0.605541 -0.138479
vn 0.698006 0.703726 -0.132505
vn 0.601140 0.789432 -0.124210
vn 0.495792 0.860941 -0.113891
vn 0.381855 0.918620 -0.101610
vn 0.261984 0.961081 -0.087681
vn 0.139076 0.987625 -0.072488
f 626//626 612//612 613//613
f 627//627 626//626 613//613
f 628//628 613//613 614//614
f 628//628 627//627 613//613
f 629//629 614//614 615//615
f 629//629 628//628 614//614
f 630//630 615//615 616//616
f 630//630 629//629 615//615
f 631//631 616//616 617//617
f 631//631 617//617 618//618
f 631//631 630//630 616//616
f 632//632 618//618 619//619
f 632//632 631//631 618//618
f 633//633 619//619 620//620
f 633//633 632//632 619//619
f 634//634 620//620 621//621
f 634//634 633//633 620//620
f 635//635 621//621 622//622
f 635//635 634//634 621//621
f 636//636 622//622 623//623
f 636//636 635//635 622//622
f 637//637 623//623 624//624
f 637//637 636//636 623//623
f 625//625 637//637 624//624
v 338.295776 347.537018 875.888733
v 338.437347 353.419769 876.448303
v 340.948364 353.341888 897.750488
v 340.893860 347.506683 897.843567
vn 0.992963 -0.012681 -0.117742
vn 0.992957 -0.012699 -0.117797
vn 0.991527 -0.011334 -0.129408
vn 0.991389 -0.011326 -0.130461
f 641//641 638//638 639//639
f 640//640 641//641 639//639
v 340.893860 347.506683 897.843567
v 340.948364 353.341888 897.750488
v 343.241821 354.766479 912.164307
v 346.360718 356.533264 924.761536
v 346.387970 350.751892 924.974304
v 343.234802 348.969604 912.410522
vn 0.991389 -0.011326 -0.130461
vn 0.991527 -0.011334 -0.129408
vn 0.981493 -0.009306 -0.191273
vn 0.955583 -0.006353 -0.294654
vn 0.954159 -0.006504 -0.299230
vn 0.981077 -0.009409 -0.193387
f 647//647 642//642 643//643
f 644//644 647//647 643//643
f 646//646 647//647 644//644
f 645//645 646//646 644//644
v 334.530304 339.224274 926.833801
v 336.563507 339.388763 926.582703
v 338.536102 339.887054 926.326416
v 339.962158 340.483643 926.132263
v 341.274445 341.243195 925.945801
v 342.474884 342.160187 925.766846
v 343.542419 343.220734 925.598633
v 344.459656 344.407257 925.443787
v 345.212341 345.699219 925.304810
v 345.786407 347.075897 925.184143
v 346.172516 348.514709 925.083862
v 346.336395 349.627747 925.022522
v 346.387970 350.751892 924.974304
v 349.153503 351.837036 932.536865
v 337.335815 340.245911 934.620667
v 339.353699 340.416840 934.264832
v 341.313019 340.922211 933.919373
v 342.730560 341.524475 933.669434
v 344.036041 342.289825 933.439209
v 345.231262 343.212616 933.228455
v 346.295258 344.278961 933.040894
v 347.210815 345.471100 932.879456
v 347.963562 346.768494 932.746704
v 348.539520 348.150238 932.645142
v 348.929321 349.593750 932.576416
v 349.097107 350.710022 932.546814
vn 0.012877 -0.991225 0.131554
vn 0.172922 -0.981488 0.082340
vn 0.328749 -0.943948 0.029778
vn 0.443568 -0.896157 -0.012276
vn 0.548759 -0.834253 -0.053716
vn 0.645702 -0.757658 -0.094987
vn 0.733025 -0.666560 -0.135548
vn 0.807045 -0.564385 -0.173631
vn 0.867294 -0.451852 -0.208879
vn 0.912806 -0.329887 -0.240748
vn 0.941731 -0.203502 -0.267824
vn 0.952670 -0.105868 -0.284976
vn 0.954159 -0.006504 -0.299230
vn 0.921313 0.000011 -0.388823
vn 0.019951 -0.993362 0.113288
vn 0.176008 -0.983143 0.049511
vn 0.327664 -0.944637 -0.017243
vn 0.439067 -0.895750 -0.069661
vn 0.540726 -0.832537 -0.120410
vn 0.633922 -0.754493 -0.169951
vn 0.717299 -0.661943 -0.217516
vn 0.787376 -0.558513 -0.260964
vn 0.843806 -0.445055 -0.299864
vn 0.885803 -0.322597 -0.333592
vn 0.911818 -0.196203 -0.360684
vn 0.921051 -0.098854 -0.376686
f 663//663 648//648 649//649
f 663//663 649//649 650//650
f 663//663 662//662 648//648
f 664//664 663//663 650//650
f 665//665 650//650 651//651
f 665//665 664//664 650//650
f 666//666 651//651 652//652
f 666//666 665//665 651//651
f 667//667 652//652 653//653
f 667//667 666//666 652//652
f 668//668 653//653 654//654
f 668//668 667//667 653//653
f 669//669 654//654 655//655
f 669//669 668//668 654//654
f 670//670 655//655 656//656
f 670//670 669//669 655//655
f 671//671 656//656 657//657
f 671//671 670//670 656//656
f 672//672 657//657 658//658
f 672//672 671//671 657//657
f 673//673 658//658 659//659
f 673//673 672//672 658//658
f 661//661 659//659 660//660
f 661//661 673//673 659//659
v 333.252594 338.922699 924.686829
v 300.651093 339.276855 930.435364
v 333.856293 338.915253 924.580444
v 334.530304 339.224274 926.833801
v 300.779205 339.324188 930.896729
vn 0.010535 -0.991145 0.132364
vn 0.008866 -0.994829 0.101176
vn 0.010562 -0.991059 0.133007
vn 0.012902 -0.991226 0.131546
vn 0.009171 -0.994882 0.100624
f 674//674 678//678 675//675
f 677//677 674//674 676//676
f 677//677 678//678 674//674
v 300.651093 339.276855 930.435364
v 300.779205 339.324188 930.896729
v 288.812469 350.922333 931.905090
v 288.922272 349.411377 931.948364
v 289.233826 347.925842 931.966309
v 289.741547 346.491333 931.958740
v 290.438385 345.132751 931.925598
v 291.310760 343.872528 931.867554
v 292.343567 342.732330 931.785706
v 293.520416 341.732666 931.681274
v 294.820038 340.889221 931.556213
v 296.219910 340.216431 931.412720
v 297.696930 339.727173 931.252991
v 299.225464 339.428070 931.080017
v 300.000824 339.351410 930.989502
v 282.999481 348.404938 900.634338
v 283.100647 346.785309 900.654541
v 283.430420 345.193542 900.663208
v 283.944641 343.747162 900.660706
v 284.603088 342.454712 900.648804
v 285.418579 341.249664 900.627991
v 286.098541 340.443726 900.607544
v 286.849243 339.700012 900.582703
v 290.548096 339.700012 915.491638
v 297.613434 339.700012 930.970947
v 294.758301 339.700012 926.031189
v 292.461243 339.700012 920.844421
v 299.293518 339.366119 930.674744
v 298.447968 339.503143 930.823792
v 287.276428 345.481567 921.464233
v 289.880890 341.712524 921.450378
v 285.829895 342.604980 908.084167
v 286.293640 341.930695 908.085449
vn 0.008867 -0.994829 0.101176
vn 0.009171 -0.994882 0.100624
vn -0.967027 0.004826 0.254628
vn -0.955556 -0.129159 0.265010
vn -0.927170 -0.258984 0.270708
vn -0.882231 -0.384458 0.271773
vn -0.822112 -0.502192 0.268207
vn -0.748955 -0.609370 0.260257
vn -0.663068 -0.706297 0.247962
vn -0.566738 -0.790667 0.231633
vn -0.462656 -0.860876 0.211760
vn -0.350697 -0.917371 0.188262
vn -0.233424 -0.958849 0.161624
vn -0.113601 -0.984656 0.132468
vn -0.052611 -0.991750 0.116897
vn -0.991424 0.011346 0.130192
vn -0.982152 -0.130786 0.135176
vn -0.953382 -0.268561 0.137615
vn -0.908695 -0.394130 0.137601
vn -0.852400 -0.505015 0.135552
vn -0.783920 -0.606749 0.131625
vn -0.726987 -0.674686 0.127625
vn -0.664043 -0.737566 0.122650
vn -0.535851 -0.826424 0.172878
vn -0.234148 -0.958679 0.161584
vn -0.363298 -0.913991 0.180653
vn -0.459889 -0.869115 0.182047
vn -0.100204 -0.986546 0.129175
vn -0.167578 -0.975025 0.145750
vn -0.897315 -0.382183 0.220822
vn -0.677572 -0.704830 0.210025
vn -0.832048 -0.529957 0.163835
vn -0.793107 -0.587018 0.162453
f 687//687 686//686 704//704
f 688//688 687//687 704//704
f 689//689 688//688 704//704
f 690//690 689//689 704//704
f 703//703 690//690 704//704
f 691//691 690//690 703//703
f 707//707 691//691 703//703
f 692//692 707//707 706//706
f 692//692 691//691 707//707
f 693//693 692//692 706//706
f 679//679 693//693 706//706
f 680//680 693//693 679//679
f 708//708 682//682 681//681
f 708//708 683//683 682//682
f 708//708 684//684 683//683
f 708//708 685//685 684//684
f 708//708 686//686 685//685
f 708//708 681//681 694//694
f 709//709 705//705 704//704
f 709//709 702//702 705//705
f 709//709 704//704 686//686
f 709//709 686//686 708//708
f 709//709 708//708 702//702
f 710//710 694//694 695//695
f 710//710 695//695 696//696
f 710//710 696//696 697//697
f 710//710 697//697 698//698
f 710//710 698//698 699//699
f 710//710 708//708 694//694
f 710//710 702//702 708//708
f 711//711 699//699 700//700
f 711//711 700//700 701//701
f 711//711 701//701 702//702
f 711//711 702//702 710//710
f 711//711 710//710 699//699
v 325.401031 336.500000 870.319519
v 300.778870 336.500000 877.883484
v 326.064606 336.005219 875.768799
vn -0.028464 -0.993943 -0.106145
vn -0.025250 -0.997327 -0.068560
vn -0.025226 -0.997348 -0.068275
f 714//714 713//713 712//712
v 300.778870 336.500000 877.883484
v 326.064606 336.005219 875.768799
v 328.806732 336.022003 898.607056
v 297.996826 336.500000 900.092224
v 294.736145 336.500000 899.246033
v 292.537018 336.500000 881.275269
vn -0.025250 -0.997327 -0.068560
vn -0.025226 -0.997348 -0.068275
vn -0.012267 -0.997703 0.066616
vn -0.012897 -0.998470 0.053772
vn -0.013580 -0.998743 0.048256
vn -0.023737 -0.998436 -0.050616
f 718//718 719//719 720//720
f 718//718 720//720 715//715
f 717//717 715//715 716//716
f 717//717 718//718 715//715
v 292.537018 336.500000 881.275269
v 294.736145 336.500000 899.246033
v 292.408569 336.500000 881.350830
v 292.286285 336.500000 881.454346
v 292.131104 336.500000 881.635742
v 291.928070 336.500000 881.976929
v 291.674591 336.500000 882.635071
v 291.364136 336.500000 884.224854
v 291.242920 336.500000 886.450317
v 291.429230 336.500000 889.768677
v 292.033386 336.500000 893.458496
v 293.119690 336.500000 897.038086
v 293.744415 336.500000 898.282654
v 294.115631 336.500000 898.793701
v 294.270386 336.500000 898.955383
v 294.442535 336.500000 899.098328
v 294.584503 336.500000 899.185425
vn -0.023737 -0.998436 -0.050616
vn -0.013580 -0.998743 0.048256
vn -0.035010 -0.998194 -0.048815
vn -0.045932 -0.997844 -0.046871
vn -0.060292 -0.997210 -0.044007
vn -0.079959 -0.996016 -0.039476
vn -0.106531 -0.993791 -0.032094
vn -0.145994 -0.989133 -0.017383
vn -0.175737 -0.984437 -0.000314
vn -0.190562 -0.981458 0.020668
vn -0.175701 -0.983667 0.039092
vn -0.122283 -0.991181 0.051055
vn -0.084195 -0.995067 0.052465
vn -0.059331 -0.996892 0.051825
vn -0.048441 -0.997511 0.051235
vn -0.035935 -0.998085 0.050350
vn -0.025298 -0.998457 0.049433
f 721//721 724//724 723//723
f 721//721 725//725 724//724
f 721//721 726//726 725//725
f 727//727 726//726 721//721
f 728//728 727//727 721//721
f 729//729 728//728 721//721
f 722//722 732//732 731//731
f 722//722 733//733 732//732
f 722//722 734//734 733//733
f 722//722 735//735 734//734
f 722//722 736//736 735//735
f 722//722 737//737 736//736
f 721//721 722//722 729//729
f 729//729 722//722 730//730
f 730//730 722//722 731//731
v 297.996826 336.500000 900.092224
v 328.806732 336.022003 898.607056
v 329.677368 336.500000 904.671509
v 329.485229 336.500000 904.653992
vn -0.012897 -0.998470 0.053772
vn -0.012267 -0.997703 0.066616
vn -0.008047 -0.995659 0.092731
vn -0.008072 -0.995678 0.092524
f 741//741 738//738 739//739
f 740//740 741//741 739//739
v 329.677368 336.500000 904.671509
v 329.878815 336.500000 904.670410
v 330.069336 336.500000 904.636292
v 330.261414 336.500000 904.564880
v 330.463409 336.500000 904.447144
v 330.681183 336.500000 904.264160
v 330.957245 336.500000 903.937866
v 331.281494 336.500000 903.385864
v 331.707367 336.500000 902.279602
v 332.142181 336.500000 900.366638
v 332.391724 336.500000 898.425964
v 328.806732 336.022003 898.607056
v 330.016815 336.063293 898.547791
v 331.215851 336.223419 898.487183
vn -0.008073 -0.995658 0.092735
vn 0.008198 -0.995872 0.090395
vn 0.023940 -0.995835 0.087976
vn 0.040204 -0.995543 0.085313
vn 0.057767 -0.994935 0.082261
vn 0.077311 -0.993900 0.078646
vn 0.103118 -0.991948 0.073530
vn 0.135288 -0.988566 0.066590
vn 0.181707 -0.981790 0.055422
vn 0.237481 -0.970574 0.039863
vn 0.278205 -0.960157 0.026453
vn -0.012293 -0.997703 0.066620
vn 0.086005 -0.994846 0.053717
vn 0.182787 -0.982325 0.040337
f 751//751 754//754 755//755
f 751//751 755//755 752//752
f 750//750 753//753 754//754
f 750//750 754//754 751//751
f 744//744 743//743 742//742
f 745//745 744//744 742//742
f 749//749 742//742 753//753
f 749//749 753//753 750//750
f 746//746 745//745 742//742
f 747//747 746//746 742//742
f 748//748 742//742 749//749
f 748//748 747//747 742//742
v 332.391724 336.500000 898.425964
v 332.482056 336.500000 890.708862
v 331.633087 336.500000 883.012573
v 330.853088 336.500000 879.226379
v 329.739838 336.500000 875.516418
v 328.806732 336.022003 898.607056
v 330.016815 336.063293 898.547791
v 331.215851 336.223419 898.487183
v 326.064606 336.005219 875.768799
v 327.304138 336.044739 875.671326
v 328.533630 336.210449 875.586914
vn 0.278205 -0.960157 0.026453
vn 0.362307 -0.931854 -0.019509
vn 0.363667 -0.929476 -0.061813
vn 0.333768 -0.939065 -0.082195
vn 0.276275 -0.955736 -0.101200
vn -0.012293 -0.997703 0.066620
vn 0.086005 -0.994846 0.053717
vn 0.182787 -0.982325 0.040337
vn -0.025253 -0.997347 -0.068272
vn 0.076861 -0.993815 -0.080151
vn 0.177333 -0.979923 -0.091122
f 759//759 764//764 765//765
f 759//759 765//765 766//766
f 759//759 766//766 760//760
f 758//758 764//764 759//759
f 757//757 764//764 758//758
f 761//761 764//764 757//757
f 762//762 761//761 757//757
f 763//763 762//762 757//757
f 756//756 763//763 757//757
v 326.064606 336.005219 875.768799
v 327.304138 336.044739 875.671326
v 328.533630 336.210449 875.586914
v 329.739838 336.500000 875.516418
v 325.401031 336.500000 870.319519
v 328.788055 336.500000 873.295471
v 327.884583 336.500000 871.791870
v 327.307556 336.500000 871.100525
v 326.849579 336.500000 870.697144
v 326.500519 336.500000 870.476624
v 326.270874 336.500000 870.374512
v 326.077087 336.500000 870.315369
v 325.877747 336.500000 870.281250
v 325.667633 336.500000 870.276672
v 325.533508 336.500000 870.291260
vn -0.025253 -0.997347 -0.068272
vn 0.076861 -0.993815 -0.080151
vn 0.177333 -0.979923 -0.091122
vn 0.276275 -0.955736 -0.101200
vn -0.028490 -0.993943 -0.106141
vn 0.219157 -0.969317 -0.111329
vn 0.159849 -0.980275 -0.116226
vn 0.119572 -0.985899 -0.117069
vn 0.086231 -0.989447 -0.116442
vn 0.059953 -0.991535 -0.115166
vn 0.042223 -0.992591 -0.113928
vn 0.026980 -0.993270 -0.112632
vn 0.011011 -0.993754 -0.111047
vn -0.006164 -0.994013 -0.109085
vn -0.017318 -0.994036 -0.107669
f 779//779 781//781 780//780
f 779//779 771//771 781//781
f 778//778 771//771 779//779
f 777//777 771//771 778//778
f 776//776 771//771 777//777
f 775//775 771//771 776//776
f 774//774 771//771 775//775
f 767//767 774//774 773//773
f 767//767 771//771 774//774
f 768//768 773//773 772//772
f 768//768 767//767 773//773
f 769//769 768//768 772//772
f 770//770 769//769 772//772
usemtl mat_1
v 378.786957 326.500000 910.557190
v 355.151581 326.500000 914.724731
v 378.786957 336.500000 910.557190
v 355.151581 336.500000 914.724731
vn 0.173648 -0.000000 0.984808
vn 0.173648 -0.000000 0.984808
vn 0.173648 -0.000000 0.984808
vn 0.173648 -0.000000 0.984808
f 784//784 783//783 782//782
f 784//784 785//785 783//783
v 376.584839 326.500000 898.068298
v 378.786957 326.500000 910.557190
v 374.069061 325.476868 883.800537
v 371.602417 322.424683 869.811646
v 369.236298 317.401855 856.392761
v 369.236298 336.500000 856.392761
v 378.786957 336.500000 910.557190
vn 0.984808 0.000000 -0.173648
vn 0.984808 0.000000 -0.173648
vn 0.984808 0.000000 -0.173648
vn 0.984808 0.000000 -0.173648
vn 0.984808 0.000000 -0.173648
vn 0.984808 0.000000 -0.173648
vn 0.984808 0.000000 -0.173648
f 786//786 792//792 787//787
f 788//788 792//792 786//786
f 791//791 788//788 789//789
f 791//791 789//789 790//790
f 791//791 792//792 788//788
v 369.236298 317.401855 856.392761
v 369.236298 336.500000 856.392761
v 345.600922 319.199219 860.560303
v 345.600922 336.500000 860.560303
vn -0.173648 0.000000 -0.984808
vn -0.173648 0.000000 -0.984808
vn -0.173648 0.000000 -0.984808
vn -0.173648 0.000000 -0.984808
f 795//795 794//794 793//793
f 796//796 794//794 795//795
v 355.151581 326.500000 914.724731
v 352.214600 326.500000 898.068298
v 355.151581 336.500000 914.724731
v 345.600922 336.500000 860.560303
v 345.600922 319.199219 860.560303
v 347.745667 323.234955 872.723816
v 349.962524 325.680969 885.296143
vn -0.984808 0.000000 0.173648
vn -0.984808 0.000000 0.173648
vn -0.984808 0.000000 0.173648
vn -0.984808 0.000000 0.173648
vn -0.984808 0.000000 0.173648
vn -0.984808 0.000000 0.173648
vn -0.984808 0.000000 0.173648
f 800//800 801//801 802//802
f 803//803 800//800 802//802
f 799//799 798//798 797//797
f 799//799 800//800 798//798
f 798//798 800//800 803//803
v 275.042175 326.500000 898.068298
v 280.306183 326.500000 927.921997
v 273.121979 325.905273 887.178406
v 271.931641 324.931732 880.427612
v 270.755524 323.499939 873.757568
v 270.755524 336.500000 873.757568
v 280.306183 336.500000 927.921997
vn 0.984808 0.000000 -0.173648
vn 0.984808 0.000000 -0.173648
vn 0.984808 0.000000 -0.173648
vn 0.984808 0.000000 -0.173648
vn 0.984808 0.000000 -0.173648
vn 0.984808 0.000000 -0.173648
vn 0.984808 0.000000 -0.173648
f 804//804 810//810 805//805
f 809//809 804//804 806//806
f 809//809 806//806 807//807
f 809//809 807//807 808//808
f 809//809 810//810 804//804
v 270.755524 323.499939 873.757568
v 270.755524 336.500000 873.757568
v 247.120148 324.450256 877.925110
v 247.120148 336.500000 877.925110
vn -0.173648 0.000000 -0.984808
vn -0.173648 0.000000 -0.984808
vn -0.173648 0.000000 -0.984808
vn -0.173648 0.000000 -0.984808
f 813//813 812//812 811//811
f 814//814 812//812 813//813
v 256.670807 326.500000 932.089539
v 250.671936 326.500000 898.068298
v 256.670807 336.500000 932.089539
v 247.120148 336.500000 877.925110
v 247.120148 324.450256 877.925110
v 248.887131 325.986389 887.946167
vn -0.984808 0.000000 0.173648
vn -0.984808 0.000000 0.173648
vn -0.984808 0.000000 0.173648
vn -0.984808 0.000000 0.173648
vn -0.984808 0.000000 0.173648
vn -0.984808 0.000000 0.173648
f 818//818 819//819 820//820
f 816//816 818//818 820//820
f 817//817 816//816 815//815
f 817//817 818//818 816//816
v 280.306183 326.500000 927.921997
v 256.670807 326.500000 932.089539
v 280.306183 336.500000 927.921997
v 256.670807 336.500000 932.089539
vn 0.173648 -0.000000 0.984808
vn 0.173648 -0.000000 0.984808
vn 0.173648 -0.000000 0.984808
vn 0.173648 -0.000000 0.984808
f 821//821 824//824 822//822
f 823//823 824//824 821//821
usemtl mat_2
v 310.359619 400.647308 670.000061
v 310.759674 396.191345 670.000000
v 310.309296 401.204468 670.000000
v 306.742462 408.076141 670.000000
v 307.971893 406.824829 670.000000
v 308.961823 405.399750 670.000000
v 309.684570 403.882996 670.000000
v 310.086639 402.574036 670.000061
v 302.292023 410.285645 670.000000
v 303.892029 409.791077 670.000000
v 305.381348 409.053528 670.000000
v 299.416077 410.504425 669.999939
v 300.379822 410.524902 670.000549
v 301.341309 410.450958 670.000305
v 264.499054 407.867554 670.000061
v 264.031616 407.818848 670.000000
v 258.143402 404.850159 670.000000
v 259.366943 405.929657 670.000000
v 260.751953 406.792572 670.000061
v 262.257843 407.419739 670.000122
v 263.135406 407.660278 670.000061
v 257.732666 404.391296 670.000000
v 255.500351 397.131683 670.000061
v 255.462158 398.430695 669.999939
v 255.596268 399.724670 670.000061
v 255.897415 400.991150 670.000000
v 256.359253 402.206696 670.000000
v 256.966949 403.336273 670.000000
v 255.552231 396.597382 669.999939
v 255.980209 392.164886 670.000000
v 259.563049 385.368347 670.000000
v 258.585144 386.313599 670.000000
v 257.765900 387.347046 670.000000
v 257.112579 388.422211 670.000000
v 256.563080 389.648956 670.000000
v 256.189178 390.890167 670.000000
v 266.868866 382.998871 669.999939
v 265.551422 382.988342 670.000000
v 264.245667 383.151764 670.000000
v 262.966949 383.482330 670.000000
v 261.753632 383.965759 670.000000
v 260.612244 384.597015 670.000061
v 301.689667 385.516968 670.000000
v 301.700836 385.517761 670.000000
v 303.875458 385.923767 670.000000
v 302.920319 385.682007 670.000000
v 302.313263 385.580353 670.000000
v 306.855682 387.423248 670.000000
v 305.920227 386.812561 670.000000
v 304.922607 386.310822 670.000000
v 308.469330 388.925507 669.999939
v 307.795166 388.211670 669.999939
v 307.337921 387.802551 670.000000
v 309.150909 389.833923 670.000000
v 310.767303 394.567749 669.999939
v 310.511292 392.965729 669.999939
v 310.002625 391.426392 669.999939
v 309.613373 390.610443 670.000000
vn -0.000000 -0.000000 -1.000000
vn -0.000000 -0.000000 -1.000000
vn -0.000000 -0.000000 -1.000000
vn -0.000000 -0.000000 -1.000000
vn -0.000000 -0.000000 -1.000000
vn -0.000000 -0.000000 -1.000000
vn -0.000000 -0.000000 -1.000000
vn -0.000000 -0.000000 -1.000000
vn -0.000000 -0.000000 -1.000000
vn -0.000000 -0.000000 -1.000000
vn -0.000000 -0.000000 -1.000000
vn -0.000000 -0.000000 -1.000000
vn -0.000000 -0.000000 -1.000000
vn -0.000000 -0.000000 -1.000000
vn -0.000000 -0.000000 -1.000000
vn -0.000000 -0.000000 -1.000000
vn -0.000000 -0.000000 -1.000000
vn -0.000000 -0.000000 -1.000000
vn -0.000000 -0.000000 -1.000000
vn -0.000000 -0.000000 -1.000000
vn -0.000000 -0.000000 -1.000000
vn -0.000000 -0.000000 -1.000000
vn -0.000000 -0.000000 -1.000000
vn -0.000000 -0.000000 -1.000000
vn -0.000000 -0.000000 -1.000000
vn -0.000000 -0.000000 -1.000000
vn -0.000000 -0.000000 -1.000000
vn -0.000000 -0.000000 -1.000000
vn -0.000000 -0.000000 -1.000000
vn -0.000000 -0.000000 -1.000000
vn -0.000000 -0.000000 -1.000000
vn -0.000000 -0.000000 -1.000000
vn -0.000000 -0.000000 -1.000000
vn -0.000000 -0.000000 -1.000000
vn -0.000000 -0.000000 -1.000000
vn -0.000000 -0.000000 -1.000000
vn -0.000000 -0.000000 -1.000000
vn -0.000000 -0.000000 -1.000000
vn -0.000000 -0.000000 -1.000000
vn -0.000000 -0.000000 -1.000000
vn -0.000000 -0.000000 -1.000000
vn -0.000000 -0.000000 -1.000000
vn -0.000000 -0.000000 -1.000000
vn -0.000000 -0.000000 -1.000000
vn -0.000000 -0.000000 -1.000000
vn -0.000000 -0.000000 -1.000000
vn -0.000000 -0.000000 -1.000000
vn -0.000000 -0.000000 -1.000000
vn -0.000000 -0.000000 -1.000000
vn -0.000000 -0.000000 -1.000000
vn -0.000000 -0.000000 -1.000000
vn -0.000000 -0.000000 -1.000000
vn -0.000000 -0.000000 -1.000000
vn -0.000000 -0.000000 -1.000000
vn -0.000000 -0.000000 -1.000000
vn -0.000000 -0.000000 -1.000000
vn -0.000000 -0.000000 -1.000000
vn -0.000000 -0.000000 -1.000000
f 866//866 855//855 856//856
f 865//865 856//856 857//857
f 865//865 866//866 856//856
f 864//864 857//857 858//858
f 864//864 865//865 857//857
f 854//854 858//858 859//859
f 854//854 859//859 860//860
f 861//861 862//862 863//863
f 861//861 863//863 864//864
f 861//861 864//864 858//858
f 861//861 858//858 854//854
f 853//853 861//861 854//854
f 849//849 847//847 848//848
f 841//841 852//852 846//846
f 842//842 851//851 852//852
f 842//842 852//852 841//841
f 843//843 849//849 850//850
f 843//843 850//850 851//851
f 843//843 851//851 842//842
f 844//844 847//847 849//849
f 844//844 849//849 843//843
f 839//839 847//847 844//844
f 839//839 844//844 845//845
f 839//839 845//845 840//840
f 839//839 853//853 847//847
f 839//839 861//861 853//853
f 871//871 868//868 867//867
f 870//870 871//871 867//867
f 869//869 870//870 867//867
f 878//878 875//875 876//876
f 878//878 876//876 877//877
f 882//882 878//878 877//877
f 882//882 877//877 872//872
f 881//881 882//882 872//872
f 881//881 872//872 873//873
f 881//881 873//873 874//874
f 880//880 869//869 867//867
f 880//880 881//881 874//874
f 880//880 874//874 869//869
f 879//879 880//880 867//867
f 826//826 879//879 867//867
f 836//836 861//861 839//839
f 836//836 867//867 861//861
f 825//825 826//826 867//867
f 825//825 867//867 836//836
f 827//827 825//825 836//836
f 838//838 836//836 837//837
f 833//833 836//836 838//838
f 831//831 832//832 827//827
f 831//831 827//827 836//836
f 834//834 836//836 833//833
f 830//830 836//836 834//834
f 830//830 831//831 836//836
f 829//829 834//834 835//835
f 829//829 830//830 834//834
f 828//828 829//829 835//835
v 283.053955 354.240143 900.541260
v 282.999481 348.404938 900.634338
v 288.812469 350.922333 931.905090
v 288.785217 356.703705 931.692322
vn -0.991564 0.011305 0.129127
vn -0.991424 0.011346 0.130192
vn -0.967027 0.004826 0.254628
vn -0.967792 0.004690 0.251706
f 886//886 883//883 884//884
f 885//885 886//886 884//884
v 295.141144 365.724823 899.777771
v 293.094177 365.584442 899.879089
v 291.103546 365.106445 899.982971
v 289.661102 364.522339 900.061890
v 288.330688 363.772278 900.137939
v 287.110565 362.861938 900.211182
v 286.022064 361.805054 900.280273
v 285.082886 360.619110 900.344177
v 284.307739 359.324707 900.401733
v 283.710968 357.942535 900.452087
v 283.302307 356.495270 900.494324
v 283.121735 355.373993 900.520447
v 283.053955 354.240143 900.541260
v 288.785217 356.703705 931.692322
v 300.642944 368.231323 929.832825
v 298.609680 368.066833 930.083984
v 296.637085 367.568542 930.340271
v 295.211060 366.971985 930.534363
v 293.898743 366.212402 930.720886
v 292.698303 365.295410 930.899780
v 291.630768 364.234863 931.068054
v 290.713531 363.048340 931.222900
v 289.960876 361.756378 931.361877
v 289.386780 360.379700 931.482483
v 289.000671 358.940887 931.582764
v 288.836792 357.827850 931.644104
v 293.694366 366.340698 919.873413
v 289.821503 363.860199 920.311462
v 287.237152 360.124207 920.711243
vn 0.013568 0.999101 -0.040162
vn -0.152340 0.988172 -0.017560
vn -0.314117 0.949369 0.005361
vn -0.433600 0.900814 0.022904
vn -0.543474 0.838491 0.039604
vn -0.645357 0.761847 0.055713
vn -0.738009 0.671035 0.071091
vn -0.817667 0.569357 0.085168
vn -0.883881 0.457350 0.097905
vn -0.935609 0.335731 0.109182
vn -0.970633 0.209316 0.118571
vn -0.985966 0.111333 0.124400
vn -0.991564 0.011305 0.129127
vn -0.967792 0.004690 0.251706
vn -0.008728 0.995246 -0.097002
vn -0.169584 0.984113 -0.052555
vn -0.326170 0.945285 -0.006980
vn -0.441636 0.896748 0.028286
vn -0.547627 0.834408 0.062195
vn -0.645662 0.757660 0.095243
vn -0.734471 0.666626 0.127130
vn -0.810362 0.564604 0.156641
vn -0.872832 0.452150 0.183641
vn -0.920808 0.330032 0.207828
vn -0.952174 0.203151 0.228241
vn -0.964816 0.104890 0.241098
vn -0.368108 0.929661 -0.015040
vn -0.687151 0.723223 0.069084
vn -0.905608 0.399123 0.143436
f 913//913 887//887 888//888
f 913//913 888//888 889//889
f 913//913 889//889 890//890
f 913//913 890//890 891//891
f 913//913 902//902 901//901
f 913//913 903//903 902//902
f 913//913 904//904 903//903
f 913//913 905//905 904//904
f 913//913 901//901 887//887
f 914//914 891//891 892//892
f 914//914 892//892 893//893
f 914//914 893//893 894//894
f 914//914 906//906 905//905
f 914//914 907//907 906//906
f 914//914 908//908 907//907
f 914//914 913//913 891//891
f 914//914 905//905 913//913
f 915//915 894//894 895//895
f 915//915 895//895 896//896
f 915//915 896//896 897//897
f 915//915 897//897 898//898
f 915//915 898//898 899//899
f 915//915 899//899 900//900
f 915//915 909//909 908//908
f 915//915 910//910 909//909
f 915//915 911//911 910//910
f 915//915 912//912 911//911
f 915//915 900//900 912//912
f 915//915 908//908 914//914
f 915//915 914//914 894//894
v 329.079132 365.198273 898.141785
v 295.141144 365.724823 899.777771
v 300.642944 368.231323 929.832825
v 334.393982 368.131409 925.769958
vn 0.012786 0.998347 -0.056041
vn 0.013568 0.999101 -0.040162
vn -0.008728 0.995246 -0.097002
vn -0.012093 0.992104 -0.124833
f 917//917 919//919 916//916
f 918//918 919//919 917//917
v 340.948364 353.341888 897.750488
v 340.859344 354.868195 897.731140
v 340.567108 356.371399 897.722046
v 340.076843 357.825592 897.723267
v 339.395386 359.205536 897.734863
v 338.535980 360.488434 897.756653
v 337.513550 361.652191 897.788147
v 336.344299 362.675934 897.828918
v 335.049377 363.543579 897.878235
v 333.651215 364.240234 897.935181
v 332.172882 364.752655 897.998840
v 330.640076 365.073822 898.068115
v 329.079132 365.198273 898.141785
v 334.393982 368.131409 925.769958
v 346.360718 356.533264 924.761536
v 346.250916 358.044220 924.718323
v 345.939362 359.529755 924.700317
v 345.431641 360.964264 924.707886
v 344.734802 362.322845 924.741089
v 343.862427 363.583069 924.799072
v 342.829620 364.723267 924.880920
v 341.652771 365.722931 924.985352
v 340.353149 366.566376 925.110413
v 338.953278 367.239166 925.253967
v 337.476257 367.728424 925.413635
v 335.947754 368.027527 925.586609
v 343.241821 354.766479 912.164307
v 343.213623 359.767609 916.249512
v 340.609161 363.536652 916.263306
v 336.722839 366.066589 916.443726
v 342.757568 359.485077 914.140442
vn 0.991527 -0.011334 -0.129408
vn 0.983013 0.122634 -0.136553
vn 0.957212 0.252704 -0.141018
vn 0.914424 0.378719 -0.142831
vn 0.855895 0.497287 -0.141947
vn 0.783673 0.605541 -0.138479
vn 0.698006 0.703726 -0.132505
vn 0.601140 0.789432 -0.124210
vn 0.495792 0.860941 -0.113891
vn 0.381855 0.918620 -0.101610
vn 0.261984 0.961081 -0.087681
vn 0.139076 0.987625 -0.072488
vn 0.012786 0.998347 -0.056041
vn -0.012093 0.992104 -0.124833
vn 0.955583 -0.006353 -0.294654
vn 0.942742 0.126465 -0.308616
vn 0.913626 0.255022 -0.316625
vn 0.868614 0.379272 -0.318847
vn 0.809048 0.496003 -0.315315
vn 0.736950 0.602530 -0.306369
vn 0.652468 0.699204 -0.292232
vn 0.557713 0.783733 -0.273347
vn 0.455208 0.854459 -0.250371
vn 0.344715 0.911734 -0.223410
vn 0.228706 0.954149 -0.193113
vn 0.109901 0.980936 -0.160267
vn 0.981493 -0.009306 -0.191273
vn 0.890668 0.378797 -0.251444
vn 0.672036 0.700090 -0.241333
vn 0.359178 0.912601 -0.195324
vn 0.894767 0.378897 -0.236280
f 946//946 920//920 921//921
f 946//946 921//921 922//922
f 946//946 922//922 923//923
f 946//946 923//923 924//924
f 947//947 935//935 934//934
f 947//947 936//936 935//935
f 947//947 937//937 936//936
f 947//947 938//938 937//937
f 947//947 934//934 946//946
f 948//948 939//939 938//938
f 948//948 940//940 939//939
f 948//948 941//941 940//940
f 948//948 942//942 941//941
f 948//948 938//938 947//947
f 949//949 927//927 928//928
f 949//949 928//928 929//929
f 949//949 929//929 930//930
f 949//949 930//930 931//931
f 949//949 931//931 932//932
f 949//949 932//932 933//933
f 949//949 943//943 942//942
f 949//949 944//944 943//943
f 949//949 945//945 944//944
f 949//949 933//933 945//945
f 949//949 948//948 927//927
f 949//949 942//942 948//948
f 950//950 924//924 925//925
f 950//950 925//925 926//926
f 950//950 926//926 927//927
f 950//950 946//946 924//924
f 950//950 927//927 948//948
f 950//950 948//948 947//947
f 950//950 947//947 946//946
v 346.387970 350.751892 924.974304
v 346.360718 356.533264 924.761536
v 349.153503 357.632568 932.536865
v 349.153503 351.837036 932.536865
vn 0.954159 -0.006504 -0.299230
vn 0.955583 -0.006353 -0.294654
vn 0.924036 -0.000012 -0.382306
vn 0.921313 0.000011 -0.388823
f 953//953 951//951 952//952
f 953//953 954//954 951//951
v 337.335815 340.245911 934.620667
v 339.353699 340.416840 934.264832
v 341.313019 340.922211 933.919373
v 342.730560 341.524475 933.669434
v 344.036041 342.289825 933.439209
v 345.231262 343.212616 933.228455
v 346.295258 344.278961 933.040894
v 347.210815 345.471100 932.879456
v 347.963562 346.768494 932.746704
v 348.539520 348.150238 932.645142
v 348.929321 349.593750 932.576416
v 349.097107 350.710022 932.546814
v 349.153503 351.837036 932.536865
v 350.377228 352.201965 935.302612
v 338.561737 340.577454 937.435364
v 340.571655 340.751648 937.035828
v 342.524658 341.260620 936.654480
v 343.938660 341.865875 936.383301
v 345.241699 342.634186 936.137573
v 346.435669 343.560059 935.916992
v 347.499573 344.629425 935.725464
v 348.416168 345.824554 935.565979
v 349.171143 347.124786 935.441040
v 349.750427 348.509308 935.353088
v 350.144592 349.955322 935.303528
v 350.316345 351.073334 935.291870
vn 0.019951 -0.993362 0.113288
vn 0.176008 -0.983143 0.049511
vn 0.327664 -0.944637 -0.017243
vn 0.439067 -0.895750 -0.069661
vn 0.540726 -0.832537 -0.120410
vn 0.633922 -0.754493 -0.169951
vn 0.717299 -0.661943 -0.217516
vn 0.787376 -0.558513 -0.260964
vn 0.843806 -0.445055 -0.299864
vn 0.885803 -0.322597 -0.333592
vn 0.911818 -0.196203 -0.360684
vn 0.921051 -0.098854 -0.376686
vn 0.921313 0.000011 -0.388823
vn 0.908424 0.004374 -0.418027
vn 0.022040 -0.994485 0.102535
vn 0.176324 -0.983758 0.033622
vn 0.326170 -0.944553 -0.037843
vn 0.436141 -0.895008 -0.093493
vn 0.536374 -0.831087 -0.146958
vn 0.628120 -0.752312 -0.198727
vn 0.710039 -0.659052 -0.247983
vn 0.778723 -0.555006 -0.292506
vn 0.833858 -0.441063 -0.331879
vn 0.874709 -0.318282 -0.365486
vn 0.899808 -0.191745 -0.391892
vn 0.908522 -0.094401 -0.407033
f 970//970 955//955 956//956
f 970//970 969//969 955//955
f 971//971 956//956 957//957
f 971//971 970//970 956//956
f 972//972 957//957 958//958
f 972//972 971//971 957//957
f 973//973 958//958 959//959
f 973//973 972//972 958//958
f 974//974 959//959 960//960
f 974//974 973//973 959//959
f 975//975 960//960 961//961
f 975//975 974//974 960//960
f 976//976 961//961 962//962
f 976//976 975//975 961//961
f 977//977 962//962 963//963
f 977//977 976//976 962//962
f 978//978 963//963 964//964
f 978//978 977//977 963//963
f 979//979 964//964 965//965
f 979//979 978//978 964//964
f 980//980 965//965 966//966
f 980//980 979//979 965//965
f 968//968 966//966 967//967
f 968//968 980//980 966//966
v 300.779205 339.324188 930.896729
v 334.530304 339.224274 926.833801
v 337.335815 340.245911 934.620667
v 303.852386 340.245911 940.524719
vn 0.009171 -0.994882 0.100624
vn 0.012902 -0.991226 0.131546
vn 0.019975 -0.993363 0.113278
vn 0.013955 -0.996767 0.079122
f 982//982 984//984 981//981
f 983//983 984//984 982//982
v 288.812469 350.922333 931.905090
v 288.922272 349.411377 931.948364
v 289.233826 347.925842 931.966309
v 289.741547 346.491333 931.958740
v 290.438385 345.132751 931.925598
v 291.310760 343.872528 931.867554
v 292.343567 342.732330 931.785706
v 293.520416 341.732666 931.681274
v 294.820038 340.889221 931.556213
v 296.219910 340.216431 931.412720
v 297.696930 339.727173 931.252991
v 299.225464 339.428070 931.080017
v 300.000824 339.351410 930.989502
v 300.779205 339.324188 930.896729
v 303.852386 340.245911 940.524719
v 292.034637 351.837067 942.608459
v 292.136505 350.322723 942.590515
v 292.438629 348.834442 942.537231
v 292.935638 347.397919 942.449646
v 293.620605 346.038086 942.328857
v 294.480194 344.777313 942.177246
v 295.499481 343.637390 941.997559
v 296.662354 342.638794 941.792480
v 297.947723 341.797119 941.565857
v 299.333374 341.126831 941.321533
v 300.796417 340.640747 941.063538
v 302.311432 340.345459 940.796387
v 303.080292 340.270905 940.660828
vn -0.967027 0.004826 0.254628
vn -0.955556 -0.129159 0.265010
vn -0.927170 -0.258984 0.270708
vn -0.882231 -0.384458 0.271773
vn -0.822112 -0.502192 0.268207
vn -0.748955 -0.609370 0.260257
vn -0.663068 -0.706297 0.247962
vn -0.566738 -0.790667 0.231633
vn -0.462656 -0.860876 0.211760
vn -0.350697 -0.917371 0.188262
vn -0.233424 -0.958849 0.161624
vn -0.113601 -0.984656 0.132468
vn -0.052611 -0.991750 0.116897
vn 0.009171 -0.994882 0.100624
vn 0.013955 -0.996767 0.079122
vn -0.946455 0.000012 0.322836
vn -0.934541 -0.133774 0.329755
vn -0.906164 -0.263348 0.330929
vn -0.861669 -0.388552 0.326426
vn -0.802386 -0.506033 0.316398
vn -0.730395 -0.612991 0.301273
vn -0.645972 -0.709729 0.281077
vn -0.551339 -0.793936 0.256304
vn -0.449121 -0.863986 0.227638
vn -0.339190 -0.920295 0.194953
vn -0.224065 -0.961528 0.158928
vn -0.106471 -0.987001 0.120387
vn -0.046637 -0.993883 0.100112
f 1000//1000 985//985 986//986
f 1001//1001 986//986 987//987
f 1001//1001 1000//1000 986//986
f 1002//1002 987//987 988//988
f 1002//1002 1001//1001 987//987
f 1003//1003 988//988 989//989
f 1003//1003 1002//1002 988//988
f 1004//1004 989//989 990//990
f 1004//1004 1003//1003 989//989
f 1005//1005 990//990 991//991
f 1005//1005 1004//1004 990//990
f 1006//1006 991//991 992//992
f 1006//1006 1005//1005 991//991
f 1007//1007 992//992 993//993
f 1007//1007 1006//1006 992//992
f 1008//1008 993//993 994//994
f 1008//1008 1007//1007 993//993
f 1009//1009 994//994 995//995
f 1009//1009 1008//1008 994//994
f 1010//1010 995//995 996//996
f 1010//1010 1009//1009 995//995
f 1011//1011 996//996 997//997
f 1011//1011 1010//1010 996//996
f 1012//1012 997//997 998//998
f 1012//1012 1011//1011 997//997
f 999//999 1012//1012 998//998
usemtl mat_1
v 355.151581 326.500000 914.724731
v 352.214600 326.500000 898.068298
v 378.786957 326.500000 910.557190
v 376.584839 326.500000 898.068298
v 464.360901 326.500000 898.068298
v 466.578735 326.500000 899.747498
v 469.034851 326.500000 901.054138
v 471.616058 326.500000 901.942017
v 473.790344 326.500000 902.359924
v 476.000000 326.500000 902.500000
v 478.773041 326.500000 902.278870
v 481.476105 326.500000 901.621094
v 483.994202 326.500000 900.567383
v 485.895844 326.500000 899.433350
v 487.639099 326.500000 898.068298
v 499.000000 326.500000 898.068298
v 499.000000 326.500000 1455.000000
v 475.508301 326.500000 1757.689819
v 471.166687 326.500000 1784.521606
v 462.453003 326.500000 1810.267822
v 449.606567 326.500000 1834.221313
v 432.980255 326.500000 1855.723877
v 413.030792 326.500000 1874.185059
v 390.306183 326.500000 1889.097656
v 365.430573 326.500000 1900.052124
v 339.087311 326.500000 1906.747559
v 312.000000 326.500000 1909.000000
v 283.671265 326.500000 1906.534790
v 256.194214 326.500000 1899.213257
v 230.394867 326.500000 1887.255371
v 207.048889 326.500000 1871.020874
v 186.858139 326.500000 1850.997681
v 170.429611 326.500000 1827.787842
v 158.257233 326.500000 1802.088989
v 150.706924 326.500000 1774.673950
v 148.005692 326.500000 1746.366699
v 150.234756 326.500000 1718.018433
v 157.327072 326.500000 1690.481323
v 169.069443 326.500000 1664.583252
v 218.540146 326.500000 1555.875122
v 248.811386 326.500000 1440.337646
v 256.448212 326.500000 1381.056885
v 259.000000 326.500000 1321.340942
v 259.000000 326.500000 1005.499634
v 256.767242 326.500000 968.967224
v 250.102219 326.500000 932.977539
v 239.104477 326.500000 898.068298
v 250.671936 326.500000 898.068298
v 256.670807 326.500000 932.089539
v 280.306183 326.500000 927.921997
v 275.042175 326.500000 898.068298
v 352.820129 326.500000 1062.449951
v 353.301086 326.500000 1068.254395
v 354.321320 326.500000 1072.383911
v 355.566925 326.500000 1075.320801
v 356.839905 326.500000 1077.345581
v 358.155823 326.500000 1078.838135
v 359.442627 326.500000 1079.883789
v 360.744781 326.500000 1080.616821
v 362.011810 326.500000 1081.069458
v 362.916016 326.500000 1081.252441
v 363.834595 326.500000 1081.326416
v 363.857391 326.500000 1081.326416
v 397.497070 326.500000 1081.921143
v 398.729767 326.500000 1081.843872
v 399.934052 326.500000 1081.580322
v 401.088562 326.500000 1081.149536
v 402.176544 326.500000 1080.572266
v 403.190155 326.500000 1079.871338
v 404.128296 326.500000 1079.063721
v 405.255859 326.500000 1077.857544
v 406.353424 326.500000 1076.370972
v 407.284546 326.500000 1074.776489
v 408.288361 326.500000 1072.528809
v 409.116821 326.500000 1069.884644
v 409.647552 326.500000 1067.166016
v 409.869598 326.500000 1065.022217
v 409.928589 326.500000 1062.877441
v 409.576813 326.500000 1052.521118
v 409.066895 326.500000 1048.473389
v 408.488373 326.500000 1045.962646
v 407.716705 326.500000 1043.504272
v 406.523499 326.500000 1040.615112
v 405.081940 326.500000 1037.911865
v 402.554779 326.500000 1034.374512
v 400.061096 326.500000 1031.886719
v 398.119080 326.500000 1030.512939
v 396.511993 326.500000 1029.740112
v 395.229980 326.500000 1029.376099
v 394.672211 326.500000 1029.294189
v 394.110626 326.500000 1029.263550
v 367.160217 326.500000 1029.067993
v 359.327362 326.500000 1028.996216
v 358.493805 326.500000 1029.054565
v 357.762665 326.500000 1029.228027
v 357.334991 326.500000 1029.391724
v 356.925110 326.500000 1029.599121
v 356.664063 326.500000 1029.759766
v 356.000916 326.500000 1030.286865
v 355.426697 326.500000 1030.912476
v 354.912323 326.500000 1031.648560
v 354.481415 326.500000 1032.436646
v 353.777069 326.500000 1034.204590
v 353.277100 326.500000 1036.039307
v 352.918243 326.500000 1037.911865
v 352.454407 326.500000 1041.786011
v 352.409180 326.500000 1052.444336
v 352.820129 326.500000 1062.322266
v 396.009705 326.500000 1446.497070
v 396.863647 326.500000 1446.422852
v 397.693237 326.500000 1446.207886
v 398.484955 326.500000 1445.871338
v 399.223816 326.500000 1445.438599
v 399.912750 326.500000 1444.929077
v 400.756439 326.500000 1444.159302
v 401.878693 326.500000 1442.867920
v 402.974518 326.500000 1441.283569
v 404.214020 326.500000 1439.035034
v 405.040466 326.500000 1437.189575
v 405.751648 326.500000 1435.303223
v 406.891724 326.500000 1431.346802
v 407.628784 326.500000 1427.300415
v 407.963593 326.500000 1423.198853
v 407.980713 326.500000 1421.974487
v 407.972443 326.500000 1411.686646
v 407.958069 326.500000 1410.730225
v 407.592072 326.500000 1406.819824
v 406.689026 326.500000 1403.001465
v 405.343140 326.500000 1399.735352
v 403.820465 326.500000 1397.308594
v 402.275452 326.500000 1395.589844
v 400.804138 326.500000 1394.425903
v 399.472931 326.500000 1393.687866
v 398.186676 326.500000 1393.218018
v 397.095795 326.500000 1392.990234
v 395.979523 326.500000 1392.911377
v 361.988861 326.500000 1392.920288
v 361.035431 326.500000 1392.977539
v 359.633545 326.500000 1393.269043
v 358.736572 326.500000 1393.591675
v 357.877441 326.500000 1394.006592
v 356.917419 326.500000 1394.603638
v 355.921448 326.500000 1395.391357
v 355.013855 326.500000 1396.281372
v 353.941284 326.500000 1397.592041
v 352.914154 326.500000 1399.198975
v 352.065216 326.500000 1400.904907
v 351.182495 326.500000 1403.286987
v 350.498535 326.500000 1406.059937
v 350.108917 326.500000 1408.876465
v 349.983490 326.500000 1411.707764
v 349.988434 326.500000 1421.990356
v 350.245911 326.500000 1426.462036
v 350.999237 326.500000 1430.933105
v 352.240570 326.500000 1435.293945
v 354.332550 326.500000 1440.080322
v 355.713501 326.500000 1442.297729
v 356.940674 326.500000 1443.820435
v 358.004364 326.500000 1444.840576
v 358.897278 326.500000 1445.499634
v 359.522949 326.500000 1445.858643
v 360.451630 326.500000 1446.242188
v 361.220673 326.500000 1446.426270
v 362.008026 326.500000 1446.489014
v 417.000000 326.500000 1577.500000
v 441.000000 326.500000 1577.500000
v 441.000000 326.500000 1522.500000
v 417.000000 326.500000 1522.500000
v 279.500000 326.500000 1551.000000
v 279.242523 326.500000 1548.009155
v 278.477631 326.500000 1545.106201
v 277.360718 326.500000 1542.615601
v 276.020020 326.500000 1540.526733
v 274.397186 326.500000 1538.648560
v 272.525085 326.500000 1537.018799
v 270.441315 326.500000 1535.670532
v 268.187500 326.500000 1534.630371
v 265.809357 326.500000 1533.919678
v 263.916992 326.500000 1533.605347
v 262.000000 326.500000 1533.500000
v 259.009186 326.500000 1533.757446
v 256.106232 326.500000 1534.522339
v 253.615570 326.500000 1535.639282
v 251.526718 326.500000 1536.979980
v 249.648483 326.500000 1538.602783
v 248.018814 326.500000 1540.474976
v 246.670425 326.500000 1542.558838
v 245.630356 326.500000 1544.812622
v 244.919617 326.500000 1547.190796
v 244.605347 326.500000 1549.083008
v 244.500000 326.500000 1551.000000
v 244.757492 326.500000 1553.990845
v 245.522354 326.500000 1556.893799
v 246.639282 326.500000 1559.384399
v 247.979996 326.500000 1561.473267
v 249.602814 326.500000 1563.351440
v 251.474899 326.500000 1564.981201
v 253.558701 326.500000 1566.329468
v 255.812485 326.500000 1567.369629
v 258.190643 326.500000 1568.080322
v 260.083008 326.500000 1568.394653
v 262.000000 326.500000 1568.500000
v 264.990814 326.500000 1568.242554
v 267.893768 326.500000 1567.477661
v 270.384430 326.500000 1566.360718
v 272.473267 326.500000 1565.020020
v 274.351501 326.500000 1563.397217
v 275.981171 326.500000 1561.525024
v 277.329559 326.500000 1559.441162
v 278.369629 326.500000 1557.187378
v 279.080383 326.500000 1554.809204
v 279.394653 326.500000 1552.916992
v 493.500000 326.500000 1439.500000
v 493.242523 326.500000 1436.509155
v 492.477631 326.500000 1433.606201
v 491.360718 326.500000 1431.115601
v 490.020020 326.500000 1429.026733
v 488.397186 326.500000 1427.148560
v 486.525085 326.500000 1425.518799
v 484.441315 326.500000 1424.170532
v 482.187500 326.500000 1423.130371
v 479.809357 326.500000 1422.419678
v 477.916992 326.500000 1422.105347
v 476.000000 326.500000 1422.000000
v 473.009186 326.500000 1422.257446
v 470.106232 326.500000 1423.022339
v 467.615570 326.500000 1424.139282
v 465.526733 326.500000 1425.479980
v 463.648499 326.500000 1427.102783
v 462.018829 326.500000 1428.974976
v 460.670441 326.500000 1431.058838
v 459.630371 326.500000 1433.312622
v 458.919617 326.500000 1435.690796
v 458.605347 326.500000 1437.583008
v 458.500000 326.500000 1439.500000
v 458.757477 326.500000 1442.490845
v 459.522369 326.500000 1445.393799
v 460.639282 326.500000 1447.884399
v 461.979980 326.500000 1449.973267
v 463.602814 326.500000 1451.851440
v 465.474915 326.500000 1453.481201
v 467.558716 326.500000 1454.829468
v 469.812500 326.500000 1455.869629
v 472.190643 326.500000 1456.580322
v 474.083008 326.500000 1456.894653
v 476.000000 326.500000 1457.000000
v 478.990814 326.500000 1456.742554
v 481.893768 326.500000 1455.977661
v 484.384430 326.500000 1454.860718
v 486.473267 326.500000 1453.520020
v 488.351501 326.500000 1451.897217
v 489.981171 326.500000 1450.025024
v 491.329559 326.500000 1447.941162
v 492.369629 326.500000 1445.687378
v 493.080383 326.500000 1443.309204
v 493.394653 326.500000 1441.416992
v 493.500000 326.500000 995.000000
v 493.242523 326.500000 992.009216
v 492.477631 326.500000 989.106201
v 491.360718 326.500000 986.615601
v 490.020020 326.500000 984.526794
v 488.397186 326.500000 982.648499
v 486.525085 326.500000 981.018860
v 484.441284 326.500000 979.670471
v 482.187500 326.500000 978.630371
v 479.809357 326.500000 977.919617
v 477.916992 326.500000 977.605347
v 476.000000 326.500000 977.500000
v 473.009186 326.500000 977.757507
v 470.106232 326.500000 978.522339
v 467.615570 326.500000 979.639282
v 465.526733 326.500000 980.980042
v 463.648499 326.500000 982.602844
v 462.018829 326.500000 984.474976
v 460.670441 326.500000 986.558838
v 459.630371 326.500000 988.812561
v 458.919617 326.500000 991.190735
v 458.605347 326.500000 993.083069
v 458.500000 326.500000 995.000000
v 458.757477 326.500000 997.990784
v 459.522369 326.500000 1000.893799
v 460.639282 326.500000 1003.384399
v 461.979980 326.500000 1005.473206
v 463.602814 326.500000 1007.351501
v 465.474915 326.500000 1008.981140
v 467.558685 326.500000 1010.329529
v 469.812500 326.500000 1011.369629
v 472.190643 326.500000 1012.080383
v 474.083008 326.500000 1012.394653
v 476.000000 326.500000 1012.500000
v 478.990814 326.500000 1012.242493
v 481.893768 326.500000 1011.477661
v 484.384430 326.500000 1010.360718
v 486.473267 326.500000 1009.019958
v 488.351501 326.500000 1007.397156
v 489.981171 326.500000 1005.525024
v 491.329559 326.500000 1003.441162
v 492.369629 326.500000 1001.187439
v 493.080383 326.500000 998.809265
v 493.394653 326.500000 996.916931
v 464.000000 326.500000 1745.000000
v 461.695313 326.500000 1718.632324
v 454.851288 326.500000 1693.062744
v 445.317291 326.500000 1671.989746
v 434.451752 326.500000 1654.947144
v 421.420624 326.500000 1639.496094
v 406.455750 326.500000 1625.911377
v 389.820953 326.500000 1614.432495
v 371.808868 326.500000 1605.261597
v 352.739716 326.500000 1598.561401
v 332.951599 326.500000 1594.450928
v 322.500885 326.500000 1593.363159
v 312.000000 326.500000 1593.000000
v 285.632233 326.500000 1595.304688
v 260.063110 326.500000 1602.148560
v 238.989807 326.500000 1611.682739
v 221.947067 326.500000 1622.548340
v 206.496094 326.500000 1635.579346
v 192.911240 326.500000 1650.544434
v 181.432205 326.500000 1667.179565
v 172.261322 326.500000 1685.191528
v 165.561295 326.500000 1704.260620
v 161.450790 326.500000 1724.049316
v 160.363129 326.500000 1734.499634
v 160.000000 326.500000 1745.000000
v 162.304672 326.500000 1771.367676
v 169.148697 326.500000 1796.937256
v 178.682693 326.500000 1818.010254
v 189.548233 326.500000 1835.052856
v 202.579361 326.500000 1850.503906
v 217.544250 326.500000 1864.088623
v 234.179047 326.500000 1875.567505
v 252.191147 326.500000 1884.738403
v 271.260284 326.500000 1891.438599
v 291.048401 326.500000 1895.549072
v 301.499115 326.500000 1896.636841
v 312.000000 326.500000 1897.000000
v 338.367767 326.500000 1894.695313
v 363.936890 326.500000 1887.851440
v 385.010193 326.500000 1878.317261
v 402.052917 326.500000 1867.451660
v 417.503906 326.500000 1854.420654
v 431.088776 326.500000 1839.455566
v 442.567810 326.500000 1822.820435
v 451.738678 326.500000 1804.808472
v 458.438690 326.500000 1785.739380
v 462.549194 326.500000 1765.950684
v 463.636871 326.500000 1755.500366
v 484.500000 326.500000 1551.000000
v 484.242523 326.500000 1548.009155
v 483.477631 326.500000 1545.106201
v 482.360718 326.500000 1542.615601
v 481.020020 326.500000 1540.526733
v 479.397186 326.500000 1538.648560
v 477.525085 326.500000 1537.018799
v 475.441284 326.500000 1535.670532
v 473.187500 326.500000 1534.630371
v 470.809357 326.500000 1533.919678
v 468.916992 326.500000 1533.605347
v 467.000000 326.500000 1533.500000
v 464.009186 326.500000 1533.757446
v 461.106232 326.500000 1534.522339
v 458.615570 326.500000 1535.639282
v 456.526733 326.500000 1536.979980
v 454.648499 326.500000 1538.602783
v 453.018829 326.500000 1540.474976
v 451.670441 326.500000 1542.558838
v 450.630371 326.500000 1544.812622
v 449.919617 326.500000 1547.190796
v 449.605347 326.500000 1549.083008
v 449.500000 326.500000 1551.000000
v 449.757477 326.500000 1553.990845
v 450.522369 326.500000 1556.893799
v 451.639282 326.500000 1559.384399
v 452.979980 326.500000 1561.473267
v 454.602814 326.500000 1563.351440
v 456.474915 326.500000 1564.981201
v 458.558685 326.500000 1566.329468
v 460.812500 326.500000 1567.369629
v 463.190643 326.500000 1568.080322
v 465.083008 326.500000 1568.394653
v 467.000000 326.500000 1568.500000
v 469.990814 326.500000 1568.242554
v 472.893768 326.500000 1567.477661
v 475.384430 326.500000 1566.360718
v 477.473267 326.500000 1565.020020
v 479.351501 326.500000 1563.397217
v 480.981171 326.500000 1561.525024
v 482.329559 326.500000 1559.441162
v 483.369629 326.500000 1557.187378
v 484.080383 326.500000 1554.809204
v 484.394653 326.500000 1552.916992
v 299.500000 326.500000 1439.500000
v 299.242523 326.500000 1436.509155
v 298.477631 326.500000 1433.606201
v 297.360718 326.500000 1431.115601
v 296.020020 326.500000 1429.026733
v 294.397186 326.500000 1427.148560
v 292.525085 326.500000 1425.518799
v 290.441315 326.500000 1424.170532
v 288.187500 326.500000 1423.130371
v 285.809357 326.500000 1422.419678
v 283.916992 326.500000 1422.105347
v 282.000000 326.500000 1422.000000
v 279.009186 326.500000 1422.257446
v 276.106232 326.500000 1423.022339
v 273.615570 326.500000 1424.139282
v 271.526733 326.500000 1425.479980
v 269.648499 326.500000 1427.102783
v 268.018829 326.500000 1428.974976
v 266.670441 326.500000 1431.058838
v 265.630371 326.500000 1433.312622
v 264.919617 326.500000 1435.690796
v 264.605347 326.500000 1437.583008
v 264.500000 326.500000 1439.500000
v 264.757477 326.500000 1442.490845
v 265.522369 326.500000 1445.393799
v 266.639282 326.500000 1447.884399
v 267.979980 326.500000 1449.973267
v 269.602814 326.500000 1451.851440
v 271.474915 326.500000 1453.481201
v 273.558685 326.500000 1454.829468
v 275.812500 326.500000 1455.869629
v 278.190643 326.500000 1456.580322
v 280.083008 326.500000 1456.894653
v 282.000000 326.500000 1457.000000
v 284.990814 326.500000 1456.742554
v 287.893768 326.500000 1455.977661
v 290.384430 326.500000 1454.860718
v 292.473267 326.500000 1453.520020
v 294.351501 326.500000 1451.897217
v 295.981171 326.500000 1450.025024
v 297.329559 326.500000 1447.941162
v 298.369629 326.500000 1445.687378
v 299.080383 326.500000 1443.309204
v 299.394653 326.500000 1441.416992
v 317.000000 326.500000 1577.500000
v 341.000000 326.500000 1577.500000
v 341.000000 326.500000 1522.500000
v 317.000000 326.500000 1522.500000
vn -0.000000 1.000000 -0.000000
vn -0.000000 1.000000 -0.000000
vn -0.000000 1.000000 -0.000000
vn -0.000000 1.000000 -0.000000
vn -0.000000 1.000000 -0.000000
vn -0.000000 1.000000 -0.000000
vn -0.000000 1.000000 -0.000000
vn -0.000000 1.000000 -0.000000
vn -0.000000 1.000000 -0.000000
vn -0.000000 1.000000 -0.000000
vn -0.000000 1.000000 -0.000000
vn -0.000000 1.000000 -0.000000
vn -0.000000 1.000000 -0.000000
vn -0.000000 1.000000 -0.000000
vn -0.000000 1.000000 -0.000000
vn -0.000000 1.000000 -0.000000
vn -0.000000 1.000000 -0.000000
vn -0.000000 1.000000 -0.000000
vn -0.000000 1.000000 -0.000000
vn -0.000000 1.000000 -0.000000
vn -0.000000 1.000000 -0.000000
vn -0.000000 1.000000 -0.000000
vn -0.000000 1.000000 -0.000000
vn -0.000000 1.000000 -0.000000
vn -0.000000 1.000000 -0.000000
vn -0.000000 1.000000 -0.000000
vn -0.000000 1.000000 -0.000000
vn -0.000000 1.000000 -0.000000
vn -0.000000 1.000000 -0.000000
vn -0.000000 1.000000 -0.000000
vn -0.000000 1.000000 -0.000000
vn -0.000000 1.000000 -0.000000
vn -0.000000 1.000000 -0.000000
vn -0.000000 1.000000 -0.000000
vn -0.000000 1.000000 -0.000000
vn -0.000000 1.000000 -0.000000
vn -0.000000 1.000000 -0.000000
vn -0.000000 1.000000 -0.000000
vn -0.000000 1.000000 -0.000000
vn -0.000000 1.000000 -0.000000
vn -0.000000 1.000000 -0.000000
vn -0.000000 1.000000 -0.000000
vn -0.000000 1.000000 -0.000000
vn -0.000000 1.000000 -0.000000
vn -0.000000 1.000000 -0.000000
vn -0.000000 1.000000 -0.000000
vn -0.000000 1.000000 -0.000000
vn -0.000000 1.000000 -0.000000
vn -0.000000 1.000000 -0.000000
vn -0.000000 1.000000 -0.000000
vn -0.000000 1.000000 -0.000000
vn -0.000000 1.000000 -0.000000
vn -0.000000 1.000000 -0.000000
vn -0.000000 1.000000 -0.000000
vn -0.000000 1.000000 -0.000000
vn -0.000000 1.000000 -0.000000
vn -0.000000 1.000000 -0.000000
vn -0.000000 1.000000 -0.000000
vn -0.000000 1.000000 -0.000000
vn -0.000000 1.000000 -0.000000
vn -0.000000 1.000000 -0.000000
vn -0.000000 1.000000 -0.000000
vn -0.000000 1.000000 -0.000000
vn -0.000000 1.000000 -0.000000
vn -0.000000 1.000000 -0.000000
vn -0.000000 1.000000 -0.000000
vn -0.000000 1.000000 -0.000000
vn -0.000000 1.000000 -0.000000
vn -0.000000 1.000000 -0.000000
vn -0.000000 1.000000 -0.000000
vn -0.000000 1.000000 -0.000000
vn -0.000000 1.000000 -0.000000
vn -0.000000 1.000000 -0.000000
vn -0.000000 1.000000 -0.000000
vn -0.000000 1.000000 -0.000000
vn -0.000000 1.000000 -0.000000
vn -0.000000 1.000000 -0.000000
vn -0.000000 1.000000 -0.000000
vn -0.000000 1.000000 -0.000000
vn -0.000000 1.000000 -0.000000
vn -0.000000 1.000000 -0.000000
vn -0.000000 1.000000 -0.000000
vn -0.000000 1.000000 -0.000000
vn -0.000000 1.000000 -0.000000
vn -0.000000 1.000000 -0.000000
vn -0.000000 1.000000 -0.000000
vn -0.000000 1.000000 -0.000000
vn -0.000000 1.000000 -0.000000
vn -0.000000 1.000000 -0.000000
vn -0.000000 1.000000 -0.000000
vn -0.000000 1.000000 -0.000000
vn -0.000000 1.000000 -0.000000
vn -0.000000 1.000000 -0.000000
vn -0.000000 1.000000 -0.000000
vn -0.000000 1.000000 -0.000000
vn -0.000000 1.000000 -0.000000
vn -0.000000 1.000000 -0.000000
vn -0.000000 1.000000 -0.000000
vn -0.000000 1.000000 -0.000000
vn -0.000000 1.000000 -0.000000
vn -0.000000 1.000000 -0.000000
vn -0.000000 1.000000 -0.000000
vn -0.000000 1.000000 -0.000000
vn -0.000000 1.000000 -0.000000
vn -0.000000 1.000000 -0.000000
vn -0.000000 1.000000 -0.000000
vn -0.000000 1.000000 -0.000000
vn -0.000000 1.000000 -0.000000
vn -0.000000 1.000000 -0.000000
vn -0.000000 1.000000 -0.000000
vn -0.000000 1.000000 -0.000000
vn -0.000000 1.000000 -0.000000
vn -0.000000 1.000000 -0.000000
vn -0.000000 1.000000 -0.000000
vn -0.000000 1.000000 -0.000000
vn -0.000000 1.000000 -0.000000
vn -0.000000 1.000000 -0.000000
vn -0.000000 1.000000 -0.000000
vn -0.000000 1.000000 -0.000000
vn -0.000000 1.000000 -0.000000
vn -0.000000 1.000000 -0.000000
vn -0.000000 1.000000 -0.000000
vn -0.000000 1.000000 -0.000000
vn -0.000000 1.000000 -0.000000
vn -0.000000 1.000000 -0.000000
vn -0.000000 1.000000 -0.000000
vn -0.000000 1.000000 -0.000000
vn -0.000000 1.000000 -0.000000
vn -0.000000 1.000000 -0.000000
vn -0.000000 1.000000 -0.000000
vn -0.000000 1.000000 -0.000000
vn -0.000000 1.000000 -0.000000
vn -0.000000 1.000000 -0.000000
vn -0.000000 1.000000 -0.000000
vn -0.000000 1.000000 -0.000000
vn -0.000000 1.000000 -0.000000
vn -0.000000 1.000000 -0.000000
vn -0.000000 1.000000 -0.000000
vn -0.000000 1.000000 -0.000000
vn -0.000000 1.000000 -0.000000
vn -0.000000 1.000000 -0.000000
vn -0.000000 1.000000 -0.000000
vn -0.000000 1.000000 -0.000000
vn -0.000000 1.000000 -0.000000
vn -0.000000 1.000000 -0.000000
vn -0.000000 1.000000 -0.000000
vn -0.000000 1.000000 -0.000000
vn -0.000000 1.000000 -0.000000
vn -0.000000 1.000000 -0.000000
vn -0.000000 1.000000 -0.000000
vn -0.000000 1.000000 -0.000000
vn -0.000000 1.000000 -0.000000
vn -0.000000 1.000000 -0.000000
vn -0.000000 1.000000 -0.000000
vn -0.000000 1.000000 -0.000000
vn -0.000000 1.000000 -0.000000
vn -0.000000 1.000000 -0.000000
vn -0.000000 1.000000 -0.000000
vn -0.000000 1.000000 -0.000000
vn -0.000000 1.000000 -0.000000
vn -0.000000 1.000000 -0.000000
vn -0.000000 1.000000 -0.000000
vn -0.000000 1.000000 -0.000000
vn -0.000000 1.000000 -0.000000
vn -0.000000 1.000000 -0.000000
vn -0.000000 1.000000 -0.000000
vn -0.000000 1.000000 -0.000000
vn -0.000000 1.000000 -0.000000
vn -0.000000 1.000000 -0.000000
vn -0.000000 1.000000 -0.000000
vn -0.000000 1.000000 -0.000000
vn -0.000000 1.000000 -0.000000
vn -0.000000 1.000000 -0.000000
vn -0.000000 1.000000 -0.000000
vn -0.000000 1.000000 -0.000000
vn -0.000000 1.000000 -0.000000
vn -0.000000 1.000000 -0.000000
vn -0.000000 1.000000 -0.000000
vn -0.000000 1.000000 -0.000000
vn -0.000000 1.000000 -0.000000
vn -0.000000 1.000000 -0.000000
vn -0.000000 1.000000 -0.000000
vn -0.000000 1.000000 -0.000000
vn -0.000000 1.000000 -0.000000
vn -0.000000 1.000000 -0.000000
vn -0.000000 1.000000 -0.000000
vn -0.000000 1.000000 -0.000000
vn -0.000000 1.000000 -0.000000
vn -0.000000 1.000000 -0.000000
vn -0.000000 1.000000 -0.000000
vn -0.000000 1.000000 -0.000000
vn -0.000000 1.000000 -0.000000
vn -0.000000 1.000000 -0.000000
vn -0.000000 1.000000 -0.000000
vn -0.000000 1.000000 -0.000000
vn -0.000000 1.000000 -0.000000
vn -0.000000 1.000000 -0.000000
vn -0.000000 1.000000 -0.000000
vn -0.000000 1.000000 -0.000000
vn -0.000000 1.000000 -0.000000
vn -0.000000 1.000000 -0.000000
vn -0.000000 1.000000 -0.000000
vn -0.000000 1.000000 -0.000000
vn -0.000000 1.000000 -0.000000
vn -0.000000 1.000000 -0.000000
vn -0.000000 1.000000 -0.000000
vn -0.000000 1.000000 -0.000000
vn -0.000000 1.000000 -0.000000
vn -0.000000 1.000000 -0.000000
vn -0.000000 1.000000 -0.000000
vn -0.000000 1.000000 -0.000000
vn -0.000000 1.000000 -0.000000
vn -0.000000 1.000000 -0.000000
vn -0.000000 1.000000 -0.000000
vn -0.000000 1.000000 -0.000000
vn -0.000000 1.000000 -0.000000
vn -0.000000 1.000000 -0.000000
vn -0.000000 1.000000 -0.000000
vn -0.000000 1.000000 -0.000000
vn -0.000000 1.000000 -0.000000
vn -0.000000 1.000000 -0.000000
vn -0.000000 1.000000 -0.000000
vn -0.000000 1.000000 -0.000000
vn -0.000000 1.000000 -0.000000
vn -0.000000 1.000000 -0.000000
vn -0.000000 1.000000 -0.000000
vn -0.000000 1.000000 -0.000000
vn -0.000000 1.000000 -0.000000
vn -0.000000 1.000000 -0.000000
vn -0.000000 1.000000 -0.000000
vn -0.000000 1.000000 -0.000000
vn -0.000000 1.000000 -0.000000
vn -0.000000 1.000000 -0.000000
vn -0.000000 1.000000 -0.000000
vn -0.000000 1.000000 -0.000000
vn -0.000000 1.000000 -0.000000
vn -0.000000 1.000000 -0.000000
vn -0.000000 1.000000 -0.000000
vn -0.000000 1.000000 -0.000000
vn -0.000000 1.000000 -0.000000
vn -0.000000 1.000000 -0.000000
vn -0.000000 1.000000 -0.000000
vn -0.000000 1.000000 -0.000000
vn -0.000000 1.000000 -0.000000
vn -0.000000 1.000000 -0.000000
vn -0.000000 1.000000 -0.000000
vn -0.000000 1.000000 -0.000000
vn -0.000000 1.000000 -0.000000
vn -0.000000 1.000000 -0.000000
vn -0.000000 1.000000 -0.000000
vn -0.000000 1.000000 -0.000000
vn -0.000000 1.000000 -0.000000
vn -0.000000 1.000000 -0.000000
vn -0.000000 1.000000 -0.000000
vn -0.000000 1.000000 -0.000000
vn -0.000000 1.000000 -0.000000
vn -0.000000 1.000000 -0.000000
vn -0.000000 1.000000 -0.000000
vn -0.000000 1.000000 -0.000000
vn -0.000000 1.000000 -0.000000
vn -0.000000 1.000000 -0.000000
vn -0.000000 1.000000 -0.000000
vn -0.000000 1.000000 -0.000000
vn -0.000000 1.000000 -0.000000
vn -0.000000 1.000000 -0.000000
vn -0.000000 1.000000 -0.000000
vn -0.000000 1.000000 -0.000000
vn -0.000000 1.000000 -0.000000
vn -0.000000 1.000000 -0.000000
vn -0.000000 1.000000 -0.000000
vn -0.000000 1.000000 -0.000000
vn -0.000000 1.000000 -0.000000
vn -0.000000 1.000000 -0.000000
vn -0.000000 1.000000 -0.000000
vn -0.000000 1.000000 -0.000000
vn -0.000000 1.000000 -0.000000
vn -0.000000 1.000000 -0.000000
vn -0.000000 1.000000 -0.000000
vn -0.000000 1.000000 -0.000000
vn -0.000000 1.000000 -0.000000
vn -0.000000 1.000000 -0.000000
vn -0.000000 1.000000 -0.000000
vn -0.000000 1.000000 -0.000000
vn -0.000000 1.000000 -0.000000
vn -0.000000 1.000000 -0.000000
vn -0.000000 1.000000 -0.000000
vn -0.000000 1.000000 -0.000000
vn -0.000000 1.000000 -0.000000
vn -0.000000 1.000000 -0.000000
vn -0.000000 1.000000 -0.000000
vn -0.000000 1.000000 -0.000000
vn -0.000000 1.000000 -0.000000
vn -0.000000 1.000000 -0.000000
vn -0.000000 1.000000 -0.000000
vn -0.000000 1.000000 -0.000000
vn -0.000000 1.000000 -0.000000
vn -0.000000 1.000000 -0.000000
vn -0.000000 1.000000 -0.000000
vn -0.000000 1.000000 -0.000000
vn -0.000000 1.000000 -0.000000
vn -0.000000 1.000000 -0.000000
vn -0.000000 1.000000 -0.000000
vn -0.000000 1.000000 -0.000000
vn -0.000000 1.000000 -0.000000
vn -0.000000 1.000000 -0.000000
vn -0.000000 1.000000 -0.000000
vn -0.000000 1.000000 -0.000000
vn -0.000000 1.000000 -0.000000
vn -0.000000 1.000000 -0.000000
vn -0.000000 1.000000 -0.000000
vn -0.000000 1.000000 -0.000000
vn -0.000000 1.000000 -0.000000
vn -0.000000 1.000000 -0.000000
vn -0.000000 1.000000 -0.000000
vn -0.000000 1.000000 -0.000000
vn -0.000000 1.000000 -0.000000
vn -0.000000 1.000000 -0.000000
vn -0.000000 1.000000 -0.000000
vn -0.000000 1.000000 -0.000000
vn -0.000000 1.000000 -0.000000
vn -0.000000 1.000000 -0.000000
vn -0.000000 1.000000 -0.000000
vn -0.000000 1.000000 -0.000000
vn -0.000000 1.000000 -0.000000
vn -0.000000 1.000000 -0.000000
vn -0.000000 1.000000 -0.000000
vn -0.000000 1.000000 -0.000000
vn -0.000000 1.000000 -0.000000
vn -0.000000 1.000000 -0.000000
vn -0.000000 1.000000 -0.000000
vn -0.000000 1.000000 -0.000000
vn -0.000000 1.000000 -0.000000
vn -0.000000 1.000000 -0.000000
vn -0.000000 1.000000 -0.000000
vn -0.000000 1.000000 -0.000000
vn -0.000000 1.000000 -0.000000
vn -0.000000 1.000000 -0.000000
vn -0.000000 1.000000 -0.000000
vn -0.000000 1.000000 -0.000000
vn -0.000000 1.000000 -0.000000
vn -0.000000 1.000000 -0.000000
vn -0.000000 1.000000 -0.000000
vn -0.000000 1.000000 -0.000000
vn -0.000000 1.000000 -0.000000
vn -0.000000 1.000000 -0.000000
vn -0.000000 1.000000 -0.000000
vn -0.000000 1.000000 -0.000000
vn -0.000000 1.000000 -0.000000
vn -0.000000 1.000000 -0.000000
vn -0.000000 1.000000 -0.000000
vn -0.000000 1.000000 -0.000000
vn -0.000000 1.000000 -0.000000
vn -0.000000 1.000000 -0.000000
vn -0.000000 1.000000 -0.000000
vn -0.000000 1.000000 -0.000000
vn -0.000000 1.000000 -0.000000
vn -0.000000 1.000000 -0.000000
vn -0.000000 1.000000 -0.000000
vn -0.000000 1.000000 -0.000000
vn -0.000000 1.000000 -0.000000
vn -0.000000 1.000000 -0.000000
vn -0.000000 1.000000 -0.000000
vn -0.000000 1.000000 -0.000000
vn -0.000000 1.000000 -0.000000
vn -0.000000 1.000000 -0.000000
vn -0.000000 1.000000 -0.000000
vn -0.000000 1.000000 -0.000000
vn -0.000000 1.000000 -0.000000
vn -0.000000 1.000000 -0.000000
vn -0.000000 1.000000 -0.000000
vn -0.000000 1.000000 -0.000000
vn -0.000000 1.000000 -0.000000
vn -0.000000 1.000000 -0.000000
vn -0.000000 1.000000 -0.000000
vn -0.000000 1.000000 -0.000000
vn -0.000000 1.000000 -0.000000
vn -0.000000 1.000000 -0.000000
vn -0.000000 1.000000 -0.000000
vn -0.000000 1.000000 -0.000000
vn -0.000000 1.000000 -0.000000
vn -0.000000 1.000000 -0.000000
vn -0.000000 1.000000 -0.000000
vn -0.000000 1.000000 -0.000000
vn -0.000000 1.000000 -0.000000
vn -0.000000 1.000000 -0.000000
vn -0.000000 1.000000 -0.000000
vn -0.000000 1.000000 -0.000000
vn -0.000000 1.000000 -0.000000
vn -0.000000 1.000000 -0.000000
vn -0.000000 1.000000 -0.000000
vn -0.000000 1.000000 -0.000000
vn -0.000000 1.000000 -0.000000
vn -0.000000 1.000000 -0.000000
vn -0.000000 1.000000 -0.000000
vn -0.000000 1.000000 -0.000000
vn -0.000000 1.000000 -0.000000
vn -0.000000 1.000000 -0.000000
vn -0.000000 1.000000 -0.000000
vn -0.000000 1.000000 -0.000000
vn -0.000000 1.000000 -0.000000
vn -0.000000 1.000000 -0.000000
vn -0.000000 1.000000 -0.000000
vn -0.000000 1.000000 -0.000000
vn -0.000000 1.000000 -0.000000
vn -0.000000 1.000000 -0.000000
vn -0.000000 1.000000 -0.000000
vn -0.000000 1.000000 -0.000000
vn -0.000000 1.000000 -0.000000
vn -0.000000 1.000000 -0.000000
vn -0.000000 1.000000 -0.000000
vn -0.000000 1.000000 -0.000000
vn -0.000000 1.000000 -0.000000
vn -0.000000 1.000000 -0.000000
vn -0.000000 1.000000 -0.000000
vn -0.000000 1.000000 -0.000000
vn -0.000000 1.000000 -0.000000
vn -0.000000 1.000000 -0.000000
vn -0.000000 1.000000 -0.000000
vn -0.000000 1.000000 -0.000000
vn -0.000000 1.000000 -0.000000
vn -0.000000 1.000000 -0.000000
vn -0.000000 1.000000 -0.000000
vn -0.000000 1.000000 -0.000000
vn -0.000000 1.000000 -0.000000
vn -0.000000 1.000000 -0.000000
vn -0.000000 1.000000 -0.000000
vn -0.000000 1.000000 -0.000000
vn -0.000000 1.000000 -0.000000
vn -0.000000 1.000000 -0.000000
vn -0.000000 1.000000 -0.000000
vn -0.000000 1.000000 -0.000000
vn -0.000000 1.000000 -0.000000
vn -0.000000 1.000000 -0.000000
vn -0.000000 1.000000 -0.000000
vn -0.000000 1.000000 -0.000000
vn -0.000000 1.000000 -0.000000
vn -0.000000 1.000000 -0.000000
vn -0.000000 1.000000 -0.000000
vn -0.000000 1.000000 -0.000000
vn -0.000000 1.000000 -0.000000
f 1342//1342 1044//1044 1043//1043
f 1343//1343 1043//1043 1042//1042
f 1343//1343 1342//1342 1043//1043
f 1341//1341 1045//1045 1044//1044
f 1341//1341 1044//1044 1342//1342
f 1344//1344 1343//1343 1042//1042
f 1340//1340 1046//1046 1045//1045
f 1340//1340 1045//1045 1341//1341
f 1345//1345 1042//1042 1041//1041
f 1345//1345 1344//1344 1042//1042
f 1339//1339 1046//1046 1340//1340
f 1047//1047 1046//1046 1339//1339
f 1346//1346 1041//1041 1040//1040
f 1346//1346 1345//1345 1041//1041
f 1338//1338 1047//1047 1339//1339
f 1347//1347 1346//1346 1040//1040
f 1048//1048 1047//1047 1338//1338
f 1348//1348 1040//1040 1039//1039
f 1348//1348 1347//1347 1040//1040
f 1337//1337 1048//1048 1338//1338
f 1349//1349 1348//1348 1039//1039
f 1336//1336 1048//1048 1337//1337
f 1049//1049 1048//1048 1336//1336
f 1038//1038 1349//1349 1039//1039
f 1335//1335 1049//1049 1336//1336
f 1350//1350 1349//1349 1038//1038
f 1334//1334 1049//1049 1335//1335
f 1037//1037 1350//1350 1038//1038
f 1050//1050 1049//1049 1334//1334
f 1351//1351 1350//1350 1037//1037
f 1333//1333 1050//1050 1334//1334
f 1036//1036 1351//1351 1037//1037
f 1051//1051 1050//1050 1333//1333
f 1352//1352 1351//1351 1036//1036
f 1332//1332 1051//1051 1333//1333
f 1353//1353 1352//1352 1036//1036
f 1035//1035 1353//1353 1036//1036
f 1331//1331 1051//1051 1332//1332
f 1354//1354 1353//1353 1035//1035
f 1330//1330 1051//1051 1331//1331
f 1034//1034 1354//1354 1035//1035
f 1355//1355 1354//1354 1034//1034
f 1033//1033 1355//1355 1034//1034
f 1356//1356 1355//1355 1033//1033
f 1032//1032 1356//1356 1033//1033
f 1032//1032 1357//1357 1356//1356
f 1052//1052 1329//1329 1328//1328
f 1052//1052 1330//1330 1329//1329
f 1052//1052 1051//1051 1330//1330
f 1358//1358 1357//1357 1032//1032
f 1208//1208 1052//1052 1328//1328
f 1209//1209 1208//1208 1328//1328
f 1207//1207 1052//1052 1208//1208
f 1031//1031 1358//1358 1032//1032
f 1210//1210 1328//1328 1327//1327
f 1210//1210 1209//1209 1328//1328
f 1206//1206 1052//1052 1207//1207
f 1211//1211 1210//1210 1327//1327
f 1205//1205 1052//1052 1206//1206
f 1212//1212 1211//1211 1327//1327
f 1204//1204 1052//1052 1205//1205
f 1213//1213 1212//1212 1327//1327
f 1203//1203 1052//1052 1204//1204
f 1214//1214 1213//1213 1327//1327
f 1202//1202 1052//1052 1203//1203
f 1359//1359 1358//1358 1031//1031
f 1215//1215 1327//1327 1326//1326
f 1215//1215 1214//1214 1327//1327
f 1201//1201 1052//1052 1202//1202
f 1216//1216 1215//1215 1326//1326
f 1200//1200 1052//1052 1201//1201
f 1217//1217 1216//1216 1326//1326
f 1199//1199 1052//1052 1200//1200
f 1218//1218 1217//1217 1326//1326
f 1198//1198 1052//1052 1199//1199
f 1219//1219 1218//1218 1326//1326
f 1197//1197 1052//1052 1198//1198
f 1220//1220 1219//1219 1326//1326
f 1030//1030 1360//1360 1359//1359
f 1030//1030 1359//1359 1031//1031
f 1313//1313 1360//1360 1030//1030
f 1449//1449 1221//1221 1220//1220
f 1449//1449 1222//1222 1221//1221
f 1449//1449 1223//1223 1222//1222
f 1449//1449 1324//1324 1323//1323
f 1449//1449 1224//1224 1223//1223
f 1449//1449 1325//1325 1324//1324
f 1449//1449 1326//1326 1325//1325
f 1449//1449 1181//1181 1224//1224
f 1449//1449 1220//1220 1326//1326
f 1314//1314 1313//1313 1030//1030
f 1450//1450 1323//1323 1322//1322
f 1450//1450 1449//1449 1323//1323
f 1321//1321 1450//1450 1322//1322
f 1452//1452 1181//1181 1449//1449
f 1452//1452 1182//1182 1181//1181
f 1452//1452 1183//1183 1182//1182
f 1452//1452 1184//1184 1183//1183
f 1452//1452 1185//1185 1184//1184
f 1452//1452 1186//1186 1185//1185
f 1452//1452 1187//1187 1186//1186
f 1452//1452 1188//1188 1187//1187
f 1452//1452 1189//1189 1188//1188
f 1053//1053 1195//1195 1194//1194
f 1053//1053 1196//1196 1195//1195
f 1053//1053 1197//1197 1196//1196
f 1053//1053 1052//1052 1197//1197
f 1432//1432 1053//1053 1194//1194
f 1433//1433 1432//1432 1194//1194
f 1433//1433 1194//1194 1193//1193
f 1431//1431 1053//1053 1432//1432
f 1434//1434 1193//1193 1192//1192
f 1434//1434 1433//1433 1193//1193
f 1430//1430 1053//1053 1431//1431
f 1435//1435 1192//1192 1191//1191
f 1435//1435 1434//1434 1192//1192
f 1429//1429 1053//1053 1430//1430
f 1436//1436 1191//1191 1190//1190
f 1436//1436 1435//1435 1191//1191
f 1428//1428 1053//1053 1429//1429
f 1437//1437 1190//1190 1189//1189
f 1437//1437 1436//1436 1190//1190
f 1427//1427 1053//1053 1428//1428
f 1438//1438 1189//1189 1452//1452
f 1438//1438 1437//1437 1189//1189
f 1426//1426 1053//1053 1427//1427
f 1439//1439 1438//1438 1452//1452
f 1425//1425 1053//1053 1426//1426
f 1440//1440 1439//1439 1452//1452
f 1424//1424 1053//1053 1425//1425
f 1441//1441 1440//1440 1452//1452
f 1423//1423 1053//1053 1424//1424
f 1442//1442 1441//1441 1452//1452
f 1422//1422 1053//1053 1423//1423
f 1177//1177 1320//1320 1319//1319
f 1177//1177 1321//1321 1320//1320
f 1177//1177 1450//1450 1321//1321
f 1443//1443 1442//1442 1452//1452
f 1444//1444 1443//1443 1452//1452
f 1444//1444 1452//1452 1451//1451
f 1178//1178 1318//1318 1317//1317
f 1178//1178 1319//1319 1318//1318
f 1178//1178 1177//1177 1319//1319
f 1054//1054 1417//1417 1416//1416
f 1054//1054 1418//1418 1417//1417
f 1054//1054 1419//1419 1418//1418
f 1054//1054 1420//1420 1419//1419
f 1054//1054 1421//1421 1420//1420
f 1054//1054 1422//1422 1421//1421
f 1054//1054 1053//1053 1422//1422
f 1054//1054 1414//1414 1413//1413
f 1054//1054 1415//1415 1414//1414
f 1054//1054 1416//1416 1415//1415
f 1389//1389 1388//1388 1178//1178
f 1387//1387 1178//1178 1388//1388
f 1390//1390 1389//1389 1178//1178
f 1386//1386 1178//1178 1387//1387
f 1391//1391 1390//1390 1178//1178
f 1385//1385 1178//1178 1386//1386
f 1180//1180 1450//1450 1177//1177
f 1180//1180 1451//1451 1450//1450
f 1392//1392 1391//1391 1178//1178
f 1384//1384 1178//1178 1385//1385
f 1393//1393 1392//1392 1178//1178
f 1394//1394 1178//1178 1317//1317
f 1394//1394 1393//1393 1178//1178
f 1395//1395 1394//1394 1317//1317
f 1396//1396 1317//1317 1316//1316
f 1396//1396 1395//1395 1317//1317
f 1397//1397 1396//1396 1316//1316
f 1398//1398 1316//1316 1315//1315
f 1398//1398 1397//1397 1316//1316
f 1170//1170 1445//1445 1444//1444
f 1171//1171 1170//1170 1444//1444
f 1171//1171 1444//1444 1451//1451
f 1172//1172 1171//1171 1451//1451
f 1169//1169 1446//1446 1445//1445
f 1169//1169 1445//1445 1170//1170
f 1173//1173 1172//1172 1451//1451
f 1174//1174 1173//1173 1451//1451
f 1168//1168 1446//1446 1169//1169
f 1168//1168 1447//1447 1446//1446
f 1175//1175 1174//1174 1451//1451
f 1176//1176 1175//1175 1451//1451
f 1399//1399 1398//1398 1315//1315
f 1167//1167 1448//1448 1447//1447
f 1167//1167 1405//1405 1448//1448
f 1167//1167 1447//1447 1168//1168
f 1179//1179 1378//1378 1377//1377
f 1179//1179 1379//1379 1378//1378
f 1179//1179 1380//1380 1379//1379
f 1179//1179 1381//1381 1380//1380
f 1400//1400 1399//1399 1315//1315
f 1400//1400 1315//1315 1314//1314
f 1376//1376 1179//1179 1377//1377
f 1166//1166 1405//1405 1167//1167
f 1166//1166 1406//1406 1405//1405
f 1401//1401 1314//1314 1030//1030
f 1401//1401 1400//1400 1314//1314
f 1375//1375 1179//1179 1376//1376
f 1165//1165 1406//1406 1166//1166
f 1165//1165 1407//1407 1406//1406
f 1402//1402 1401//1401 1030//1030
f 1374//1374 1179//1179 1375//1375
f 1164//1164 1407//1407 1165//1165
f 1164//1164 1408//1408 1407//1407
f 1403//1403 1402//1402 1030//1030
f 1373//1373 1179//1179 1374//1374
f 1372//1372 1179//1179 1373//1373
f 1163//1163 1408//1408 1164//1164
f 1163//1163 1409//1409 1408//1408
f 1162//1162 1409//1409 1163//1163
f 1162//1162 1410//1410 1409//1409
f 1161//1161 1410//1410 1162//1162
f 1161//1161 1411//1411 1410//1410
f 1160//1160 1412//1412 1411//1411
f 1160//1160 1411//1411 1161//1161
f 1121//1121 1451//1451 1180//1180
f 1121//1121 1176//1176 1451//1451
f 1122//1122 1121//1121 1180//1180
f 1159//1159 1413//1413 1412//1412
f 1159//1159 1412//1412 1160//1160
f 1123//1123 1122//1122 1180//1180
f 1124//1124 1123//1123 1180//1180
f 1158//1158 1413//1413 1159//1159
f 1158//1158 1054//1054 1413//1413
f 1125//1125 1124//1124 1180//1180
f 1126//1126 1125//1125 1180//1180
f 1157//1157 1054//1054 1158//1158
f 1156//1156 1054//1054 1157//1157
f 1156//1156 1055//1055 1054//1054
f 1155//1155 1055//1055 1156//1156
f 1154//1154 1055//1055 1155//1155
f 1153//1153 1055//1055 1154//1154
f 1152//1152 1055//1055 1153//1153
f 1151//1151 1055//1055 1152//1152
f 1150//1150 1055//1055 1151//1151
f 1149//1149 1055//1055 1150//1150
f 1148//1148 1055//1055 1149//1149
f 1253//1253 1252//1252 1179//1179
f 1251//1251 1127//1127 1126//1126
f 1251//1251 1179//1179 1252//1252
f 1251//1251 1126//1126 1180//1180
f 1251//1251 1180//1180 1179//1179
f 1254//1254 1253//1253 1179//1179
f 1250//1250 1128//1128 1127//1127
f 1250//1250 1129//1129 1128//1128
f 1250//1250 1127//1127 1251//1251
f 1255//1255 1254//1254 1179//1179
f 1249//1249 1130//1130 1129//1129
f 1249//1249 1129//1129 1250//1250
f 1256//1256 1255//1255 1179//1179
f 1248//1248 1131//1131 1130//1130
f 1248//1248 1132//1132 1131//1131
f 1248//1248 1130//1130 1249//1249
f 1257//1257 1256//1256 1179//1179
f 1257//1257 1179//1179 1372//1372
f 1257//1257 1372//1372 1371//1371
f 1247//1247 1133//1133 1132//1132
f 1247//1247 1132//1132 1248//1248
f 1258//1258 1371//1371 1370//1370
f 1258//1258 1257//1257 1371//1371
f 1246//1246 1134//1134 1133//1133
f 1246//1246 1133//1133 1247//1247
f 1259//1259 1370//1370 1369//1369
f 1259//1259 1258//1258 1370//1370
f 1245//1245 1134//1134 1246//1246
f 1245//1245 1135//1135 1134//1134
f 1260//1260 1259//1259 1369//1369
f 1260//1260 1369//1369 1368//1368
f 1244//1244 1136//1136 1135//1135
f 1244//1244 1135//1135 1245//1245
f 1243//1243 1137//1137 1136//1136
f 1243//1243 1136//1136 1244//1244
f 1242//1242 1138//1138 1137//1137
f 1242//1242 1137//1137 1243//1243
f 1241//1241 1138//1138 1242//1242
f 1241//1241 1139//1139 1138//1138
f 1240//1240 1139//1139 1241//1241
f 1240//1240 1140//1140 1139//1139
f 1239//1239 1141//1141 1140//1140
f 1239//1239 1140//1140 1240//1240
f 1029//1029 1260//1260 1368//1368
f 1029//1029 1261//1261 1260//1260
f 1029//1029 1362//1362 1361//1361
f 1029//1029 1262//1262 1261//1261
f 1029//1029 1363//1363 1362//1362
f 1029//1029 1263//1263 1262//1262
f 1029//1029 1364//1364 1363//1363
f 1029//1029 1365//1365 1364//1364
f 1029//1029 1264//1264 1263//1263
f 1029//1029 1366//1366 1365//1365
f 1029//1029 1265//1265 1264//1264
f 1029//1029 1367//1367 1366//1366
f 1029//1029 1368//1368 1367//1367
f 1029//1029 1361//1361 1404//1404
f 1266//1266 1265//1265 1029//1029
f 1238//1238 1141//1141 1239//1239
f 1238//1238 1142//1142 1141//1141
f 1267//1267 1266//1266 1029//1029
f 1237//1237 1143//1143 1142//1142
f 1237//1237 1142//1142 1238//1238
f 1268//1268 1267//1267 1029//1029
f 1236//1236 1143//1143 1237//1237
f 1236//1236 1144//1144 1143//1143
f 1225//1225 1268//1268 1029//1029
f 1235//1235 1144//1144 1236//1236
f 1226//1226 1225//1225 1029//1029
f 1227//1227 1226//1226 1029//1029
f 1068//1068 1056//1056 1055//1055
f 1068//1068 1055//1055 1069//1069
f 1070//1070 1069//1069 1055//1055
f 1071//1071 1070//1070 1055//1055
f 1067//1067 1056//1056 1068//1068
f 1072//1072 1071//1071 1055//1055
f 1073//1073 1072//1072 1055//1055
f 1066//1066 1056//1056 1067//1067
f 1074//1074 1073//1073 1055//1055
f 1075//1075 1074//1074 1055//1055
f 1065//1065 1056//1056 1066//1066
f 1064//1064 1056//1056 1065//1065
f 1120//1120 1056//1056 1064//1064
f 1119//1119 1056//1056 1120//1120
f 1118//1118 1056//1056 1119//1119
f 1117//1117 1056//1056 1118//1118
f 1076//1076 1148//1148 1147//1147
f 1076//1076 1055//1055 1148//1148
f 1076//1076 1075//1075 1055//1055
f 1077//1077 1147//1147 1146//1146
f 1077//1077 1076//1076 1147//1147
f 1116//1116 1056//1056 1117//1117
f 1078//1078 1146//1146 1145//1145
f 1078//1078 1077//1077 1146//1146
f 1115//1115 1056//1056 1116//1116
f 1079//1079 1078//1078 1145//1145
f 1080//1080 1079//1079 1145//1145
f 1080//1080 1235//1235 1234//1234
f 1080//1080 1145//1145 1144//1144
f 1080//1080 1144//1144 1235//1235
f 1114//1114 1056//1056 1115//1115
f 1113//1113 1056//1056 1114//1114
f 1081//1081 1080//1080 1234//1234
f 1112//1112 1056//1056 1113//1113
f 1061//1061 1058//1058 1057//1057
f 1082//1082 1234//1234 1233//1233
f 1082//1082 1081//1081 1234//1234
f 1111//1111 1056//1056 1112//1112
f 1111//1111 1057//1057 1056//1056
f 1110//1110 1057//1057 1111//1111
f 1083//1083 1233//1233 1232//1232
f 1083//1083 1082//1082 1233//1233
f 1062//1062 1057//1057 1110//1110
f 1062//1062 1061//1061 1057//1057
f 1062//1062 1110//1110 1109//1109
f 1060//1060 1058//1058 1061//1061
f 1060//1060 1059//1059 1058//1058
f 1013//1013 1062//1062 1109//1109
f 1013//1013 1105//1105 1104//1104
f 1013//1013 1106//1106 1105//1105
f 1013//1013 1107//1107 1106//1106
f 1013//1013 1108//1108 1107//1107
f 1013//1013 1109//1109 1108//1108
f 1014//1014 1063//1063 1062//1062
f 1014//1014 1062//1062 1013//1013
f 1296//1296 1094//1094 1093//1093
f 1296//1296 1095//1095 1094//1094
f 1297//1297 1296//1296 1093//1093
f 1297//1297 1093//1093 1092//1092
f 1295//1295 1095//1095 1296//1296
f 1295//1295 1096//1096 1095//1095
f 1298//1298 1297//1297 1092//1092
f 1298//1298 1092//1092 1091//1091
f 1294//1294 1097//1097 1096//1096
f 1294//1294 1096//1096 1295//1295
f 1299//1299 1298//1298 1091//1091
f 1299//1299 1091//1091 1090//1090
f 1293//1293 1097//1097 1294//1294
f 1293//1293 1098//1098 1097//1097
f 1300//1300 1299//1299 1090//1090
f 1300//1300 1090//1090 1089//1089
f 1292//1292 1098//1098 1293//1293
f 1292//1292 1099//1099 1098//1098
f 1301//1301 1300//1300 1089//1089
f 1301//1301 1089//1089 1088//1088
f 1291//1291 1099//1099 1292//1292
f 1302//1302 1301//1301 1088//1088
f 1302//1302 1088//1088 1087//1087
f 1290//1290 1099//1099 1291//1291
f 1290//1290 1100//1100 1099//1099
f 1303//1303 1302//1302 1087//1087
f 1303//1303 1087//1087 1086//1086
f 1289//1289 1100//1100 1290//1290
f 1289//1289 1101//1101 1100//1100
f 1015//1015 1013//1013 1104//1104
f 1015//1015 1103//1103 1102//1102
f 1015//1015 1104//1104 1103//1103
f 1304//1304 1303//1303 1086//1086
f 1304//1304 1085//1085 1084//1084
f 1304//1304 1086//1086 1085//1085
f 1288//1288 1101//1101 1289//1289
f 1288//1288 1015//1015 1102//1102
f 1288//1288 1102//1102 1101//1101
f 1305//1305 1304//1304 1084//1084
f 1305//1305 1083//1083 1232//1232
f 1305//1305 1084//1084 1083//1083
f 1287//1287 1015//1015 1288//1288
f 1306//1306 1305//1305 1232//1232
f 1306//1306 1232//1232 1231//1231
f 1286//1286 1015//1015 1287//1287
f 1307//1307 1231//1231 1230//1230
f 1307//1307 1306//1306 1231//1231
f 1285//1285 1015//1015 1286//1286
f 1308//1308 1230//1230 1229//1229
f 1308//1308 1307//1307 1230//1230
f 1309//1309 1229//1229 1228//1228
f 1309//1309 1308//1308 1229//1229
f 1310//1310 1228//1228 1227//1227
f 1310//1310 1309//1309 1228//1228
f 1017//1017 1016//1016 1015//1015
f 1017//1017 1015//1015 1285//1285
f 1017//1017 1285//1285 1284//1284
f 1018//1018 1284//1284 1283//1283
f 1018//1018 1017//1017 1284//1284
f 1019//1019 1283//1283 1282//1282
f 1019//1019 1018//1018 1283//1283
f 1020//1020 1282//1282 1281//1281
f 1020//1020 1019//1019 1282//1282
f 1021//1021 1281//1281 1280//1280
f 1021//1021 1020//1020 1281//1281
f 1022//1022 1280//1280 1279//1279
f 1022//1022 1021//1021 1280//1280
f 1023//1023 1022//1022 1279//1279
f 1023//1023 1279//1279 1278//1278
f 1024//1024 1023//1023 1278//1278
f 1024//1024 1278//1278 1277//1277
f 1028//1028 1024//1024 1277//1277
f 1028//1028 1025//1025 1024//1024
f 1028//1028 1026//1026 1025//1025
f 1028//1028 1027//1027 1026//1026
f 1028//1028 1270//1270 1269//1269
f 1028//1028 1271//1271 1270//1270
f 1028//1028 1272//1272 1271//1271
f 1028//1028 1273//1273 1272//1272
f 1028//1028 1274//1274 1273//1273
f 1028//1028 1275//1275 1274//1274
f 1028//1028 1276//1276 1275//1275
f 1028//1028 1277//1277 1276//1276
f 1028//1028 1269//1269 1029//1029
f 1269//1269 1312//1312 1029//1029
f 1312//1312 1311//1311 1029//1029
f 1311//1311 1310//1310 1029//1029
f 1310//1310 1227//1227 1029//1029
f 1029//1029 1404//1404 1030//1030
f 1404//1404 1403//1403 1030//1030
f 1178//1178 1383//1383 1179//1179
f 1383//1383 1382//1382 1179//1179
f 1382//1382 1381//1381 1179//1179
f 1178//1178 1384//1384 1383//1383
v 275.042175 326.500000 898.068298
v 273.121979 325.905273 887.178406
v 271.931641 324.931732 880.427612
v 270.755524 323.499939 873.757568
v 352.214600 326.500000 898.068298
v 345.600922 319.199219 860.560303
v 347.745667 323.234955 872.723816
v 349.962524 325.680969 885.296143
v 369.236298 317.401855 856.392761
v 376.584839 326.500000 898.068298
v 374.069061 325.476868 883.800537
v 371.602417 322.424683 869.811646
v 464.360901 326.500000 898.068298
v 462.376068 326.478241 895.983582
v 461.374664 326.440186 894.610046
v 460.512726 326.378876 893.148254
v 459.630035 326.262939 891.186584
v 458.935760 326.077087 888.880737
v 458.641083 325.909332 887.215454
v 458.504913 325.696198 885.414551
v 458.554962 325.449921 883.614502
v 458.769562 325.190735 881.939575
v 459.263214 324.833466 879.887878
v 460.104950 324.399323 877.678955
v 461.235962 323.944214 875.604431
v 462.635315 323.486145 873.702637
v 464.280518 323.043488 872.003845
v 465.601166 322.745636 870.924683
v 467.088898 322.462067 869.938599
v 468.672546 322.214661 869.107971
v 470.338257 322.010376 868.441223
v 472.067108 321.855835 867.947510
v 473.837402 321.756226 867.633972
v 474.915466 321.724152 867.533691
v 476.000000 321.713318 867.500000
v 478.858643 321.788422 867.734863
v 480.487152 321.899200 868.085144
v 482.072998 322.055603 868.587402
v 484.030487 322.317902 869.451355
v 486.080658 322.680603 870.695129
v 487.652374 323.027100 871.943237
v 488.924622 323.358826 873.201355
v 490.060364 323.702606 874.581055
v 491.049042 324.049835 876.067566
v 491.880371 324.392548 877.646484
v 492.521088 324.709412 879.229248
v 493.109833 325.088104 881.323242
v 493.455261 325.469482 883.748962
v 493.481842 325.743958 885.794983
v 493.299652 325.954681 887.639282
v 492.922821 326.128571 889.457397
v 492.353729 326.265869 891.229187
v 491.600037 326.367920 892.930359
v 490.668243 326.437897 894.544373
v 489.568756 326.479645 896.051575
v 488.643555 326.495300 897.099182
v 487.639099 326.500000 898.068298
v 499.000000 326.500000 898.068298
v 500.110718 311.894073 846.031311
v 499.551514 319.248016 860.681152
v 499.181580 324.112762 876.348694
v 499.045532 325.901611 887.145691
v 213.105988 311.894073 846.031311
v 239.104477 326.500000 898.068298
v 232.109375 325.093781 881.357544
v 224.309540 321.034424 865.460938
v 218.786407 316.969788 855.462952
v 250.671936 326.500000 898.068298
v 247.120148 324.450256 877.925110
v 248.887131 325.986389 887.946167
vn 0.000000 1.000000 -0.000000
vn 0.000000 0.994053 -0.108899
vn 0.000000 0.984317 -0.176407
vn 0.000000 0.969999 -0.243108
vn 0.000000 1.000000 0.000000
vn 0.000000 0.926992 -0.375080
vn 0.000000 0.967350 -0.253445
vn 0.000000 0.991810 -0.127722
vn 0.000000 0.909018 -0.416756
vn 0.000000 1.000000 -0.000000
vn 0.000000 0.989769 -0.142678
vn 0.000000 0.959247 -0.282567
vn 0.000000 1.000000 0.000000
vn 0.000000 0.999783 -0.020848
vn 0.000000 0.999402 -0.034583
vn 0.000000 0.998789 -0.049201
vn 0.000000 0.997629 -0.068818
vn 0.000000 0.995770 -0.091876
vn 0.000000 0.994093 -0.108529
vn 0.000000 0.991962 -0.126538
vn 0.000000 0.989499 -0.144538
vn 0.000000 0.986907 -0.161288
vn 0.000000 0.983335 -0.181804
vn 0.000000 0.978993 -0.203893
vn 0.000000 0.974442 -0.224639
vn 0.000000 0.969862 -0.243657
vn 0.000000 0.965435 -0.260645
vn 0.000000 0.962456 -0.271436
vn 0.000000 0.959621 -0.281297
vn 0.000000 0.957147 -0.289604
vn 0.000000 0.955104 -0.296271
vn 0.000000 0.953558 -0.301208
vn 0.000000 0.952562 -0.304343
vn 0.000000 0.952241 -0.305346
vn 0.000000 0.952133 -0.305683
vn 0.000000 0.952884 -0.303335
vn 0.000000 0.953992 -0.299832
vn 0.000000 0.955556 -0.294809
vn 0.000000 0.958179 -0.286170
vn 0.000000 0.961806 -0.273732
vn 0.000000 0.965271 -0.261251
vn 0.000000 0.968588 -0.248670
vn 0.000000 0.972026 -0.234873
vn 0.000000 0.975498 -0.220007
vn 0.000000 0.978925 -0.204218
vn 0.000000 0.982094 -0.188391
vn 0.000000 0.985880 -0.167450
vn 0.000000 0.989695 -0.143193
vn 0.000000 0.992440 -0.122733
vn 0.000000 0.994547 -0.104290
vn 0.000000 0.996286 -0.086109
vn 0.000000 0.997659 -0.068391
vn 0.000000 0.998679 -0.051379
vn 0.000000 0.999379 -0.035240
vn 0.000000 0.999797 -0.020167
vn 0.000000 0.999953 -0.009691
vn 0.000000 1.000000 -0.000000
vn 0.000000 1.000000 0.000000
vn 0.000000 0.853941 -0.520370
vn 0.000000 0.927480 -0.373872
vn 0.000000 0.976128 -0.217197
vn 0.000000 0.994017 -0.109226
vn 0.000000 0.853941 -0.520370
vn 0.000000 1.000000 -0.000000
vn 0.000000 0.985939 -0.167108
vn 0.000000 0.945344 -0.326074
vn 0.000000 0.904698 -0.426054
vn 0.000000 1.000000 0.000000
vn 0.000000 0.979502 -0.201432
vn 0.000000 0.994864 -0.101222
f 1508//1508 1509//1509 1510//1510
f 1507//1507 1508//1508 1510//1510
f 1506//1506 1507//1507 1510//1510
f 1505//1505 1506//1506 1510//1510
f 1504//1504 1505//1505 1510//1510
f 1514//1514 1503//1503 1504//1504
f 1514//1514 1504//1504 1510//1510
f 1502//1502 1503//1503 1514//1514
f 1501//1501 1502//1502 1514//1514
f 1462//1462 1465//1465 1466//1466
f 1462//1462 1466//1466 1467//1467
f 1462//1462 1467//1467 1468//1468
f 1462//1462 1468//1468 1469//1469
f 1500//1500 1501//1501 1514//1514
f 1499//1499 1500//1500 1514//1514
f 1513//1513 1499//1499 1514//1514
f 1513//1513 1497//1497 1498//1498
f 1513//1513 1498//1498 1499//1499
f 1496//1496 1497//1497 1513//1513
f 1495//1495 1496//1496 1513//1513
f 1494//1494 1495//1495 1513//1513
f 1493//1493 1494//1494 1513//1513
f 1492//1492 1493//1493 1513//1513
f 1463//1463 1462//1462 1469//1469
f 1463//1463 1469//1469 1470//1470
f 1463//1463 1470//1470 1471//1471
f 1463//1463 1471//1471 1472//1472
f 1463//1463 1472//1472 1473//1473
f 1463//1463 1473//1473 1474//1474
f 1463//1463 1474//1474 1475//1475
f 1463//1463 1475//1475 1476//1476
f 1512//1512 1485//1485 1486//1486
f 1512//1512 1486//1486 1487//1487
f 1512//1512 1487//1487 1488//1488
f 1512//1512 1488//1488 1489//1489
f 1512//1512 1489//1489 1490//1490
f 1512//1512 1490//1490 1491//1491
f 1512//1512 1491//1491 1492//1492
f 1512//1512 1492//1492 1513//1513
f 1454//1454 1453//1453 1457//1457
f 1454//1454 1457//1457 1460//1460
f 1522//1522 1516//1516 1520//1520
f 1464//1464 1477//1477 1478//1478
f 1464//1464 1478//1478 1479//1479
f 1464//1464 1479//1479 1480//1480
f 1464//1464 1480//1480 1481//1481
f 1464//1464 1481//1481 1482//1482
f 1464//1464 1482//1482 1483//1483
f 1464//1464 1483//1483 1484//1484
f 1464//1464 1484//1484 1485//1485
f 1455//1455 1460//1460 1459//1459
f 1455//1455 1454//1454 1460//1460
f 1517//1517 1516//1516 1522//1522
f 1456//1456 1455//1455 1459//1459
f 1458//1458 1456//1456 1459//1459
f 1461//1461 1512//1512 1511//1511
f 1461//1461 1485//1485 1512//1512
f 1518//1518 1456//1456 1458//1458
f 1518//1518 1521//1521 1456//1456
f 1518//1518 1517//1517 1521//1521
f 1519//1519 1518//1518 1458//1458
f 1519//1519 1458//1458 1461//1461
f 1515//1515 1461//1461 1511//1511
f 1515//1515 1519//1519 1461//1461
f 1464//1464 1463//1463 1476//1476
f 1464//1464 1476//1476 1477//1477
f 1461//1461 1464//1464 1485//1485
f 1522//1522 1521//1521 1517//1517
usemtl mat_2
v 288.785217 356.703705 931.692322
v 288.812469 350.922333 931.905090
v 292.034637 351.837067 942.608459
v 292.034637 357.632568 942.608521
vn -0.967792 0.004690 0.251706
vn -0.967027 0.004826 0.254628
vn -0.946455 0.000012 0.322836
vn -0.947501 -0.000013 0.319754
f 1526//1526 1523//1523 1524//1524
f 1525//1525 1526//1526 1524//1524
v 300.642944 368.231323 929.832825
v 298.609680 368.066833 930.083984
v 296.637085 367.568542 930.340271
v 295.211060 366.971985 930.534363
v 293.898743 366.212402 930.720886
v 292.698303 365.295410 930.899780
v 291.630768 364.234863 931.068054
v 290.713531 363.048340 931.222900
v 289.960876 361.756378 931.361877
v 289.386780 360.379700 931.482483
v 289.000671 358.940887 931.582764
v 288.836792 357.827850 931.644104
v 288.785217 356.703705 931.692322
v 292.034637 357.632568 942.608521
v 303.852386 369.223724 940.524719
v 301.834442 369.052765 940.880493
v 299.875122 368.547424 941.226013
v 298.457611 367.945129 941.475952
v 297.152130 367.179810 941.706116
v 295.956909 366.256989 941.916870
v 294.892883 365.190674 942.104492
v 293.977325 363.998505 942.265930
v 293.224579 362.701141 942.398682
v 292.648621 361.319366 942.500244
v 292.258820 359.875885 942.568970
v 292.091034 358.759613 942.598572
vn -0.008728 0.995246 -0.097002
vn -0.169584 0.984113 -0.052555
vn -0.326170 0.945285 -0.006980
vn -0.441636 0.896748 0.028286
vn -0.547627 0.834408 0.062195
vn -0.645662 0.757660 0.095243
vn -0.734471 0.666626 0.127130
vn -0.810362 0.564604 0.156641
vn -0.872832 0.452150 0.183641
vn -0.920808 0.330032 0.207828
vn -0.952174 0.203151 0.228241
vn -0.964816 0.104890 0.241098
vn -0.967792 0.004690 0.251706
vn -0.947501 -0.000013 0.319754
vn -0.013694 0.996884 -0.077678
vn -0.171412 0.984961 -0.021687
vn -0.324806 0.945152 0.034475
vn -0.437771 0.895776 0.077087
vn -0.541309 0.832598 0.117327
vn -0.636897 0.755042 0.155797
vn -0.723296 0.663274 0.192123
vn -0.796925 0.560650 0.224905
vn -0.857323 0.447748 0.254005
vn -0.903473 0.325349 0.279079
vn -0.933367 0.198356 0.299134
vn -0.945151 0.100107 0.310916
f 1541//1541 1527//1527 1528//1528
f 1542//1542 1528//1528 1529//1529
f 1542//1542 1541//1541 1528//1528
f 1543//1543 1529//1529 1530//1530
f 1543//1543 1542//1542 1529//1529
f 1544//1544 1530//1530 1531//1531
f 1544//1544 1543//1543 1530//1530
f 1545//1545 1531//1531 1532//1532
f 1545//1545 1544//1544 1531//1531
f 1546//1546 1532//1532 1533//1533
f 1546//1546 1545//1545 1532//1532
f 1547//1547 1533//1533 1534//1534
f 1547//1547 1546//1546 1533//1533
f 1548//1548 1534//1534 1535//1535
f 1548//1548 1547//1547 1534//1534
f 1549//1549 1535//1535 1536//1536
f 1549//1549 1548//1548 1535//1535
f 1550//1550 1536//1536 1537//1537
f 1550//1550 1549//1549 1536//1536
f 1551//1551 1537//1537 1538//1538
f 1551//1551 1550//1550 1537//1537
f 1552//1552 1538//1538 1539//1539
f 1552//1552 1551//1551 1538//1538
f 1540//1540 1552//1552 1539//1539
v 334.393982 368.131409 925.769958
v 300.642944 368.231323 929.832825
v 303.852386 369.223724 940.524719
v 337.335754 369.223724 934.620667
vn -0.012093 0.992104 -0.124833
vn -0.008728 0.995246 -0.097002
vn -0.013694 0.996884 -0.077678
vn -0.018752 0.994154 -0.106333
f 1554//1554 1556//1556 1553//1553
f 1555//1555 1556//1556 1554//1554
v 346.360718 356.533264 924.761536
v 346.250916 358.044220 924.718323
v 345.939362 359.529755 924.700317
v 345.431641 360.964264 924.707886
v 344.734802 362.322845 924.741089
v 343.862427 363.583069 924.799072
v 342.829620 364.723267 924.880920
v 341.652771 365.722931 924.985352
v 340.353149 366.566376 925.110413
v 338.953278 367.239166 925.253967
v 337.476257 367.728424 925.413635
v 335.947754 368.027527 925.586609
v 334.393982 368.131409 925.769958
v 337.335754 369.223724 934.620667
v 349.153503 357.632568 932.536865
v 349.051636 359.146912 932.554871
v 348.749512 360.635162 932.608093
v 348.252502 362.071716 932.695740
v 347.567535 363.431549 932.816528
v 346.707947 364.692291 932.968079
v 345.688660 365.832214 933.147827
v 344.525818 366.830841 933.352844
v 343.240417 367.672485 933.579529
v 341.854767 368.342773 933.823853
v 340.391724 368.828857 934.081848
v 338.876709 369.124176 934.348938
vn 0.955583 -0.006353 -0.294654
vn 0.942742 0.126465 -0.308616
vn 0.913626 0.255022 -0.316625
vn 0.868614 0.379272 -0.318847
vn 0.809048 0.496003 -0.315315
vn 0.736950 0.602530 -0.306369
vn 0.652468 0.699204 -0.292232
vn 0.557713 0.783733 -0.273347
vn 0.455208 0.854459 -0.250371
vn 0.344715 0.911734 -0.223410
vn 0.228706 0.954149 -0.193113
vn 0.109901 0.980936 -0.160267
vn -0.012093 0.992104 -0.124833
vn -0.018752 0.994154 -0.106333
vn 0.924036 -0.000012 -0.382306
vn 0.910396 0.132002 -0.392116
vn 0.881403 0.259652 -0.394600
vn 0.837368 0.383020 -0.390014
vn 0.779515 0.499015 -0.378603
vn 0.709689 0.605024 -0.360954
vn 0.627898 0.701403 -0.337309
vn 0.536081 0.785840 -0.308338
vn 0.436604 0.856612 -0.274942
vn 0.329179 0.913989 -0.237205
vn 0.216199 0.956470 -0.196016
vn 0.100334 0.983211 -0.152412
f 1572//1572 1557//1557 1558//1558
f 1572//1572 1571//1571 1557//1557
f 1573//1573 1558//1558 1559//1559
f 1573//1573 1572//1572 1558//1558
f 1574//1574 1559//1559 1560//1560
f 1574//1574 1573//1573 1559//1559
f 1575//1575 1560//1560 1561//1561
f 1575//1575 1574//1574 1560//1560
f 1576//1576 1561//1561 1562//1562
f 1576//1576 1575//1575 1561//1561
f 1577//1577 1562//1562 1563//1563
f 1577//1577 1576//1576 1562//1562
f 1578//1578 1563//1563 1564//1564
f 1578//1578 1577//1577 1563//1563
f 1579//1579 1564//1564 1565//1565
f 1579//1579 1578//1578 1564//1564
f 1580//1580 1565//1565 1566//1566
f 1580//1580 1579//1579 1565//1565
f 1581//1581 1566//1566 1567//1567
f 1581//1581 1580//1580 1566//1566
f 1582//1582 1567//1567 1568//1568
f 1582//1582 1581//1581 1567//1567
f 1570//1570 1568//1568 1569//1569
f 1570//1570 1582//1582 1568//1568
v 349.153503 351.837036 932.536865
v 349.153503 357.632568 932.536865
v 350.401520 358.005280 935.416016
v 350.377228 352.201965 935.302612
vn 0.921313 0.000011 -0.388823
vn 0.924036 -0.000012 -0.382306
vn 0.911718 0.004195 -0.410796
vn 0.908424 0.004374 -0.418027
f 1584//1584 1586//1586 1583//1583
f 1585//1585 1586//1586 1584//1584
v 338.561737 340.577454 937.435364
v 340.571655 340.751648 937.035828
v 342.524658 341.260620 936.654480
v 343.938660 341.865875 936.383301
v 345.241699 342.634186 936.137573
v 346.435669 343.560059 935.916992
v 347.499573 344.629425 935.725464
v 348.416168 345.824554 935.565979
v 349.171143 347.124786 935.441040
v 349.750427 348.509308 935.353088
v 350.144592 349.955322 935.303528
v 350.316345 351.073334 935.291870
v 350.377228 352.201965 935.302612
v 358.041412 353.717590 949.793579
v 367.775085 354.344360 965.355652
v 378.683197 353.514648 981.889648
v 366.076019 341.205414 980.835083
v 368.071320 341.523407 980.332336
v 370.038239 342.166992 979.972351
v 371.481873 342.866089 979.801270
v 372.829712 343.717712 979.723267
v 374.083069 344.716522 979.735718
v 375.220123 345.847198 979.839233
v 376.222443 347.091003 980.032043
v 377.074127 348.426544 980.310303
v 377.759674 349.832275 980.670105
v 378.267883 351.285095 981.105591
v 378.529724 352.398682 981.479919
v 346.114868 341.804718 951.558289
v 355.535919 342.128235 965.963623
v 344.376984 341.782776 939.284851
v 348.200470 344.315033 938.540771
v 347.292755 342.341583 944.810120
v 350.776001 348.095734 938.127014
v 351.113953 344.907227 944.047791
v 353.710449 348.715576 943.713379
v 354.141205 343.087341 956.113342
v 360.654938 349.604889 955.366272
v 348.885925 342.578552 947.603577
v 352.315674 342.954041 953.254944
v 357.988739 345.736298 955.441711
v 355.320587 348.987427 946.567993
v 357.001831 343.211121 960.443359
v 358.798676 349.435883 952.395691
v 363.568634 349.778290 959.890686
v 364.899170 342.876343 972.319885
v 371.778259 349.373077 972.310181
v 352.709839 345.163818 946.849121
v 354.391357 345.389679 949.682251
v 356.152863 345.581604 952.546570
v 360.869141 345.891022 959.841797
v 363.880951 345.940765 964.312866
v 359.989929 343.232819 964.827942
v 366.615540 349.842224 964.497803
v 368.892090 345.523560 971.929138
vn 0.022040 -0.994485 0.102535
vn 0.176324 -0.983758 0.033622
vn 0.326170 -0.944553 -0.037843
vn 0.436141 -0.895008 -0.093493
vn 0.536374 -0.831087 -0.146958
vn 0.628120 -0.752312 -0.198727
vn 0.710039 -0.659052 -0.247983
vn 0.778723 -0.555006 -0.292506
vn 0.833858 -0.441063 -0.331879
vn 0.874709 -0.318282 -0.365486
vn 0.899808 -0.191745 -0.391892
vn 0.908522 -0.094401 -0.407033
vn 0.908424 0.004374 -0.418027
vn 0.860670 0.038740 -0.507688
vn 0.834193 0.085096 -0.544867
vn 0.834967 0.130928 -0.534497
vn 0.035944 -0.990169 -0.135177
vn 0.181527 -0.955641 -0.231946
vn 0.321857 -0.890647 -0.321179
vn 0.423446 -0.821103 -0.382732
vn 0.514582 -0.738859 -0.435077
vn 0.596516 -0.643952 -0.479056
vn 0.668297 -0.537597 -0.514168
vn 0.727403 -0.424410 -0.539223
vn 0.774070 -0.305318 -0.554613
vn 0.808108 -0.181240 -0.560459
vn 0.828668 -0.056867 -0.556845
vn 0.835540 0.036972 -0.548184
vn 0.031650 -0.998756 0.038529
vn 0.037029 -0.998447 -0.041619
vn 0.366590 -0.927021 -0.079013
vn 0.657995 -0.712049 -0.245008
vn 0.363879 -0.923813 -0.118998
vn 0.845788 -0.380162 -0.374325
vn 0.648133 -0.703071 -0.292599
vn 0.829465 -0.367391 -0.420726
vn 0.360551 -0.911586 -0.197521
vn 0.804124 -0.332801 -0.492573
vn 0.362786 -0.921472 -0.138840
vn 0.361132 -0.915345 -0.178118
vn 0.633463 -0.676323 -0.375916
vn 0.822170 -0.359762 -0.441144
vn 0.359917 -0.905109 -0.226358
vn 0.809496 -0.342396 -0.476949
vn 0.797523 -0.317628 -0.512902
vn 0.338804 -0.895820 -0.287607
vn 0.782114 -0.300751 -0.545752
vn 0.643810 -0.697413 -0.314840
vn 0.639924 -0.691036 -0.336105
vn 0.636478 -0.683987 -0.356451
vn 0.629815 -0.663856 -0.403271
vn 0.627332 -0.650406 -0.428284
vn 0.359583 -0.897637 -0.254850
vn 0.792892 -0.301853 -0.529346
vn 0.610490 -0.647649 -0.455910
f 1617//1617 1587//1587 1588//1588
f 1617//1617 1588//1588 1589//1589
f 1617//1617 1589//1589 1590//1590
f 1617//1617 1590//1590 1591//1591
f 1618//1618 1591//1591 1592//1592
f 1618//1618 1592//1592 1593//1593
f 1618//1618 1593//1593 1594//1594
f 1618//1618 1617//1617 1591//1591
f 1619//1619 1615//1615 1587//1587
f 1619//1619 1587//1587 1617//1617
f 1620//1620 1594//1594 1595//1595
f 1620//1620 1595//1595 1596//1596
f 1620//1620 1596//1596 1597//1597
f 1620//1620 1597//1597 1598//1598
f 1620//1620 1598//1598 1599//1599
f 1620//1620 1618//1618 1594//1594
f 1621//1621 1618//1618 1620//1620
f 1621//1621 1617//1617 1618//1618
f 1621//1621 1619//1619 1617//1617
f 1622//1622 1599//1599 1600//1600
f 1622//1622 1620//1620 1599//1599
f 1622//1622 1621//1621 1620//1620
f 1623//1623 1616//1616 1615//1615
f 1624//1624 1600//1600 1601//1601
f 1625//1625 1619//1619 1621//1621
f 1625//1625 1615//1615 1619//1619
f 1626//1626 1615//1615 1625//1625
f 1626//1626 1623//1623 1615//1615
f 1626//1626 1627//1627 1623//1623
f 1628//1628 1622//1622 1600//1600
f 1628//1628 1621//1621 1622//1622
f 1629//1629 1616//1616 1623//1623
f 1629//1629 1623//1623 1627//1627
f 1630//1630 1628//1628 1600//1600
f 1630//1630 1624//1624 1627//1627
f 1630//1630 1600//1600 1624//1624
f 1631//1631 1627//1627 1624//1624
f 1631//1631 1624//1624 1601//1601
f 1632//1632 1604//1604 1603//1603
f 1632//1632 1605//1605 1604//1604
f 1632//1632 1606//1606 1605//1605
f 1632//1632 1607//1607 1606//1606
f 1632//1632 1603//1603 1616//1616
f 1633//1633 1601//1601 1602//1602
f 1633//1633 1611//1611 1610//1610
f 1633//1633 1612//1612 1611//1611
f 1633//1633 1613//1613 1612//1612
f 1633//1633 1614//1614 1613//1613
f 1633//1633 1602//1602 1614//1614
f 1634//1634 1625//1625 1621//1621
f 1634//1634 1621//1621 1628//1628
f 1635//1635 1634//1634 1628//1628
f 1635//1635 1628//1628 1630//1630
f 1635//1635 1626//1626 1625//1625
f 1635//1635 1625//1625 1634//1634
f 1636//1636 1626//1626 1635//1635
f 1636//1636 1627//1627 1626//1626
f 1636//1636 1630//1630 1627//1627
f 1636//1636 1635//1635 1630//1630
f 1637//1637 1638//1638 1629//1629
f 1637//1637 1629//1629 1627//1627
f 1637//1637 1627//1627 1631//1631
f 1639//1639 1632//1632 1616//1616
f 1639//1639 1629//1629 1638//1638
f 1639//1639 1616//1616 1629//1629
f 1640//1640 1631//1631 1601//1601
f 1640//1640 1638//1638 1637//1637
f 1640//1640 1601//1601 1633//1633
f 1640//1640 1633//1633 1638//1638
f 1640//1640 1637//1637 1631//1631
f 1641//1641 1632//1632 1639//1639
f 1641//1641 1638//1638 1633//1633
f 1641//1641 1608//1608 1607//1607
f 1641//1641 1609//1609 1608//1608
f 1641//1641 1610//1610 1609//1609
f 1641//1641 1639//1639 1638//1638
f 1641//1641 1607//1607 1632//1632
f 1641//1641 1633//1633 1610//1610
v 303.852386 340.245911 940.524719
v 337.335815 340.245911 934.620667
v 338.561737 340.577454 937.435364
v 305.222290 340.526978 944.120483
vn 0.013955 -0.996767 0.079122
vn 0.019975 -0.993363 0.113278
vn 0.022064 -0.994486 0.102524
vn 0.014619 -0.997755 0.065358
f 1644//1644 1642//1642 1643//1643
f 1644//1644 1645//1645 1642//1642
v 292.034637 351.837067 942.608459
v 292.136505 350.322723 942.590515
v 292.438629 348.834442 942.537231
v 292.935638 347.397919 942.449646
v 293.620605 346.038086 942.328857
v 294.480194 344.777313 942.177246
v 295.499481 343.637390 941.997559
v 296.662354 342.638794 941.792480
v 297.947723 341.797119 941.565857
v 299.333374 341.126831 941.321533
v 300.796417 340.640747 941.063538
v 302.311432 340.345459 940.796387
v 303.080292 340.270905 940.660828
v 303.852386 340.245911 940.524719
v 305.222290 340.526978 944.120483
v 293.503967 352.115906 946.706726
v 293.599060 350.599670 946.656738
v 293.893616 349.109863 946.567322
v 294.382477 347.672150 946.439941
v 295.058807 346.311523 946.276611
v 295.909393 345.050385 946.080322
v 296.919525 343.910431 945.854492
v 298.073181 342.912231 945.602783
v 299.349518 342.071381 945.329712
v 300.726410 341.402283 945.039978
v 302.181122 340.917755 944.738342
v 303.688385 340.624329 944.430054
v 304.453613 340.550842 944.275085
vn -0.946455 0.000012 0.322836
vn -0.934541 -0.133774 0.329755
vn -0.906164 -0.263348 0.330929
vn -0.861669 -0.388552 0.326426
vn -0.802386 -0.506033 0.316398
vn -0.730395 -0.612991 0.301273
vn -0.645972 -0.709729 0.281077
vn -0.551339 -0.793936 0.256304
vn -0.449121 -0.863986 0.227638
vn -0.339190 -0.920295 0.194953
vn -0.224065 -0.961528 0.158928
vn -0.106471 -0.987001 0.120387
vn -0.046637 -0.993883 0.100112
vn 0.013955 -0.996767 0.079122
vn 0.014619 -0.997755 0.065358
vn -0.935702 -0.002962 0.352779
vn -0.923828 -0.136548 0.357626
vn -0.895747 -0.265906 0.356273
vn -0.851783 -0.390907 0.348794
vn -0.793228 -0.508216 0.335418
vn -0.722109 -0.615046 0.316667
vn -0.638674 -0.711692 0.292558
vn -0.545099 -0.795827 0.263679
vn -0.443967 -0.865805 0.230814
vn -0.335150 -0.922012 0.193824
vn -0.221147 -0.963086 0.153489
vn -0.104669 -0.988322 0.110738
vn -0.045400 -0.995050 0.088393
f 1661//1661 1646//1646 1647//1647
f 1662//1662 1661//1661 1647//1647
f 1663//1663 1647//1647 1648//1648
f 1663//1663 1662//1662 1647//1647
f 1664//1664 1648//1648 1649//1649
f 1664//1664 1663//1663 1648//1648
f 1665//1665 1649//1649 1650//1650
f 1665//1665 1664//1664 1649//1649
f 1666//1666 1650//1650 1651//1651
f 1666//1666 1665//1665 1650//1650
f 1667//1667 1651//1651 1652//1652
f 1667//1667 1666//1666 1651//1651
f 1668//1668 1652//1652 1653//1653
f 1668//1668 1667//1667 1652//1652
f 1669//1669 1653//1653 1654//1654
f 1669//1669 1668//1668 1653//1653
f 1670//1670 1654//1654 1655//1655
f 1670//1670 1669//1669 1654//1654
f 1671//1671 1655//1655 1656//1656
f 1671//1671 1670//1670 1655//1655
f 1672//1672 1656//1656 1657//1657
f 1672//1672 1671//1671 1656//1656
f 1673//1673 1657//1657 1658//1658
f 1673//1673 1672//1672 1657//1657
f 1660//1660 1658//1658 1659//1659
f 1660//1660 1673//1673 1658//1658
usemtl mat_1
v 259.000000 92.747726 1005.499634
v 259.000000 326.500000 1005.499634
v 247.332733 87.000000 922.648987
v 253.810333 87.620964 949.940002
v 257.705383 89.527008 977.659058
v 230.442673 87.000000 877.754272
v 206.613297 87.000000 836.125305
v 176.453796 87.000000 798.826355
v 176.453796 283.128540 798.826355
v 213.105988 311.894073 846.031311
v 195.953583 296.950134 821.507813
v 239.104477 326.500000 898.068298
v 232.109375 325.093781 881.357544
v 224.309540 321.034424 865.460938
v 218.786407 316.969788 855.462952
v 256.767242 326.500000 968.967224
v 250.102219 326.500000 932.977539
vn -1.000000 0.000000 -0.000000
vn -1.000000 0.000000 -0.000000
vn -0.961109 -0.000000 0.276169
vn -0.982701 -0.000000 0.185199
vn -0.995685 -0.000000 0.092802
vn -0.904809 -0.000000 0.425818
vn -0.825378 -0.000000 0.564581
vn -0.724846 -0.000000 0.688911
vn -0.724846 -0.000000 0.688911
vn -0.847020 -0.000000 0.531561
vn -0.789845 -0.000000 0.613306
vn -0.933682 -0.000000 0.358104
vn -0.910365 -0.000000 0.413807
vn -0.884365 -0.000000 0.466796
vn -0.865955 -0.000000 0.500122
vn -0.992558 -0.000000 0.121776
vn -0.970341 -0.000000 0.241739
f 1675//1675 1678//1678 1674//1674
f 1689//1689 1677//1677 1678//1678
f 1689//1689 1678//1678 1675//1675
f 1690//1690 1676//1676 1677//1677
f 1690//1690 1677//1677 1689//1689
f 1685//1685 1679//1679 1676//1676
f 1685//1685 1676//1676 1690//1690
f 1686//1686 1679//1679 1685//1685
f 1687//1687 1679//1679 1686//1686
f 1688//1688 1679//1679 1687//1687
f 1683//1683 1680//1680 1679//1679
f 1683//1683 1679//1679 1688//1688
f 1684//1684 1680//1680 1683//1683
f 1682//1682 1681//1681 1680//1680
f 1682//1682 1680//1680 1684//1684
v 259.000000 326.500000 1321.340942
v 259.000000 326.500000 1005.499634
v 259.000000 162.336472 1321.340942
v 259.000000 101.932388 1055.674805
v 259.000000 92.747726 1005.499634
vn -1.000000 0.000000 -0.000000
vn -1.000000 0.000000 -0.000000
vn -1.000000 0.000000 -0.000000
vn -1.000000 0.000000 -0.000000
vn -1.000000 0.000000 -0.000000
f 1692//1692 1693//1693 1691//1691
f 1692//1692 1694//1694 1693//1693
f 1692//1692 1695//1695 1694//1694
v 259.000000 162.336472 1321.340942
v 259.000000 326.500000 1321.340942
v 169.069443 326.500000 1664.583252
v 218.540146 326.500000 1555.875122
v 248.811386 326.500000 1440.337646
v 256.448212 326.500000 1381.056885
v 169.069443 195.000000 1664.583252
v 191.210693 195.000000 1621.856567
v 210.364029 195.000000 1577.709595
v 226.438934 195.000000 1532.351074
v 254.642487 180.067612 1399.325195
v 248.199493 188.435333 1443.833740
v 238.793259 193.382462 1488.317383
vn -1.000000 0.000000 -0.000000
vn -1.000000 0.000000 -0.000000
vn -0.871528 0.000000 -0.490346
vn -0.942200 0.000000 -0.335050
vn -0.985444 0.000000 -0.169999
vn -0.996354 0.000000 -0.085311
vn -0.871528 0.000000 -0.490346
vn -0.903158 0.000000 -0.429308
vn -0.930520 0.000000 -0.366241
vn -0.953484 0.000000 -0.301443
vn -0.993775 0.000000 -0.111406
vn -0.984570 0.000000 -0.174990
vn -0.971133 0.000000 -0.238538
f 1698//1698 1703//1703 1702//1702
f 1699//1699 1704//1704 1703//1703
f 1699//1699 1705//1705 1704//1704
f 1699//1699 1708//1708 1705//1705
f 1699//1699 1703//1703 1698//1698
f 1700//1700 1707//1707 1708//1708
f 1700//1700 1708//1708 1699//1699
f 1701//1701 1706//1706 1707//1707
f 1701//1701 1707//1707 1700//1700
f 1697//1697 1696//1696 1706//1706
f 1697//1697 1706//1706 1701//1701
v 312.000000 244.500000 1909.000000
v 312.000000 326.500000 1909.000000
v 283.671265 326.500000 1906.534790
v 256.194214 326.500000 1899.213257
v 230.394867 326.500000 1887.255371
v 207.048889 326.500000 1871.020874
v 186.858139 326.500000 1850.997681
v 170.429611 326.500000 1827.787842
v 158.257233 326.500000 1802.088989
v 150.706924 326.500000 1774.673950
v 148.005692 326.500000 1746.366699
v 150.234756 326.500000 1718.018433
v 157.327072 326.500000 1690.481323
v 169.069443 326.500000 1664.583252
v 169.069443 195.000000 1664.583252
v 165.805756 195.000000 1670.681519
v 162.802094 195.000000 1676.911987
v 160.063828 195.000000 1683.263428
v 151.511215 211.155594 1711.245850
v 148.073746 227.803055 1740.080078
v 149.765594 244.500000 1769.000000
v 155.573196 244.500000 1794.261108
v 165.288254 244.500000 1818.291626
v 178.668106 244.500000 1840.491333
v 195.378525 244.500000 1860.305786
v 215.002106 244.500000 1877.239990
v 237.048645 244.500000 1890.870850
v 260.967438 244.500000 1900.857910
v 286.160980 244.500000 1906.951660
vn -0.000000 0.000000 1.000000
vn 0.000000 -0.000000 1.000000
vn -0.172736 0.000000 0.984968
vn -0.340279 0.000000 0.940324
vn -0.497592 0.000000 0.867411
vn -0.639946 0.000000 0.768420
vn -0.763060 0.000000 0.646327
vn -0.863234 0.000000 0.504804
vn -0.937456 0.000000 0.348104
vn -0.983494 0.000000 0.180939
vn -0.999965 0.000000 0.008334
vn -0.986373 0.000000 -0.164522
vn -0.943128 0.000000 -0.332431
vn -0.871528 0.000000 -0.490346
vn -0.871528 0.000000 -0.490346
vn -0.891428 0.000000 -0.453162
vn -0.909743 0.000000 -0.415171
vn -0.926440 0.000000 -0.376442
vn -0.978590 0.000000 -0.205818
vn -0.999550 0.000000 -0.030000
vn -0.989234 0.000000 0.146341
vn -0.953822 0.000000 0.300372
vn -0.894584 0.000000 0.446900
vn -0.812999 0.000000 0.582265
vn -0.711107 0.000000 0.703084
vn -0.591451 0.000000 0.806341
vn -0.457020 0.000000 0.889456
vn -0.311174 0.000000 0.950353
vn -0.157555 0.000000 0.987510
f 1722//1722 1723//1723 1724//1724
f 1722//1722 1724//1724 1725//1725
f 1721//1721 1725//1725 1726//1726
f 1721//1721 1726//1726 1727//1727
f 1721//1721 1722//1722 1725//1725
f 1720//1720 1727//1727 1728//1728
f 1720//1720 1721//1721 1727//1727
f 1719//1719 1728//1728 1729//1729
f 1719//1719 1720//1720 1728//1728
f 1718//1718 1729//1729 1730//1730
f 1718//1718 1719//1719 1729//1729
f 1717//1717 1730//1730 1731//1731
f 1717//1717 1718//1718 1730//1730
f 1716//1716 1731//1731 1732//1732
f 1716//1716 1717//1717 1731//1731
f 1715//1715 1732//1732 1733//1733
f 1715//1715 1716//1716 1732//1732
f 1714//1714 1733//1733 1734//1734
f 1714//1714 1715//1715 1733//1733
f 1713//1713 1734//1734 1735//1735
f 1713//1713 1714//1714 1734//1734
f 1712//1712 1735//1735 1736//1736
f 1712//1712 1713//1713 1735//1735
f 1711//1711 1736//1736 1737//1737
f 1711//1711 1712//1712 1736//1736
f 1710//1710 1737//1737 1709//1709
f 1710//1710 1711//1711 1737//1737
v 312.000000 244.500000 1909.000000
v 312.000000 326.500000 1909.000000
v 337.839020 244.500000 1906.951660
v 363.032562 244.500000 1900.857910
v 386.951355 244.500000 1890.870850
v 408.997894 244.500000 1877.239990
v 428.621460 244.500000 1860.305786
v 445.331909 244.500000 1840.491333
v 458.711761 244.500000 1818.291626
v 468.426819 244.500000 1794.261108
v 474.234406 244.500000 1769.000000
v 475.508301 237.970078 1757.689819
v 475.508301 326.500000 1757.689819
v 471.166687 326.500000 1784.521606
v 462.453003 326.500000 1810.267822
v 449.606567 326.500000 1834.221313
v 432.980255 326.500000 1855.723877
v 413.030792 326.500000 1874.185059
v 390.306183 326.500000 1889.097656
v 365.430573 326.500000 1900.052124
v 339.087311 326.500000 1906.747559
vn 0.000000 -0.000000 1.000000
vn 0.000000 -0.000000 1.000000
vn 0.157555 -0.000000 0.987510
vn 0.311174 -0.000000 0.950353
vn 0.457020 -0.000000 0.889456
vn 0.591451 -0.000000 0.806341
vn 0.711107 -0.000000 0.703084
vn 0.812999 -0.000000 0.582265
vn 0.894584 -0.000000 0.446900
vn 0.953822 -0.000000 0.300372
vn 0.989234 -0.000000 0.146341
vn 0.997002 -0.000000 0.077377
vn 0.997002 -0.000000 0.077377
vn 0.970529 -0.000000 0.240986
vn 0.917396 -0.000000 0.397975
vn 0.839064 -0.000000 0.544032
vn 0.737685 -0.000000 0.675146
vn 0.616041 -0.000000 0.787714
vn 0.477477 -0.000000 0.878644
vn 0.325796 -0.000000 0.945440
vn 0.165167 -0.000000 0.986266
f 1739//1739 1738//1738 1740//1740
f 1758//1758 1740//1740 1741//1741
f 1758//1758 1739//1739 1740//1740
f 1757//1757 1741//1741 1742//1742
f 1757//1757 1758//1758 1741//1741
f 1756//1756 1742//1742 1743//1743
f 1756//1756 1757//1757 1742//1742
f 1755//1755 1743//1743 1744//1744
f 1755//1755 1756//1756 1743//1743
f 1754//1754 1744//1744 1745//1745
f 1754//1754 1755//1755 1744//1744
f 1753//1753 1745//1745 1746//1746
f 1753//1753 1754//1754 1745//1745
f 1752//1752 1746//1746 1747//1747
f 1752//1752 1753//1753 1746//1746
f 1751//1751 1747//1747 1748//1748
f 1751//1751 1752//1752 1747//1747
f 1750//1750 1748//1748 1749//1749
f 1750//1750 1751//1751 1748//1748
v 508.997955 195.000000 1455.414063
v 475.508301 326.500000 1757.689819
v 509.000000 195.000000 1455.387451
v 499.000000 326.500000 1455.000000
vn 0.994132 0.075827 0.077154
vn 0.994132 0.075827 0.077154
vn 0.994132 0.075827 0.077154
vn 0.994132 0.075827 0.077154
f 1762//1762 1760//1760 1759//1759
f 1762//1762 1759//1759 1761//1761
v 500.110718 311.894073 846.031311
v 502.489746 280.609650 794.692810
v 499.551514 319.248016 860.681152
v 499.181580 324.112762 876.348694
v 499.045532 325.901611 887.145691
v 499.000000 326.500000 898.068298
v 499.000000 326.500000 1455.000000
v 509.000000 195.000000 1455.387451
v 509.000000 195.000000 990.000000
vn 0.997121 0.075827 -0.000000
vn 0.997121 0.075827 -0.000000
vn 0.997121 0.075827 -0.000000
vn 0.997121 0.075827 -0.000000
vn 0.997121 0.075827 -0.000000
vn 0.997121 0.075827 -0.000000
vn 0.997121 0.075827 -0.000000
vn 0.997121 0.075827 -0.000000
vn 0.997121 0.075827 -0.000000
f 1771//1771 1764//1764 1763//1763
f 1771//1771 1763//1763 1765//1765
f 1766//1766 1771//1771 1765//1765
f 1767//1767 1771//1771 1766//1766
f 1768//1768 1771//1771 1767//1767
f 1769//1769 1770//1770 1771//1771
f 1769//1769 1771//1771 1768//1768
v 476.000000 326.500000 902.500000
v 476.000000 333.500000 902.500000
v 478.773041 326.500000 902.278870
v 481.476105 326.500000 901.621094
v 483.994202 326.500000 900.567383
v 485.895844 326.500000 899.433350
v 487.639099 326.500000 898.068298
v 476.000000 321.713318 867.500000
v 478.858643 321.788422 867.734863
v 480.487152 321.899200 868.085144
v 482.072998 322.055603 868.587402
v 484.030487 322.317902 869.451355
v 486.080658 322.680603 870.695129
v 487.652374 323.027100 871.943237
v 488.924622 323.358826 873.201355
v 490.060364 323.702606 874.581055
v 491.049042 324.049835 876.067566
v 491.880371 324.392548 877.646484
v 492.521088 324.709412 879.229248
v 493.109833 325.088104 881.323242
v 493.455261 325.469482 883.748962
v 493.481842 325.743958 885.794983
v 493.299652 325.954681 887.639282
v 492.922821 326.128571 889.457397
v 492.353729 326.265869 891.229187
v 491.600037 326.367920 892.930359
v 490.668243 326.437897 894.544373
v 489.568756 326.479645 896.051575
v 488.643555 326.495300 897.099182
v 476.000000 333.500000 867.500000
v 478.991455 333.500000 867.757202
v 481.894684 333.500000 868.522095
v 484.624023 333.500000 869.772400
v 487.099487 333.500000 871.470886
v 489.248596 333.500000 873.567200
v 491.008148 333.500000 875.999634
v 492.326050 333.500000 878.696960
v 493.163055 333.500000 881.580200
v 493.415619 333.500000 883.281860
v 493.500000 333.500000 885.000000
v 479.038849 333.500000 902.234131
v 481.985352 333.500000 901.444641
v 484.750000 333.500000 900.155457
v 487.248779 333.500000 898.405762
v 489.405792 333.500000 896.248779
v 491.155457 333.500000 893.750000
v 492.444611 333.500000 890.985352
v 493.234131 333.500000 888.038818
vn 0.000000 -0.000000 1.000000
vn 0.000000 -0.000000 1.000000
vn 0.158459 -0.000000 0.987366
vn 0.312914 -0.000000 0.949781
vn 0.456805 -0.000000 0.889567
vn 0.565474 -0.000000 0.824766
vn 0.665092 -0.000000 0.746762
vn 0.000000 0.000000 -1.000000
vn 0.163350 0.000000 -0.986568
vn 0.256410 0.000000 -0.966568
vn 0.347025 0.000000 -0.937856
vn 0.458886 0.000000 -0.888495
vn 0.576039 0.000000 -0.817422
vn 0.665842 0.000000 -0.746093
vn 0.738546 0.000000 -0.674203
vn 0.803452 0.000000 -0.595369
vn 0.859929 0.000000 -0.510414
vn 0.907435 0.000000 -0.420193
vn 0.944065 0.000000 -0.329759
vn 0.977681 0.000000 -0.210094
vn 0.997442 0.000000 -0.071487
vn 0.998968 -0.000000 0.045429
vn 0.988561 -0.000000 0.150819
vn 0.967018 -0.000000 0.254708
vn 0.934503 -0.000000 0.355956
vn 0.891428 -0.000000 0.453163
vn 0.838182 -0.000000 0.545391
vn 0.775359 -0.000000 0.631521
vn 0.722490 -0.000000 0.691382
vn 0.000000 0.000000 -1.000000
vn 0.170923 0.000000 -0.985284
vn 0.336816 0.000000 -0.941571
vn 0.492796 0.000000 -0.870145
vn 0.634272 0.000000 -0.773110
vn 0.757081 0.000000 -0.653322
vn 0.857607 0.000000 -0.514305
vn 0.932894 0.000000 -0.360151
vn 0.980724 0.000000 -0.195398
vn 0.995169 0.000000 -0.098173
vn 1.000000 -0.000000 0.000000
vn 0.173648 -0.000000 0.984808
vn 0.342020 -0.000000 0.939693
vn 0.500000 -0.000000 0.866025
vn 0.642788 -0.000000 0.766044
vn 0.766044 -0.000000 0.642788
vn 0.866025 -0.000000 0.500000
vn 0.939693 -0.000000 0.342020
vn 0.984808 -0.000000 0.173648
f 1773//1773 1772//1772 1774//1774
f 1812//1812 1774//1774 1775//1775
f 1812//1812 1773//1773 1774//1774
f 1813//1813 1775//1775 1776//1776
f 1813//1813 1812//1812 1775//1775
f 1814//1814 1776//1776 1777//1777
f 1814//1814 1813//1813 1776//1776
f 1815//1815 1777//1777 1778//1778
f 1815//1815 1778//1778 1800//1800
f 1815//1815 1814//1814 1777//1777
f 1816//1816 1799//1799 1798//1798
f 1816//1816 1800//1800 1799//1799
f 1816//1816 1815//1815 1800//1800
f 1817//1817 1798//1798 1797//1797
f 1817//1817 1816//1816 1798//1798
f 1818//1818 1796//1796 1795//1795
f 1818//1818 1797//1797 1796//1796
f 1818//1818 1817//1817 1797//1797
f 1819//1819 1794//1794 1793//1793
f 1819//1819 1795//1795 1794//1794
f 1819//1819 1818//1818 1795//1795
f 1811//1811 1793//1793 1792//1792
f 1811//1811 1819//1819 1793//1793
f 1810//1810 1811//1811 1792//1792
f 1809//1809 1810//1810 1792//1792
f 1809//1809 1792//1792 1791//1791
f 1808//1808 1809//1809 1791//1791
f 1808//1808 1790//1790 1789//1789
f 1808//1808 1791//1791 1790//1790
f 1807//1807 1788//1788 1787//1787
f 1807//1807 1789//1789 1788//1788
f 1807//1807 1808//1808 1789//1789
f 1806//1806 1807//1807 1787//1787
f 1806//1806 1787//1787 1786//1786
f 1805//1805 1785//1785 1784//1784
f 1805//1805 1786//1786 1785//1785
f 1805//1805 1806//1806 1786//1786
f 1804//1804 1784//1784 1783//1783
f 1804//1804 1805//1805 1784//1784
f 1803//1803 1782//1782 1781//1781
f 1803//1803 1783//1783 1782//1782
f 1803//1803 1804//1804 1783//1783
f 1802//1802 1781//1781 1780//1780
f 1802//1802 1803//1803 1781//1781
f 1801//1801 1780//1780 1779//1779
f 1801//1801 1802//1802 1780//1780
v 476.000000 321.713318 867.500000
v 476.000000 333.500000 867.500000
v 464.360901 326.500000 898.068298
v 462.376068 326.478241 895.983582
v 461.374664 326.440186 894.610046
v 460.512726 326.378876 893.148254
v 459.630035 326.262939 891.186584
v 458.935760 326.077087 888.880737
v 458.641083 325.909332 887.215454
v 458.504913 325.696198 885.414551
v 458.554962 325.449921 883.614502
v 458.769562 325.190735 881.939575
v 459.263214 324.833466 879.887878
v 460.104950 324.399323 877.678955
v 461.235962 323.944214 875.604431
v 462.635315 323.486145 873.702637
v 464.280518 323.043488 872.003845
v 465.601166 322.745636 870.924683
v 467.088898 322.462067 869.938599
v 468.672546 322.214661 869.107971
v 470.338257 322.010376 868.441223
v 472.067108 321.855835 867.947510
v 473.837402 321.756226 867.633972
v 474.915466 321.724152 867.533691
v 466.578735 326.500000 899.747498
v 469.034851 326.500000 901.054138
v 471.616058 326.500000 901.942017
v 473.790344 326.500000 902.359924
v 476.000000 326.500000 902.500000
v 476.000000 333.500000 902.500000
v 458.500000 333.500000 885.000000
v 458.765869 333.500000 888.038818
v 459.555389 333.500000 890.985352
v 460.844543 333.500000 893.750000
v 462.594208 333.500000 896.248779
v 464.751221 333.500000 898.405762
v 467.250000 333.500000 900.155457
v 470.014648 333.500000 901.444641
v 472.961151 333.500000 902.234131
v 472.961151 333.500000 867.765869
v 470.014648 333.500000 868.555359
v 467.250000 333.500000 869.844543
v 464.751221 333.500000 871.594238
v 462.594208 333.500000 873.751221
v 460.844543 333.500000 876.250000
v 459.555389 333.500000 879.014648
v 458.765869 333.500000 881.961182
vn 0.000000 0.000000 -1.000000
vn 0.000000 0.000000 -1.000000
vn -0.665092 0.000000 0.746762
vn -0.778510 0.000000 0.627632
vn -0.835729 0.000000 0.549142
vn -0.884987 0.000000 0.465615
vn -0.935428 0.000000 0.353518
vn -0.975102 0.000000 0.221757
vn -0.991954 0.000000 0.126599
vn -0.999719 0.000000 0.023689
vn -0.996861 0.000000 -0.079172
vn -0.984590 0.000000 -0.174881
vn -0.956382 0.000000 -0.292118
vn -0.908289 0.000000 -0.418344
vn -0.843655 0.000000 -0.536886
vn -0.763702 0.000000 -0.645569
vn -0.669689 0.000000 -0.742641
vn -0.594219 0.000000 -0.804303
vn -0.509204 0.000000 -0.860646
vn -0.418713 0.000000 -0.908119
vn -0.323529 0.000000 -0.946218
vn -0.224735 0.000000 -0.974420
vn -0.123576 0.000000 -0.992335
vn -0.061973 0.000000 -0.998078
vn -0.538358 0.000000 0.842716
vn -0.398020 0.000000 0.917377
vn -0.250521 0.000000 0.968111
vn -0.126271 0.000000 0.991996
vn -0.000000 0.000000 1.000000
vn 0.000000 -0.000000 1.000000
vn -1.000000 0.000000 -0.000000
vn -0.984808 0.000000 0.173648
vn -0.939693 0.000000 0.342020
vn -0.866025 0.000000 0.500000
vn -0.766044 0.000000 0.642788
vn -0.642788 0.000000 0.766044
vn -0.500000 0.000000 0.866025
vn -0.342020 0.000000 0.939693
vn -0.173648 0.000000 0.984808
vn -0.173648 0.000000 -0.984808
vn -0.342020 0.000000 -0.939693
vn -0.500000 0.000000 -0.866025
vn -0.642788 0.000000 -0.766044
vn -0.766044 0.000000 -0.642788
vn -0.866025 0.000000 -0.500000
vn -0.939693 0.000000 -0.342020
vn -0.984808 0.000000 -0.173648
f 1821//1821 1820//1820 1843//1843
f 1859//1859 1842//1842 1841//1841
f 1859//1859 1843//1843 1842//1842
f 1859//1859 1821//1821 1843//1843
f 1860//1860 1840//1840 1839//1839
f 1860//1860 1841//1841 1840//1840
f 1860//1860 1859//1859 1841//1841
f 1861//1861 1838//1838 1837//1837
f 1861//1861 1839//1839 1838//1838
f 1861//1861 1860//1860 1839//1839
f 1862//1862 1837//1837 1836//1836
f 1862//1862 1861//1861 1837//1837
f 1863//1863 1835//1835 1834//1834
f 1863//1863 1836//1836 1835//1835
f 1863//1863 1862//1862 1836//1836
f 1864//1864 1834//1834 1833//1833
f 1864//1864 1863//1863 1834//1834
f 1865//1865 1833//1833 1832//1832
f 1865//1865 1864//1864 1833//1833
f 1866//1866 1831//1831 1830//1830
f 1866//1866 1832//1832 1831//1831
f 1866//1866 1865//1865 1832//1832
f 1850//1850 1829//1829 1828//1828
f 1850//1850 1830//1830 1829//1829
f 1850//1850 1866//1866 1830//1830
f 1851//1851 1828//1828 1827//1827
f 1851//1851 1850//1850 1828//1828
f 1852//1852 1851//1851 1827//1827
f 1852//1852 1826//1826 1825//1825
f 1852//1852 1827//1827 1826//1826
f 1853//1853 1825//1825 1824//1824
f 1853//1853 1852//1852 1825//1825
f 1854//1854 1853//1853 1824//1824
f 1854//1854 1823//1823 1822//1822
f 1854//1854 1824//1824 1823//1823
f 1855//1855 1854//1854 1822//1822
f 1855//1855 1822//1822 1844//1844
f 1856//1856 1844//1844 1845//1845
f 1856//1856 1855//1855 1844//1844
f 1857//1857 1845//1845 1846//1846
f 1857//1857 1856//1856 1845//1845
f 1858//1858 1846//1846 1847//1847
f 1858//1858 1857//1857 1846//1846
f 1849//1849 1847//1847 1848//1848
f 1849//1849 1858//1858 1847//1847
usemtl mat_2
v 393.603271 327.232849 1027.822754
v 394.110626 326.500000 1029.263550
v 395.660461 327.438049 1027.826538
v 397.665070 327.931702 1028.029663
v 399.120331 328.494171 1028.315796
v 400.464966 329.194916 1028.703247
v 401.700714 330.029144 1029.188477
v 402.805939 330.984161 1029.764282
v 403.762695 332.044189 1030.421265
v 404.556000 333.190857 1031.147949
v 405.171143 334.405792 1031.932617
v 405.598145 335.668976 1032.762573
v 405.792328 336.642059 1033.410767
v 405.873383 337.621368 1034.070679
v 408.000000 332.993408 1042.310669
v 405.081940 326.500000 1037.911865
v 406.296356 327.891815 1038.854736
v 406.893250 328.826172 1039.487671
v 407.366241 329.807983 1040.152832
v 407.686005 330.738068 1040.782837
v 407.895630 331.689606 1041.427490
v 407.973816 332.340057 1041.868042
v 402.554779 326.500000 1034.374512
v 400.061096 326.500000 1031.886719
v 398.119080 326.500000 1030.512939
v 396.511993 326.500000 1029.740112
v 395.229980 326.500000 1029.376099
v 394.672211 326.500000 1029.294189
vn 0.003549 -0.893157 -0.449730
vn 0.002754 -0.888550 -0.458771
vn 0.172069 -0.854109 -0.490806
vn 0.334818 -0.788988 -0.515165
vn 0.453069 -0.722657 -0.522010
vn 0.559772 -0.646293 -0.518614
vn 0.656596 -0.559779 -0.505499
vn 0.742624 -0.464047 -0.482877
vn 0.814897 -0.362992 -0.451863
vn 0.873675 -0.257150 -0.412996
vn 0.918655 -0.147077 -0.366662
vn 0.948475 -0.036743 -0.314713
vn 0.961150 0.046589 -0.272067
vn 0.965284 0.130141 -0.226474
vn 0.984260 0.099127 -0.146311
vn 0.752886 -0.478151 -0.452255
vn 0.850420 -0.347678 -0.394848
vn 0.898013 -0.262505 -0.353076
vn 0.935720 -0.174182 -0.306739
vn 0.960674 -0.092987 -0.261646
vn 0.976725 -0.011545 -0.214186
vn 0.982551 0.043688 -0.180788
vn 0.596509 -0.621638 -0.507684
vn 0.436002 -0.731239 -0.524587
vn 0.302722 -0.799925 -0.518150
vn 0.187861 -0.844473 -0.501571
vn 0.091641 -0.871662 -0.481463
vn 0.048016 -0.880946 -0.470775
f 1894//1894 1868//1868 1867//1867
f 1894//1894 1867//1867 1869//1869
f 1893//1893 1894//1894 1869//1869
f 1892//1892 1869//1869 1870//1870
f 1892//1892 1893//1893 1869//1869
f 1891//1891 1870//1870 1871//1871
f 1891//1891 1892//1892 1870//1870
f 1890//1890 1871//1871 1872//1872
f 1890//1890 1872//1872 1873//1873
f 1890//1890 1891//1891 1871//1871
f 1889//1889 1873//1873 1874//1874
f 1889//1889 1874//1874 1875//1875
f 1889//1889 1890//1890 1873//1873
f 1883//1883 1875//1875 1876//1876
f 1883//1883 1882//1882 1889//1889
f 1883//1883 1889//1889 1875//1875
f 1884//1884 1876//1876 1877//1877
f 1884//1884 1883//1883 1876//1876
f 1885//1885 1884//1884 1877//1877
f 1886//1886 1877//1877 1878//1878
f 1886//1886 1885//1885 1877//1877
f 1887//1887 1878//1878 1879//1879
f 1887//1887 1886//1886 1878//1878
f 1888//1888 1879//1879 1880//1880
f 1888//1888 1887//1887 1879//1879
f 1881//1881 1888//1888 1880//1880
v 407.716705 326.500000 1043.504272
v 406.523499 326.500000 1040.615112
v 405.081940 326.500000 1037.911865
v 406.296356 327.891815 1038.854736
v 406.893250 328.826172 1039.487671
v 407.366241 329.807983 1040.152832
v 407.686005 330.738068 1040.782837
v 407.895630 331.689606 1041.427490
v 407.973816 332.340057 1041.868042
v 408.000000 332.993408 1042.310669
v 408.735657 330.564392 1046.255005
v 408.287964 327.805176 1044.395142
v 408.629822 329.169098 1045.318237
vn 0.907365 -0.267131 -0.324545
vn 0.838558 -0.375105 -0.395117
vn 0.752886 -0.478151 -0.452255
vn 0.850420 -0.347678 -0.394848
vn 0.898013 -0.262505 -0.353076
vn 0.935720 -0.174182 -0.306739
vn 0.960674 -0.092987 -0.261646
vn 0.976725 -0.011545 -0.214186
vn 0.982551 0.043688 -0.180788
vn 0.984260 0.099127 -0.146311
vn 0.990255 0.084272 -0.110874
vn 0.954324 -0.150929 -0.257850
vn 0.981864 -0.033811 -0.186548
f 1896//1896 1897//1897 1898//1898
f 1896//1896 1898//1898 1899//1899
f 1900//1900 1896//1896 1899//1899
f 1895//1895 1896//1896 1900//1900
f 1906//1906 1900//1900 1901//1901
f 1906//1906 1895//1895 1900//1900
f 1907//1907 1901//1901 1902//1902
f 1907//1907 1902//1902 1903//1903
f 1907//1907 1906//1906 1901//1901
f 1905//1905 1903//1903 1904//1904
f 1905//1905 1907//1907 1903//1903
v 409.576813 326.500000 1052.521118
v 409.066895 326.500000 1048.473389
v 408.488373 326.500000 1045.962646
v 407.716705 326.500000 1043.504272
v 408.287964 327.805176 1044.395142
v 408.629822 329.169098 1045.318237
v 408.735657 330.564392 1046.255005
vn 0.996116 0.063068 -0.061450
vn 0.978918 -0.084521 -0.185943
vn 0.950009 -0.175879 -0.257974
vn 0.907365 -0.267131 -0.324545
vn 0.954324 -0.150929 -0.257850
vn 0.981864 -0.033811 -0.186548
vn 0.990255 0.084272 -0.110874
f 1910//1910 1911//1911 1912//1912
f 1910//1910 1912//1912 1913//1913
f 1909//1909 1913//1913 1914//1914
f 1909//1909 1910//1910 1913//1913
f 1908//1908 1909//1909 1914//1914
v 408.735657 330.564392 1046.255005
v 409.576813 326.500000 1052.521118
v 408.684998 335.521240 1049.569458
v 409.928589 326.500000 1062.877441
vn 0.990255 0.084272 -0.110874
vn 0.996116 0.063068 -0.061450
vn 0.991438 0.079423 -0.103646
vn 0.999198 0.039138 -0.008487
f 1916//1916 1915//1915 1917//1917
f 1918//1918 1916//1916 1917//1917
v 397.497070 326.500000 1081.921143
v 398.729767 326.500000 1081.843872
v 399.934052 326.500000 1081.580322
v 401.088562 326.500000 1081.149536
v 402.176544 326.500000 1080.572266
v 403.190155 326.500000 1079.871338
v 404.128296 326.500000 1079.063721
v 405.255859 326.500000 1077.857544
v 406.353424 326.500000 1076.370972
v 407.284546 326.500000 1074.776489
v 408.288361 326.500000 1072.528809
v 409.116821 326.500000 1069.884644
v 409.647552 326.500000 1067.166016
v 409.869598 326.500000 1065.022217
v 409.928589 326.500000 1062.877441
v 408.684998 335.521240 1049.569458
v 408.490417 337.219788 1050.699707
v 407.949951 338.873016 1051.788940
v 407.314087 340.071899 1052.571167
v 406.510803 341.178528 1053.286499
v 405.546021 342.194397 1053.936157
v 404.434570 343.101807 1054.508667
v 403.195007 343.886169 1054.994873
v 401.848877 344.535339 1055.387207
v 400.417847 345.037476 1055.678711
v 398.925415 345.384521 1055.864502
v 397.772919 345.541077 1055.933350
v 396.610565 345.604675 1055.939697
v 397.778809 335.799835 1069.711426
v 408.221375 336.875854 1055.798218
v 405.568726 340.166809 1057.792847
v 408.799408 331.979462 1062.862427
v 401.653473 342.419922 1059.039551
v 406.118011 335.364990 1064.629883
v 402.195251 337.716583 1065.670532
v 402.250824 328.693420 1077.717773
v 403.827118 332.361389 1071.741821
v 403.076050 332.104675 1072.714478
vn -0.010525 0.795830 0.605429
vn 0.085939 0.790265 0.606708
vn 0.178620 0.778156 0.602136
vn 0.267535 0.760152 0.592110
vn 0.352644 0.736723 0.576959
vn 0.432523 0.708757 0.557304
vn 0.506589 0.677073 0.533798
vn 0.596769 0.629793 0.497219
vn 0.686947 0.570696 0.449899
vn 0.764390 0.507520 0.397657
vn 0.848782 0.419051 0.322438
vn 0.920816 0.313936 0.231392
vn 0.968601 0.206973 0.137749
vn 0.990265 0.123339 0.064524
vn 0.999198 0.039138 -0.008487
vn 0.991438 0.079423 -0.103646
vn 0.975640 0.219243 -0.007706
vn 0.931939 0.351756 0.088081
vn 0.880042 0.447055 0.160211
vn 0.815181 0.532549 0.227754
vn 0.736954 0.609766 0.291691
vn 0.645685 0.677946 0.351398
vn 0.544732 0.734519 0.404659
vn 0.434549 0.779393 0.451347
vn 0.315673 0.811944 0.491016
vn 0.192547 0.830809 0.522189
vn 0.097217 0.835972 0.540092
vn -0.000156 0.833125 0.553085
vn -0.006123 0.800110 0.599822
vn 0.915051 0.374996 0.148523
vn 0.698973 0.624730 0.348066
vn 0.913062 0.353245 0.203803
vn 0.378513 0.781940 0.495275
vn 0.692118 0.601867 0.398407
vn 0.371711 0.759589 0.533718
vn 0.352975 0.738504 0.574474
vn 0.481904 0.701496 0.525045
vn 0.419699 0.724095 0.547303
f 1948//1948 1933//1933 1934//1934
f 1948//1948 1934//1934 1935//1935
f 1948//1948 1935//1935 1936//1936
f 1948//1948 1936//1936 1937//1937
f 1948//1948 1937//1937 1938//1938
f 1949//1949 1938//1938 1939//1939
f 1949//1949 1939//1939 1940//1940
f 1949//1949 1940//1940 1941//1941
f 1949//1949 1948//1948 1938//1938
f 1950//1950 1931//1931 1932//1932
f 1950//1950 1932//1932 1933//1933
f 1950//1950 1933//1933 1948//1948
f 1951//1951 1941//1941 1942//1942
f 1951//1951 1942//1942 1943//1943
f 1951//1951 1943//1943 1944//1944
f 1951//1951 1944//1944 1945//1945
f 1951//1951 1945//1945 1946//1946
f 1951//1951 1949//1949 1941//1941
f 1952//1952 1930//1930 1931//1931
f 1952//1952 1950//1950 1948//1948
f 1952//1952 1948//1948 1949//1949
f 1952//1952 1949//1949 1951//1951
f 1952//1952 1931//1931 1950//1950
f 1953//1953 1946//1946 1947//1947
f 1953//1953 1951//1951 1946//1946
f 1953//1953 1952//1952 1951//1951
f 1954//1954 1919//1919 1920//1920
f 1954//1954 1920//1920 1921//1921
f 1954//1954 1921//1921 1922//1922
f 1954//1954 1922//1922 1923//1923
f 1954//1954 1923//1923 1924//1924
f 1954//1954 1924//1924 1925//1925
f 1954//1954 1925//1925 1926//1926
f 1954//1954 1926//1926 1927//1927
f 1954//1954 1947//1947 1919//1919
f 1955//1955 1928//1928 1929//1929
f 1955//1955 1929//1929 1930//1930
f 1955//1955 1952//1952 1953//1953
f 1955//1955 1930//1930 1952//1952
f 1955//1955 1953//1953 1947//1947
f 1956//1956 1927//1927 1928//1928
f 1956//1956 1928//1928 1955//1955
f 1956//1956 1947//1947 1954//1954
f 1956//1956 1954//1954 1927//1927
f 1956//1956 1955//1955 1947//1947
v 363.857391 326.500000 1081.326416
v 397.497070 326.500000 1081.921143
v 396.610565 345.604675 1055.939697
v 397.778809 335.799835 1069.711426
v 362.686920 346.085266 1055.206421
v 363.998077 339.988007 1063.808960
v 364.299866 333.331787 1072.497803
vn -0.010740 0.796094 0.605078
vn -0.010525 0.795830 0.605429
vn -0.000156 0.833125 0.553085
vn -0.006123 0.800110 0.599822
vn -0.000158 0.832972 0.553315
vn -0.004740 0.801519 0.597950
vn -0.009668 0.789223 0.614031
f 1962//1962 1960//1960 1959//1959
f 1962//1962 1959//1959 1961//1961
f 1963//1963 1958//1958 1960//1960
f 1963//1963 1960//1960 1962//1962
f 1957//1957 1958//1958 1963//1963
v 362.686920 346.085266 1055.206421
v 363.998077 339.988007 1063.808960
v 364.299866 333.331787 1072.497803
v 363.857391 326.500000 1081.326416
v 360.643921 345.968018 1055.064453
v 358.663300 345.563904 1054.732422
v 357.232391 345.069122 1054.356934
v 355.916443 344.433289 1053.890747
v 354.713562 343.661163 1053.336792
v 353.644867 342.764435 1052.703613
v 352.727722 341.757935 1052.001709
v 351.976410 340.659119 1051.243286
v 351.404938 339.485565 1050.440430
v 351.022644 338.256531 1049.606323
v 350.862396 337.304230 1048.964233
v 350.815094 336.341095 1048.318481
v 352.206146 331.797211 1055.103516
v 352.820129 326.500000 1062.449951
v 353.301086 326.500000 1068.254395
v 354.321320 326.500000 1072.383911
v 355.566925 326.500000 1075.320801
v 356.839905 326.500000 1077.345581
v 358.155823 326.500000 1078.838135
v 359.442627 326.500000 1079.883789
v 360.744781 326.500000 1080.616821
v 362.011810 326.500000 1081.069458
v 362.916016 326.500000 1081.252441
v 363.834595 326.500000 1081.326416
v 358.689514 343.542633 1057.336426
v 354.857178 341.491943 1055.782715
v 359.465546 339.547943 1062.881104
v 352.328766 338.336395 1053.582764
v 355.682983 337.526581 1061.337280
v 353.211548 334.361938 1059.233521
v 359.748138 330.790253 1074.299072
v 355.994812 328.652802 1073.029419
vn -0.000158 0.832972 0.553315
vn -0.004740 0.801519 0.597950
vn -0.009668 0.789223 0.614031
vn -0.010742 0.796094 0.605078
vn -0.171397 0.802490 0.571518
vn -0.336861 0.746969 0.573203
vn -0.457348 0.688066 0.563381
vn -0.566303 0.618414 0.544852
vn -0.665304 0.537763 0.517862
vn -0.753216 0.446903 0.482642
vn -0.826780 0.349562 0.440727
vn -0.886097 0.246530 0.392497
vn -0.930785 0.138697 0.338233
vn -0.959516 0.030235 0.280028
vn -0.970949 -0.051693 0.233636
vn -0.973602 -0.133677 0.185013
vn -0.993302 -0.079930 0.083436
vn -0.999228 -0.038968 0.004897
vn -0.959454 0.231005 0.161505
vn -0.856831 0.426992 0.288995
vn -0.731541 0.562300 0.385573
vn -0.606695 0.651789 0.455073
vn -0.484687 0.712948 0.506738
vn -0.369986 0.752987 0.544170
vn -0.259070 0.778543 0.571624
vn -0.156222 0.792098 0.590063
vn -0.084617 0.796215 0.599067
vn -0.012527 0.796148 0.604972
vn -0.384038 0.723603 0.573510
vn -0.706702 0.510132 0.490242
vn -0.384511 0.722684 0.574351
vn -0.916412 0.215796 0.337078
vn -0.709904 0.530253 0.463538
vn -0.925845 0.251390 0.282160
vn -0.378028 0.738046 0.558913
vn -0.705047 0.575274 0.414690
f 1992//1992 1965//1965 1964//1964
f 1992//1992 1964//1964 1968//1968
f 1992//1992 1968//1968 1969//1969
f 1992//1992 1969//1969 1970//1970
f 1992//1992 1970//1970 1971//1971
f 1993//1993 1971//1971 1972//1972
f 1993//1993 1972//1972 1973//1973
f 1993//1993 1973//1973 1974//1974
f 1993//1993 1992//1992 1971//1971
f 1994//1994 1966//1966 1965//1965
f 1994//1994 1965//1965 1992//1992
f 1995//1995 1974//1974 1975//1975
f 1995//1995 1975//1975 1976//1976
f 1995//1995 1976//1976 1977//1977
f 1995//1995 1977//1977 1978//1978
f 1995//1995 1978//1978 1979//1979
f 1995//1995 1979//1979 1980//1980
f 1995//1995 1993//1993 1974//1974
f 1996//1996 1994//1994 1992//1992
f 1996//1996 1992//1992 1993//1993
f 1997//1997 1980//1980 1981//1981
f 1997//1997 1981//1981 1982//1982
f 1997//1997 1982//1982 1996//1996
f 1997//1997 1993//1993 1995//1995
f 1997//1997 1996//1996 1993//1993
f 1997//1997 1995//1995 1980//1980
f 1998//1998 1967//1967 1966//1966
f 1998//1998 1984//1984 1985//1985
f 1998//1998 1985//1985 1986//1986
f 1998//1998 1986//1986 1987//1987
f 1998//1998 1987//1987 1988//1988
f 1998//1998 1988//1988 1989//1989
f 1998//1998 1989//1989 1990//1990
f 1998//1998 1990//1990 1991//1991
f 1998//1998 1991//1991 1967//1967
f 1998//1998 1966//1966 1994//1994
f 1999//1999 1982//1982 1983//1983
f 1999//1999 1983//1983 1984//1984
f 1999//1999 1994//1994 1996//1996
f 1999//1999 1996//1996 1982//1982
f 1999//1999 1984//1984 1998//1998
f 1999//1999 1998//1998 1994//1994
v 350.815094 336.341095 1048.318481
v 352.206146 331.797211 1055.103516
v 352.820129 326.500000 1062.449951
v 350.865753 331.384247 1045.003906
v 352.409180 326.500000 1052.444336
v 352.820129 326.500000 1062.322266
vn -0.973602 -0.133677 0.185013
vn -0.993302 -0.079930 0.083436
vn -0.999228 -0.038968 0.004897
vn -0.971183 -0.139250 0.193426
vn -0.993526 -0.079110 0.081536
vn -0.999208 -0.039378 0.005717
f 2001//2001 2000//2000 2003//2003
f 2004//2004 2001//2001 2003//2003
f 2005//2005 2001//2001 2004//2004
f 2002//2002 2001//2001 2005//2005
v 352.454407 326.500000 1041.786011
v 352.409180 326.500000 1052.444336
v 350.865753 331.384247 1045.003906
v 351.058167 329.695648 1043.880249
v 351.592468 328.051544 1042.796997
v 351.983887 327.261414 1042.280518
vn -0.844445 -0.530728 -0.072390
vn -0.993526 -0.079110 0.081536
vn -0.971183 -0.139250 0.193426
vn -0.954349 -0.278966 0.106749
vn -0.911937 -0.409938 0.017927
vn -0.881080 -0.472170 -0.027441
f 2007//2007 2008//2008 2009//2009
f 2007//2007 2009//2009 2010//2010
f 2007//2007 2010//2010 2011//2011
f 2007//2007 2011//2011 2006//2006
v 352.918243 326.500000 1037.911865
v 352.454407 326.500000 1041.786011
v 350.865753 331.384247 1045.003906
v 351.058167 329.695648 1043.880249
v 351.592468 328.051544 1042.796997
v 351.983887 327.261414 1042.280518
v 350.000000 332.993408 1042.310669
v 350.180176 331.281738 1041.151123
v 350.712463 329.621399 1040.026367
v 351.341125 328.430084 1039.219360
v 352.061493 327.426727 1038.539673
vn -0.726241 -0.677375 -0.117204
vn -0.844445 -0.530728 -0.072390
vn -0.971183 -0.139250 0.193426
vn -0.954349 -0.278966 0.106749
vn -0.911937 -0.409938 0.017927
vn -0.881080 -0.472170 -0.027441
vn -0.955955 -0.164608 0.243012
vn -0.938193 -0.306854 0.160108
vn -0.895297 -0.439388 0.073362
vn -0.846270 -0.532729 0.005182
vn -0.791413 -0.608712 -0.055986
f 2015//2015 2014//2014 2018//2018
f 2015//2015 2018//2018 2019//2019
f 2016//2016 2019//2019 2020//2020
f 2016//2016 2015//2015 2019//2019
f 2017//2017 2020//2020 2021//2021
f 2017//2017 2016//2016 2020//2020
f 2013//2013 2021//2021 2022//2022
f 2013//2013 2022//2022 2012//2012
f 2013//2013 2017//2017 2021//2021
v 356.664063 326.500000 1029.759766
v 356.000916 326.500000 1030.286865
v 355.426697 326.500000 1030.912476
v 354.912323 326.500000 1031.648560
v 354.481415 326.500000 1032.436646
v 353.777069 326.500000 1034.204590
v 353.277100 326.500000 1036.039307
v 352.918243 326.500000 1037.911865
v 350.000000 332.993408 1042.310669
v 350.180176 331.281738 1041.151123
v 350.712463 329.621399 1040.026367
v 351.341125 328.430084 1039.219360
v 352.061493 327.426727 1038.539673
v 347.743652 336.010345 1036.807983
v 347.862091 334.395935 1035.703613
v 348.289978 332.832458 1034.613281
v 348.857178 331.631409 1033.760010
v 349.549438 330.591492 1033.008057
v 350.390808 329.635651 1032.303345
v 351.369507 328.778473 1031.656494
v 352.471924 328.032898 1031.077393
v 353.680725 327.408661 1030.573730
v 354.978210 326.915161 1030.152954
v 355.810211 326.680939 1029.938965
vn -0.226738 -0.911747 -0.342501
vn -0.293052 -0.903700 -0.312164
vn -0.355347 -0.890775 -0.283282
vn -0.415782 -0.872930 -0.255181
vn -0.470211 -0.852025 -0.230119
vn -0.569976 -0.800515 -0.185212
vn -0.654023 -0.741769 -0.148432
vn -0.726241 -0.677375 -0.117204
vn -0.955955 -0.164608 0.243012
vn -0.938193 -0.306854 0.160108
vn -0.895297 -0.439388 0.073362
vn -0.846270 -0.532729 0.005182
vn -0.791413 -0.608712 -0.055986
vn -0.924646 -0.198054 0.325275
vn -0.907778 -0.332686 0.255459
vn -0.870480 -0.457989 0.180306
vn -0.825315 -0.552831 0.115033
vn -0.772756 -0.632495 0.052899
vn -0.709913 -0.704206 -0.010860
vn -0.636088 -0.767815 -0.076503
vn -0.552979 -0.821009 -0.141981
vn -0.461196 -0.862952 -0.206428
vn -0.360139 -0.893082 -0.269638
vn -0.294322 -0.905056 -0.306999
f 2031//2031 2036//2036 2037//2037
f 2032//2032 2037//2037 2038//2038
f 2032//2032 2031//2031 2037//2037
f 2033//2033 2038//2038 2039//2039
f 2033//2033 2032//2032 2038//2038
f 2034//2034 2039//2039 2040//2040
f 2034//2034 2033//2033 2039//2039
f 2035//2035 2034//2034 2040//2040
f 2027//2027 2043//2043 2044//2044
f 2028//2028 2041//2041 2042//2042
f 2028//2028 2042//2042 2043//2043
f 2028//2028 2043//2043 2027//2027
f 2026//2026 2027//2027 2044//2044
f 2029//2029 2040//2040 2041//2041
f 2029//2029 2035//2035 2040//2040
f 2029//2029 2041//2041 2028//2028
f 2025//2025 2044//2044 2045//2045
f 2025//2025 2026//2026 2044//2044
f 2030//2030 2035//2035 2029//2029
f 2024//2024 2045//2045 2046//2046
f 2024//2024 2025//2025 2045//2045
f 2023//2023 2024//2024 2046//2046
v 347.743652 336.010345 1036.807983
v 347.862091 334.395935 1035.703613
v 348.289978 332.832458 1034.613281
v 348.857178 331.631409 1033.760010
v 349.549438 330.591492 1033.008057
v 350.390808 329.635651 1032.303345
v 351.369507 328.778473 1031.656494
v 352.471924 328.032898 1031.077393
v 353.680725 327.408661 1030.573730
v 354.978210 326.915161 1030.152954
v 355.810211 326.680939 1029.938965
v 356.664063 326.500000 1029.759766
v 338.395813 343.085571 1020.570374
v 343.467133 339.865082 1028.690430
v 338.421173 341.270203 1019.469299
v 338.795441 339.535645 1018.339600
v 339.309753 338.300323 1017.480103
v 339.999939 337.180084 1016.651062
v 340.859955 336.172699 1015.852478
v 341.876740 335.295929 1015.097961
v 343.033325 334.563812 1014.399780
v 344.309448 333.987488 1013.769043
v 345.684662 333.577698 1013.216858
v 347.136414 333.340942 1012.752136
v 348.268555 333.278442 1012.463440
v 349.419708 333.317169 1012.231567
v 354.735626 330.307983 1020.444153
v 359.327362 326.500000 1028.996216
v 358.493805 326.500000 1029.054565
v 357.762665 326.500000 1029.228027
v 357.334991 326.500000 1029.391724
v 356.925110 326.500000 1029.599121
v 345.722137 334.782288 1028.718506
v 348.169434 331.590363 1026.287109
v 351.960876 329.567200 1024.463989
vn -0.924646 -0.198054 0.325275
vn -0.907778 -0.332686 0.255459
vn -0.870480 -0.457989 0.180306
vn -0.825315 -0.552831 0.115033
vn -0.772756 -0.632495 0.052899
vn -0.709913 -0.704206 -0.010860
vn -0.636088 -0.767815 -0.076503
vn -0.552979 -0.821009 -0.141981
vn -0.461196 -0.862952 -0.206428
vn -0.360139 -0.893082 -0.269638
vn -0.294322 -0.905056 -0.306999
vn -0.226738 -0.911747 -0.342502
vn -0.849430 -0.212543 0.483005
vn -0.881362 -0.218393 0.418934
vn -0.829130 -0.361493 0.426457
vn -0.788204 -0.499581 0.359378
vn -0.743363 -0.597422 0.300829
vn -0.688952 -0.684422 0.238560
vn -0.624069 -0.762369 0.171265
vn -0.548266 -0.830443 0.098834
vn -0.463511 -0.885775 0.023658
vn -0.369490 -0.927658 -0.054104
vn -0.266117 -0.954611 -0.133793
vn -0.157060 -0.964597 -0.211860
vn -0.071488 -0.960481 -0.269009
vn 0.016628 -0.945869 -0.324123
vn 0.010955 -0.924881 -0.380098
vn 0.004286 -0.897852 -0.440277
vn -0.063753 -0.908393 -0.413228
vn -0.126168 -0.913423 -0.386963
vn -0.164187 -0.914240 -0.370417
vn -0.201935 -0.913316 -0.353661
vn -0.817742 -0.529833 0.224887
vn -0.632359 -0.774371 0.021704
vn -0.348174 -0.915870 -0.199893
f 2060//2060 2059//2059 2061//2061
f 2060//2060 2061//2061 2062//2062
f 2060//2060 2062//2062 2063//2063
f 2073//2073 2068//2068 2069//2069
f 2073//2073 2069//2069 2070//2070
f 2073//2073 2070//2070 2071//2071
f 2073//2073 2071//2071 2072//2072
f 2078//2078 2058//2058 2057//2057
f 2079//2079 2048//2048 2047//2047
f 2079//2079 2049//2049 2048//2048
f 2079//2079 2050//2050 2049//2049
f 2079//2079 2051//2051 2050//2050
f 2079//2079 2047//2047 2060//2060
f 2079//2079 2063//2063 2064//2064
f 2079//2079 2060//2060 2063//2063
f 2080//2080 2052//2052 2051//2051
f 2080//2080 2053//2053 2052//2052
f 2080//2080 2054//2054 2053//2053
f 2080//2080 2064//2064 2065//2065
f 2080//2080 2065//2065 2066//2066
f 2080//2080 2066//2066 2067//2067
f 2080//2080 2079//2079 2064//2064
f 2080//2080 2051//2051 2079//2079
f 2081//2081 2055//2055 2054//2054
f 2081//2081 2056//2056 2055//2055
f 2081//2081 2057//2057 2056//2056
f 2081//2081 2067//2067 2068//2068
f 2081//2081 2073//2073 2074//2074
f 2081//2081 2074//2074 2075//2075
f 2081//2081 2075//2075 2076//2076
f 2081//2081 2076//2076 2077//2077
f 2081//2081 2077//2077 2078//2078
f 2081//2081 2078//2078 2057//2057
f 2081//2081 2054//2054 2080//2080
f 2081//2081 2068//2068 2073//2073
f 2081//2081 2080//2080 2067//2067
v 367.160217 326.500000 1029.067993
v 359.327362 326.500000 1028.996216
v 349.419708 333.317169 1012.231567
v 354.735626 330.307983 1020.444153
v 383.153076 335.932129 1006.330750
v 388.253082 332.699188 1015.568542
v 391.104279 330.182953 1021.591187
v 393.603271 327.232849 1027.822754
vn 0.003860 -0.895489 -0.445067
vn 0.004286 -0.897852 -0.440277
vn 0.016628 -0.945869 -0.324123
vn 0.010955 -0.924881 -0.380098
vn 0.020094 -0.951557 -0.306815
vn 0.012342 -0.929214 -0.369337
vn 0.007674 -0.912360 -0.409317
vn 0.003576 -0.893153 -0.449738
f 2082//2082 2083//2083 2085//2085
f 2087//2087 2085//2085 2084//2084
f 2087//2087 2084//2084 2086//2086
f 2087//2087 2082//2082 2085//2085
f 2088//2088 2082//2082 2087//2087
f 2089//2089 2082//2082 2088//2088
v 367.160217 326.500000 1029.067993
v 393.603271 327.232849 1027.822754
v 394.110626 326.500000 1029.263550
vn 0.003860 -0.895489 -0.445067
vn 0.003576 -0.893153 -0.449738
vn 0.002780 -0.888547 -0.458778
f 2092//2092 2090//2090 2091//2091
v 362.008026 326.500000 1446.489014
v 396.009705 326.500000 1446.497070
v 396.017456 330.925415 1457.473022
v 362.014282 330.944336 1457.508667
vn -0.000087 -0.911210 0.411942
vn -0.000090 -0.911368 0.411591
vn -0.000169 -0.941483 0.337059
vn -0.000166 -0.941526 0.336939
f 2094//2094 2096//2096 2093//2093
f 2095//2095 2096//2096 2094//2094
v 362.008026 326.500000 1446.489014
v 362.014282 330.944336 1457.508667
v 350.009705 341.623383 1451.444580
v 350.187927 339.797485 1452.484009
v 350.713379 338.025421 1453.492310
v 351.338959 336.743988 1454.221069
v 352.133270 335.564331 1454.891602
v 353.090393 334.484741 1455.505005
v 354.195587 333.524109 1456.050537
v 355.430481 332.697815 1456.519287
v 356.773529 332.018646 1456.904175
v 358.203156 331.499084 1457.197998
v 359.695831 331.147339 1457.396240
v 360.849670 330.995728 1457.481079
v 349.998718 332.257996 1431.373779
v 350.167847 330.605896 1432.498535
v 350.667816 329.000366 1433.591553
v 351.280762 327.808441 1434.403076
v 351.730194 327.139008 1434.858887
v 352.240570 326.500000 1435.293945
v 354.332550 326.500000 1440.080322
v 355.713501 326.500000 1442.297729
v 356.940674 326.500000 1443.820435
v 358.004364 326.500000 1444.840576
v 358.897278 326.500000 1445.499634
v 359.522949 326.500000 1445.858643
v 360.451630 326.500000 1446.242188
v 361.220673 326.500000 1446.426270
v 351.603058 328.277252 1436.503052
v 351.623535 333.034454 1446.407593
v 354.342255 329.285889 1445.923096
v 354.708099 329.150787 1446.336060
vn -0.000087 -0.911210 0.411942
vn -0.000166 -0.941526 0.336939
vn -1.000000 -0.000159 0.000254
vn -0.985485 -0.158885 0.059787
vn -0.942596 -0.312942 0.116531
vn -0.890861 -0.426081 0.157550
vn -0.825698 -0.529508 0.194536
vn -0.746718 -0.624778 0.228178
vn -0.654284 -0.710803 0.258208
vn -0.551876 -0.784237 0.283557
vn -0.440066 -0.844840 0.304282
vn -0.319513 -0.891830 0.320235
vn -0.194828 -0.923349 0.330861
vn -0.098451 -0.936914 0.335409
vn -1.000000 0.000534 0.000691
vn -0.985774 -0.146097 0.083099
vn -0.943756 -0.288412 0.161689
vn -0.891751 -0.395490 0.219925
vn -0.854042 -0.455093 0.251996
vn -0.811413 -0.511793 0.282271
vn -0.637545 -0.687010 0.348645
vn -0.523803 -0.765550 0.373583
vn -0.422180 -0.818878 0.388848
vn -0.333076 -0.854610 0.398375
vn -0.258866 -0.877337 0.404065
vn -0.207092 -0.889632 0.407022
vn -0.130203 -0.902714 0.410067
vn -0.066202 -0.909010 0.411483
vn -0.865321 -0.442000 0.236339
vn -0.866242 -0.457864 0.199966
vn -0.639242 -0.701280 0.315557
vn -0.608925 -0.724192 0.323661
f 2109//2109 2123//2123 2124//2124
f 2109//2109 2108//2108 2123//2123
f 2110//2110 2124//2124 2097//2097
f 2110//2110 2109//2109 2124//2124
f 2098//2098 2110//2110 2097//2097
f 2125//2125 2112//2112 2113//2113
f 2125//2125 2113//2113 2114//2114
f 2125//2125 2114//2114 2115//2115
f 2125//2125 2115//2115 2116//2116
f 2125//2125 2116//2116 2117//2117
f 2126//2126 2100//2100 2099//2099
f 2126//2126 2101//2101 2100//2100
f 2126//2126 2102//2102 2101//2101
f 2126//2126 2103//2103 2102//2102
f 2126//2126 2104//2104 2103//2103
f 2126//2126 2105//2105 2104//2104
f 2126//2126 2099//2099 2111//2111
f 2126//2126 2111//2111 2112//2112
f 2126//2126 2112//2112 2125//2125
f 2127//2127 2117//2117 2118//2118
f 2127//2127 2118//2118 2119//2119
f 2127//2127 2126//2126 2125//2125
f 2127//2127 2125//2125 2117//2117
f 2128//2128 2106//2106 2105//2105
f 2128//2128 2107//2107 2106//2106
f 2128//2128 2108//2108 2107//2107
f 2128//2128 2119//2119 2120//2120
f 2128//2128 2120//2120 2121//2121
f 2128//2128 2121//2121 2122//2122
f 2128//2128 2122//2122 2123//2123
f 2128//2128 2126//2126 2127//2127
f 2128//2128 2105//2105 2126//2126
f 2128//2128 2127//2127 2119//2119
f 2128//2128 2123//2123 2108//2108
v 349.988434 326.500000 1421.990356
v 350.245911 326.500000 1426.462036
v 350.999237 326.500000 1430.933105
v 352.240570 326.500000 1435.293945
v 349.998718 332.257996 1431.373779
v 350.167847 330.605896 1432.498535
v 350.667816 329.000366 1433.591553
v 351.280762 327.808441 1434.403076
v 351.730194 327.139008 1434.858887
vn -0.999999 0.000986 0.000650
vn -0.978231 -0.175483 0.110769
vn -0.914615 -0.347944 0.205946
vn -0.811413 -0.511793 0.282271
vn -1.000000 0.000534 0.000691
vn -0.985774 -0.146097 0.083099
vn -0.943756 -0.288412 0.161689
vn -0.891751 -0.395490 0.219925
vn -0.854042 -0.455093 0.251996
f 2133//2133 2129//2129 2130//2130
f 2134//2134 2130//2130 2131//2131
f 2134//2134 2133//2133 2130//2130
f 2135//2135 2134//2134 2131//2131
f 2136//2136 2135//2135 2131//2131
f 2137//2137 2136//2136 2131//2131
f 2132//2132 2137//2137 2131//2131
v 349.988434 326.500000 1421.990356
v 349.998718 332.257996 1431.373779
v 349.998962 337.205109 1428.006104
v 349.983490 326.500000 1411.707764
vn -0.999999 0.000986 0.000650
vn -1.000000 0.000534 0.000691
vn -1.000000 0.000415 0.000559
vn -0.999999 0.001098 0.000175
f 2140//2140 2141//2141 2138//2138
f 2139//2139 2140//2140 2138//2138
v 349.983490 326.500000 1411.707764
v 349.998962 337.205109 1428.006104
v 361.999390 347.100494 1421.271973
v 359.950317 346.954376 1421.371094
v 357.960815 346.522858 1421.664551
v 356.521393 346.008606 1422.014282
v 355.195770 345.355194 1422.458862
v 353.982056 344.567352 1422.994995
v 352.901611 343.657043 1423.614502
v 351.971893 342.639313 1424.307129
v 351.207489 341.531799 1425.060913
v 350.622589 340.352264 1425.863770
v 350.226715 339.120056 1426.702515
v 350.056305 338.167175 1427.351196
v 361.988861 326.500000 1392.920288
v 361.035431 326.500000 1392.977539
v 359.633545 326.500000 1393.269043
v 358.736572 326.500000 1393.591675
v 357.877441 326.500000 1394.006592
v 356.917419 326.500000 1394.603638
v 355.921448 326.500000 1395.391357
v 355.013855 326.500000 1396.281372
v 353.941284 326.500000 1397.592041
v 352.914154 326.500000 1399.198975
v 352.065216 326.500000 1400.904907
v 351.182495 326.500000 1403.286987
v 350.498535 326.500000 1406.059937
v 350.108917 326.500000 1408.876465
v 357.399963 328.694824 1397.104126
v 357.403656 337.538818 1408.711060
v 353.509460 335.400360 1410.047729
v 350.903809 332.201874 1412.055420
v 353.755737 332.533173 1405.768921
vn -0.999999 0.001098 0.000175
vn -1.000000 0.000415 0.000559
vn -0.000009 0.853846 -0.520526
vn -0.170297 0.841561 -0.512614
vn -0.335009 0.805164 -0.489366
vn -0.455535 0.761262 -0.461484
vn -0.565364 0.705982 -0.426560
vn -0.666243 0.638959 -0.384514
vn -0.757110 0.560451 -0.335677
vn -0.834519 0.473358 -0.281977
vn -0.898319 0.378059 -0.223819
vn -0.947752 0.275021 -0.161647
vn -0.980895 0.168115 -0.097891
vn -0.995158 0.085213 -0.048984
vn -0.000142 0.788552 -0.614968
vn -0.073445 0.786463 -0.613255
vn -0.180717 0.775824 -0.604516
vn -0.250055 0.763990 -0.594804
vn -0.317726 0.748477 -0.582093
vn -0.395203 0.725562 -0.563359
vn -0.476449 0.695031 -0.538449
vn -0.551681 0.660000 -0.509949
vn -0.643110 0.606923 -0.466963
vn -0.733792 0.539596 -0.412778
vn -0.809520 0.467503 -0.355133
vn -0.889560 0.365271 -0.274337
vn -0.952788 0.244179 -0.180478
vn -0.988445 0.122833 -0.088816
vn -0.359525 0.736151 -0.573432
vn -0.371773 0.749251 -0.548094
vn -0.695012 0.582532 -0.421443
vn -0.919079 0.321167 -0.228353
vn -0.669345 0.594686 -0.445337
f 2170//2170 2156//2156 2157//2157
f 2170//2170 2157//2157 2158//2158
f 2170//2170 2158//2158 2159//2159
f 2170//2170 2159//2159 2160//2160
f 2170//2170 2160//2160 2161//2161
f 2170//2170 2161//2161 2162//2162
f 2170//2170 2162//2162 2163//2163
f 2170//2170 2163//2163 2164//2164
f 2170//2170 2164//2164 2165//2165
f 2171//2171 2145//2145 2144//2144
f 2171//2171 2146//2146 2145//2145
f 2171//2171 2147//2147 2146//2146
f 2171//2171 2148//2148 2147//2147
f 2171//2171 2144//2144 2156//2156
f 2171//2171 2156//2156 2170//2170
f 2172//2172 2149//2149 2148//2148
f 2172//2172 2150//2150 2149//2149
f 2172//2172 2151//2151 2150//2150
f 2172//2172 2148//2148 2171//2171
f 2173//2173 2142//2142 2143//2143
f 2173//2173 2152//2152 2151//2151
f 2173//2173 2153//2153 2152//2152
f 2173//2173 2154//2154 2153//2153
f 2173//2173 2155//2155 2154//2154
f 2173//2173 2143//2143 2155//2155
f 2173//2173 2169//2169 2142//2142
f 2173//2173 2151//2151 2172//2172
f 2174//2174 2165//2165 2166//2166
f 2174//2174 2166//2166 2167//2167
f 2174//2174 2167//2167 2168//2168
f 2174//2174 2168//2168 2169//2169
f 2174//2174 2170//2170 2165//2165
f 2174//2174 2171//2171 2170//2170
f 2174//2174 2172//2172 2171//2171
f 2174//2174 2173//2173 2172//2172
f 2174//2174 2169//2169 2173//2173
v 395.979523 326.500000 1392.911377
v 361.988861 326.500000 1392.920288
v 361.999390 347.100494 1421.271973
v 395.998901 347.103363 1421.275879
vn -0.000145 0.788424 -0.615132
vn -0.000142 0.788552 -0.614968
vn -0.000009 0.853846 -0.520526
vn -0.000015 0.854006 -0.520263
f 2178//2178 2175//2175 2176//2176
f 2177//2177 2178//2178 2176//2176
v 395.979523 326.500000 1392.911377
v 395.998901 347.103363 1421.275879
v 407.998352 337.210022 1428.012817
v 407.820801 338.902710 1426.860474
v 407.296051 340.545288 1425.742310
v 406.670990 341.732941 1424.933716
v 405.877197 342.826111 1424.189331
v 404.920593 343.826416 1423.508301
v 403.815826 344.716370 1422.902222
v 402.581390 345.481689 1422.380981
v 401.238708 346.110535 1421.952759
v 399.809448 346.591370 1421.625122
v 398.317047 346.916565 1421.403564
v 397.163391 347.056427 1421.308105
v 407.972443 326.500000 1411.686646
v 407.958069 326.500000 1410.730225
v 407.592072 326.500000 1406.819824
v 406.689026 326.500000 1403.001465
v 405.343140 326.500000 1399.735352
v 403.820465 326.500000 1397.308594
v 402.275452 326.500000 1395.589844
v 400.804138 326.500000 1394.425903
v 399.472931 326.500000 1393.687866
v 398.186676 326.500000 1393.218018
v 397.095795 326.500000 1392.990234
v 400.566223 328.810669 1397.240356
v 407.065704 332.282318 1412.152344
v 404.465332 335.473358 1410.135620
v 400.574646 337.600647 1408.785522
v 404.139160 328.101166 1399.824829
v 404.143951 332.548431 1405.672119
vn -0.000145 0.788424 -0.615132
vn -0.000015 0.854006 -0.520263
vn 0.999999 -0.000684 -0.000911
vn 0.985105 0.147887 -0.087740
vn 0.941146 0.290645 -0.172541
vn 0.888361 0.394432 -0.235029
vn 0.822204 0.488432 -0.292258
vn 0.742429 0.574247 -0.345021
vn 0.649535 0.651088 -0.392669
vn 0.547095 0.716168 -0.433348
vn 0.435698 0.769525 -0.466904
vn 0.315987 0.810684 -0.492893
vn 0.192476 0.838180 -0.510301
vn 0.097143 0.849989 -0.517767
vn 0.999999 -0.001371 -0.000565
vn 0.998750 0.039847 -0.030189
vn 0.965757 0.208186 -0.154827
vn 0.882626 0.375152 -0.283254
vn 0.761140 0.515257 -0.393924
vn 0.626353 0.617450 -0.475855
vn 0.495832 0.686537 -0.531806
vn 0.375344 0.731872 -0.568753
vn 0.268793 0.759983 -0.591757
vn 0.169093 0.777301 -0.605979
vn 0.085595 0.785590 -0.612799
vn 0.359574 0.736032 -0.573553
vn 0.919498 0.319626 -0.228830
vn 0.695374 0.581988 -0.421598
vn 0.371736 0.749343 -0.547994
vn 0.656736 0.597869 -0.459619
vn 0.663768 0.598169 -0.449005
f 2204//2204 2198//2198 2199//2199
f 2204//2204 2199//2199 2200//2200
f 2204//2204 2200//2200 2201//2201
f 2204//2204 2201//2201 2202//2202
f 2204//2204 2202//2202 2203//2203
f 2204//2204 2203//2203 2179//2179
f 2205//2205 2182//2182 2181//2181
f 2205//2205 2183//2183 2182//2182
f 2205//2205 2184//2184 2183//2183
f 2205//2205 2185//2185 2184//2184
f 2205//2205 2181//2181 2193//2193
f 2205//2205 2193//2193 2194//2194
f 2205//2205 2194//2194 2195//2195
f 2206//2206 2186//2186 2185//2185
f 2206//2206 2187//2187 2186//2186
f 2206//2206 2188//2188 2187//2187
f 2206//2206 2185//2185 2205//2205
f 2207//2207 2179//2179 2180//2180
f 2207//2207 2189//2189 2188//2188
f 2207//2207 2190//2190 2189//2189
f 2207//2207 2191//2191 2190//2190
f 2207//2207 2192//2192 2191//2191
f 2207//2207 2180//2180 2192//2192
f 2207//2207 2204//2204 2179//2179
f 2207//2207 2188//2188 2206//2206
f 2208//2208 2196//2196 2197//2197
f 2208//2208 2197//2197 2198//2198
f 2208//2208 2198//2198 2204//2204
f 2209//2209 2195//2195 2196//2196
f 2209//2209 2208//2208 2204//2204
f 2209//2209 2207//2207 2206//2206
f 2209//2209 2205//2205 2195//2195
f 2209//2209 2206//2206 2205//2205
f 2209//2209 2196//2196 2208//2208
f 2209//2209 2204//2204 2207//2207
v 407.980713 326.500000 1421.974487
v 407.972443 326.500000 1411.686646
v 407.998352 337.210022 1428.012817
v 407.998108 332.262909 1431.380493
vn 0.999999 -0.001254 -0.001088
vn 0.999999 -0.001371 -0.000565
vn 0.999999 -0.000684 -0.000911
vn 0.999999 -0.000765 -0.001071
f 2212//2212 2210//2210 2211//2211
f 2212//2212 2213//2213 2210//2210
v 407.980713 326.500000 1421.974487
v 407.998108 332.262909 1431.380493
v 405.751648 326.500000 1435.303223
v 406.782532 327.924286 1434.333862
v 407.509827 329.470856 1433.281128
v 407.874847 330.852448 1432.340698
v 406.891724 326.500000 1431.346802
v 407.628784 326.500000 1427.300415
v 407.963593 326.500000 1423.198853
vn 0.999999 -0.001253 -0.001088
vn 0.999999 -0.000765 -0.001071
vn 0.810940 -0.513587 0.280365
vn 0.897274 -0.387004 0.212433
vn 0.958945 -0.248372 0.136879
vn 0.989589 -0.126153 0.069278
vn 0.906257 -0.365783 0.211898
vn 0.969236 -0.210361 0.127789
vn 0.998264 -0.050332 0.030603
f 2217//2217 2216//2216 2220//2220
f 2218//2218 2217//2217 2220//2220
f 2219//2219 2220//2220 2221//2221
f 2219//2219 2218//2218 2220//2220
f 2215//2215 2221//2221 2222//2222
f 2215//2215 2222//2222 2214//2214
f 2215//2215 2219//2219 2221//2221
v 405.751648 326.500000 1435.303223
v 406.782532 327.924286 1434.333862
v 407.509827 329.470856 1433.281128
v 407.874847 330.852448 1432.340698
v 407.998108 332.262909 1431.380493
v 408.015228 341.591095 1451.383667
v 396.017456 330.925415 1457.473022
v 397.582245 331.016174 1457.419189
v 399.120667 331.287231 1457.262695
v 400.606323 331.733948 1457.006348
v 402.013275 332.350311 1456.653442
v 403.318359 333.124542 1456.210815
v 404.498962 334.043335 1455.686035
v 405.533752 335.092346 1455.087402
v 406.406311 336.252655 1454.425537
v 407.101501 337.504303 1453.711914
v 407.605835 338.826721 1452.958252
v 407.912201 340.196838 1452.177612
v 396.009705 326.500000 1446.497070
v 396.863647 326.500000 1446.422852
v 397.693237 326.500000 1446.207886
v 398.484955 326.500000 1445.871338
v 399.223816 326.500000 1445.438599
v 399.912750 326.500000 1444.929077
v 400.756439 326.500000 1444.159302
v 401.878693 326.500000 1442.867920
v 402.974518 326.500000 1441.283569
v 404.214020 326.500000 1439.035034
v 405.040466 326.500000 1437.189575
v 407.085114 329.188232 1435.266357
vn 0.810940 -0.513587 0.280365
vn 0.897274 -0.387004 0.212433
vn 0.958945 -0.248372 0.136879
vn 0.989589 -0.126153 0.069278
vn 0.999999 -0.000765 -0.001071
vn 1.000000 0.000117 -0.000373
vn -0.000196 -0.941483 0.337059
vn 0.131632 -0.933249 0.334243
vn 0.260027 -0.908910 0.325988
vn 0.384957 -0.868511 0.312244
vn 0.503066 -0.812977 0.293246
vn 0.611387 -0.744032 0.269483
vn 0.709950 -0.661788 0.240847
vn 0.796069 -0.568356 0.207953
vn 0.867756 -0.466414 0.171631
vn 0.925142 -0.356018 0.131772
vn 0.966666 -0.239964 0.089301
vn 0.991584 -0.121289 0.045279
vn -0.000117 -0.911368 0.411591
vn 0.071590 -0.908855 0.410922
vn 0.140618 -0.901573 0.409135
vn 0.206212 -0.890152 0.406332
vn 0.267442 -0.875414 0.402648
vn 0.324777 -0.857909 0.398135
vn 0.395579 -0.831088 0.390908
vn 0.489133 -0.786008 0.378074
vn 0.579646 -0.730517 0.361047
vn 0.682514 -0.650217 0.333754
vn 0.751827 -0.582792 0.308399
vn 0.923025 -0.339137 0.181689
f 2230//2230 2229//2229 2241//2241
f 2230//2230 2241//2241 2242//2242
f 2231//2231 2242//2242 2243//2243
f 2231//2231 2230//2230 2242//2242
f 2232//2232 2243//2243 2244//2244
f 2232//2232 2231//2231 2243//2243
f 2233//2233 2244//2244 2245//2245
f 2233//2233 2232//2232 2244//2244
f 2234//2234 2245//2245 2246//2246
f 2234//2234 2233//2233 2245//2245
f 2235//2235 2246//2246 2247//2247
f 2235//2235 2234//2234 2246//2246
f 2236//2236 2247//2247 2248//2248
f 2236//2236 2235//2235 2247//2247
f 2237//2237 2236//2236 2248//2248
f 2238//2238 2248//2248 2249//2249
f 2238//2238 2237//2237 2248//2248
f 2239//2239 2238//2238 2249//2249
f 2252//2252 2223//2223 2224//2224
f 2252//2252 2224//2224 2225//2225
f 2252//2252 2225//2225 2226//2226
f 2252//2252 2226//2226 2227//2227
f 2252//2252 2227//2227 2228//2228
f 2252//2252 2240//2240 2239//2239
f 2252//2252 2228//2228 2240//2240
f 2252//2252 2249//2249 2250//2250
f 2252//2252 2250//2250 2251//2251
f 2252//2252 2251//2251 2223//2223
f 2252//2252 2239//2239 2249//2249
usemtl mat_1
v 417.000000 336.500000 1577.500000
v 417.000000 336.500000 1522.500000
v 417.000000 326.500000 1577.500000
v 417.000000 326.500000 1522.500000
vn -1.000000 0.000000 -0.000000
vn -1.000000 0.000000 -0.000000
vn -1.000000 0.000000 -0.000000
vn -1.000000 0.000000 -0.000000
f 2254//2254 2255//2255 2253//2253
f 2254//2254 2256//2256 2255//2255
v 417.000000 336.500000 1522.500000
v 441.000000 336.500000 1522.500000
v 417.000000 326.500000 1522.500000
v 441.000000 326.500000 1522.500000
vn -0.000000 -0.000000 -1.000000
vn -0.000000 -0.000000 -1.000000
vn -0.000000 -0.000000 -1.000000
vn -0.000000 -0.000000 -1.000000
f 2258//2258 2259//2259 2257//2257
f 2258//2258 2260//2260 2259//2259
v 441.000000 336.500000 1522.500000
v 441.000000 336.500000 1577.500000
v 441.000000 326.500000 1522.500000
v 441.000000 326.500000 1577.500000
vn 1.000000 -0.000000 -0.000000
vn 1.000000 -0.000000 -0.000000
vn 1.000000 -0.000000 -0.000000
vn 1.000000 -0.000000 -0.000000
f 2262//2262 2263//2263 2261//2261
f 2262//2262 2264//2264 2263//2263
v 441.000000 336.500000 1577.500000
v 417.000000 336.500000 1577.500000
v 441.000000 326.500000 1577.500000
v 417.000000 326.500000 1577.500000
vn -0.000000 -0.000000 1.000000
vn -0.000000 -0.000000 1.000000
vn -0.000000 -0.000000 1.000000
vn -0.000000 -0.000000 1.000000
f 2266//2266 2267//2267 2265//2265
f 2266//2266 2268//2268 2267//2267
v 262.000000 326.500000 1568.500000
v 262.000000 333.500000 1568.500000
v 264.990814 326.500000 1568.242554
v 267.893768 326.500000 1567.477661
v 270.384430 326.500000 1566.360718
v 272.473267 326.500000 1565.020020
v 274.351501 326.500000 1563.397217
v 275.981171 326.500000 1561.525024
v 277.329559 326.500000 1559.441162
v 278.369629 326.500000 1557.187378
v 279.080383 326.500000 1554.809204
v 279.394653 326.500000 1552.916992
v 279.500000 326.500000 1551.000000
v 279.242523 326.500000 1548.009155
v 278.477631 326.500000 1545.106201
v 277.360718 326.500000 1542.615601
v 276.020020 326.500000 1540.526733
v 274.397186 326.500000 1538.648560
v 272.525085 326.500000 1537.018799
v 270.441315 326.500000 1535.670532
v 268.187500 326.500000 1534.630371
v 265.809357 326.500000 1533.919678
v 263.916992 326.500000 1533.605347
v 262.000000 326.500000 1533.500000
v 262.000000 333.500000 1533.500000
v 264.991455 333.500000 1533.757202
v 267.894684 333.500000 1534.522095
v 270.624023 333.500000 1535.772339
v 273.099487 333.500000 1537.470825
v 275.248596 333.500000 1539.567139
v 277.008148 333.500000 1541.999634
v 278.326050 333.500000 1544.697021
v 279.163055 333.500000 1547.580200
v 279.415619 333.500000 1549.281860
v 279.500000 333.500000 1551.000000
v 265.038849 333.500000 1568.234131
v 267.985352 333.500000 1567.444580
v 270.750000 333.500000 1566.155396
v 273.248779 333.500000 1564.405762
v 275.405792 333.500000 1562.248779
v 277.155457 333.500000 1559.750000
v 278.444611 333.500000 1556.985352
v 279.234131 333.500000 1554.038818
vn 0.000000 -0.000000 1.000000
vn 0.000000 -0.000000 1.000000
vn 0.170923 -0.000000 0.985284
vn 0.336816 -0.000000 0.941571
vn 0.479155 -0.000000 0.877730
vn 0.598526 -0.000000 0.801103
vn 0.705854 -0.000000 0.708357
vn 0.798980 -0.000000 0.601358
vn 0.876029 -0.000000 0.482259
vn 0.935451 -0.000000 0.353456
vn 0.976051 -0.000000 0.217541
vn 0.993995 -0.000000 0.109428
vn 1.000000 -0.000000 0.000000
vn 0.985284 0.000000 -0.170923
vn 0.941571 0.000000 -0.336816
vn 0.877731 0.000000 -0.479154
vn 0.801105 0.000000 -0.598524
vn 0.708360 0.000000 -0.705851
vn 0.601362 0.000000 -0.798976
vn 0.482265 0.000000 -0.876025
vn 0.353464 0.000000 -0.935448
vn 0.217551 0.000000 -0.976049
vn 0.109433 0.000000 -0.993994
vn 0.000000 0.000000 -1.000000
vn 0.000000 0.000000 -1.000000
vn 0.170923 0.000000 -0.985284
vn 0.336816 0.000000 -0.941571
vn 0.492796 0.000000 -0.870145
vn 0.634272 0.000000 -0.773110
vn 0.757081 0.000000 -0.653322
vn 0.857607 0.000000 -0.514305
vn 0.932894 0.000000 -0.360151
vn 0.980724 0.000000 -0.195398
vn 0.995169 0.000000 -0.098173
vn 1.000000 -0.000000 0.000000
vn 0.173648 -0.000000 0.984808
vn 0.342020 -0.000000 0.939693
vn 0.500000 -0.000000 0.866025
vn 0.642788 -0.000000 0.766044
vn 0.766044 -0.000000 0.642788
vn 0.866025 -0.000000 0.500000
vn 0.939693 -0.000000 0.342020
vn 0.984808 -0.000000 0.173648
f 2270//2270 2269//2269 2271//2271
f 2304//2304 2271//2271 2272//2272
f 2304//2304 2270//2270 2271//2271
f 2305//2305 2272//2272 2273//2273
f 2305//2305 2304//2304 2272//2272
f 2306//2306 2273//2273 2274//2274
f 2306//2306 2305//2305 2273//2273
f 2307//2307 2274//2274 2275//2275
f 2307//2307 2306//2306 2274//2274
f 2308//2308 2275//2275 2276//2276
f 2308//2308 2307//2307 2275//2275
f 2309//2309 2276//2276 2277//2277
f 2309//2309 2308//2308 2276//2276
f 2310//2310 2277//2277 2278//2278
f 2310//2310 2278//2278 2279//2279
f 2310//2310 2309//2309 2277//2277
f 2311//2311 2279//2279 2280//2280
f 2311//2311 2310//2310 2279//2279
f 2303//2303 2280//2280 2281//2281
f 2303//2303 2311//2311 2280//2280
f 2302//2302 2281//2281 2282//2282
f 2302//2302 2303//2303 2281//2281
f 2301//2301 2282//2282 2283//2283
f 2301//2301 2302//2302 2282//2282
f 2300//2300 2283//2283 2284//2284
f 2300//2300 2301//2301 2283//2283
f 2299//2299 2300//2300 2284//2284
f 2299//2299 2284//2284 2285//2285
f 2298//2298 2299//2299 2285//2285
f 2298//2298 2285//2285 2286//2286
f 2297//2297 2298//2298 2286//2286
f 2297//2297 2286//2286 2287//2287
f 2296//2296 2297//2297 2287//2287
f 2296//2296 2287//2287 2288//2288
f 2296//2296 2288//2288 2289//2289
f 2295//2295 2296//2296 2289//2289
f 2295//2295 2289//2289 2290//2290
f 2294//2294 2290//2290 2291//2291
f 2294//2294 2295//2295 2290//2290
f 2293//2293 2294//2294 2291//2291
f 2293//2293 2291//2291 2292//2292
v 262.000000 326.500000 1533.500000
v 262.000000 333.500000 1533.500000
v 259.009186 326.500000 1533.757446
v 256.106232 326.500000 1534.522339
v 253.615570 326.500000 1535.639282
v 251.526718 326.500000 1536.979980
v 249.648483 326.500000 1538.602783
v 248.018814 326.500000 1540.474976
v 246.670425 326.500000 1542.558838
v 245.630356 326.500000 1544.812622
v 244.919617 326.500000 1547.190796
v 244.605347 326.500000 1549.083008
v 244.500000 326.500000 1551.000000
v 244.757492 326.500000 1553.990845
v 245.522354 326.500000 1556.893799
v 246.639282 326.500000 1559.384399
v 247.979996 326.500000 1561.473267
v 249.602814 326.500000 1563.351440
v 251.474899 326.500000 1564.981201
v 253.558701 326.500000 1566.329468
v 255.812485 326.500000 1567.369629
v 258.190643 326.500000 1568.080322
v 260.083008 326.500000 1568.394653
v 262.000000 326.500000 1568.500000
v 262.000000 333.500000 1568.500000
v 244.500000 333.500000 1551.000000
v 244.765869 333.500000 1554.038818
v 245.555374 333.500000 1556.985352
v 246.844559 333.500000 1559.750000
v 248.594223 333.500000 1562.248779
v 250.751221 333.500000 1564.405762
v 253.250000 333.500000 1566.155396
v 256.014648 333.500000 1567.444580
v 258.961151 333.500000 1568.234131
v 258.961151 333.500000 1533.765869
v 256.014648 333.500000 1534.555420
v 253.250000 333.500000 1535.844604
v 250.751221 333.500000 1537.594238
v 248.594223 333.500000 1539.751221
v 246.844559 333.500000 1542.250000
v 245.555374 333.500000 1545.014648
v 244.765869 333.500000 1547.961182
vn 0.000000 0.000000 -1.000000
vn 0.000000 0.000000 -1.000000
vn -0.170923 0.000000 -0.985284
vn -0.336816 0.000000 -0.941571
vn -0.479155 0.000000 -0.877730
vn -0.598526 0.000000 -0.801103
vn -0.705854 0.000000 -0.708357
vn -0.798980 0.000000 -0.601358
vn -0.876029 0.000000 -0.482259
vn -0.935451 0.000000 -0.353456
vn -0.976051 0.000000 -0.217541
vn -0.993995 0.000000 -0.109428
vn -1.000000 0.000000 -0.000000
vn -0.985284 0.000000 0.170923
vn -0.941571 0.000000 0.336816
vn -0.877731 0.000000 0.479154
vn -0.801105 0.000000 0.598524
vn -0.708360 0.000000 0.705851
vn -0.601362 0.000000 0.798976
vn -0.482265 0.000000 0.876025
vn -0.353464 0.000000 0.935448
vn -0.217551 0.000000 0.976049
vn -0.109433 0.000000 0.993994
vn -0.000000 0.000000 1.000000
vn -0.000000 0.000000 1.000000
vn -1.000000 0.000000 -0.000000
vn -0.984808 0.000000 0.173648
vn -0.939693 0.000000 0.342020
vn -0.866025 0.000000 0.500000
vn -0.766044 0.000000 0.642788
vn -0.642788 0.000000 0.766044
vn -0.500000 0.000000 0.866025
vn -0.342020 0.000000 0.939693
vn -0.173648 0.000000 0.984808
vn -0.173648 0.000000 -0.984808
vn -0.342020 0.000000 -0.939693
vn -0.500000 0.000000 -0.866025
vn -0.642788 0.000000 -0.766044
vn -0.766044 0.000000 -0.642788
vn -0.866025 0.000000 -0.500000
vn -0.939693 0.000000 -0.342020
vn -0.984808 0.000000 -0.173648
f 2313//2313 2312//2312 2314//2314
f 2346//2346 2314//2314 2315//2315
f 2346//2346 2313//2313 2314//2314
f 2347//2347 2315//2315 2316//2316
f 2347//2347 2346//2346 2315//2315
f 2348//2348 2316//2316 2317//2317
f 2348//2348 2347//2347 2316//2316
f 2349//2349 2317//2317 2318//2318
f 2349//2349 2348//2348 2317//2317
f 2350//2350 2318//2318 2319//2319
f 2350//2350 2349//2349 2318//2318
f 2351//2351 2319//2319 2320//2320
f 2351//2351 2350//2350 2319//2319
f 2352//2352 2320//2320 2321//2321
f 2352//2352 2321//2321 2322//2322
f 2352//2352 2351//2351 2320//2320
f 2353//2353 2322//2322 2323//2323
f 2353//2353 2352//2352 2322//2322
f 2337//2337 2323//2323 2324//2324
f 2337//2337 2324//2324 2325//2325
f 2337//2337 2353//2353 2323//2323
f 2338//2338 2325//2325 2326//2326
f 2338//2338 2337//2337 2325//2325
f 2339//2339 2326//2326 2327//2327
f 2339//2339 2338//2338 2326//2326
f 2340//2340 2327//2327 2328//2328
f 2340//2340 2339//2339 2327//2327
f 2341//2341 2340//2340 2328//2328
f 2341//2341 2328//2328 2329//2329
f 2342//2342 2341//2341 2329//2329
f 2342//2342 2329//2329 2330//2330
f 2343//2343 2342//2342 2330//2330
f 2343//2343 2330//2330 2331//2331
f 2344//2344 2343//2343 2331//2331
f 2344//2344 2331//2331 2332//2332
f 2344//2344 2332//2332 2333//2333
f 2345//2345 2344//2344 2333//2333
f 2345//2345 2333//2333 2334//2334
f 2336//2336 2334//2334 2335//2335
f 2336//2336 2345//2345 2334//2334
v 476.000000 326.500000 1457.000000
v 476.000000 333.500000 1457.000000
v 478.990814 326.500000 1456.742554
v 481.893768 326.500000 1455.977661
v 484.384430 326.500000 1454.860718
v 486.473267 326.500000 1453.520020
v 488.351501 326.500000 1451.897217
v 489.981171 326.500000 1450.025024
v 491.329559 326.500000 1447.941162
v 492.369629 326.500000 1445.687378
v 493.080383 326.500000 1443.309204
v 493.394653 326.500000 1441.416992
v 493.500000 326.500000 1439.500000
v 493.242523 326.500000 1436.509155
v 492.477631 326.500000 1433.606201
v 491.360718 326.500000 1431.115601
v 490.020020 326.500000 1429.026733
v 488.397186 326.500000 1427.148560
v 486.525085 326.500000 1425.518799
v 484.441315 326.500000 1424.170532
v 482.187500 326.500000 1423.130371
v 479.809357 326.500000 1422.419678
v 477.916992 326.500000 1422.105347
v 476.000000 326.500000 1422.000000
v 476.000000 333.500000 1422.000000
v 478.991455 333.500000 1422.257202
v 481.894684 333.500000 1423.022095
v 484.624023 333.500000 1424.272339
v 487.099487 333.500000 1425.970825
v 489.248596 333.500000 1428.067139
v 491.008148 333.500000 1430.499634
v 492.326050 333.500000 1433.197021
v 493.163055 333.500000 1436.080200
v 493.415619 333.500000 1437.781860
v 493.500000 333.500000 1439.500000
v 479.038849 333.500000 1456.734131
v 481.985352 333.500000 1455.944580
v 484.750000 333.500000 1454.655396
v 487.248779 333.500000 1452.905762
v 489.405792 333.500000 1450.748779
v 491.155457 333.500000 1448.250000
v 492.444611 333.500000 1445.485352
v 493.234131 333.500000 1442.538818
vn 0.000000 -0.000000 1.000000
vn 0.000000 -0.000000 1.000000
vn 0.170923 -0.000000 0.985284
vn 0.336816 -0.000000 0.941571
vn 0.479155 -0.000000 0.877730
vn 0.598526 -0.000000 0.801103
vn 0.705854 -0.000000 0.708357
vn 0.798980 -0.000000 0.601358
vn 0.876029 -0.000000 0.482259
vn 0.935451 -0.000000 0.353456
vn 0.976051 -0.000000 0.217541
vn 0.993995 -0.000000 0.109428
vn 1.000000 -0.000000 0.000000
vn 0.985284 0.000000 -0.170923
vn 0.941571 0.000000 -0.336816
vn 0.877731 0.000000 -0.479154
vn 0.801105 0.000000 -0.598524
vn 0.708360 0.000000 -0.705851
vn 0.601362 0.000000 -0.798976
vn 0.482265 0.000000 -0.876025
vn 0.353464 0.000000 -0.935448
vn 0.217551 0.000000 -0.976049
vn 0.109433 0.000000 -0.993994
vn 0.000000 0.000000 -1.000000
vn 0.000000 0.000000 -1.000000
vn 0.170923 0.000000 -0.985284
vn 0.336816 0.000000 -0.941571
vn 0.492796 0.000000 -0.870145
vn 0.634272 0.000000 -0.773110
vn 0.757081 0.000000 -0.653322
vn 0.857607 0.000000 -0.514305
vn 0.932894 0.000000 -0.360151
vn 0.980724 0.000000 -0.195398
vn 0.995169 0.000000 -0.098173
vn 1.000000 -0.000000 0.000000
vn 0.173648 -0.000000 0.984808
vn 0.342020 -0.000000 0.939693
vn 0.500000 -0.000000 0.866025
vn 0.642788 -0.000000 0.766044
vn 0.766044 -0.000000 0.642788
vn 0.866025 -0.000000 0.500000
vn 0.939693 -0.000000 0.342020
vn 0.984808 -0.000000 0.173648
f 2355//2355 2354//2354 2356//2356
f 2389//2389 2356//2356 2357//2357
f 2389//2389 2355//2355 2356//2356
f 2390//2390 2357//2357 2358//2358
f 2390//2390 2389//2389 2357//2357
f 2391//2391 2358//2358 2359//2359
f 2391//2391 2390//2390 2358//2358
f 2392//2392 2359//2359 2360//2360
f 2392//2392 2391//2391 2359//2359
f 2393//2393 2360//2360 2361//2361
f 2393//2393 2392//2392 2360//2360
f 2394//2394 2361//2361 2362//2362
f 2394//2394 2393//2393 2361//2361
f 2395//2395 2362//2362 2363//2363
f 2395//2395 2363//2363 2364//2364
f 2395//2395 2394//2394 2362//2362
f 2396//2396 2364//2364 2365//2365
f 2396//2396 2395//2395 2364//2364
f 2388//2388 2365//2365 2366//2366
f 2388//2388 2396//2396 2365//2365
f 2387//2387 2366//2366 2367//2367
f 2387//2387 2388//2388 2366//2366
f 2386//2386 2367//2367 2368//2368
f 2386//2386 2387//2387 2367//2367
f 2385//2385 2368//2368 2369//2369
f 2385//2385 2386//2386 2368//2368
f 2384//2384 2385//2385 2369//2369
f 2384//2384 2369//2369 2370//2370
f 2383//2383 2384//2384 2370//2370
f 2383//2383 2370//2370 2371//2371
f 2382//2382 2383//2383 2371//2371
f 2382//2382 2371//2371 2372//2372
f 2381//2381 2382//2382 2372//2372
f 2381//2381 2372//2372 2373//2373
f 2381//2381 2373//2373 2374//2374
f 2380//2380 2381//2381 2374//2374
f 2380//2380 2374//2374 2375//2375
f 2379//2379 2375//2375 2376//2376
f 2379//2379 2380//2380 2375//2375
f 2378//2378 2379//2379 2376//2376
f 2378//2378 2376//2376 2377//2377
v 476.000000 326.500000 1422.000000
v 476.000000 333.500000 1422.000000
v 473.009186 326.500000 1422.257446
v 470.106232 326.500000 1423.022339
v 467.615570 326.500000 1424.139282
v 465.526733 326.500000 1425.479980
v 463.648499 326.500000 1427.102783
v 462.018829 326.500000 1428.974976
v 460.670441 326.500000 1431.058838
v 459.630371 326.500000 1433.312622
v 458.919617 326.500000 1435.690796
v 458.605347 326.500000 1437.583008
v 458.500000 326.500000 1439.500000
v 458.757477 326.500000 1442.490845
v 459.522369 326.500000 1445.393799
v 460.639282 326.500000 1447.884399
v 461.979980 326.500000 1449.973267
v 463.602814 326.500000 1451.851440
v 465.474915 326.500000 1453.481201
v 467.558716 326.500000 1454.829468
v 469.812500 326.500000 1455.869629
v 472.190643 326.500000 1456.580322
v 474.083008 326.500000 1456.894653
v 476.000000 326.500000 1457.000000
v 476.000000 333.500000 1457.000000
v 458.500000 333.500000 1439.500000
v 458.765869 333.500000 1442.538818
v 459.555389 333.500000 1445.485352
v 460.844543 333.500000 1448.250000
v 462.594208 333.500000 1450.748779
v 464.751221 333.500000 1452.905762
v 467.250000 333.500000 1454.655396
v 470.014648 333.500000 1455.944580
v 472.961151 333.500000 1456.734131
v 472.961151 333.500000 1422.265869
v 470.014648 333.500000 1423.055420
v 467.250000 333.500000 1424.344604
v 464.751221 333.500000 1426.094238
v 462.594208 333.500000 1428.251221
v 460.844543 333.500000 1430.750000
v 459.555389 333.500000 1433.514648
v 458.765869 333.500000 1436.461182
vn 0.000000 0.000000 -1.000000
vn 0.000000 0.000000 -1.000000
vn -0.170923 0.000000 -0.985284
vn -0.336816 0.000000 -0.941571
vn -0.479155 0.000000 -0.877730
vn -0.598526 0.000000 -0.801103
vn -0.705854 0.000000 -0.708357
vn -0.798980 0.000000 -0.601358
vn -0.876029 0.000000 -0.482259
vn -0.935451 0.000000 -0.353456
vn -0.976051 0.000000 -0.217541
vn -0.993995 0.000000 -0.109428
vn -1.000000 0.000000 -0.000000
vn -0.985284 0.000000 0.170923
vn -0.941571 0.000000 0.336816
vn -0.877731 0.000000 0.479154
vn -0.801105 0.000000 0.598524
vn -0.708360 0.000000 0.705851
vn -0.601362 0.000000 0.798976
vn -0.482265 0.000000 0.876026
vn -0.353464 0.000000 0.935448
vn -0.217551 0.000000 0.976049
vn -0.109433 0.000000 0.993994
vn -0.000000 0.000000 1.000000
vn -0.000000 0.000000 1.000000
vn -1.000000 0.000000 -0.000000
vn -0.984808 0.000000 0.173648
vn -0.939693 0.000000 0.342020
vn -0.866025 0.000000 0.500000
vn -0.766044 0.000000 0.642788
vn -0.642788 0.000000 0.766044
vn -0.500000 0.000000 0.866025
vn -0.342020 0.000000 0.939693
vn -0.173648 0.000000 0.984808
vn -0.173648 0.000000 -0.984808
vn -0.342020 0.000000 -0.939693
vn -0.500000 0.000000 -0.866025
vn -0.642788 0.000000 -0.766044
vn -0.766044 0.000000 -0.642788
vn -0.866025 0.000000 -0.500000
vn -0.939693 0.000000 -0.342020
vn -0.984808 0.000000 -0.173648
f 2398//2398 2397//2397 2399//2399
f 2431//2431 2399//2399 2400//2400
f 2431//2431 2398//2398 2399//2399
f 2432//2432 2400//2400 2401//2401
f 2432//2432 2431//2431 2400//2400
f 2433//2433 2401//2401 2402//2402
f 2433//2433 2432//2432 2401//2401
f 2434//2434 2402//2402 2403//2403
f 2434//2434 2433//2433 2402//2402
f 2435//2435 2403//2403 2404//2404
f 2435//2435 2434//2434 2403//2403
f 2436//2436 2404//2404 2405//2405
f 2436//2436 2435//2435 2404//2404
f 2437//2437 2405//2405 2406//2406
f 2437//2437 2406//2406 2407//2407
f 2437//2437 2436//2436 2405//2405
f 2438//2438 2407//2407 2408//2408
f 2438//2438 2437//2437 2407//2407
f 2422//2422 2408//2408 2409//2409
f 2422//2422 2409//2409 2410//2410
f 2422//2422 2438//2438 2408//2408
f 2423//2423 2410//2410 2411//2411
f 2423//2423 2422//2422 2410//2410
f 2424//2424 2411//2411 2412//2412
f 2424//2424 2423//2423 2411//2411
f 2425//2425 2412//2412 2413//2413
f 2425//2425 2424//2424 2412//2412
f 2426//2426 2425//2425 2413//2413
f 2426//2426 2413//2413 2414//2414
f 2427//2427 2426//2426 2414//2414
f 2427//2427 2414//2414 2415//2415
f 2428//2428 2427//2427 2415//2415
f 2428//2428 2415//2415 2416//2416
f 2429//2429 2428//2428 2416//2416
f 2429//2429 2416//2416 2417//2417
f 2429//2429 2417//2417 2418//2418
f 2430//2430 2429//2429 2418//2418
f 2430//2430 2418//2418 2419//2419
f 2421//2421 2419//2419 2420//2420
f 2421//2421 2430//2430 2419//2419
v 476.000000 326.500000 1012.500000
v 476.000000 333.500000 1012.500000
v 478.990814 326.500000 1012.242493
v 481.893768 326.500000 1011.477661
v 484.384430 326.500000 1010.360718
v 486.473267 326.500000 1009.019958
v 488.351501 326.500000 1007.397156
v 489.981171 326.500000 1005.525024
v 491.329559 326.500000 1003.441162
v 492.369629 326.500000 1001.187439
v 493.080383 326.500000 998.809265
v 493.394653 326.500000 996.916931
v 493.500000 326.500000 995.000000
v 493.242523 326.500000 992.009216
v 492.477631 326.500000 989.106201
v 491.360718 326.500000 986.615601
v 490.020020 326.500000 984.526794
v 488.397186 326.500000 982.648499
v 486.525085 326.500000 981.018860
v 484.441284 326.500000 979.670471
v 482.187500 326.500000 978.630371
v 479.809357 326.500000 977.919617
v 477.916992 326.500000 977.605347
v 476.000000 326.500000 977.500000
v 476.000000 333.500000 977.500000
v 478.991455 333.500000 977.757202
v 481.894684 333.500000 978.522095
v 484.624023 333.500000 979.772400
v 487.099487 333.500000 981.470886
v 489.248596 333.500000 983.567200
v 491.008148 333.500000 985.999634
v 492.326050 333.500000 988.696960
v 493.163055 333.500000 991.580200
v 493.415619 333.500000 993.281860
v 493.500000 333.500000 995.000000
v 479.038849 333.500000 1012.234131
v 481.985352 333.500000 1011.444641
v 484.750000 333.500000 1010.155457
v 487.248779 333.500000 1008.405762
v 489.405792 333.500000 1006.248779
v 491.155457 333.500000 1003.750000
v 492.444611 333.500000 1000.985352
v 493.234131 333.500000 998.038818
vn 0.000000 -0.000000 1.000000
vn 0.000000 -0.000000 1.000000
vn 0.170923 -0.000000 0.985284
vn 0.336816 -0.000000 0.941571
vn 0.479155 -0.000000 0.877730
vn 0.598526 -0.000000 0.801103
vn 0.705854 -0.000000 0.708357
vn 0.798980 -0.000000 0.601358
vn 0.876029 -0.000000 0.482259
vn 0.935451 -0.000000 0.353456
vn 0.976051 -0.000000 0.217541
vn 0.993995 -0.000000 0.109428
vn 1.000000 -0.000000 0.000000
vn 0.985284 0.000000 -0.170923
vn 0.941571 0.000000 -0.336816
vn 0.877731 0.000000 -0.479154
vn 0.801105 0.000000 -0.598524
vn 0.708360 0.000000 -0.705851
vn 0.601362 0.000000 -0.798976
vn 0.482265 0.000000 -0.876025
vn 0.353464 0.000000 -0.935448
vn 0.217551 0.000000 -0.976049
vn 0.109433 0.000000 -0.993994
vn 0.000000 0.000000 -1.000000
vn 0.000000 0.000000 -1.000000
vn 0.170923 0.000000 -0.985284
vn 0.336816 0.000000 -0.941571
vn 0.492796 0.000000 -0.870145
vn 0.634272 0.000000 -0.773110
vn 0.757081 0.000000 -0.653322
vn 0.857607 0.000000 -0.514305
vn 0.932894 0.000000 -0.360151
vn 0.980724 0.000000 -0.195398
vn 0.995169 0.000000 -0.098173
vn 1.000000 -0.000000 0.000000
vn 0.173648 -0.000000 0.984808
vn 0.342020 -0.000000 0.939693
vn 0.500000 -0.000000 0.866025
vn 0.642788 -0.000000 0.766044
vn 0.766044 -0.000000 0.642788
vn 0.866025 -0.000000 0.500000
vn 0.939693 -0.000000 0.342020
vn 0.984808 -0.000000 0.173648
f 2440//2440 2439//2439 2441//2441
f 2474//2474 2441//2441 2442//2442
f 2474//2474 2440//2440 2441//2441
f 2475//2475 2442//2442 2443//2443
f 2475//2475 2474//2474 2442//2442
f 2476//2476 2443//2443 2444//2444
f 2476//2476 2475//2475 2443//2443
f 2477//2477 2444//2444 2445//2445
f 2477//2477 2476//2476 2444//2444
f 2478//2478 2445//2445 2446//2446
f 2478//2478 2477//2477 2445//2445
f 2479//2479 2446//2446 2447//2447
f 2479//2479 2478//2478 2446//2446
f 2480//2480 2447//2447 2448//2448
f 2480//2480 2448//2448 2449//2449
f 2480//2480 2479//2479 2447//2447
f 2481//2481 2449//2449 2450//2450
f 2481//2481 2480//2480 2449//2449
f 2473//2473 2450//2450 2451//2451
f 2473//2473 2481//2481 2450//2450
f 2472//2472 2451//2451 2452//2452
f 2472//2472 2473//2473 2451//2451
f 2471//2471 2452//2452 2453//2453
f 2471//2471 2472//2472 2452//2452
f 2470//2470 2453//2453 2454//2454
f 2470//2470 2471//2471 2453//2453
f 2469//2469 2470//2470 2454//2454
f 2469//2469 2454//2454 2455//2455
f 2468//2468 2469//2469 2455//2455
f 2468//2468 2455//2455 2456//2456
f 2467//2467 2468//2468 2456//2456
f 2467//2467 2456//2456 2457//2457
f 2466//2466 2467//2467 2457//2457
f 2466//2466 2457//2457 2458//2458
f 2466//2466 2458//2458 2459//2459
f 2465//2465 2466//2466 2459//2459
f 2465//2465 2459//2459 2460//2460
f 2464//2464 2460//2460 2461//2461
f 2464//2464 2465//2465 2460//2460
f 2463//2463 2464//2464 2461//2461
f 2463//2463 2461//2461 2462//2462
v 476.000000 326.500000 977.500000
v 476.000000 333.500000 977.500000
v 473.009186 326.500000 977.757507
v 470.106232 326.500000 978.522339
v 467.615570 326.500000 979.639282
v 465.526733 326.500000 980.980042
v 463.648499 326.500000 982.602844
v 462.018829 326.500000 984.474976
v 460.670441 326.500000 986.558838
v 459.630371 326.500000 988.812561
v 458.919617 326.500000 991.190735
v 458.605347 326.500000 993.083069
v 458.500000 326.500000 995.000000
v 458.757477 326.500000 997.990784
v 459.522369 326.500000 1000.893799
v 460.639282 326.500000 1003.384399
v 461.979980 326.500000 1005.473206
v 463.602814 326.500000 1007.351501
v 465.474915 326.500000 1008.981140
v 467.558685 326.500000 1010.329529
v 469.812500 326.500000 1011.369629
v 472.190643 326.500000 1012.080383
v 474.083008 326.500000 1012.394653
v 476.000000 326.500000 1012.500000
v 476.000000 333.500000 1012.500000
v 458.500000 333.500000 995.000000
v 458.765869 333.500000 998.038818
v 459.555389 333.500000 1000.985352
v 460.844543 333.500000 1003.750000
v 462.594208 333.500000 1006.248779
v 464.751221 333.500000 1008.405762
v 467.250000 333.500000 1010.155457
v 470.014648 333.500000 1011.444641
v 472.961151 333.500000 1012.234131
v 472.961151 333.500000 977.765869
v 470.014648 333.500000 978.555359
v 467.250000 333.500000 979.844543
v 464.751221 333.500000 981.594238
v 462.594208 333.500000 983.751221
v 460.844543 333.500000 986.250000
v 459.555389 333.500000 989.014648
v 458.765869 333.500000 991.961182
vn 0.000000 0.000000 -1.000000
vn 0.000000 0.000000 -1.000000
vn -0.170923 0.000000 -0.985284
vn -0.336816 0.000000 -0.941571
vn -0.479155 0.000000 -0.877730
vn -0.598526 0.000000 -0.801103
vn -0.705854 0.000000 -0.708357
vn -0.798980 0.000000 -0.601358
vn -0.876029 0.000000 -0.482259
vn -0.935451 0.000000 -0.353456
vn -0.976051 0.000000 -0.217541
vn -0.993995 0.000000 -0.109428
vn -1.000000 0.000000 0.000000
vn -0.985284 0.000000 0.170923
vn -0.941571 0.000000 0.336816
vn -0.877731 0.000000 0.479154
vn -0.801105 0.000000 0.598524
vn -0.708360 0.000000 0.705851
vn -0.601362 0.000000 0.798976
vn -0.482265 0.000000 0.876025
vn -0.353464 0.000000 0.935448
vn -0.217551 0.000000 0.976049
vn -0.109433 0.000000 0.993994
vn -0.000000 0.000000 1.000000
vn 0.000000 -0.000000 1.000000
vn -1.000000 0.000000 -0.000000
vn -0.984808 0.000000 0.173648
vn -0.939693 0.000000 0.342020
vn -0.866025 0.000000 0.500000
vn -0.766044 0.000000 0.642788
vn -0.642788 0.000000 0.766044
vn -0.500000 0.000000 0.866025
vn -0.342020 0.000000 0.939693
vn -0.173648 0.000000 0.984808
vn -0.173648 0.000000 -0.984808
vn -0.342020 0.000000 -0.939693
vn -0.500000 0.000000 -0.866025
vn -0.642788 0.000000 -0.766044
vn -0.766044 0.000000 -0.642788
vn -0.866025 0.000000 -0.500000
vn -0.939693 0.000000 -0.342020
vn -0.984808 0.000000 -0.173648
f 2483//2483 2482//2482 2484//2484
f 2516//2516 2484//2484 2485//2485
f 2516//2516 2483//2483 2484//2484
f 2517//2517 2485//2485 2486//2486
f 2517//2517 2516//2516 2485//2485
f 2518//2518 2486//2486 2487//2487
f 2518//2518 2517//2517 2486//2486
f 2519//2519 2487//2487 2488//2488
f 2519//2519 2518//2518 2487//2487
f 2520//2520 2488//2488 2489//2489
f 2520//2520 2519//2519 2488//2488
f 2521//2521 2489//2489 2490//2490
f 2521//2521 2520//2520 2489//2489
f 2522//2522 2490//2490 2491//2491
f 2522//2522 2491//2491 2492//2492
f 2522//2522 2521//2521 2490//2490
f 2523//2523 2492//2492 2493//2493
f 2523//2523 2522//2522 2492//2492
f 2507//2507 2493//2493 2494//2494
f 2507//2507 2494//2494 2495//2495
f 2507//2507 2523//2523 2493//2493
f 2508//2508 2495//2495 2496//2496
f 2508//2508 2507//2507 2495//2495
f 2509//2509 2496//2496 2497//2497
f 2509//2509 2508//2508 2496//2496
f 2510//2510 2497//2497 2498//2498
f 2510//2510 2509//2509 2497//2497
f 2511//2511 2510//2510 2498//2498
f 2511//2511 2498//2498 2499//2499
f 2512//2512 2511//2511 2499//2499
f 2512//2512 2499//2499 2500//2500
f 2513//2513 2512//2512 2500//2500
f 2513//2513 2500//2500 2501//2501
f 2514//2514 2513//2513 2501//2501
f 2514//2514 2501//2501 2502//2502
f 2514//2514 2502//2502 2503//2503
f 2515//2515 2514//2514 2503//2503
f 2515//2515 2503//2503 2504//2504
f 2506//2506 2504//2504 2505//2505
f 2506//2506 2515//2515 2504//2504
v 312.000000 306.000000 1593.000000
v 312.000000 326.500000 1593.000000
v 464.000000 326.500000 1745.000000
v 461.695313 326.500000 1718.632324
v 454.851288 326.500000 1693.062744
v 445.317291 326.500000 1671.989746
v 434.451752 326.500000 1654.947144
v 421.420624 326.500000 1639.496094
v 406.455750 326.500000 1625.911377
v 389.820953 326.500000 1614.432495
v 371.808868 326.500000 1605.261597
v 352.739716 326.500000 1598.561401
v 332.951599 326.500000 1594.450928
v 322.500885 326.500000 1593.363159
v 312.000000 326.500000 1897.000000
v 338.367767 326.500000 1894.695313
v 363.936890 326.500000 1887.851440
v 385.010193 326.500000 1878.317261
v 402.052917 326.500000 1867.451660
v 417.503906 326.500000 1854.420654
v 431.088776 326.500000 1839.455566
v 442.567810 326.500000 1822.820435
v 451.738678 326.500000 1804.808472
v 458.438690 326.500000 1785.739380
v 462.549194 326.500000 1765.950684
v 463.636871 326.500000 1755.500366
v 312.000000 306.000000 1897.000000
v 338.394531 306.000000 1894.690796
v 363.987061 306.000000 1887.833252
v 388.000000 306.000000 1876.635864
v 409.703705 306.000000 1861.438721
v 428.438751 306.000000 1842.703735
v 443.635864 306.000000 1821.000000
v 454.833282 306.000000 1796.987061
v 461.690765 306.000000 1771.394531
v 464.000000 306.000000 1745.000000
v 461.690765 306.000000 1718.605469
v 454.833282 306.000000 1693.012939
v 443.635864 306.000000 1669.000000
v 428.438751 306.000000 1647.296265
v 409.703705 306.000000 1628.561279
v 388.000000 306.000000 1613.364136
v 363.987061 306.000000 1602.166748
v 338.394531 306.000000 1595.309204
vn -0.000000 -0.000000 1.000000
vn -0.000000 -0.000000 1.000000
vn -1.000000 0.000000 -0.000000
vn -0.984839 -0.000000 0.173473
vn -0.939814 -0.000000 0.341687
vn -0.877088 -0.000000 0.480329
vn -0.805606 -0.000000 0.592452
vn -0.719880 -0.000000 0.694099
vn -0.621425 -0.000000 0.783473
vn -0.511983 -0.000000 0.858995
vn -0.393489 -0.000000 0.919329
vn -0.268037 -0.000000 0.963409
vn -0.137846 -0.000000 0.990454
vn -0.069088 -0.000000 0.997611
vn -0.000000 0.000000 -1.000000
vn -0.173473 0.000000 -0.984839
vn -0.341686 0.000000 -0.939814
vn -0.480329 0.000000 -0.877088
vn -0.592453 0.000000 -0.805605
vn -0.694100 0.000000 -0.719878
vn -0.783476 0.000000 -0.621423
vn -0.858998 0.000000 -0.511979
vn -0.919332 0.000000 -0.393483
vn -0.963410 0.000000 -0.268030
vn -0.990455 0.000000 -0.137838
vn -0.997611 0.000000 -0.069084
vn -0.000000 0.000000 -1.000000
vn -0.173648 0.000000 -0.984808
vn -0.342020 0.000000 -0.939693
vn -0.500000 0.000000 -0.866025
vn -0.642788 0.000000 -0.766044
vn -0.766044 0.000000 -0.642788
vn -0.866025 0.000000 -0.500000
vn -0.939693 0.000000 -0.342020
vn -0.984808 0.000000 -0.173648
vn -1.000000 0.000000 -0.000000
vn -0.984808 -0.000000 0.173648
vn -0.939693 -0.000000 0.342020
vn -0.866025 -0.000000 0.500000
vn -0.766044 -0.000000 0.642788
vn -0.642788 -0.000000 0.766044
vn -0.500000 -0.000000 0.866025
vn -0.342020 -0.000000 0.939693
vn -0.173648 -0.000000 0.984808
f 2539//2539 2550//2550 2538//2538
f 2539//2539 2551//2551 2550//2550
f 2540//2540 2552//2552 2551//2551
f 2540//2540 2551//2551 2539//2539
f 2541//2541 2553//2553 2552//2552
f 2541//2541 2552//2552 2540//2540
f 2542//2542 2554//2554 2553//2553
f 2542//2542 2553//2553 2541//2541
f 2543//2543 2555//2555 2554//2554
f 2543//2543 2554//2554 2542//2542
f 2544//2544 2556//2556 2555//2555
f 2544//2544 2555//2555 2543//2543
f 2545//2545 2556//2556 2544//2544
f 2546//2546 2557//2557 2556//2556
f 2546//2546 2556//2556 2545//2545
f 2547//2547 2558//2558 2557//2557
f 2547//2547 2557//2557 2546//2546
f 2548//2548 2558//2558 2547//2547
f 2549//2549 2559//2559 2558//2558
f 2549//2549 2558//2558 2548//2548
f 2526//2526 2559//2559 2549//2549
f 2527//2527 2560//2560 2559//2559
f 2527//2527 2559//2559 2526//2526
f 2528//2528 2561//2561 2560//2560
f 2528//2528 2560//2560 2527//2527
f 2529//2529 2561//2561 2528//2528
f 2529//2529 2562//2562 2561//2561
f 2530//2530 2562//2562 2529//2529
f 2530//2530 2563//2563 2562//2562
f 2531//2531 2563//2563 2530//2530
f 2531//2531 2564//2564 2563//2563
f 2532//2532 2564//2564 2531//2531
f 2532//2532 2565//2565 2564//2564
f 2533//2533 2565//2565 2532//2532
f 2534//2534 2565//2565 2533//2533
f 2534//2534 2566//2566 2565//2565
f 2535//2535 2566//2566 2534//2534
f 2535//2535 2567//2567 2566//2566
f 2536//2536 2567//2567 2535//2535
f 2537//2537 2567//2567 2536//2536
f 2537//2537 2524//2524 2567//2567
f 2525//2525 2524//2524 2537//2537
v 312.000000 306.000000 1897.000000
v 312.000000 326.500000 1897.000000
v 160.000000 326.500000 1745.000000
v 162.304672 326.500000 1771.367676
v 169.148697 326.500000 1796.937256
v 178.682693 326.500000 1818.010254
v 189.548233 326.500000 1835.052856
v 202.579361 326.500000 1850.503906
v 217.544250 326.500000 1864.088623
v 234.179047 326.500000 1875.567505
v 252.191147 326.500000 1884.738403
v 271.260284 326.500000 1891.438599
v 291.048401 326.500000 1895.549072
v 301.499115 326.500000 1896.636841
v 312.000000 326.500000 1593.000000
v 285.632233 326.500000 1595.304688
v 260.063110 326.500000 1602.148560
v 238.989807 326.500000 1611.682739
v 221.947067 326.500000 1622.548340
v 206.496094 326.500000 1635.579346
v 192.911240 326.500000 1650.544434
v 181.432205 326.500000 1667.179565
v 172.261322 326.500000 1685.191528
v 165.561295 326.500000 1704.260620
v 161.450790 326.500000 1724.049316
v 160.363129 326.500000 1734.499634
v 312.000000 306.000000 1593.000000
v 285.605469 306.000000 1595.309204
v 260.012939 306.000000 1602.166748
v 236.000000 306.000000 1613.364136
v 214.296280 306.000000 1628.561279
v 195.561249 306.000000 1647.296265
v 180.364136 306.000000 1669.000000
v 169.166718 306.000000 1693.012939
v 162.309219 306.000000 1718.605469
v 160.000000 306.000000 1745.000000
v 162.309219 306.000000 1771.394531
v 169.166718 306.000000 1796.987061
v 180.364136 306.000000 1821.000000
v 195.561249 306.000000 1842.703735
v 214.296280 306.000000 1861.438721
v 236.000000 306.000000 1876.635864
v 260.012939 306.000000 1887.833252
v 285.605469 306.000000 1894.690796
vn 0.000000 -0.000000 -1.000000
vn 0.000000 -0.000000 -1.000000
vn 1.000000 -0.000000 0.000000
vn 0.984839 -0.000000 -0.173473
vn 0.939814 -0.000000 -0.341687
vn 0.877088 -0.000000 -0.480329
vn 0.805606 -0.000000 -0.592452
vn 0.719880 -0.000000 -0.694099
vn 0.621425 -0.000000 -0.783473
vn 0.511983 -0.000000 -0.858995
vn 0.393489 -0.000000 -0.919329
vn 0.268037 -0.000000 -0.963409
vn 0.137846 -0.000000 -0.990454
vn 0.069088 -0.000000 -0.997611
vn -0.000000 -0.000000 1.000000
vn 0.173473 -0.000000 0.984839
vn 0.341686 -0.000000 0.939814
vn 0.480329 -0.000000 0.877088
vn 0.592453 -0.000000 0.805605
vn 0.694100 -0.000000 0.719878
vn 0.783476 -0.000000 0.621423
vn 0.858998 -0.000000 0.511979
vn 0.919332 -0.000000 0.393483
vn 0.963410 -0.000000 0.268030
vn 0.990455 -0.000000 0.137838
vn 0.997611 -0.000000 0.069084
vn -0.000000 -0.000000 1.000000
vn 0.173648 -0.000000 0.984808
vn 0.342020 -0.000000 0.939693
vn 0.500000 -0.000000 0.866025
vn 0.642788 -0.000000 0.766044
vn 0.766044 -0.000000 0.642788
vn 0.866025 -0.000000 0.500000
vn 0.939693 -0.000000 0.342020
vn 0.984808 -0.000000 0.173648
vn 1.000000 -0.000000 0.000000
vn 0.984808 -0.000000 -0.173648
vn 0.939693 -0.000000 -0.342020
vn 0.866025 -0.000000 -0.500000
vn 0.766044 -0.000000 -0.642788
vn 0.642788 -0.000000 -0.766044
vn 0.500000 -0.000000 -0.866025
vn 0.342020 -0.000000 -0.939693
vn 0.173648 -0.000000 -0.984808
f 2583//2583 2594//2594 2582//2582
f 2583//2583 2595//2595 2594//2594
f 2584//2584 2596//2596 2595//2595
f 2584//2584 2595//2595 2583//2583
f 2585//2585 2597//2597 2596//2596
f 2585//2585 2596//2596 2584//2584
f 2586//2586 2598//2598 2597//2597
f 2586//2586 2597//2597 2585//2585
f 2587//2587 2599//2599 2598//2598
f 2587//2587 2598//2598 2586//2586
f 2588//2588 2600//2600 2599//2599
f 2588//2588 2599//2599 2587//2587
f 2589//2589 2600//2600 2588//2588
f 2590//2590 2601//2601 2600//2600
f 2590//2590 2600//2600 2589//2589
f 2591//2591 2602//2602 2601//2601
f 2591//2591 2601//2601 2590//2590
f 2592//2592 2602//2602 2591//2591
f 2593//2593 2603//2603 2602//2602
f 2593//2593 2602//2602 2592//2592
f 2570//2570 2603//2603 2593//2593
f 2571//2571 2604//2604 2603//2603
f 2571//2571 2603//2603 2570//2570
f 2572//2572 2605//2605 2604//2604
f 2572//2572 2604//2604 2571//2571
f 2573//2573 2605//2605 2572//2572
f 2573//2573 2606//2606 2605//2605
f 2574//2574 2606//2606 2573//2573
f 2574//2574 2607//2607 2606//2606
f 2575//2575 2607//2607 2574//2574
f 2575//2575 2608//2608 2607//2607
f 2576//2576 2608//2608 2575//2575
f 2576//2576 2609//2609 2608//2608
f 2577//2577 2609//2609 2576//2576
f 2578//2578 2609//2609 2577//2577
f 2578//2578 2610//2610 2609//2609
f 2579//2579 2610//2610 2578//2578
f 2579//2579 2611//2611 2610//2610
f 2580//2580 2611//2611 2579//2579
f 2581//2581 2611//2611 2580//2580
f 2581//2581 2568//2568 2611//2611
f 2569//2569 2568//2568 2581//2581
v 467.000000 326.500000 1568.500000
v 467.000000 333.500000 1568.500000
v 469.990814 326.500000 1568.242554
v 472.893768 326.500000 1567.477661
v 475.384430 326.500000 1566.360718
v 477.473267 326.500000 1565.020020
v 479.351501 326.500000 1563.397217
v 480.981171 326.500000 1561.525024
v 482.329559 326.500000 1559.441162
v 483.369629 326.500000 1557.187378
v 484.080383 326.500000 1554.809204
v 484.394653 326.500000 1552.916992
v 484.500000 326.500000 1551.000000
v 484.242523 326.500000 1548.009155
v 483.477631 326.500000 1545.106201
v 482.360718 326.500000 1542.615601
v 481.020020 326.500000 1540.526733
v 479.397186 326.500000 1538.648560
v 477.525085 326.500000 1537.018799
v 475.441284 326.500000 1535.670532
v 473.187500 326.500000 1534.630371
v 470.809357 326.500000 1533.919678
v 468.916992 326.500000 1533.605347
v 467.000000 326.500000 1533.500000
v 467.000000 333.500000 1533.500000
v 469.991455 333.500000 1533.757202
v 472.894684 333.500000 1534.522095
v 475.624023 333.500000 1535.772339
v 478.099487 333.500000 1537.470825
v 480.248596 333.500000 1539.567139
v 482.008148 333.500000 1541.999634
v 483.326050 333.500000 1544.697021
v 484.163055 333.500000 1547.580200
v 484.415619 333.500000 1549.281860
v 484.500000 333.500000 1551.000000
v 470.038849 333.500000 1568.234131
v 472.985352 333.500000 1567.444580
v 475.750000 333.500000 1566.155396
v 478.248779 333.500000 1564.405762
v 480.405792 333.500000 1562.248779
v 482.155457 333.500000 1559.750000
v 483.444611 333.500000 1556.985352
v 484.234131 333.500000 1554.038818
vn 0.000000 -0.000000 1.000000
vn 0.000000 -0.000000 1.000000
vn 0.170923 -0.000000 0.985284
vn 0.336816 -0.000000 0.941571
vn 0.479155 -0.000000 0.877730
vn 0.598526 -0.000000 0.801103
vn 0.705854 -0.000000 0.708357
vn 0.798980 -0.000000 0.601358
vn 0.876029 -0.000000 0.482259
vn 0.935451 -0.000000 0.353456
vn 0.976051 -0.000000 0.217541
vn 0.993995 -0.000000 0.109428
vn 1.000000 -0.000000 0.000000
vn 0.985284 0.000000 -0.170923
vn 0.941571 0.000000 -0.336816
vn 0.877731 0.000000 -0.479154
vn 0.801105 0.000000 -0.598524
vn 0.708360 0.000000 -0.705851
vn 0.601362 0.000000 -0.798976
vn 0.482265 0.000000 -0.876025
vn 0.353464 0.000000 -0.935448
vn 0.217551 0.000000 -0.976049
vn 0.109433 0.000000 -0.993994
vn 0.000000 0.000000 -1.000000
vn 0.000000 0.000000 -1.000000
vn 0.170923 0.000000 -0.985284
vn 0.336816 0.000000 -0.941571
vn 0.492796 0.000000 -0.870145
vn 0.634272 0.000000 -0.773110
vn 0.757081 0.000000 -0.653322
vn 0.857607 0.000000 -0.514305
vn 0.932894 0.000000 -0.360151
vn 0.980724 0.000000 -0.195398
vn 0.995169 0.000000 -0.098173
vn 1.000000 -0.000000 0.000000
vn 0.173648 -0.000000 0.984808
vn 0.342020 -0.000000 0.939693
vn 0.500000 -0.000000 0.866025
vn 0.642788 -0.000000 0.766044
vn 0.766044 -0.000000 0.642788
vn 0.866025 -0.000000 0.500000
vn 0.939693 -0.000000 0.342020
vn 0.984808 -0.000000 0.173648
f 2613//2613 2612//2612 2614//2614
f 2647//2647 2614//2614 2615//2615
f 2647//2647 2613//2613 2614//2614
f 2648//2648 2615//2615 2616//2616
f 2648//2648 2647//2647 2615//2615
f 2649//2649 2616//2616 2617//2617
f 2649//2649 2648//2648 2616//2616
f 2650//2650 2617//2617 2618//2618
f 2650//2650 2649//2649 2617//2617
f 2651//2651 2618//2618 2619//2619
f 2651//2651 2650//2650 2618//2618
f 2652//2652 2619//2619 2620//2620
f 2652//2652 2651//2651 2619//2619
f 2653//2653 2620//2620 2621//2621
f 2653//2653 2621//2621 2622//2622
f 2653//2653 2652//2652 2620//2620
f 2654//2654 2622//2622 2623//2623
f 2654//2654 2653//2653 2622//2622
f 2646//2646 2623//2623 2624//2624
f 2646//2646 2654//2654 2623//2623
f 2645//2645 2624//2624 2625//2625
f 2645//2645 2646//2646 2624//2624
f 2644//2644 2625//2625 2626//2626
f 2644//2644 2645//2645 2625//2625
f 2643//2643 2626//2626 2627//2627
f 2643//2643 2644//2644 2626//2626
f 2642//2642 2643//2643 2627//2627
f 2642//2642 2627//2627 2628//2628
f 2641//2641 2642//2642 2628//2628
f 2641//2641 2628//2628 2629//2629
f 2640//2640 2641//2641 2629//2629
f 2640//2640 2629//2629 2630//2630
f 2639//2639 2640//2640 2630//2630
f 2639//2639 2630//2630 2631//2631
f 2639//2639 2631//2631 2632//2632
f 2638//2638 2639//2639 2632//2632
f 2638//2638 2632//2632 2633//2633
f 2637//2637 2633//2633 2634//2634
f 2637//2637 2638//2638 2633//2633
f 2636//2636 2637//2637 2634//2634
f 2636//2636 2634//2634 2635//2635
v 467.000000 326.500000 1533.500000
v 467.000000 333.500000 1533.500000
v 464.009186 326.500000 1533.757446
v 461.106232 326.500000 1534.522339
v 458.615570 326.500000 1535.639282
v 456.526733 326.500000 1536.979980
v 454.648499 326.500000 1538.602783
v 453.018829 326.500000 1540.474976
v 451.670441 326.500000 1542.558838
v 450.630371 326.500000 1544.812622
v 449.919617 326.500000 1547.190796
v 449.605347 326.500000 1549.083008
v 449.500000 326.500000 1551.000000
v 449.757477 326.500000 1553.990845
v 450.522369 326.500000 1556.893799
v 451.639282 326.500000 1559.384399
v 452.979980 326.500000 1561.473267
v 454.602814 326.500000 1563.351440
v 456.474915 326.500000 1564.981201
v 458.558685 326.500000 1566.329468
v 460.812500 326.500000 1567.369629
v 463.190643 326.500000 1568.080322
v 465.083008 326.500000 1568.394653
v 467.000000 326.500000 1568.500000
v 467.000000 333.500000 1568.500000
v 449.500000 333.500000 1551.000000
v 449.765869 333.500000 1554.038818
v 450.555389 333.500000 1556.985352
v 451.844543 333.500000 1559.750000
v 453.594208 333.500000 1562.248779
v 455.751221 333.500000 1564.405762
v 458.250000 333.500000 1566.155396
v 461.014648 333.500000 1567.444580
v 463.961151 333.500000 1568.234131
v 463.961151 333.500000 1533.765869
v 461.014648 333.500000 1534.555420
v 458.250000 333.500000 1535.844604
v 455.751221 333.500000 1537.594238
v 453.594208 333.500000 1539.751221
v 451.844543 333.500000 1542.250000
v 450.555389 333.500000 1545.014648
v 449.765869 333.500000 1547.961182
vn 0.000000 0.000000 -1.000000
vn 0.000000 0.000000 -1.000000
vn -0.170923 0.000000 -0.985284
vn -0.336816 0.000000 -0.941571
vn -0.479155 0.000000 -0.877730
vn -0.598526 0.000000 -0.801103
vn -0.705854 0.000000 -0.708357
vn -0.798980 0.000000 -0.601358
vn -0.876029 0.000000 -0.482259
vn -0.935451 0.000000 -0.353456
vn -0.976051 0.000000 -0.217541
vn -0.993995 0.000000 -0.109428
vn -1.000000 0.000000 -0.000000
vn -0.985284 0.000000 0.170923
vn -0.941571 0.000000 0.336816
vn -0.877731 0.000000 0.479154
vn -0.801105 0.000000 0.598524
vn -0.708360 0.000000 0.705851
vn -0.601362 0.000000 0.798976
vn -0.482265 0.000000 0.876025
vn -0.353464 0.000000 0.935448
vn -0.217551 0.000000 0.976049
vn -0.109433 0.000000 0.993994
vn -0.000000 0.000000 1.000000
vn -0.000000 0.000000 1.000000
vn -1.000000 0.000000 -0.000000
vn -0.984808 0.000000 0.173648
vn -0.939693 0.000000 0.342020
vn -0.866025 0.000000 0.500000
vn -0.766044 0.000000 0.642788
vn -0.642788 0.000000 0.766044
vn -0.500000 0.000000 0.866025
vn -0.342020 0.000000 0.939693
vn -0.173648 0.000000 0.984808
vn -0.173648 0.000000 -0.984808
vn -0.342020 0.000000 -0.939693
vn -0.500000 0.000000 -0.866025
vn -0.642788 0.000000 -0.766044
vn -0.766044 0.000000 -0.642788
vn -0.866025 0.000000 -0.500000
vn -0.939693 0.000000 -0.342020
vn -0.984808 0.000000 -0.173648
f 2656//2656 2655//2655 2657//2657
f 2689//2689 2657//2657 2658//2658
f 2689//2689 2656//2656 2657//2657
f 2690//2690 2658//2658 2659//2659
f 2690//2690 2689//2689 2658//2658
f 2691//2691 2659//2659 2660//2660
f 2691//2691 2690//2690 2659//2659
f 2692//2692 2660//2660 2661//2661
f 2692//2692 2691//2691 2660//2660
f 2693//2693 2661//2661 2662//2662
f 2693//2693 2692//2692 2661//2661
f 2694//2694 2662//2662 2663//2663
f 2694//2694 2693//2693 2662//2662
f 2695//2695 2663//2663 2664//2664
f 2695//2695 2664//2664 2665//2665
f 2695//2695 2694//2694 2663//2663
f 2696//2696 2665//2665 2666//2666
f 2696//2696 2695//2695 2665//2665
f 2680//2680 2666//2666 2667//2667
f 2680//2680 2667//2667 2668//2668
f 2680//2680 2696//2696 2666//2666
f 2681//2681 2668//2668 2669//2669
f 2681//2681 2680//2680 2668//2668
f 2682//2682 2669//2669 2670//2670
f 2682//2682 2681//2681 2669//2669
f 2683//2683 2670//2670 2671//2671
f 2683//2683 2682//2682 2670//2670
f 2684//2684 2683//2683 2671//2671
f 2684//2684 2671//2671 2672//2672
f 2685//2685 2684//2684 2672//2672
f 2685//2685 2672//2672 2673//2673
f 2686//2686 2685//2685 2673//2673
f 2686//2686 2673//2673 2674//2674
f 2687//2687 2686//2686 2674//2674
f 2687//2687 2674//2674 2675//2675
f 2687//2687 2675//2675 2676//2676
f 2688//2688 2687//2687 2676//2676
f 2688//2688 2676//2676 2677//2677
f 2679//2679 2677//2677 2678//2678
f 2679//2679 2688//2688 2677//2677
v 282.000000 326.500000 1457.000000
v 282.000000 333.500000 1457.000000
v 284.990814 326.500000 1456.742554
v 287.893768 326.500000 1455.977661
v 290.384430 326.500000 1454.860718
v 292.473267 326.500000 1453.520020
v 294.351501 326.500000 1451.897217
v 295.981171 326.500000 1450.025024
v 297.329559 326.500000 1447.941162
v 298.369629 326.500000 1445.687378
v 299.080383 326.500000 1443.309204
v 299.394653 326.500000 1441.416992
v 299.500000 326.500000 1439.500000
v 299.242523 326.500000 1436.509155
v 298.477631 326.500000 1433.606201
v 297.360718 326.500000 1431.115601
v 296.020020 326.500000 1429.026733
v 294.397186 326.500000 1427.148560
v 292.525085 326.500000 1425.518799
v 290.441315 326.500000 1424.170532
v 288.187500 326.500000 1423.130371
v 285.809357 326.500000 1422.419678
v 283.916992 326.500000 1422.105347
v 282.000000 326.500000 1422.000000
v 282.000000 333.500000 1422.000000
v 284.991455 333.500000 1422.257202
v 287.894684 333.500000 1423.022095
v 290.624023 333.500000 1424.272339
v 293.099487 333.500000 1425.970825
v 295.248596 333.500000 1428.067139
v 297.008148 333.500000 1430.499634
v 298.326050 333.500000 1433.197021
v 299.163055 333.500000 1436.080200
v 299.415619 333.500000 1437.781860
v 299.500000 333.500000 1439.500000
v 285.038849 333.500000 1456.734131
v 287.985352 333.500000 1455.944580
v 290.750000 333.500000 1454.655396
v 293.248779 333.500000 1452.905762
v 295.405792 333.500000 1450.748779
v 297.155457 333.500000 1448.250000
v 298.444611 333.500000 1445.485352
v 299.234131 333.500000 1442.538818
vn 0.000000 -0.000000 1.000000
vn 0.000000 -0.000000 1.000000
vn 0.170923 -0.000000 0.985284
vn 0.336816 -0.000000 0.941571
vn 0.479155 -0.000000 0.877730
vn 0.598526 -0.000000 0.801103
vn 0.705854 -0.000000 0.708357
vn 0.798980 -0.000000 0.601358
vn 0.876029 -0.000000 0.482259
vn 0.935451 -0.000000 0.353456
vn 0.976051 -0.000000 0.217541
vn 0.993995 -0.000000 0.109428
vn 1.000000 -0.000000 0.000000
vn 0.985284 0.000000 -0.170923
vn 0.941571 0.000000 -0.336816
vn 0.877731 0.000000 -0.479154
vn 0.801105 0.000000 -0.598524
vn 0.708360 0.000000 -0.705851
vn 0.601362 0.000000 -0.798976
vn 0.482265 0.000000 -0.876025
vn 0.353464 0.000000 -0.935448
vn 0.217551 0.000000 -0.976049
vn 0.109433 0.000000 -0.993994
vn 0.000000 0.000000 -1.000000
vn 0.000000 0.000000 -1.000000
vn 0.170923 0.000000 -0.985284
vn 0.336816 0.000000 -0.941571
vn 0.492796 0.000000 -0.870145
vn 0.634272 0.000000 -0.773110
vn 0.757081 0.000000 -0.653322
vn 0.857607 0.000000 -0.514305
vn 0.932894 0.000000 -0.360151
vn 0.980724 0.000000 -0.195398
vn 0.995169 0.000000 -0.098173
vn 1.000000 -0.000000 0.000000
vn 0.173648 -0.000000 0.984808
vn 0.342020 -0.000000 0.939693
vn 0.500000 -0.000000 0.866025
vn 0.642788 -0.000000 0.766044
vn 0.766044 -0.000000 0.642788
vn 0.866025 -0.000000 0.500000
vn 0.939693 -0.000000 0.342020
vn 0.984808 -0.000000 0.173648
f 2698//2698 2697//2697 2699//2699
f 2732//2732 2699//2699 2700//2700
f 2732//2732 2698//2698 2699//2699
f 2733//2733 2700//2700 2701//2701
f 2733//2733 2732//2732 2700//2700
f 2734//2734 2701//2701 2702//2702
f 2734//2734 2733//2733 2701//2701
f 2735//2735 2702//2702 2703//2703
f 2735//2735 2734//2734 2702//2702
f 2736//2736 2703//2703 2704//2704
f 2736//2736 2735//2735 2703//2703
f 2737//2737 2704//2704 2705//2705
f 2737//2737 2736//2736 2704//2704
f 2738//2738 2705//2705 2706//2706
f 2738//2738 2706//2706 2707//2707
f 2738//2738 2737//2737 2705//2705
f 2739//2739 2707//2707 2708//2708
f 2739//2739 2738//2738 2707//2707
f 2731//2731 2708//2708 2709//2709
f 2731//2731 2739//2739 2708//2708
f 2730//2730 2709//2709 2710//2710
f 2730//2730 2731//2731 2709//2709
f 2729//2729 2710//2710 2711//2711
f 2729//2729 2730//2730 2710//2710
f 2728//2728 2711//2711 2712//2712
f 2728//2728 2729//2729 2711//2711
f 2727//2727 2728//2728 2712//2712
f 2727//2727 2712//2712 2713//2713
f 2726//2726 2727//2727 2713//2713
f 2726//2726 2713//2713 2714//2714
f 2725//2725 2726//2726 2714//2714
f 2725//2725 2714//2714 2715//2715
f 2724//2724 2725//2725 2715//2715
f 2724//2724 2715//2715 2716//2716
f 2724//2724 2716//2716 2717//2717
f 2723//2723 2724//2724 2717//2717
f 2723//2723 2717//2717 2718//2718
f 2722//2722 2718//2718 2719//2719
f 2722//2722 2723//2723 2718//2718
f 2721//2721 2722//2722 2719//2719
f 2721//2721 2719//2719 2720//2720
v 282.000000 326.500000 1422.000000
v 282.000000 333.500000 1422.000000
v 279.009186 326.500000 1422.257446
v 276.106232 326.500000 1423.022339
v 273.615570 326.500000 1424.139282
v 271.526733 326.500000 1425.479980
v 269.648499 326.500000 1427.102783
v 268.018829 326.500000 1428.974976
v 266.670441 326.500000 1431.058838
v 265.630371 326.500000 1433.312622
v 264.919617 326.500000 1435.690796
v 264.605347 326.500000 1437.583008
v 264.500000 326.500000 1439.500000
v 264.757477 326.500000 1442.490845
v 265.522369 326.500000 1445.393799
v 266.639282 326.500000 1447.884399
v 267.979980 326.500000 1449.973267
v 269.602814 326.500000 1451.851440
v 271.474915 326.500000 1453.481201
v 273.558685 326.500000 1454.829468
v 275.812500 326.500000 1455.869629
v 278.190643 326.500000 1456.580322
v 280.083008 326.500000 1456.894653
v 282.000000 326.500000 1457.000000
v 282.000000 333.500000 1457.000000
v 264.500000 333.500000 1439.500000
v 264.765869 333.500000 1442.538818
v 265.555389 333.500000 1445.485352
v 266.844543 333.500000 1448.250000
v 268.594208 333.500000 1450.748779
v 270.751221 333.500000 1452.905762
v 273.250000 333.500000 1454.655396
v 276.014648 333.500000 1455.944580
v 278.961151 333.500000 1456.734131
v 278.961151 333.500000 1422.265869
v 276.014648 333.500000 1423.055420
v 273.250000 333.500000 1424.344604
v 270.751221 333.500000 1426.094238
v 268.594208 333.500000 1428.251221
v 266.844543 333.500000 1430.750000
v 265.555389 333.500000 1433.514648
v 264.765869 333.500000 1436.461182
vn 0.000000 0.000000 -1.000000
vn 0.000000 0.000000 -1.000000
vn -0.170923 0.000000 -0.985284
vn -0.336816 0.000000 -0.941571
vn -0.479155 0.000000 -0.877730
vn -0.598526 0.000000 -0.801103
vn -0.705854 0.000000 -0.708357
vn -0.798980 0.000000 -0.601358
vn -0.876029 0.000000 -0.482259
vn -0.935451 0.000000 -0.353456
vn -0.976051 0.000000 -0.217541
vn -0.993995 0.000000 -0.109428
vn -1.000000 0.000000 -0.000000
vn -0.985284 0.000000 0.170923
vn -0.941571 0.000000 0.336816
vn -0.877731 0.000000 0.479154
vn -0.801105 0.000000 0.598524
vn -0.708360 0.000000 0.705851
vn -0.601362 0.000000 0.798976
vn -0.482265 0.000000 0.876025
vn -0.353464 0.000000 0.935448
vn -0.217551 0.000000 0.976049
vn -0.109433 0.000000 0.993994
vn -0.000000 0.000000 1.000000
vn -0.000000 0.000000 1.000000
vn -1.000000 0.000000 -0.000000
vn -0.984808 0.000000 0.173648
vn -0.939693 0.000000 0.342020
vn -0.866025 0.000000 0.500000
vn -0.766044 0.000000 0.642788
vn -0.642788 0.000000 0.766044
vn -0.500000 0.000000 0.866025
vn -0.342020 0.000000 0.939693
vn -0.173648 0.000000 0.984808
vn -0.173648 0.000000 -0.984808
vn -0.342020 0.000000 -0.939693
vn -0.500000 0.000000 -0.866025
vn -0.642788 0.000000 -0.766044
vn -0.766044 0.000000 -0.642788
vn -0.866025 0.000000 -0.500000
vn -0.939693 0.000000 -0.342020
vn -0.984808 0.000000 -0.173648
f 2741//2741 2740//2740 2742//2742
f 2774//2774 2742//2742 2743//2743
f 2774//2774 2741//2741 2742//2742
f 2775//2775 2743//2743 2744//2744
f 2775//2775 2774//2774 2743//2743
f 2776//2776 2744//2744 2745//2745
f 2776//2776 2775//2775 2744//2744
f 2777//2777 2745//2745 2746//2746
f 2777//2777 2776//2776 2745//2745
f 2778//2778 2746//2746 2747//2747
f 2778//2778 2777//2777 2746//2746
f 2779//2779 2747//2747 2748//2748
f 2779//2779 2778//2778 2747//2747
f 2780//2780 2748//2748 2749//2749
f 2780//2780 2749//2749 2750//2750
f 2780//2780 2779//2779 2748//2748
f 2781//2781 2750//2750 2751//2751
f 2781//2781 2780//2780 2750//2750
f 2765//2765 2751//2751 2752//2752
f 2765//2765 2752//2752 2753//2753
f 2765//2765 2781//2781 2751//2751
f 2766//2766 2753//2753 2754//2754
f 2766//2766 2765//2765 2753//2753
f 2767//2767 2754//2754 2755//2755
f 2767//2767 2766//2766 2754//2754
f 2768//2768 2755//2755 2756//2756
f 2768//2768 2767//2767 2755//2755
f 2769//2769 2768//2768 2756//2756
f 2769//2769 2756//2756 2757//2757
f 2770//2770 2769//2769 2757//2757
f 2770//2770 2757//2757 2758//2758
f 2771//2771 2770//2770 2758//2758
f 2771//2771 2758//2758 2759//2759
f 2772//2772 2771//2771 2759//2759
f 2772//2772 2759//2759 2760//2760
f 2772//2772 2760//2760 2761//2761
f 2773//2773 2772//2772 2761//2761
f 2773//2773 2761//2761 2762//2762
f 2764//2764 2762//2762 2763//2763
f 2764//2764 2773//2773 2762//2762
v 317.000000 336.500000 1577.500000
v 317.000000 336.500000 1522.500000
v 317.000000 326.500000 1577.500000
v 317.000000 326.500000 1522.500000
vn -1.000000 0.000000 -0.000000
vn -1.000000 0.000000 -0.000000
vn -1.000000 0.000000 -0.000000
vn -1.000000 0.000000 -0.000000
f 2783//2783 2784//2784 2782//2782
f 2783//2783 2785//2785 2784//2784
v 317.000000 336.500000 1522.500000
v 341.000000 336.500000 1522.500000
v 317.000000 326.500000 1522.500000
v 341.000000 326.500000 1522.500000
vn -0.000000 -0.000000 -1.000000
vn -0.000000 -0.000000 -1.000000
vn -0.000000 -0.000000 -1.000000
vn -0.000000 -0.000000 -1.000000
f 2787//2787 2788//2788 2786//2786
f 2787//2787 2789//2789 2788//2788
v 341.000000 336.500000 1522.500000
v 341.000000 336.500000 1577.500000
v 341.000000 326.500000 1522.500000
v 341.000000 326.500000 1577.500000
vn 1.000000 -0.000000 -0.000000
vn 1.000000 -0.000000 -0.000000
vn 1.000000 -0.000000 -0.000000
vn 1.000000 -0.000000 -0.000000
f 2791//2791 2792//2792 2790//2790
f 2791//2791 2793//2793 2792//2792
v 341.000000 336.500000 1577.500000
v 317.000000 336.500000 1577.500000
v 341.000000 326.500000 1577.500000
v 317.000000 326.500000 1577.500000
vn -0.000000 -0.000000 1.000000
vn -0.000000 -0.000000 1.000000
vn -0.000000 -0.000000 1.000000
vn -0.000000 -0.000000 1.000000
f 2795//2795 2796//2796 2794//2794
f 2795//2795 2797//2797 2796//2796
v 163.154831 273.605927 783.199463
v 176.453796 283.128540 798.826355
v 206.118546 273.605927 783.199463
v 225.202805 282.879822 798.418152
v 247.068741 290.390991 810.744202
v 266.476440 294.912506 818.164124
v 285.473602 297.684662 822.713257
v 298.664734 298.727905 824.425293
v 312.000000 299.078125 825.000000
v 334.161926 298.107605 823.407349
v 355.729095 295.241272 818.703613
v 371.495300 291.842957 813.126892
v 386.080872 287.591797 806.150635
v 399.664185 282.520142 797.827881
v 412.126587 276.726349 788.320190
v 423.385437 270.308411 777.788147
v 436.433960 260.942535 762.418518
v 445.527130 252.589844 748.711548
v 449.568451 248.142685 741.413635
v 453.184296 243.605927 733.968689
v 500.465637 243.605927 733.968689
v 502.489746 280.609650 794.692810
v 500.110718 311.894073 846.031311
v 213.105988 311.894073 846.031311
v 195.953583 296.950134 821.507813
vn -0.000000 0.853941 -0.520370
vn -0.000000 0.853941 -0.520370
vn -0.000000 0.853941 -0.520370
vn -0.000000 0.853941 -0.520370
vn -0.000000 0.853941 -0.520370
vn -0.000000 0.853941 -0.520370
vn -0.000000 0.853941 -0.520370
vn -0.000000 0.853941 -0.520370
vn -0.000000 0.853941 -0.520370
vn -0.000000 0.853941 -0.520370
vn -0.000000 0.853941 -0.520370
vn -0.000000 0.853941 -0.520370
vn -0.000000 0.853941 -0.520370
vn -0.000000 0.853941 -0.520370
vn -0.000000 0.853941 -0.520370
vn -0.000000 0.853941 -0.520370
vn -0.000000 0.853941 -0.520370
vn -0.000000 0.853941 -0.520370
vn -0.000000 0.853941 -0.520370
vn -0.000000 0.853941 -0.520370
vn -0.000000 0.853941 -0.520370
vn -0.000000 0.853941 -0.520370
vn -0.000000 0.853941 -0.520370
vn -0.000000 0.853941 -0.520370
vn -0.000000 0.853941 -0.520370
f 2800//2800 2798//2798 2799//2799
f 2800//2800 2799//2799 2822//2822
f 2801//2801 2800//2800 2822//2822
f 2802//2802 2822//2822 2821//2821
f 2802//2802 2801//2801 2822//2822
f 2803//2803 2802//2802 2821//2821
f 2804//2804 2803//2803 2821//2821
f 2805//2805 2804//2804 2821//2821
f 2806//2806 2805//2805 2821//2821
f 2820//2820 2808//2808 2807//2807
f 2820//2820 2809//2809 2808//2808
f 2820//2820 2810//2810 2809//2809
f 2820//2820 2811//2811 2810//2810
f 2820//2820 2812//2812 2811//2811
f 2819//2819 2813//2813 2812//2812
f 2819//2819 2814//2814 2813//2813
f 2819//2819 2815//2815 2814//2814
f 2819//2819 2812//2812 2820//2820
f 2818//2818 2816//2816 2815//2815
f 2818//2818 2817//2817 2816//2816
f 2818//2818 2815//2815 2819//2819
f 2820//2820 2806//2806 2821//2821
f 2820//2820 2807//2807 2806//2806
usemtl mat_2
v 292.034637 357.632568 942.608521
v 292.034637 351.837067 942.608459
v 293.503967 352.115906 946.706726
v 293.528259 357.919220 946.820068
vn -0.947501 -0.000013 0.319754
vn -0.946455 0.000012 0.322836
vn -0.935702 -0.002962 0.352779
vn -0.937032 -0.002911 0.349232
f 2824//2824 2826//2826 2823//2823
f 2825//2825 2826//2826 2824//2824
v 303.852386 369.223724 940.524719
v 301.834442 369.052765 940.880493
v 299.875122 368.547424 941.226013
v 298.457611 367.945129 941.475952
v 297.152130 367.179810 941.706116
v 295.956909 366.256989 941.916870
v 294.892883 365.190674 942.104492
v 293.977325 363.998505 942.265930
v 293.224579 362.701141 942.398682
v 292.648621 361.319366 942.500244
v 292.258820 359.875885 942.568970
v 292.091034 358.759613 942.598572
v 292.034637 357.632568 942.608521
v 293.528259 357.919220 946.820068
v 305.343811 369.543762 944.687378
v 303.333801 369.369537 945.086914
v 301.380829 368.860565 945.468201
v 299.966858 368.255341 945.739441
v 298.663788 367.487000 945.985107
v 297.469818 366.561157 946.205688
v 296.405914 365.491791 946.397278
v 295.489319 364.296631 946.556763
v 294.734344 362.996399 946.681641
v 294.155060 361.611908 946.769592
v 293.760895 360.165863 946.819214
v 293.589142 359.047852 946.830872
vn -0.013694 0.996884 -0.077678
vn -0.171412 0.984961 -0.021687
vn -0.324806 0.945152 0.034475
vn -0.437771 0.895776 0.077087
vn -0.541309 0.832598 0.117327
vn -0.636897 0.755042 0.155797
vn -0.723296 0.663274 0.192123
vn -0.796925 0.560650 0.224905
vn -0.857323 0.447748 0.254005
vn -0.903473 0.325349 0.279079
vn -0.933367 0.198356 0.299134
vn -0.945151 0.100107 0.310916
vn -0.947501 -0.000013 0.319754
vn -0.937032 -0.002911 0.349232
vn -0.014596 0.997761 -0.065274
vn -0.170832 0.985290 -0.004404
vn -0.322723 0.944825 0.056168
vn -0.434510 0.894898 0.101773
vn -0.536890 0.831181 0.144523
vn -0.631324 0.753117 0.185056
vn -0.716590 0.660901 0.222954
vn -0.789171 0.557929 0.256756
vn -0.848634 0.444794 0.286319
vn -0.894001 0.322281 0.311282
vn -0.923322 0.195288 0.330664
vn -0.934824 0.097102 0.341577
f 2841//2841 2827//2827 2828//2828
f 2842//2842 2828//2828 2829//2829
f 2842//2842 2841//2841 2828//2828
f 2843//2843 2842//2842 2829//2829
f 2844//2844 2829//2829 2830//2830
f 2844//2844 2843//2843 2829//2829
f 2845//2845 2830//2830 2831//2831
f 2845//2845 2844//2844 2830//2830
f 2846//2846 2831//2831 2832//2832
f 2846//2846 2845//2845 2831//2831
f 2847//2847 2832//2832 2833//2833
f 2847//2847 2846//2846 2832//2832
f 2848//2848 2833//2833 2834//2834
f 2848//2848 2847//2847 2833//2833
f 2849//2849 2834//2834 2835//2835
f 2849//2849 2848//2848 2834//2834
f 2850//2850 2835//2835 2836//2836
f 2850//2850 2849//2849 2835//2835
f 2851//2851 2836//2836 2837//2837
f 2851//2851 2850//2850 2836//2836
f 2852//2852 2837//2837 2838//2838
f 2852//2852 2851//2851 2837//2837
f 2840//2840 2838//2838 2839//2839
f 2840//2840 2852//2852 2838//2838
v 337.335754 369.223724 934.620667
v 303.852386 369.223724 940.524719
v 305.343811 369.543762 944.687378
v 338.683197 369.594208 938.002258
vn -0.018752 0.994154 -0.106333
vn -0.013694 0.996884 -0.077678
vn -0.014596 0.997761 -0.065274
vn -0.020809 0.995139 -0.096255
f 2855//2855 2853//2853 2854//2854
f 2855//2855 2856//2856 2853//2853
v 349.153503 357.632568 932.536865
v 349.051636 359.146912 932.554871
v 348.749512 360.635162 932.608093
v 348.252502 362.071716 932.695740
v 347.567535 363.431549 932.816528
v 346.707947 364.692291 932.968079
v 345.688660 365.832214 933.147827
v 344.525818 366.830841 933.352844
v 343.240417 367.672485 933.579529
v 341.854767 368.342773 933.823853
v 340.391724 368.828857 934.081848
v 338.876709 369.124176 934.348938
v 337.335754 369.223724 934.620667
v 338.683197 369.594208 938.002258
v 350.401520 358.005280 935.416016
v 350.306427 359.521515 935.466003
v 350.011871 361.011322 935.555420
v 349.523010 362.449036 935.682739
v 348.846710 363.809662 935.846130
v 347.996094 365.070831 936.042419
v 346.985962 366.210754 936.268188
v 345.832306 367.208954 936.519897
v 344.555969 368.049805 936.792969
v 343.179077 368.718933 937.082764
v 341.724365 369.203430 937.384399
v 340.217102 369.496857 937.692627
vn 0.924036 -0.000012 -0.382306
vn 0.910396 0.132002 -0.392116
vn 0.881403 0.259652 -0.394600
vn 0.837368 0.383020 -0.390014
vn 0.779515 0.499015 -0.378603
vn 0.709689 0.605024 -0.360954
vn 0.627898 0.701403 -0.337309
vn 0.536081 0.785840 -0.308338
vn 0.436604 0.856612 -0.274942
vn 0.329179 0.913989 -0.237205
vn 0.216199 0.956470 -0.196016
vn 0.100334 0.983211 -0.152412
vn -0.018752 0.994154 -0.106333
vn -0.020809 0.995139 -0.096255
vn 0.911718 0.004195 -0.410796
vn 0.897864 0.136013 -0.418736
vn 0.868957 0.263383 -0.418979
vn 0.825291 0.386420 -0.411793
vn 0.768066 0.502073 -0.397488
vn 0.699079 0.607759 -0.376720
vn 0.618307 0.703844 -0.349713
vn 0.527638 0.788024 -0.317201
vn 0.429382 0.858572 -0.280152
vn 0.323237 0.915738 -0.238626
vn 0.211556 0.958002 -0.193586
vn 0.096982 0.984497 -0.146152
f 2871//2871 2857//2857 2858//2858
f 2872//2872 2858//2858 2859//2859
f 2872//2872 2871//2871 2858//2858
f 2873//2873 2859//2859 2860//2860
f 2873//2873 2872//2872 2859//2859
f 2874//2874 2860//2860 2861//2861
f 2874//2874 2873//2873 2860//2860
f 2875//2875 2861//2861 2862//2862
f 2875//2875 2874//2874 2861//2861
f 2876//2876 2862//2862 2863//2863
f 2876//2876 2875//2875 2862//2862
f 2877//2877 2863//2863 2864//2864
f 2877//2877 2876//2876 2863//2863
f 2878//2878 2864//2864 2865//2865
f 2878//2878 2877//2877 2864//2864
f 2879//2879 2865//2865 2866//2866
f 2879//2879 2878//2878 2865//2865
f 2880//2880 2866//2866 2867//2867
f 2880//2880 2879//2879 2866//2866
f 2881//2881 2867//2867 2868//2868
f 2881//2881 2880//2880 2867//2867
f 2882//2882 2868//2868 2869//2869
f 2882//2882 2881//2881 2868//2868
f 2870//2870 2882//2882 2869//2869
v 350.377228 352.201965 935.302612
v 350.401520 358.005280 935.416016
v 358.226471 359.554047 950.552490
v 368.144135 360.164825 966.829590
v 379.187653 359.231781 984.078003
v 378.683197 353.514648 981.889648
v 358.041412 353.717590 949.793579
v 367.775085 354.344360 965.355652
vn 0.908424 0.004374 -0.418027
vn 0.911718 0.004195 -0.410796
vn 0.866119 0.037342 -0.498441
vn 0.841400 0.081907 -0.534170
vn 0.843385 0.125546 -0.522437
vn 0.834967 0.130928 -0.534497
vn 0.860670 0.038740 -0.507688
vn 0.834193 0.085096 -0.544867
f 2889//2889 2883//2883 2884//2884
f 2885//2885 2889//2889 2884//2884
f 2890//2890 2889//2889 2885//2885
f 2886//2886 2890//2890 2885//2885
f 2888//2888 2890//2890 2886//2886
f 2887//2887 2888//2888 2886//2886
v 366.076019 341.205414 980.835083
v 368.071320 341.523407 980.332336
v 370.038239 342.166992 979.972351
v 371.481873 342.866089 979.801270
v 372.829712 343.717712 979.723267
v 374.083069 344.716522 979.735718
v 375.220123 345.847198 979.839233
v 376.222443 347.091003 980.032043
v 377.074127 348.426544 980.310303
v 377.759674 349.832275 980.670105
v 378.267883 351.285095 981.105591
v 378.529724 352.398682 981.479919
v 378.683197 353.514648 981.889648
v 387.573792 351.388275 995.830566
v 395.941071 347.546356 1010.504211
v 383.153076 335.932129 1006.330750
v 384.713043 336.144257 1006.112854
v 386.261841 336.534943 1006.005249
v 387.772827 337.097565 1006.009766
v 389.219849 337.824036 1006.127380
v 390.578857 338.700714 1006.355103
v 391.826355 339.712646 1006.689148
v 392.940002 340.843689 1007.124817
v 393.901947 342.073669 1007.653809
v 394.695526 343.381439 1008.267029
v 395.305542 344.745270 1008.954773
v 395.723175 346.141602 1009.704834
v 375.374359 339.098114 994.123779
v 374.978058 341.417694 986.619873
v 381.710419 347.956818 987.041565
v 382.057312 348.653534 987.259216
v 383.184631 338.584991 999.661316
v 383.931793 338.895813 999.646484
v 390.580841 345.452606 1001.010132
v 378.896851 344.112061 986.402771
v 383.688904 343.140808 993.292969
v 379.799591 340.367706 993.249084
v 386.427338 347.007202 994.211792
v 387.838593 341.637024 999.885437
vn 0.035944 -0.990169 -0.135177
vn 0.181527 -0.955641 -0.231946
vn 0.321857 -0.890647 -0.321179
vn 0.423446 -0.821103 -0.382732
vn 0.514582 -0.738859 -0.435077
vn 0.596516 -0.643952 -0.479056
vn 0.668297 -0.537597 -0.514168
vn 0.727403 -0.424410 -0.539223
vn 0.774070 -0.305318 -0.554613
vn 0.808108 -0.181240 -0.560459
vn 0.828668 -0.056867 -0.556845
vn 0.835540 0.036972 -0.548184
vn 0.834967 0.130928 -0.534497
vn 0.856396 0.158565 -0.491369
vn 0.894591 0.168424 -0.413933
vn 0.020069 -0.951562 -0.306802
vn 0.140077 -0.919596 -0.367045
vn 0.256938 -0.870681 -0.419401
vn 0.370019 -0.805193 -0.463411
vn 0.475809 -0.725287 -0.497559
vn 0.571434 -0.633984 -0.521082
vn 0.656944 -0.531965 -0.534263
vn 0.730250 -0.422337 -0.536997
vn 0.790095 -0.308339 -0.529789
vn 0.837029 -0.189876 -0.513156
vn 0.870185 -0.069714 -0.487768
vn 0.889306 0.049493 -0.454627
vn 0.029364 -0.974174 -0.223881
vn 0.341128 -0.864804 -0.368437
vn 0.789608 -0.253963 -0.558589
vn 0.806974 -0.192182 -0.558443
vn 0.312349 -0.854309 -0.415444
vn 0.367108 -0.819602 -0.439868
vn 0.820633 -0.198508 -0.535870
vn 0.616270 -0.602279 -0.507417
vn 0.638484 -0.561088 -0.526800
vn 0.364567 -0.834793 -0.412566
vn 0.807526 -0.211035 -0.550787
vn 0.646868 -0.545195 -0.533220
f 2919//2919 2891//2891 2892//2892
f 2919//2919 2892//2892 2893//2893
f 2919//2919 2893//2893 2894//2894
f 2919//2919 2894//2894 2895//2895
f 2919//2919 2918//2918 2891//2891
f 2920//2920 2898//2898 2899//2899
f 2920//2920 2899//2899 2900//2900
f 2921//2921 2900//2900 2901//2901
f 2921//2921 2901//2901 2902//2902
f 2921//2921 2902//2902 2903//2903
f 2921//2921 2903//2903 2904//2904
f 2921//2921 2920//2920 2900//2900
f 2922//2922 2907//2907 2906//2906
f 2922//2922 2908//2908 2907//2907
f 2922//2922 2909//2909 2908//2908
f 2922//2922 2906//2906 2918//2918
f 2923//2923 2910//2910 2909//2909
f 2923//2923 2911//2911 2910//2910
f 2923//2923 2909//2909 2922//2922
f 2924//2924 2904//2904 2905//2905
f 2924//2924 2915//2915 2914//2914
f 2924//2924 2916//2916 2915//2915
f 2924//2924 2917//2917 2916//2916
f 2924//2924 2905//2905 2917//2917
f 2925//2925 2895//2895 2896//2896
f 2925//2925 2896//2896 2897//2897
f 2925//2925 2897//2897 2898//2898
f 2925//2925 2919//2919 2895//2895
f 2925//2925 2926//2926 2919//2919
f 2925//2925 2898//2898 2920//2920
f 2927//2927 2922//2922 2918//2918
f 2927//2927 2918//2918 2919//2919
f 2927//2927 2919//2919 2926//2926
f 2927//2927 2923//2923 2922//2922
f 2928//2928 2921//2921 2904//2904
f 2928//2928 2920//2920 2921//2921
f 2928//2928 2926//2926 2925//2925
f 2928//2928 2924//2924 2926//2926
f 2928//2928 2904//2904 2924//2924
f 2928//2928 2925//2925 2920//2920
f 2929//2929 2912//2912 2911//2911
f 2929//2929 2913//2913 2912//2912
f 2929//2929 2914//2914 2913//2913
f 2929//2929 2924//2924 2914//2914
f 2929//2929 2926//2926 2924//2924
f 2929//2929 2911//2911 2923//2923
f 2929//2929 2927//2927 2926//2926
f 2929//2929 2923//2923 2927//2927
v 305.222290 340.526978 944.120483
v 338.561737 340.577454 937.435364
v 346.114868 341.804718 951.558289
v 355.535919 342.128235 965.963623
v 366.076019 341.205414 980.835083
v 333.214478 338.726563 990.248108
v 313.371735 341.125061 960.859070
v 322.949585 340.498901 976.038269
vn 0.014619 -0.997755 0.065358
vn 0.022064 -0.994486 0.102524
vn 0.031673 -0.998756 0.038516
vn 0.037051 -0.998446 -0.041634
vn 0.035967 -0.990166 -0.135193
vn 0.021977 -0.983023 -0.182163
vn 0.017251 -0.999775 -0.012341
vn 0.020182 -0.995207 -0.095682
f 2932//2932 2930//2930 2931//2931
f 2932//2932 2936//2936 2930//2930
f 2932//2932 2937//2937 2936//2936
f 2933//2933 2935//2935 2937//2937
f 2933//2933 2937//2937 2932//2932
f 2934//2934 2935//2935 2933//2933
v 293.503967 352.115906 946.706726
v 293.599060 350.599670 946.656738
v 293.893616 349.109863 946.567322
v 294.382477 347.672150 946.439941
v 295.058807 346.311523 946.276611
v 295.909393 345.050385 946.080322
v 296.919525 343.910431 945.854492
v 298.073181 342.912231 945.602783
v 299.349518 342.071381 945.329712
v 300.726410 341.402283 945.039978
v 302.181122 340.917755 944.738342
v 303.688385 340.624329 944.430054
v 304.453613 340.550842 944.275085
v 305.222290 340.526978 944.120483
v 313.371735 341.125061 960.859070
v 322.949585 340.498901 976.038269
v 333.214478 338.726563 990.248108
v 322.625122 349.286041 997.947144
v 322.624237 347.342834 997.149231
v 322.963989 345.482849 996.277283
v 323.447052 344.155823 995.578857
v 324.102844 342.950317 994.875427
v 324.925507 341.863983 994.168091
v 325.902557 340.915924 993.468506
v 327.017670 340.121399 992.788147
v 328.251282 339.492432 992.138184
v 329.583710 339.040802 991.529724
v 330.992981 338.773682 990.972595
v 332.093781 338.696045 990.591309
v 302.185364 352.558197 965.659607
v 312.186523 351.564972 982.541931
v 295.933167 347.881805 950.321899
v 298.441376 344.120941 949.605225
v 299.292358 348.112610 957.765747
v 302.219940 341.618317 948.658936
v 301.740204 344.360168 956.797546
v 305.462189 341.878113 955.612000
v 306.763153 347.877899 971.560364
v 312.715240 341.759796 968.561584
v 301.078857 348.137970 961.341309
v 304.822083 348.018616 968.232239
v 307.190948 341.925568 958.959595
v 310.824524 341.864594 965.428284
v 309.740875 347.570526 976.422607
v 315.625092 341.514038 973.151245
v 317.842773 346.487061 988.852539
v 323.421204 340.455383 984.972473
v 303.496155 344.393097 960.252991
v 305.311798 344.370941 963.623413
v 307.179718 344.295685 966.915161
v 309.092560 344.169403 970.134705
v 312.031067 343.887909 974.841248
v 312.780731 347.150513 981.141846
v 315.036407 343.498566 979.414063
v 318.607727 341.163727 977.622009
v 319.948853 342.823792 986.912720
vn -0.935702 -0.002962 0.352779
vn -0.923828 -0.136548 0.357626
vn -0.895747 -0.265906 0.356273
vn -0.851783 -0.390907 0.348794
vn -0.793228 -0.508216 0.335418
vn -0.722109 -0.615046 0.316667
vn -0.638674 -0.711692 0.292558
vn -0.545099 -0.795827 0.263679
vn -0.443967 -0.865805 0.230814
vn -0.335150 -0.922012 0.193824
vn -0.221147 -0.963086 0.153489
vn -0.104669 -0.988322 0.110738
vn -0.045400 -0.995050 0.088393
vn 0.014619 -0.997755 0.065358
vn 0.017251 -0.999775 -0.012341
vn 0.020182 -0.995207 -0.095682
vn 0.021977 -0.983023 -0.182163
vn -0.823043 -0.138236 0.550900
vn -0.804290 -0.297637 0.514325
vn -0.764209 -0.447868 0.464110
vn -0.719489 -0.555709 0.416561
vn -0.664887 -0.652574 0.363419
vn -0.599753 -0.740270 0.303804
vn -0.523991 -0.817883 0.237702
vn -0.439943 -0.882292 0.167364
vn -0.347666 -0.933004 0.092909
vn -0.247375 -0.968808 0.014750
vn -0.142742 -0.987693 -0.063932
vn -0.061344 -0.990482 -0.123215
vn -0.881594 -0.033261 0.470835
vn -0.841732 -0.081759 0.533669
vn -0.841505 -0.394017 0.369621
vn -0.631319 -0.714117 0.302444
vn -0.821485 -0.402500 0.403927
vn -0.331270 -0.923960 0.191200
vn -0.617216 -0.720312 0.316536
vn -0.323947 -0.928305 0.182506
vn -0.786456 -0.426567 0.446685
vn -0.311848 -0.937687 0.153276
vn -0.811998 -0.407721 0.417640
vn -0.794336 -0.419815 0.439074
vn -0.320602 -0.930625 0.176500
vn -0.314534 -0.935346 0.161856
vn -0.775816 -0.437428 0.454715
vn -0.308337 -0.941092 0.138829
vn -0.763685 -0.446068 0.466700
vn -0.323456 -0.940156 0.107162
vn -0.610647 -0.723967 0.320907
vn -0.604401 -0.727915 0.323787
vn -0.598563 -0.732120 0.325150
vn -0.593201 -0.736547 0.324977
vn -0.586042 -0.743507 0.322107
vn -0.766581 -0.448981 0.459096
vn -0.580005 -0.750676 0.316353
vn -0.305561 -0.944255 0.122534
vn -0.588426 -0.745423 0.313209
f 2969//2969 2938//2938 2939//2939
f 2969//2969 2939//2939 2940//2940
f 2969//2969 2940//2940 2941//2941
f 2969//2969 2941//2941 2942//2942
f 2969//2969 2942//2942 2943//2943
f 2970//2970 2943//2943 2944//2944
f 2970//2970 2944//2944 2945//2945
f 2970//2970 2945//2945 2946//2946
f 2970//2970 2969//2969 2943//2943
f 2971//2971 2967//2967 2938//2938
f 2971//2971 2938//2938 2969//2969
f 2971//2971 2969//2969 2970//2970
f 2972//2972 2946//2946 2947//2947
f 2972//2972 2947//2947 2948//2948
f 2972//2972 2948//2948 2949//2949
f 2972//2972 2949//2949 2950//2950
f 2972//2972 2950//2950 2951//2951
f 2972//2972 2970//2970 2946//2946
f 2973//2973 2971//2971 2970//2970
f 2974//2974 2951//2951 2952//2952
f 2974//2974 2972//2972 2951//2951
f 2974//2974 2970//2970 2972//2972
f 2974//2974 2973//2973 2970//2970
f 2975//2975 2968//2968 2967//2967
f 2976//2976 2952//2952 2953//2953
f 2977//2977 2967//2967 2971//2971
f 2978//2978 2967//2967 2977//2977
f 2978//2978 2975//2975 2967//2967
f 2979//2979 2973//2973 2974//2974
f 2979//2979 2974//2974 2952//2952
f 2980//2980 2979//2979 2952//2952
f 2980//2980 2952//2952 2976//2976
f 2981//2981 2968//2968 2975//2975
f 2982//2982 2976//2976 2953//2953
f 2983//2983 2956//2956 2955//2955
f 2983//2983 2957//2957 2956//2956
f 2983//2983 2958//2958 2957//2957
f 2983//2983 2959//2959 2958//2958
f 2983//2983 2955//2955 2968//2968
f 2984//2984 2953//2953 2954//2954
f 2984//2984 2963//2963 2962//2962
f 2984//2984 2964//2964 2963//2963
f 2984//2984 2965//2965 2964//2964
f 2984//2984 2966//2966 2965//2965
f 2984//2984 2954//2954 2966//2966
f 2985//2985 2973//2973 2979//2979
f 2985//2985 2977//2977 2971//2971
f 2985//2985 2971//2971 2973//2973
f 2986//2986 2985//2985 2979//2979
f 2986//2986 2978//2978 2977//2977
f 2986//2986 2977//2977 2985//2985
f 2986//2986 2979//2979 2980//2980
f 2987//2987 2978//2978 2986//2986
f 2987//2987 2976//2976 2988//2988
f 2987//2987 2986//2986 2980//2980
f 2987//2987 2975//2975 2978//2978
f 2987//2987 2988//2988 2975//2975
f 2987//2987 2980//2980 2976//2976
f 2989//2989 2976//2976 2982//2982
f 2989//2989 2988//2988 2976//2976
f 2989//2989 2975//2975 2988//2988
f 2989//2989 2981//2981 2975//2975
f 2990//2990 2989//2989 2991//2991
f 2990//2990 2981//2981 2989//2989
f 2990//2990 2983//2983 2968//2968
f 2990//2990 2968//2968 2981//2981
f 2992//2992 2989//2989 2982//2982
f 2992//2992 2991//2991 2989//2989
f 2992//2992 2953//2953 2984//2984
f 2992//2992 2984//2984 2991//2991
f 2992//2992 2982//2982 2953//2953
f 2993//2993 2991//2991 2984//2984
f 2993//2993 2960//2960 2959//2959
f 2993//2993 2961//2961 2960//2960
f 2993//2993 2962//2962 2961//2961
f 2993//2993 2983//2983 2990//2990
f 2993//2993 2990//2990 2991//2991
f 2993//2993 2959//2959 2983//2983
f 2993//2993 2984//2984 2962//2962
usemtl mat_1
v 312.000000 229.000000 483.000000
v 312.000000 87.000000 483.000000
v 176.453796 87.000000 798.826355
v 156.979294 87.000000 774.582886
v 141.791595 87.000000 747.447388
v 131.310684 87.000000 718.170227
v 125.826401 87.000000 687.561035
v 125.490387 87.000000 656.466187
v 130.311935 87.000000 625.745605
v 140.157730 87.000000 596.248840
v 154.755508 87.000000 568.791443
v 173.701569 87.000000 544.132813
v 196.472015 87.000000 522.954834
v 222.437164 87.000000 505.843079
v 250.879013 87.000000 493.270752
v 281.011047 87.000000 485.585571
v 176.453796 283.128540 798.826355
v 163.154831 273.605927 783.199463
v 152.546722 265.910706 767.691589
v 152.546722 126.000000 767.691589
v 139.166901 126.000000 741.398315
v 130.088791 126.000000 713.327942
v 125.538338 126.000000 684.179199
v 125.628807 126.000000 654.677490
v 130.357941 126.000000 625.557190
v 139.608047 126.000000 597.543030
v 153.148865 126.000000 571.332275
v 170.643417 126.000000 547.577332
v 170.643417 259.000000 547.577332
v 174.310562 259.000000 543.466919
v 178.097183 259.000000 539.466370
v 182.000000 259.000000 535.579041
v 206.447159 253.358383 515.637939
v 233.825317 247.040237 500.124390
v 256.579773 241.789261 491.400879
v 279.419556 236.518570 485.859619
v 295.655487 232.771820 483.715485
vn 0.000000 0.000000 -1.000000
vn -0.000000 -0.000000 -1.000000
vn -0.724846 0.000000 0.688911
vn -0.828988 0.000000 0.559267
vn -0.910205 0.000000 0.414157
vn -0.966253 0.000000 0.257595
vn -0.995581 0.000000 0.093909
vn -0.997378 -0.000000 -0.072373
vn -0.971594 -0.000000 -0.236654
vn -0.918943 -0.000000 -0.394391
vn -0.840880 -0.000000 -0.541222
vn -0.739564 -0.000000 -0.673086
vn -0.617797 -0.000000 -0.786338
vn -0.478946 -0.000000 -0.877845
vn -0.326850 -0.000000 -0.945076
vn -0.165716 -0.000000 -0.986173
vn -0.724846 0.000000 0.688911
vn -0.795963 0.000000 0.605345
vn -0.852691 0.000000 0.522415
vn -0.852691 0.000000 0.522415
vn -0.924241 0.000000 0.381809
vn -0.972787 0.000000 0.231700
vn -0.997121 0.000000 0.075824
vn -0.996637 -0.000000 -0.081939
vn -0.971348 -0.000000 -0.237662
vn -0.921882 -0.000000 -0.387470
vn -0.849471 -0.000000 -0.527635
vn -0.755918 -0.000000 -0.654667
vn -0.755918 -0.000000 -0.654667
vn -0.736307 -0.000000 -0.676647
vn -0.716058 -0.000000 -0.698041
vn -0.695187 -0.000000 -0.718829
vn -0.564453 -0.000000 -0.825465
vn -0.418046 -0.000000 -0.908426
vn -0.296365 -0.000000 -0.955075
vn -0.174227 -0.000000 -0.984706
vn -0.087404 -0.000000 -0.996173
f 2996//2996 3010//3010 3011//3011
f 3013//3013 3011//3011 3012//3012
f 3013//3013 2996//2996 3011//3011
f 2997//2997 2996//2996 3013//3013
f 2998//2998 3013//3013 3014//3014
f 2998//2998 2997//2997 3013//3013
f 2999//2999 3014//3014 3015//3015
f 2999//2999 2998//2998 3014//3014
f 3000//3000 3015//3015 3016//3016
f 3000//3000 2999//2999 3015//3015
f 3001//3001 3016//3016 3017//3017
f 3001//3001 3000//3000 3016//3016
f 3002//3002 3017//3017 3018//3018
f 3002//3002 3001//3001 3017//3017
f 3019//3019 3002//3002 3018//3018
f 3003//3003 3002//3002 3019//3019
f 3020//3020 3003//3003 3019//3019
f 3004//3004 3003//3003 3020//3020
f 3021//3021 3022//3022 3023//3023
f 3021//3021 3023//3023 3024//3024
f 3021//3021 3024//3024 3025//3025
f 3021//3021 3004//3004 3020//3020
f 3005//3005 3004//3004 3021//3021
f 3006//3006 3025//3025 3026//3026
f 3006//3006 3021//3021 3025//3025
f 3006//3006 3005//3005 3021//3021
f 3007//3007 3026//3026 3027//3027
f 3007//3007 3006//3006 3026//3026
f 3008//3008 3027//3027 3028//3028
f 3008//3008 3007//3007 3027//3027
f 3009//3009 3008//3008 3028//3028
f 3009//3009 3028//3028 3029//3029
f 3009//3009 3029//3029 3030//3030
f 2995//2995 3009//3009 3030//3030
f 2995//2995 3030//3030 2994//2994
v 499.000000 87.000000 922.648987
v 247.332733 87.000000 922.648987
v 230.442673 87.000000 877.754272
v 206.613297 87.000000 836.125305
v 176.453796 87.000000 798.826355
v 156.979294 87.000000 774.582886
v 141.791595 87.000000 747.447388
v 131.310684 87.000000 718.170227
v 125.826401 87.000000 687.561035
v 125.490387 87.000000 656.466187
v 130.311935 87.000000 625.745605
v 140.157730 87.000000 596.248840
v 154.755508 87.000000 568.791443
v 173.701569 87.000000 544.132813
v 196.472015 87.000000 522.954834
v 222.437164 87.000000 505.843079
v 250.879013 87.000000 493.270752
v 281.011047 87.000000 485.585571
v 312.000000 87.000000 483.000000
v 344.472198 87.000000 485.840942
v 375.957764 87.000000 494.277466
v 405.500000 87.000000 508.053253
v 432.201294 87.000000 526.749695
v 455.250305 87.000000 549.798706
v 473.946747 87.000000 576.500000
v 487.722534 87.000000 606.042236
v 496.159058 87.000000 637.527771
v 499.000000 87.000000 670.000000
v 499.000000 87.000000 690.000000
v 415.107727 87.000000 901.583801
v 442.983246 87.000000 887.038330
v 459.408295 87.000000 876.235413
v 474.946655 87.000000 864.192261
v 429.308746 87.000000 809.803101
v 415.806213 87.000000 820.101685
v 401.404877 87.000000 829.100647
v 386.229431 87.000000 836.722046
vn 0.000000 -1.000000 0.000000
vn 0.000000 -1.000000 0.000000
vn 0.000000 -1.000000 0.000000
vn 0.000000 -1.000000 0.000000
vn 0.000000 -1.000000 0.000000
vn 0.000000 -1.000000 0.000000
vn 0.000000 -1.000000 0.000000
vn 0.000000 -1.000000 0.000000
vn 0.000000 -1.000000 0.000000
vn 0.000000 -1.000000 0.000000
vn 0.000000 -1.000000 0.000000
vn 0.000000 -1.000000 0.000000
vn 0.000000 -1.000000 0.000000
vn 0.000000 -1.000000 0.000000
vn 0.000000 -1.000000 0.000000
vn 0.000000 -1.000000 0.000000
vn 0.000000 -1.000000 0.000000
vn 0.000000 -1.000000 0.000000
vn 0.000000 -1.000000 0.000000
vn 0.000000 -1.000000 0.000000
vn 0.000000 -1.000000 0.000000
vn 0.000000 -1.000000 0.000000
vn 0.000000 -1.000000 0.000000
vn 0.000000 -1.000000 0.000000
vn 0.000000 -1.000000 0.000000
vn 0.000000 -1.000000 0.000000
vn 0.000000 -1.000000 0.000000
vn 0.000000 -1.000000 0.000000
vn 0.000000 -1.000000 0.000000
vn 0.000000 -1.000000 0.000000
vn 0.000000 -1.000000 0.000000
vn 0.000000 -1.000000 0.000000
vn 0.000000 -1.000000 0.000000
vn 0.000000 -1.000000 0.000000
vn 0.000000 -1.000000 0.000000
vn 0.000000 -1.000000 0.000000
vn 0.000000 -1.000000 0.000000
f 3067//3067 3032//3032 3033//3033
f 3067//3067 3033//3033 3034//3034
f 3067//3067 3034//3034 3035//3035
f 3067//3067 3035//3035 3036//3036
f 3067//3067 3036//3036 3037//3037
f 3067//3067 3037//3037 3038//3038
f 3067//3067 3038//3038 3039//3039
f 3067//3067 3039//3039 3040//3040
f 3067//3067 3040//3040 3041//3041
f 3067//3067 3041//3041 3042//3042
f 3067//3067 3060//3060 3032//3032
f 3031//3031 3060//3060 3061//3061
f 3031//3031 3032//3032 3060//3060
f 3062//3062 3031//3031 3061//3061
f 3043//3043 3067//3067 3042//3042
f 3063//3063 3031//3031 3062//3062
f 3064//3064 3065//3065 3066//3066
f 3064//3064 3066//3066 3067//3067
f 3044//3044 3067//3067 3043//3043
f 3045//3045 3067//3067 3044//3044
f 3046//3046 3064//3064 3067//3067
f 3046//3046 3067//3067 3045//3045
f 3047//3047 3064//3064 3046//3046
f 3048//3048 3064//3064 3047//3047
f 3059//3059 3063//3063 3064//3064
f 3059//3059 3031//3031 3063//3063
f 3049//3049 3064//3064 3048//3048
f 3058//3058 3059//3059 3064//3064
f 3050//3050 3064//3064 3049//3049
f 3057//3057 3058//3058 3064//3064
f 3051//3051 3064//3064 3050//3050
f 3056//3056 3057//3057 3064//3064
f 3052//3052 3064//3064 3051//3051
f 3055//3055 3056//3056 3064//3064
f 3053//3053 3064//3064 3052//3052
f 3054//3054 3055//3055 3064//3064
f 3054//3054 3064//3064 3053//3053
v 247.332733 87.000000 922.648987
v 253.810333 87.620964 949.940002
v 257.705383 89.527008 977.659058
v 259.000000 92.747726 1005.499634
v 499.000000 87.000000 922.648987
v 500.382629 101.932388 1055.674805
v 499.428040 91.622551 996.983948
v 499.107117 88.156670 959.886841
v 259.000000 101.932388 1055.674805
vn 0.000000 -1.000000 0.000000
vn 0.000000 -0.998965 0.045485
vn 0.000000 -0.995788 0.091684
vn 0.000000 -0.990420 0.138084
vn 0.000000 -1.000000 0.000000
vn 0.000000 -0.975113 0.221710
vn 0.000000 -0.992296 0.123892
vn 0.000000 -0.998072 0.062063
vn 0.000000 -0.975113 0.221710
f 3069//3069 3068//3068 3072//3072
f 3069//3069 3072//3072 3075//3075
f 3070//3070 3075//3075 3074//3074
f 3070//3070 3069//3069 3075//3075
f 3071//3071 3074//3074 3073//3073
f 3071//3071 3070//3070 3074//3074
f 3076//3076 3071//3071 3073//3073
v 507.617371 180.067612 1399.325195
v 500.382629 101.932388 1055.674805
v 254.642487 180.067612 1399.325195
v 259.000000 162.336472 1321.340942
v 259.000000 101.932388 1055.674805
vn 0.000000 -0.975113 0.221710
vn 0.000000 -0.975113 0.221710
vn 0.000000 -0.975113 0.221710
vn 0.000000 -0.975113 0.221710
vn 0.000000 -0.975113 0.221710
f 3077//3077 3079//3079 3080//3080
f 3078//3078 3080//3080 3081//3081
f 3078//3078 3077//3077 3080//3080
v 508.584900 190.516953 1459.142090
v 507.617371 180.067612 1399.325195
v 254.642487 180.067612 1399.325195
v 248.199493 188.435333 1443.833740
v 238.793259 193.382462 1488.317383
v 226.438934 195.000000 1532.351074
v 251.023895 195.000000 1532.351074
v 248.052139 194.910492 1521.987305
v 266.311951 193.435165 1489.045654
v 289.067474 193.208862 1486.013550
v 312.000000 193.128632 1484.999756
v 323.741211 193.149582 1485.265259
v 317.959808 195.000000 1532.351074
v 500.473969 195.000000 1532.351074
vn -0.000000 -0.992528 0.122015
vn -0.000000 -0.975113 0.221710
vn -0.000000 -0.975113 0.221710
vn -0.000000 -0.989058 0.147529
vn -0.000000 -0.997303 0.073389
vn -0.000000 -1.000000 0.000000
vn -0.000000 -1.000000 0.000000
vn -0.000000 -0.999851 0.017273
vn -0.000000 -0.997392 0.072176
vn -0.000000 -0.997013 0.077229
vn -0.000000 -0.996881 0.078919
vn -0.000000 -0.996916 0.078476
vn -0.000000 -1.000000 0.000000
vn -0.000000 -1.000000 0.000000
f 3090//3090 3086//3086 3085//3085
f 3091//3091 3090//3090 3085//3085
f 3089//3089 3087//3087 3086//3086
f 3089//3089 3086//3086 3090//3090
f 3092//3092 3091//3091 3085//3085
f 3093//3093 3085//3085 3084//3084
f 3093//3093 3092//3092 3085//3085
f 3088//3088 3087//3087 3089//3089
f 3083//3083 3093//3093 3084//3084
f 3082//3082 3093//3093 3083//3083
f 3095//3095 3094//3094 3093//3093
f 3095//3095 3093//3093 3082//3082
v 317.959808 195.000000 1532.351074
v 500.473969 195.000000 1532.351074
v 483.754120 195.000000 1683.263428
v 450.897827 195.000000 1683.263428
v 312.000000 195.000000 1593.000000
v 336.913818 195.000000 1595.055664
v 361.153748 195.000000 1601.167114
v 384.064148 195.000000 1611.168945
v 405.025360 195.000000 1624.790649
v 423.470367 195.000000 1641.663818
v 438.900299 195.000000 1661.332153
v 173.102188 195.000000 1683.263428
v 185.099686 195.000000 1661.332153
v 200.529617 195.000000 1641.663818
v 218.974640 195.000000 1624.790649
v 239.935837 195.000000 1611.168945
v 262.846252 195.000000 1601.167114
v 287.086182 195.000000 1595.055664
v 160.063828 195.000000 1683.263428
v 169.069443 195.000000 1664.583252
v 165.805756 195.000000 1670.681519
v 162.802094 195.000000 1676.911987
v 191.210693 195.000000 1621.856567
v 210.364029 195.000000 1577.709595
v 226.438934 195.000000 1532.351074
v 251.023895 195.000000 1532.351074
v 261.282715 195.000000 1568.127808
v 312.000000 195.000000 1561.000000
v 289.221954 195.000000 1562.415405
v 275.141418 195.000000 1564.729492
v 314.440186 195.000000 1561.016235
vn 0.000000 -1.000000 0.000000
vn 0.000000 -1.000000 0.000000
vn 0.000000 -1.000000 0.000000
vn 0.000000 -1.000000 0.000000
vn 0.000000 -1.000000 0.000000
vn 0.000000 -1.000000 0.000000
vn 0.000000 -1.000000 0.000000
vn 0.000000 -1.000000 0.000000
vn 0.000000 -1.000000 0.000000
vn 0.000000 -1.000000 0.000000
vn 0.000000 -1.000000 0.000000
vn 0.000000 -1.000000 0.000000
vn 0.000000 -1.000000 0.000000
vn 0.000000 -1.000000 0.000000
vn 0.000000 -1.000000 0.000000
vn 0.000000 -1.000000 0.000000
vn 0.000000 -1.000000 0.000000
vn 0.000000 -1.000000 0.000000
vn 0.000000 -1.000000 0.000000
vn 0.000000 -1.000000 0.000000
vn 0.000000 -1.000000 0.000000
vn 0.000000 -1.000000 0.000000
vn 0.000000 -1.000000 0.000000
vn 0.000000 -1.000000 0.000000
vn 0.000000 -1.000000 0.000000
vn 0.000000 -1.000000 0.000000
vn 0.000000 -1.000000 0.000000
vn 0.000000 -1.000000 0.000000
vn 0.000000 -1.000000 0.000000
vn 0.000000 -1.000000 0.000000
vn 0.000000 -1.000000 0.000000
f 3107//3107 3114//3114 3117//3117
f 3116//3116 3107//3107 3117//3117
f 3115//3115 3107//3107 3116//3116
f 3108//3108 3107//3107 3115//3115
f 3118//3118 3109//3109 3108//3108
f 3118//3118 3108//3108 3115//3115
f 3110//3110 3109//3109 3118//3118
f 3119//3119 3111//3111 3110//3110
f 3119//3119 3110//3110 3118//3118
f 3122//3122 3112//3112 3111//3111
f 3122//3122 3113//3113 3112//3112
f 3122//3122 3111//3111 3119//3119
f 3120//3120 3122//3122 3119//3119
f 3125//3125 3113//3113 3122//3122
f 3121//3121 3122//3122 3120//3120
f 3124//3124 3100//3100 3113//3113
f 3124//3124 3113//3113 3125//3125
f 3123//3123 3100//3100 3124//3124
f 3126//3126 3101//3101 3100//3100
f 3126//3126 3100//3100 3123//3123
f 3102//3102 3101//3101 3126//3126
f 3096//3096 3103//3103 3102//3102
f 3096//3096 3102//3102 3126//3126
f 3098//3098 3099//3099 3106//3106
f 3097//3097 3104//3104 3103//3103
f 3097//3097 3105//3105 3104//3104
f 3097//3097 3106//3106 3105//3105
f 3097//3097 3098//3098 3106//3106
f 3097//3097 3103//3103 3096//3096
v 160.063828 195.000000 1683.263428
v 151.511215 211.155594 1711.245850
v 148.073746 227.803055 1740.080078
v 149.765594 244.500000 1769.000000
v 161.906693 244.500000 1769.000000
v 173.102188 195.000000 1683.263428
v 163.819748 211.093811 1711.138794
v 160.081970 227.762100 1740.009155
v 160.299820 236.152878 1754.542358
vn -0.000000 -0.866025 0.500000
vn -0.000000 -0.866025 0.500000
vn -0.000000 -0.866025 0.500000
vn -0.000000 -0.866025 0.500000
vn -0.000000 -0.866025 0.500000
vn -0.000000 -0.866025 0.500000
vn -0.000000 -0.866025 0.500000
vn -0.000000 -0.866025 0.500000
vn -0.000000 -0.866025 0.500000
f 3133//3133 3128//3128 3127//3127
f 3133//3133 3127//3127 3132//3132
f 3134//3134 3129//3129 3128//3128
f 3134//3134 3128//3128 3133//3133
f 3135//3135 3129//3129 3134//3134
f 3130//3130 3129//3129 3135//3135
f 3131//3131 3130//3130 3135//3135
v 149.765594 244.500000 1769.000000
v 155.573196 244.500000 1794.261108
v 165.288254 244.500000 1818.291626
v 178.668106 244.500000 1840.491333
v 195.378525 244.500000 1860.305786
v 215.002106 244.500000 1877.239990
v 237.048645 244.500000 1890.870850
v 260.967438 244.500000 1900.857910
v 286.160980 244.500000 1906.951660
v 312.000000 244.500000 1909.000000
v 337.839020 244.500000 1906.951660
v 363.032562 244.500000 1900.857910
v 386.951355 244.500000 1890.870850
v 408.997894 244.500000 1877.239990
v 428.621460 244.500000 1860.305786
v 445.331909 244.500000 1840.491333
v 458.711761 244.500000 1818.291626
v 468.426819 244.500000 1794.261108
v 474.234406 244.500000 1769.000000
v 462.093292 244.500000 1769.000000
v 312.000000 244.500000 1897.000000
v 335.753387 244.500000 1895.132568
v 358.923065 244.500000 1889.576050
v 380.939789 244.500000 1880.467041
v 401.262512 244.500000 1868.029297
v 419.391907 244.500000 1852.568481
v 434.882446 244.500000 1834.464478
v 447.353546 244.500000 1814.162231
v 456.498718 244.500000 1792.160522
v 161.906693 244.500000 1769.000000
v 167.501266 244.500000 1792.160522
v 176.646454 244.500000 1814.162231
v 189.117554 244.500000 1834.464478
v 204.608093 244.500000 1852.568481
v 222.737473 244.500000 1868.029297
v 243.060211 244.500000 1880.467041
v 265.076935 244.500000 1889.576050
v 288.246613 244.500000 1895.132568
vn 0.000000 -1.000000 -0.000000
vn 0.000000 -1.000000 -0.000000
vn 0.000000 -1.000000 -0.000000
vn 0.000000 -1.000000 -0.000000
vn 0.000000 -1.000000 -0.000000
vn 0.000000 -1.000000 -0.000000
vn 0.000000 -1.000000 -0.000000
vn 0.000000 -1.000000 -0.000000
vn 0.000000 -1.000000 -0.000000
vn 0.000000 -1.000000 -0.000000
vn 0.000000 -1.000000 -0.000000
vn 0.000000 -1.000000 -0.000000
vn 0.000000 -1.000000 -0.000000
vn 0.000000 -1.000000 -0.000000
vn 0.000000 -1.000000 -0.000000
vn 0.000000 -1.000000 -0.000000
vn 0.000000 -1.000000 -0.000000
vn 0.000000 -1.000000 -0.000000
vn 0.000000 -1.000000 -0.000000
vn 0.000000 -1.000000 -0.000000
vn 0.000000 -1.000000 -0.000000
vn 0.000000 -1.000000 -0.000000
vn 0.000000 -1.000000 -0.000000
vn 0.000000 -1.000000 -0.000000
vn 0.000000 -1.000000 -0.000000
vn 0.000000 -1.000000 -0.000000
vn 0.000000 -1.000000 -0.000000
vn 0.000000 -1.000000 -0.000000
vn 0.000000 -1.000000 -0.000000
vn 0.000000 -1.000000 -0.000000
vn 0.000000 -1.000000 -0.000000
vn 0.000000 -1.000000 -0.000000
vn 0.000000 -1.000000 -0.000000
vn 0.000000 -1.000000 -0.000000
vn 0.000000 -1.000000 -0.000000
vn 0.000000 -1.000000 -0.000000
vn 0.000000 -1.000000 -0.000000
vn 0.000000 -1.000000 -0.000000
f 3137//3137 3136//3136 3165//3165
f 3166//3166 3137//3137 3165//3165
f 3138//3138 3137//3137 3166//3166
f 3167//3167 3138//3138 3166//3166
f 3139//3139 3138//3138 3167//3167
f 3168//3168 3139//3139 3167//3167
f 3140//3140 3139//3139 3168//3168
f 3169//3169 3140//3140 3168//3168
f 3141//3141 3169//3169 3170//3170
f 3141//3141 3140//3140 3169//3169
f 3142//3142 3170//3170 3171//3171
f 3142//3142 3141//3141 3170//3170
f 3143//3143 3171//3171 3172//3172
f 3143//3143 3142//3142 3171//3171
f 3144//3144 3172//3172 3173//3173
f 3144//3144 3143//3143 3172//3172
f 3145//3145 3173//3173 3156//3156
f 3145//3145 3144//3144 3173//3173
f 3157//3157 3145//3145 3156//3156
f 3146//3146 3145//3145 3157//3157
f 3158//3158 3146//3146 3157//3157
f 3153//3153 3155//3155 3154//3154
f 3153//3153 3164//3164 3155//3155
f 3147//3147 3158//3158 3159//3159
f 3147//3147 3146//3146 3158//3158
f 3152//3152 3163//3163 3164//3164
f 3152//3152 3164//3164 3153//3153
f 3148//3148 3159//3159 3160//3160
f 3148//3148 3147//3147 3159//3159
f 3151//3151 3163//3163 3152//3152
f 3151//3151 3162//3162 3163//3163
f 3149//3149 3160//3160 3161//3161
f 3149//3149 3148//3148 3160//3160
f 3150//3150 3149//3149 3161//3161
f 3150//3150 3162//3162 3151//3151
f 3150//3150 3161//3161 3162//3162
v 474.234406 244.500000 1769.000000
v 475.508301 237.970078 1757.689819
v 483.754120 195.000000 1683.263428
v 450.897827 195.000000 1683.263428
v 462.093292 244.500000 1769.000000
v 463.917847 227.761703 1740.008423
v 460.179993 211.093048 1711.137451
v 456.228943 202.942719 1697.020630
vn -0.000000 -0.866025 0.500000
vn -0.000000 -0.866025 0.500000
vn -0.000000 -0.866025 0.500000
vn -0.000000 -0.866025 0.500000
vn -0.000000 -0.866025 0.500000
vn -0.000000 -0.866025 0.500000
vn -0.000000 -0.866025 0.500000
vn -0.000000 -0.866025 0.500000
f 3176//3176 3181//3181 3177//3177
f 3180//3180 3181//3181 3176//3176
f 3179//3179 3180//3180 3176//3176
f 3175//3175 3178//3178 3179//3179
f 3175//3175 3179//3179 3176//3176
f 3174//3174 3178//3178 3175//3175
v 508.997955 195.000000 1455.414063
v 475.508301 326.500000 1757.689819
v 508.997955 194.977753 1455.414063
v 508.584900 190.516953 1459.142090
v 500.473969 195.000000 1532.351074
v 483.754120 195.000000 1683.263428
v 475.508301 237.970078 1757.689819
vn 0.993919 -0.000000 0.110118
vn 0.993919 -0.000000 0.110118
vn 0.993919 -0.000000 0.110118
vn 0.993919 -0.000000 0.110118
vn 0.993919 -0.000000 0.110118
vn 0.993919 -0.000000 0.110118
vn 0.993919 -0.000000 0.110118
f 3182//3182 3185//3185 3184//3184
f 3186//3186 3185//3185 3182//3182
f 3183//3183 3187//3187 3186//3186
f 3183//3183 3188//3188 3187//3187
f 3183//3183 3186//3186 3182//3182
v 508.997955 194.977753 1455.414063
v 508.997955 195.000000 1455.414063
v 509.000000 195.000000 1455.387451
vn 0.997002 -0.000000 0.077377
vn 0.997002 -0.000000 0.077377
vn 0.997002 -0.000000 0.077377
f 3191//3191 3190//3190 3189//3189
v 508.584900 190.516953 1459.142090
v 508.997955 194.977753 1455.414063
v 507.617371 180.067612 1399.325195
v 500.382629 101.932388 1055.674805
v 499.428040 91.622551 996.983948
v 499.107117 88.156670 959.886841
v 499.000000 87.000000 922.648987
v 499.000000 87.000000 690.000000
v 509.000000 195.000000 990.000000
v 509.000000 195.000000 1455.387451
vn 0.995741 -0.092198 0.000000
vn 0.995741 -0.092198 0.000000
vn 0.995741 -0.092198 0.000000
vn 0.995741 -0.092198 0.000000
vn 0.995741 -0.092198 0.000000
vn 0.995741 -0.092198 0.000000
vn 0.995741 -0.092198 0.000000
vn 0.995741 -0.092198 0.000000
vn 0.995741 -0.092198 0.000000
vn 0.995741 -0.092198 0.000000
f 3200//3200 3195//3195 3196//3196
f 3200//3200 3196//3196 3197//3197
f 3200//3200 3197//3197 3198//3198
f 3200//3200 3198//3198 3199//3199
f 3194//3194 3195//3195 3200//3200
f 3201//3201 3192//3192 3194//3194
f 3193//3193 3192//3192 3201//3201
f 3200//3200 3201//3201 3194//3194
v 499.000000 87.000000 690.000000
v 509.000000 195.000000 990.000000
v 502.489746 280.609650 794.692810
v 500.465637 243.605927 733.968689
v 499.000000 229.326019 690.000000
v 499.511230 231.777740 705.337036
v 500.003876 236.577621 720.116516
v 500.239349 239.823090 727.180725
vn 0.999445 -0.000000 -0.033315
vn 0.999445 -0.000000 -0.033315
vn 0.999445 -0.000000 -0.033315
vn 0.999445 -0.000000 -0.033315
vn 0.999445 -0.000000 -0.033315
vn 0.999445 -0.000000 -0.033315
vn 0.999445 -0.000000 -0.033315
vn 0.999445 -0.000000 -0.033315
f 3207//3207 3202//3202 3206//3206
f 3208//3208 3202//3202 3207//3207
f 3209//3209 3202//3202 3208//3208
f 3205//3205 3202//3202 3209//3209
f 3203//3203 3205//3205 3204//3204
f 3203//3203 3202//3202 3205//3205
v 476.000000 333.500000 902.500000
v 479.038849 333.500000 902.234131
v 481.985352 333.500000 901.444641
v 484.750000 333.500000 900.155457
v 487.248779 333.500000 898.405762
v 489.405792 333.500000 896.248779
v 491.155457 333.500000 893.750000
v 492.444611 333.500000 890.985352
v 493.234131 333.500000 888.038818
v 493.500000 333.500000 885.000000
v 458.500000 333.500000 885.000000
v 458.765869 333.500000 888.038818
v 459.555389 333.500000 890.985352
v 460.844543 333.500000 893.750000
v 462.594208 333.500000 896.248779
v 464.751221 333.500000 898.405762
v 467.250000 333.500000 900.155457
v 470.014648 333.500000 901.444641
v 472.961151 333.500000 902.234131
v 476.000000 333.500000 867.500000
v 472.961151 333.500000 867.765869
v 470.014648 333.500000 868.555359
v 467.250000 333.500000 869.844543
v 464.751221 333.500000 871.594238
v 462.594208 333.500000 873.751221
v 460.844543 333.500000 876.250000
v 459.555389 333.500000 879.014648
v 458.765869 333.500000 881.961182
v 478.991455 333.500000 867.757202
v 481.894684 333.500000 868.522095
v 484.624023 333.500000 869.772400
v 487.099487 333.500000 871.470886
v 489.248596 333.500000 873.567200
v 491.008148 333.500000 875.999634
v 492.326050 333.500000 878.696960
v 493.163055 333.500000 881.580200
v 493.415619 333.500000 883.281860
v 476.000000 333.500000 879.947021
v 476.790466 333.500000 880.009216
v 477.561462 333.500000 880.194336
v 478.294006 333.500000 880.497742
v 478.970093 333.500000 880.912048
v 479.572998 333.500000 881.427002
v 480.087952 333.500000 882.029907
v 480.502258 333.500000 882.705994
v 480.805695 333.500000 883.438538
v 480.990784 333.500000 884.209534
v 481.053009 333.500000 885.000000
v 470.946991 333.500000 885.000000
v 471.009216 333.500000 884.209534
v 471.194305 333.500000 883.438538
v 471.497742 333.500000 882.705994
v 471.912048 333.500000 882.029907
v 472.427002 333.500000 881.427002
v 473.029907 333.500000 880.912048
v 473.705994 333.500000 880.497742
v 474.438538 333.500000 880.194336
v 475.209534 333.500000 880.009216
v 476.000000 333.500000 890.052979
v 475.209534 333.500000 889.990784
v 474.438538 333.500000 889.805664
v 473.705994 333.500000 889.502258
v 473.029907 333.500000 889.087952
v 472.427002 333.500000 888.572998
v 471.912048 333.500000 887.970093
v 471.497742 333.500000 887.294006
v 471.194305 333.500000 886.561462
v 471.009216 333.500000 885.790466
v 480.990784 333.500000 885.790466
v 480.805695 333.500000 886.561462
v 480.502258 333.500000 887.294006
v 480.087952 333.500000 887.970093
v 479.572998 333.500000 888.572998
v 478.970093 333.500000 889.087952
v 478.294006 333.500000 889.502258
v 477.561462 333.500000 889.805664
v 476.790466 333.500000 889.990784
vn -0.000000 1.000000 -0.000000
vn -0.000000 1.000000 -0.000000
vn -0.000000 1.000000 -0.000000
vn -0.000000 1.000000 -0.000000
vn -0.000000 1.000000 -0.000000
vn -0.000000 1.000000 -0.000000
vn -0.000000 1.000000 -0.000000
vn -0.000000 1.000000 -0.000000
vn -0.000000 1.000000 -0.000000
vn -0.000000 1.000000 -0.000000
vn -0.000000 1.000000 -0.000000
vn -0.000000 1.000000 -0.000000
vn -0.000000 1.000000 -0.000000
vn -0.000000 1.000000 -0.000000
vn -0.000000 1.000000 -0.000000
vn -0.000000 1.000000 -0.000000
vn -0.000000 1.000000 -0.000000
vn -0.000000 1.000000 -0.000000
vn -0.000000 1.000000 -0.000000
vn -0.000000 1.000000 -0.000000
vn -0.000000 1.000000 -0.000000
vn -0.000000 1.000000 -0.000000
vn -0.000000 1.000000 -0.000000
vn -0.000000 1.000000 -0.000000
vn -0.000000 1.000000 -0.000000
vn -0.000000 1.000000 -0.000000
vn -0.000000 1.000000 -0.000000
vn -0.000000 1.000000 -0.000000
vn -0.000000 1.000000 -0.000000
vn -0.000000 1.000000 -0.000000
vn -0.000000 1.000000 -0.000000
vn -0.000000 1.000000 -0.000000
vn -0.000000 1.000000 -0.000000
vn -0.000000 1.000000 -0.000000
vn -0.000000 1.000000 -0.000000
vn -0.000000 1.000000 -0.000000
vn -0.000000 1.000000 -0.000000
vn -0.000000 1.000000 -0.000000
vn -0.000000 1.000000 -0.000000
vn -0.000000 1.000000 -0.000000
vn -0.000000 1.000000 -0.000000
vn -0.000000 1.000000 -0.000000
vn -0.000000 1.000000 -0.000000
vn -0.000000 1.000000 -0.000000
vn -0.000000 1.000000 -0.000000
vn -0.000000 1.000000 -0.000000
vn -0.000000 1.000000 -0.000000
vn -0.000000 1.000000 -0.000000
vn -0.000000 1.000000 -0.000000
vn -0.000000 1.000000 -0.000000
vn -0.000000 1.000000 -0.000000
vn -0.000000 1.000000 -0.000000
vn -0.000000 1.000000 -0.000000
vn -0.000000 1.000000 -0.000000
vn -0.000000 1.000000 -0.000000
vn -0.000000 1.000000 -0.000000
vn -0.000000 1.000000 -0.000000
vn -0.000000 1.000000 -0.000000
vn -0.000000 1.000000 -0.000000
vn -0.000000 1.000000 -0.000000
vn -0.000000 1.000000 -0.000000
vn -0.000000 1.000000 -0.000000
vn -0.000000 1.000000 -0.000000
vn -0.000000 1.000000 -0.000000
vn -0.000000 1.000000 -0.000000
vn -0.000000 1.000000 -0.000000
vn -0.000000 1.000000 -0.000000
vn -0.000000 1.000000 -0.000000
vn -0.000000 1.000000 -0.000000
vn -0.000000 1.000000 -0.000000
vn -0.000000 1.000000 -0.000000
vn -0.000000 1.000000 -0.000000
vn -0.000000 1.000000 -0.000000
vn -0.000000 1.000000 -0.000000
vn -0.000000 1.000000 -0.000000
vn -0.000000 1.000000 -0.000000
vn -0.000000 1.000000 -0.000000
f 3273//3273 3224//3224 3225//3225
f 3274//3274 3223//3223 3224//3224
f 3274//3274 3224//3224 3273//3273
f 3272//3272 3225//3225 3226//3226
f 3272//3272 3273//3273 3225//3225
f 3275//3275 3222//3222 3223//3223
f 3275//3275 3223//3223 3274//3274
f 3271//3271 3272//3272 3226//3226
f 3271//3271 3226//3226 3227//3227
f 3276//3276 3221//3221 3222//3222
f 3276//3276 3222//3222 3275//3275
f 3270//3270 3227//3227 3228//3228
f 3270//3270 3271//3271 3227//3227
f 3277//3277 3220//3220 3221//3221
f 3277//3277 3221//3221 3276//3276
f 3269//3269 3228//3228 3210//3210
f 3269//3269 3270//3270 3228//3228
f 3258//3258 3220//3220 3277//3277
f 3268//3268 3269//3269 3210//3210
f 3259//3259 3220//3220 3258//3258
f 3259//3259 3237//3237 3220//3220
f 3286//3286 3210//3210 3211//3211
f 3286//3286 3268//3268 3210//3210
f 3260//3260 3236//3236 3237//3237
f 3260//3260 3237//3237 3259//3259
f 3285//3285 3211//3211 3212//3212
f 3285//3285 3286//3286 3211//3211
f 3261//3261 3235//3235 3236//3236
f 3261//3261 3236//3236 3260//3260
f 3284//3284 3212//3212 3213//3213
f 3284//3284 3285//3285 3212//3212
f 3262//3262 3234//3234 3235//3235
f 3262//3262 3235//3235 3261//3261
f 3283//3283 3213//3213 3214//3214
f 3283//3283 3284//3284 3213//3213
f 3263//3263 3234//3234 3262//3262
f 3282//3282 3283//3283 3214//3214
f 3215//3215 3282//3282 3214//3214
f 3215//3215 3281//3281 3282//3282
f 3233//3233 3234//3234 3263//3263
f 3233//3233 3263//3263 3264//3264
f 3216//3216 3281//3281 3215//3215
f 3216//3216 3280//3280 3281//3281
f 3232//3232 3264//3264 3265//3265
f 3232//3232 3233//3233 3264//3264
f 3217//3217 3279//3279 3280//3280
f 3217//3217 3280//3280 3216//3216
f 3231//3231 3265//3265 3266//3266
f 3231//3231 3232//3232 3265//3265
f 3218//3218 3279//3279 3217//3217
f 3218//3218 3278//3278 3279//3279
f 3230//3230 3266//3266 3267//3267
f 3230//3230 3231//3231 3266//3266
f 3219//3219 3278//3278 3218//3218
f 3219//3219 3257//3257 3278//3278
f 3229//3229 3247//3247 3248//3248
f 3229//3229 3267//3267 3247//3247
f 3229//3229 3230//3230 3267//3267
f 3246//3246 3257//3257 3219//3219
f 3246//3246 3256//3256 3257//3257
f 3238//3238 3229//3229 3248//3248
f 3238//3238 3248//3248 3249//3249
f 3245//3245 3256//3256 3246//3246
f 3245//3245 3255//3255 3256//3256
f 3239//3239 3249//3249 3250//3250
f 3239//3239 3238//3238 3249//3249
f 3244//3244 3255//3255 3245//3245
f 3244//3244 3254//3254 3255//3255
f 3240//3240 3250//3250 3251//3251
f 3240//3240 3239//3239 3250//3250
f 3243//3243 3254//3254 3244//3244
f 3243//3243 3253//3253 3254//3254
f 3241//3241 3240//3240 3251//3251
f 3241//3241 3251//3251 3252//3252
f 3242//3242 3253//3253 3243//3243
f 3242//3242 3241//3241 3252//3252
f 3242//3242 3252//3252 3253//3253
usemtl mat_2
v 383.153076 335.932129 1006.330750
v 384.713043 336.144257 1006.112854
v 386.261841 336.534943 1006.005249
v 387.772827 337.097565 1006.009766
v 389.219849 337.824036 1006.127380
v 390.578857 338.700714 1006.355103
v 391.826355 339.712646 1006.689148
v 392.940002 340.843689 1007.124817
v 393.901947 342.073669 1007.653809
v 394.695526 343.381439 1008.267029
v 395.305542 344.745270 1008.954773
v 395.723175 346.141602 1009.704834
v 395.941071 347.546356 1010.504211
v 400.882996 343.822083 1020.744324
v 403.574280 340.949677 1027.336548
v 405.873383 337.621368 1034.070679
v 393.603271 327.232849 1027.822754
v 395.660461 327.438049 1027.826538
v 397.665070 327.931702 1028.029663
v 399.120331 328.494171 1028.315796
v 400.464966 329.194916 1028.703247
v 401.700714 330.029144 1029.188477
v 402.805939 330.984161 1029.764282
v 403.762695 332.044189 1030.421265
v 404.556000 333.190857 1031.147949
v 405.171143 334.405792 1031.932617
v 405.598145 335.668976 1032.762573
v 405.792328 336.642059 1033.410767
v 388.253082 332.699188 1015.568542
v 391.104279 330.182953 1021.591187
v 395.190918 331.727264 1020.457397
v 399.195007 334.139923 1021.558105
v 401.960846 337.592316 1023.506287
v 394.063385 332.783020 1017.969727
v 400.868927 338.725922 1020.896423
v 398.080505 335.234741 1019.002686
vn 0.020069 -0.951562 -0.306802
vn 0.140077 -0.919596 -0.367045
vn 0.256938 -0.870681 -0.419401
vn 0.370019 -0.805193 -0.463411
vn 0.475809 -0.725287 -0.497559
vn 0.571434 -0.633984 -0.521082
vn 0.656944 -0.531965 -0.534263
vn 0.730250 -0.422337 -0.536997
vn 0.790095 -0.308339 -0.529789
vn 0.837029 -0.189876 -0.513156
vn 0.870185 -0.069714 -0.487768
vn 0.889306 0.049493 -0.454627
vn 0.894591 0.168424 -0.413933
vn 0.926132 0.160792 -0.341211
vn 0.946303 0.148637 -0.287085
vn 0.965284 0.130141 -0.226474
vn 0.003549 -0.893157 -0.449730
vn 0.172069 -0.854109 -0.490806
vn 0.334818 -0.788988 -0.515165
vn 0.453069 -0.722657 -0.522010
vn 0.559772 -0.646293 -0.518614
vn 0.656596 -0.559779 -0.505499
vn 0.742624 -0.464047 -0.482877
vn 0.814897 -0.362992 -0.451863
vn 0.873675 -0.257150 -0.412996
vn 0.918655 -0.147077 -0.366662
vn 0.948475 -0.036743 -0.314713
vn 0.961150 0.046589 -0.272067
vn 0.012316 -0.929218 -0.369326
vn 0.007648 -0.912364 -0.409308
vn 0.376999 -0.777008 -0.504114
vn 0.681617 -0.518607 -0.516182
vn 0.876476 -0.192788 -0.441161
vn 0.375832 -0.781291 -0.498331
vn 0.869672 -0.190175 -0.455527
vn 0.677395 -0.519291 -0.521031
f 3315//3315 3287//3287 3288//3288
f 3315//3315 3288//3288 3289//3289
f 3315//3315 3289//3289 3290//3290
f 3315//3315 3290//3290 3291//3291
f 3304//3304 3303//3303 3316//3316
f 3305//3305 3304//3304 3316//3316
f 3300//3300 3295//3295 3296//3296
f 3300//3300 3296//3296 3297//3297
f 3300//3300 3297//3297 3298//3298
f 3300//3300 3298//3298 3299//3299
f 3313//3313 3312//3312 3301//3301
f 3314//3314 3313//3313 3301//3301
f 3302//3302 3314//3314 3301//3301
f 3317//3317 3306//3306 3305//3305
f 3317//3317 3307//3307 3306//3306
f 3317//3317 3305//3305 3316//3316
f 3318//3318 3308//3308 3307//3307
f 3318//3318 3309//3309 3308//3308
f 3318//3318 3310//3310 3309//3309
f 3318//3318 3307//3307 3317//3317
f 3319//3319 3311//3311 3310//3310
f 3319//3319 3312//3312 3311//3311
f 3319//3319 3310//3310 3318//3318
f 3319//3319 3301//3301 3312//3312
f 3320//3320 3291//3291 3292//3292
f 3320//3320 3316//3316 3315//3315
f 3320//3320 3315//3315 3291//3291
f 3320//3320 3317//3317 3316//3316
f 3320//3320 3318//3318 3317//3317
f 3321//3321 3300//3300 3301//3301
f 3321//3321 3319//3319 3318//3318
f 3321//3321 3301//3301 3319//3319
f 3321//3321 3295//3295 3300//3300
f 3322//3322 3292//3292 3293//3293
f 3322//3322 3293//3293 3294//3294
f 3322//3322 3294//3294 3295//3295
f 3322//3322 3321//3321 3318//3318
f 3322//3322 3320//3320 3292//3292
f 3322//3322 3318//3318 3320//3320
f 3322//3322 3295//3295 3321//3321
v 405.873383 337.621368 1034.070679
v 405.994995 342.648895 1037.477783
v 408.000000 337.960876 1045.675781
v 408.000000 332.993408 1042.310669
vn 0.965284 0.130141 -0.226474
vn 0.968789 0.122569 -0.215466
vn 0.986065 0.093292 -0.137738
vn 0.984260 0.099127 -0.146311
f 3326//3326 3323//3323 3324//3324
f 3325//3325 3326//3326 3324//3324
v 408.000000 332.993408 1042.310669
v 408.000000 337.960876 1045.675781
v 408.684998 335.521240 1049.569458
v 408.735657 330.564392 1046.255005
vn 0.984260 0.099127 -0.146311
vn 0.986065 0.093292 -0.137738
vn 0.991438 0.079423 -0.103646
vn 0.990255 0.084272 -0.110874
f 3329//3329 3327//3327 3328//3328
f 3329//3329 3330//3330 3327//3327
v 408.000000 337.960876 1045.675781
v 407.822357 339.660553 1046.827148
v 407.297516 341.309906 1047.944458
v 406.672424 342.502502 1048.752319
v 405.878540 343.600250 1049.495972
v 404.921875 344.604767 1050.176392
v 403.817078 345.498474 1050.781860
v 402.582581 346.267029 1051.302490
v 401.239838 346.898560 1051.730347
v 399.810547 347.381500 1052.057495
v 398.318115 347.708160 1052.278687
v 397.164429 347.848724 1052.373901
v 395.999939 347.895935 1052.406006
v 396.610565 345.604675 1055.939697
v 408.684998 335.521240 1049.569458
v 408.490417 337.219788 1050.699707
v 407.949951 338.873016 1051.788940
v 407.314087 340.071899 1052.571167
v 406.510803 341.178528 1053.286499
v 405.546021 342.194397 1053.936157
v 404.434570 343.101807 1054.508667
v 403.195007 343.886169 1054.994873
v 401.848877 344.535339 1055.387207
v 400.417847 345.037476 1055.678711
v 398.925415 345.384521 1055.864502
v 397.772919 345.541077 1055.933350
vn 0.986065 0.093292 -0.137738
vn 0.971219 0.234005 -0.044439
vn 0.928743 0.367360 0.049839
vn 0.877829 0.463281 0.121600
vn 0.813852 0.549321 0.189450
vn 0.736362 0.626967 0.254327
vn 0.645635 0.695386 0.315585
vn 0.545003 0.751925 0.370919
vn 0.434946 0.796419 0.420165
vn 0.316047 0.828181 0.462851
vn 0.192821 0.845833 0.497380
vn 0.097412 0.849795 0.518034
vn -0.000003 0.845498 0.533979
vn -0.000156 0.833125 0.553085
vn 0.991438 0.079423 -0.103646
vn 0.975640 0.219243 -0.007706
vn 0.931939 0.351756 0.088081
vn 0.880042 0.447055 0.160211
vn 0.815181 0.532549 0.227754
vn 0.736954 0.609766 0.291691
vn 0.645685 0.677946 0.351398
vn 0.544732 0.734519 0.404659
vn 0.434549 0.779393 0.451347
vn 0.315673 0.811944 0.491016
vn 0.192547 0.830809 0.522189
vn 0.097217 0.835972 0.540092
f 3345//3345 3331//3331 3332//3332
f 3346//3346 3332//3332 3333//3333
f 3346//3346 3345//3345 3332//3332
f 3347//3347 3333//3333 3334//3334
f 3347//3347 3346//3346 3333//3333
f 3348//3348 3334//3334 3335//3335
f 3348//3348 3347//3347 3334//3334
f 3349//3349 3335//3335 3336//3336
f 3349//3349 3348//3348 3335//3335
f 3350//3350 3336//3336 3337//3337
f 3350//3350 3349//3349 3336//3336
f 3351//3351 3337//3337 3338//3338
f 3351//3351 3350//3350 3337//3337
f 3352//3352 3338//3338 3339//3339
f 3352//3352 3351//3351 3338//3338
f 3353//3353 3339//3339 3340//3340
f 3353//3353 3352//3352 3339//3339
f 3354//3354 3340//3340 3341//3341
f 3354//3354 3353//3353 3340//3340
f 3355//3355 3341//3341 3342//3342
f 3355//3355 3354//3354 3341//3341
f 3356//3356 3342//3342 3343//3343
f 3356//3356 3355//3355 3342//3342
f 3344//3344 3356//3356 3343//3343
v 395.999939 347.895935 1052.406006
v 362.000061 347.895935 1052.406006
v 362.686920 346.085266 1055.206421
v 396.610565 345.604675 1055.939697
vn -0.000003 0.845498 0.533979
vn 0.000003 0.846410 0.532532
vn -0.000158 0.832972 0.553315
vn -0.000156 0.833125 0.553085
f 3358//3358 3360//3360 3357//3357
f 3359//3359 3360//3360 3358//3358
v 362.000061 347.895935 1052.406006
v 359.950958 347.749420 1052.306641
v 357.961456 347.316284 1052.013306
v 356.522034 346.800049 1051.663574
v 355.196442 346.144073 1051.219238
v 353.982758 345.353088 1050.683350
v 352.902313 344.439117 1050.064209
v 351.972656 343.417297 1049.372070
v 351.208313 342.305298 1048.618774
v 350.623444 341.120941 1047.816406
v 350.227661 339.883698 1046.978271
v 350.057281 338.926910 1046.330200
v 350.000000 337.960907 1045.675781
v 350.815094 336.341095 1048.318481
v 362.686920 346.085266 1055.206421
v 360.643921 345.968018 1055.064453
v 358.663300 345.563904 1054.732422
v 357.232391 345.069122 1054.356934
v 355.916443 344.433289 1053.890747
v 354.713562 343.661163 1053.336792
v 353.644867 342.764435 1052.703613
v 352.727722 341.757935 1052.001709
v 351.976410 340.659119 1051.243286
v 351.404938 339.485565 1050.440430
v 351.022644 338.256531 1049.606323
v 350.862396 337.304230 1048.964233
vn 0.000003 0.846410 0.532532
vn -0.170917 0.812322 0.557602
vn -0.335785 0.752451 0.566627
vn -0.455529 0.689817 0.562712
vn -0.563489 0.616350 0.550085
vn -0.661221 0.531835 0.529092
vn -0.747615 0.437189 0.499938
vn -0.819517 0.336351 0.463961
vn -0.877113 0.230196 0.421523
vn -0.920139 0.119696 0.372850
vn -0.947434 0.009120 0.319821
vn -0.958005 -0.074045 0.277026
vn -0.960041 -0.156969 0.231695
vn -0.973602 -0.133677 0.185013
vn -0.000158 0.832972 0.553315
vn -0.171397 0.802490 0.571518
vn -0.336861 0.746969 0.573203
vn -0.457348 0.688066 0.563381
vn -0.566303 0.618414 0.544852
vn -0.665304 0.537763 0.517862
vn -0.753216 0.446903 0.482642
vn -0.826780 0.349562 0.440727
vn -0.886097 0.246530 0.392497
vn -0.930785 0.138697 0.338233
vn -0.959516 0.030235 0.280028
vn -0.970949 -0.051693 0.233636
f 3375//3375 3361//3361 3362//3362
f 3376//3376 3375//3375 3362//3362
f 3377//3377 3362//3362 3363//3363
f 3377//3377 3363//3363 3364//3364
f 3377//3377 3376//3376 3362//3362
f 3378//3378 3364//3364 3365//3365
f 3378//3378 3377//3377 3364//3364
f 3379//3379 3365//3365 3366//3366
f 3379//3379 3378//3378 3365//3365
f 3380//3380 3366//3366 3367//3367
f 3380//3380 3379//3379 3366//3366
f 3381//3381 3367//3367 3368//3368
f 3381//3381 3380//3380 3367//3367
f 3382//3382 3368//3368 3369//3369
f 3382//3382 3381//3381 3368//3368
f 3383//3383 3369//3369 3370//3370
f 3383//3383 3382//3382 3369//3369
f 3384//3384 3370//3370 3371//3371
f 3384//3384 3383//3383 3370//3370
f 3385//3385 3371//3371 3372//3372
f 3385//3385 3384//3384 3371//3371
f 3386//3386 3372//3372 3373//3373
f 3386//3386 3385//3385 3372//3372
f 3374//3374 3386//3386 3373//3373
v 350.000000 337.960907 1045.675781
v 350.000000 332.993408 1042.310669
v 350.865753 331.384247 1045.003906
v 350.815094 336.341095 1048.318481
vn -0.960041 -0.156969 0.231695
vn -0.955955 -0.164608 0.243012
vn -0.971183 -0.139250 0.193426
vn -0.973602 -0.133677 0.185013
f 3388//3388 3390//3390 3387//3387
f 3389//3389 3390//3390 3388//3388
v 347.865265 341.037872 1040.215088
v 347.743652 336.010345 1036.807983
v 350.000000 332.993408 1042.310669
v 350.000000 337.960907 1045.675781
vn -0.932029 -0.187586 0.310053
vn -0.924646 -0.198054 0.325275
vn -0.955955 -0.164608 0.243012
vn -0.960041 -0.156969 0.231695
f 3393//3393 3391//3391 3392//3392
f 3393//3393 3394//3394 3391//3391
v 338.836823 348.431183 1023.698425
v 338.395813 343.085571 1020.570374
v 343.467133 339.865082 1028.690430
v 347.743652 336.010345 1036.807983
v 347.865265 341.037872 1040.215088
v 343.769775 345.038574 1032.024170
vn -0.862132 -0.201040 0.465094
vn -0.849430 -0.212543 0.483005
vn -0.881362 -0.218393 0.418934
vn -0.924646 -0.198054 0.325275
vn -0.932029 -0.187586 0.310053
vn -0.892509 -0.206273 0.401097
f 3400//3400 3395//3395 3396//3396
f 3397//3397 3400//3400 3396//3396
f 3399//3399 3400//3400 3397//3397
f 3398//3398 3399//3399 3397//3397
v 322.625122 349.286041 997.947144
v 322.624237 347.342834 997.149231
v 322.963989 345.482849 996.277283
v 323.447052 344.155823 995.578857
v 324.102844 342.950317 994.875427
v 324.925507 341.863983 994.168091
v 325.902557 340.915924 993.468506
v 327.017670 340.121399 992.788147
v 328.251282 339.492432 992.138184
v 329.583710 339.040802 991.529724
v 330.992981 338.773682 990.972595
v 332.093781 338.696045 990.591309
v 333.214478 338.726563 990.248108
v 349.419708 333.317169 1012.231567
v 338.395813 343.085571 1020.570374
v 338.421173 341.270203 1019.469299
v 338.795441 339.535645 1018.339600
v 339.309753 338.300323 1017.480103
v 339.999939 337.180084 1016.651062
v 340.859955 336.172699 1015.852478
v 341.876740 335.295929 1015.097961
v 343.033325 334.563812 1014.399780
v 344.309448 333.987488 1013.769043
v 345.684662 333.577698 1013.216858
v 347.136414 333.340942 1012.752136
v 348.268555 333.278442 1012.463440
vn -0.823043 -0.138236 0.550900
vn -0.804290 -0.297637 0.514325
vn -0.764209 -0.447868 0.464110
vn -0.719489 -0.555709 0.416561
vn -0.664887 -0.652574 0.363419
vn -0.599753 -0.740270 0.303804
vn -0.523991 -0.817883 0.237702
vn -0.439943 -0.882292 0.167364
vn -0.347666 -0.933004 0.092909
vn -0.247375 -0.968808 0.014750
vn -0.142742 -0.987693 -0.063932
vn -0.061344 -0.990482 -0.123215
vn 0.021977 -0.983023 -0.182163
vn 0.016628 -0.945869 -0.324123
vn -0.849430 -0.212543 0.483005
vn -0.829130 -0.361493 0.426457
vn -0.788204 -0.499581 0.359378
vn -0.743363 -0.597422 0.300829
vn -0.688952 -0.684422 0.238560
vn -0.624069 -0.762369 0.171265
vn -0.548266 -0.830443 0.098834
vn -0.463511 -0.885775 0.023658
vn -0.369490 -0.927658 -0.054104
vn -0.266117 -0.954611 -0.133793
vn -0.157060 -0.964597 -0.211860
vn -0.071488 -0.960481 -0.269009
f 3416//3416 3401//3401 3402//3402
f 3416//3416 3402//3402 3403//3403
f 3416//3416 3415//3415 3401//3401
f 3417//3417 3416//3416 3403//3403
f 3418//3418 3403//3403 3404//3404
f 3418//3418 3417//3417 3403//3403
f 3419//3419 3404//3404 3405//3405
f 3419//3419 3418//3418 3404//3404
f 3420//3420 3405//3405 3406//3406
f 3420//3420 3419//3419 3405//3405
f 3421//3421 3406//3406 3407//3407
f 3421//3421 3420//3420 3406//3406
f 3422//3422 3407//3407 3408//3408
f 3422//3422 3421//3421 3407//3407
f 3423//3423 3408//3408 3409//3409
f 3423//3423 3422//3422 3408//3408
f 3424//3424 3409//3409 3410//3410
f 3424//3424 3423//3423 3409//3409
f 3425//3425 3410//3410 3411//3411
f 3425//3425 3424//3424 3410//3410
f 3426//3426 3411//3411 3412//3412
f 3426//3426 3425//3425 3411//3411
f 3414//3414 3412//3412 3413//3413
f 3414//3414 3426//3426 3412//3412
v 333.214478 338.726563 990.248108
v 366.076019 341.205414 980.835083
v 375.374359 339.098114 994.123779
v 383.153076 335.932129 1006.330750
v 349.419708 333.317169 1012.231567
vn 0.021977 -0.983023 -0.182163
vn 0.035967 -0.990166 -0.135193
vn 0.029388 -0.974170 -0.223896
vn 0.020094 -0.951557 -0.306815
vn 0.016628 -0.945869 -0.324123
f 3429//3429 3427//3427 3428//3428
f 3429//3429 3431//3431 3427//3427
f 3430//3430 3431//3431 3429//3429
v 362.014282 330.944336 1457.508667
v 396.017456 330.925415 1457.473022
v 396.017059 336.003784 1474.758789
v 396.008728 338.845062 1490.974365
v 396.000000 339.700012 1506.000000
v 362.000061 339.699982 1506.000000
v 362.013702 336.018616 1474.796387
v 362.006897 338.850708 1490.993408
vn -0.000166 -0.941526 0.336939
vn -0.000169 -0.941483 0.337059
vn -0.000174 -0.974120 0.226030
vn -0.000099 -0.993222 0.116235
vn 0.000001 -0.999962 -0.008676
vn 0.000004 -0.999960 -0.008925
vn -0.000172 -0.974200 0.225685
vn -0.000096 -0.993261 0.115895
f 3433//3433 3438//3438 3432//3432
f 3434//3434 3439//3439 3438//3438
f 3434//3434 3438//3438 3433//3433
f 3435//3435 3437//3437 3439//3439
f 3435//3435 3439//3439 3434//3434
f 3436//3436 3437//3437 3435//3435
v 350.009705 341.623383 1451.444580
v 350.187927 339.797485 1452.484009
v 350.713379 338.025421 1453.492310
v 351.338959 336.743988 1454.221069
v 352.133270 335.564331 1454.891602
v 353.090393 334.484741 1455.505005
v 354.195587 333.524109 1456.050537
v 355.430481 332.697815 1456.519287
v 356.773529 332.018646 1456.904175
v 358.203156 331.499084 1457.197998
v 359.695831 331.147339 1457.396240
v 360.849670 330.995728 1457.481079
v 362.014282 330.944336 1457.508667
v 362.013702 336.018616 1474.796387
v 362.006897 338.850708 1490.993408
v 362.000061 339.699982 1506.000000
v 350.000000 351.700012 1506.000000
v 350.177643 349.647095 1506.000000
v 350.702484 347.654907 1506.000000
v 351.327576 346.214417 1506.000000
v 352.121429 344.888519 1506.000000
v 353.078125 343.675232 1506.000000
v 354.182922 342.595764 1506.000000
v 355.417419 341.667480 1506.000000
v 356.760162 340.904663 1506.000000
v 358.189453 340.321350 1506.000000
v 359.681885 339.926788 1506.000000
v 360.835571 339.757050 1506.000000
v 350.009460 347.441467 1470.304932
v 350.004791 350.748260 1488.642212
v 350.925629 343.048187 1471.944458
v 353.530243 339.343842 1473.406006
v 357.424316 336.869812 1474.379272
v 350.920349 346.173370 1489.383911
v 353.524323 342.314575 1490.154541
v 357.417877 339.738037 1490.667725
vn -1.000000 -0.000159 0.000254
vn -0.985485 -0.158885 0.059787
vn -0.942596 -0.312942 0.116531
vn -0.890861 -0.426081 0.157550
vn -0.825698 -0.529508 0.194536
vn -0.746718 -0.624778 0.228178
vn -0.654284 -0.710803 0.258208
vn -0.551876 -0.784237 0.283557
vn -0.440066 -0.844840 0.304282
vn -0.319513 -0.891830 0.320235
vn -0.194828 -0.923349 0.330861
vn -0.098451 -0.936914 0.335409
vn -0.000166 -0.941526 0.336939
vn -0.000172 -0.974200 0.225685
vn -0.000096 -0.993261 0.115895
vn 0.000004 -0.999960 -0.008925
vn -1.000000 0.000012 -0.000214
vn -0.985225 -0.171247 -0.002336
vn -0.941605 -0.336695 -0.004178
vn -0.889150 -0.457584 -0.005385
vn -0.823306 -0.567562 -0.006371
vn -0.743782 -0.668384 -0.007174
vn -0.651032 -0.759010 -0.007811
vn -0.548600 -0.836044 -0.008278
vn -0.437069 -0.899387 -0.008605
vn -0.317084 -0.948356 -0.008817
vn -0.193192 -0.981120 -0.008923
vn -0.097519 -0.995193 -0.008946
vn -1.000000 -0.000291 -0.000103
vn -1.000000 -0.000161 -0.000282
vn -0.925340 -0.368808 0.087907
vn -0.710974 -0.684540 0.161000
vn -0.386294 -0.898329 0.209243
vn -0.924717 -0.378037 0.044559
vn -0.709403 -0.699963 0.082454
vn -0.384870 -0.916647 0.107861
f 3468//3468 3440//3440 3441//3441
f 3453//3453 3450//3450 3451//3451
f 3453//3453 3451//3451 3452//3452
f 3457//3457 3456//3456 3469//3469
f 3467//3467 3466//3466 3454//3454
f 3455//3455 3467//3467 3454//3454
f 3470//3470 3441//3441 3442//3442
f 3470//3470 3442//3442 3443//3443
f 3470//3470 3443//3443 3444//3444
f 3470//3470 3468//3468 3441//3441
f 3471//3471 3444//3444 3445//3445
f 3471//3471 3445//3445 3446//3446
f 3471//3471 3446//3446 3447//3447
f 3471//3471 3470//3470 3444//3444
f 3472//3472 3447//3447 3448//3448
f 3472//3472 3448//3448 3449//3449
f 3472//3472 3449//3449 3450//3450
f 3472//3472 3450//3450 3453//3453
f 3472//3472 3471//3471 3447//3447
f 3473//3473 3458//3458 3457//3457
f 3473//3473 3459//3459 3458//3458
f 3473//3473 3460//3460 3459//3459
f 3473//3473 3469//3469 3468//3468
f 3473//3473 3457//3457 3469//3469
f 3473//3473 3468//3468 3470//3470
f 3474//3474 3461//3461 3460//3460
f 3474//3474 3462//3462 3461//3461
f 3474//3474 3463//3463 3462//3462
f 3474//3474 3471//3471 3472//3472
f 3474//3474 3460//3460 3473//3473
f 3474//3474 3473//3473 3470//3470
f 3474//3474 3470//3470 3471//3471
f 3475//3475 3453//3453 3454//3454
f 3475//3475 3464//3464 3463//3463
f 3475//3475 3465//3465 3464//3464
f 3475//3475 3466//3466 3465//3465
f 3475//3475 3474//3474 3472//3472
f 3475//3475 3463//3463 3474//3474
f 3475//3475 3472//3472 3453//3453
f 3475//3475 3454//3454 3466//3466
v 349.998962 337.205109 1428.006104
v 349.998718 332.257996 1431.373779
v 350.009705 341.623383 1451.444580
v 350.007996 346.959503 1448.406250
vn -1.000000 0.000415 0.000559
vn -1.000000 0.000534 0.000691
vn -1.000000 -0.000159 0.000254
vn -1.000000 -0.000194 0.000239
f 3478//3478 3476//3476 3477//3477
f 3478//3478 3479//3479 3476//3476
v 361.999390 347.100494 1421.271973
v 359.950317 346.954376 1421.371094
v 357.960815 346.522858 1421.664551
v 356.521393 346.008606 1422.014282
v 355.195770 345.355194 1422.458862
v 353.982056 344.567352 1422.994995
v 352.901611 343.657043 1423.614502
v 351.971893 342.639313 1424.307129
v 351.207489 341.531799 1425.060913
v 350.622589 340.352264 1425.863770
v 350.226715 339.120056 1426.702515
v 350.056305 338.167175 1427.351196
v 349.998962 337.205109 1428.006104
v 350.007996 346.959503 1448.406250
v 362.005829 357.625183 1442.317017
v 360.440979 357.534393 1442.370850
v 358.902527 357.263367 1442.527222
v 357.416901 356.816650 1442.783569
v 356.009949 356.200256 1443.136475
v 354.704865 355.426056 1443.579102
v 353.524261 354.507263 1444.103882
v 352.489471 353.458252 1444.702637
v 351.616913 352.297943 1445.364502
v 350.921692 351.046265 1446.078125
v 350.417389 349.723877 1446.831787
v 350.111023 348.353760 1447.612305
v 357.411316 347.140594 1423.105103
v 353.518280 344.988739 1424.562744
v 350.914886 341.765503 1426.746216
vn -0.000009 0.853846 -0.520526
vn -0.170297 0.841561 -0.512614
vn -0.335009 0.805164 -0.489366
vn -0.455535 0.761262 -0.461484
vn -0.565364 0.705982 -0.426560
vn -0.666243 0.638959 -0.384514
vn -0.757110 0.560451 -0.335677
vn -0.834519 0.473358 -0.281977
vn -0.898319 0.378059 -0.223819
vn -0.947752 0.275021 -0.161647
vn -0.980895 0.168115 -0.097891
vn -0.995158 0.085213 -0.048984
vn -1.000000 0.000415 0.000559
vn -1.000000 -0.000194 0.000239
vn 0.000125 0.926904 -0.375298
vn -0.132498 0.918785 -0.371858
vn -0.261566 0.894823 -0.361767
vn -0.386946 0.855091 -0.345097
vn -0.505217 0.800548 -0.322303
vn -0.613425 0.732920 -0.294174
vn -0.711663 0.652297 -0.260853
vn -0.797341 0.560712 -0.223272
vn -0.868573 0.460708 -0.182564
vn -0.925572 0.352204 -0.138813
vn -0.966832 0.237817 -0.093160
vn -0.991619 0.120420 -0.046815
vn -0.381787 0.795493 -0.470563
vn -0.706038 0.611224 -0.357654
vn -0.923389 0.332781 -0.191338
f 3506//3506 3480//3480 3481//3481
f 3506//3506 3481//3481 3482//3482
f 3506//3506 3482//3482 3483//3483
f 3506//3506 3483//3483 3484//3484
f 3506//3506 3495//3495 3494//3494
f 3506//3506 3496//3496 3495//3495
f 3506//3506 3497//3497 3496//3496
f 3506//3506 3498//3498 3497//3497
f 3506//3506 3499//3499 3498//3498
f 3506//3506 3494//3494 3480//3480
f 3507//3507 3484//3484 3485//3485
f 3507//3507 3485//3485 3486//3486
f 3507//3507 3486//3486 3487//3487
f 3507//3507 3500//3500 3499//3499
f 3507//3507 3501//3501 3500//3500
f 3507//3507 3502//3502 3501//3501
f 3507//3507 3506//3506 3484//3484
f 3507//3507 3499//3499 3506//3506
f 3508//3508 3487//3487 3488//3488
f 3508//3508 3488//3488 3489//3489
f 3508//3508 3489//3489 3490//3490
f 3508//3508 3490//3490 3491//3491
f 3508//3508 3491//3491 3492//3492
f 3508//3508 3492//3492 3493//3493
f 3508//3508 3503//3503 3502//3502
f 3508//3508 3504//3504 3503//3503
f 3508//3508 3505//3505 3504//3504
f 3508//3508 3493//3493 3505//3505
f 3508//3508 3502//3502 3507//3507
f 3508//3508 3507//3507 3487//3487
v 395.998901 347.103363 1421.275879
v 361.999390 347.100494 1421.271973
v 362.005829 357.625183 1442.317017
v 396.008942 357.606232 1442.281250
vn -0.000015 0.854006 -0.520263
vn -0.000009 0.853846 -0.520526
vn 0.000125 0.926904 -0.375298
vn 0.000119 0.926852 -0.375428
f 3511//3511 3509//3509 3510//3510
f 3511//3511 3512//3512 3509//3509
v 407.998352 337.210022 1428.012817
v 407.820801 338.902710 1426.860474
v 407.296051 340.545288 1425.742310
v 406.670990 341.732941 1424.933716
v 405.877197 342.826111 1424.189331
v 404.920593 343.826416 1423.508301
v 403.815826 344.716370 1422.902222
v 402.581390 345.481689 1422.380981
v 401.238708 346.110535 1421.952759
v 399.809448 346.591370 1421.625122
v 398.317047 346.916565 1421.403564
v 397.163391 347.056427 1421.308105
v 395.998901 347.103363 1421.275879
v 396.008942 357.606232 1442.281250
v 408.013519 346.927185 1448.345337
v 407.835266 348.753113 1447.305908
v 407.309814 350.525146 1446.297729
v 406.684265 351.806610 1445.568848
v 405.889954 352.986267 1444.898315
v 404.932831 354.065826 1444.284912
v 403.827606 355.026489 1443.739380
v 402.592743 355.852753 1443.270630
v 401.249695 356.531921 1442.885742
v 399.820068 357.051514 1442.591919
v 398.327393 357.403229 1442.393677
v 397.173553 357.554840 1442.308960
vn 0.999999 -0.000684 -0.000911
vn 0.985105 0.147887 -0.087740
vn 0.941146 0.290645 -0.172541
vn 0.888361 0.394432 -0.235029
vn 0.822204 0.488432 -0.292258
vn 0.742429 0.574247 -0.345021
vn 0.649535 0.651088 -0.392669
vn 0.547095 0.716168 -0.433348
vn 0.435698 0.769525 -0.466904
vn 0.315987 0.810684 -0.492893
vn 0.192476 0.838180 -0.510301
vn 0.097143 0.849989 -0.517767
vn -0.000015 0.854006 -0.520263
vn 0.000119 0.926852 -0.375428
vn 1.000000 0.000110 -0.000338
vn 0.985547 0.157673 -0.061938
vn 0.942908 0.309784 -0.122304
vn 0.891514 0.421083 -0.167006
vn 0.826776 0.522595 -0.208171
vn 0.748241 0.615989 -0.246359
vn 0.656178 0.700305 -0.281076
vn 0.553967 0.772304 -0.310913
vn 0.442107 0.831781 -0.335681
vn 0.321225 0.877957 -0.354972
vn 0.195960 0.908960 -0.367955
vn 0.099023 0.922312 -0.373544
f 3527//3527 3513//3513 3514//3514
f 3528//3528 3527//3527 3514//3514
f 3529//3529 3514//3514 3515//3515
f 3529//3529 3528//3528 3514//3514
f 3530//3530 3515//3515 3516//3516
f 3530//3530 3529//3529 3515//3515
f 3531//3531 3516//3516 3517//3517
f 3531//3531 3530//3530 3516//3516
f 3532//3532 3517//3517 3518//3518
f 3532//3532 3531//3531 3517//3517
f 3533//3533 3518//3518 3519//3519
f 3533//3533 3532//3532 3518//3518
f 3534//3534 3519//3519 3520//3520
f 3534//3534 3533//3533 3519//3519
f 3535//3535 3520//3520 3521//3521
f 3535//3535 3534//3534 3520//3520
f 3536//3536 3521//3521 3522//3522
f 3536//3536 3535//3535 3521//3521
f 3537//3537 3522//3522 3523//3523
f 3537//3537 3536//3536 3522//3522
f 3538//3538 3523//3523 3524//3524
f 3538//3538 3537//3537 3523//3523
f 3526//3526 3524//3524 3525//3525
f 3526//3526 3538//3538 3524//3524
v 407.998108 332.262909 1431.380493
v 407.998352 337.210022 1428.012817
v 408.013519 346.927185 1448.345337
v 408.015228 341.591095 1451.383667
vn 0.999999 -0.000765 -0.001071
vn 0.999999 -0.000684 -0.000911
vn 1.000000 0.000110 -0.000338
vn 1.000000 0.000117 -0.000373
f 3542//3542 3539//3539 3540//3540
f 3541//3541 3542//3542 3540//3540
v 396.017456 330.925415 1457.473022
v 397.582245 331.016174 1457.419189
v 399.120667 331.287231 1457.262695
v 400.606323 331.733948 1457.006348
v 402.013275 332.350311 1456.653442
v 403.318359 333.124542 1456.210815
v 404.498962 334.043335 1455.686035
v 405.533752 335.092346 1455.087402
v 406.406311 336.252655 1454.425537
v 407.101501 337.504303 1453.711914
v 407.605835 338.826721 1452.958252
v 407.912201 340.196838 1452.177612
v 408.015228 341.591095 1451.383667
v 408.015289 347.416138 1470.240723
v 408.007996 350.738586 1488.609741
v 408.000000 351.700012 1506.000000
v 396.000000 339.700012 1506.000000
v 398.049011 339.876953 1506.000000
v 400.038544 340.400146 1506.000000
v 401.477966 341.023682 1506.000000
v 402.803589 341.816010 1506.000000
v 404.017242 342.771362 1506.000000
v 405.097656 343.875305 1506.000000
v 406.027344 345.109528 1506.000000
v 406.791687 346.452667 1506.000000
v 407.376556 347.883179 1506.000000
v 407.772369 349.377594 1506.000000
v 407.942719 350.533234 1506.000000
v 396.017059 336.003784 1474.758789
v 396.008728 338.845062 1490.974365
v 400.606018 336.850861 1474.331421
v 404.498779 339.321503 1473.349487
v 407.101440 343.023560 1471.882202
v 400.597656 339.730774 1490.643311
v 404.490570 342.306000 1490.125610
v 407.093658 346.163910 1489.352051
vn -0.000196 -0.941483 0.337059
vn 0.131632 -0.933249 0.334243
vn 0.260027 -0.908910 0.325988
vn 0.384957 -0.868511 0.312244
vn 0.503066 -0.812977 0.293246
vn 0.611387 -0.744032 0.269483
vn 0.709950 -0.661788 0.240847
vn 0.796069 -0.568356 0.207953
vn 0.867756 -0.466414 0.171631
vn 0.925142 -0.356018 0.131772
vn 0.966666 -0.239964 0.089301
vn 0.991584 -0.121289 0.045279
vn 1.000000 0.000117 -0.000373
vn 1.000000 0.000343 0.000174
vn 1.000000 0.000220 0.000458
vn 1.000000 0.000011 0.000371
vn -0.000026 -0.999962 -0.008676
vn 0.170914 -0.985249 -0.008521
vn 0.336147 -0.941774 -0.008238
vn 0.456942 -0.889461 -0.007915
vn 0.566898 -0.823754 -0.007497
vn 0.667761 -0.744343 -0.006956
vn 0.758473 -0.651674 -0.006264
vn 0.835625 -0.549273 -0.005428
vn 0.899108 -0.437704 -0.004426
vn 0.948214 -0.317615 -0.003242
vn 0.981087 -0.193560 -0.001914
vn 0.995214 -0.097720 -0.000814
vn -0.000201 -0.974120 0.226030
vn -0.000126 -0.993222 0.116235
vn 0.386120 -0.898254 0.209883
vn 0.711086 -0.684258 0.161704
vn 0.925514 -0.368241 0.088444
vn 0.384765 -0.916595 0.108674
vn 0.709459 -0.699783 0.083499
vn 0.924811 -0.377691 0.045550
f 3571//3571 3543//3543 3544//3544
f 3556//3556 3554//3554 3555//3555
f 3560//3560 3559//3559 3572//3572
f 3570//3570 3569//3569 3557//3557
f 3558//3558 3570//3570 3557//3557
f 3573//3573 3544//3544 3545//3545
f 3573//3573 3545//3545 3546//3546
f 3573//3573 3546//3546 3547//3547
f 3573//3573 3547//3547 3548//3548
f 3573//3573 3571//3571 3544//3544
f 3574//3574 3548//3548 3549//3549
f 3574//3574 3549//3549 3550//3550
f 3574//3574 3550//3550 3551//3551
f 3574//3574 3573//3573 3548//3548
f 3575//3575 3551//3551 3552//3552
f 3575//3575 3552//3552 3553//3553
f 3575//3575 3553//3553 3554//3554
f 3575//3575 3554//3554 3556//3556
f 3575//3575 3574//3574 3551//3551
f 3576//3576 3561//3561 3560//3560
f 3576//3576 3562//3562 3561//3561
f 3576//3576 3563//3563 3562//3562
f 3576//3576 3572//3572 3571//3571
f 3576//3576 3571//3571 3573//3573
f 3576//3576 3560//3560 3572//3572
f 3577//3577 3564//3564 3563//3563
f 3577//3577 3565//3565 3564//3564
f 3577//3577 3566//3566 3565//3565
f 3577//3577 3576//3576 3573//3573
f 3577//3577 3563//3563 3576//3576
f 3577//3577 3573//3573 3574//3574
f 3578//3578 3556//3556 3557//3557
f 3578//3578 3567//3567 3566//3566
f 3578//3578 3568//3568 3567//3567
f 3578//3578 3569//3569 3568//3568
f 3578//3578 3574//3574 3575//3575
f 3578//3578 3566//3566 3577//3577
f 3578//3578 3577//3577 3574//3574
f 3578//3578 3575//3575 3556//3556
f 3578//3578 3557//3557 3569//3569
usemtl mat_1
v 314.000000 336.500000 1516.491943
v 314.000000 336.500000 1583.913208
v 444.000000 336.500000 1516.491943
v 444.000000 336.500000 1583.913208
v 395.996246 336.500000 1547.736816
v 361.997406 336.500000 1547.650024
v 361.863434 336.500000 1547.677734
v 361.729584 336.500000 1547.761841
v 361.595703 336.500000 1547.906738
v 361.439362 336.500000 1548.160645
v 361.222656 336.500000 1548.705078
v 360.946564 336.500000 1549.986572
v 360.823700 336.500000 1552.212891
v 361.017944 336.500000 1554.210205
v 361.239105 336.500000 1555.085693
v 361.434601 336.500000 1555.555054
v 361.594238 336.500000 1555.809937
v 361.672913 336.500000 1555.900513
v 361.749512 336.500000 1555.967285
v 361.852173 336.500000 1556.028320
v 361.950073 336.500000 1556.057007
v 361.998016 336.500000 1556.060181
v 395.997009 336.500000 1555.997803
v 396.128632 336.500000 1555.970703
v 396.262329 336.500000 1555.888794
v 396.395264 336.500000 1555.747559
v 396.550323 336.500000 1555.499390
v 396.765106 336.500000 1554.965576
v 397.038300 336.500000 1553.681396
v 397.146606 336.500000 1551.505005
v 396.948090 336.500000 1549.546997
v 396.736237 336.500000 1548.712891
v 396.540192 336.500000 1548.233154
v 396.405518 336.500000 1548.010010
v 396.294708 336.500000 1547.880493
v 396.158905 336.500000 1547.779175
v 317.000000 336.500000 1577.500000
v 317.000000 336.500000 1522.500000
v 341.000000 336.500000 1577.500000
v 341.000000 336.500000 1522.500000
v 417.000000 336.500000 1577.500000
v 417.000000 336.500000 1522.500000
v 441.000000 336.500000 1577.500000
v 441.000000 336.500000 1522.500000
vn 0.000000 -1.000000 -0.000000
vn 0.000000 -1.000000 -0.000000
vn 0.000000 -1.000000 -0.000000
vn 0.000000 -1.000000 -0.000000
vn 0.000000 -1.000000 -0.000000
vn 0.000000 -1.000000 -0.000000
vn 0.000000 -1.000000 -0.000000
vn 0.000000 -1.000000 -0.000000
vn 0.000000 -1.000000 -0.000000
vn 0.000000 -1.000000 -0.000000
vn 0.000000 -1.000000 -0.000000
vn 0.000000 -1.000000 -0.000000
vn 0.000000 -1.000000 -0.000000
vn 0.000000 -1.000000 -0.000000
vn 0.000000 -1.000000 -0.000000
vn 0.000000 -1.000000 -0.000000
vn 0.000000 -1.000000 -0.000000
vn 0.000000 -1.000000 -0.000000
vn 0.000000 -1.000000 -0.000000
vn 0.000000 -1.000000 -0.000000
vn 0.000000 -1.000000 -0.000000
vn 0.000000 -1.000000 -0.000000
vn 0.000000 -1.000000 -0.000000
vn 0.000000 -1.000000 -0.000000
vn 0.000000 -1.000000 -0.000000
vn 0.000000 -1.000000 -0.000000
vn 0.000000 -1.000000 -0.000000
vn 0.000000 -1.000000 -0.000000
vn 0.000000 -1.000000 -0.000000
vn 0.000000 -1.000000 -0.000000
vn 0.000000 -1.000000 -0.000000
vn 0.000000 -1.000000 -0.000000
vn 0.000000 -1.000000 -0.000000
vn 0.000000 -1.000000 -0.000000
vn 0.000000 -1.000000 -0.000000
vn 0.000000 -1.000000 -0.000000
vn 0.000000 -1.000000 -0.000000
vn 0.000000 -1.000000 -0.000000
vn 0.000000 -1.000000 -0.000000
vn 0.000000 -1.000000 -0.000000
vn 0.000000 -1.000000 -0.000000
vn 0.000000 -1.000000 -0.000000
vn 0.000000 -1.000000 -0.000000
vn 0.000000 -1.000000 -0.000000
f 3617//3617 3580//3580 3615//3615
f 3579//3579 3616//3616 3615//3615
f 3579//3579 3615//3615 3580//3580
f 3597//3597 3617//3617 3596//3596
f 3595//3595 3596//3596 3617//3617
f 3598//3598 3617//3617 3597//3597
f 3594//3594 3595//3595 3617//3617
f 3599//3599 3617//3617 3598//3598
f 3600//3600 3617//3617 3599//3599
f 3593//3593 3594//3594 3617//3617
f 3592//3592 3593//3593 3617//3617
f 3591//3591 3592//3592 3617//3617
f 3618//3618 3584//3584 3585//3585
f 3618//3618 3585//3585 3586//3586
f 3618//3618 3586//3586 3587//3587
f 3618//3618 3587//3587 3588//3588
f 3618//3618 3588//3588 3589//3589
f 3618//3618 3589//3589 3590//3590
f 3618//3618 3590//3590 3591//3591
f 3618//3618 3616//3616 3579//3579
f 3618//3618 3591//3591 3617//3617
f 3619//3619 3617//3617 3600//3600
f 3601//3601 3619//3619 3600//3600
f 3602//3602 3619//3619 3601//3601
f 3603//3603 3619//3619 3602//3602
f 3604//3604 3619//3619 3603//3603
f 3605//3605 3619//3619 3604//3604
f 3606//3606 3619//3619 3605//3605
f 3607//3607 3619//3619 3606//3606
f 3608//3608 3619//3619 3607//3607
f 3621//3621 3582//3582 3619//3619
f 3620//3620 3583//3583 3584//3584
f 3620//3620 3619//3619 3608//3608
f 3620//3620 3608//3608 3609//3609
f 3620//3620 3609//3609 3610//3610
f 3620//3620 3610//3610 3611//3611
f 3620//3620 3611//3611 3612//3612
f 3620//3620 3612//3612 3613//3613
f 3620//3620 3613//3613 3614//3614
f 3620//3620 3614//3614 3583//3583
f 3620//3620 3584//3584 3618//3618
f 3581//3581 3621//3621 3622//3622
f 3581//3581 3622//3622 3620//3620
f 3579//3579 3581//3581 3618//3618
f 3618//3618 3581//3581 3620//3620
f 3581//3581 3582//3582 3621//3621
f 3582//3582 3580//3580 3619//3619
f 3619//3619 3580//3580 3617//3617
v 262.000000 333.500000 1568.500000
v 265.038849 333.500000 1568.234131
v 267.985352 333.500000 1567.444580
v 270.750000 333.500000 1566.155396
v 273.248779 333.500000 1564.405762
v 275.405792 333.500000 1562.248779
v 277.155457 333.500000 1559.750000
v 278.444611 333.500000 1556.985352
v 279.234131 333.500000 1554.038818
v 279.500000 333.500000 1551.000000
v 244.500000 333.500000 1551.000000
v 244.765869 333.500000 1554.038818
v 245.555374 333.500000 1556.985352
v 246.844559 333.500000 1559.750000
v 248.594223 333.500000 1562.248779
v 250.751221 333.500000 1564.405762
v 253.250000 333.500000 1566.155396
v 256.014648 333.500000 1567.444580
v 258.961151 333.500000 1568.234131
v 262.000000 333.500000 1533.500000
v 258.961151 333.500000 1533.765869
v 256.014648 333.500000 1534.555420
v 253.250000 333.500000 1535.844604
v 250.751221 333.500000 1537.594238
v 248.594223 333.500000 1539.751221
v 246.844559 333.500000 1542.250000
v 245.555374 333.500000 1545.014648
v 244.765869 333.500000 1547.961182
v 264.991455 333.500000 1533.757202
v 267.894684 333.500000 1534.522095
v 270.624023 333.500000 1535.772339
v 273.099487 333.500000 1537.470825
v 275.248596 333.500000 1539.567139
v 277.008148 333.500000 1541.999634
v 278.326050 333.500000 1544.697021
v 279.163055 333.500000 1547.580200
v 279.415619 333.500000 1549.281860
vn -0.000000 1.000000 -0.000000
vn -0.000000 1.000000 -0.000000
vn -0.000000 1.000000 -0.000000
vn -0.000000 1.000000 -0.000000
vn -0.000000 1.000000 -0.000000
vn -0.000000 1.000000 -0.000000
vn -0.000000 1.000000 -0.000000
vn -0.000000 1.000000 -0.000000
vn -0.000000 1.000000 -0.000000
vn -0.000000 1.000000 -0.000000
vn -0.000000 1.000000 -0.000000
vn -0.000000 1.000000 -0.000000
vn -0.000000 1.000000 -0.000000
vn -0.000000 1.000000 -0.000000
vn -0.000000 1.000000 -0.000000
vn -0.000000 1.000000 -0.000000
vn -0.000000 1.000000 -0.000000
vn -0.000000 1.000000 -0.000000
vn -0.000000 1.000000 -0.000000
vn -0.000000 1.000000 -0.000000
vn -0.000000 1.000000 -0.000000
vn -0.000000 1.000000 -0.000000
vn -0.000000 1.000000 -0.000000
vn -0.000000 1.000000 -0.000000
vn -0.000000 1.000000 -0.000000
vn -0.000000 1.000000 -0.000000
vn -0.000000 1.000000 -0.000000
vn -0.000000 1.000000 -0.000000
vn -0.000000 1.000000 -0.000000
vn -0.000000 1.000000 -0.000000
vn -0.000000 1.000000 -0.000000
vn -0.000000 1.000000 -0.000000
vn -0.000000 1.000000 -0.000000
vn -0.000000 1.000000 -0.000000
vn -0.000000 1.000000 -0.000000
vn -0.000000 1.000000 -0.000000
vn -0.000000 1.000000 -0.000000
f 3653//3653 3651//3651 3642//3642
f 3653//3653 3652//3652 3651//3651
f 3656//3656 3658//3658 3657//3657
f 3656//3656 3659//3659 3658//3658
f 3654//3654 3642//3642 3643//3643
f 3654//3654 3643//3643 3644//3644
f 3654//3654 3644//3644 3645//3645
f 3654//3654 3645//3645 3646//3646
f 3654//3654 3646//3646 3647//3647
f 3654//3654 3647//3647 3648//3648
f 3654//3654 3648//3648 3649//3649
f 3654//3654 3653//3653 3642//3642
f 3655//3655 3623//3623 3624//3624
f 3655//3655 3624//3624 3625//3625
f 3655//3655 3625//3625 3626//3626
f 3655//3655 3626//3626 3627//3627
f 3655//3655 3659//3659 3656//3656
f 3655//3655 3627//3627 3628//3628
f 3655//3655 3628//3628 3629//3629
f 3655//3655 3629//3629 3630//3630
f 3655//3655 3630//3630 3631//3631
f 3655//3655 3631//3631 3632//3632
f 3655//3655 3633//3633 3634//3634
f 3655//3655 3654//3654 3649//3649
f 3655//3655 3634//3634 3635//3635
f 3655//3655 3635//3635 3636//3636
f 3655//3655 3636//3636 3637//3637
f 3655//3655 3637//3637 3638//3638
f 3655//3655 3638//3638 3639//3639
f 3655//3655 3639//3639 3640//3640
f 3655//3655 3640//3640 3641//3641
f 3655//3655 3641//3641 3623//3623
f 3655//3655 3649//3649 3650//3650
f 3655//3655 3650//3650 3633//3633
f 3655//3655 3632//3632 3659//3659
v 476.000000 333.500000 1457.000000
v 479.038849 333.500000 1456.734131
v 481.985352 333.500000 1455.944580
v 484.750000 333.500000 1454.655396
v 487.248779 333.500000 1452.905762
v 489.405792 333.500000 1450.748779
v 491.155457 333.500000 1448.250000
v 492.444611 333.500000 1445.485352
v 493.234131 333.500000 1442.538818
v 493.500000 333.500000 1439.500000
v 458.500000 333.500000 1439.500000
v 458.765869 333.500000 1442.538818
v 459.555389 333.500000 1445.485352
v 460.844543 333.500000 1448.250000
v 462.594208 333.500000 1450.748779
v 464.751221 333.500000 1452.905762
v 467.250000 333.500000 1454.655396
v 470.014648 333.500000 1455.944580
v 472.961151 333.500000 1456.734131
v 476.000000 333.500000 1422.000000
v 472.961151 333.500000 1422.265869
v 470.014648 333.500000 1423.055420
v 467.250000 333.500000 1424.344604
v 464.751221 333.500000 1426.094238
v 462.594208 333.500000 1428.251221
v 460.844543 333.500000 1430.750000
v 459.555389 333.500000 1433.514648
v 458.765869 333.500000 1436.461182
v 478.991455 333.500000 1422.257202
v 481.894684 333.500000 1423.022095
v 484.624023 333.500000 1424.272339
v 487.099487 333.500000 1425.970825
v 489.248596 333.500000 1428.067139
v 491.008148 333.500000 1430.499634
v 492.326050 333.500000 1433.197021
v 493.163055 333.500000 1436.080200
v 493.415619 333.500000 1437.781860
v 476.000000 333.500000 1434.447021
v 476.877441 333.500000 1434.523804
v 477.728241 333.500000 1434.751709
v 478.526489 333.500000 1435.124023
v 479.248016 333.500000 1435.629150
v 479.870819 333.500000 1436.251953
v 480.376038 333.500000 1436.973511
v 480.748260 333.500000 1437.771729
v 480.976227 333.500000 1438.622559
v 481.053009 333.500000 1439.500000
v 470.946991 333.500000 1439.500000
v 471.023773 333.500000 1438.622559
v 471.251740 333.500000 1437.771729
v 471.623962 333.500000 1436.973511
v 472.129181 333.500000 1436.251953
v 472.751984 333.500000 1435.629150
v 473.473511 333.500000 1435.124023
v 474.271759 333.500000 1434.751709
v 475.122559 333.500000 1434.523804
v 476.000000 333.500000 1444.552979
v 475.209534 333.500000 1444.490845
v 474.438538 333.500000 1444.305664
v 473.705994 333.500000 1444.002197
v 473.029907 333.500000 1443.588013
v 472.427002 333.500000 1443.072998
v 471.912048 333.500000 1442.470093
v 471.497742 333.500000 1441.794067
v 471.194305 333.500000 1441.061523
v 471.009216 333.500000 1440.290405
v 480.990784 333.500000 1440.290405
v 480.805695 333.500000 1441.061523
v 480.502258 333.500000 1441.794067
v 480.087952 333.500000 1442.470093
v 479.572998 333.500000 1443.072998
v 478.970093 333.500000 1443.588013
v 478.294006 333.500000 1444.002197
v 477.561462 333.500000 1444.305664
v 476.790466 333.500000 1444.490845
vn -0.000000 1.000000 -0.000000
vn -0.000000 1.000000 -0.000000
vn -0.000000 1.000000 -0.000000
vn -0.000000 1.000000 -0.000000
vn -0.000000 1.000000 -0.000000
vn -0.000000 1.000000 -0.000000
vn -0.000000 1.000000 -0.000000
vn -0.000000 1.000000 -0.000000
vn -0.000000 1.000000 -0.000000
vn -0.000000 1.000000 -0.000000
vn -0.000000 1.000000 -0.000000
vn -0.000000 1.000000 -0.000000
vn -0.000000 1.000000 -0.000000
vn -0.000000 1.000000 -0.000000
vn -0.000000 1.000000 -0.000000
vn -0.000000 1.000000 -0.000000
vn -0.000000 1.000000 -0.000000
vn -0.000000 1.000000 -0.000000
vn -0.000000 1.000000 -0.000000
vn -0.000000 1.000000 -0.000000
vn -0.000000 1.000000 -0.000000
vn -0.000000 1.000000 -0.000000
vn -0.000000 1.000000 -0.000000
vn -0.000000 1.000000 -0.000000
vn -0.000000 1.000000 -0.000000
vn -0.000000 1.000000 -0.000000
vn -0.000000 1.000000 -0.000000
vn -0.000000 1.000000 -0.000000
vn -0.000000 1.000000 -0.000000
vn -0.000000 1.000000 -0.000000
vn -0.000000 1.000000 -0.000000
vn -0.000000 1.000000 -0.000000
vn -0.000000 1.000000 -0.000000
vn -0.000000 1.000000 -0.000000
vn -0.000000 1.000000 -0.000000
vn -0.000000 1.000000 -0.000000
vn -0.000000 1.000000 -0.000000
vn -0.000000 1.000000 -0.000000
vn -0.000000 1.000000 -0.000000
vn -0.000000 1.000000 -0.000000
vn -0.000000 1.000000 -0.000000
vn -0.000000 1.000000 -0.000000
vn -0.000000 1.000000 -0.000000
vn -0.000000 1.000000 -0.000000
vn -0.000000 1.000000 -0.000000
vn -0.000000 1.000000 -0.000000
vn -0.000000 1.000000 -0.000000
vn -0.000000 1.000000 -0.000000
vn -0.000000 1.000000 -0.000000
vn -0.000000 1.000000 -0.000000
vn -0.000000 1.000000 -0.000000
vn -0.000000 1.000000 -0.000000
vn -0.000000 1.000000 -0.000000
vn -0.000000 1.000000 -0.000000
vn -0.000000 1.000000 -0.000000
vn -0.000000 1.000000 -0.000000
vn -0.000000 1.000000 -0.000000
vn -0.000000 1.000000 -0.000000
vn -0.000000 1.000000 -0.000000
vn -0.000000 1.000000 -0.000000
vn -0.000000 1.000000 -0.000000
vn -0.000000 1.000000 -0.000000
vn -0.000000 1.000000 -0.000000
vn -0.000000 1.000000 -0.000000
vn -0.000000 1.000000 -0.000000
vn -0.000000 1.000000 -0.000000
vn -0.000000 1.000000 -0.000000
vn -0.000000 1.000000 -0.000000
vn -0.000000 1.000000 -0.000000
vn -0.000000 1.000000 -0.000000
vn -0.000000 1.000000 -0.000000
vn -0.000000 1.000000 -0.000000
vn -0.000000 1.000000 -0.000000
vn -0.000000 1.000000 -0.000000
vn -0.000000 1.000000 -0.000000
f 3721//3721 3674//3674 3675//3675
f 3722//3722 3673//3673 3674//3674
f 3722//3722 3674//3674 3721//3721
f 3720//3720 3675//3675 3676//3676
f 3720//3720 3721//3721 3675//3675
f 3723//3723 3672//3672 3673//3673
f 3723//3723 3673//3673 3722//3722
f 3719//3719 3720//3720 3676//3676
f 3719//3719 3676//3676 3677//3677
f 3724//3724 3671//3671 3672//3672
f 3724//3724 3672//3672 3723//3723
f 3718//3718 3719//3719 3677//3677
f 3718//3718 3677//3677 3678//3678
f 3725//3725 3670//3670 3671//3671
f 3725//3725 3671//3671 3724//3724
f 3717//3717 3678//3678 3660//3660
f 3717//3717 3718//3718 3678//3678
f 3707//3707 3670//3670 3725//3725
f 3716//3716 3717//3717 3660//3660
f 3734//3734 3660//3660 3661//3661
f 3734//3734 3716//3716 3660//3660
f 3708//3708 3670//3670 3707//3707
f 3708//3708 3687//3687 3670//3670
f 3733//3733 3661//3661 3662//3662
f 3733//3733 3734//3734 3661//3661
f 3709//3709 3686//3686 3687//3687
f 3709//3709 3687//3687 3708//3708
f 3732//3732 3662//3662 3663//3663
f 3732//3732 3733//3733 3662//3662
f 3710//3710 3686//3686 3709//3709
f 3710//3710 3685//3685 3686//3686
f 3731//3731 3663//3663 3664//3664
f 3731//3731 3732//3732 3663//3663
f 3711//3711 3684//3684 3685//3685
f 3711//3711 3685//3685 3710//3710
f 3730//3730 3731//3731 3664//3664
f 3712//3712 3684//3684 3711//3711
f 3665//3665 3730//3730 3664//3664
f 3665//3665 3729//3729 3730//3730
f 3683//3683 3684//3684 3712//3712
f 3683//3683 3712//3712 3713//3713
f 3666//3666 3729//3729 3665//3665
f 3666//3666 3728//3728 3729//3729
f 3682//3682 3713//3713 3714//3714
f 3682//3682 3683//3683 3713//3713
f 3667//3667 3727//3727 3728//3728
f 3667//3667 3728//3728 3666//3666
f 3681//3681 3714//3714 3715//3715
f 3681//3681 3682//3682 3714//3714
f 3668//3668 3726//3726 3727//3727
f 3668//3668 3727//3727 3667//3667
f 3680//3680 3715//3715 3697//3697
f 3680//3680 3681//3681 3715//3715
f 3669//3669 3726//3726 3668//3668
f 3669//3669 3706//3706 3726//3726
f 3679//3679 3680//3680 3697//3697
f 3696//3696 3706//3706 3669//3669
f 3696//3696 3705//3705 3706//3706
f 3688//3688 3697//3697 3698//3698
f 3688//3688 3679//3679 3697//3697
f 3695//3695 3705//3705 3696//3696
f 3695//3695 3704//3704 3705//3705
f 3689//3689 3698//3698 3699//3699
f 3689//3689 3688//3688 3698//3698
f 3694//3694 3704//3704 3695//3695
f 3694//3694 3703//3703 3704//3704
f 3690//3690 3699//3699 3700//3700
f 3690//3690 3689//3689 3699//3699
f 3693//3693 3703//3703 3694//3694
f 3693//3693 3702//3702 3703//3703
f 3691//3691 3700//3700 3701//3701
f 3691//3691 3690//3690 3700//3700
f 3692//3692 3702//3702 3693//3693
f 3692//3692 3691//3691 3701//3701
f 3692//3692 3701//3701 3702//3702
v 476.000000 333.500000 1012.500000
v 479.038849 333.500000 1012.234131
v 481.985352 333.500000 1011.444641
v 484.750000 333.500000 1010.155457
v 487.248779 333.500000 1008.405762
v 489.405792 333.500000 1006.248779
v 491.155457 333.500000 1003.750000
v 492.444611 333.500000 1000.985352
v 493.234131 333.500000 998.038818
v 493.500000 333.500000 995.000000
v 458.500000 333.500000 995.000000
v 458.765869 333.500000 998.038818
v 459.555389 333.500000 1000.985352
v 460.844543 333.500000 1003.750000
v 462.594208 333.500000 1006.248779
v 464.751221 333.500000 1008.405762
v 467.250000 333.500000 1010.155457
v 470.014648 333.500000 1011.444641
v 472.961151 333.500000 1012.234131
v 476.000000 333.500000 977.500000
v 472.961151 333.500000 977.765869
v 470.014648 333.500000 978.555359
v 467.250000 333.500000 979.844543
v 464.751221 333.500000 981.594238
v 462.594208 333.500000 983.751221
v 460.844543 333.500000 986.250000
v 459.555389 333.500000 989.014648
v 458.765869 333.500000 991.961182
v 478.991455 333.500000 977.757202
v 481.894684 333.500000 978.522095
v 484.624023 333.500000 979.772400
v 487.099487 333.500000 981.470886
v 489.248596 333.500000 983.567200
v 491.008148 333.500000 985.999634
v 492.326050 333.500000 988.696960
v 493.163055 333.500000 991.580200
v 493.415619 333.500000 993.281860
v 476.000000 333.500000 989.947021
v 476.790466 333.500000 990.009216
v 477.561462 333.500000 990.194336
v 478.294006 333.500000 990.497742
v 478.970093 333.500000 990.912048
v 479.572998 333.500000 991.427002
v 480.087952 333.500000 992.029907
v 480.502258 333.500000 992.705994
v 480.805695 333.500000 993.438538
v 480.990784 333.500000 994.209534
v 481.053009 333.500000 995.000000
v 470.946991 333.500000 995.000000
v 471.009216 333.500000 994.209534
v 471.194305 333.500000 993.438538
v 471.497742 333.500000 992.705994
v 471.912048 333.500000 992.029907
v 472.427002 333.500000 991.427002
v 473.029907 333.500000 990.912048
v 473.705994 333.500000 990.497742
v 474.438538 333.500000 990.194336
v 475.209534 333.500000 990.009216
v 476.000000 333.500000 1000.052979
v 475.209534 333.500000 999.990784
v 474.438538 333.500000 999.805664
v 473.705994 333.500000 999.502258
v 473.029907 333.500000 999.087952
v 472.427002 333.500000 998.572998
v 471.912048 333.500000 997.970093
v 471.497742 333.500000 997.294006
v 471.194305 333.500000 996.561462
v 471.009216 333.500000 995.790466
v 480.990784 333.500000 995.790466
v 480.805695 333.500000 996.561462
v 480.502258 333.500000 997.294006
v 480.087952 333.500000 997.970093
v 479.572998 333.500000 998.572998
v 478.970093 333.500000 999.087952
v 478.294006 333.500000 999.502258
v 477.561462 333.500000 999.805664
v 476.790466 333.500000 999.990784
vn -0.000000 1.000000 -0.000000
vn -0.000000 1.000000 -0.000000
vn -0.000000 1.000000 -0.000000
vn -0.000000 1.000000 -0.000000
vn -0.000000 1.000000 -0.000000
vn -0.000000 1.000000 -0.000000
vn -0.000000 1.000000 -0.000000
vn -0.000000 1.000000 -0.000000
vn -0.000000 1.000000 -0.000000
vn -0.000000 1.000000 -0.000000
vn -0.000000 1.000000 -0.000000
vn -0.000000 1.000000 -0.000000
vn -0.000000 1.000000 -0.000000
vn -0.000000 1.000000 -0.000000
vn -0.000000 1.000000 -0.000000
vn -0.000000 1.000000 -0.000000
vn -0.000000 1.000000 -0.000000
vn -0.000000 1.000000 -0.000000
vn -0.000000 1.000000 -0.000000
vn -0.000000 1.000000 -0.000000
vn -0.000000 1.000000 -0.000000
vn -0.000000 1.000000 -0.000000
vn -0.000000 1.000000 -0.000000
vn -0.000000 1.000000 -0.000000
vn -0.000000 1.000000 -0.000000
vn -0.000000 1.000000 -0.000000
vn -0.000000 1.000000 -0.000000
vn -0.000000 1.000000 -0.000000
vn -0.000000 1.000000 -0.000000
vn -0.000000 1.000000 -0.000000
vn -0.000000 1.000000 -0.000000
vn -0.000000 1.000000 -0.000000
vn -0.000000 1.000000 -0.000000
vn -0.000000 1.000000 -0.000000
vn -0.000000 1.000000 -0.000000
vn -0.000000 1.000000 -0.000000
vn -0.000000 1.000000 -0.000000
vn -0.000000 1.000000 -0.000000
vn -0.000000 1.000000 -0.000000
vn -0.000000 1.000000 -0.000000
vn -0.000000 1.000000 -0.000000
vn -0.000000 1.000000 -0.000000
vn -0.000000 1.000000 -0.000000
vn -0.000000 1.000000 -0.000000
vn -0.000000 1.000000 -0.000000
vn -0.000000 1.000000 -0.000000
vn -0.000000 1.000000 -0.000000
vn -0.000000 1.000000 -0.000000
vn -0.000000 1.000000 -0.000000
vn -0.000000 1.000000 -0.000000
vn -0.000000 1.000000 -0.000000
vn -0.000000 1.000000 -0.000000
vn -0.000000 1.000000 -0.000000
vn -0.000000 1.000000 -0.000000
vn -0.000000 1.000000 -0.000000
vn -0.000000 1.000000 -0.000000
vn -0.000000 1.000000 -0.000000
vn -0.000000 1.000000 -0.000000
vn -0.000000 1.000000 -0.000000
vn -0.000000 1.000000 -0.000000
vn -0.000000 1.000000 -0.000000
vn -0.000000 1.000000 -0.000000
vn -0.000000 1.000000 -0.000000
vn -0.000000 1.000000 -0.000000
vn -0.000000 1.000000 -0.000000
vn -0.000000 1.000000 -0.000000
vn -0.000000 1.000000 -0.000000
vn -0.000000 1.000000 -0.000000
vn -0.000000 1.000000 -0.000000
vn -0.000000 1.000000 -0.000000
vn -0.000000 1.000000 -0.000000
vn -0.000000 1.000000 -0.000000
vn -0.000000 1.000000 -0.000000
vn -0.000000 1.000000 -0.000000
vn -0.000000 1.000000 -0.000000
vn -0.000000 1.000000 -0.000000
vn -0.000000 1.000000 -0.000000
f 3798//3798 3749//3749 3750//3750
f 3799//3799 3748//3748 3749//3749
f 3799//3799 3749//3749 3798//3798
f 3797//3797 3750//3750 3751//3751
f 3797//3797 3798//3798 3750//3750
f 3800//3800 3747//3747 3748//3748
f 3800//3800 3748//3748 3799//3799
f 3796//3796 3797//3797 3751//3751
f 3796//3796 3751//3751 3752//3752
f 3801//3801 3746//3746 3747//3747
f 3801//3801 3747//3747 3800//3800
f 3795//3795 3752//3752 3753//3753
f 3795//3795 3796//3796 3752//3752
f 3802//3802 3745//3745 3746//3746
f 3802//3802 3746//3746 3801//3801
f 3794//3794 3753//3753 3735//3735
f 3794//3794 3795//3795 3753//3753
f 3783//3783 3745//3745 3802//3802
f 3793//3793 3794//3794 3735//3735
f 3784//3784 3745//3745 3783//3783
f 3784//3784 3762//3762 3745//3745
f 3811//3811 3735//3735 3736//3736
f 3811//3811 3793//3793 3735//3735
f 3785//3785 3761//3761 3762//3762
f 3785//3785 3762//3762 3784//3784
f 3810//3810 3736//3736 3737//3737
f 3810//3810 3811//3811 3736//3736
f 3786//3786 3760//3760 3761//3761
f 3786//3786 3761//3761 3785//3785
f 3809//3809 3737//3737 3738//3738
f 3809//3809 3810//3810 3737//3737
f 3787//3787 3759//3759 3760//3760
f 3787//3787 3760//3760 3786//3786
f 3808//3808 3738//3738 3739//3739
f 3808//3808 3809//3809 3738//3738
f 3788//3788 3759//3759 3787//3787
f 3807//3807 3808//3808 3739//3739
f 3740//3740 3807//3807 3739//3739
f 3740//3740 3806//3806 3807//3807
f 3758//3758 3759//3759 3788//3788
f 3758//3758 3788//3788 3789//3789
f 3741//3741 3806//3806 3740//3740
f 3741//3741 3805//3805 3806//3806
f 3757//3757 3789//3789 3790//3790
f 3757//3757 3758//3758 3789//3789
f 3742//3742 3804//3804 3805//3805
f 3742//3742 3805//3805 3741//3741
f 3756//3756 3790//3790 3791//3791
f 3756//3756 3757//3757 3790//3790
f 3743//3743 3804//3804 3742//3742
f 3743//3743 3803//3803 3804//3804
f 3755//3755 3791//3791 3792//3792
f 3755//3755 3756//3756 3791//3791
f 3744//3744 3803//3803 3743//3743
f 3744//3744 3782//3782 3803//3803
f 3754//3754 3772//3772 3773//3773
f 3754//3754 3792//3792 3772//3772
f 3754//3754 3755//3755 3792//3792
f 3771//3771 3782//3782 3744//3744
f 3771//3771 3781//3781 3782//3782
f 3763//3763 3754//3754 3773//3773
f 3763//3763 3773//3773 3774//3774
f 3770//3770 3781//3781 3771//3771
f 3770//3770 3780//3780 3781//3781
f 3764//3764 3774//3774 3775//3775
f 3764//3764 3763//3763 3774//3774
f 3769//3769 3780//3780 3770//3770
f 3769//3769 3779//3779 3780//3780
f 3765//3765 3775//3775 3776//3776
f 3765//3765 3764//3764 3775//3775
f 3768//3768 3779//3779 3769//3769
f 3768//3768 3778//3778 3779//3779
f 3766//3766 3765//3765 3776//3776
f 3766//3766 3776//3776 3777//3777
f 3767//3767 3778//3778 3768//3768
f 3767//3767 3766//3766 3777//3777
f 3767//3767 3777//3777 3778//3778
v 464.000000 306.000000 1745.000000
v 461.690765 306.000000 1718.605469
v 454.833282 306.000000 1693.012939
v 443.635864 306.000000 1669.000000
v 428.438751 306.000000 1647.296265
v 409.703705 306.000000 1628.561279
v 388.000000 306.000000 1613.364136
v 363.987061 306.000000 1602.166748
v 338.394531 306.000000 1595.309204
v 312.000000 306.000000 1593.000000
v 285.605469 306.000000 1595.309204
v 260.012939 306.000000 1602.166748
v 236.000000 306.000000 1613.364136
v 214.296280 306.000000 1628.561279
v 195.561249 306.000000 1647.296265
v 180.364136 306.000000 1669.000000
v 169.166718 306.000000 1693.012939
v 162.309219 306.000000 1718.605469
v 160.000000 306.000000 1745.000000
v 162.309219 306.000000 1771.394531
v 169.166718 306.000000 1796.987061
v 180.364136 306.000000 1821.000000
v 195.561249 306.000000 1842.703735
v 214.296280 306.000000 1861.438721
v 236.000000 306.000000 1876.635864
v 260.012939 306.000000 1887.833252
v 285.605469 306.000000 1894.690796
v 312.000000 306.000000 1897.000000
v 338.394531 306.000000 1894.690796
v 363.987061 306.000000 1887.833252
v 388.000000 306.000000 1876.635864
v 409.703705 306.000000 1861.438721
v 428.438751 306.000000 1842.703735
v 443.635864 306.000000 1821.000000
v 454.833282 306.000000 1796.987061
v 461.690765 306.000000 1771.394531
vn 0.000000 1.000000 0.000000
vn 0.000000 1.000000 0.000000
vn 0.000000 1.000000 0.000000
vn 0.000000 1.000000 0.000000
vn 0.000000 1.000000 0.000000
vn 0.000000 1.000000 0.000000
vn 0.000000 1.000000 0.000000
vn 0.000000 1.000000 0.000000
vn 0.000000 1.000000 0.000000
vn 0.000000 1.000000 0.000000
vn 0.000000 1.000000 0.000000
vn 0.000000 1.000000 0.000000
vn 0.000000 1.000000 0.000000
vn 0.000000 1.000000 0.000000
vn 0.000000 1.000000 0.000000
vn 0.000000 1.000000 0.000000
vn 0.000000 1.000000 0.000000
vn 0.000000 1.000000 0.000000
vn 0.000000 1.000000 0.000000
vn 0.000000 1.000000 0.000000
vn 0.000000 1.000000 0.000000
vn 0.000000 1.000000 0.000000
vn 0.000000 1.000000 0.000000
vn 0.000000 1.000000 0.000000
vn 0.000000 1.000000 0.000000
vn 0.000000 1.000000 0.000000
vn 0.000000 1.000000 0.000000
vn 0.000000 1.000000 0.000000
vn 0.000000 1.000000 0.000000
vn 0.000000 1.000000 0.000000
vn 0.000000 1.000000 0.000000
vn 0.000000 1.000000 0.000000
vn 0.000000 1.000000 0.000000
vn 0.000000 1.000000 0.000000
vn 0.000000 1.000000 0.000000
vn 0.000000 1.000000 0.000000
f 3827//3827 3825//3825 3826//3826
f 3824//3824 3825//3825 3827//3827
f 3829//3829 3827//3827 3828//3828
f 3830//3830 3827//3827 3829//3829
f 3831//3831 3827//3827 3830//3830
f 3820//3820 3821//3821 3822//3822
f 3820//3820 3822//3822 3823//3823
f 3820//3820 3823//3823 3824//3824
f 3820//3820 3824//3824 3827//3827
f 3819//3819 3831//3831 3832//3832
f 3819//3819 3827//3827 3831//3831
f 3819//3819 3820//3820 3827//3827
f 3833//3833 3819//3819 3832//3832
f 3817//3817 3818//3818 3819//3819
f 3817//3817 3819//3819 3833//3833
f 3835//3835 3833//3833 3834//3834
f 3835//3835 3817//3817 3833//3833
f 3836//3836 3817//3817 3835//3835
f 3815//3815 3816//3816 3817//3817
f 3838//3838 3836//3836 3837//3837
f 3839//3839 3836//3836 3838//3838
f 3847//3847 3812//3812 3813//3813
f 3847//3847 3813//3813 3814//3814
f 3841//3841 3839//3839 3840//3840
f 3841//3841 3815//3815 3817//3817
f 3841//3841 3817//3817 3836//3836
f 3841//3841 3836//3836 3839//3839
f 3843//3843 3814//3814 3815//3815
f 3843//3843 3841//3841 3842//3842
f 3843//3843 3847//3847 3814//3814
f 3843//3843 3815//3815 3841//3841
f 3844//3844 3847//3847 3843//3843
f 3844//3844 3845//3845 3846//3846
f 3844//3844 3846//3846 3847//3847
v 467.000000 333.500000 1568.500000
v 470.038849 333.500000 1568.234131
v 472.985352 333.500000 1567.444580
v 475.750000 333.500000 1566.155396
v 478.248779 333.500000 1564.405762
v 480.405792 333.500000 1562.248779
v 482.155457 333.500000 1559.750000
v 483.444611 333.500000 1556.985352
v 484.234131 333.500000 1554.038818
v 484.500000 333.500000 1551.000000
v 449.500000 333.500000 1551.000000
v 449.765869 333.500000 1554.038818
v 450.555389 333.500000 1556.985352
v 451.844543 333.500000 1559.750000
v 453.594208 333.500000 1562.248779
v 455.751221 333.500000 1564.405762
v 458.250000 333.500000 1566.155396
v 461.014648 333.500000 1567.444580
v 463.961151 333.500000 1568.234131
v 467.000000 333.500000 1533.500000
v 463.961151 333.500000 1533.765869
v 461.014648 333.500000 1534.555420
v 458.250000 333.500000 1535.844604
v 455.751221 333.500000 1537.594238
v 453.594208 333.500000 1539.751221
v 451.844543 333.500000 1542.250000
v 450.555389 333.500000 1545.014648
v 449.765869 333.500000 1547.961182
v 469.991455 333.500000 1533.757202
v 472.894684 333.500000 1534.522095
v 475.624023 333.500000 1535.772339
v 478.099487 333.500000 1537.470825
v 480.248596 333.500000 1539.567139
v 482.008148 333.500000 1541.999634
v 483.326050 333.500000 1544.697021
v 484.163055 333.500000 1547.580200
v 484.415619 333.500000 1549.281860
vn -0.000000 1.000000 -0.000000
vn -0.000000 1.000000 -0.000000
vn -0.000000 1.000000 -0.000000
vn -0.000000 1.000000 -0.000000
vn -0.000000 1.000000 -0.000000
vn -0.000000 1.000000 -0.000000
vn -0.000000 1.000000 -0.000000
vn -0.000000 1.000000 -0.000000
vn -0.000000 1.000000 -0.000000
vn -0.000000 1.000000 -0.000000
vn -0.000000 1.000000 -0.000000
vn -0.000000 1.000000 -0.000000
vn -0.000000 1.000000 -0.000000
vn -0.000000 1.000000 -0.000000
vn -0.000000 1.000000 -0.000000
vn -0.000000 1.000000 -0.000000
vn -0.000000 1.000000 -0.000000
vn -0.000000 1.000000 -0.000000
vn -0.000000 1.000000 -0.000000
vn -0.000000 1.000000 -0.000000
vn -0.000000 1.000000 -0.000000
vn -0.000000 1.000000 -0.000000
vn -0.000000 1.000000 -0.000000
vn -0.000000 1.000000 -0.000000
vn -0.000000 1.000000 -0.000000
vn -0.000000 1.000000 -0.000000
vn -0.000000 1.000000 -0.000000
vn -0.000000 1.000000 -0.000000
vn -0.000000 1.000000 -0.000000
vn -0.000000 1.000000 -0.000000
vn -0.000000 1.000000 -0.000000
vn -0.000000 1.000000 -0.000000
vn -0.000000 1.000000 -0.000000
vn -0.000000 1.000000 -0.000000
vn -0.000000 1.000000 -0.000000
vn -0.000000 1.000000 -0.000000
vn -0.000000 1.000000 -0.000000
f 3878//3878 3876//3876 3867//3867
f 3878//3878 3877//3877 3876//3876
f 3881//3881 3883//3883 3882//3882
f 3881//3881 3884//3884 3883//3883
f 3879//3879 3867//3867 3868//3868
f 3879//3879 3868//3868 3869//3869
f 3879//3879 3869//3869 3870//3870
f 3879//3879 3870//3870 3871//3871
f 3879//3879 3871//3871 3872//3872
f 3879//3879 3872//3872 3873//3873
f 3879//3879 3873//3873 3874//3874
f 3879//3879 3878//3878 3867//3867
f 3880//3880 3848//3848 3849//3849
f 3880//3880 3849//3849 3850//3850
f 3880//3880 3850//3850 3851//3851
f 3880//3880 3851//3851 3852//3852
f 3880//3880 3884//3884 3881//3881
f 3880//3880 3852//3852 3853//3853
f 3880//3880 3853//3853 3854//3854
f 3880//3880 3854//3854 3855//3855
f 3880//3880 3855//3855 3856//3856
f 3880//3880 3856//3856 3857//3857
f 3880//3880 3858//3858 3859//3859
f 3880//3880 3879//3879 3874//3874
f 3880//3880 3859//3859 3860//3860
f 3880//3880 3860//3860 3861//3861
f 3880//3880 3861//3861 3862//3862
f 3880//3880 3862//3862 3863//3863
f 3880//3880 3863//3863 3864//3864
f 3880//3880 3864//3864 3865//3865
f 3880//3880 3865//3865 3866//3866
f 3880//3880 3866//3866 3848//3848
f 3880//3880 3874//3874 3875//3875
f 3880//3880 3875//3875 3858//3858
f 3880//3880 3857//3857 3884//3884
v 282.000000 333.500000 1457.000000
v 285.038849 333.500000 1456.734131
v 287.985352 333.500000 1455.944580
v 290.750000 333.500000 1454.655396
v 293.248779 333.500000 1452.905762
v 295.405792 333.500000 1450.748779
v 297.155457 333.500000 1448.250000
v 298.444611 333.500000 1445.485352
v 299.234131 333.500000 1442.538818
v 299.500000 333.500000 1439.500000
v 264.500000 333.500000 1439.500000
v 264.765869 333.500000 1442.538818
v 265.555389 333.500000 1445.485352
v 266.844543 333.500000 1448.250000
v 268.594208 333.500000 1450.748779
v 270.751221 333.500000 1452.905762
v 273.250000 333.500000 1454.655396
v 276.014648 333.500000 1455.944580
v 278.961151 333.500000 1456.734131
v 282.000000 333.500000 1422.000000
v 278.961151 333.500000 1422.265869
v 276.014648 333.500000 1423.055420
v 273.250000 333.500000 1424.344604
v 270.751221 333.500000 1426.094238
v 268.594208 333.500000 1428.251221
v 266.844543 333.500000 1430.750000
v 265.555389 333.500000 1433.514648
v 264.765869 333.500000 1436.461182
v 284.991455 333.500000 1422.257202
v 287.894684 333.500000 1423.022095
v 290.624023 333.500000 1424.272339
v 293.099487 333.500000 1425.970825
v 295.248596 333.500000 1428.067139
v 297.008148 333.500000 1430.499634
v 298.326050 333.500000 1433.197021
v 299.163055 333.500000 1436.080200
v 299.415619 333.500000 1437.781860
v 282.000000 333.500000 1434.447021
v 282.877441 333.500000 1434.523804
v 283.728241 333.500000 1434.751709
v 284.526489 333.500000 1435.124023
v 285.248016 333.500000 1435.629150
v 285.870819 333.500000 1436.251953
v 286.376038 333.500000 1436.973511
v 286.748260 333.500000 1437.771729
v 286.976227 333.500000 1438.622559
v 287.053009 333.500000 1439.500000
v 276.946991 333.500000 1439.500000
v 277.023773 333.500000 1438.622559
v 277.251740 333.500000 1437.771729
v 277.623962 333.500000 1436.973511
v 278.129181 333.500000 1436.251953
v 278.751984 333.500000 1435.629150
v 279.473511 333.500000 1435.124023
v 280.271759 333.500000 1434.751709
v 281.122559 333.500000 1434.523804
v 282.000000 333.500000 1444.552979
v 281.209534 333.500000 1444.490845
v 280.438538 333.500000 1444.305664
v 279.705994 333.500000 1444.002197
v 279.029907 333.500000 1443.588013
v 278.427002 333.500000 1443.072998
v 277.912048 333.500000 1442.470093
v 277.497742 333.500000 1441.794067
v 277.194305 333.500000 1441.061523
v 277.009216 333.500000 1440.290405
v 286.990784 333.500000 1440.290405
v 286.805695 333.500000 1441.061523
v 286.502258 333.500000 1441.794067
v 286.087952 333.500000 1442.470093
v 285.572998 333.500000 1443.072998
v 284.970093 333.500000 1443.588013
v 284.294006 333.500000 1444.002197
v 283.561462 333.500000 1444.305664
v 282.790466 333.500000 1444.490845
vn -0.000000 1.000000 -0.000000
vn -0.000000 1.000000 -0.000000
vn -0.000000 1.000000 -0.000000
vn -0.000000 1.000000 -0.000000
vn -0.000000 1.000000 -0.000000
vn -0.000000 1.000000 -0.000000
vn -0.000000 1.000000 -0.000000
vn -0.000000 1.000000 -0.000000
vn -0.000000 1.000000 -0.000000
vn -0.000000 1.000000 -0.000000
vn -0.000000 1.000000 -0.000000
vn -0.000000 1.000000 -0.000000
vn -0.000000 1.000000 -0.000000
vn -0.000000 1.000000 -0.000000
vn -0.000000 1.000000 -0.000000
vn -0.000000 1.000000 -0.000000
vn -0.000000 1.000000 -0.000000
vn -0.000000 1.000000 -0.000000
vn -0.000000 1.000000 -0.000000
vn -0.000000 1.000000 -0.000000
vn -0.000000 1.000000 -0.000000
vn -0.000000 1.000000 -0.000000
vn -0.000000 1.000000 -0.000000
vn -0.000000 1.000000 -0.000000
vn -0.000000 1.000000 -0.000000
vn -0.000000 1.000000 -0.000000
vn -0.000000 1.000000 -0.000000
vn -0.000000 1.000000 -0.000000
vn -0.000000 1.000000 -0.000000
vn -0.000000 1.000000 -0.000000
vn -0.000000 1.000000 -0.000000
vn -0.000000 1.000000 -0.000000
vn -0.000000 1.000000 -0.000000
vn -0.000000 1.000000 -0.000000
vn -0.000000 1.000000 -0.000000
vn -0.000000 1.000000 -0.000000
vn -0.000000 1.000000 -0.000000
vn -0.000000 1.000000 -0.000000
vn -0.000000 1.000000 -0.000000
vn -0.000000 1.000000 -0.000000
vn -0.000000 1.000000 -0.000000
vn -0.000000 1.000000 -0.000000
vn -0.000000 1.000000 -0.000000
vn -0.000000 1.000000 -0.000000
vn -0.000000 1.000000 -0.000000
vn -0.000000 1.000000 -0.000000
vn -0.000000 1.000000 -0.000000
vn -0.000000 1.000000 -0.000000
vn -0.000000 1.000000 -0.000000
vn -0.000000 1.000000 -0.000000
vn -0.000000 1.000000 -0.000000
vn -0.000000 1.000000 -0.000000
vn -0.000000 1.000000 -0.000000
vn -0.000000 1.000000 -0.000000
vn -0.000000 1.000000 -0.000000
vn -0.000000 1.000000 -0.000000
vn -0.000000 1.000000 -0.000000
vn -0.000000 1.000000 -0.000000
vn -0.000000 1.000000 -0.000000
vn -0.000000 1.000000 -0.000000
vn -0.000000 1.000000 -0.000000
vn -0.000000 1.000000 -0.000000
vn -0.000000 1.000000 -0.000000
vn -0.000000 1.000000 -0.000000
vn -0.000000 1.000000 -0.000000
vn -0.000000 1.000000 -0.000000
vn -0.000000 1.000000 -0.000000
vn -0.000000 1.000000 -0.000000
vn -0.000000 1.000000 -0.000000
vn -0.000000 1.000000 -0.000000
vn -0.000000 1.000000 -0.000000
vn -0.000000 1.000000 -0.000000
vn -0.000000 1.000000 -0.000000
vn -0.000000 1.000000 -0.000000
vn -0.000000 1.000000 -0.000000
f 3946//3946 3899//3899 3900//3900
f 3947//3947 3898//3898 3899//3899
f 3947//3947 3899//3899 3946//3946
f 3945//3945 3900//3900 3901//3901
f 3945//3945 3946//3946 3900//3900
f 3948//3948 3897//3897 3898//3898
f 3948//3948 3898//3898 3947//3947
f 3944//3944 3945//3945 3901//3901
f 3944//3944 3901//3901 3902//3902
f 3949//3949 3896//3896 3897//3897
f 3949//3949 3897//3897 3948//3948
f 3943//3943 3944//3944 3902//3902
f 3943//3943 3902//3902 3903//3903
f 3950//3950 3895//3895 3896//3896
f 3950//3950 3896//3896 3949//3949
f 3942//3942 3903//3903 3885//3885
f 3942//3942 3943//3943 3903//3903
f 3932//3932 3895//3895 3950//3950
f 3941//3941 3942//3942 3885//3885
f 3959//3959 3885//3885 3886//3886
f 3959//3959 3941//3941 3885//3885
f 3933//3933 3895//3895 3932//3932
f 3933//3933 3912//3912 3895//3895
f 3958//3958 3886//3886 3887//3887
f 3958//3958 3959//3959 3886//3886
f 3934//3934 3911//3911 3912//3912
f 3934//3934 3912//3912 3933//3933
f 3957//3957 3887//3887 3888//3888
f 3957//3957 3958//3958 3887//3887
f 3935//3935 3911//3911 3934//3934
f 3935//3935 3910//3910 3911//3911
f 3956//3956 3888//3888 3889//3889
f 3956//3956 3957//3957 3888//3888
f 3936//3936 3909//3909 3910//3910
f 3936//3936 3910//3910 3935//3935
f 3955//3955 3956//3956 3889//3889
f 3937//3937 3909//3909 3936//3936
f 3890//3890 3955//3955 3889//3889
f 3890//3890 3954//3954 3955//3955
f 3908//3908 3909//3909 3937//3937
f 3908//3908 3937//3937 3938//3938
f 3891//3891 3954//3954 3890//3890
f 3891//3891 3953//3953 3954//3954
f 3907//3907 3938//3938 3939//3939
f 3907//3907 3908//3908 3938//3938
f 3892//3892 3952//3952 3953//3953
f 3892//3892 3953//3953 3891//3891
f 3906//3906 3939//3939 3940//3940
f 3906//3906 3907//3907 3939//3939
f 3893//3893 3951//3951 3952//3952
f 3893//3893 3952//3952 3892//3892
f 3905//3905 3940//3940 3922//3922
f 3905//3905 3906//3906 3940//3940
f 3894//3894 3951//3951 3893//3893
f 3894//3894 3931//3931 3951//3951
f 3904//3904 3905//3905 3922//3922
f 3921//3921 3931//3931 3894//3894
f 3921//3921 3930//3930 3931//3931
f 3913//3913 3922//3922 3923//3923
f 3913//3913 3904//3904 3922//3922
f 3920//3920 3930//3930 3921//3921
f 3920//3920 3929//3929 3930//3930
f 3914//3914 3923//3923 3924//3924
f 3914//3914 3913//3913 3923//3923
f 3919//3919 3929//3929 3920//3920
f 3919//3919 3928//3928 3929//3929
f 3915//3915 3924//3924 3925//3925
f 3915//3915 3914//3914 3924//3924
f 3918//3918 3928//3928 3919//3919
f 3918//3918 3927//3927 3928//3928
f 3916//3916 3925//3925 3926//3926
f 3916//3916 3915//3915 3925//3925
f 3917//3917 3927//3927 3918//3918
f 3917//3917 3916//3916 3926//3926
f 3917//3917 3926//3926 3927//3927
v 499.000000 229.326019 690.000000
v 499.511230 231.777740 705.337036
v 500.003876 236.577621 720.116516
v 500.239349 239.823090 727.180725
v 500.465637 243.605927 733.968689
v 453.184296 243.605927 733.968689
v 456.824310 238.862213 725.235046
v 460.038239 234.957443 715.931641
v 462.727722 231.974655 706.140808
v 464.880432 229.931076 695.546021
v 465.858826 229.234406 688.773987
v 466.540070 229.000000 681.931702
v 499.000000 229.000000 681.931702
v 499.000000 229.144943 687.313782
v 499.000000 229.036240 684.623718
vn -0.000000 0.996740 -0.080683
vn -0.000000 0.972224 -0.234054
vn -0.000000 0.924225 -0.381849
vn -0.000000 0.891769 -0.452490
vn -0.000000 0.853941 -0.520370
vn -0.000000 0.853941 -0.520370
vn -0.000000 0.901378 -0.433034
vn -0.000000 0.940425 -0.340000
vn -0.000000 0.970253 -0.242091
vn -0.000000 0.990689 -0.136144
vn -0.000000 0.997656 -0.068423
vn -0.000000 1.000000 -0.000000
vn -0.000000 1.000000 -0.000000
vn -0.000000 0.998551 -0.053821
vn -0.000000 0.999638 -0.026920
f 3964//3964 3966//3966 3965//3965
f 3963//3963 3966//3966 3964//3964
f 3962//3962 3967//3967 3966//3966
f 3962//3962 3968//3968 3967//3967
f 3962//3962 3966//3966 3963//3963
f 3961//3961 3969//3969 3968//3968
f 3961//3961 3968//3968 3962//3962
f 3960//3960 3970//3970 3969//3969
f 3960//3960 3969//3969 3961//3961
f 3973//3973 3971//3971 3970//3970
f 3973//3973 3970//3970 3960//3960
f 3974//3974 3971//3971 3973//3973
f 3972//3972 3971//3971 3974//3974
v 312.000000 192.000000 825.000000
v 312.000000 299.078125 825.000000
v 337.805878 192.000000 822.836670
v 362.891418 192.000000 816.407166
v 386.556396 192.000000 805.890930
v 408.140259 192.000000 791.581482
v 427.040497 192.000000 773.878235
v 442.729523 192.000000 753.275391
v 454.769440 192.000000 730.348022
v 462.824158 192.000000 705.736145
v 466.668823 192.000000 680.126709
v 466.668823 229.000000 680.126709
v 466.540070 229.000000 681.931702
v 466.585327 229.000000 681.330200
v 466.628265 229.000000 680.728516
v 462.727722 231.974655 706.140808
v 464.880432 229.931076 695.546021
v 465.858826 229.234406 688.773987
v 453.184296 243.605927 733.968689
v 456.824310 238.862213 725.235046
v 460.038239 234.957443 715.931641
v 334.161926 298.107605 823.407349
v 355.729095 295.241272 818.703613
v 371.495300 291.842957 813.126892
v 386.080872 287.591797 806.150635
v 399.664185 282.520142 797.827881
v 412.126587 276.726349 788.320190
v 423.385437 270.308411 777.788147
v 436.433960 260.942535 762.418518
v 445.527130 252.589844 748.711548
v 449.568451 248.142685 741.413635
vn -0.000000 0.000000 -1.000000
vn -0.000000 0.000000 -1.000000
vn -0.166490 0.000000 -0.986043
vn -0.328332 0.000000 -0.944562
vn -0.481009 0.000000 -0.876716
vn -0.620260 0.000000 -0.784396
vn -0.742197 0.000000 -0.670182
vn -0.843416 0.000000 -0.537260
vn -0.921093 0.000000 -0.389342
vn -0.973059 0.000000 -0.230556
vn -0.997863 0.000000 -0.065334
vn -0.997863 0.000000 -0.065334
vn -0.997033 0.000000 -0.076979
vn -0.997325 0.000000 -0.073098
vn -0.997602 0.000000 -0.069216
vn -0.972437 0.000000 -0.233167
vn -0.986325 0.000000 -0.164813
vn -0.992638 0.000000 -0.121123
vn -0.910866 0.000000 -0.412701
vn -0.934351 0.000000 -0.356355
vn -0.955085 0.000000 -0.296333
vn -0.142980 0.000000 -0.989726
vn -0.282123 0.000000 -0.959378
vn -0.383841 0.000000 -0.923399
vn -0.477941 0.000000 -0.878392
vn -0.565576 0.000000 -0.824696
vn -0.645978 0.000000 -0.763356
vn -0.718616 0.000000 -0.695407
vn -0.802800 0.000000 -0.596249
vn -0.861465 0.000000 -0.507816
vn -0.887539 0.000000 -0.460733
f 3996//3996 3975//3975 3976//3976
f 3996//3996 3977//3977 3975//3975
f 3997//3997 3978//3978 3977//3977
f 3997//3997 3977//3977 3996//3996
f 3998//3998 3979//3979 3978//3978
f 3998//3998 3978//3978 3997//3997
f 3999//3999 3979//3979 3998//3998
f 4000//4000 3980//3980 3979//3979
f 4000//4000 3979//3979 3999//3999
f 4001//4001 3980//3980 4000//4000
f 4002//4002 3981//3981 3980//3980
f 4002//4002 3980//3980 4001//4001
f 4003//4003 3982//3982 3981//3981
f 4003//4003 3981//3981 4002//4002
f 4004//4004 3982//3982 4003//4003
f 4005//4005 3983//3983 3982//3982
f 4005//4005 3982//3982 4004//4004
f 3993//3993 3983//3983 4005//4005
f 3994//3994 3983//3983 3993//3993
f 3995//3995 3984//3984 3983//3983
f 3995//3995 3983//3983 3994//3994
f 3990//3990 3984//3984 3995//3995
f 3991//3991 3985//3985 3984//3984
f 3991//3991 3984//3984 3990//3990
f 3992//3992 3985//3985 3991//3991
f 3987//3987 3985//3985 3992//3992
f 3988//3988 3985//3985 3987//3987
f 3989//3989 3985//3985 3988//3988
f 3986//3986 3985//3985 3989//3989
v 312.000000 192.000000 825.000000
v 312.000000 299.078125 825.000000
v 206.118546 273.605927 783.199463
v 225.202805 282.879822 798.418152
v 247.068741 290.390991 810.744202
v 266.476440 294.912506 818.164124
v 285.473602 297.684662 822.713257
v 298.664734 298.727905 824.425293
v 193.505173 266.816132 769.919861
v 193.505173 192.000000 769.919861
v 212.598557 192.000000 788.930054
v 234.695480 192.000000 804.346619
v 259.128235 192.000000 815.703735
v 285.158600 192.000000 822.658264
vn 0.000000 -0.000000 -1.000000
vn -0.000000 0.000000 -1.000000
vn 0.683106 -0.000000 -0.730319
vn 0.559982 -0.000000 -0.828505
vn 0.418911 -0.000000 -0.908027
vn 0.293700 -0.000000 -0.955898
vn 0.171138 -0.000000 -0.985247
vn 0.086034 -0.000000 -0.996292
vn 0.764483 -0.000000 -0.644644
vn 0.764483 -0.000000 -0.644644
vn 0.641300 -0.000000 -0.767291
vn 0.498739 -0.000000 -0.866752
vn 0.341108 -0.000000 -0.940024
vn 0.173170 -0.000000 -0.984892
f 4008//4008 4015//4015 4014//4014
f 4008//4008 4016//4016 4015//4015
f 4009//4009 4017//4017 4016//4016
f 4009//4009 4016//4016 4008//4008
f 4010//4010 4018//4018 4017//4017
f 4010//4010 4017//4017 4009//4009
f 4011//4011 4019//4019 4018//4018
f 4011//4011 4018//4018 4010//4010
f 4012//4012 4019//4019 4011//4011
f 4013//4013 4006//4006 4019//4019
f 4013//4013 4019//4019 4012//4012
f 4007//4007 4006//4006 4013//4013
v 206.118546 273.605927 783.199463
v 163.154831 273.605927 783.199463
v 152.546722 265.910706 767.691589
v 145.988007 262.634430 757.876038
v 138.513458 260.498962 748.413757
v 130.202682 259.346832 739.483887
v 121.079315 259.000000 731.162415
v 173.314178 259.000000 731.162415
v 178.993408 260.262726 747.003906
v 175.828201 259.326050 739.223511
v 193.505173 266.816132 769.919861
v 188.048477 264.146179 762.827576
v 183.186081 261.924377 755.169067
vn -0.000000 0.853941 -0.520370
vn -0.000000 0.853941 -0.520370
vn -0.000000 0.930893 -0.365292
vn -0.000000 0.963659 -0.267136
vn -0.000000 0.985007 -0.172513
vn -0.000000 0.996532 -0.083215
vn -0.000000 1.000000 -0.000000
vn -0.000000 1.000000 -0.000000
vn -0.000000 0.987373 -0.158415
vn -0.000000 0.996746 -0.080611
vn -0.000000 0.921839 -0.387574
vn -0.000000 0.948542 -0.316653
vn -0.000000 0.970756 -0.240066
f 4030//4030 4021//4021 4020//4020
f 4030//4030 4022//4022 4021//4021
f 4031//4031 4023//4023 4022//4022
f 4031//4031 4022//4022 4030//4030
f 4032//4032 4023//4023 4031//4031
f 4028//4028 4024//4024 4023//4023
f 4028//4028 4023//4023 4032//4032
f 4029//4029 4025//4025 4024//4024
f 4029//4029 4024//4024 4028//4028
f 4027//4027 4026//4026 4025//4025
f 4027//4027 4025//4025 4029//4029
usemtl mat_2
v 293.528259 357.919220 946.820068
v 293.503967 352.115906 946.706726
v 302.185364 352.558197 965.659607
v 312.186523 351.564972 982.541931
v 322.625122 349.286041 997.947144
v 323.129578 355.003174 1000.135559
v 302.370422 358.394623 966.418579
v 312.555542 357.385437 984.015808
vn -0.937032 -0.002911 0.349232
vn -0.935702 -0.002962 0.352779
vn -0.881594 -0.033261 0.470835
vn -0.841732 -0.081759 0.533669
vn -0.823043 -0.138236 0.550900
vn -0.832922 -0.132208 0.537366
vn -0.885287 -0.032270 0.463924
vn -0.848406 -0.078773 0.523452
f 4039//4039 4033//4033 4034//4034
f 4035//4035 4039//4039 4034//4034
f 4040//4040 4039//4039 4035//4035
f 4036//4036 4040//4040 4035//4035
f 4038//4038 4040//4040 4036//4036
f 4037//4037 4038//4038 4036//4036
v 305.343811 369.543762 944.687378
v 303.333801 369.369537 945.086914
v 301.380829 368.860565 945.468201
v 299.966858 368.255341 945.739441
v 298.663788 367.487000 945.985107
v 297.469818 366.561157 946.205688
v 296.405914 365.491791 946.397278
v 295.489319 364.296631 946.556763
v 294.734344 362.996399 946.681641
v 294.155060 361.611908 946.769592
v 293.760895 360.165863 946.819214
v 293.589142 359.047852 946.830872
v 293.528259 357.919220 946.820068
v 302.370422 358.394623 966.418579
v 312.555542 357.385437 984.015808
v 323.129578 355.003174 1000.135559
v 335.736786 367.312439 1001.190063
v 333.741455 366.994415 1001.692810
v 331.774536 366.350861 1002.052795
v 330.330902 365.651764 1002.223877
v 328.983063 364.800140 1002.301880
v 327.729706 363.801331 1002.289429
v 326.592621 362.670654 1002.185913
v 325.590332 361.426819 1001.993164
v 324.738647 360.091278 1001.714905
v 324.053101 358.685577 1001.355042
v 323.544891 357.232727 1000.919556
v 323.283051 356.119141 1000.545227
v 314.296997 370.307526 964.653870
v 324.794769 369.601593 983.407837
v 302.463531 368.908691 949.755066
v 298.640015 366.376434 950.499146
v 306.000061 369.238037 957.905640
v 296.064484 362.595734 950.912903
v 302.178864 366.672424 958.668030
v 299.582336 362.864075 959.002380
v 313.934021 369.178650 973.447754
v 307.420288 362.661102 974.194824
v 307.890839 369.313293 961.880737
v 311.867310 369.283844 969.648254
v 301.456207 362.904388 962.916260
v 305.384338 362.802002 970.507446
v 310.086487 366.529694 974.119385
v 317.106262 368.906921 979.050720
v 310.539490 362.339752 979.603394
v 326.090698 367.633820 993.418030
v 319.211609 361.137054 993.427734
v 304.066925 366.728027 962.635193
v 306.020477 366.722534 966.529907
v 308.030121 366.656311 970.356567
v 313.238953 366.227020 979.652283
v 316.449677 365.789032 985.058594
v 320.340729 368.496979 984.543518
v 313.715088 361.887543 984.873657
v 322.097778 364.986572 993.808777
vn -0.014596 0.997761 -0.065274
vn -0.170832 0.985290 -0.004404
vn -0.322723 0.944825 0.056168
vn -0.434510 0.894898 0.101773
vn -0.536890 0.831181 0.144523
vn -0.631324 0.753117 0.185056
vn -0.716590 0.660901 0.222954
vn -0.789171 0.557929 0.256756
vn -0.848634 0.444794 0.286319
vn -0.894001 0.322281 0.311282
vn -0.923322 0.195288 0.330664
vn -0.934824 0.097102 0.341577
vn -0.937032 -0.002911 0.349232
vn -0.885287 -0.032270 0.463924
vn -0.848406 -0.078773 0.523452
vn -0.832922 -0.132208 0.537366
vn -0.019887 0.981756 0.189101
vn -0.168869 0.945418 0.278689
vn -0.311643 0.879589 0.359446
vn -0.414616 0.810259 0.414214
vn -0.506823 0.728849 0.460336
vn -0.589701 0.635234 0.498730
vn -0.662403 0.530435 0.529019
vn -0.722359 0.418758 0.550309
vn -0.769821 0.301024 0.562814
vn -0.804615 0.178114 0.566454
vn -0.825788 0.054612 0.561331
vn -0.833067 -0.038709 0.551816
vn -0.018691 0.999799 0.007249
vn -0.020980 0.995434 0.093115
vn -0.362907 0.926810 0.096547
vn -0.661812 0.713294 0.230686
vn -0.358429 0.922758 0.141584
vn -0.862096 0.384764 0.329769
vn -0.650255 0.704001 0.285571
vn -0.843952 0.372837 0.385664
vn -0.352240 0.907833 0.227522
vn -0.813443 0.338020 0.473342
vn -0.356515 0.919857 0.163587
vn -0.353404 0.912366 0.206627
vn -0.835466 0.365371 0.410489
vn -0.820076 0.347832 0.454410
vn -0.632041 0.675372 0.379996
vn -0.350917 0.900106 0.258198
vn -0.804792 0.322209 0.498489
vn -0.328594 0.887117 0.324112
vn -0.781940 0.300602 0.546085
vn -0.645008 0.698006 0.311051
vn -0.640174 0.691176 0.335340
vn -0.635831 0.683595 0.358352
vn -0.627301 0.661935 0.410286
vn -0.623689 0.647254 0.438262
vn -0.350086 0.891284 0.288187
vn -0.797665 0.305203 0.520174
vn -0.604823 0.641674 0.471639
f 4071//4071 4041//4041 4042//4042
f 4071//4071 4042//4042 4043//4043
f 4071//4071 4043//4043 4044//4044
f 4071//4071 4044//4044 4045//4045
f 4072//4072 4045//4045 4046//4046
f 4072//4072 4046//4046 4047//4047
f 4072//4072 4047//4047 4048//4048
f 4072//4072 4071//4071 4045//4045
f 4073//4073 4069//4069 4041//4041
f 4073//4073 4041//4041 4071//4071
f 4073//4073 4071//4071 4072//4072
f 4074//4074 4048//4048 4049//4049
f 4074//4074 4049//4049 4050//4050
f 4074//4074 4050//4050 4051//4051
f 4074//4074 4051//4051 4052//4052
f 4074//4074 4052//4052 4053//4053
f 4074//4074 4072//4072 4048//4048
f 4075//4075 4073//4073 4072//4072
f 4076//4076 4053//4053 4054//4054
f 4076//4076 4075//4075 4072//4072
f 4076//4076 4074//4074 4053//4053
f 4076//4076 4072//4072 4074//4074
f 4077//4077 4070//4070 4069//4069
f 4078//4078 4054//4054 4055//4055
f 4079//4079 4069//4069 4073//4073
f 4080//4080 4077//4077 4069//4069
f 4080//4080 4069//4069 4079//4079
f 4081//4081 4075//4075 4076//4076
f 4081//4081 4076//4076 4054//4054
f 4082//4082 4078//4078 4083//4083
f 4082//4082 4081//4081 4054//4054
f 4082//4082 4054//4054 4078//4078
f 4084//4084 4070//4070 4077//4077
f 4085//4085 4083//4083 4078//4078
f 4085//4085 4078//4078 4055//4055
f 4086//4086 4058//4058 4057//4057
f 4086//4086 4059//4059 4058//4058
f 4086//4086 4060//4060 4059//4059
f 4086//4086 4061//4061 4060//4060
f 4086//4086 4057//4057 4070//4070
f 4087//4087 4055//4055 4056//4056
f 4087//4087 4065//4065 4064//4064
f 4087//4087 4066//4066 4065//4065
f 4087//4087 4067//4067 4066//4066
f 4087//4087 4068//4068 4067//4067
f 4087//4087 4056//4056 4068//4068
f 4088//4088 4075//4075 4081//4081
f 4088//4088 4073//4073 4075//4075
f 4088//4088 4079//4079 4073//4073
f 4089//4089 4079//4079 4088//4088
f 4089//4089 4088//4088 4081//4081
f 4089//4089 4081//4081 4082//4082
f 4089//4089 4080//4080 4079//4079
f 4090//4090 4089//4089 4082//4082
f 4090//4090 4080//4080 4089//4089
f 4090//4090 4077//4077 4080//4080
f 4090//4090 4083//4083 4077//4077
f 4090//4090 4082//4082 4083//4083
f 4091//4091 4092//4092 4084//4084
f 4091//4091 4077//4077 4083//4083
f 4091//4091 4083//4083 4085//4085
f 4091//4091 4084//4084 4077//4077
f 4093//4093 4084//4084 4092//4092
f 4093//4093 4086//4086 4070//4070
f 4093//4093 4070//4070 4084//4084
f 4094//4094 4085//4085 4055//4055
f 4094//4094 4091//4091 4085//4085
f 4094//4094 4055//4055 4087//4087
f 4094//4094 4087//4087 4092//4092
f 4094//4094 4092//4092 4091//4091
f 4095//4095 4061//4061 4086//4086
f 4095//4095 4092//4092 4087//4087
f 4095//4095 4062//4062 4061//4061
f 4095//4095 4063//4063 4062//4062
f 4095//4095 4064//4064 4063//4063
f 4095//4095 4093//4093 4092//4092
f 4095//4095 4086//4086 4093//4093
f 4095//4095 4087//4087 4064//4064
v 338.683197 369.594208 938.002258
v 305.343811 369.543762 944.687378
v 314.296997 370.307526 964.653870
v 324.794769 369.601593 983.407837
v 335.736786 367.312439 1001.190063
v 368.598328 369.791260 991.777100
v 347.040100 370.987183 955.353088
v 357.381073 371.230865 973.333191
vn -0.020809 0.995139 -0.096255
vn -0.014596 0.997761 -0.065274
vn -0.018691 0.999799 0.007249
vn -0.020980 0.995434 0.093115
vn -0.019887 0.981756 0.189101
vn -0.031704 0.988242 0.149573
vn -0.030613 0.998927 -0.034765
vn -0.034815 0.998200 0.048832
f 4097//4097 4102//4102 4096//4096
f 4098//4098 4103//4103 4102//4102
f 4098//4098 4102//4102 4097//4097
f 4099//4099 4101//4101 4103//4103
f 4099//4099 4103//4103 4098//4098
f 4100//4100 4101//4101 4099//4099
v 350.401520 358.005280 935.416016
v 350.306427 359.521515 935.466003
v 350.011871 361.011322 935.555420
v 349.523010 362.449036 935.682739
v 348.846710 363.809662 935.846130
v 347.996094 365.070831 936.042419
v 346.985962 366.210754 936.268188
v 345.832306 367.208954 936.519897
v 344.555969 368.049805 936.792969
v 343.179077 368.718933 937.082764
v 341.724365 369.203430 937.384399
v 340.217102 369.496857 937.692627
v 338.683197 369.594208 938.002258
v 347.040100 370.987183 955.353088
v 357.381073 371.230865 973.333191
v 368.598328 369.791260 991.777100
v 379.187653 359.231781 984.078003
v 379.188538 361.174988 984.875977
v 378.848785 363.035004 985.747864
v 378.365723 364.362000 986.446350
v 377.709930 365.567535 987.149719
v 376.887268 366.653870 987.857117
v 375.910217 367.601898 988.556702
v 374.795105 368.396454 989.237061
v 373.561493 369.025391 989.887024
v 372.229065 369.477020 990.495483
v 370.819794 369.744171 991.052551
v 369.718994 369.821808 991.433899
v 358.226471 359.554047 950.552490
v 368.144135 360.164825 966.829590
v 350.907349 362.809662 938.718018
v 348.399139 366.570557 939.434692
v 354.000458 363.467010 944.950073
v 344.620575 369.073151 940.381042
v 351.552582 367.219482 945.918274
v 347.830597 369.701538 947.103760
v 361.312073 364.388092 958.000732
v 355.359985 370.506165 960.999573
v 355.697906 363.753845 948.143005
v 359.360901 364.219299 954.670898
v 349.585815 369.966278 950.524658
v 353.358459 370.373291 957.474854
v 364.367218 364.547516 963.071472
v 358.483002 370.604004 966.342834
v 373.147095 364.023071 976.885376
v 367.568665 370.054749 980.765442
v 353.280609 367.498718 949.231323
v 355.100037 367.741272 952.588745
v 357.003265 367.942200 955.987976
v 358.982697 368.096588 959.426453
v 362.077057 368.230133 964.652832
v 365.294220 368.231232 969.957397
v 367.549927 364.579254 968.229614
v 361.722931 370.566040 971.749451
v 371.041016 367.686371 978.825195
vn 0.911718 0.004195 -0.410796
vn 0.897864 0.136013 -0.418736
vn 0.868957 0.263383 -0.418979
vn 0.825291 0.386420 -0.411793
vn 0.768066 0.502073 -0.397488
vn 0.699079 0.607759 -0.376720
vn 0.618307 0.703844 -0.349713
vn 0.527638 0.788024 -0.317201
vn 0.429382 0.858572 -0.280152
vn 0.323237 0.915738 -0.238626
vn 0.211556 0.958002 -0.193586
vn 0.096982 0.984497 -0.146152
vn -0.020809 0.995139 -0.096255
vn -0.030613 0.998927 -0.034765
vn -0.034815 0.998200 0.048832
vn -0.031704 0.988242 0.149573
vn 0.843385 0.125546 -0.522437
vn 0.824690 0.287490 -0.487070
vn 0.783351 0.440485 -0.438559
vn 0.736596 0.550403 -0.393044
vn 0.679261 0.649026 -0.342592
vn 0.610733 0.738125 -0.286665
vn 0.531092 0.816754 -0.225507
vn 0.443134 0.881835 -0.161241
vn 0.347123 0.933088 -0.094087
vn 0.243477 0.969600 -0.024408
vn 0.136117 0.989659 0.045235
vn 0.053042 0.993817 0.097545
vn 0.866119 0.037342 -0.498441
vn 0.841400 0.081907 -0.534170
vn 0.814868 0.390890 -0.428014
vn 0.609661 0.707156 -0.358112
vn 0.795997 0.401762 -0.452744
vn 0.317574 0.917884 -0.237982
vn 0.594250 0.715276 -0.367759
vn 0.307470 0.923074 -0.231075
vn 0.768818 0.428571 -0.474601
vn 0.294012 0.935206 -0.197350
vn 0.787804 0.407962 -0.461445
vn 0.774218 0.421439 -0.472203
vn 0.303193 0.925986 -0.224996
vn 0.296445 0.932115 -0.208045
vn 0.762782 0.439525 -0.474323
vn 0.291633 0.939713 -0.178577
vn 0.769042 0.444481 -0.459359
vn 0.314350 0.940719 -0.127402
vn 0.587705 0.719916 -0.369221
vn 0.582028 0.724831 -0.368597
vn 0.577232 0.729944 -0.366041
vn 0.573315 0.735187 -0.361676
vn 0.569287 0.743160 -0.351604
vn 0.567657 0.750985 -0.337324
vn 0.759476 0.450448 -0.469353
vn 0.290875 0.943857 -0.156608
vn 0.586339 0.745650 -0.316563
f 4134//4134 4104//4104 4105//4105
f 4134//4134 4105//4105 4106//4106
f 4134//4134 4106//4106 4107//4107
f 4134//4134 4107//4107 4108//4108
f 4135//4135 4108//4108 4109//4109
f 4135//4135 4109//4109 4110//4110
f 4135//4135 4110//4110 4111//4111
f 4135//4135 4111//4111 4112//4112
f 4135//4135 4134//4134 4108//4108
f 4136//4136 4132//4132 4104//4104
f 4136//4136 4104//4104 4134//4134
f 4137//4137 4112//4112 4113//4113
f 4137//4137 4113//4113 4114//4114
f 4137//4137 4114//4114 4115//4115
f 4137//4137 4115//4115 4116//4116
f 4137//4137 4135//4135 4112//4112
f 4138//4138 4136//4136 4134//4134
f 4138//4138 4135//4135 4137//4137
f 4138//4138 4134//4134 4135//4135
f 4139//4139 4116//4116 4117//4117
f 4139//4139 4138//4138 4137//4137
f 4139//4139 4137//4137 4116//4116
f 4140//4140 4133//4133 4132//4132
f 4141//4141 4117//4117 4118//4118
f 4142//4142 4132//4132 4136//4136
f 4143//4143 4140//4140 4132//4132
f 4143//4143 4132//4132 4142//4142
f 4144//4144 4139//4139 4117//4117
f 4145//4145 4144//4144 4117//4117
f 4145//4145 4117//4117 4141//4141
f 4146//4146 4133//4133 4140//4140
f 4147//4147 4141//4141 4118//4118
f 4148//4148 4121//4121 4120//4120
f 4148//4148 4122//4122 4121//4121
f 4148//4148 4123//4123 4122//4122
f 4148//4148 4124//4124 4123//4123
f 4148//4148 4120//4120 4133//4133
f 4149//4149 4118//4118 4119//4119
f 4149//4149 4128//4128 4127//4127
f 4149//4149 4129//4129 4128//4128
f 4149//4149 4130//4130 4129//4129
f 4149//4149 4131//4131 4130//4130
f 4149//4149 4119//4119 4131//4131
f 4150//4150 4138//4138 4139//4139
f 4150//4150 4139//4139 4144//4144
f 4150//4150 4142//4142 4136//4136
f 4150//4150 4136//4136 4138//4138
f 4151//4151 4142//4142 4150//4150
f 4151//4151 4143//4143 4142//4142
f 4151//4151 4150//4150 4144//4144
f 4151//4151 4144//4144 4145//4145
f 4152//4152 4143//4143 4151//4151
f 4152//4152 4145//4145 4141//4141
f 4152//4152 4141//4141 4153//4153
f 4152//4152 4140//4140 4143//4143
f 4152//4152 4153//4153 4140//4140
f 4152//4152 4151//4151 4145//4145
f 4154//4154 4147//4147 4155//4155
f 4154//4154 4153//4153 4141//4141
f 4154//4154 4140//4140 4153//4153
f 4154//4154 4141//4141 4147//4147
f 4154//4154 4146//4146 4140//4140
f 4156//4156 4146//4146 4154//4154
f 4156//4156 4148//4148 4133//4133
f 4156//4156 4133//4133 4146//4146
f 4156//4156 4154//4154 4155//4155
f 4157//4157 4147//4147 4118//4118
f 4157//4157 4155//4155 4147//4147
f 4157//4157 4118//4118 4149//4149
f 4157//4157 4149//4149 4155//4155
f 4158//4158 4124//4124 4148//4148
f 4158//4158 4155//4155 4149//4149
f 4158//4158 4125//4125 4124//4124
f 4158//4158 4126//4126 4125//4125
f 4158//4158 4127//4127 4126//4126
f 4158//4158 4156//4156 4155//4155
f 4158//4158 4148//4148 4156//4156
f 4158//4158 4149//4149 4127//4127
v 378.683197 353.514648 981.889648
v 379.187653 359.231781 984.078003
v 388.099609 356.945953 998.540344
v 396.382080 352.891937 1013.632263
v 395.941071 347.546356 1010.504211
v 387.573792 351.388275 995.830566
vn 0.834967 0.130928 -0.534497
vn 0.843385 0.125546 -0.522437
vn 0.865044 0.151359 -0.478319
vn 0.902274 0.159864 -0.400431
vn 0.894591 0.168424 -0.413933
vn 0.856396 0.158565 -0.491369
f 4161//4161 4159//4159 4160//4160
f 4161//4161 4164//4164 4159//4159
f 4163//4163 4164//4164 4161//4161
f 4162//4162 4163//4163 4161//4161
usemtl mat_1
v 312.000000 229.000000 483.000000
v 312.000000 87.000000 483.000000
v 342.685059 229.000000 485.534760
v 372.538239 229.000000 493.070282
v 400.750275 229.000000 505.402344
v 426.556305 229.000000 522.196594
v 449.256744 229.000000 542.997681
v 468.236206 229.000000 567.241821
v 482.980164 229.000000 594.271667
v 493.088928 229.000000 623.354492
v 498.288422 229.000000 653.701904
v 498.683624 229.000000 659.126892
v 498.920898 229.000000 664.561157
v 499.000000 229.000000 670.000000
v 499.000000 87.000000 670.000000
v 344.472198 87.000000 485.840942
v 375.957764 87.000000 494.277466
v 405.500000 87.000000 508.053253
v 432.201294 87.000000 526.749695
v 455.250305 87.000000 549.798706
v 473.946747 87.000000 576.500000
v 487.722534 87.000000 606.042236
v 496.159058 87.000000 637.527771
vn 0.000000 0.000000 -1.000000
vn 0.000000 0.000000 -1.000000
vn 0.164091 0.000000 -0.986445
vn 0.323734 0.000000 -0.946148
vn 0.474600 0.000000 -0.880201
vn 0.612601 0.000000 -0.790393
vn 0.733993 0.000000 -0.679157
vn 0.835488 0.000000 -0.549509
vn 0.914333 0.000000 -0.404964
vn 0.968390 0.000000 -0.249441
vn 0.996195 0.000000 -0.087156
vn 0.998308 0.000000 -0.058145
vn 0.999577 0.000000 -0.029085
vn 1.000000 0.000000 -0.000000
vn 1.000000 0.000000 -0.000000
vn 0.173648 0.000000 -0.984808
vn 0.342020 0.000000 -0.939693
vn 0.500000 0.000000 -0.866025
vn 0.642788 0.000000 -0.766044
vn 0.766044 0.000000 -0.642788
vn 0.866025 0.000000 -0.500000
vn 0.939693 0.000000 -0.342020
vn 0.984808 0.000000 -0.173648
f 4166//4166 4165//4165 4167//4167
f 4180//4180 4167//4167 4168//4168
f 4180//4180 4166//4166 4167//4167
f 4181//4181 4168//4168 4169//4169
f 4181//4181 4180//4180 4168//4168
f 4182//4182 4169//4169 4170//4170
f 4182//4182 4181//4181 4169//4169
f 4183//4183 4170//4170 4171//4171
f 4183//4183 4182//4182 4170//4170
f 4184//4184 4171//4171 4172//4172
f 4184//4184 4183//4183 4171//4171
f 4185//4185 4172//4172 4173//4173
f 4185//4185 4184//4184 4172//4172
f 4186//4186 4173//4173 4174//4174
f 4186//4186 4185//4185 4173//4173
f 4187//4187 4174//4174 4175//4175
f 4187//4187 4186//4186 4174//4174
f 4179//4179 4175//4175 4176//4176
f 4179//4179 4176//4176 4177//4177
f 4179//4179 4177//4177 4178//4178
f 4179//4179 4187//4187 4175//4175
v 134.358292 151.000000 743.767212
v 134.358292 227.000000 743.767212
v 117.464096 227.000000 728.222412
v 98.395615 227.000000 715.437805
v 77.599503 227.000000 705.712830
v 77.599503 259.000000 705.712830
v 121.079315 259.000000 731.162415
v 107.572990 259.000000 721.063416
v 93.018394 259.000000 712.544312
v 130.202682 259.346832 739.483887
v 152.546722 265.910706 767.691589
v 145.988007 262.634430 757.876038
v 138.513458 260.498962 748.413757
v 152.546722 126.000000 767.691589
v 146.072937 126.000000 757.992676
v 138.865295 126.000000 748.825928
v 130.967361 126.000000 740.246826
v 130.967361 151.000000 740.246826
v 133.240738 151.000000 742.581482
v 132.110397 151.000000 741.407959
vn -0.731435 -0.000000 0.681911
vn -0.731435 -0.000000 0.681911
vn -0.618807 -0.000000 0.785543
vn -0.491684 -0.000000 0.870774
vn -0.353043 -0.000000 0.935607
vn -0.353043 -0.000000 0.935607
vn -0.642909 -0.000000 0.765943
vn -0.552866 -0.000000 0.833270
vn -0.455836 -0.000000 0.890064
vn -0.703731 -0.000000 0.710467
vn -0.852691 -0.000000 0.522415
vn -0.808968 -0.000000 0.587853
vn -0.759135 -0.000000 0.650933
vn -0.852691 -0.000000 0.522415
vn -0.809533 -0.000000 0.587075
vn -0.761482 -0.000000 0.648186
vn -0.708829 -0.000000 0.705380
vn -0.708829 -0.000000 0.705380
vn -0.723985 -0.000000 0.689816
vn -0.716449 -0.000000 0.697639
f 4188//4188 4203//4203 4202//4202
f 4188//4188 4204//4204 4203//4203
f 4206//4206 4204//4204 4188//4188
f 4207//4207 4204//4204 4206//4206
f 4205//4205 4204//4204 4207//4207
f 4199//4199 4201//4201 4198//4198
f 4199//4199 4202//4202 4201//4201
f 4189//4189 4188//4188 4202//4202
f 4189//4189 4202//4202 4199//4199
f 4200//4200 4189//4189 4199//4199
f 4197//4197 4189//4189 4200//4200
f 4190//4190 4189//4189 4197//4197
f 4194//4194 4190//4190 4197//4197
f 4195//4195 4191//4191 4190//4190
f 4195//4195 4190//4190 4194//4194
f 4196//4196 4191//4191 4195//4195
f 4192//4192 4191//4191 4196//4196
f 4193//4193 4192//4192 4196//4196
v 152.546722 126.000000 767.691589
v 139.166901 126.000000 741.398315
v 130.088791 126.000000 713.327942
v 125.538338 126.000000 684.179199
v 125.628807 126.000000 654.677490
v 130.357941 126.000000 625.557190
v 139.608047 126.000000 597.543030
v 153.148865 126.000000 571.332275
v 170.643417 126.000000 547.577332
v 146.072937 126.000000 757.992676
v 138.865295 126.000000 748.825928
v 130.967361 126.000000 740.246826
v 73.275223 126.000000 678.808716
v 93.458916 126.000000 698.379089
v 112.703712 126.000000 718.873474
v 69.271683 126.000000 674.440552
v 66.038902 126.000000 669.474731
v 63.664474 126.000000 664.045959
v 62.212719 126.000000 658.301208
v 61.722965 126.000000 652.396179
v 62.208477 126.000000 646.490723
v 63.656109 126.000000 640.744934
v 66.026634 126.000000 635.314453
v 69.255844 126.000000 630.346375
v 73.256248 126.000000 625.975281
v 77.919479 126.000000 622.319580
v 144.871368 126.000000 571.129150
v 123.362137 126.000000 589.232544
v 101.028496 126.000000 606.308533
v 157.001434 126.000000 561.407654
v 164.046570 126.000000 554.713562
vn 0.000000 -1.000000 0.000000
vn 0.000000 -1.000000 0.000000
vn 0.000000 -1.000000 0.000000
vn 0.000000 -1.000000 0.000000
vn 0.000000 -1.000000 0.000000
vn 0.000000 -1.000000 0.000000
vn 0.000000 -1.000000 0.000000
vn 0.000000 -1.000000 0.000000
vn 0.000000 -1.000000 0.000000
vn 0.000000 -1.000000 0.000000
vn 0.000000 -1.000000 0.000000
vn 0.000000 -1.000000 0.000000
vn 0.000000 -1.000000 0.000000
vn 0.000000 -1.000000 0.000000
vn 0.000000 -1.000000 0.000000
vn 0.000000 -1.000000 0.000000
vn 0.000000 -1.000000 0.000000
vn 0.000000 -1.000000 0.000000
vn 0.000000 -1.000000 0.000000
vn 0.000000 -1.000000 0.000000
vn 0.000000 -1.000000 0.000000
vn 0.000000 -1.000000 0.000000
vn 0.000000 -1.000000 0.000000
vn 0.000000 -1.000000 0.000000
vn 0.000000 -1.000000 0.000000
vn 0.000000 -1.000000 0.000000
vn 0.000000 -1.000000 0.000000
vn 0.000000 -1.000000 0.000000
vn 0.000000 -1.000000 0.000000
vn 0.000000 -1.000000 0.000000
vn 0.000000 -1.000000 0.000000
f 4209//4209 4208//4208 4217//4217
f 4209//4209 4217//4217 4218//4218
f 4209//4209 4218//4218 4219//4219
f 4210//4210 4219//4219 4222//4222
f 4210//4210 4209//4209 4219//4219
f 4211//4211 4221//4221 4220//4220
f 4211//4211 4222//4222 4221//4221
f 4211//4211 4210//4210 4222//4222
f 4212//4212 4220//4220 4223//4223
f 4212//4212 4223//4223 4224//4224
f 4212//4212 4224//4224 4225//4225
f 4212//4212 4225//4225 4226//4226
f 4212//4212 4226//4226 4227//4227
f 4212//4212 4227//4227 4228//4228
f 4212//4212 4228//4228 4229//4229
f 4212//4212 4229//4229 4230//4230
f 4212//4212 4230//4230 4231//4231
f 4212//4212 4231//4231 4232//4232
f 4212//4212 4232//4232 4233//4233
f 4212//4212 4211//4211 4220//4220
f 4213//4213 4233//4233 4236//4236
f 4213//4213 4212//4212 4233//4233
f 4235//4235 4213//4213 4236//4236
f 4214//4214 4213//4213 4235//4235
f 4234//4234 4214//4214 4235//4235
f 4215//4215 4214//4214 4234//4234
f 4237//4237 4215//4215 4234//4234
f 4238//4238 4215//4215 4237//4237
f 4216//4216 4215//4215 4238//4238
v 170.643417 259.000000 547.577332
v 170.643417 126.000000 547.577332
v 86.579826 259.000000 596.483032
v 110.354317 259.000000 589.664673
v 132.685211 259.000000 579.032227
v 152.965363 259.000000 564.874817
v 86.579826 227.000000 596.483032
v 108.685028 227.000000 590.285156
v 129.585526 227.000000 580.786621
v 148.791733 227.000000 568.209839
v 148.791733 151.000000 568.209839
v 144.871368 151.000000 571.129150
v 146.188690 151.000000 570.170227
v 147.495529 151.000000 569.197083
v 144.871368 126.000000 571.129150
v 157.001434 126.000000 561.407654
v 164.046570 126.000000 554.713562
vn -0.755918 0.000000 -0.654667
vn -0.755918 0.000000 -0.654667
vn -0.195494 0.000000 -0.980705
vn -0.353990 0.000000 -0.935249
vn -0.502863 0.000000 -0.864366
vn -0.638064 0.000000 -0.769983
vn -0.195494 0.000000 -0.980705
vn -0.342862 0.000000 -0.939386
vn -0.482198 0.000000 -0.876062
vn -0.610240 0.000000 -0.792217
vn -0.610240 0.000000 -0.792217
vn -0.584104 0.000000 -0.811679
vn -0.592886 0.000000 -0.805286
vn -0.601598 0.000000 -0.798799
vn -0.584104 0.000000 -0.811679
vn -0.664971 0.000000 -0.746869
vn -0.711939 0.000000 -0.702242
f 4246//4246 4245//4245 4241//4241
f 4251//4251 4253//4253 4250//4250
f 4242//4242 4246//4246 4241//4241
f 4252//4252 4253//4253 4251//4251
f 4249//4249 4253//4253 4252//4252
f 4254//4254 4253//4253 4249//4249
f 4247//4247 4246//4246 4242//4242
f 4255//4255 4254//4254 4249//4249
f 4243//4243 4247//4247 4242//4242
f 4248//4248 4255//4255 4249//4249
f 4248//4248 4247//4247 4243//4243
f 4244//4244 4248//4248 4243//4243
f 4239//4239 4240//4240 4255//4255
f 4239//4239 4255//4255 4248//4248
f 4239//4239 4248//4248 4244//4244
v 77.599503 259.000000 705.712830
v 68.755775 259.000000 701.473999
v 60.769562 259.000000 695.781921
v 53.877270 259.000000 688.805115
v 48.282925 259.000000 680.750183
v 44.152145 259.000000 671.855469
v 41.607204 259.000000 662.384277
v 40.723442 259.000000 652.617126
v 41.527020 259.000000 642.842957
v 43.994152 259.000000 633.351257
v 48.051804 259.000000 624.422974
v 53.579857 259.000000 616.322327
v 60.414665 259.000000 609.289246
v 68.353897 259.000000 603.531860
v 77.162537 259.000000 599.220581
v 86.579826 259.000000 596.483032
v 110.354317 259.000000 589.664673
v 132.685211 259.000000 579.032227
v 152.965363 259.000000 564.874817
v 170.643417 259.000000 547.577332
v 174.310562 259.000000 543.466919
v 178.097183 259.000000 539.466370
v 182.000000 259.000000 535.579041
v 182.000000 259.000000 583.155579
v 177.931366 259.000000 604.314392
v 178.778427 259.000000 597.169861
v 180.136978 259.000000 590.104736
v 176.549637 259.000000 621.120544
v 170.530792 259.000000 643.122253
v 168.061417 259.000000 665.800049
v 168.421661 259.000000 681.011597
v 170.385162 259.000000 696.100525
v 170.289703 259.000000 697.261597
v 173.314178 259.000000 731.162415
v 171.017105 259.000000 720.001892
v 170.004562 259.000000 708.652466
v 121.079315 259.000000 731.162415
v 107.572990 259.000000 721.063416
v 93.018394 259.000000 712.544312
v 162.000000 259.000000 595.000000
v 164.604721 259.000000 595.227905
v 167.130295 259.000000 595.904602
v 169.500000 259.000000 597.009644
v 171.641815 259.000000 598.509338
v 173.490662 259.000000 600.358215
v 174.990387 259.000000 602.500000
v 176.095383 259.000000 604.869690
v 176.772110 259.000000 607.395264
v 177.000000 259.000000 610.000000
v 147.000000 259.000000 610.000000
v 147.184677 259.000000 607.653503
v 147.734146 259.000000 605.364746
v 148.634903 259.000000 603.190125
v 149.864746 259.000000 601.183228
v 151.393402 259.000000 599.393372
v 153.183228 259.000000 597.864746
v 155.190140 259.000000 596.634888
v 157.364746 259.000000 595.734131
v 159.653488 259.000000 595.184692
v 162.000000 259.000000 625.000000
v 159.653488 259.000000 624.815308
v 157.364746 259.000000 624.265869
v 155.190140 259.000000 623.365112
v 153.183228 259.000000 622.135254
v 151.393402 259.000000 620.606628
v 149.864746 259.000000 618.816772
v 148.634903 259.000000 616.809875
v 147.734146 259.000000 614.635254
v 147.184677 259.000000 612.346497
v 176.772110 259.000000 612.604736
v 176.095383 259.000000 615.130310
v 174.990387 259.000000 617.500000
v 173.490662 259.000000 619.641785
v 171.641815 259.000000 621.490662
v 169.500000 259.000000 622.990356
v 167.130295 259.000000 624.095398
v 164.604721 259.000000 624.772095
v 150.222961 259.000000 652.383240
v 149.450348 259.000000 643.409912
v 147.155243 259.000000 634.700073
v 143.763428 259.000000 627.153748
v 139.638077 259.000000 620.770508
v 134.634003 259.000000 615.049316
v 128.856766 259.000000 610.111023
v 122.427078 259.000000 606.058777
v 115.479057 259.000000 602.977112
v 108.159233 259.000000 600.930969
v 102.967323 259.000000 600.145813
v 97.722961 259.000000 599.883240
v 88.749565 259.000000 600.655823
v 80.039879 259.000000 602.950867
v 72.493469 259.000000 606.342773
v 66.110115 259.000000 610.468201
v 60.389053 259.000000 615.472168
v 55.450726 259.000000 621.249512
v 51.398422 259.000000 627.679321
v 48.316807 259.000000 634.627258
v 46.270695 259.000000 641.947021
v 45.485550 259.000000 647.138916
v 45.222961 259.000000 652.383240
v 45.995583 259.000000 661.356567
v 48.290680 259.000000 670.066406
v 51.682499 259.000000 677.612671
v 55.807842 259.000000 683.995972
v 60.811916 259.000000 689.717102
v 66.589157 259.000000 694.655396
v 73.018845 259.000000 698.707642
v 79.966873 259.000000 701.789307
v 87.286690 259.000000 703.835449
v 92.478600 259.000000 704.620605
v 97.722961 259.000000 704.883240
v 106.696358 259.000000 704.110596
v 115.406052 259.000000 701.815552
v 122.952454 259.000000 698.423645
v 129.335800 259.000000 694.298279
v 135.056870 259.000000 689.294250
v 139.995193 259.000000 683.516907
v 144.047501 259.000000 677.087097
v 147.129120 259.000000 670.139221
v 149.175232 259.000000 662.819397
v 149.960373 259.000000 657.627563
vn -0.000000 1.000000 -0.000000
vn -0.000000 1.000000 -0.000000
vn -0.000000 1.000000 -0.000000
vn -0.000000 1.000000 -0.000000
vn -0.000000 1.000000 -0.000000
vn -0.000000 1.000000 -0.000000
vn -0.000000 1.000000 -0.000000
vn -0.000000 1.000000 -0.000000
vn -0.000000 1.000000 -0.000000
vn -0.000000 1.000000 -0.000000
vn -0.000000 1.000000 -0.000000
vn -0.000000 1.000000 -0.000000
vn -0.000000 1.000000 -0.000000
vn -0.000000 1.000000 -0.000000
vn -0.000000 1.000000 -0.000000
vn -0.000000 1.000000 -0.000000
vn -0.000000 1.000000 -0.000000
vn -0.000000 1.000000 -0.000000
vn -0.000000 1.000000 -0.000000
vn -0.000000 1.000000 -0.000000
vn -0.000000 1.000000 -0.000000
vn -0.000000 1.000000 -0.000000
vn -0.000000 1.000000 -0.000000
vn -0.000000 1.000000 -0.000000
vn -0.000000 1.000000 -0.000000
vn -0.000000 1.000000 -0.000000
vn -0.000000 1.000000 -0.000000
vn -0.000000 1.000000 -0.000000
vn -0.000000 1.000000 -0.000000
vn -0.000000 1.000000 -0.000000
vn -0.000000 1.000000 -0.000000
vn -0.000000 1.000000 -0.000000
vn -0.000000 1.000000 -0.000000
vn -0.000000 1.000000 -0.000000
vn -0.000000 1.000000 -0.000000
vn -0.000000 1.000000 -0.000000
vn -0.000000 1.000000 -0.000000
vn -0.000000 1.000000 -0.000000
vn -0.000000 1.000000 -0.000000
vn -0.000000 1.000000 -0.000000
vn -0.000000 1.000000 -0.000000
vn -0.000000 1.000000 -0.000000
vn -0.000000 1.000000 -0.000000
vn -0.000000 1.000000 -0.000000
vn -0.000000 1.000000 -0.000000
vn -0.000000 1.000000 -0.000000
vn -0.000000 1.000000 -0.000000
vn -0.000000 1.000000 -0.000000
vn -0.000000 1.000000 -0.000000
vn -0.000000 1.000000 -0.000000
vn -0.000000 1.000000 -0.000000
vn -0.000000 1.000000 -0.000000
vn -0.000000 1.000000 -0.000000
vn -0.000000 1.000000 -0.000000
vn -0.000000 1.000000 -0.000000
vn -0.000000 1.000000 -0.000000
vn -0.000000 1.000000 -0.000000
vn -0.000000 1.000000 -0.000000
vn -0.000000 1.000000 -0.000000
vn -0.000000 1.000000 -0.000000
vn -0.000000 1.000000 -0.000000
vn -0.000000 1.000000 -0.000000
vn -0.000000 1.000000 -0.000000
vn -0.000000 1.000000 -0.000000
vn -0.000000 1.000000 -0.000000
vn -0.000000 1.000000 -0.000000
vn -0.000000 1.000000 -0.000000
vn -0.000000 1.000000 -0.000000
vn -0.000000 1.000000 -0.000000
vn -0.000000 1.000000 -0.000000
vn -0.000000 1.000000 -0.000000
vn -0.000000 1.000000 -0.000000
vn -0.000000 1.000000 -0.000000
vn -0.000000 1.000000 -0.000000
vn -0.000000 1.000000 -0.000000
vn -0.000000 1.000000 -0.000000
vn -0.000000 1.000000 -0.000000
vn -0.000000 1.000000 -0.000000
vn -0.000000 1.000000 -0.000000
vn -0.000000 1.000000 -0.000000
vn -0.000000 1.000000 -0.000000
vn -0.000000 1.000000 -0.000000
vn -0.000000 1.000000 -0.000000
vn -0.000000 1.000000 -0.000000
vn -0.000000 1.000000 -0.000000
vn -0.000000 1.000000 -0.000000
vn -0.000000 1.000000 -0.000000
vn -0.000000 1.000000 -0.000000
vn -0.000000 1.000000 -0.000000
vn -0.000000 1.000000 -0.000000
vn -0.000000 1.000000 -0.000000
vn -0.000000 1.000000 -0.000000
vn -0.000000 1.000000 -0.000000
vn -0.000000 1.000000 -0.000000
vn -0.000000 1.000000 -0.000000
vn -0.000000 1.000000 -0.000000
vn -0.000000 1.000000 -0.000000
vn -0.000000 1.000000 -0.000000
vn -0.000000 1.000000 -0.000000
vn -0.000000 1.000000 -0.000000
vn -0.000000 1.000000 -0.000000
vn -0.000000 1.000000 -0.000000
vn -0.000000 1.000000 -0.000000
vn -0.000000 1.000000 -0.000000
vn -0.000000 1.000000 -0.000000
vn -0.000000 1.000000 -0.000000
vn -0.000000 1.000000 -0.000000
vn -0.000000 1.000000 -0.000000
vn -0.000000 1.000000 -0.000000
vn -0.000000 1.000000 -0.000000
vn -0.000000 1.000000 -0.000000
vn -0.000000 1.000000 -0.000000
vn -0.000000 1.000000 -0.000000
vn -0.000000 1.000000 -0.000000
vn -0.000000 1.000000 -0.000000
vn -0.000000 1.000000 -0.000000
vn -0.000000 1.000000 -0.000000
vn -0.000000 1.000000 -0.000000
vn -0.000000 1.000000 -0.000000
vn -0.000000 1.000000 -0.000000
vn -0.000000 1.000000 -0.000000
f 4360//4360 4259//4259 4258//4258
f 4359//4359 4260//4260 4259//4259
f 4359//4359 4259//4259 4360//4360
f 4361//4361 4258//4258 4257//4257
f 4361//4361 4360//4360 4258//4258
f 4358//4358 4261//4261 4260//4260
f 4358//4358 4260//4260 4359//4359
f 4362//4362 4257//4257 4256//4256
f 4362//4362 4361//4361 4257//4257
f 4363//4363 4362//4362 4256//4256
f 4357//4357 4261//4261 4358//4358
f 4262//4262 4261//4261 4357//4357
f 4364//4364 4256//4256 4294//4294
f 4364//4364 4363//4363 4256//4256
f 4356//4356 4262//4262 4357//4357
f 4365//4365 4364//4364 4294//4294
f 4263//4263 4262//4262 4356//4356
f 4355//4355 4263//4263 4356//4356
f 4366//4366 4294//4294 4293//4293
f 4366//4366 4365//4365 4294//4294
f 4354//4354 4263//4263 4355//4355
f 4264//4264 4263//4263 4354//4354
f 4367//4367 4366//4366 4293//4293
f 4353//4353 4264//4264 4354//4354
f 4265//4265 4264//4264 4353//4353
f 4368//4368 4293//4293 4292//4292
f 4368//4368 4367//4367 4293//4293
f 4352//4352 4265//4265 4353//4353
f 4351//4351 4266//4266 4265//4265
f 4351//4351 4265//4265 4352//4352
f 4369//4369 4368//4368 4292//4292
f 4350//4350 4266//4266 4351//4351
f 4370//4370 4369//4369 4292//4292
f 4267//4267 4266//4266 4350//4350
f 4349//4349 4267//4267 4350//4350
f 4290//4290 4292//4292 4289//4289
f 4290//4290 4370//4370 4292//4292
f 4268//4268 4267//4267 4349//4349
f 4348//4348 4268//4268 4349//4349
f 4291//4291 4370//4370 4290//4290
f 4291//4291 4371//4371 4370//4370
f 4269//4269 4268//4268 4348//4348
f 4347//4347 4269//4269 4348//4348
f 4288//4288 4371//4371 4291//4291
f 4288//4288 4372//4372 4371//4371
f 4287//4287 4372//4372 4288//4288
f 4270//4270 4269//4269 4347//4347
f 4270//4270 4347//4347 4346//4346
f 4286//4286 4373//4373 4372//4372
f 4286//4286 4374//4374 4373//4373
f 4286//4286 4372//4372 4287//4287
f 4271//4271 4270//4270 4346//4346
f 4271//4271 4346//4346 4345//4345
f 4344//4344 4271//4271 4345//4345
f 4285//4285 4374//4374 4286//4286
f 4285//4285 4375//4375 4374//4374
f 4285//4285 4376//4376 4375//4375
f 4285//4285 4333//4333 4376//4376
f 4272//4272 4271//4271 4344//4344
f 4272//4272 4341//4341 4340//4340
f 4272//4272 4342//4342 4341//4341
f 4272//4272 4343//4343 4342//4342
f 4272//4272 4344//4344 4343//4343
f 4284//4284 4333//4333 4285//4285
f 4284//4284 4334//4334 4333//4333
f 4319//4319 4320//4320 4336//4336
f 4321//4321 4336//4336 4320//4320
f 4321//4321 4337//4337 4336//4336
f 4318//4318 4319//4319 4336//4336
f 4318//4318 4336//4336 4335//4335
f 4322//4322 4337//4337 4321//4321
f 4317//4317 4318//4318 4335//4335
f 4323//4323 4337//4337 4322//4322
f 4316//4316 4335//4335 4334//4334
f 4316//4316 4317//4317 4335//4335
f 4324//4324 4337//4337 4323//4323
f 4324//4324 4338//4338 4337//4337
f 4315//4315 4334//4334 4284//4284
f 4315//4315 4316//4316 4334//4334
f 4305//4305 4338//4338 4324//4324
f 4306//4306 4338//4338 4305//4305
f 4306//4306 4339//4339 4338//4338
f 4332//4332 4315//4315 4284//4284
f 4307//4307 4339//4339 4306//4306
f 4331//4331 4332//4332 4284//4284
f 4308//4308 4339//4339 4307//4307
f 4330//4330 4331//4331 4284//4284
f 4273//4273 4308//4308 4309//4309
f 4273//4273 4309//4309 4310//4310
f 4273//4273 4339//4339 4308//4308
f 4273//4273 4340//4340 4339//4339
f 4273//4273 4272//4272 4340//4340
f 4311//4311 4273//4273 4310//4310
f 4283//4283 4328//4328 4329//4329
f 4283//4283 4329//4329 4330//4330
f 4283//4283 4330//4330 4284//4284
f 4327//4327 4328//4328 4283//4283
f 4312//4312 4273//4273 4311//4311
f 4326//4326 4327//4327 4283//4283
f 4325//4325 4326//4326 4283//4283
f 4280//4280 4325//4325 4283//4283
f 4280//4280 4301//4301 4302//4302
f 4280//4280 4302//4302 4303//4303
f 4280//4280 4303//4303 4304//4304
f 4280//4280 4304//4304 4325//4325
f 4281//4281 4301//4301 4280//4280
f 4281//4281 4299//4299 4300//4300
f 4281//4281 4300//4300 4301//4301
f 4274//4274 4273//4273 4312//4312
f 4274//4274 4295//4295 4296//4296
f 4274//4274 4312//4312 4313//4313
f 4274//4274 4313//4313 4314//4314
f 4274//4274 4314//4314 4295//4295
f 4282//4282 4297//4297 4298//4298
f 4282//4282 4298//4298 4299//4299
f 4282//4282 4299//4299 4281//4281
f 4279//4279 4297//4297 4282//4282
f 4279//4279 4296//4296 4297//4297
f 4279//4279 4274//4274 4296//4296
f 4275//4275 4274//4274 4279//4279
f 4276//4276 4275//4275 4279//4279
f 4277//4277 4276//4276 4279//4279
f 4278//4278 4277//4277 4279//4279
v 182.000000 259.000000 583.155579
v 182.000000 259.000000 535.579041
v 187.956573 257.625397 568.180908
v 196.222672 255.717850 554.383301
v 206.041733 253.451904 542.650391
v 215.648041 251.235062 534.006226
v 226.244507 248.789734 526.699646
v 250.503510 243.191498 514.735291
v 276.323212 237.233109 506.855530
v 294.067322 233.138321 503.965607
v 312.000000 229.000000 503.000000
v 312.000000 229.000000 483.000000
v 206.447159 253.358383 515.637939
v 233.825317 247.040237 500.124390
v 256.579773 241.789261 491.400879
v 279.419556 236.518570 485.859619
v 295.655487 232.771820 483.715485
vn 0.224860 0.974391 -0.000000
vn 0.224860 0.974391 -0.000000
vn 0.224860 0.974391 -0.000000
vn 0.224860 0.974391 -0.000000
vn 0.224860 0.974391 -0.000000
vn 0.224860 0.974391 -0.000000
vn 0.224860 0.974391 -0.000000
vn 0.224860 0.974391 -0.000000
vn 0.224860 0.974391 -0.000000
vn 0.224860 0.974391 -0.000000
vn 0.224860 0.974391 -0.000000
vn 0.224860 0.974391 -0.000000
vn 0.224860 0.974391 -0.000000
vn 0.224860 0.974391 -0.000000
vn 0.224860 0.974391 -0.000000
vn 0.224860 0.974391 -0.000000
vn 0.224860 0.974391 -0.000000
f 4387//4387 4388//4388 4393//4393
f 4386//4386 4393//4393 4392//4392
f 4386//4386 4387//4387 4393//4393
f 4385//4385 4386//4386 4392//4392
f 4391//4391 4385//4385 4392//4392
f 4384//4384 4385//4385 4391//4391
f 4390//4390 4384//4384 4391//4391
f 4383//4383 4384//4384 4390//4390
f 4389//4389 4383//4383 4390//4390
f 4382//4382 4383//4383 4389//4389
f 4381//4381 4382//4382 4389//4389
f 4378//4378 4381//4381 4389//4389
f 4380//4380 4381//4381 4378//4378
f 4379//4379 4380//4380 4378//4378
f 4377//4377 4379//4379 4378//4378
v 499.000000 87.000000 670.000000
v 499.000000 87.000000 690.000000
v 499.000000 229.326019 690.000000
v 499.000000 229.144943 687.313782
v 499.000000 229.036240 684.623718
v 499.000000 229.000000 681.931702
v 499.000000 229.000000 670.000000
vn 1.000000 -0.000000 -0.000000
vn 1.000000 -0.000000 -0.000000
vn 1.000000 -0.000000 -0.000000
vn 1.000000 -0.000000 -0.000000
vn 1.000000 -0.000000 -0.000000
vn 1.000000 -0.000000 -0.000000
vn 1.000000 -0.000000 -0.000000
f 4399//4399 4395//4395 4394//4394
f 4399//4399 4394//4394 4400//4400
f 4398//4398 4395//4395 4399//4399
f 4397//4397 4395//4395 4398//4398
f 4396//4396 4395//4395 4397//4397
v 415.107727 -6.000000 901.583801
v 436.187042 -6.000000 890.997375
v 456.191071 -6.000000 878.497437
v 474.946655 -6.000000 864.192261
v 474.946655 87.000000 864.192261
v 415.107727 87.000000 901.583801
v 442.983246 87.000000 887.038330
v 459.408295 87.000000 876.235413
vn 0.406737 -0.000000 0.913545
vn 0.489890 -0.000000 0.871784
vn 0.568801 -0.000000 0.822475
vn 0.642788 -0.000000 0.766044
vn 0.642788 -0.000000 0.766044
vn 0.406737 -0.000000 0.913545
vn 0.516699 -0.000000 0.856167
vn 0.581492 -0.000000 0.813552
f 4406//4406 4401//4401 4402//4402
f 4407//4407 4402//4402 4403//4403
f 4407//4407 4406//4406 4402//4402
f 4408//4408 4403//4403 4404//4404
f 4408//4408 4407//4407 4403//4403
f 4405//4405 4408//4408 4404//4404
v 447.306793 -1.000000 831.252380
v 447.306793 -6.000000 831.252380
v 438.950562 -1.000000 821.293762
v 438.950562 25.500000 821.293762
v 429.308746 25.500000 809.803101
v 429.308746 87.000000 809.803101
v 474.946655 87.000000 864.192261
v 474.946655 -6.000000 864.192261
vn 0.766044 0.000000 -0.642788
vn 0.766044 0.000000 -0.642788
vn 0.766044 0.000000 -0.642788
vn 0.766044 0.000000 -0.642788
vn 0.766044 0.000000 -0.642788
vn 0.766044 0.000000 -0.642788
vn 0.766044 0.000000 -0.642788
vn 0.766044 0.000000 -0.642788
f 4409//4409 4416//4416 4410//4410
f 4412//4412 4409//4409 4411//4411
f 4412//4412 4416//4416 4409//4409
f 4415//4415 4416//4416 4412//4412
f 4414//4414 4412//4412 4413//4413
f 4414//4414 4415//4415 4412//4412
v 429.308746 25.500000 809.803101
v 429.308746 87.000000 809.803101
v 415.806213 87.000000 820.101685
v 401.404877 87.000000 829.100647
v 386.229431 87.000000 836.722046
v 386.229431 25.500000 836.722046
v 401.404877 25.500000 829.100647
v 415.806213 25.500000 820.101685
vn -0.642788 0.000000 -0.766044
vn -0.642788 0.000000 -0.766044
vn -0.568801 0.000000 -0.822475
vn -0.489890 0.000000 -0.871784
vn -0.406737 0.000000 -0.913545
vn -0.406737 0.000000 -0.913545
vn -0.489890 0.000000 -0.871784
vn -0.568801 0.000000 -0.822475
f 4420//4420 4422//4422 4421//4421
f 4420//4420 4423//4423 4422//4422
f 4419//4419 4424//4424 4423//4423
f 4419//4419 4423//4423 4420//4420
f 4418//4418 4417//4417 4424//4424
f 4418//4418 4424//4424 4419//4419
v 397.618073 -6.000000 862.301331
v 397.618073 -1.000000 862.301331
v 415.107727 -6.000000 901.583801
v 415.107727 87.000000 901.583801
v 386.229431 87.000000 836.722046
v 386.229431 25.500000 836.722046
v 392.330475 25.500000 850.425232
v 392.330475 -1.000000 850.425232
vn -0.913545 0.000000 0.406737
vn -0.913545 0.000000 0.406737
vn -0.913545 0.000000 0.406737
vn -0.913545 0.000000 0.406737
vn -0.913545 0.000000 0.406737
vn -0.913545 0.000000 0.406737
vn -0.913545 0.000000 0.406737
vn -0.913545 0.000000 0.406737
f 4431//4431 4432//4432 4426//4426
f 4427//4427 4426//4426 4425//4425
f 4427//4427 4431//4431 4426//4426
f 4429//4429 4430//4430 4431//4431
f 4428//4428 4429//4429 4431//4431
f 4428//4428 4431//4431 4427//4427
v 323.741211 193.149582 1485.265259
v 317.959808 195.000000 1532.351074
v 323.741211 145.000000 1485.265259
v 316.584503 145.000000 1543.552124
v 316.584503 140.000000 1543.552124
v 314.440186 140.000000 1561.016235
v 314.440186 195.000000 1561.016235
vn 0.992546 -0.000000 0.121869
vn 0.992546 -0.000000 0.121869
vn 0.992546 -0.000000 0.121869
vn 0.992546 -0.000000 0.121869
vn 0.992546 -0.000000 0.121869
vn 0.992546 -0.000000 0.121869
vn 0.992546 -0.000000 0.121869
f 4438//4438 4437//4437 4436//4436
f 4434//4434 4435//4435 4433//4433
f 4434//4434 4436//4436 4435//4435
f 4439//4439 4438//4438 4436//4436
f 4439//4439 4436//4436 4434//4434
v 312.000000 145.000000 1485.000000
v 312.000000 193.128632 1484.999756
v 323.741211 193.149582 1485.265259
v 323.741211 145.000000 1485.265259
v 319.828949 145.000000 1485.117920
v 315.914917 145.000000 1485.029419
vn 0.000000 0.000000 -1.000000
vn 0.000000 0.000000 -1.000000
vn 0.045159 0.000000 -0.998980
vn 0.045159 0.000000 -0.998980
vn 0.030111 0.000000 -0.999547
vn 0.015057 0.000000 -0.999887
f 4442//4442 4443//4443 4444//4444
f 4441//4441 4444//4444 4445//4445
f 4441//4441 4445//4445 4440//4440
f 4441//4441 4442//4442 4444//4444
v 312.000000 145.000000 1485.000000
v 312.000000 193.128632 1484.999756
v 296.700012 145.000000 1485.450562
v 281.453033 145.000000 1486.800659
v 266.311951 145.000000 1489.045654
v 266.311951 193.435165 1489.045654
v 289.067474 193.208862 1486.013550
vn 0.000000 0.000000 -1.000000
vn 0.000000 0.000000 -1.000000
vn -0.058846 0.000000 -0.998267
vn -0.117488 0.000000 -0.993074
vn -0.175723 0.000000 -0.984440
vn -0.175723 0.000000 -0.984440
vn -0.088202 0.000000 -0.996103
f 4447//4447 4446//4446 4448//4448
f 4452//4452 4448//4448 4449//4449
f 4452//4452 4447//4447 4448//4448
f 4451//4451 4449//4449 4450//4450
f 4451//4451 4452//4452 4449//4449
v 248.052139 145.000000 1521.987305
v 266.311951 145.000000 1489.045654
v 266.311951 193.435165 1489.045654
v 248.052139 194.910492 1521.987305
vn -0.874620 0.000000 -0.484810
vn -0.874620 0.000000 -0.484810
vn -0.874620 0.000000 -0.484810
vn -0.874620 0.000000 -0.484810
f 4455//4455 4454//4454 4453//4453
f 4455//4455 4453//4453 4456//4456
v 261.282715 140.000000 1568.127808
v 261.282715 195.000000 1568.127808
v 256.459076 140.000000 1551.305786
v 256.459076 145.000000 1551.305786
v 248.052139 145.000000 1521.987305
v 248.052139 194.910492 1521.987305
v 251.023895 195.000000 1532.351074
vn -0.961262 -0.000000 0.275637
vn -0.961262 -0.000000 0.275637
vn -0.961262 -0.000000 0.275637
vn -0.961262 -0.000000 0.275637
vn -0.961262 -0.000000 0.275637
vn -0.961262 -0.000000 0.275637
vn -0.961262 -0.000000 0.275637
f 4460//4460 4459//4459 4457//4457
f 4458//4458 4460//4460 4457//4457
f 4463//4463 4461//4461 4460//4460
f 4463//4463 4460//4460 4458//4458
f 4462//4462 4461//4461 4463//4463
v 312.000000 262.149994 1897.000000
v 312.000000 244.500000 1897.000000
v 335.753387 244.500000 1895.132568
v 358.923065 244.500000 1889.576050
v 380.939789 244.500000 1880.467041
v 401.262512 244.500000 1868.029297
v 419.391907 244.500000 1852.568481
v 434.882446 244.500000 1834.464478
v 447.353546 244.500000 1814.162231
v 456.498718 244.500000 1792.160522
v 462.093292 244.500000 1769.000000
v 463.917847 227.761703 1740.008423
v 460.179993 211.093048 1711.137451
v 456.228943 202.942719 1697.020630
v 450.897827 195.000000 1683.263428
v 312.000000 195.000000 1593.000000
v 336.913818 195.000000 1595.055664
v 361.153748 195.000000 1601.167114
v 384.064148 195.000000 1611.168945
v 405.025360 195.000000 1624.790649
v 423.470367 195.000000 1641.663818
v 438.900299 195.000000 1661.332153
v 312.000000 262.149994 1593.000000
v 338.394531 262.149994 1595.309204
v 363.987061 262.149994 1602.166748
v 388.000000 262.149994 1613.364136
v 409.703705 262.149994 1628.561279
v 428.438751 262.149994 1647.296265
v 443.635864 262.149994 1669.000000
v 454.833282 262.149994 1693.012939
v 461.690765 262.149994 1718.605469
v 464.000000 262.149994 1745.000000
v 461.690765 262.149994 1771.394531
v 454.833282 262.149994 1796.987061
v 443.635864 262.149994 1821.000000
v 428.438751 262.149994 1842.703735
v 409.703705 262.149994 1861.438721
v 388.000000 262.149994 1876.635864
v 363.987061 262.149994 1887.833252
v 338.394531 262.149994 1894.690796
vn -0.000000 -0.000000 -1.000000
vn -0.000000 -0.000000 -1.000000
vn -0.156272 -0.000000 -0.987714
vn -0.308704 -0.000000 -0.951158
vn -0.453551 -0.000000 -0.891230
vn -0.587253 -0.000000 -0.809403
vn -0.706526 -0.000000 -0.707687
vn -0.808437 -0.000000 -0.588582
vn -0.890484 -0.000000 -0.455015
vn -0.950650 -0.000000 -0.310267
vn -0.987456 -0.000000 -0.157895
vn -0.999461 -0.000000 0.032839
vn -0.974869 -0.000000 0.222780
vn -0.948875 -0.000000 0.315653
vn -0.913801 -0.000000 0.406161
vn -0.000000 -0.000000 1.000000
vn -0.163907 -0.000000 0.986476
vn -0.323380 -0.000000 0.946269
vn -0.474106 -0.000000 0.880468
vn -0.612009 -0.000000 0.790851
vn -0.733358 -0.000000 0.679843
vn -0.834870 -0.000000 0.550446
vn -0.000000 -0.000000 1.000000
vn -0.173648 -0.000000 0.984808
vn -0.342020 -0.000000 0.939693
vn -0.500000 -0.000000 0.866025
vn -0.642788 -0.000000 0.766044
vn -0.766044 -0.000000 0.642788
vn -0.866025 -0.000000 0.500000
vn -0.939693 -0.000000 0.342020
vn -0.984808 -0.000000 0.173648
vn -1.000000 -0.000000 0.000000
vn -0.984808 -0.000000 -0.173648
vn -0.939693 -0.000000 -0.342020
vn -0.866025 -0.000000 -0.500000
vn -0.766044 -0.000000 -0.642788
vn -0.642788 -0.000000 -0.766044
vn -0.500000 -0.000000 -0.866025
vn -0.342020 -0.000000 -0.939693
vn -0.173648 -0.000000 -0.984808
f 4480//4480 4486//4486 4479//4479
f 4480//4480 4487//4487 4486//4486
f 4481//4481 4488//4488 4487//4487
f 4481//4481 4487//4487 4480//4480
f 4482//4482 4489//4489 4488//4488
f 4482//4482 4488//4488 4481//4481
f 4483//4483 4490//4490 4489//4489
f 4483//4483 4489//4489 4482//4482
f 4484//4484 4491//4491 4490//4490
f 4484//4484 4490//4490 4483//4483
f 4485//4485 4492//4492 4491//4491
f 4485//4485 4491//4491 4484//4484
f 4478//4478 4492//4492 4485//4485
f 4477//4477 4493//4493 4492//4492
f 4477//4477 4492//4492 4478//4478
f 4476//4476 4494//4494 4493//4493
f 4476//4476 4493//4493 4477//4477
f 4475//4475 4495//4495 4494//4494
f 4475//4475 4494//4494 4476//4476
f 4474//4474 4496//4496 4495//4495
f 4474//4474 4495//4495 4475//4475
f 4473//4473 4497//4497 4496//4496
f 4473//4473 4496//4496 4474//4474
f 4472//4472 4498//4498 4497//4497
f 4472//4472 4497//4497 4473//4473
f 4471//4471 4499//4499 4498//4498
f 4471//4471 4498//4498 4472//4472
f 4470//4470 4500//4500 4499//4499
f 4470//4470 4499//4499 4471//4471
f 4469//4469 4500//4500 4470//4470
f 4501//4501 4500//4500 4469//4469
f 4468//4468 4501//4501 4469//4469
f 4502//4502 4501//4501 4468//4468
f 4467//4467 4502//4502 4468//4468
f 4503//4503 4502//4502 4467//4467
f 4466//4466 4503//4503 4467//4467
f 4464//4464 4503//4503 4466//4466
f 4465//4465 4464//4464 4466//4466
v 312.000000 262.149994 1593.000000
v 312.000000 195.000000 1593.000000
v 173.102188 195.000000 1683.263428
v 185.099686 195.000000 1661.332153
v 200.529617 195.000000 1641.663818
v 218.974640 195.000000 1624.790649
v 239.935837 195.000000 1611.168945
v 262.846252 195.000000 1601.167114
v 287.086182 195.000000 1595.055664
v 163.819748 211.093811 1711.138794
v 160.081970 227.762100 1740.009155
v 160.299820 236.152878 1754.542358
v 161.906693 244.500000 1769.000000
v 167.501266 244.500000 1792.160522
v 176.646454 244.500000 1814.162231
v 189.117554 244.500000 1834.464478
v 204.608093 244.500000 1852.568481
v 222.737473 244.500000 1868.029297
v 243.060211 244.500000 1880.467041
v 265.076935 244.500000 1889.576050
v 288.246613 244.500000 1895.132568
v 312.000000 244.500000 1897.000000
v 312.000000 262.149994 1897.000000
v 285.605469 262.149994 1894.690796
v 260.012939 262.149994 1887.833252
v 236.000000 262.149994 1876.635864
v 214.296280 262.149994 1861.438721
v 195.561249 262.149994 1842.703735
v 180.364136 262.149994 1821.000000
v 169.166718 262.149994 1796.987061
v 162.309219 262.149994 1771.394531
v 160.000000 262.149994 1745.000000
v 162.309219 262.149994 1718.605469
v 169.166718 262.149994 1693.012939
v 180.364136 262.149994 1669.000000
v 195.561249 262.149994 1647.296265
v 214.296280 262.149994 1628.561279
v 236.000000 262.149994 1613.364136
v 260.012939 262.149994 1602.166748
v 285.605469 262.149994 1595.309204
vn 0.000000 0.000000 1.000000
vn 0.000000 0.000000 1.000000
vn 0.913801 0.000000 0.406161
vn 0.834870 0.000000 0.550446
vn 0.733358 0.000000 0.679843
vn 0.612009 0.000000 0.790851
vn 0.474106 0.000000 0.880468
vn 0.323380 0.000000 0.946269
vn 0.163907 0.000000 0.986476
vn 0.974871 0.000000 0.222771
vn 0.999461 0.000000 0.032835
vn 0.998028 -0.000000 -0.062779
vn 0.987456 -0.000000 -0.157895
vn 0.950650 -0.000000 -0.310267
vn 0.890484 -0.000000 -0.455015
vn 0.808437 -0.000000 -0.588582
vn 0.706526 -0.000000 -0.707687
vn 0.587253 -0.000000 -0.809403
vn 0.453551 -0.000000 -0.891230
vn 0.308704 -0.000000 -0.951158
vn 0.156272 -0.000000 -0.987714
vn -0.000000 -0.000000 -1.000000
vn -0.000000 -0.000000 -1.000000
vn 0.173648 -0.000000 -0.984808
vn 0.342020 -0.000000 -0.939693
vn 0.500000 -0.000000 -0.866025
vn 0.642788 -0.000000 -0.766044
vn 0.766044 -0.000000 -0.642788
vn 0.866025 -0.000000 -0.500000
vn 0.939693 -0.000000 -0.342020
vn 0.984808 -0.000000 -0.173648
vn 1.000000 -0.000000 -0.000000
vn 0.984808 0.000000 0.173648
vn 0.939693 0.000000 0.342020
vn 0.866025 0.000000 0.500000
vn 0.766044 0.000000 0.642788
vn 0.642788 0.000000 0.766044
vn 0.500000 0.000000 0.866025
vn 0.342020 0.000000 0.939693
vn 0.173648 0.000000 0.984808
f 4524//4524 4526//4526 4525//4525
f 4524//4524 4527//4527 4526//4526
f 4523//4523 4528//4528 4527//4527
f 4523//4523 4527//4527 4524//4524
f 4522//4522 4529//4529 4528//4528
f 4522//4522 4528//4528 4523//4523
f 4521//4521 4530//4530 4529//4529
f 4521//4521 4529//4529 4522//4522
f 4520//4520 4531//4531 4530//4530
f 4520//4520 4530//4530 4521//4521
f 4519//4519 4531//4531 4520//4520
f 4532//4532 4531//4531 4519//4519
f 4518//4518 4532//4532 4519//4519
f 4533//4533 4532//4532 4518//4518
f 4517//4517 4533//4533 4518//4518
f 4534//4534 4533//4533 4517//4517
f 4516//4516 4534//4534 4517//4517
f 4535//4535 4534//4534 4516//4516
f 4515//4515 4535//4535 4516//4516
f 4514//4514 4536//4536 4535//4535
f 4514//4514 4535//4535 4515//4515
f 4513//4513 4537//4537 4536//4536
f 4513//4513 4536//4536 4514//4514
f 4506//4506 4538//4538 4537//4537
f 4506//4506 4537//4537 4513//4513
f 4507//4507 4539//4539 4538//4538
f 4507//4507 4538//4538 4506//4506
f 4508//4508 4539//4539 4507//4507
f 4508//4508 4540//4540 4539//4539
f 4509//4509 4540//4540 4508//4508
f 4509//4509 4541//4541 4540//4540
f 4510//4510 4541//4541 4509//4509
f 4510//4510 4542//4542 4541//4541
f 4511//4511 4542//4542 4510//4510
f 4511//4511 4543//4543 4542//4542
f 4512//4512 4543//4543 4511//4511
f 4512//4512 4504//4504 4543//4543
f 4505//4505 4504//4504 4512//4512
v 312.000000 140.000000 1561.000000
v 312.000000 195.000000 1561.000000
v 294.897217 140.000000 1561.796631
v 277.942535 140.000000 1564.179443
v 261.282715 140.000000 1568.127808
v 261.282715 195.000000 1568.127808
v 289.221954 195.000000 1562.415405
v 275.141418 195.000000 1564.729492
vn -0.000000 -0.000000 1.000000
vn -0.000000 -0.000000 1.000000
vn 0.092950 -0.000000 0.995671
vn 0.185095 -0.000000 0.982721
vn 0.275637 -0.000000 0.961262
vn 0.275637 -0.000000 0.961262
vn 0.123794 -0.000000 0.992308
vn 0.200318 -0.000000 0.979731
f 4545//4545 4546//4546 4544//4544
f 4550//4550 4547//4547 4546//4546
f 4550//4550 4546//4546 4545//4545
f 4551//4551 4548//4548 4547//4547
f 4551//4551 4547//4547 4550//4550
f 4549//4549 4548//4548 4551//4551
v 312.000000 140.000000 1561.000000
v 312.000000 195.000000 1561.000000
v 314.440186 195.000000 1561.016235
v 314.440186 140.000000 1561.016235
v 313.626801 140.000000 1561.007202
v 312.813416 140.000000 1561.001831
vn -0.000000 -0.000000 1.000000
vn -0.000000 -0.000000 1.000000
vn -0.013262 -0.000000 0.999912
vn -0.013262 -0.000000 0.999912
vn -0.008841 -0.000000 0.999961
vn -0.004421 -0.000000 0.999990
f 4554//4554 4556//4556 4555//4555
f 4553//4553 4557//4557 4556//4556
f 4553//4553 4552//4552 4557//4557
f 4553//4553 4556//4556 4554//4554
usemtl mat_3
v 476.000000 333.500000 879.947021
v 476.000000 317.500000 879.947021
v 476.790466 333.500000 880.009216
v 477.561462 333.500000 880.194336
v 478.294006 333.500000 880.497742
v 478.970093 333.500000 880.912048
v 479.572998 333.500000 881.427002
v 480.087952 333.500000 882.029907
v 480.502258 333.500000 882.705994
v 480.805695 333.500000 883.438538
v 480.990784 333.500000 884.209534
v 481.053009 333.500000 885.000000
v 480.990784 333.500000 885.790466
v 480.805695 333.500000 886.561462
v 480.502258 333.500000 887.294006
v 480.087952 333.500000 887.970093
v 479.572998 333.500000 888.572998
v 478.970093 333.500000 889.087952
v 478.294006 333.500000 889.502258
v 477.561462 333.500000 889.805664
v 476.790466 333.500000 889.990784
v 476.000000 333.500000 890.052979
v 476.000000 317.500000 890.052979
v 481.053009 317.500000 885.000000
v 480.976227 317.500000 885.877441
v 480.748260 317.500000 886.728210
v 480.376038 317.500000 887.526489
v 479.870819 317.500000 888.247986
v 479.248016 317.500000 888.870850
v 478.526489 317.500000 889.376038
v 477.728241 317.500000 889.748291
v 476.877441 317.500000 889.976257
v 476.877441 317.500000 880.023743
v 477.728241 317.500000 880.251709
v 478.526489 317.500000 880.623962
v 479.248016 317.500000 881.129150
v 479.870819 317.500000 881.752014
v 480.376038 317.500000 882.473511
v 480.748260 317.500000 883.271790
v 480.976227 317.500000 884.122559
vn 0.000000 -0.000000 1.000000
vn 0.000000 -0.000000 1.000000
vn -0.156434 -0.000000 0.987688
vn -0.309017 -0.000000 0.951057
vn -0.453990 -0.000000 0.891007
vn -0.587785 -0.000000 0.809017
vn -0.707107 -0.000000 0.707107
vn -0.809017 -0.000000 0.587785
vn -0.891007 -0.000000 0.453990
vn -0.951057 -0.000000 0.309017
vn -0.987688 -0.000000 0.156434
vn -1.000000 -0.000000 0.000000
vn -0.987688 -0.000000 -0.156434
vn -0.951057 -0.000000 -0.309017
vn -0.891007 -0.000000 -0.453990
vn -0.809017 -0.000000 -0.587785
vn -0.707107 -0.000000 -0.707107
vn -0.587785 -0.000000 -0.809017
vn -0.453990 -0.000000 -0.891007
vn -0.309017 -0.000000 -0.951057
vn -0.156434 -0.000000 -0.987688
vn -0.000000 -0.000000 -1.000000
vn -0.000000 -0.000000 -1.000000
vn -1.000000 -0.000000 0.000000
vn -0.984808 -0.000000 -0.173648
vn -0.939693 -0.000000 -0.342020
vn -0.866025 -0.000000 -0.500000
vn -0.766044 -0.000000 -0.642788
vn -0.642788 -0.000000 -0.766044
vn -0.500000 -0.000000 -0.866025
vn -0.342020 -0.000000 -0.939693
vn -0.173648 -0.000000 -0.984808
vn -0.173648 -0.000000 0.984808
vn -0.342020 -0.000000 0.939693
vn -0.500000 -0.000000 0.866025
vn -0.642788 -0.000000 0.766044
vn -0.766044 -0.000000 0.642788
vn -0.866025 -0.000000 0.500000
vn -0.939693 -0.000000 0.342020
vn -0.984808 -0.000000 0.173648
f 4559//4559 4560//4560 4558//4558
f 4590//4590 4561//4561 4560//4560
f 4590//4590 4560//4560 4559//4559
f 4591//4591 4562//4562 4561//4561
f 4591//4591 4561//4561 4590//4590
f 4592//4592 4563//4563 4562//4562
f 4592//4592 4562//4562 4591//4591
f 4593//4593 4564//4564 4563//4563
f 4593//4593 4563//4563 4592//4592
f 4594//4594 4565//4565 4564//4564
f 4594//4594 4564//4564 4593//4593
f 4595//4595 4566//4566 4565//4565
f 4595//4595 4565//4565 4594//4594
f 4596//4596 4567//4567 4566//4566
f 4596//4596 4566//4566 4595//4595
f 4597//4597 4568//4568 4567//4567
f 4597//4597 4567//4567 4596//4596
f 4581//4581 4569//4569 4568//4568
f 4581//4581 4570//4570 4569//4569
f 4581//4581 4568//4568 4597//4597
f 4582//4582 4571//4571 4570//4570
f 4582//4582 4570//4570 4581//4581
f 4583//4583 4572//4572 4571//4571
f 4583//4583 4571//4571 4582//4582
f 4584//4584 4573//4573 4572//4572
f 4584//4584 4572//4572 4583//4583
f 4585//4585 4574//4574 4573//4573
f 4585//4585 4573//4573 4584//4584
f 4586//4586 4574//4574 4585//4585
f 4586//4586 4575//4575 4574//4574
f 4587//4587 4575//4575 4586//4586
f 4587//4587 4576//4576 4575//4575
f 4588//4588 4576//4576 4587//4587
f 4588//4588 4577//4577 4576//4576
f 4589//4589 4577//4577 4588//4588
f 4589//4589 4578//4578 4577//4577
f 4580//4580 4579//4579 4578//4578
f 4580//4580 4578//4578 4589//4589
v 476.000000 333.500000 890.052979
v 476.000000 317.500000 890.052979
v 475.209534 333.500000 889.990784
v 474.438538 333.500000 889.805664
v 473.705994 333.500000 889.502258
v 473.029907 333.500000 889.087952
v 472.427002 333.500000 888.572998
v 471.912048 333.500000 887.970093
v 471.497742 333.500000 887.294006
v 471.194305 333.500000 886.561462
v 471.009216 333.500000 885.790466
v 470.946991 333.500000 885.000000
v 471.009216 333.500000 884.209534
v 471.194305 333.500000 883.438538
v 471.497742 333.500000 882.705994
v 471.912048 333.500000 882.029907
v 472.427002 333.500000 881.427002
v 473.029907 333.500000 880.912048
v 473.705994 333.500000 880.497742
v 474.438538 333.500000 880.194336
v 475.209534 333.500000 880.009216
v 476.000000 333.500000 879.947021
v 476.000000 317.500000 879.947021
v 470.946991 317.500000 885.000000
v 471.023773 317.500000 884.122559
v 471.251740 317.500000 883.271790
v 471.623962 317.500000 882.473511
v 472.129181 317.500000 881.752014
v 472.751984 317.500000 881.129150
v 473.473511 317.500000 880.623962
v 474.271759 317.500000 880.251709
v 475.122559 317.500000 880.023743
v 475.122559 317.500000 889.976257
v 474.271759 317.500000 889.748291
v 473.473511 317.500000 889.376038
v 472.751984 317.500000 888.870850
v 472.129181 317.500000 888.247986
v 471.623962 317.500000 887.526489
v 471.251740 317.500000 886.728210
v 471.023773 317.500000 885.877441
vn -0.000000 -0.000000 -1.000000
vn -0.000000 -0.000000 -1.000000
vn 0.156434 -0.000000 -0.987688
vn 0.309017 -0.000000 -0.951057
vn 0.453990 -0.000000 -0.891007
vn 0.587785 -0.000000 -0.809017
vn 0.707107 -0.000000 -0.707107
vn 0.809017 -0.000000 -0.587785
vn 0.891007 -0.000000 -0.453990
vn 0.951057 -0.000000 -0.309017
vn 0.987688 -0.000000 -0.156434
vn 1.000000 -0.000000 -0.000000
vn 0.987688 0.000000 0.156434
vn 0.951057 0.000000 0.309017
vn 0.891007 0.000000 0.453990
vn 0.809017 0.000000 0.587785
vn 0.707107 0.000000 0.707107
vn 0.587785 0.000000 0.809017
vn 0.453990 0.000000 0.891007
vn 0.309017 0.000000 0.951057
vn 0.156434 0.000000 0.987688
vn 0.000000 0.000000 1.000000
vn 0.000000 0.000000 1.000000
vn 1.000000 -0.000000 -0.000000
vn 0.984808 0.000000 0.173648
vn 0.939693 0.000000 0.342020
vn 0.866025 0.000000 0.500000
vn 0.766044 0.000000 0.642788
vn 0.642788 0.000000 0.766044
vn 0.500000 0.000000 0.866025
vn 0.342020 0.000000 0.939693
vn 0.173648 0.000000 0.984808
vn 0.173648 -0.000000 -0.984808
vn 0.342020 -0.000000 -0.939693
vn 0.500000 -0.000000 -0.866025
vn 0.642788 -0.000000 -0.766044
vn 0.766044 -0.000000 -0.642788
vn 0.866025 -0.000000 -0.500000
vn 0.939693 -0.000000 -0.342020
vn 0.984808 -0.000000 -0.173648
f 4599//4599 4600//4600 4598//4598
f 4630//4630 4601//4601 4600//4600
f 4630//4630 4600//4600 4599//4599
f 4631//4631 4602//4602 4601//4601
f 4631//4631 4601//4601 4630//4630
f 4632//4632 4603//4603 4602//4602
f 4632//4632 4602//4602 4631//4631
f 4633//4633 4604//4604 4603//4603
f 4633//4633 4603//4603 4632//4632
f 4634//4634 4605//4605 4604//4604
f 4634//4634 4604//4604 4633//4633
f 4635//4635 4606//4606 4605//4605
f 4635//4635 4605//4605 4634//4634
f 4636//4636 4607//4607 4606//4606
f 4636//4636 4606//4606 4635//4635
f 4637//4637 4608//4608 4607//4607
f 4637//4637 4607//4607 4636//4636
f 4621//4621 4609//4609 4608//4608
f 4621//4621 4610//4610 4609//4609
f 4621//4621 4608//4608 4637//4637
f 4622//4622 4611//4611 4610//4610
f 4622//4622 4610//4610 4621//4621
f 4623//4623 4612//4612 4611//4611
f 4623//4623 4611//4611 4622//4622
f 4624//4624 4613//4613 4612//4612
f 4624//4624 4612//4612 4623//4623
f 4625//4625 4614//4614 4613//4613
f 4625//4625 4613//4613 4624//4624
f 4626//4626 4614//4614 4625//4625
f 4626//4626 4615//4615 4614//4614
f 4627//4627 4615//4615 4626//4626
f 4627//4627 4616//4616 4615//4615
f 4628//4628 4616//4616 4627//4627
f 4628//4628 4617//4617 4616//4616
f 4629//4629 4617//4617 4628//4628
f 4629//4629 4618//4618 4617//4617
f 4620//4620 4619//4619 4618//4618
f 4620//4620 4618//4618 4629//4629
usemtl mat_2
v 395.941071 347.546356 1010.504211
v 396.382080 352.891937 1013.632263
v 401.203644 349.014130 1024.061157
v 403.799713 346.052612 1030.721558
v 405.994995 342.648895 1037.477783
v 405.873383 337.621368 1034.070679
v 400.882996 343.822083 1020.744324
v 403.574280 340.949677 1027.336548
vn 0.894591 0.168424 -0.413933
vn 0.902274 0.159864 -0.400431
vn 0.932309 0.152042 -0.328151
vn 0.951229 0.140226 -0.274773
vn 0.968789 0.122569 -0.215466
vn 0.965284 0.130141 -0.226474
vn 0.926132 0.160792 -0.341211
vn 0.946303 0.148637 -0.287085
f 4640//4640 4638//4638 4639//4639
f 4640//4640 4644//4644 4638//4638
f 4641//4641 4645//4645 4644//4644
f 4641//4641 4644//4644 4640//4640
f 4642//4642 4643//4643 4645//4645
f 4642//4642 4645//4645 4641//4641
v 405.994995 342.648895 1037.477783
v 405.858551 344.364166 1038.651855
v 405.372925 346.018890 1039.807983
v 404.775635 347.208557 1040.655396
v 404.006866 348.297516 1041.445801
v 403.072632 349.287598 1042.179932
v 401.987244 350.161438 1042.845093
v 400.768799 350.904999 1043.430420
v 399.438538 351.506866 1043.927002
v 398.017853 351.955963 1044.325684
v 396.530090 352.245117 1044.620239
v 395.377258 352.355316 1044.770996
v 394.211334 352.370758 1044.858398
v 395.999939 347.895935 1052.406006
v 408.000000 337.960876 1045.675781
v 407.822357 339.660553 1046.827148
v 407.297516 341.309906 1047.944458
v 406.672424 342.502502 1048.752319
v 405.878540 343.600250 1049.495972
v 404.921875 344.604767 1050.176392
v 403.817078 345.498474 1050.781860
v 402.582581 346.267029 1051.302490
v 401.239838 346.898560 1051.730347
v 399.810547 347.381500 1052.057495
v 398.318115 347.708160 1052.278687
v 397.164429 347.848724 1052.373901
vn 0.968789 0.122569 -0.215466
vn 0.955272 0.265943 -0.129342
vn 0.914931 0.401651 -0.039717
vn 0.865959 0.499198 0.030289
vn 0.803925 0.586597 0.098020
vn 0.728275 0.665288 0.164341
vn 0.639177 0.734301 0.228593
vn 0.539876 0.790824 0.288326
vn 0.430872 0.834570 0.343283
vn 0.312814 0.864728 0.392929
vn 0.190305 0.879904 0.435378
vn 0.095440 0.881416 0.462598
vn -0.001361 0.874167 0.485624
vn -0.000003 0.845498 0.533979
vn 0.986065 0.093292 -0.137738
vn 0.971219 0.234005 -0.044439
vn 0.928743 0.367360 0.049839
vn 0.877829 0.463281 0.121600
vn 0.813852 0.549321 0.189450
vn 0.736362 0.626967 0.254327
vn 0.645635 0.695386 0.315585
vn 0.545003 0.751925 0.370919
vn 0.434946 0.796419 0.420165
vn 0.316047 0.828181 0.462851
vn 0.192821 0.845833 0.497380
vn 0.097412 0.849795 0.518034
f 4660//4660 4646//4646 4647//4647
f 4661//4661 4660//4660 4647//4647
f 4662//4662 4647//4647 4648//4648
f 4662//4662 4648//4648 4649//4649
f 4662//4662 4661//4661 4647//4647
f 4663//4663 4649//4649 4650//4650
f 4663//4663 4662//4662 4649//4649
f 4664//4664 4650//4650 4651//4651
f 4664//4664 4663//4663 4650//4650
f 4665//4665 4651//4651 4652//4652
f 4665//4665 4664//4664 4651//4651
f 4666//4666 4652//4652 4653//4653
f 4666//4666 4665//4665 4652//4652
f 4667//4667 4653//4653 4654//4654
f 4667//4667 4666//4666 4653//4653
f 4668//4668 4654//4654 4655//4655
f 4668//4668 4667//4667 4654//4654
f 4669//4669 4655//4655 4656//4656
f 4669//4669 4668//4668 4655//4655
f 4670//4670 4656//4656 4657//4657
f 4670//4670 4669//4669 4656//4656
f 4671//4671 4657//4657 4658//4658
f 4671//4671 4670//4670 4657//4657
f 4659//4659 4671//4671 4658//4658
v 394.211334 352.370758 1044.858398
v 360.135406 351.426392 1046.463013
v 362.000061 347.895935 1052.406006
v 395.999939 347.895935 1052.406006
vn -0.001361 0.874167 0.485624
vn -0.001166 0.872477 0.488654
vn 0.000003 0.846410 0.532532
vn -0.000003 0.845498 0.533979
f 4673//4673 4675//4675 4672//4672
f 4674//4674 4675//4675 4673//4673
v 360.135406 351.426392 1046.463013
v 358.078156 351.221161 1046.459229
v 356.073578 350.727539 1046.256104
v 354.618317 350.165070 1045.969971
v 353.273682 349.464325 1045.582520
v 352.037933 348.630096 1045.097290
v 350.932709 347.675049 1044.521484
v 349.975952 346.615051 1043.864502
v 349.182648 345.468384 1043.137817
v 348.567505 344.253448 1042.353149
v 348.140503 342.990234 1041.523193
v 347.946320 342.017151 1040.875000
v 347.865265 341.037872 1040.215088
v 350.000000 337.960907 1045.675781
v 362.000061 347.895935 1052.406006
v 359.950958 347.749420 1052.306641
v 357.961456 347.316284 1052.013306
v 356.522034 346.800049 1051.663574
v 355.196442 346.144073 1051.219238
v 353.982758 345.353088 1050.683350
v 352.902313 344.439117 1050.064209
v 351.972656 343.417297 1049.372070
v 351.208313 342.305298 1048.618774
v 350.623444 341.120941 1047.816406
v 350.227661 339.883698 1046.978271
v 350.057281 338.926910 1046.330200
vn -0.001166 0.872477 0.488654
vn -0.170195 0.832347 0.527477
vn -0.332683 0.765392 0.550905
vn -0.450167 0.696859 0.558335
vn -0.555563 0.617510 0.556804
vn -0.650418 0.527179 0.546843
vn -0.733694 0.426939 0.528598
vn -0.802429 0.321003 0.503056
vn -0.856931 0.210307 0.470574
vn -0.897087 0.095881 0.431325
vn -0.921957 -0.017902 0.386879
vn -0.931069 -0.103041 0.349989
vn -0.932029 -0.187586 0.310053
vn -0.960041 -0.156969 0.231695
vn 0.000003 0.846410 0.532532
vn -0.170917 0.812322 0.557602
vn -0.335785 0.752451 0.566627
vn -0.455529 0.689817 0.562712
vn -0.563489 0.616350 0.550085
vn -0.661221 0.531835 0.529092
vn -0.747615 0.437189 0.499938
vn -0.819517 0.336351 0.463961
vn -0.877113 0.230196 0.421523
vn -0.920139 0.119696 0.372850
vn -0.947434 0.009120 0.319821
vn -0.958005 -0.074045 0.277026
f 4691//4691 4676//4676 4677//4677
f 4691//4691 4690//4690 4676//4676
f 4692//4692 4677//4677 4678//4678
f 4692//4692 4691//4691 4677//4677
f 4693//4693 4678//4678 4679//4679
f 4693//4693 4692//4692 4678//4678
f 4694//4694 4679//4679 4680//4680
f 4694//4694 4693//4693 4679//4679
f 4695//4695 4680//4680 4681//4681
f 4695//4695 4694//4694 4680//4680
f 4696//4696 4681//4681 4682//4682
f 4696//4696 4695//4695 4681//4681
f 4697//4697 4682//4682 4683//4683
f 4697//4697 4696//4696 4682//4682
f 4698//4698 4683//4683 4684//4684
f 4698//4698 4697//4697 4683//4683
f 4699//4699 4684//4684 4685//4685
f 4699//4699 4698//4698 4684//4684
f 4700//4700 4685//4685 4686//4686
f 4700//4700 4699//4699 4685//4685
f 4701//4701 4686//4686 4687//4687
f 4701//4701 4700//4700 4686//4686
f 4689//4689 4687//4687 4688//4688
f 4689//4689 4701//4701 4687//4687
v 323.129578 355.003174 1000.135559
v 322.625122 349.286041 997.947144
v 338.395813 343.085571 1020.570374
v 338.836823 348.431183 1023.698425
vn -0.832922 -0.132208 0.537366
vn -0.823043 -0.138236 0.550900
vn -0.849430 -0.212543 0.483005
vn -0.862132 -0.201040 0.465094
f 4704//4704 4702//4702 4703//4703
f 4704//4704 4705//4705 4702//4702
v 351.624847 360.045410 1027.871948
v 350.064819 359.833252 1028.089722
v 348.516022 359.442566 1028.197388
v 347.005066 358.879974 1028.192871
v 345.558075 358.153503 1028.075317
v 344.199036 357.276794 1027.847534
v 342.951508 356.264893 1027.513428
v 341.837860 355.133850 1027.077881
v 340.875916 353.903839 1026.548828
v 340.082367 352.596069 1025.935669
v 339.472351 351.232239 1025.247803
v 339.054718 349.835907 1024.497803
v 338.836823 348.431183 1023.698425
v 343.769775 345.038574 1032.024170
v 347.865265 341.037872 1040.215088
v 360.135406 351.426392 1046.463013
v 358.078156 351.221161 1046.459229
v 356.073578 350.727539 1046.256104
v 354.618317 350.165070 1045.969971
v 353.273682 349.464325 1045.582520
v 352.037933 348.630096 1045.097290
v 350.932709 347.675049 1044.521484
v 349.975952 346.615051 1043.864502
v 349.182648 345.468384 1043.137817
v 348.567505 344.253448 1042.353149
v 348.140503 342.990234 1041.523193
v 347.946320 342.017151 1040.875000
v 356.371368 356.092773 1037.318237
v 353.113525 353.610626 1040.312134
v 349.109406 351.197968 1039.211426
v 346.343597 347.745575 1037.263306
vn -0.010073 0.934272 0.356419
vn -0.131974 0.901797 0.411515
vn -0.249960 0.852568 0.458963
vn -0.363479 0.786833 0.498775
vn -0.469061 0.706503 0.529938
vn -0.563846 0.614322 0.551984
vn -0.647828 0.510839 0.565121
vn -0.718825 0.399140 0.569191
vn -0.775524 0.282621 0.564524
vn -0.818515 0.161575 0.551296
vn -0.847124 0.039158 0.529951
vn -0.861438 -0.081615 0.501262
vn -0.862132 -0.201040 0.465094
vn -0.892509 -0.206273 0.401097
vn -0.932029 -0.187586 0.310053
vn -0.001166 0.872477 0.488654
vn -0.170195 0.832347 0.527477
vn -0.332683 0.765392 0.550905
vn -0.450167 0.696859 0.558335
vn -0.555563 0.617510 0.556804
vn -0.650418 0.527179 0.546843
vn -0.733694 0.426939 0.528598
vn -0.802429 0.321003 0.503056
vn -0.856931 0.210307 0.470574
vn -0.897087 0.095881 0.431325
vn -0.921957 -0.017902 0.386879
vn -0.931069 -0.103041 0.349989
vn -0.005090 0.906513 0.422147
vn -0.373065 0.754744 0.539615
vn -0.673050 0.488278 0.555507
vn -0.855499 0.149031 0.495894
f 4733//4733 4706//4706 4707//4707
f 4733//4733 4707//4707 4708//4708
f 4733//4733 4708//4708 4709//4709
f 4733//4733 4709//4709 4710//4710
f 4719//4719 4714//4714 4715//4715
f 4719//4719 4715//4715 4716//4716
f 4719//4719 4716//4716 4717//4717
f 4719//4719 4717//4717 4718//4718
f 4734//4734 4710//4710 4711//4711
f 4734//4734 4722//4722 4721//4721
f 4734//4734 4723//4723 4722//4722
f 4734//4734 4724//4724 4723//4723
f 4734//4734 4725//4725 4724//4724
f 4734//4734 4721//4721 4733//4733
f 4734//4734 4733//4733 4710//4710
f 4735//4735 4711//4711 4712//4712
f 4735//4735 4712//4712 4713//4713
f 4735//4735 4713//4713 4714//4714
f 4735//4735 4726//4726 4725//4725
f 4735//4735 4727//4727 4726//4726
f 4735//4735 4728//4728 4727//4727
f 4735//4735 4734//4734 4711//4711
f 4735//4735 4725//4725 4734//4734
f 4736//4736 4719//4719 4720//4720
f 4736//4736 4729//4729 4728//4728
f 4736//4736 4730//4730 4729//4729
f 4736//4736 4731//4731 4730//4730
f 4736//4736 4732//4732 4731//4731
f 4736//4736 4720//4720 4732//4732
f 4736//4736 4714//4714 4719//4719
f 4736//4736 4735//4735 4714//4714
f 4736//4736 4728//4728 4735//4735
v 361.997528 339.155029 1516.491943
v 395.996643 339.157135 1516.491943
v 362.000061 339.699982 1506.000000
v 396.000000 339.700012 1506.000000
vn 0.000066 -0.996362 -0.085224
vn 0.000063 -0.996374 -0.085084
vn 0.000004 -0.999960 -0.008925
vn 0.000001 -0.999962 -0.008676
f 4738//4738 4737//4737 4739//4739
f 4738//4738 4739//4739 4740//4740
v 349.997925 350.478058 1523.505493
v 350.174500 348.456390 1523.244507
v 350.696320 346.494232 1522.991333
v 351.319916 345.071198 1522.807739
v 352.109955 343.764679 1522.639160
v 353.062073 342.568512 1522.484985
v 354.161682 341.503540 1522.347656
v 355.390594 340.586792 1522.229614
v 356.183350 340.112518 1522.168579
v 357.010590 339.700012 1522.115479
v 350.000000 351.700012 1506.000000
v 350.177643 349.647095 1506.000000
v 350.702484 347.654907 1506.000000
v 351.327576 346.214417 1506.000000
v 352.121429 344.888519 1506.000000
v 353.078125 343.675232 1506.000000
v 354.182922 342.595764 1506.000000
v 355.417419 341.667480 1506.000000
v 356.760162 340.904663 1506.000000
v 358.189453 340.321350 1506.000000
v 359.681885 339.926788 1506.000000
v 360.835571 339.757050 1506.000000
v 362.000061 339.699982 1506.000000
v 361.997528 339.155029 1516.491943
v 358.423096 339.699982 1516.491943
v 359.594788 339.398651 1516.491821
v 360.790131 339.216278 1516.491699
vn -1.000000 0.000071 -0.000025
vn -0.985188 -0.170523 -0.018087
vn -0.941467 -0.335240 -0.035417
vn -0.888768 -0.455833 -0.048035
vn -0.822867 -0.565119 -0.059417
vn -0.743411 -0.665183 -0.069793
vn -0.650873 -0.755057 -0.079076
vn -0.548827 -0.831403 -0.086931
vn -0.483166 -0.870790 -0.090973
vn -0.414256 -0.905241 -0.094501
vn -1.000000 0.000012 -0.000214
vn -0.985225 -0.171247 -0.002336
vn -0.941605 -0.336695 -0.004178
vn -0.889150 -0.457584 -0.005385
vn -0.823306 -0.567562 -0.006371
vn -0.743782 -0.668384 -0.007174
vn -0.651032 -0.759010 -0.007811
vn -0.548600 -0.836044 -0.008278
vn -0.437069 -0.899387 -0.008605
vn -0.317084 -0.948356 -0.008817
vn -0.193192 -0.981120 -0.008923
vn -0.097519 -0.995193 -0.008946
vn 0.000004 -0.999960 -0.008925
vn 0.000066 -0.996362 -0.085224
vn -0.296420 -0.951585 -0.081374
vn -0.199478 -0.976337 -0.083514
vn -0.100684 -0.991298 -0.084801
f 4742//4742 4741//4741 4751//4751
f 4742//4742 4751//4751 4752//4752
f 4743//4743 4752//4752 4753//4753
f 4743//4743 4742//4742 4752//4752
f 4744//4744 4753//4753 4754//4754
f 4744//4744 4743//4743 4753//4753
f 4745//4745 4754//4754 4755//4755
f 4745//4745 4744//4744 4754//4754
f 4765//4765 4746//4746 4745//4745
f 4765//4765 4755//4755 4756//4756
f 4765//4765 4756//4756 4757//4757
f 4765//4765 4757//4757 4758//4758
f 4765//4765 4758//4758 4759//4759
f 4765//4765 4759//4759 4760//4760
f 4765//4765 4760//4760 4761//4761
f 4765//4765 4745//4745 4755//4755
f 4747//4747 4746//4746 4765//4765
f 4766//4766 4761//4761 4762//4762
f 4766//4766 4765//4765 4761//4761
f 4748//4748 4747//4747 4765//4765
f 4767//4767 4762//4762 4763//4763
f 4767//4767 4766//4766 4762//4762
f 4749//4749 4748//4748 4765//4765
f 4764//4764 4767//4767 4763//4763
f 4750//4750 4749//4749 4765//4765
v 350.007996 346.959503 1448.406250
v 350.009705 341.623383 1451.444580
v 350.009460 347.441467 1470.304932
v 350.004791 350.748260 1488.642212
v 350.000000 351.700012 1506.000000
v 350.000000 357.699982 1506.000000
v 350.007965 353.150208 1468.052490
v 350.004089 356.695953 1487.463257
vn -1.000000 -0.000194 0.000239
vn -1.000000 -0.000159 0.000254
vn -1.000000 -0.000291 -0.000103
vn -1.000000 -0.000161 -0.000282
vn -1.000000 0.000012 -0.000214
vn -1.000000 -0.000012 -0.000175
vn -1.000000 -0.000298 -0.000059
vn -1.000000 -0.000173 -0.000218
f 4774//4774 4768//4768 4769//4769
f 4770//4770 4774//4774 4769//4769
f 4775//4775 4774//4774 4770//4770
f 4771//4771 4775//4775 4770//4770
f 4773//4773 4775//4775 4771//4771
f 4772//4772 4773//4773 4771//4771
v 362.005829 357.625183 1442.317017
v 360.440979 357.534393 1442.370850
v 358.902527 357.263367 1442.527222
v 357.416901 356.816650 1442.783569
v 356.009949 356.200256 1443.136475
v 354.704865 355.426056 1443.579102
v 353.524261 354.507263 1444.103882
v 352.489471 353.458252 1444.702637
v 351.616913 352.297943 1445.364502
v 350.921692 351.046265 1446.078125
v 350.417389 349.723877 1446.831787
v 350.111023 348.353760 1447.612305
v 350.007996 346.959503 1448.406250
v 350.007965 353.150208 1468.052490
v 350.004089 356.695953 1487.463257
v 350.000000 357.699982 1506.000000
v 362.000061 369.700012 1506.000000
v 359.950958 369.523041 1506.000000
v 357.961456 368.999847 1506.000000
v 356.522034 368.376343 1506.000000
v 355.196442 367.583984 1506.000000
v 353.982758 366.628632 1506.000000
v 352.902313 365.524689 1506.000000
v 351.972656 364.290466 1506.000000
v 351.208313 362.947357 1506.000000
v 350.623444 361.516815 1506.000000
v 350.227631 360.022400 1506.000000
v 350.057251 358.866760 1506.000000
v 362.006226 364.562561 1463.534546
v 362.003418 368.589508 1485.098633
v 357.417267 363.671173 1463.780884
v 353.524506 361.200562 1464.762939
v 350.921814 357.498474 1466.230225
v 357.414551 367.662079 1485.080200
v 353.521637 365.086853 1485.597778
v 350.918549 361.228943 1486.371338
vn 0.000125 0.926904 -0.375298
vn -0.132498 0.918785 -0.371858
vn -0.261566 0.894823 -0.361767
vn -0.386946 0.855091 -0.345097
vn -0.505217 0.800548 -0.322303
vn -0.613425 0.732920 -0.294174
vn -0.711663 0.652297 -0.260853
vn -0.797341 0.560712 -0.223272
vn -0.868573 0.460708 -0.182564
vn -0.925572 0.352204 -0.138813
vn -0.966832 0.237817 -0.093160
vn -0.991619 0.120420 -0.046815
vn -1.000000 -0.000194 0.000239
vn -1.000000 -0.000298 -0.000059
vn -1.000000 -0.000173 -0.000218
vn -1.000000 -0.000012 -0.000175
vn 0.000003 0.999855 0.017012
vn -0.170897 0.985147 0.016717
vn -0.336116 0.941687 0.015872
vn -0.456907 0.889390 0.014871
vn -0.566860 0.823701 0.013630
vn -0.667726 0.744308 0.012156
vn -0.758446 0.651652 0.010473
vn -0.835607 0.549259 0.008657
vn -0.899097 0.437697 0.006735
vn -0.948209 0.317613 0.004738
vn -0.981084 0.193561 0.002752
vn -0.995213 0.097720 0.001276
vn 0.000154 0.969123 -0.246578
vn 0.000101 0.992876 -0.119149
vn -0.387034 0.893572 -0.227451
vn -0.711850 0.680883 -0.172243
vn -0.925693 0.366928 -0.091955
vn -0.384834 0.916279 -0.111062
vn -0.709505 0.699593 -0.084690
vn -0.924815 0.377664 -0.045689
f 4804//4804 4776//4776 4777//4777
f 4789//4789 4787//4787 4788//4788
f 4793//4793 4792//4792 4805//4805
f 4803//4803 4802//4802 4790//4790
f 4791//4791 4803//4803 4790//4790
f 4806//4806 4777//4777 4778//4778
f 4806//4806 4778//4778 4779//4779
f 4806//4806 4779//4779 4780//4780
f 4806//4806 4804//4804 4777//4777
f 4807//4807 4780//4780 4781//4781
f 4807//4807 4781//4781 4782//4782
f 4807//4807 4782//4782 4783//4783
f 4807//4807 4783//4783 4784//4784
f 4807//4807 4806//4806 4780//4780
f 4808//4808 4784//4784 4785//4785
f 4808//4808 4785//4785 4786//4786
f 4808//4808 4786//4786 4787//4787
f 4808//4808 4787//4787 4789//4789
f 4808//4808 4807//4807 4784//4784
f 4809//4809 4794//4794 4793//4793
f 4809//4809 4795//4795 4794//4794
f 4809//4809 4796//4796 4795//4795
f 4809//4809 4805//4805 4804//4804
f 4809//4809 4804//4804 4806//4806
f 4809//4809 4793//4793 4805//4805
f 4810//4810 4797//4797 4796//4796
f 4810//4810 4798//4798 4797//4797
f 4810//4810 4799//4799 4798//4798
f 4810//4810 4809//4809 4806//4806
f 4810//4810 4796//4796 4809//4809
f 4810//4810 4806//4806 4807//4807
f 4811//4811 4789//4789 4790//4790
f 4811//4811 4800//4800 4799//4799
f 4811//4811 4801//4801 4800//4800
f 4811//4811 4802//4802 4801//4801
f 4811//4811 4807//4807 4808//4808
f 4811//4811 4810//4810 4807//4807
f 4811//4811 4799//4799 4810//4810
f 4811//4811 4808//4808 4789//4789
f 4811//4811 4790//4790 4802//4802
v 396.008942 357.606232 1442.281250
v 362.005829 357.625183 1442.317017
v 362.006226 364.562561 1463.534546
v 362.003418 368.589508 1485.098633
v 362.000061 369.700012 1506.000000
v 395.999939 369.700012 1506.000000
v 396.009521 364.547729 1463.496826
v 396.005188 368.583832 1485.079468
vn 0.000119 0.926852 -0.375428
vn 0.000125 0.926904 -0.375298
vn 0.000154 0.969123 -0.246578
vn 0.000101 0.992876 -0.119149
vn 0.000003 0.999855 0.017012
vn -0.000003 0.999858 0.016831
vn 0.000148 0.969058 -0.246831
vn 0.000096 0.992847 -0.119393
f 4813//4813 4818//4818 4812//4812
f 4814//4814 4819//4819 4818//4818
f 4814//4814 4818//4818 4813//4813
f 4815//4815 4817//4817 4819//4819
f 4815//4815 4819//4819 4814//4814
f 4816//4816 4817//4817 4815//4815
v 408.013519 346.927185 1448.345337
v 407.835266 348.753113 1447.305908
v 407.309814 350.525146 1446.297729
v 406.684265 351.806610 1445.568848
v 405.889954 352.986267 1444.898315
v 404.932831 354.065826 1444.284912
v 403.827606 355.026489 1443.739380
v 402.592743 355.852753 1443.270630
v 401.249695 356.531921 1442.885742
v 399.820068 357.051514 1442.591919
v 398.327393 357.403229 1442.393677
v 397.173553 357.554840 1442.308960
v 396.008942 357.606232 1442.281250
v 396.009521 364.547729 1463.496826
v 396.005188 368.583832 1485.079468
v 395.999939 369.700012 1506.000000
v 408.000000 357.699982 1506.000000
v 407.822357 359.752899 1506.000000
v 407.297516 361.745087 1506.000000
v 406.672424 363.185577 1506.000000
v 405.878571 364.511475 1506.000000
v 404.921875 365.724762 1506.000000
v 403.817078 366.804230 1506.000000
v 402.582581 367.732513 1506.000000
v 401.239838 368.495331 1506.000000
v 399.810547 369.078674 1506.000000
v 398.318115 369.473206 1506.000000
v 397.164429 369.642975 1506.000000
v 408.013794 353.124878 1467.988403
v 408.007294 356.686310 1487.430664
v 407.097656 357.473846 1466.167969
v 404.493011 361.178223 1464.706421
v 400.598969 363.652252 1463.733032
v 407.091858 361.219482 1486.339478
v 404.487854 365.078247 1485.568848
v 400.594330 367.654785 1485.055664
vn 1.000000 0.000110 -0.000338
vn 0.985547 0.157673 -0.061938
vn 0.942908 0.309784 -0.122304
vn 0.891514 0.421083 -0.167006
vn 0.826776 0.522595 -0.208171
vn 0.748241 0.615989 -0.246359
vn 0.656178 0.700305 -0.281076
vn 0.553967 0.772304 -0.310913
vn 0.442107 0.831781 -0.335681
vn 0.321225 0.877957 -0.354972
vn 0.195960 0.908960 -0.367955
vn 0.099023 0.922312 -0.373544
vn 0.000119 0.926852 -0.375428
vn 0.000148 0.969058 -0.246831
vn 0.000096 0.992847 -0.119393
vn -0.000003 0.999858 0.016831
vn 1.000000 -0.000012 0.000321
vn 0.985224 0.171247 0.002807
vn 0.941599 0.336693 0.005357
vn 0.889139 0.457578 0.007307
vn 0.823288 0.567550 0.009143
vn 0.743757 0.668362 0.010874
vn 0.651001 0.758974 0.012467
vn 0.548567 0.835992 0.013849
vn 0.437036 0.899319 0.015002
vn 0.317056 0.948273 0.015899
vn 0.193173 0.981026 0.016501
vn 0.097509 0.995094 0.016754
vn 1.000000 0.000304 0.000136
vn 1.000000 0.000182 0.000389
vn 0.925547 0.367294 -0.091968
vn 0.711789 0.680913 -0.172378
vn 0.387214 0.893441 -0.227658
vn 0.924740 0.377885 -0.045371
vn 0.709489 0.699617 -0.084623
vn 0.384962 0.916211 -0.111180
f 4848//4848 4820//4820 4821//4821
f 4833//4833 4830//4830 4831//4831
f 4833//4833 4831//4831 4832//4832
f 4837//4837 4836//4836 4849//4849
f 4847//4847 4846//4846 4834//4834
f 4835//4835 4847//4847 4834//4834
f 4850//4850 4821//4821 4822//4822
f 4850//4850 4822//4822 4823//4823
f 4850//4850 4823//4823 4824//4824
f 4850//4850 4848//4848 4821//4821
f 4851//4851 4824//4824 4825//4825
f 4851//4851 4825//4825 4826//4826
f 4851//4851 4826//4826 4827//4827
f 4851//4851 4850//4850 4824//4824
f 4852//4852 4827//4827 4828//4828
f 4852//4852 4828//4828 4829//4829
f 4852//4852 4829//4829 4830//4830
f 4852//4852 4830//4830 4833//4833
f 4852//4852 4851//4851 4827//4827
f 4853//4853 4838//4838 4837//4837
f 4853//4853 4839//4839 4838//4838
f 4853//4853 4840//4840 4839//4839
f 4853//4853 4849//4849 4848//4848
f 4853//4853 4848//4848 4850//4850
f 4853//4853 4837//4837 4849//4849
f 4854//4854 4841//4841 4840//4840
f 4854//4854 4842//4842 4841//4841
f 4854//4854 4843//4843 4842//4842
f 4854//4854 4851//4851 4852//4852
f 4854//4854 4840//4840 4853//4853
f 4854//4854 4853//4853 4850//4850
f 4854//4854 4850//4850 4851//4851
f 4855//4855 4833//4833 4834//4834
f 4855//4855 4844//4844 4843//4843
f 4855//4855 4845//4845 4844//4844
f 4855//4855 4846//4846 4845//4845
f 4855//4855 4854//4854 4852//4852
f 4855//4855 4843//4843 4854//4854
f 4855//4855 4852//4852 4833//4833
f 4855//4855 4834//4834 4846//4846
v 408.015228 341.591095 1451.383667
v 408.013519 346.927185 1448.345337
v 408.013794 353.124878 1467.988403
v 408.007294 356.686310 1487.430664
v 408.000000 357.699982 1506.000000
v 408.000000 351.700012 1506.000000
v 408.015289 347.416138 1470.240723
v 408.007996 350.738586 1488.609741
vn 1.000000 0.000117 -0.000373
vn 1.000000 0.000110 -0.000338
vn 1.000000 0.000304 0.000136
vn 1.000000 0.000182 0.000389
vn 1.000000 -0.000012 0.000321
vn 1.000000 0.000011 0.000371
vn 1.000000 0.000343 0.000174
vn 1.000000 0.000220 0.000458
f 4862//4862 4856//4856 4857//4857
f 4858//4858 4862//4862 4857//4857
f 4863//4863 4862//4862 4858//4858
f 4859//4859 4863//4863 4858//4858
f 4861//4861 4863//4863 4859//4859
f 4860//4860 4861//4861 4859//4859
v 399.562988 339.700012 1516.491943
v 400.977661 339.700439 1522.124512
v 395.996643 339.157135 1516.491943
v 397.200775 339.218292 1516.491699
v 398.393860 339.400024 1516.491821
v 396.000000 339.700012 1506.000000
v 398.049011 339.876953 1506.000000
v 400.038544 340.400146 1506.000000
v 401.477966 341.023682 1506.000000
v 402.803589 341.816010 1506.000000
v 404.017242 342.771362 1506.000000
v 405.097656 343.875305 1506.000000
v 406.027344 345.109528 1506.000000
v 406.791687 346.452667 1506.000000
v 407.376556 347.883179 1506.000000
v 407.772369 349.377594 1506.000000
v 407.942719 350.533234 1506.000000
v 408.000000 351.700012 1506.000000
v 407.996124 350.481415 1523.517822
v 402.765228 340.697449 1522.253662
v 404.355774 341.979950 1522.419556
v 405.318176 343.020325 1522.553955
v 406.209656 344.262299 1522.714478
v 406.933441 345.606537 1522.888184
v 407.475830 347.031799 1523.072388
v 407.828827 348.514465 1523.263794
v 407.954071 349.494476 1523.390381
v 403.352509 341.405823 1519.473022
vn 0.295843 -0.951785 -0.081129
vn 0.413967 -0.905388 -0.094364
vn 0.000036 -0.996374 -0.085084
vn 0.100533 -0.991329 -0.084619
vn 0.199138 -0.976425 -0.083297
vn -0.000026 -0.999962 -0.008676
vn 0.170914 -0.985249 -0.008521
vn 0.336147 -0.941774 -0.008238
vn 0.456942 -0.889461 -0.007915
vn 0.566898 -0.823754 -0.007497
vn 0.667761 -0.744343 -0.006956
vn 0.758473 -0.651674 -0.006264
vn 0.835625 -0.549273 -0.005428
vn 0.899108 -0.437704 -0.004426
vn 0.948214 -0.317615 -0.003242
vn 0.981087 -0.193560 -0.001914
vn 0.995214 -0.097720 -0.000814
vn 1.000000 0.000011 0.000371
vn 1.000000 -0.000055 0.000081
vn 0.562364 -0.822423 -0.085836
vn 0.694918 -0.715190 -0.074779
vn 0.775793 -0.627556 -0.065710
vn 0.849998 -0.523912 -0.054948
vn 0.910616 -0.410992 -0.043175
vn 0.956449 -0.290297 -0.030537
vn 0.985961 -0.166057 -0.017471
vn 0.996448 -0.083757 -0.008782
vn 0.611175 -0.787818 -0.076214
f 4867//4867 4866//4866 4869//4869
f 4867//4867 4869//4869 4870//4870
f 4868//4868 4867//4867 4870//4870
f 4864//4864 4870//4870 4871//4871
f 4864//4864 4871//4871 4872//4872
f 4864//4864 4872//4872 4873//4873
f 4864//4864 4873//4873 4874//4874
f 4864//4864 4868//4868 4870//4870
f 4887//4887 4877//4877 4878//4878
f 4888//4888 4878//4878 4879//4879
f 4888//4888 4887//4887 4878//4878
f 4889//4889 4879//4879 4880//4880
f 4889//4889 4888//4888 4879//4879
f 4890//4890 4880//4880 4881//4881
f 4890//4890 4889//4889 4880//4880
f 4882//4882 4890//4890 4881//4881
f 4891//4891 4865//4865 4864//4864
f 4891//4891 4874//4874 4875//4875
f 4891//4891 4875//4875 4876//4876
f 4891//4891 4876//4876 4877//4877
f 4891//4891 4883//4883 4865//4865
f 4891//4891 4884//4884 4883//4883
f 4891//4891 4885//4885 4884//4884
f 4891//4891 4886//4886 4885//4885
f 4891//4891 4887//4887 4886//4886
f 4891//4891 4864//4864 4874//4874
f 4891//4891 4877//4877 4887//4887
usemtl mat_1
v 314.000000 339.700012 1516.491943
v 314.000000 336.500000 1516.491943
v 314.000000 336.500000 1583.913208
v 314.000000 351.620544 1640.343872
v 314.000000 354.711517 1639.515625
v 314.000000 339.700012 1583.491943
vn -1.000000 -0.000000 0.000000
vn -1.000000 -0.000000 0.000000
vn -1.000000 -0.000000 0.000000
vn -1.000000 -0.000000 0.000000
vn -1.000000 -0.000000 0.000000
vn -1.000000 -0.000000 0.000000
f 4897//4897 4892//4892 4893//4893
f 4894//4894 4897//4897 4893//4893
f 4895//4895 4896//4896 4897//4897
f 4895//4895 4897//4897 4894//4894
v 395.996643 339.157135 1516.491943
v 397.200775 339.218292 1516.491699
v 398.393860 339.400024 1516.491821
v 399.562988 339.700012 1516.491943
v 444.000000 339.700012 1516.491943
v 444.000000 336.500000 1516.491943
v 314.000000 336.500000 1516.491943
v 314.000000 339.700012 1516.491943
v 358.423096 339.699982 1516.491943
v 359.594788 339.398651 1516.491821
v 360.790131 339.216278 1516.491699
v 361.997528 339.155029 1516.491943
vn -0.000000 -0.000000 -1.000000
vn -0.000000 -0.000000 -1.000000
vn -0.000000 -0.000000 -1.000000
vn -0.000000 -0.000000 -1.000000
vn -0.000000 -0.000000 -1.000000
vn -0.000000 -0.000000 -1.000000
vn -0.000000 -0.000000 -1.000000
vn -0.000000 -0.000000 -1.000000
vn -0.000000 -0.000000 -1.000000
vn -0.000000 -0.000000 -1.000000
vn -0.000000 -0.000000 -1.000000
vn -0.000000 -0.000000 -1.000000
f 4906//4906 4904//4904 4905//4905
f 4907//4907 4904//4904 4906//4906
f 4903//4903 4900//4900 4901//4901
f 4902//4902 4903//4903 4901//4901
f 4903//4903 4904//4904 4909//4909
f 4909//4909 4904//4904 4908//4908
f 4908//4908 4904//4904 4907//4907
f 4903//4903 4909//4909 4898//4898
f 4903//4903 4898//4898 4899//4899
f 4903//4903 4899//4899 4900//4900
v 444.000000 336.500000 1516.491943
v 444.000000 336.500000 1583.913208
v 444.000000 351.620544 1640.343872
v 444.000000 354.711517 1639.515625
v 444.000000 339.700012 1583.491943
v 444.000000 339.700012 1516.491943
vn 1.000000 0.000000 -0.000000
vn 1.000000 0.000000 -0.000000
vn 1.000000 0.000000 -0.000000
vn 1.000000 0.000000 -0.000000
vn 1.000000 0.000000 -0.000000
vn 1.000000 0.000000 -0.000000
f 4914//4914 4910//4910 4915//4915
f 4911//4911 4910//4910 4914//4914
f 4912//4912 4914//4914 4913//4913
f 4912//4912 4911//4911 4914//4914
v 314.000000 336.500000 1583.913208
v 314.000000 351.620544 1640.343872
v 444.000000 336.500000 1583.913208
v 444.000000 351.620544 1640.343872
vn 0.000000 -0.965926 0.258819
vn 0.000000 -0.965926 0.258819
vn 0.000000 -0.965926 0.258819
vn 0.000000 -0.965926 0.258819
f 4919//4919 4917//4917 4916//4916
f 4918//4918 4919//4919 4916//4916
usemtl mat_2
v 361.997406 336.500000 1547.650024
v 361.998016 336.500000 1556.060181
v 395.996246 336.500000 1547.736816
v 395.997009 336.500000 1555.997803
vn 0.000073 -0.999634 -0.027041
vn 0.000055 -0.999607 0.028024
vn 0.000070 -0.999647 -0.026576
vn 0.000053 -0.999621 0.027526
f 4922//4922 4921//4921 4920//4920
f 4923//4923 4921//4921 4922//4922
v 361.950073 336.500000 1556.057007
v 361.998016 336.500000 1556.060181
v 361.997406 336.500000 1547.650024
v 361.863434 336.500000 1547.677734
v 361.729584 336.500000 1547.761841
v 361.595703 336.500000 1547.906738
v 361.439362 336.500000 1548.160645
v 361.222656 336.500000 1548.705078
v 360.946564 336.500000 1549.986572
v 360.823700 336.500000 1552.212891
v 361.017944 336.500000 1554.210205
v 361.239105 336.500000 1555.085693
v 361.434601 336.500000 1555.555054
v 361.594238 336.500000 1555.809937
v 361.672913 336.500000 1555.900513
v 361.749512 336.500000 1555.967285
v 361.852173 336.500000 1556.028320
vn -0.003974 -0.999600 0.028002
vn 0.000055 -0.999607 0.028024
vn 0.000073 -0.999634 -0.027041
vn -0.011179 -0.999577 -0.026868
vn -0.022390 -0.999402 -0.026344
vn -0.033582 -0.999112 -0.025442
vn -0.046633 -0.998627 -0.023857
vn -0.064682 -0.997697 -0.020442
vn -0.087626 -0.996077 -0.012314
vn -0.097848 -0.995199 0.002116
vn -0.081770 -0.996532 0.015406
vn -0.063401 -0.997760 0.021340
vn -0.047119 -0.998588 0.024549
vn -0.033792 -0.999083 0.026301
vn -0.027213 -0.999267 0.026924
vn -0.020802 -0.999409 0.027384
vn -0.012193 -0.999539 0.027805
f 4926//4926 4928//4928 4927//4927
f 4926//4926 4929//4929 4928//4928
f 4926//4926 4930//4930 4929//4929
f 4931//4931 4930//4930 4926//4926
f 4932//4932 4931//4931 4926//4926
f 4925//4925 4934//4934 4933//4933
f 4925//4925 4935//4935 4934//4934
f 4925//4925 4936//4936 4935//4935
f 4925//4925 4937//4937 4936//4936
f 4925//4925 4938//4938 4937//4937
f 4925//4925 4939//4939 4938//4938
f 4925//4925 4940//4940 4939//4939
f 4925//4925 4924//4924 4940//4940
f 4926//4926 4925//4925 4932//4932
f 4932//4932 4925//4925 4933//4933
v 395.996246 336.500000 1547.736816
v 395.997009 336.500000 1555.997803
v 396.128632 336.500000 1555.970703
v 396.262329 336.500000 1555.888794
v 396.395264 336.500000 1555.747559
v 396.550323 336.500000 1555.499390
v 396.765106 336.500000 1554.965576
v 397.038300 336.500000 1553.681396
v 397.146606 336.500000 1551.505005
v 396.948090 336.500000 1549.546997
v 396.736237 336.500000 1548.712891
v 396.540192 336.500000 1548.233154
v 396.405518 336.500000 1548.010010
v 396.294708 336.500000 1547.880493
v 396.158905 336.500000 1547.779175
vn 0.000043 -0.999647 -0.026576
vn 0.000026 -0.999621 0.027526
vn 0.011089 -0.999565 0.027337
vn 0.022299 -0.999393 0.026771
vn 0.033423 -0.999108 0.025797
vn 0.046377 -0.998634 0.024090
vn 0.064277 -0.997723 0.020439
vn 0.086983 -0.996140 0.011767
vn 0.095968 -0.995381 -0.002607
vn 0.079505 -0.996718 -0.015206
vn 0.061904 -0.997872 -0.020479
vn 0.045575 -0.998685 -0.023487
vn 0.034336 -0.999101 -0.024879
vn 0.025071 -0.999356 -0.025684
vn 0.013698 -0.999560 -0.026314
f 4954//4954 4941//4941 4955//4955
f 4953//4953 4941//4941 4954//4954
f 4952//4952 4941//4941 4953//4953
f 4951//4951 4941//4941 4952//4952
f 4950//4950 4941//4941 4951//4951
f 4949//4949 4941//4941 4950//4950
f 4942//4942 4948//4948 4947//4947
f 4942//4942 4949//4949 4948//4948
f 4946//4946 4942//4942 4947//4947
f 4945//4945 4942//4942 4946//4946
f 4944//4944 4943//4943 4942//4942
f 4944//4944 4942//4942 4945//4945
f 4942//4942 4941//4941 4949//4949
usemtl mat_3
v 476.000000 333.500000 1434.447021
v 476.000000 317.500000 1434.447021
v 476.877441 333.500000 1434.523804
v 477.728241 333.500000 1434.751709
v 478.526489 333.500000 1435.124023
v 479.248016 333.500000 1435.629150
v 479.870819 333.500000 1436.251953
v 480.376038 333.500000 1436.973511
v 480.748260 333.500000 1437.771729
v 480.976227 333.500000 1438.622559
v 481.053009 333.500000 1439.500000
v 480.990784 333.500000 1440.290405
v 480.805695 333.500000 1441.061523
v 480.502258 333.500000 1441.794067
v 480.087952 333.500000 1442.470093
v 479.572998 333.500000 1443.072998
v 478.970093 333.500000 1443.588013
v 478.294006 333.500000 1444.002197
v 477.561462 333.500000 1444.305664
v 476.790466 333.500000 1444.490845
v 476.000000 333.500000 1444.552979
v 476.000000 317.500000 1444.552979
v 481.053009 317.500000 1439.500000
v 480.976227 317.500000 1440.377441
v 480.748260 317.500000 1441.228271
v 480.376038 317.500000 1442.026489
v 479.870819 317.500000 1442.748047
v 479.248016 317.500000 1443.370850
v 478.526489 317.500000 1443.875977
v 477.728241 317.500000 1444.248291
v 476.877441 317.500000 1444.476196
v 476.877441 317.500000 1434.523804
v 477.728241 317.500000 1434.751709
v 478.526489 317.500000 1435.124023
v 479.248016 317.500000 1435.629150
v 479.870819 317.500000 1436.251953
v 480.376038 317.500000 1436.973511
v 480.748260 317.500000 1437.771729
v 480.976227 317.500000 1438.622559
vn 0.000000 -0.000000 1.000000
vn 0.000000 -0.000000 1.000000
vn -0.173648 -0.000000 0.984808
vn -0.342020 -0.000000 0.939693
vn -0.500000 -0.000000 0.866025
vn -0.642788 -0.000000 0.766044
vn -0.766044 -0.000000 0.642788
vn -0.866025 -0.000000 0.500000
vn -0.939693 -0.000000 0.342020
vn -0.984808 -0.000000 0.173648
vn -1.000000 -0.000000 0.000000
vn -0.987688 -0.000000 -0.156434
vn -0.951057 -0.000000 -0.309017
vn -0.891007 -0.000000 -0.453990
vn -0.809017 -0.000000 -0.587785
vn -0.707107 -0.000000 -0.707107
vn -0.587785 -0.000000 -0.809017
vn -0.453990 -0.000000 -0.891007
vn -0.309017 -0.000000 -0.951057
vn -0.156434 -0.000000 -0.987688
vn -0.000000 -0.000000 -1.000000
vn -0.000000 -0.000000 -1.000000
vn -1.000000 -0.000000 0.000000
vn -0.984808 -0.000000 -0.173648
vn -0.939693 -0.000000 -0.342020
vn -0.866025 -0.000000 -0.500000
vn -0.766044 -0.000000 -0.642788
vn -0.642788 -0.000000 -0.766044
vn -0.500000 -0.000000 -0.866025
vn -0.342020 -0.000000 -0.939693
vn -0.173648 -0.000000 -0.984808
vn -0.173648 -0.000000 0.984808
vn -0.342020 -0.000000 0.939693
vn -0.500000 -0.000000 0.866025
vn -0.642788 -0.000000 0.766044
vn -0.766044 -0.000000 0.642788
vn -0.866025 -0.000000 0.500000
vn -0.939693 -0.000000 0.342020
vn -0.984808 -0.000000 0.173648
f 4987//4987 4956//4956 4957//4957
f 4987//4987 4958//4958 4956//4956
f 4988//4988 4959//4959 4958//4958
f 4988//4988 4958//4958 4987//4987
f 4989//4989 4960//4960 4959//4959
f 4989//4989 4959//4959 4988//4988
f 4990//4990 4961//4961 4960//4960
f 4990//4990 4960//4960 4989//4989
f 4991//4991 4962//4962 4961//4961
f 4991//4991 4961//4961 4990//4990
f 4992//4992 4963//4963 4962//4962
f 4992//4992 4962//4962 4991//4991
f 4993//4993 4964//4964 4963//4963
f 4993//4993 4963//4963 4992//4992
f 4994//4994 4965//4965 4964//4964
f 4994//4994 4964//4964 4993//4993
f 4978//4978 4966//4966 4965//4965
f 4978//4978 4967//4967 4966//4966
f 4978//4978 4965//4965 4994//4994
f 4979//4979 4968//4968 4967//4967
f 4979//4979 4967//4967 4978//4978
f 4980//4980 4969//4969 4968//4968
f 4980//4980 4968//4968 4979//4979
f 4981//4981 4970//4970 4969//4969
f 4981//4981 4969//4969 4980//4980
f 4982//4982 4971//4971 4970//4970
f 4982//4982 4970//4970 4981//4981
f 4983//4983 4972//4972 4971//4971
f 4983//4983 4971//4971 4982//4982
f 4984//4984 4972//4972 4983//4983
f 4984//4984 4973//4973 4972//4972
f 4985//4985 4973//4973 4984//4984
f 4985//4985 4974//4974 4973//4973
f 4986//4986 4974//4974 4985//4985
f 4986//4986 4975//4975 4974//4974
f 4977//4977 4975//4975 4986//4986
f 4977//4977 4976//4976 4975//4975
v 476.000000 333.500000 1444.552979
v 476.000000 317.500000 1444.552979
v 475.209534 333.500000 1444.490845
v 474.438538 333.500000 1444.305664
v 473.705994 333.500000 1444.002197
v 473.029907 333.500000 1443.588013
v 472.427002 333.500000 1443.072998
v 471.912048 333.500000 1442.470093
v 471.497742 333.500000 1441.794067
v 471.194305 333.500000 1441.061523
v 471.009216 333.500000 1440.290405
v 470.946991 333.500000 1439.500000
v 471.023773 333.500000 1438.622559
v 471.251740 333.500000 1437.771729
v 471.623962 333.500000 1436.973511
v 472.129181 333.500000 1436.251953
v 472.751984 333.500000 1435.629150
v 473.473511 333.500000 1435.124023
v 474.271759 333.500000 1434.751709
v 475.122559 333.500000 1434.523804
v 476.000000 333.500000 1434.447021
v 476.000000 317.500000 1434.447021
v 470.946991 317.500000 1439.500000
v 471.023773 317.500000 1438.622559
v 471.251740 317.500000 1437.771729
v 471.623962 317.500000 1436.973511
v 472.129181 317.500000 1436.251953
v 472.751984 317.500000 1435.629150
v 473.473511 317.500000 1435.124023
v 474.271759 317.500000 1434.751709
v 475.122559 317.500000 1434.523804
v 475.122559 317.500000 1444.476196
v 474.271759 317.500000 1444.248291
v 473.473511 317.500000 1443.875977
v 472.751984 317.500000 1443.370850
v 472.129181 317.500000 1442.748047
v 471.623962 317.500000 1442.026489
v 471.251740 317.500000 1441.228271
v 471.023773 317.500000 1440.377441
vn -0.000000 -0.000000 -1.000000
vn -0.000000 -0.000000 -1.000000
vn 0.156434 -0.000000 -0.987688
vn 0.309017 -0.000000 -0.951057
vn 0.453990 -0.000000 -0.891007
vn 0.587785 -0.000000 -0.809017
vn 0.707107 -0.000000 -0.707107
vn 0.809017 -0.000000 -0.587785
vn 0.891007 -0.000000 -0.453990
vn 0.951057 -0.000000 -0.309017
vn 0.987688 -0.000000 -0.156434
vn 1.000000 -0.000000 -0.000000
vn 0.984808 0.000000 0.173648
vn 0.939693 0.000000 0.342020
vn 0.866025 0.000000 0.500000
vn 0.766044 0.000000 0.642788
vn 0.642788 0.000000 0.766044
vn 0.500000 0.000000 0.866025
vn 0.342020 0.000000 0.939693
vn 0.173648 0.000000 0.984808
vn 0.000000 0.000000 1.000000
vn 0.000000 0.000000 1.000000
vn 1.000000 -0.000000 -0.000000
vn 0.984808 0.000000 0.173648
vn 0.939693 0.000000 0.342020
vn 0.866025 0.000000 0.500000
vn 0.766044 0.000000 0.642788
vn 0.642788 0.000000 0.766044
vn 0.500000 0.000000 0.866025
vn 0.342020 0.000000 0.939693
vn 0.173648 0.000000 0.984808
vn 0.173648 -0.000000 -0.984808
vn 0.342020 -0.000000 -0.939693
vn 0.500000 -0.000000 -0.866025
vn 0.642788 -0.000000 -0.766044
vn 0.766044 -0.000000 -0.642788
vn 0.866025 -0.000000 -0.500000
vn 0.939693 -0.000000 -0.342020
vn 0.984808 -0.000000 -0.173648
f 4996//4996 4997//4997 4995//4995
f 5026//5026 4998//4998 4997//4997
f 5026//5026 4997//4997 4996//4996
f 5027//5027 4999//4999 4998//4998
f 5027//5027 4998//4998 5026//5026
f 5028//5028 5000//5000 4999//4999
f 5028//5028 4999//4999 5027//5027
f 5029//5029 5001//5001 5000//5000
f 5029//5029 5000//5000 5028//5028
f 5030//5030 5002//5002 5001//5001
f 5030//5030 5001//5001 5029//5029
f 5031//5031 5003//5003 5002//5002
f 5031//5031 5002//5002 5030//5030
f 5032//5032 5004//5004 5003//5003
f 5032//5032 5003//5003 5031//5031
f 5033//5033 5005//5005 5004//5004
f 5033//5033 5004//5004 5032//5032
f 5017//5017 5006//5006 5005//5005
f 5017//5017 5005//5005 5033//5033
f 5018//5018 5007//5007 5006//5006
f 5018//5018 5008//5008 5007//5007
f 5018//5018 5006//5006 5017//5017
f 5019//5019 5008//5008 5018//5018
f 5020//5020 5009//5009 5008//5008
f 5020//5020 5008//5008 5019//5019
f 5021//5021 5010//5010 5009//5009
f 5021//5021 5009//5009 5020//5020
f 5022//5022 5011//5011 5010//5010
f 5022//5022 5010//5010 5021//5021
f 5023//5023 5011//5011 5022//5022
f 5023//5023 5012//5012 5011//5011
f 5024//5024 5012//5012 5023//5023
f 5024//5024 5013//5013 5012//5012
f 5025//5025 5013//5013 5024//5024
f 5025//5025 5014//5014 5013//5013
f 5016//5016 5014//5014 5025//5025
f 5016//5016 5015//5015 5014//5014
v 476.000000 333.500000 989.947021
v 476.000000 317.500000 989.947021
v 476.790466 333.500000 990.009216
v 477.561462 333.500000 990.194336
v 478.294006 333.500000 990.497742
v 478.970093 333.500000 990.912048
v 479.572998 333.500000 991.427002
v 480.087952 333.500000 992.029907
v 480.502258 333.500000 992.705994
v 480.805695 333.500000 993.438538
v 480.990784 333.500000 994.209534
v 481.053009 333.500000 995.000000
v 480.990784 333.500000 995.790466
v 480.805695 333.500000 996.561462
v 480.502258 333.500000 997.294006
v 480.087952 333.500000 997.970093
v 479.572998 333.500000 998.572998
v 478.970093 333.500000 999.087952
v 478.294006 333.500000 999.502258
v 477.561462 333.500000 999.805664
v 476.790466 333.500000 999.990784
v 476.000000 333.500000 1000.052979
v 476.000000 317.500000 1000.052979
v 481.053009 317.500000 995.000000
v 480.976227 317.500000 995.877441
v 480.748260 317.500000 996.728210
v 480.376038 317.500000 997.526489
v 479.870819 317.500000 998.247986
v 479.248016 317.500000 998.870850
v 478.526489 317.500000 999.376038
v 477.728241 317.500000 999.748291
v 476.877441 317.500000 999.976257
v 476.877441 317.500000 990.023743
v 477.728241 317.500000 990.251709
v 478.526489 317.500000 990.623962
v 479.248016 317.500000 991.129150
v 479.870819 317.500000 991.752014
v 480.376038 317.500000 992.473511
v 480.748260 317.500000 993.271790
v 480.976227 317.500000 994.122559
vn 0.000000 -0.000000 1.000000
vn 0.000000 -0.000000 1.000000
vn -0.156434 -0.000000 0.987688
vn -0.309017 -0.000000 0.951057
vn -0.453990 -0.000000 0.891007
vn -0.587785 -0.000000 0.809017
vn -0.707107 -0.000000 0.707107
vn -0.809017 -0.000000 0.587785
vn -0.891007 -0.000000 0.453990
vn -0.951057 -0.000000 0.309017
vn -0.987688 -0.000000 0.156434
vn -1.000000 -0.000000 0.000000
vn -0.987688 -0.000000 -0.156434
vn -0.951057 -0.000000 -0.309017
vn -0.891007 -0.000000 -0.453990
vn -0.809017 -0.000000 -0.587785
vn -0.707107 -0.000000 -0.707107
vn -0.587785 -0.000000 -0.809017
vn -0.453990 -0.000000 -0.891007
vn -0.309017 -0.000000 -0.951057
vn -0.156434 -0.000000 -0.987688
vn -0.000000 -0.000000 -1.000000
vn -0.000000 -0.000000 -1.000000
vn -1.000000 -0.000000 0.000000
vn -0.984808 -0.000000 -0.173648
vn -0.939693 -0.000000 -0.342020
vn -0.866025 -0.000000 -0.500000
vn -0.766044 -0.000000 -0.642788
vn -0.642788 -0.000000 -0.766044
vn -0.500000 -0.000000 -0.866025
vn -0.342020 -0.000000 -0.939693
vn -0.173648 -0.000000 -0.984808
vn -0.173648 -0.000000 0.984808
vn -0.342020 -0.000000 0.939693
vn -0.500000 -0.000000 0.866025
vn -0.642788 -0.000000 0.766044
vn -0.766044 -0.000000 0.642788
vn -0.866025 -0.000000 0.500000
vn -0.939693 -0.000000 0.342020
vn -0.984808 -0.000000 0.173648
f 5035//5035 5036//5036 5034//5034
f 5066//5066 5037//5037 5036//5036
f 5066//5066 5036//5036 5035//5035
f 5067//5067 5038//5038 5037//5037
f 5067//5067 5037//5037 5066//5066
f 5068//5068 5039//5039 5038//5038
f 5068//5068 5038//5038 5067//5067
f 5069//5069 5040//5040 5039//5039
f 5069//5069 5039//5039 5068//5068
f 5070//5070 5041//5041 5040//5040
f 5070//5070 5040//5040 5069//5069
f 5071//5071 5042//5042 5041//5041
f 5071//5071 5041//5041 5070//5070
f 5072//5072 5043//5043 5042//5042
f 5072//5072 5042//5042 5071//5071
f 5073//5073 5044//5044 5043//5043
f 5073//5073 5043//5043 5072//5072
f 5057//5057 5045//5045 5044//5044
f 5057//5057 5046//5046 5045//5045
f 5057//5057 5044//5044 5073//5073
f 5058//5058 5047//5047 5046//5046
f 5058//5058 5046//5046 5057//5057
f 5059//5059 5048//5048 5047//5047
f 5059//5059 5047//5047 5058//5058
f 5060//5060 5049//5049 5048//5048
f 5060//5060 5048//5048 5059//5059
f 5061//5061 5050//5050 5049//5049
f 5061//5061 5049//5049 5060//5060
f 5062//5062 5050//5050 5061//5061
f 5062//5062 5051//5051 5050//5050
f 5063//5063 5051//5051 5062//5062
f 5063//5063 5052//5052 5051//5051
f 5064//5064 5052//5052 5063//5063
f 5064//5064 5053//5053 5052//5052
f 5065//5065 5053//5053 5064//5064
f 5065//5065 5054//5054 5053//5053
f 5056//5056 5055//5055 5054//5054
f 5056//5056 5054//5054 5065//5065
v 476.000000 333.500000 1000.052979
v 476.000000 317.500000 1000.052979
v 475.209534 333.500000 999.990784
v 474.438538 333.500000 999.805664
v 473.705994 333.500000 999.502258
v 473.029907 333.500000 999.087952
v 472.427002 333.500000 998.572998
v 471.912048 333.500000 997.970093
v 471.497742 333.500000 997.294006
v 471.194305 333.500000 996.561462
v 471.009216 333.500000 995.790466
v 470.946991 333.500000 995.000000
v 471.009216 333.500000 994.209534
v 471.194305 333.500000 993.438538
v 471.497742 333.500000 992.705994
v 471.912048 333.500000 992.029907
v 472.427002 333.500000 991.427002
v 473.029907 333.500000 990.912048
v 473.705994 333.500000 990.497742
v 474.438538 333.500000 990.194336
v 475.209534 333.500000 990.009216
v 476.000000 333.500000 989.947021
v 476.000000 317.500000 989.947021
v 470.946991 317.500000 995.000000
v 471.023773 317.500000 994.122559
v 471.251740 317.500000 993.271790
v 471.623962 317.500000 992.473511
v 472.129181 317.500000 991.752014
v 472.751984 317.500000 991.129150
v 473.473511 317.500000 990.623962
v 474.271759 317.500000 990.251709
v 475.122559 317.500000 990.023743
v 475.122559 317.500000 999.976257
v 474.271759 317.500000 999.748291
v 473.473511 317.500000 999.376038
v 472.751984 317.500000 998.870850
v 472.129181 317.500000 998.247986
v 471.623962 317.500000 997.526489
v 471.251740 317.500000 996.728210
v 471.023773 317.500000 995.877441
vn -0.000000 -0.000000 -1.000000
vn -0.000000 -0.000000 -1.000000
vn 0.156434 -0.000000 -0.987688
vn 0.309017 -0.000000 -0.951057
vn 0.453990 -0.000000 -0.891007
vn 0.587785 -0.000000 -0.809017
vn 0.707107 -0.000000 -0.707107
vn 0.809017 -0.000000 -0.587785
vn 0.891007 -0.000000 -0.453990
vn 0.951057 -0.000000 -0.309017
vn 0.987688 -0.000000 -0.156434
vn 1.000000 -0.000000 -0.000000
vn 0.987688 0.000000 0.156434
vn 0.951057 0.000000 0.309017
vn 0.891007 0.000000 0.453990
vn 0.809017 0.000000 0.587785
vn 0.707107 0.000000 0.707107
vn 0.587785 0.000000 0.809017
vn 0.453990 0.000000 0.891007
vn 0.309017 0.000000 0.951057
vn 0.156434 0.000000 0.987688
vn 0.000000 0.000000 1.000000
vn 0.000000 0.000000 1.000000
vn 1.000000 -0.000000 -0.000000
vn 0.984808 0.000000 0.173648
vn 0.939693 0.000000 0.342020
vn 0.866025 0.000000 0.500000
vn 0.766044 0.000000 0.642788
vn 0.642788 0.000000 0.766044
vn 0.500000 0.000000 0.866025
vn 0.342020 0.000000 0.939693
vn 0.173648 0.000000 0.984808
vn 0.173648 -0.000000 -0.984808
vn 0.342020 -0.000000 -0.939693
vn 0.500000 -0.000000 -0.866025
vn 0.642788 -0.000000 -0.766044
vn 0.766044 -0.000000 -0.642788
vn 0.866025 -0.000000 -0.500000
vn 0.939693 -0.000000 -0.342020
vn 0.984808 -0.000000 -0.173648
f 5075//5075 5076//5076 5074//5074
f 5106//5106 5077//5077 5076//5076
f 5106//5106 5076//5076 5075//5075
f 5107//5107 5078//5078 5077//5077
f 5107//5107 5077//5077 5106//5106
f 5108//5108 5079//5079 5078//5078
f 5108//5108 5078//5078 5107//5107
f 5109//5109 5080//5080 5079//5079
f 5109//5109 5079//5079 5108//5108
f 5110//5110 5081//5081 5080//5080
f 5110//5110 5080//5080 5109//5109
f 5111//5111 5082//5082 5081//5081
f 5111//5111 5081//5081 5110//5110
f 5112//5112 5083//5083 5082//5082
f 5112//5112 5082//5082 5111//5111
f 5113//5113 5084//5084 5083//5083
f 5113//5113 5083//5083 5112//5112
f 5097//5097 5085//5085 5084//5084
f 5097//5097 5086//5086 5085//5085
f 5097//5097 5084//5084 5113//5113
f 5098//5098 5087//5087 5086//5086
f 5098//5098 5086//5086 5097//5097
f 5099//5099 5088//5088 5087//5087
f 5099//5099 5087//5087 5098//5098
f 5100//5100 5089//5089 5088//5088
f 5100//5100 5088//5088 5099//5099
f 5101//5101 5090//5090 5089//5089
f 5101//5101 5089//5089 5100//5100
f 5102//5102 5090//5090 5101//5101
f 5102//5102 5091//5091 5090//5090
f 5103//5103 5091//5091 5102//5102
f 5103//5103 5092//5092 5091//5091
f 5104//5104 5092//5092 5103//5103
f 5104//5104 5093//5093 5092//5092
f 5105//5105 5093//5093 5104//5104
f 5105//5105 5094//5094 5093//5093
f 5096//5096 5095//5095 5094//5094
f 5096//5096 5094//5094 5105//5105
v 282.000000 333.500000 1434.447021
v 282.000000 317.500000 1434.447021
v 282.877441 333.500000 1434.523804
v 283.728241 333.500000 1434.751709
v 284.526489 333.500000 1435.124023
v 285.248016 333.500000 1435.629150
v 285.870819 333.500000 1436.251953
v 286.376038 333.500000 1436.973511
v 286.748260 333.500000 1437.771729
v 286.976227 333.500000 1438.622559
v 287.053009 333.500000 1439.500000
v 286.990784 333.500000 1440.290405
v 286.805695 333.500000 1441.061523
v 286.502258 333.500000 1441.794067
v 286.087952 333.500000 1442.470093
v 285.572998 333.500000 1443.072998
v 284.970093 333.500000 1443.588013
v 284.294006 333.500000 1444.002197
v 283.561462 333.500000 1444.305664
v 282.790466 333.500000 1444.490845
v 282.000000 333.500000 1444.552979
v 282.000000 317.500000 1444.552979
v 287.053009 317.500000 1439.500000
v 286.976227 317.500000 1440.377441
v 286.748260 317.500000 1441.228271
v 286.376038 317.500000 1442.026489
v 285.870819 317.500000 1442.748047
v 285.248016 317.500000 1443.370850
v 284.526489 317.500000 1443.875977
v 283.728241 317.500000 1444.248291
v 282.877441 317.500000 1444.476196
v 282.877441 317.500000 1434.523804
v 283.728241 317.500000 1434.751709
v 284.526489 317.500000 1435.124023
v 285.248016 317.500000 1435.629150
v 285.870819 317.500000 1436.251953
v 286.376038 317.500000 1436.973511
v 286.748260 317.500000 1437.771729
v 286.976227 317.500000 1438.622559
vn 0.000000 -0.000000 1.000000
vn 0.000000 -0.000000 1.000000
vn -0.173648 -0.000000 0.984808
vn -0.342020 -0.000000 0.939693
vn -0.500000 -0.000000 0.866025
vn -0.642788 -0.000000 0.766044
vn -0.766044 -0.000000 0.642788
vn -0.866025 -0.000000 0.500000
vn -0.939693 -0.000000 0.342020
vn -0.984808 -0.000000 0.173648
vn -1.000000 -0.000000 0.000000
vn -0.987688 -0.000000 -0.156434
vn -0.951057 -0.000000 -0.309017
vn -0.891007 -0.000000 -0.453990
vn -0.809017 -0.000000 -0.587785
vn -0.707107 -0.000000 -0.707107
vn -0.587785 -0.000000 -0.809017
vn -0.453990 -0.000000 -0.891007
vn -0.309017 -0.000000 -0.951057
vn -0.156434 -0.000000 -0.987688
vn -0.000000 -0.000000 -1.000000
vn -0.000000 -0.000000 -1.000000
vn -1.000000 -0.000000 0.000000
vn -0.984808 -0.000000 -0.173648
vn -0.939693 -0.000000 -0.342020
vn -0.866025 -0.000000 -0.500000
vn -0.766044 -0.000000 -0.642788
vn -0.642788 -0.000000 -0.766044
vn -0.500000 -0.000000 -0.866025
vn -0.342020 -0.000000 -0.939693
vn -0.173648 -0.000000 -0.984808
vn -0.173648 -0.000000 0.984808
vn -0.342020 -0.000000 0.939693
vn -0.500000 -0.000000 0.866025
vn -0.642788 -0.000000 0.766044
vn -0.766044 -0.000000 0.642788
vn -0.866025 -0.000000 0.500000
vn -0.939693 -0.000000 0.342020
vn -0.984808 -0.000000 0.173648
f 5145//5145 5114//5114 5115//5115
f 5145//5145 5116//5116 5114//5114
f 5146//5146 5117//5117 5116//5116
f 5146//5146 5116//5116 5145//5145
f 5147//5147 5118//5118 5117//5117
f 5147//5147 5117//5117 5146//5146
f 5148//5148 5119//5119 5118//5118
f 5148//5148 5118//5118 5147//5147
f 5149//5149 5120//5120 5119//5119
f 5149//5149 5119//5119 5148//5148
f 5150//5150 5121//5121 5120//5120
f 5150//5150 5120//5120 5149//5149
f 5151//5151 5122//5122 5121//5121
f 5151//5151 5121//5121 5150//5150
f 5152//5152 5123//5123 5122//5122
f 5152//5152 5122//5122 5151//5151
f 5136//5136 5124//5124 5123//5123
f 5136//5136 5125//5125 5124//5124
f 5136//5136 5123//5123 5152//5152
f 5137//5137 5126//5126 5125//5125
f 5137//5137 5125//5125 5136//5136
f 5138//5138 5127//5127 5126//5126
f 5138//5138 5126//5126 5137//5137
f 5139//5139 5128//5128 5127//5127
f 5139//5139 5127//5127 5138//5138
f 5140//5140 5129//5129 5128//5128
f 5140//5140 5128//5128 5139//5139
f 5141//5141 5130//5130 5129//5129
f 5141//5141 5129//5129 5140//5140
f 5142//5142 5130//5130 5141//5141
f 5142//5142 5131//5131 5130//5130
f 5143//5143 5131//5131 5142//5142
f 5143//5143 5132//5132 5131//5131
f 5144//5144 5132//5132 5143//5143
f 5144//5144 5133//5133 5132//5132
f 5135//5135 5133//5133 5144//5144
f 5135//5135 5134//5134 5133//5133
v 282.000000 333.500000 1444.552979
v 282.000000 317.500000 1444.552979
v 281.209534 333.500000 1444.490845
v 280.438538 333.500000 1444.305664
v 279.705994 333.500000 1444.002197
v 279.029907 333.500000 1443.588013
v 278.427002 333.500000 1443.072998
v 277.912048 333.500000 1442.470093
v 277.497742 333.500000 1441.794067
v 277.194305 333.500000 1441.061523
v 277.009216 333.500000 1440.290405
v 276.946991 333.500000 1439.500000
v 277.023773 333.500000 1438.622559
v 277.251740 333.500000 1437.771729
v 277.623962 333.500000 1436.973511
v 278.129181 333.500000 1436.251953
v 278.751984 333.500000 1435.629150
v 279.473511 333.500000 1435.124023
v 280.271759 333.500000 1434.751709
v 281.122559 333.500000 1434.523804
v 282.000000 333.500000 1434.447021
v 282.000000 317.500000 1434.447021
v 276.946991 317.500000 1439.500000
v 277.023773 317.500000 1438.622559
v 277.251740 317.500000 1437.771729
v 277.623962 317.500000 1436.973511
v 278.129181 317.500000 1436.251953
v 278.751984 317.500000 1435.629150
v 279.473511 317.500000 1435.124023
v 280.271759 317.500000 1434.751709
v 281.122559 317.500000 1434.523804
v 281.122559 317.500000 1444.476196
v 280.271759 317.500000 1444.248291
v 279.473511 317.500000 1443.875977
v 278.751984 317.500000 1443.370850
v 278.129181 317.500000 1442.748047
v 277.623962 317.500000 1442.026489
v 277.251740 317.500000 1441.228271
v 277.023773 317.500000 1440.377441
vn -0.000000 -0.000000 -1.000000
vn -0.000000 -0.000000 -1.000000
vn 0.156434 -0.000000 -0.987688
vn 0.309017 -0.000000 -0.951057
vn 0.453990 -0.000000 -0.891007
vn 0.587785 -0.000000 -0.809017
vn 0.707107 -0.000000 -0.707107
vn 0.809017 -0.000000 -0.587785
vn 0.891007 -0.000000 -0.453990
vn 0.951057 -0.000000 -0.309017
vn 0.987688 -0.000000 -0.156434
vn 1.000000 -0.000000 -0.000000
vn 0.984808 0.000000 0.173648
vn 0.939693 0.000000 0.342020
vn 0.866025 0.000000 0.500000
vn 0.766044 0.000000 0.642788
vn 0.642788 0.000000 0.766044
vn 0.500000 0.000000 0.866025
vn 0.342020 0.000000 0.939693
vn 0.173648 0.000000 0.984808
vn 0.000000 0.000000 1.000000
vn 0.000000 0.000000 1.000000
vn 1.000000 -0.000000 -0.000000
vn 0.984808 0.000000 0.173648
vn 0.939693 0.000000 0.342020
vn 0.866025 0.000000 0.500000
vn 0.766044 0.000000 0.642788
vn 0.642788 0.000000 0.766044
vn 0.500000 0.000000 0.866025
vn 0.342020 0.000000 0.939693
vn 0.173648 0.000000 0.984808
vn 0.173648 -0.000000 -0.984808
vn 0.342020 -0.000000 -0.939693
vn 0.500000 -0.000000 -0.866025
vn 0.642788 -0.000000 -0.766044
vn 0.766044 -0.000000 -0.642788
vn 0.866025 -0.000000 -0.500000
vn 0.939693 -0.000000 -0.342020
vn 0.984808 -0.000000 -0.173648
f 5154//5154 5155//5155 5153//5153
f 5184//5184 5156//5156 5155//5155
f 5184//5184 5155//5155 5154//5154
f 5185//5185 5157//5157 5156//5156
f 5185//5185 5156//5156 5184//5184
f 5186//5186 5158//5158 5157//5157
f 5186//5186 5157//5157 5185//5185
f 5187//5187 5159//5159 5158//5158
f 5187//5187 5158//5158 5186//5186
f 5188//5188 5160//5160 5159//5159
f 5188//5188 5159//5159 5187//5187
f 5189//5189 5161//5161 5160//5160
f 5189//5189 5160//5160 5188//5188
f 5190//5190 5162//5162 5161//5161
f 5190//5190 5161//5161 5189//5189
f 5191//5191 5163//5163 5162//5162
f 5191//5191 5162//5162 5190//5190
f 5175//5175 5164//5164 5163//5163
f 5175//5175 5163//5163 5191//5191
f 5176//5176 5165//5165 5164//5164
f 5176//5176 5166//5166 5165//5165
f 5176//5176 5164//5164 5175//5175
f 5177//5177 5166//5166 5176//5176
f 5178//5178 5167//5167 5166//5166
f 5178//5178 5166//5166 5177//5177
f 5179//5179 5168//5168 5167//5167
f 5179//5179 5167//5167 5178//5178
f 5180//5180 5169//5169 5168//5168
f 5180//5180 5168//5168 5179//5179
f 5181//5181 5169//5169 5180//5180
f 5181//5181 5170//5170 5169//5169
f 5182//5182 5170//5170 5181//5181
f 5182//5182 5171//5171 5170//5170
f 5183//5183 5171//5171 5182//5182
f 5183//5183 5172//5172 5171//5171
f 5174//5174 5172//5172 5183//5183
f 5174//5174 5173//5173 5172//5172
usemtl mat_1
v 466.668823 229.000000 680.126709
v 468.377533 229.000000 654.029236
v 483.345490 229.000000 670.009216
v 480.902161 229.000000 669.808899
v 478.524109 229.000000 669.213257
v 476.274811 229.000000 668.238159
v 474.214386 229.000000 666.909790
v 472.397888 229.000000 665.263489
v 470.873779 229.000000 663.343262
v 469.682831 229.000000 661.200500
v 468.856812 229.000000 658.892334
v 468.417816 229.000000 656.480408
v 498.288422 229.000000 653.701904
v 498.299255 229.000000 656.186096
v 497.899933 229.000000 658.638062
v 497.101379 229.000000 660.990479
v 495.925537 229.000000 663.178772
v 494.404663 229.000000 665.143066
v 492.580414 229.000000 666.829346
v 490.502869 229.000000 668.191467
v 488.229004 229.000000 669.192017
v 485.821198 229.000000 669.803467
v 498.683624 229.000000 659.126892
v 498.920898 229.000000 664.561157
v 499.000000 229.000000 670.000000
v 499.000000 229.000000 681.931702
v 466.540070 229.000000 681.931702
v 466.585327 229.000000 681.330200
v 466.628265 229.000000 680.728516
vn -0.000000 1.000000 -0.000000
vn -0.000000 1.000000 -0.000000
vn -0.000000 1.000000 -0.000000
vn -0.000000 1.000000 -0.000000
vn -0.000000 1.000000 -0.000000
vn -0.000000 1.000000 -0.000000
vn -0.000000 1.000000 -0.000000
vn -0.000000 1.000000 -0.000000
vn -0.000000 1.000000 -0.000000
vn -0.000000 1.000000 -0.000000
vn -0.000000 1.000000 -0.000000
vn -0.000000 1.000000 -0.000000
vn -0.000000 1.000000 -0.000000
vn -0.000000 1.000000 -0.000000
vn -0.000000 1.000000 -0.000000
vn -0.000000 1.000000 -0.000000
vn -0.000000 1.000000 -0.000000
vn -0.000000 1.000000 -0.000000
vn -0.000000 1.000000 -0.000000
vn -0.000000 1.000000 -0.000000
vn -0.000000 1.000000 -0.000000
vn -0.000000 1.000000 -0.000000
vn -0.000000 1.000000 -0.000000
vn -0.000000 1.000000 -0.000000
vn -0.000000 1.000000 -0.000000
vn -0.000000 1.000000 -0.000000
vn -0.000000 1.000000 -0.000000
vn -0.000000 1.000000 -0.000000
vn -0.000000 1.000000 -0.000000
f 5198//5198 5199//5199 5192//5192
f 5200//5200 5192//5192 5199//5199
f 5197//5197 5198//5198 5192//5192
f 5201//5201 5192//5192 5200//5200
f 5196//5196 5197//5197 5192//5192
f 5202//5202 5192//5192 5201//5201
f 5195//5195 5219//5219 5218//5218
f 5195//5195 5220//5220 5219//5219
f 5195//5195 5192//5192 5220//5220
f 5195//5195 5196//5196 5192//5192
f 5203//5203 5192//5192 5202//5202
f 5194//5194 5195//5195 5218//5218
f 5217//5217 5213//5213 5194//5194
f 5217//5217 5194//5194 5218//5218
f 5212//5212 5213//5213 5217//5217
f 5211//5211 5212//5212 5217//5217
f 5216//5216 5210//5210 5211//5211
f 5216//5216 5211//5211 5217//5217
f 5209//5209 5210//5210 5216//5216
f 5215//5215 5208//5208 5209//5209
f 5215//5215 5209//5209 5216//5216
f 5207//5207 5208//5208 5215//5215
f 5214//5214 5206//5206 5207//5207
f 5214//5214 5207//5207 5215//5215
f 5205//5205 5206//5206 5214//5214
f 5192//5192 5203//5203 5193//5193
f 5204//5204 5205//5205 5214//5214
v 466.668823 192.000000 680.126709
v 466.668823 229.000000 680.126709
v 468.377533 192.000000 654.029236
v 468.377533 229.000000 654.029236
vn -0.997863 0.000000 -0.065334
vn -0.997863 0.000000 -0.065334
vn -0.997863 0.000000 -0.065334
vn -0.997863 0.000000 -0.065334
f 5222//5222 5223//5223 5221//5221
f 5224//5224 5223//5223 5222//5222
v 468.377533 192.000000 654.029236
v 468.769012 192.000000 651.469971
v 469.594727 192.000000 649.016174
v 470.830078 192.000000 646.740967
v 472.438263 192.000000 644.711975
v 474.371399 192.000000 642.989807
v 476.571869 192.000000 641.625732
v 466.668823 192.000000 680.126709
v 312.000000 192.000000 825.000000
v 337.805878 192.000000 822.836670
v 362.891418 192.000000 816.407166
v 386.556396 192.000000 805.890930
v 408.140259 192.000000 791.581482
v 427.040497 192.000000 773.878235
v 442.729523 192.000000 753.275391
v 454.769440 192.000000 730.348022
v 462.824158 192.000000 705.736145
v 193.505173 192.000000 769.919861
v 212.598557 192.000000 788.930054
v 234.695480 192.000000 804.346619
v 259.128235 192.000000 815.703735
v 285.158600 192.000000 822.658264
v 170.289703 192.000000 697.261597
v 170.350449 192.000000 714.355835
v 173.321854 192.000000 731.191040
v 178.458450 192.000000 745.812134
v 185.017044 192.000000 758.236145
v 189.049957 192.000000 764.231445
v 170.385162 192.000000 696.100525
v 168.180786 192.000000 677.213562
v 168.484222 192.000000 658.200867
v 171.290146 192.000000 639.393860
v 176.549637 192.000000 621.120544
v 177.931366 192.000000 604.314392
v 226.244507 192.000000 526.699646
v 213.363892 192.000000 535.864075
v 202.087570 192.000000 546.944580
v 192.864120 192.000000 559.398315
v 185.796539 192.000000 572.847168
v 180.847488 192.000000 587.212463
v 179.017776 192.000000 595.700256
v 246.283417 192.000000 516.473694
v 267.514954 192.000000 509.033905
v 289.553802 192.000000 504.515350
v 312.000000 192.000000 503.000000
v 337.874268 192.000000 505.016602
v 363.123657 192.000000 511.017700
v 387.138367 192.000000 520.858398
v 409.338409 192.000000 534.300964
v 429.187653 192.000000 551.020813
v 446.206696 192.000000 570.614075
v 459.984528 192.000000 592.607605
v 470.188385 192.000000 616.470276
vn -0.000000 1.000000 -0.000000
vn -0.000000 1.000000 -0.000000
vn -0.000000 1.000000 -0.000000
vn -0.000000 1.000000 -0.000000
vn -0.000000 1.000000 -0.000000
vn -0.000000 1.000000 -0.000000
vn -0.000000 1.000000 -0.000000
vn -0.000000 1.000000 -0.000000
vn -0.000000 1.000000 -0.000000
vn -0.000000 1.000000 -0.000000
vn -0.000000 1.000000 -0.000000
vn -0.000000 1.000000 -0.000000
vn -0.000000 1.000000 -0.000000
vn -0.000000 1.000000 -0.000000
vn -0.000000 1.000000 -0.000000
vn -0.000000 1.000000 -0.000000
vn -0.000000 1.000000 -0.000000
vn -0.000000 1.000000 -0.000000
vn -0.000000 1.000000 -0.000000
vn -0.000000 1.000000 -0.000000
vn -0.000000 1.000000 -0.000000
vn -0.000000 1.000000 -0.000000
vn -0.000000 1.000000 -0.000000
vn -0.000000 1.000000 -0.000000
vn -0.000000 1.000000 -0.000000
vn -0.000000 1.000000 -0.000000
vn -0.000000 1.000000 -0.000000
vn -0.000000 1.000000 -0.000000
vn -0.000000 1.000000 -0.000000
vn -0.000000 1.000000 -0.000000
vn -0.000000 1.000000 -0.000000
vn -0.000000 1.000000 -0.000000
vn -0.000000 1.000000 -0.000000
vn -0.000000 1.000000 -0.000000
vn -0.000000 1.000000 -0.000000
vn -0.000000 1.000000 -0.000000
vn -0.000000 1.000000 -0.000000
vn -0.000000 1.000000 -0.000000
vn -0.000000 1.000000 -0.000000
vn -0.000000 1.000000 -0.000000
vn -0.000000 1.000000 -0.000000
vn -0.000000 1.000000 -0.000000
vn -0.000000 1.000000 -0.000000
vn -0.000000 1.000000 -0.000000
vn -0.000000 1.000000 -0.000000
vn -0.000000 1.000000 -0.000000
vn -0.000000 1.000000 -0.000000
vn -0.000000 1.000000 -0.000000
vn -0.000000 1.000000 -0.000000
vn -0.000000 1.000000 -0.000000
vn -0.000000 1.000000 -0.000000
vn -0.000000 1.000000 -0.000000
vn -0.000000 1.000000 -0.000000
f 5251//5251 5252//5252 5242//5242
f 5249//5249 5250//5250 5251//5251
f 5248//5248 5251//5251 5242//5242
f 5248//5248 5249//5249 5251//5251
f 5247//5247 5248//5248 5242//5242
f 5253//5253 5242//5242 5243//5243
f 5253//5253 5243//5243 5244//5244
f 5253//5253 5244//5244 5245//5245
f 5253//5253 5245//5245 5246//5246
f 5253//5253 5247//5247 5242//5242
f 5233//5233 5253//5253 5246//5246
f 5255//5255 5254//5254 5253//5253
f 5234//5234 5253//5253 5233//5233
f 5256//5256 5255//5255 5253//5253
f 5235//5235 5253//5253 5234//5234
f 5257//5257 5256//5256 5253//5253
f 5236//5236 5253//5253 5235//5235
f 5264//5264 5265//5265 5258//5258
f 5237//5237 5253//5253 5236//5236
f 5238//5238 5253//5253 5237//5237
f 5261//5261 5262//5262 5263//5263
f 5260//5260 5261//5261 5263//5263
f 5260//5260 5263//5263 5264//5264
f 5260//5260 5264//5264 5258//5258
f 5239//5239 5253//5253 5238//5238
f 5259//5259 5260//5260 5258//5258
f 5240//5240 5253//5253 5239//5239
f 5266//5266 5259//5259 5258//5258
f 5266//5266 5258//5258 5257//5257
f 5241//5241 5253//5253 5240//5240
f 5267//5267 5266//5266 5257//5257
f 5268//5268 5267//5267 5257//5257
f 5232//5232 5253//5253 5241//5241
f 5232//5232 5257//5257 5253//5253
f 5269//5269 5268//5268 5257//5257
f 5225//5225 5257//5257 5232//5232
f 5270//5270 5269//5269 5257//5257
f 5271//5271 5270//5270 5257//5257
f 5277//5277 5226//5226 5227//5227
f 5277//5277 5227//5227 5228//5228
f 5277//5277 5228//5228 5229//5229
f 5277//5277 5229//5229 5230//5230
f 5277//5277 5230//5230 5231//5231
f 5272//5272 5257//5257 5225//5225
f 5272//5272 5271//5271 5257//5257
f 5276//5276 5225//5225 5226//5226
f 5276//5276 5226//5226 5277//5277
f 5273//5273 5272//5272 5225//5225
f 5275//5275 5225//5225 5276//5276
f 5274//5274 5273//5273 5225//5225
f 5274//5274 5225//5225 5275//5275
v 193.505173 192.000000 769.919861
v 193.505173 266.816132 769.919861
v 188.048477 264.146179 762.827576
v 183.186081 261.924377 755.169067
v 178.993408 260.262726 747.003906
v 175.828201 259.326050 739.223511
v 173.314178 259.000000 731.162415
v 171.017105 259.000000 720.001892
v 170.004562 259.000000 708.652466
v 170.289703 259.000000 697.261597
v 170.289703 192.000000 697.261597
v 170.350449 192.000000 714.355835
v 173.321854 192.000000 731.191040
v 178.458450 192.000000 745.812134
v 185.017044 192.000000 758.236145
v 189.049957 192.000000 764.231445
vn 0.764483 -0.000000 -0.644644
vn 0.764483 -0.000000 -0.644644
vn 0.819050 -0.000000 -0.573722
vn 0.867673 -0.000000 -0.497136
vn 0.909600 -0.000000 -0.415485
vn 0.941260 -0.000000 -0.337684
vn 0.966393 -0.000000 -0.257070
vn 0.989363 -0.000000 -0.145465
vn 0.999489 -0.000000 -0.031971
vn 0.996637 -0.000000 0.081939
vn 0.996637 -0.000000 0.081939
vn 0.996031 -0.000000 -0.089004
vn 0.966320 -0.000000 -0.257345
vn 0.914953 -0.000000 -0.403559
vn 0.849367 -0.000000 -0.527803
vn 0.809037 -0.000000 -0.587758
f 5286//5286 5288//5288 5287//5287
f 5286//5286 5289//5289 5288//5288
f 5285//5285 5290//5290 5289//5289
f 5285//5285 5289//5289 5286//5286
f 5284//5284 5290//5290 5285//5285
f 5283//5283 5291//5291 5290//5290
f 5283//5283 5290//5290 5284//5284
f 5282//5282 5292//5292 5291//5291
f 5282//5282 5291//5291 5283//5283
f 5281//5281 5292//5292 5282//5282
f 5280//5280 5293//5293 5292//5292
f 5280//5280 5278//5278 5293//5293
f 5280//5280 5292//5292 5281//5281
f 5279//5279 5278//5278 5280//5280
usemtl mat_2
v 335.736786 367.312439 1001.190063
v 333.741455 366.994415 1001.692810
v 331.774536 366.350861 1002.052795
v 330.330902 365.651764 1002.223877
v 328.983063 364.800140 1002.301880
v 327.729706 363.801331 1002.289429
v 326.592621 362.670654 1002.185913
v 325.590332 361.426819 1001.993164
v 324.738647 360.091278 1001.714905
v 324.053101 358.685577 1001.355042
v 323.544891 357.232727 1000.919556
v 323.283051 356.119141 1000.545227
v 323.129578 355.003174 1000.135559
v 338.836823 348.431183 1023.698425
v 351.624847 360.045410 1027.871948
v 350.064819 359.833252 1028.089722
v 348.516022 359.442566 1028.197388
v 347.005066 358.879974 1028.192871
v 345.558075 358.153503 1028.075317
v 344.199036 357.276794 1027.847534
v 342.951508 356.264893 1027.513428
v 341.837860 355.133850 1027.077881
v 340.875916 353.903839 1026.548828
v 340.082367 352.596069 1025.935669
v 339.472351 351.232239 1025.247803
v 339.054718 349.835907 1024.497803
v 344.397766 364.131042 1015.260437
v 335.908630 364.784485 1009.079163
v 335.189941 364.446350 1009.139954
v 334.487427 364.067078 1009.176636
v 333.803864 363.648499 1009.189331
v 333.142029 363.192535 1009.177979
v 344.291962 361.332275 1022.111389
v 343.544891 361.021210 1022.127380
v 342.813324 360.668243 1022.115845
v 342.100220 360.275116 1022.076965
v 341.408569 359.843750 1022.011047
v 327.699280 360.635773 1005.329468
v 327.361633 360.140228 1005.217346
v 327.046539 359.633179 1005.093140
v 335.117249 356.407440 1017.521057
v 339.882782 355.884003 1024.086060
v 339.399506 355.261353 1023.838379
v 338.956970 354.617828 1023.568726
v 339.001251 361.573029 1017.360107
vn -0.019887 0.981756 0.189101
vn -0.168869 0.945418 0.278689
vn -0.311643 0.879589 0.359446
vn -0.414616 0.810259 0.414214
vn -0.506823 0.728849 0.460336
vn -0.589701 0.635234 0.498730
vn -0.662403 0.530435 0.529019
vn -0.722359 0.418758 0.550309
vn -0.769821 0.301024 0.562814
vn -0.804615 0.178114 0.566454
vn -0.825788 0.054612 0.561331
vn -0.833067 -0.038709 0.551816
vn -0.832922 -0.132208 0.537366
vn -0.862132 -0.201040 0.465094
vn -0.010073 0.934272 0.356419
vn -0.131974 0.901797 0.411515
vn -0.249960 0.852568 0.458963
vn -0.363479 0.786833 0.498775
vn -0.469061 0.706503 0.529938
vn -0.563846 0.614322 0.551984
vn -0.647828 0.510839 0.565121
vn -0.718825 0.399140 0.569191
vn -0.775524 0.282621 0.564524
vn -0.818515 0.161575 0.551296
vn -0.847124 0.039158 0.529951
vn -0.861438 -0.081615 0.501262
vn -0.015884 0.961613 0.273951
vn -0.331649 0.852276 0.404517
vn -0.383228 0.817411 0.430088
vn -0.432470 0.779248 0.453589
vn -0.479284 0.738002 0.475016
vn -0.523691 0.693766 0.494405
vn -0.304432 0.838290 0.452316
vn -0.359448 0.803557 0.474440
vn -0.412496 0.765093 0.494449
vn -0.462881 0.723499 0.512143
vn -0.510625 0.678910 0.527582
vn -0.727632 0.397180 0.559285
vn -0.746536 0.353160 0.563881
vn -0.763670 0.308322 0.567227
vn -0.775662 0.262895 0.573790
vn -0.728257 0.378280 0.571442
vn -0.756305 0.319864 0.570692
vn -0.780953 0.260286 0.567771
vn -0.477191 0.720716 0.502848
f 5321//5321 5294//5294 5295//5295
f 5321//5321 5295//5295 5296//5296
f 5321//5321 5320//5320 5294//5294
f 5322//5322 5296//5296 5297//5297
f 5322//5322 5321//5321 5296//5296
f 5323//5323 5322//5322 5297//5297
f 5324//5324 5297//5297 5298//5298
f 5324//5324 5323//5323 5297//5297
f 5325//5325 5298//5298 5299//5299
f 5325//5325 5324//5324 5298//5298
f 5326//5326 5309//5309 5308//5308
f 5326//5326 5310//5310 5309//5309
f 5326//5326 5311//5311 5310//5310
f 5326//5326 5308//5308 5320//5320
f 5327//5327 5311//5311 5326//5326
f 5328//5328 5312//5312 5311//5311
f 5328//5328 5311//5311 5327//5327
f 5329//5329 5312//5312 5328//5328
f 5330//5330 5313//5313 5312//5312
f 5330//5330 5312//5312 5329//5329
f 5331//5331 5299//5299 5300//5300
f 5331//5331 5300//5300 5301//5301
f 5331//5331 5325//5325 5299//5299
f 5332//5332 5301//5301 5302//5302
f 5332//5332 5331//5331 5301//5301
f 5332//5332 5325//5325 5331//5331
f 5333//5333 5302//5302 5303//5303
f 5333//5333 5303//5303 5304//5304
f 5333//5333 5304//5304 5305//5305
f 5333//5333 5305//5305 5306//5306
f 5333//5333 5332//5332 5302//5302
f 5333//5333 5325//5325 5332//5332
f 5334//5334 5306//5306 5307//5307
f 5334//5334 5333//5333 5306//5306
f 5334//5334 5325//5325 5333//5333
f 5335//5335 5314//5314 5313//5313
f 5335//5335 5315//5315 5314//5314
f 5335//5335 5316//5316 5315//5315
f 5335//5335 5313//5313 5330//5330
f 5335//5335 5330//5330 5334//5334
f 5336//5336 5316//5316 5335//5335
f 5336//5336 5335//5335 5334//5334
f 5337//5337 5317//5317 5316//5316
f 5337//5337 5318//5318 5317//5317
f 5337//5337 5319//5319 5318//5318
f 5337//5337 5307//5307 5319//5319
f 5337//5337 5316//5316 5336//5336
f 5337//5337 5334//5334 5307//5307
f 5337//5337 5336//5336 5334//5334
f 5338//5338 5323//5323 5324//5324
f 5338//5338 5327//5327 5326//5326
f 5338//5338 5321//5321 5322//5322
f 5338//5338 5328//5328 5327//5327
f 5338//5338 5330//5330 5329//5329
f 5338//5338 5322//5322 5323//5323
f 5338//5338 5329//5329 5328//5328
f 5338//5338 5324//5324 5325//5325
f 5338//5338 5320//5320 5321//5321
f 5338//5338 5326//5326 5320//5320
f 5338//5338 5334//5334 5330//5330
f 5338//5338 5325//5325 5334//5334
v 368.598328 369.791260 991.777100
v 335.736786 367.312439 1001.190063
v 344.397766 364.131042 1015.260437
v 351.624847 360.045410 1027.871948
v 385.358185 362.660339 1021.971069
v 377.404266 367.068848 1006.787964
vn -0.031704 0.988242 0.149573
vn -0.019887 0.981756 0.189101
vn -0.015884 0.961613 0.273951
vn -0.010073 0.934272 0.356419
vn -0.014142 0.941600 0.336438
vn -0.024254 0.970500 0.239876
f 5340//5340 5344//5344 5339//5339
f 5341//5341 5343//5343 5344//5344
f 5341//5341 5344//5344 5340//5340
f 5342//5342 5343//5343 5341//5341
v 379.187653 359.231781 984.078003
v 379.188538 361.174988 984.875977
v 378.848785 363.035004 985.747864
v 378.365723 364.362000 986.446350
v 377.709930 365.567535 987.149719
v 376.887268 366.653870 987.857117
v 375.910217 367.601898 988.556702
v 374.795105 368.396454 989.237061
v 373.561493 369.025391 989.887024
v 372.229065 369.477020 990.495483
v 370.819794 369.744171 991.052551
v 369.718994 369.821808 991.433899
v 368.598328 369.791260 991.777100
v 377.404266 367.068848 1006.787964
v 385.358185 362.660339 1021.971069
v 396.382080 352.891937 1013.632263
v 396.356720 354.707336 1014.733337
v 395.982452 356.441864 1015.863037
v 395.468109 357.677185 1016.722534
v 394.777954 358.797424 1017.551575
v 393.917938 359.804810 1018.350159
v 392.901154 360.681580 1019.104675
v 391.744568 361.413696 1019.802856
v 390.468445 361.990051 1020.433594
v 389.093201 362.399841 1020.985779
v 387.641479 362.636566 1021.450500
v 386.509338 362.699066 1021.739197
v 388.099609 356.945953 998.540344
v 377.722504 368.035156 997.567566
v 377.052673 368.252472 997.872131
v 391.933624 359.007843 1008.272888
v 386.255585 364.548584 1012.842407
v 379.038757 366.291016 991.659851
v 384.591003 363.615082 998.166138
v 387.606750 361.127228 1000.831543
v 385.399445 364.518097 1003.203369
v 381.816284 366.603638 1005.294678
v 389.799286 362.405212 1010.728638
vn 0.843385 0.125546 -0.522437
vn 0.824690 0.287490 -0.487070
vn 0.783351 0.440485 -0.438559
vn 0.736596 0.550403 -0.393044
vn 0.679261 0.649026 -0.342592
vn 0.610733 0.738125 -0.286665
vn 0.531092 0.816754 -0.225507
vn 0.443134 0.881835 -0.161241
vn 0.347123 0.933088 -0.094087
vn 0.243477 0.969600 -0.024408
vn 0.136117 0.989659 0.045235
vn 0.053042 0.993817 0.097545
vn -0.031704 0.988242 0.149573
vn -0.024254 0.970500 0.239876
vn -0.014142 0.941600 0.336438
vn 0.902274 0.159864 -0.400431
vn 0.888458 0.311817 -0.336767
vn 0.850255 0.455366 -0.264024
vn 0.804354 0.558452 -0.202843
vn 0.746305 0.650735 -0.139903
vn 0.675410 0.733676 -0.074437
vn 0.591689 0.806136 -0.006926
vn 0.498118 0.865022 0.060125
vn 0.395136 0.909887 0.126383
vn 0.283386 0.939737 0.191277
vn 0.167323 0.953073 0.252300
vn 0.077465 0.952167 0.295597
vn 0.865044 0.151359 -0.478319
vn 0.329847 0.943572 -0.029539
vn 0.277108 0.960823 0.005568
vn 0.821740 0.477483 -0.311052
vn 0.353558 0.931954 0.080368
vn 0.606988 0.751087 -0.259681
vn 0.711355 0.638304 -0.294181
vn 0.793796 0.498098 -0.348979
vn 0.605118 0.777935 -0.169259
vn 0.318729 0.947117 0.037179
vn 0.639468 0.758506 -0.125494
f 5373//5373 5353//5353 5354//5354
f 5374//5374 5354//5354 5355//5355
f 5374//5374 5355//5355 5356//5356
f 5374//5374 5356//5356 5357//5357
f 5374//5374 5357//5357 5358//5358
f 5374//5374 5373//5373 5354//5354
f 5375//5375 5361//5361 5360//5360
f 5375//5375 5362//5362 5361//5361
f 5375//5375 5363//5363 5362//5362
f 5375//5375 5364//5364 5363//5363
f 5375//5375 5360//5360 5372//5372
f 5376//5376 5358//5358 5359//5359
f 5376//5376 5368//5368 5367//5367
f 5376//5376 5369//5369 5368//5368
f 5376//5376 5370//5370 5369//5369
f 5376//5376 5371//5371 5370//5370
f 5376//5376 5359//5359 5371//5371
f 5377//5377 5346//5346 5347//5347
f 5377//5377 5347//5347 5348//5348
f 5377//5377 5348//5348 5349//5349
f 5377//5377 5349//5349 5350//5350
f 5377//5377 5350//5350 5351//5351
f 5377//5377 5351//5351 5352//5352
f 5377//5377 5352//5352 5353//5353
f 5377//5377 5353//5353 5373//5373
f 5378//5378 5345//5345 5346//5346
f 5378//5378 5372//5372 5345//5345
f 5378//5378 5377//5377 5373//5373
f 5378//5378 5346//5346 5377//5377
f 5379//5379 5375//5375 5372//5372
f 5379//5379 5372//5372 5378//5378
f 5379//5379 5378//5378 5380//5380
f 5381//5381 5358//5358 5376//5376
f 5381//5381 5378//5378 5373//5373
f 5381//5381 5376//5376 5380//5380
f 5381//5381 5374//5374 5358//5358
f 5381//5381 5373//5373 5374//5374
f 5381//5381 5380//5380 5378//5378
f 5382//5382 5365//5365 5364//5364
f 5382//5382 5366//5366 5365//5365
f 5382//5382 5367//5367 5366//5366
f 5382//5382 5376//5376 5367//5367
f 5382//5382 5380//5380 5376//5376
f 5382//5382 5379//5379 5380//5380
f 5382//5382 5375//5375 5379//5379
f 5382//5382 5364//5364 5375//5375
usemtl mat_1
v 312.000000 229.000000 503.000000
v 312.000000 229.000000 483.000000
v 342.685059 229.000000 485.534760
v 372.538239 229.000000 493.070282
v 400.750275 229.000000 505.402344
v 426.556305 229.000000 522.196594
v 449.256744 229.000000 542.997681
v 468.236206 229.000000 567.241821
v 482.980164 229.000000 594.271667
v 493.088928 229.000000 623.354492
v 498.288422 229.000000 653.701904
v 483.345490 229.000000 640.009216
v 485.806854 229.000000 640.212524
v 488.201508 229.000000 640.817017
v 490.464508 229.000000 641.806213
v 492.534485 229.000000 643.153320
v 494.355377 229.000000 644.821838
v 495.877808 229.000000 646.766602
v 497.060486 229.000000 648.934753
v 497.871338 229.000000 651.267578
v 476.571869 229.000000 641.625732
v 478.736023 229.000000 640.734985
v 481.012360 229.000000 640.191772
v 469.602173 229.000000 614.768738
v 458.281342 229.000000 589.434937
v 444.433563 229.000000 568.263306
v 429.151764 229.000000 550.985718
v 411.634155 229.000000 535.977661
v 392.216980 229.000000 523.527344
v 371.269653 229.000000 513.871643
v 349.189972 229.000000 507.193878
v 330.712372 229.000000 504.051727
vn -0.000000 1.000000 -0.000000
vn -0.000000 1.000000 -0.000000
vn -0.000000 1.000000 -0.000000
vn -0.000000 1.000000 -0.000000
vn -0.000000 1.000000 -0.000000
vn -0.000000 1.000000 -0.000000
vn -0.000000 1.000000 -0.000000
vn -0.000000 1.000000 -0.000000
vn -0.000000 1.000000 -0.000000
vn -0.000000 1.000000 -0.000000
vn -0.000000 1.000000 -0.000000
vn -0.000000 1.000000 -0.000000
vn -0.000000 1.000000 -0.000000
vn -0.000000 1.000000 -0.000000
vn -0.000000 1.000000 -0.000000
vn -0.000000 1.000000 -0.000000
vn -0.000000 1.000000 -0.000000
vn -0.000000 1.000000 -0.000000
vn -0.000000 1.000000 -0.000000
vn -0.000000 1.000000 -0.000000
vn -0.000000 1.000000 -0.000000
vn -0.000000 1.000000 -0.000000
vn -0.000000 1.000000 -0.000000
vn -0.000000 1.000000 -0.000000
vn -0.000000 1.000000 -0.000000
vn -0.000000 1.000000 -0.000000
vn -0.000000 1.000000 -0.000000
vn -0.000000 1.000000 -0.000000
vn -0.000000 1.000000 -0.000000
vn -0.000000 1.000000 -0.000000
vn -0.000000 1.000000 -0.000000
vn -0.000000 1.000000 -0.000000
f 5384//5384 5383//5383 5414//5414
f 5406//5406 5403//5403 5404//5404
f 5406//5406 5404//5404 5405//5405
f 5385//5385 5414//5414 5413//5413
f 5385//5385 5384//5384 5414//5414
f 5392//5392 5394//5394 5395//5395
f 5392//5392 5395//5395 5396//5396
f 5392//5392 5396//5396 5397//5397
f 5392//5392 5397//5397 5398//5398
f 5392//5392 5398//5398 5399//5399
f 5392//5392 5399//5399 5400//5400
f 5392//5392 5400//5400 5401//5401
f 5392//5392 5401//5401 5402//5402
f 5392//5392 5405//5405 5394//5394
f 5392//5392 5406//5406 5405//5405
f 5386//5386 5413//5413 5412//5412
f 5386//5386 5385//5385 5413//5413
f 5391//5391 5407//5407 5406//5406
f 5391//5391 5406//5406 5392//5392
f 5387//5387 5411//5411 5410//5410
f 5387//5387 5412//5412 5411//5411
f 5387//5387 5386//5386 5412//5412
f 5390//5390 5408//5408 5407//5407
f 5390//5390 5407//5407 5391//5391
f 5388//5388 5410//5410 5409//5409
f 5388//5388 5387//5387 5410//5410
f 5389//5389 5409//5409 5408//5408
f 5389//5389 5408//5408 5390//5390
f 5389//5389 5388//5388 5409//5409
f 5392//5392 5402//5402 5393//5393
v 73.275223 151.000000 678.808716
v 69.271683 151.000000 674.440552
v 66.038902 151.000000 669.474731
v 63.664474 151.000000 664.045959
v 62.212719 151.000000 658.301208
v 61.722965 151.000000 652.396179
v 62.208477 151.000000 646.490723
v 63.656109 151.000000 640.744934
v 66.026634 151.000000 635.314453
v 69.255844 151.000000 630.346375
v 73.256248 151.000000 625.975281
v 77.919479 151.000000 622.319580
v 144.871368 151.000000 571.129150
v 123.362137 151.000000 589.232544
v 101.028496 151.000000 606.308533
v 146.188690 151.000000 570.170227
v 147.495529 151.000000 569.197083
v 148.791733 151.000000 568.209839
v 148.108673 151.000000 576.518005
v 162.485107 151.000000 584.718201
v 150.564026 151.000000 729.716980
v 135.041351 151.000000 735.458984
v 134.358292 151.000000 743.767212
v 133.240738 151.000000 742.581482
v 132.110397 151.000000 741.407959
v 130.967361 151.000000 740.246826
v 93.458916 151.000000 698.379089
v 112.703712 151.000000 718.873474
v 97.722961 151.000000 636.383240
v 100.501335 151.000000 636.626282
v 103.195282 151.000000 637.348145
v 105.722961 151.000000 638.526794
v 108.007561 151.000000 640.126526
v 109.979675 151.000000 642.098633
v 111.579369 151.000000 644.383240
v 112.758041 151.000000 646.910889
v 113.479889 151.000000 649.604858
v 113.722961 151.000000 652.383240
v 81.722961 151.000000 652.383240
v 81.966042 151.000000 649.604858
v 82.687881 151.000000 646.910889
v 83.866554 151.000000 644.383240
v 85.466248 151.000000 642.098633
v 87.438362 151.000000 640.126526
v 89.722961 151.000000 638.526794
v 92.250641 151.000000 637.348145
v 94.944588 151.000000 636.626282
v 97.722961 151.000000 668.383240
v 95.220009 151.000000 668.186218
v 92.778687 151.000000 667.600098
v 90.459114 151.000000 666.639343
v 88.318398 151.000000 665.327515
v 86.409256 151.000000 663.696899
v 84.778687 151.000000 661.787781
v 83.466858 151.000000 659.647095
v 82.506058 151.000000 657.327515
v 81.919945 151.000000 654.886169
v 113.525978 151.000000 654.886169
v 112.939865 151.000000 657.327515
v 111.979065 151.000000 659.647095
v 110.667236 151.000000 661.787781
v 109.036667 151.000000 663.696899
v 107.127525 151.000000 665.327515
v 104.986809 151.000000 666.639343
v 102.667236 151.000000 667.600098
v 100.225914 151.000000 668.186218
vn -0.000000 1.000000 -0.000000
vn -0.000000 1.000000 -0.000000
vn -0.000000 1.000000 -0.000000
vn -0.000000 1.000000 -0.000000
vn -0.000000 1.000000 -0.000000
vn -0.000000 1.000000 -0.000000
vn -0.000000 1.000000 -0.000000
vn -0.000000 1.000000 -0.000000
vn -0.000000 1.000000 -0.000000
vn -0.000000 1.000000 -0.000000
vn -0.000000 1.000000 -0.000000
vn -0.000000 1.000000 -0.000000
vn -0.000000 1.000000 -0.000000
vn -0.000000 1.000000 -0.000000
vn -0.000000 1.000000 -0.000000
vn -0.000000 1.000000 -0.000000
vn -0.000000 1.000000 -0.000000
vn -0.000000 1.000000 -0.000000
vn -0.000000 1.000000 -0.000000
vn -0.000000 1.000000 -0.000000
vn -0.000000 1.000000 -0.000000
vn -0.000000 1.000000 -0.000000
vn -0.000000 1.000000 -0.000000
vn -0.000000 1.000000 -0.000000
vn -0.000000 1.000000 -0.000000
vn -0.000000 1.000000 -0.000000
vn -0.000000 1.000000 -0.000000
vn -0.000000 1.000000 -0.000000
vn -0.000000 1.000000 -0.000000
vn -0.000000 1.000000 -0.000000
vn -0.000000 1.000000 -0.000000
vn -0.000000 1.000000 -0.000000
vn -0.000000 1.000000 -0.000000
vn -0.000000 1.000000 -0.000000
vn -0.000000 1.000000 -0.000000
vn -0.000000 1.000000 -0.000000
vn -0.000000 1.000000 -0.000000
vn -0.000000 1.000000 -0.000000
vn -0.000000 1.000000 -0.000000
vn -0.000000 1.000000 -0.000000
vn -0.000000 1.000000 -0.000000
vn -0.000000 1.000000 -0.000000
vn -0.000000 1.000000 -0.000000
vn -0.000000 1.000000 -0.000000
vn -0.000000 1.000000 -0.000000
vn -0.000000 1.000000 -0.000000
vn -0.000000 1.000000 -0.000000
vn -0.000000 1.000000 -0.000000
vn -0.000000 1.000000 -0.000000
vn -0.000000 1.000000 -0.000000
vn -0.000000 1.000000 -0.000000
vn -0.000000 1.000000 -0.000000
vn -0.000000 1.000000 -0.000000
vn -0.000000 1.000000 -0.000000
vn -0.000000 1.000000 -0.000000
vn -0.000000 1.000000 -0.000000
vn -0.000000 1.000000 -0.000000
vn -0.000000 1.000000 -0.000000
vn -0.000000 1.000000 -0.000000
vn -0.000000 1.000000 -0.000000
vn -0.000000 1.000000 -0.000000
vn -0.000000 1.000000 -0.000000
vn -0.000000 1.000000 -0.000000
vn -0.000000 1.000000 -0.000000
vn -0.000000 1.000000 -0.000000
vn -0.000000 1.000000 -0.000000
f 5436//5436 5438//5438 5437//5437
f 5436//5436 5439//5439 5438//5438
f 5436//5436 5440//5440 5439//5439
f 5436//5436 5442//5442 5440//5440
f 5435//5435 5442//5442 5436//5436
f 5467//5467 5416//5416 5415//5415
f 5468//5468 5417//5417 5416//5416
f 5468//5468 5416//5416 5467//5467
f 5466//5466 5467//5467 5415//5415
f 5469//5469 5418//5418 5417//5417
f 5469//5469 5417//5417 5468//5468
f 5465//5465 5466//5466 5415//5415
f 5470//5470 5419//5419 5418//5418
f 5470//5470 5418//5418 5469//5469
f 5464//5464 5465//5465 5415//5415
f 5464//5464 5415//5415 5441//5441
f 5471//5471 5420//5420 5419//5419
f 5471//5471 5419//5419 5470//5470
f 5463//5463 5464//5464 5441//5441
f 5453//5453 5421//5421 5420//5420
f 5453//5453 5420//5420 5471//5471
f 5462//5462 5463//5463 5441//5441
f 5480//5480 5462//5462 5441//5441
f 5454//5454 5422//5422 5421//5421
f 5454//5454 5421//5421 5453//5453
f 5479//5479 5480//5480 5441//5441
f 5455//5455 5423//5423 5422//5422
f 5455//5455 5422//5422 5454//5454
f 5478//5478 5479//5479 5441//5441
f 5456//5456 5424//5424 5423//5423
f 5456//5456 5423//5423 5455//5455
f 5477//5477 5478//5478 5441//5441
f 5477//5477 5441//5441 5442//5442
f 5457//5457 5424//5424 5456//5456
f 5476//5476 5477//5477 5442//5442
f 5425//5425 5424//5424 5457//5457
f 5458//5458 5425//5425 5457//5457
f 5475//5475 5476//5476 5442//5442
f 5475//5475 5442//5442 5435//5435
f 5474//5474 5475//5475 5435//5435
f 5426//5426 5458//5458 5459//5459
f 5426//5426 5459//5459 5460//5460
f 5426//5426 5425//5425 5458//5458
f 5473//5473 5474//5474 5435//5435
f 5461//5461 5426//5426 5460//5460
f 5472//5472 5473//5473 5435//5435
f 5429//5429 5443//5443 5444//5444
f 5429//5429 5444//5444 5445//5445
f 5429//5429 5445//5445 5446//5446
f 5429//5429 5446//5446 5447//5447
f 5429//5429 5461//5461 5443//5443
f 5429//5429 5426//5426 5461//5461
f 5428//5428 5447//5447 5448//5448
f 5428//5428 5448//5448 5449//5449
f 5428//5428 5429//5429 5447//5447
f 5427//5427 5428//5428 5433//5433
f 5430//5430 5427//5427 5433//5433
f 5434//5434 5449//5449 5450//5450
f 5434//5434 5450//5450 5451//5451
f 5434//5434 5451//5451 5452//5452
f 5434//5434 5452//5452 5472//5472
f 5434//5434 5472//5472 5435//5435
f 5434//5434 5428//5428 5449//5449
f 5434//5434 5433//5433 5428//5428
f 5431//5431 5430//5430 5433//5433
f 5432//5432 5431//5431 5433//5433
v 73.275223 151.000000 678.808716
v 73.275223 126.000000 678.808716
v 93.458916 151.000000 698.379089
v 112.703712 151.000000 718.873474
v 130.967361 151.000000 740.246826
v 130.967361 126.000000 740.246826
v 93.458916 126.000000 698.379089
v 112.703712 126.000000 718.873474
vn -0.679104 -0.000000 0.734042
vn -0.679104 -0.000000 0.734042
vn -0.712743 -0.000000 0.701425
vn -0.744818 -0.000000 0.667268
vn -0.775257 -0.000000 0.631645
vn -0.775257 -0.000000 0.631645
vn -0.712743 -0.000000 0.701425
vn -0.744818 -0.000000 0.667268
f 5487//5487 5481//5481 5482//5482
f 5487//5487 5483//5483 5481//5481
f 5487//5487 5484//5484 5483//5483
f 5488//5488 5484//5484 5487//5487
f 5486//5486 5485//5485 5484//5484
f 5486//5486 5484//5484 5488//5488
v 77.599503 227.000000 705.712830
v 77.599503 259.000000 705.712830
v 68.755775 259.000000 701.473999
v 60.769562 259.000000 695.781921
v 53.877270 259.000000 688.805115
v 48.282925 259.000000 680.750183
v 44.152145 259.000000 671.855469
v 41.607204 259.000000 662.384277
v 40.723442 259.000000 652.617126
v 41.527020 259.000000 642.842957
v 43.994152 259.000000 633.351257
v 48.051804 259.000000 624.422974
v 53.579857 259.000000 616.322327
v 60.414665 259.000000 609.289246
v 68.353897 259.000000 603.531860
v 77.162537 259.000000 599.220581
v 86.579826 259.000000 596.483032
v 86.579826 227.000000 596.483032
v 77.162537 227.000000 599.220581
v 68.353897 227.000000 603.531860
v 60.414665 227.000000 609.289246
v 53.579857 227.000000 616.322327
v 48.051804 227.000000 624.422974
v 43.994152 227.000000 633.351257
v 41.527020 227.000000 642.842957
v 40.723442 227.000000 652.617126
v 41.607204 227.000000 662.384277
v 44.152145 227.000000 671.855469
v 48.282925 227.000000 680.750183
v 53.877270 227.000000 688.805115
v 60.769562 227.000000 695.781921
v 68.755775 227.000000 701.473999
vn -0.353043 0.000000 0.935607
vn -0.353043 0.000000 0.935607
vn -0.508196 0.000000 0.861241
vn -0.648305 0.000000 0.761380
vn -0.769223 0.000000 0.638981
vn -0.867369 0.000000 0.497665
vn -0.939839 0.000000 0.341618
vn -0.984487 0.000000 0.175458
vn -0.999992 0.000000 0.004103
vn -0.985894 0.000000 -0.167373
vn -0.942611 0.000000 -0.333894
vn -0.871424 0.000000 -0.490531
vn -0.774440 0.000000 -0.632647
vn -0.654532 0.000000 -0.756035
vn -0.515247 0.000000 -0.857042
vn -0.360709 0.000000 -0.932678
vn -0.195494 0.000000 -0.980705
vn -0.195494 0.000000 -0.980705
vn -0.360709 0.000000 -0.932678
vn -0.515247 0.000000 -0.857042
vn -0.654532 0.000000 -0.756035
vn -0.774440 0.000000 -0.632647
vn -0.871424 0.000000 -0.490531
vn -0.942611 0.000000 -0.333894
vn -0.985894 0.000000 -0.167373
vn -0.999992 0.000000 0.004103
vn -0.984487 0.000000 0.175458
vn -0.939839 0.000000 0.341618
vn -0.867369 0.000000 0.497665
vn -0.769223 0.000000 0.638981
vn -0.648305 0.000000 0.761380
vn -0.508196 0.000000 0.861241
f 5505//5505 5506//5506 5507//5507
f 5504//5504 5507//5507 5508//5508
f 5504//5504 5505//5505 5507//5507
f 5503//5503 5508//5508 5509//5509
f 5503//5503 5504//5504 5508//5508
f 5502//5502 5509//5509 5510//5510
f 5502//5502 5503//5503 5509//5509
f 5501//5501 5510//5510 5511//5511
f 5501//5501 5502//5502 5510//5510
f 5500//5500 5511//5511 5512//5512
f 5500//5500 5501//5501 5511//5511
f 5499//5499 5512//5512 5513//5513
f 5499//5499 5500//5500 5512//5512
f 5498//5498 5513//5513 5514//5514
f 5498//5498 5499//5499 5513//5513
f 5497//5497 5514//5514 5515//5515
f 5497//5497 5498//5498 5514//5514
f 5496//5496 5515//5515 5516//5516
f 5496//5496 5497//5497 5515//5515
f 5495//5495 5516//5516 5517//5517
f 5495//5495 5496//5496 5516//5516
f 5494//5494 5517//5517 5518//5518
f 5494//5494 5495//5495 5517//5517
f 5493//5493 5518//5518 5519//5519
f 5493//5493 5494//5494 5518//5518
f 5492//5492 5519//5519 5520//5520
f 5492//5492 5493//5493 5519//5519
f 5491//5491 5520//5520 5489//5489
f 5491//5491 5492//5492 5520//5520
f 5490//5490 5491//5491 5489//5489
v 86.579826 227.000000 596.483032
v 108.685028 227.000000 590.285156
v 129.585526 227.000000 580.786621
v 148.791733 227.000000 568.209839
v 148.108673 227.000000 576.518005
v 162.485107 227.000000 584.718201
v 150.564026 227.000000 729.716980
v 135.041351 227.000000 735.458984
v 134.358292 227.000000 743.767212
v 117.464096 227.000000 728.222412
v 98.395615 227.000000 715.437805
v 77.599503 227.000000 705.712830
v 77.162537 227.000000 599.220581
v 68.353897 227.000000 603.531860
v 60.414665 227.000000 609.289246
v 53.579857 227.000000 616.322327
v 48.051804 227.000000 624.422974
v 43.994152 227.000000 633.351257
v 41.527020 227.000000 642.842957
v 40.723442 227.000000 652.617126
v 41.607204 227.000000 662.384277
v 44.152145 227.000000 671.855469
v 48.282925 227.000000 680.750183
v 53.877270 227.000000 688.805115
v 60.769562 227.000000 695.781921
v 68.755775 227.000000 701.473999
v 97.722961 227.000000 619.883240
v 103.366531 227.000000 620.376953
v 108.838615 227.000000 621.843201
v 113.972961 227.000000 624.237366
v 118.613556 227.000000 627.486755
v 122.619408 227.000000 631.492615
v 125.868790 227.000000 636.133240
v 128.262970 227.000000 641.267578
v 129.729218 227.000000 646.739685
v 130.222961 227.000000 652.383240
v 65.222961 227.000000 652.383240
v 65.716713 227.000000 646.739685
v 67.182953 227.000000 641.267578
v 69.577133 227.000000 636.133240
v 72.826515 227.000000 631.492615
v 76.832367 227.000000 627.486755
v 81.472961 227.000000 624.237366
v 86.607307 227.000000 621.843201
v 92.079399 227.000000 620.376953
v 97.722961 227.000000 684.883240
v 92.079399 227.000000 684.389465
v 86.607307 227.000000 682.923218
v 81.472961 227.000000 680.529053
v 76.832367 227.000000 677.279663
v 72.826515 227.000000 673.273804
v 69.577133 227.000000 668.633240
v 67.182953 227.000000 663.498901
v 65.716713 227.000000 658.026794
v 129.729218 227.000000 658.026794
v 128.262970 227.000000 663.498901
v 125.868790 227.000000 668.633240
v 122.619408 227.000000 673.273804
v 118.613556 227.000000 677.279663
v 113.972961 227.000000 680.529053
v 108.838615 227.000000 682.923218
v 103.366531 227.000000 684.389465
vn 0.000000 -1.000000 0.000000
vn 0.000000 -1.000000 0.000000
vn 0.000000 -1.000000 0.000000
vn 0.000000 -1.000000 0.000000
vn 0.000000 -1.000000 0.000000
vn 0.000000 -1.000000 0.000000
vn 0.000000 -1.000000 0.000000
vn 0.000000 -1.000000 0.000000
vn 0.000000 -1.000000 0.000000
vn 0.000000 -1.000000 0.000000
vn 0.000000 -1.000000 0.000000
vn 0.000000 -1.000000 0.000000
vn 0.000000 -1.000000 0.000000
vn 0.000000 -1.000000 0.000000
vn 0.000000 -1.000000 0.000000
vn 0.000000 -1.000000 0.000000
vn 0.000000 -1.000000 0.000000
vn 0.000000 -1.000000 0.000000
vn 0.000000 -1.000000 0.000000
vn 0.000000 -1.000000 0.000000
vn 0.000000 -1.000000 0.000000
vn 0.000000 -1.000000 0.000000
vn 0.000000 -1.000000 0.000000
vn 0.000000 -1.000000 0.000000
vn 0.000000 -1.000000 0.000000
vn 0.000000 -1.000000 0.000000
vn 0.000000 -1.000000 0.000000
vn 0.000000 -1.000000 0.000000
vn 0.000000 -1.000000 0.000000
vn 0.000000 -1.000000 0.000000
vn 0.000000 -1.000000 0.000000
vn 0.000000 -1.000000 0.000000
vn 0.000000 -1.000000 0.000000
vn 0.000000 -1.000000 0.000000
vn 0.000000 -1.000000 0.000000
vn 0.000000 -1.000000 0.000000
vn 0.000000 -1.000000 0.000000
vn 0.000000 -1.000000 0.000000
vn 0.000000 -1.000000 0.000000
vn 0.000000 -1.000000 0.000000
vn 0.000000 -1.000000 0.000000
vn 0.000000 -1.000000 0.000000
vn 0.000000 -1.000000 0.000000
vn 0.000000 -1.000000 0.000000
vn 0.000000 -1.000000 0.000000
vn 0.000000 -1.000000 0.000000
vn 0.000000 -1.000000 0.000000
vn 0.000000 -1.000000 0.000000
vn 0.000000 -1.000000 0.000000
vn 0.000000 -1.000000 0.000000
vn 0.000000 -1.000000 0.000000
vn 0.000000 -1.000000 0.000000
vn 0.000000 -1.000000 0.000000
vn 0.000000 -1.000000 0.000000
vn 0.000000 -1.000000 0.000000
vn 0.000000 -1.000000 0.000000
vn 0.000000 -1.000000 0.000000
vn 0.000000 -1.000000 0.000000
vn 0.000000 -1.000000 0.000000
vn 0.000000 -1.000000 0.000000
vn 0.000000 -1.000000 0.000000
vn 0.000000 -1.000000 0.000000
f 5571//5571 5545//5545 5544//5544
f 5570//5570 5546//5546 5545//5545
f 5570//5570 5545//5545 5571//5571
f 5528//5528 5529//5529 5530//5530
f 5572//5572 5544//5544 5543//5543
f 5572//5572 5571//5571 5544//5544
f 5569//5569 5532//5532 5546//5546
f 5569//5569 5546//5546 5570//5570
f 5573//5573 5542//5542 5541//5541
f 5573//5573 5543//5543 5542//5542
f 5573//5573 5572//5572 5543//5543
f 5568//5568 5532//5532 5569//5569
f 5574//5574 5541//5541 5540//5540
f 5574//5574 5573//5573 5541//5541
f 5567//5567 5532//5532 5568//5568
f 5567//5567 5531//5531 5532//5532
f 5557//5557 5574//5574 5540//5540
f 5557//5557 5540//5540 5539//5539
f 5566//5566 5531//5531 5567//5567
f 5582//5582 5531//5531 5566//5566
f 5558//5558 5557//5557 5539//5539
f 5558//5558 5539//5539 5538//5538
f 5527//5527 5528//5528 5530//5530
f 5581//5581 5531//5531 5582//5582
f 5581//5581 5530//5530 5531//5531
f 5559//5559 5558//5558 5538//5538
f 5559//5559 5538//5538 5537//5537
f 5580//5580 5530//5530 5581//5581
f 5560//5560 5559//5559 5537//5537
f 5536//5536 5560//5560 5537//5537
f 5579//5579 5530//5530 5580//5580
f 5579//5579 5527//5527 5530//5530
f 5561//5561 5560//5560 5536//5536
f 5578//5578 5527//5527 5579//5579
f 5535//5535 5561//5561 5536//5536
f 5535//5535 5562//5562 5561//5561
f 5577//5577 5527//5527 5578//5578
f 5576//5576 5527//5527 5577//5577
f 5534//5534 5562//5562 5535//5535
f 5534//5534 5563//5563 5562//5562
f 5575//5575 5527//5527 5576//5576
f 5533//5533 5564//5564 5563//5563
f 5533//5533 5563//5563 5534//5534
f 5521//5521 5565//5565 5564//5564
f 5521//5521 5547//5547 5565//5565
f 5521//5521 5564//5564 5533//5533
f 5522//5522 5548//5548 5547//5547
f 5522//5522 5549//5549 5548//5548
f 5522//5522 5550//5550 5549//5549
f 5522//5522 5547//5547 5521//5521
f 5523//5523 5551//5551 5550//5550
f 5523//5523 5552//5552 5551//5551
f 5523//5523 5550//5550 5522//5522
f 5526//5526 5552//5552 5523//5523
f 5526//5526 5553//5553 5552//5552
f 5526//5526 5554//5554 5553//5553
f 5526//5526 5555//5555 5554//5554
f 5526//5526 5556//5556 5555//5555
f 5526//5526 5523//5523 5525//5525
f 5524//5524 5525//5525 5523//5523
f 5526//5526 5527//5527 5556//5556
f 5556//5556 5527//5527 5575//5575
v 134.358292 151.000000 743.767212
v 134.358292 227.000000 743.767212
v 135.041351 151.000000 735.458984
v 135.041351 227.000000 735.458984
vn -0.996637 0.000000 -0.081939
vn -0.996637 0.000000 -0.081939
vn -0.996637 0.000000 -0.081939
vn -0.996637 0.000000 -0.081939
f 5586//5586 5583//5583 5584//5584
f 5586//5586 5585//5585 5583//5583
v 73.275223 151.000000 678.808716
v 69.271683 151.000000 674.440552
v 66.038902 151.000000 669.474731
v 63.664474 151.000000 664.045959
v 62.212719 151.000000 658.301208
v 61.722965 151.000000 652.396179
v 62.208477 151.000000 646.490723
v 63.656109 151.000000 640.744934
v 66.026634 151.000000 635.314453
v 69.255844 151.000000 630.346375
v 73.256248 151.000000 625.975281
v 77.919479 151.000000 622.319580
v 77.919479 126.000000 622.319580
v 73.275223 126.000000 678.808716
v 69.271683 126.000000 674.440552
v 66.038902 126.000000 669.474731
v 63.664474 126.000000 664.045959
v 62.212719 126.000000 658.301208
v 61.722965 126.000000 652.396179
v 62.208477 126.000000 646.490723
v 63.656109 126.000000 640.744934
v 66.026634 126.000000 635.314453
v 69.255844 126.000000 630.346375
v 73.256248 126.000000 625.975281
vn -0.679104 0.000000 0.734042
vn -0.790313 0.000000 0.612703
vn -0.880113 0.000000 0.474765
vn -0.946069 0.000000 0.323965
vn -0.986396 0.000000 0.164389
vn -1.000000 0.000000 0.000359
vn -0.986513 -0.000000 -0.163680
vn -0.946302 -0.000000 -0.323285
vn -0.880453 -0.000000 -0.474133
vn -0.790753 -0.000000 -0.612135
vn -0.679631 -0.000000 -0.733554
vn -0.550097 -0.000000 -0.835101
vn -0.550097 -0.000000 -0.835101
vn -0.679104 0.000000 0.734042
vn -0.790313 0.000000 0.612703
vn -0.880113 0.000000 0.474765
vn -0.946069 0.000000 0.323965
vn -0.986396 0.000000 0.164389
vn -1.000000 0.000000 0.000359
vn -0.986513 -0.000000 -0.163680
vn -0.946302 -0.000000 -0.323285
vn -0.880453 -0.000000 -0.474133
vn -0.790753 -0.000000 -0.612135
vn -0.679631 -0.000000 -0.733554
f 5601//5601 5587//5587 5588//5588
f 5601//5601 5588//5588 5589//5589
f 5601//5601 5600//5600 5587//5587
f 5602//5602 5601//5601 5589//5589
f 5603//5603 5589//5589 5590//5590
f 5603//5603 5602//5602 5589//5589
f 5604//5604 5590//5590 5591//5591
f 5604//5604 5603//5603 5590//5590
f 5605//5605 5591//5591 5592//5592
f 5605//5605 5604//5604 5591//5591
f 5606//5606 5592//5592 5593//5593
f 5606//5606 5593//5593 5594//5594
f 5606//5606 5605//5605 5592//5592
f 5607//5607 5594//5594 5595//5595
f 5607//5607 5606//5606 5594//5594
f 5608//5608 5607//5607 5595//5595
f 5609//5609 5595//5595 5596//5596
f 5609//5609 5596//5596 5597//5597
f 5609//5609 5608//5608 5595//5595
f 5610//5610 5597//5597 5598//5598
f 5610//5610 5609//5609 5597//5597
f 5599//5599 5610//5610 5598//5598
v 144.871368 126.000000 571.129150
v 123.362137 126.000000 589.232544
v 101.028496 126.000000 606.308533
v 77.919479 126.000000 622.319580
v 144.871368 151.000000 571.129150
v 123.362137 151.000000 589.232544
v 101.028496 151.000000 606.308533
v 77.919479 151.000000 622.319580
vn -0.661683 -0.000000 -0.749783
vn -0.625835 -0.000000 -0.779956
vn -0.588612 -0.000000 -0.808416
vn -0.550097 -0.000000 -0.835101
vn -0.661683 -0.000000 -0.749783
vn -0.625835 -0.000000 -0.779956
vn -0.588612 -0.000000 -0.808416
vn -0.550097 -0.000000 -0.835101
f 5612//5612 5615//5615 5611//5611
f 5612//5612 5616//5616 5615//5615
f 5613//5613 5617//5617 5616//5616
f 5613//5613 5616//5616 5612//5612
f 5614//5614 5618//5618 5617//5617
f 5614//5614 5617//5617 5613//5613
v 148.791733 151.000000 568.209839
v 148.791733 227.000000 568.209839
v 148.108673 227.000000 576.518005
v 148.108673 151.000000 576.518005
vn -0.996637 0.000000 -0.081939
vn -0.996637 0.000000 -0.081939
vn -0.996637 0.000000 -0.081939
vn -0.996637 0.000000 -0.081939
f 5620//5620 5622//5622 5621//5621
f 5620//5620 5619//5619 5622//5622
v 170.385162 259.000000 696.100525
v 170.289703 259.000000 697.261597
v 170.289703 192.000000 697.261597
v 170.385162 192.000000 696.100525
vn 0.996637 -0.000000 0.081939
vn 0.996637 -0.000000 0.081939
vn 0.996637 -0.000000 0.081939
vn 0.996637 -0.000000 0.081939
f 5623//5623 5624//5624 5625//5625
f 5623//5623 5625//5625 5626//5626
v 170.385162 259.000000 696.100525
v 170.385162 192.000000 696.100525
v 176.549637 259.000000 621.120544
v 170.530792 259.000000 643.122253
v 168.061417 259.000000 665.800049
v 168.421661 259.000000 681.011597
v 176.549637 192.000000 621.120544
v 168.180786 192.000000 677.213562
v 168.484222 192.000000 658.200867
v 171.290146 192.000000 639.393860
vn 0.983436 -0.000000 -0.181254
vn 0.983436 -0.000000 -0.181254
vn 0.940628 -0.000000 0.339441
vn 0.982427 -0.000000 0.186646
vn 0.999575 -0.000000 0.029168
vn 0.997072 -0.000000 -0.076470
vn 0.940628 -0.000000 0.339441
vn 0.998744 -0.000000 -0.050094
vn 0.996637 -0.000000 0.081939
vn 0.977152 -0.000000 0.212543
f 5629//5629 5636//5636 5633//5633
f 5630//5630 5635//5635 5636//5636
f 5630//5630 5636//5636 5629//5629
f 5631//5631 5634//5634 5635//5635
f 5631//5631 5635//5635 5630//5630
f 5632//5632 5628//5628 5634//5634
f 5632//5632 5634//5634 5631//5631
f 5627//5627 5628//5628 5632//5632
v 176.549637 192.000000 621.120544
v 177.931366 192.000000 604.314392
v 177.931366 259.000000 604.314392
v 176.549637 259.000000 621.120544
vn 0.996637 -0.000000 0.081939
vn 0.996637 -0.000000 0.081939
vn 0.996637 -0.000000 0.081939
vn 0.996637 -0.000000 0.081939
f 5640//5640 5637//5637 5638//5638
f 5639//5639 5640//5640 5638//5638
v 177.931366 192.000000 604.314392
v 177.931366 259.000000 604.314392
v 178.778427 259.000000 597.169861
v 180.136978 259.000000 590.104736
v 182.000000 259.000000 583.155579
v 187.956573 257.625397 568.180908
v 196.222672 255.717850 554.383301
v 206.041733 253.451904 542.650391
v 215.648041 251.235062 534.006226
v 226.244507 248.789734 526.699646
v 226.244507 192.000000 526.699646
v 213.363892 192.000000 535.864075
v 202.087570 192.000000 546.944580
v 192.864120 192.000000 559.398315
v 185.796539 192.000000 572.847168
v 180.847488 192.000000 587.212463
v 179.017776 192.000000 595.700256
vn 0.996637 -0.000000 0.081939
vn 0.996637 -0.000000 0.081939
vn 0.988167 -0.000000 0.153384
vn 0.974581 -0.000000 0.224035
vn 0.955951 -0.000000 0.293526
vn 0.896386 -0.000000 0.443274
vn 0.813725 -0.000000 0.581250
vn 0.715534 -0.000000 0.698578
vn 0.619471 -0.000000 0.785020
vn 0.513506 -0.000000 0.858086
vn 0.513506 -0.000000 0.858086
vn 0.642316 -0.000000 0.766440
vn 0.755073 -0.000000 0.655641
vn 0.847310 -0.000000 0.531099
vn 0.917988 -0.000000 0.396608
vn 0.967476 -0.000000 0.252963
vn 0.985773 -0.000000 0.168084
f 5650//5650 5652//5652 5651//5651
f 5649//5649 5652//5652 5650//5650
f 5648//5648 5653//5653 5652//5652
f 5648//5648 5652//5652 5649//5649
f 5647//5647 5654//5654 5653//5653
f 5647//5647 5653//5653 5648//5648
f 5646//5646 5655//5655 5654//5654
f 5646//5646 5654//5654 5647//5647
f 5645//5645 5656//5656 5655//5655
f 5645//5645 5655//5655 5646//5646
f 5644//5644 5657//5657 5656//5656
f 5644//5644 5656//5656 5645//5645
f 5643//5643 5641//5641 5657//5657
f 5643//5643 5657//5657 5644//5644
f 5642//5642 5641//5641 5643//5643
v 162.000000 264.000000 625.000000
v 162.000000 259.000000 625.000000
v 177.000000 259.000000 610.000000
v 176.772110 259.000000 612.604736
v 176.095383 259.000000 615.130310
v 174.990387 259.000000 617.500000
v 173.490662 259.000000 619.641785
v 171.641815 259.000000 621.490662
v 169.500000 259.000000 622.990356
v 167.130295 259.000000 624.095398
v 164.604721 259.000000 624.772095
v 162.000000 259.000000 595.000000
v 164.604721 259.000000 595.227905
v 167.130295 259.000000 595.904602
v 169.500000 259.000000 597.009644
v 171.641815 259.000000 598.509338
v 173.490662 259.000000 600.358215
v 174.990387 259.000000 602.500000
v 176.095383 259.000000 604.869690
v 176.772110 259.000000 607.395264
v 162.000000 264.000000 595.000000
v 164.604721 264.000000 595.227905
v 167.130295 264.000000 595.904602
v 169.500000 264.000000 597.009644
v 171.641815 264.000000 598.509338
v 173.490662 264.000000 600.358215
v 174.990387 264.000000 602.500000
v 176.095383 264.000000 604.869690
v 176.772110 264.000000 607.395264
v 177.000000 264.000000 610.000000
v 176.772110 264.000000 612.604736
v 176.095383 264.000000 615.130310
v 174.990387 264.000000 617.500000
v 173.490662 264.000000 619.641785
v 171.641815 264.000000 621.490662
v 169.500000 264.000000 622.990356
v 167.130295 264.000000 624.095398
v 164.604721 264.000000 624.772095
vn 0.000000 0.000000 1.000000
vn 0.000000 0.000000 1.000000
vn 1.000000 0.000000 -0.000000
vn 0.984808 0.000000 0.173648
vn 0.939693 0.000000 0.342020
vn 0.866025 0.000000 0.500000
vn 0.766044 0.000000 0.642788
vn 0.642788 0.000000 0.766044
vn 0.500000 0.000000 0.866025
vn 0.342020 0.000000 0.939693
vn 0.173648 0.000000 0.984808
vn 0.000000 0.000000 -1.000000
vn 0.173648 0.000000 -0.984808
vn 0.342020 0.000000 -0.939693
vn 0.500000 0.000000 -0.866025
vn 0.642788 0.000000 -0.766044
vn 0.766044 0.000000 -0.642788
vn 0.866025 0.000000 -0.500000
vn 0.939693 0.000000 -0.342020
vn 0.984808 0.000000 -0.173648
vn 0.000000 0.000000 -1.000000
vn 0.173648 0.000000 -0.984808
vn 0.342020 0.000000 -0.939693
vn 0.500000 0.000000 -0.866025
vn 0.642788 0.000000 -0.766044
vn 0.766044 0.000000 -0.642788
vn 0.866025 0.000000 -0.500000
vn 0.939693 0.000000 -0.342020
vn 0.984808 0.000000 -0.173648
vn 1.000000 0.000000 -0.000000
vn 0.984808 0.000000 0.173648
vn 0.939693 0.000000 0.342020
vn 0.866025 0.000000 0.500000
vn 0.766044 0.000000 0.642788
vn 0.642788 0.000000 0.766044
vn 0.500000 0.000000 0.866025
vn 0.342020 0.000000 0.939693
vn 0.173648 0.000000 0.984808
f 5670//5670 5669//5669 5678//5678
f 5670//5670 5678//5678 5679//5679
f 5671//5671 5679//5679 5680//5680
f 5671//5671 5670//5670 5679//5679
f 5672//5672 5680//5680 5681//5681
f 5672//5672 5681//5681 5682//5682
f 5672//5672 5671//5671 5680//5680
f 5673//5673 5672//5672 5682//5682
f 5674//5674 5682//5682 5683//5683
f 5674//5674 5673//5673 5682//5682
f 5675//5675 5683//5683 5684//5684
f 5675//5675 5674//5674 5683//5683
f 5676//5676 5684//5684 5685//5685
f 5676//5676 5675//5675 5684//5684
f 5677//5677 5685//5685 5686//5686
f 5677//5677 5676//5676 5685//5685
f 5660//5660 5686//5686 5687//5687
f 5660//5660 5677//5677 5686//5686
f 5661//5661 5687//5687 5688//5688
f 5661//5661 5660//5660 5687//5687
f 5662//5662 5688//5688 5689//5689
f 5662//5662 5661//5661 5688//5688
f 5663//5663 5689//5689 5690//5690
f 5663//5663 5662//5662 5689//5689
f 5664//5664 5690//5690 5691//5691
f 5664//5664 5663//5663 5690//5690
f 5665//5665 5691//5691 5692//5692
f 5665//5665 5664//5664 5691//5691
f 5666//5666 5665//5665 5692//5692
f 5666//5666 5692//5692 5693//5693
f 5667//5667 5666//5666 5693//5693
f 5667//5667 5693//5693 5694//5694
f 5668//5668 5667//5667 5694//5694
f 5668//5668 5694//5694 5695//5695
f 5659//5659 5668//5668 5695//5695
f 5659//5659 5695//5695 5658//5658
v 162.000000 264.000000 595.000000
v 162.000000 259.000000 595.000000
v 147.000000 259.000000 610.000000
v 147.184677 259.000000 607.653503
v 147.734146 259.000000 605.364746
v 148.634903 259.000000 603.190125
v 149.864746 259.000000 601.183228
v 151.393402 259.000000 599.393372
v 153.183228 259.000000 597.864746
v 155.190140 259.000000 596.634888
v 157.364746 259.000000 595.734131
v 159.653488 259.000000 595.184692
v 162.000000 259.000000 625.000000
v 159.653488 259.000000 624.815308
v 157.364746 259.000000 624.265869
v 155.190140 259.000000 623.365112
v 153.183228 259.000000 622.135254
v 151.393402 259.000000 620.606628
v 149.864746 259.000000 618.816772
v 148.634903 259.000000 616.809875
v 147.734146 259.000000 614.635254
v 147.184677 259.000000 612.346497
v 162.000000 264.000000 625.000000
v 159.395279 264.000000 624.772095
v 156.869705 264.000000 624.095398
v 154.500000 264.000000 622.990356
v 152.358185 264.000000 621.490662
v 150.509338 264.000000 619.641785
v 149.009613 264.000000 617.500000
v 147.904617 264.000000 615.130310
v 147.227890 264.000000 612.604736
v 147.000000 264.000000 610.000000
v 147.227890 264.000000 607.395264
v 147.904617 264.000000 604.869690
v 149.009613 264.000000 602.500000
v 150.509338 264.000000 600.358215
v 152.358185 264.000000 598.509338
v 154.500000 264.000000 597.009644
v 156.869705 264.000000 595.904602
v 159.395279 264.000000 595.227905
vn -0.000000 -0.000000 -1.000000
vn 0.000000 0.000000 -1.000000
vn -1.000000 -0.000000 -0.000000
vn -0.987688 -0.000000 -0.156434
vn -0.951057 -0.000000 -0.309017
vn -0.891007 -0.000000 -0.453990
vn -0.809017 -0.000000 -0.587785
vn -0.707107 -0.000000 -0.707107
vn -0.587785 -0.000000 -0.809017
vn -0.453990 -0.000000 -0.891007
vn -0.309017 -0.000000 -0.951057
vn -0.156434 -0.000000 -0.987688
vn 0.000000 0.000000 1.000000
vn -0.156434 0.000000 0.987688
vn -0.309017 0.000000 0.951057
vn -0.453990 0.000000 0.891007
vn -0.587785 0.000000 0.809017
vn -0.707107 0.000000 0.707107
vn -0.809017 0.000000 0.587785
vn -0.891007 0.000000 0.453990
vn -0.951057 0.000000 0.309017
vn -0.987688 0.000000 0.156434
vn 0.000000 0.000000 1.000000
vn -0.173648 0.000000 0.984808
vn -0.342020 0.000000 0.939693
vn -0.500000 0.000000 0.866025
vn -0.642788 0.000000 0.766044
vn -0.766044 0.000000 0.642788
vn -0.866025 0.000000 0.500000
vn -0.939693 0.000000 0.342020
vn -0.984808 0.000000 0.173648
vn -1.000000 0.000000 0.000000
vn -0.984808 -0.000000 -0.173648
vn -0.939693 -0.000000 -0.342020
vn -0.866025 -0.000000 -0.500000
vn -0.766044 -0.000000 -0.642788
vn -0.642788 -0.000000 -0.766044
vn -0.500000 -0.000000 -0.866025
vn -0.342020 -0.000000 -0.939693
vn -0.173648 -0.000000 -0.984808
f 5709//5709 5708//5708 5718//5718
f 5709//5709 5718//5718 5719//5719
f 5710//5710 5719//5719 5720//5720
f 5710//5710 5709//5709 5719//5719
f 5711//5711 5720//5720 5721//5721
f 5711//5711 5710//5710 5720//5720
f 5712//5712 5721//5721 5722//5722
f 5712//5712 5711//5711 5721//5721
f 5713//5713 5722//5722 5723//5723
f 5713//5713 5712//5712 5722//5722
f 5714//5714 5723//5723 5724//5724
f 5714//5714 5713//5713 5723//5723
f 5715//5715 5724//5724 5725//5725
f 5715//5715 5714//5714 5724//5724
f 5716//5716 5725//5725 5726//5726
f 5716//5716 5715//5715 5725//5725
f 5717//5717 5726//5726 5727//5727
f 5717//5717 5716//5716 5726//5726
f 5698//5698 5717//5717 5727//5727
f 5699//5699 5727//5727 5728//5728
f 5699//5699 5698//5698 5727//5727
f 5700//5700 5728//5728 5729//5729
f 5700//5700 5699//5699 5728//5728
f 5701//5701 5729//5729 5730//5730
f 5701//5701 5700//5700 5729//5729
f 5702//5702 5730//5730 5731//5731
f 5702//5702 5701//5701 5730//5730
f 5703//5703 5702//5702 5731//5731
f 5703//5703 5731//5731 5732//5732
f 5704//5704 5703//5703 5732//5732
f 5704//5704 5732//5732 5733//5733
f 5705//5705 5704//5704 5733//5733
f 5705//5705 5733//5733 5734//5734
f 5706//5706 5705//5705 5734//5734
f 5706//5706 5734//5734 5735//5735
f 5707//5707 5706//5706 5735//5735
f 5707//5707 5735//5735 5696//5696
f 5697//5697 5707//5707 5696//5696
v 97.722961 259.000000 704.883240
v 97.722961 264.000000 704.883240
v 106.696358 259.000000 704.110596
v 115.406052 259.000000 701.815552
v 122.952454 259.000000 698.423645
v 129.335800 259.000000 694.298279
v 135.056870 259.000000 689.294250
v 139.995193 259.000000 683.516907
v 144.047501 259.000000 677.087097
v 147.129120 259.000000 670.139221
v 149.175232 259.000000 662.819397
v 149.960373 259.000000 657.627563
v 150.222961 259.000000 652.383240
v 149.450348 259.000000 643.409912
v 147.155243 259.000000 634.700073
v 143.763428 259.000000 627.153748
v 139.638077 259.000000 620.770508
v 134.634003 259.000000 615.049316
v 128.856766 259.000000 610.111023
v 122.427078 259.000000 606.058777
v 115.479057 259.000000 602.977112
v 108.159233 259.000000 600.930969
v 102.967323 259.000000 600.145813
v 97.722961 259.000000 599.883240
v 97.722961 264.000000 599.883240
v 150.222961 264.000000 652.383240
v 149.425369 264.000000 643.266663
v 147.056824 264.000000 634.427185
v 143.189301 264.000000 626.133240
v 137.940292 264.000000 618.636841
v 131.469315 264.000000 612.165894
v 123.972961 264.000000 606.916870
v 115.679016 264.000000 603.049377
v 106.839493 264.000000 600.680786
v 106.839493 264.000000 704.085632
v 115.679016 264.000000 701.717102
v 123.972961 264.000000 697.849548
v 131.469315 264.000000 692.600525
v 137.940292 264.000000 686.129578
v 143.189301 264.000000 678.633240
v 147.056824 264.000000 670.339294
v 149.425369 264.000000 661.499756
vn 0.000000 -0.000000 1.000000
vn 0.000000 -0.000000 1.000000
vn 0.170923 -0.000000 0.985284
vn 0.336816 -0.000000 0.941571
vn 0.480560 -0.000000 0.876962
vn 0.602149 -0.000000 0.798384
vn 0.711117 -0.000000 0.703073
vn 0.805182 -0.000000 0.593028
vn 0.882372 -0.000000 0.470553
vn 0.941068 -0.000000 0.338217
vn 0.980042 -0.000000 0.198792
vn 0.994998 -0.000000 0.099896
vn 1.000000 -0.000000 0.000000
vn 0.985284 0.000000 -0.170923
vn 0.941571 0.000000 -0.336816
vn 0.876962 0.000000 -0.480560
vn 0.798385 0.000000 -0.602148
vn 0.703075 0.000000 -0.711116
vn 0.593031 0.000000 -0.805180
vn 0.470557 0.000000 -0.882370
vn 0.338222 0.000000 -0.941066
vn 0.198798 0.000000 -0.980040
vn 0.099899 0.000000 -0.994998
vn 0.000000 0.000000 -1.000000
vn 0.000000 0.000000 -1.000000
vn 1.000000 -0.000000 0.000000
vn 0.984808 0.000000 -0.173648
vn 0.939693 0.000000 -0.342020
vn 0.866025 0.000000 -0.500000
vn 0.766044 0.000000 -0.642788
vn 0.642788 0.000000 -0.766044
vn 0.500000 0.000000 -0.866025
vn 0.342020 0.000000 -0.939693
vn 0.173648 0.000000 -0.984808
vn 0.173648 -0.000000 0.984808
vn 0.342020 -0.000000 0.939693
vn 0.500000 -0.000000 0.866025
vn 0.642788 -0.000000 0.766044
vn 0.766044 -0.000000 0.642788
vn 0.866025 -0.000000 0.500000
vn 0.939693 -0.000000 0.342020
vn 0.984808 -0.000000 0.173648
f 5737//5737 5736//5736 5738//5738
f 5770//5770 5738//5738 5739//5739
f 5770//5770 5737//5737 5738//5738
f 5771//5771 5739//5739 5740//5740
f 5771//5771 5770//5770 5739//5739
f 5772//5772 5740//5740 5741//5741
f 5772//5772 5771//5771 5740//5740
f 5773//5773 5741//5741 5742//5742
f 5773//5773 5772//5772 5741//5741
f 5774//5774 5742//5742 5743//5743
f 5774//5774 5773//5773 5742//5742
f 5775//5775 5743//5743 5744//5744
f 5775//5775 5774//5774 5743//5743
f 5776//5776 5744//5744 5745//5745
f 5776//5776 5745//5745 5746//5746
f 5776//5776 5775//5775 5744//5744
f 5777//5777 5746//5746 5747//5747
f 5777//5777 5776//5776 5746//5746
f 5761//5761 5747//5747 5748//5748
f 5761//5761 5748//5748 5749//5749
f 5761//5761 5777//5777 5747//5747
f 5762//5762 5749//5749 5750//5750
f 5762//5762 5761//5761 5749//5749
f 5763//5763 5750//5750 5751//5751
f 5763//5763 5762//5762 5750//5750
f 5764//5764 5751//5751 5752//5752
f 5764//5764 5763//5763 5751//5751
f 5765//5765 5764//5764 5752//5752
f 5765//5765 5752//5752 5753//5753
f 5766//5766 5765//5765 5753//5753
f 5766//5766 5753//5753 5754//5754
f 5767//5767 5766//5766 5754//5754
f 5767//5767 5754//5754 5755//5755
f 5768//5768 5767//5767 5755//5755
f 5768//5768 5755//5755 5756//5756
f 5768//5768 5756//5756 5757//5757
f 5769//5769 5768//5768 5757//5757
f 5769//5769 5757//5757 5758//5758
f 5760//5760 5758//5758 5759//5759
f 5760//5760 5769//5769 5758//5758
v 97.722961 259.000000 599.883240
v 97.722961 264.000000 599.883240
v 88.749565 259.000000 600.655823
v 80.039879 259.000000 602.950867
v 72.493469 259.000000 606.342773
v 66.110115 259.000000 610.468201
v 60.389053 259.000000 615.472168
v 55.450726 259.000000 621.249512
v 51.398422 259.000000 627.679321
v 48.316807 259.000000 634.627258
v 46.270695 259.000000 641.947021
v 45.485550 259.000000 647.138916
v 45.222961 259.000000 652.383240
v 45.995583 259.000000 661.356567
v 48.290680 259.000000 670.066406
v 51.682499 259.000000 677.612671
v 55.807842 259.000000 683.995972
v 60.811916 259.000000 689.717102
v 66.589157 259.000000 694.655396
v 73.018845 259.000000 698.707642
v 79.966873 259.000000 701.789307
v 87.286690 259.000000 703.835449
v 92.478600 259.000000 704.620605
v 97.722961 259.000000 704.883240
v 97.722961 264.000000 704.883240
v 45.222961 264.000000 652.383240
v 46.020554 264.000000 661.499756
v 48.389099 264.000000 670.339294
v 52.256630 264.000000 678.633240
v 57.505627 264.000000 686.129578
v 63.976612 264.000000 692.600525
v 71.472961 264.000000 697.849548
v 79.766907 264.000000 701.717102
v 88.606430 264.000000 704.085632
v 88.606430 264.000000 600.680786
v 79.766907 264.000000 603.049377
v 71.472961 264.000000 606.916870
v 63.976612 264.000000 612.165894
v 57.505627 264.000000 618.636841
v 52.256630 264.000000 626.133240
v 48.389099 264.000000 634.427185
v 46.020554 264.000000 643.266663
vn 0.000000 0.000000 -1.000000
vn 0.000000 0.000000 -1.000000
vn -0.170923 0.000000 -0.985284
vn -0.336816 0.000000 -0.941571
vn -0.480560 0.000000 -0.876962
vn -0.602149 0.000000 -0.798384
vn -0.711117 0.000000 -0.703073
vn -0.805182 0.000000 -0.593028
vn -0.882372 0.000000 -0.470553
vn -0.941068 0.000000 -0.338217
vn -0.980042 0.000000 -0.198792
vn -0.994998 0.000000 -0.099896
vn -1.000000 0.000000 -0.000000
vn -0.985284 0.000000 0.170923
vn -0.941571 0.000000 0.336816
vn -0.876962 0.000000 0.480560
vn -0.798385 0.000000 0.602148
vn -0.703075 0.000000 0.711116
vn -0.593031 0.000000 0.805180
vn -0.470557 0.000000 0.882370
vn -0.338222 0.000000 0.941066
vn -0.198798 0.000000 0.980040
vn -0.099899 0.000000 0.994998
vn -0.000000 0.000000 1.000000
vn -0.000000 0.000000 1.000000
vn -1.000000 0.000000 -0.000000
vn -0.984808 0.000000 0.173648
vn -0.939693 0.000000 0.342020
vn -0.866025 0.000000 0.500000
vn -0.766044 0.000000 0.642788
vn -0.642788 0.000000 0.766044
vn -0.500000 0.000000 0.866025
vn -0.342020 0.000000 0.939693
vn -0.173648 0.000000 0.984808
vn -0.173648 0.000000 -0.984808
vn -0.342020 0.000000 -0.939693
vn -0.500000 0.000000 -0.866025
vn -0.642788 0.000000 -0.766044
vn -0.766044 0.000000 -0.642788
vn -0.866025 0.000000 -0.500000
vn -0.939693 0.000000 -0.342020
vn -0.984808 0.000000 -0.173648
f 5779//5779 5778//5778 5780//5780
f 5812//5812 5780//5780 5781//5781
f 5812//5812 5779//5779 5780//5780
f 5813//5813 5781//5781 5782//5782
f 5813//5813 5812//5812 5781//5781
f 5814//5814 5782//5782 5783//5783
f 5814//5814 5813//5813 5782//5782
f 5815//5815 5783//5783 5784//5784
f 5815//5815 5814//5814 5783//5783
f 5816//5816 5784//5784 5785//5785
f 5816//5816 5815//5815 5784//5784
f 5817//5817 5785//5785 5786//5786
f 5817//5817 5816//5816 5785//5785
f 5818//5818 5786//5786 5787//5787
f 5818//5818 5787//5787 5788//5788
f 5818//5818 5817//5817 5786//5786
f 5819//5819 5788//5788 5789//5789
f 5819//5819 5818//5818 5788//5788
f 5803//5803 5789//5789 5790//5790
f 5803//5803 5790//5790 5791//5791
f 5803//5803 5819//5819 5789//5789
f 5804//5804 5791//5791 5792//5792
f 5804//5804 5803//5803 5791//5791
f 5805//5805 5792//5792 5793//5793
f 5805//5805 5804//5804 5792//5792
f 5806//5806 5793//5793 5794//5794
f 5806//5806 5805//5805 5793//5793
f 5807//5807 5806//5806 5794//5794
f 5807//5807 5794//5794 5795//5795
f 5808//5808 5807//5807 5795//5795
f 5808//5808 5795//5795 5796//5796
f 5809//5809 5808//5808 5796//5796
f 5809//5809 5796//5796 5797//5797
f 5810//5810 5809//5809 5797//5797
f 5810//5810 5797//5797 5798//5798
f 5810//5810 5798//5798 5799//5799
f 5811//5811 5810//5810 5799//5799
f 5811//5811 5799//5799 5800//5800
f 5802//5802 5800//5800 5801//5801
f 5802//5802 5811//5811 5800//5800
v 312.000000 192.000000 503.000000
v 312.000000 229.000000 503.000000
v 226.244507 192.000000 526.699646
v 246.283417 192.000000 516.473694
v 267.514954 192.000000 509.033905
v 289.553802 192.000000 504.515350
v 226.244507 248.789734 526.699646
v 250.503510 243.191498 514.735291
v 276.323212 237.233109 506.855530
v 294.067322 233.138321 503.965607
vn 0.000000 -0.000000 1.000000
vn -0.000000 -0.000000 1.000000
vn 0.513506 -0.000000 0.858086
vn 0.393512 -0.000000 0.919319
vn 0.266378 -0.000000 0.963869
vn 0.134408 -0.000000 0.990926
vn 0.513506 -0.000000 0.858086
vn 0.368243 -0.000000 0.929730
vn 0.213634 -0.000000 0.976914
vn 0.107381 -0.000000 0.994218
f 5821//5821 5825//5825 5820//5820
f 5829//5829 5825//5825 5821//5821
f 5828//5828 5824//5824 5825//5825
f 5828//5828 5825//5825 5829//5829
f 5827//5827 5822//5822 5823//5823
f 5827//5827 5823//5823 5824//5824
f 5827//5827 5824//5824 5828//5828
f 5826//5826 5822//5822 5827//5827
v 474.946655 -6.000000 864.192261
v 447.306793 -6.000000 831.252380
v 415.107727 -6.000000 901.583801
v 436.187042 -6.000000 890.997375
v 456.191071 -6.000000 878.497437
v 397.618073 -6.000000 862.301331
v 431.732635 -6.000000 843.130981
v 415.121796 -6.000000 853.510620
vn 0.000000 -1.000000 0.000000
vn 0.000000 -1.000000 0.000000
vn 0.000000 -1.000000 0.000000
vn 0.000000 -1.000000 0.000000
vn 0.000000 -1.000000 0.000000
vn 0.000000 -1.000000 0.000000
vn 0.000000 -1.000000 0.000000
vn 0.000000 -1.000000 0.000000
f 5837//5837 5833//5833 5832//5832
f 5837//5837 5832//5832 5835//5835
f 5834//5834 5833//5833 5837//5837
f 5836//5836 5834//5834 5837//5837
f 5830//5830 5834//5834 5836//5836
f 5831//5831 5830//5830 5836//5836
v 447.306793 -6.000000 831.252380
v 431.732635 -6.000000 843.130981
v 415.121796 -6.000000 853.510620
v 397.618073 -6.000000 862.301331
v 447.306793 -1.000000 831.252380
v 397.618073 -1.000000 862.301331
v 415.121796 -1.000000 853.510620
v 431.732635 -1.000000 843.130981
vn -0.642788 0.000000 -0.766044
vn -0.568801 0.000000 -0.822475
vn -0.489890 0.000000 -0.871784
vn -0.406737 0.000000 -0.913545
vn -0.642788 0.000000 -0.766044
vn -0.406737 0.000000 -0.913545
vn -0.489890 0.000000 -0.871784
vn -0.568801 0.000000 -0.822475
f 5843//5843 5840//5840 5841//5841
f 5844//5844 5839//5839 5840//5840
f 5844//5844 5840//5840 5843//5843
f 5845//5845 5838//5838 5839//5839
f 5845//5845 5839//5839 5844//5844
f 5842//5842 5838//5838 5845//5845
v 397.618073 -1.000000 862.301331
v 415.121796 -1.000000 853.510620
v 431.732635 -1.000000 843.130981
v 447.306793 -1.000000 831.252380
v 438.950562 -1.000000 821.293762
v 419.244812 -1.000000 835.845703
v 406.070465 -1.000000 843.657715
v 392.330475 -1.000000 850.425232
vn -0.000000 -1.000000 -0.000000
vn -0.000000 -1.000000 -0.000000
vn -0.000000 -1.000000 -0.000000
vn -0.000000 -1.000000 -0.000000
vn -0.000000 -1.000000 -0.000000
vn -0.000000 -1.000000 -0.000000
vn -0.000000 -1.000000 -0.000000
vn -0.000000 -1.000000 -0.000000
f 5846//5846 5853//5853 5852//5852
f 5847//5847 5852//5852 5851//5851
f 5847//5847 5846//5846 5852//5852
f 5848//5848 5851//5851 5850//5850
f 5848//5848 5847//5847 5851//5851
f 5849//5849 5848//5848 5850//5850
v 392.330475 25.500000 850.425232
v 408.753204 25.500000 842.177429
v 424.338226 25.500000 832.438843
v 438.950562 25.500000 821.293762
v 392.330475 -1.000000 850.425232
v 438.950562 -1.000000 821.293762
v 419.244812 -1.000000 835.845703
v 406.070465 -1.000000 843.657715
vn -0.406737 0.000000 -0.913545
vn -0.489890 0.000000 -0.871784
vn -0.568801 0.000000 -0.822475
vn -0.642788 0.000000 -0.766044
vn -0.406737 0.000000 -0.913545
vn -0.642788 0.000000 -0.766044
vn -0.543012 0.000000 -0.839725
vn -0.476306 0.000000 -0.879279
f 5854//5854 5861//5861 5858//5858
f 5855//5855 5860//5860 5861//5861
f 5855//5855 5861//5861 5854//5854
f 5856//5856 5859//5859 5860//5860
f 5856//5856 5860//5860 5855//5855
f 5857//5857 5859//5859 5856//5856
v 392.330475 25.500000 850.425232
v 408.753204 25.500000 842.177429
v 424.338226 25.500000 832.438843
v 438.950562 25.500000 821.293762
v 429.308746 25.500000 809.803101
v 386.229431 25.500000 836.722046
v 401.404877 25.500000 829.100647
v 415.806213 25.500000 820.101685
vn -0.000000 -1.000000 -0.000000
vn -0.000000 -1.000000 -0.000000
vn -0.000000 -1.000000 -0.000000
vn -0.000000 -1.000000 -0.000000
vn -0.000000 -1.000000 -0.000000
vn -0.000000 -1.000000 -0.000000
vn -0.000000 -1.000000 -0.000000
vn -0.000000 -1.000000 -0.000000
f 5863//5863 5867//5867 5868//5868
f 5863//5863 5862//5862 5867//5867
f 5864//5864 5868//5868 5869//5869
f 5864//5864 5869//5869 5866//5866
f 5864//5864 5863//5863 5868//5868
f 5865//5865 5864//5864 5866//5866
v 261.282715 140.000000 1568.127808
v 256.459076 140.000000 1551.305786
v 312.000000 140.000000 1561.000000
v 294.897217 140.000000 1561.796631
v 277.942535 140.000000 1564.179443
v 314.440186 140.000000 1561.016235
v 313.626801 140.000000 1561.007202
v 312.813416 140.000000 1561.001831
v 316.584503 140.000000 1543.552124
v 312.000000 140.000000 1543.500000
v 280.864441 140.000000 1545.920044
v 296.385345 140.000000 1544.105957
vn -0.000000 -1.000000 -0.000000
vn -0.000000 -1.000000 -0.000000
vn -0.000000 -1.000000 -0.000000
vn -0.000000 -1.000000 -0.000000
vn -0.000000 -1.000000 -0.000000
vn -0.000000 -1.000000 -0.000000
vn -0.000000 -1.000000 -0.000000
vn -0.000000 -1.000000 -0.000000
vn -0.000000 -1.000000 -0.000000
vn -0.000000 -1.000000 -0.000000
vn -0.000000 -1.000000 -0.000000
vn -0.000000 -1.000000 -0.000000
f 5874//5874 5870//5870 5871//5871
f 5874//5874 5871//5871 5880//5880
f 5873//5873 5880//5880 5881//5881
f 5873//5873 5874//5874 5880//5880
f 5872//5872 5881//5881 5879//5879
f 5872//5872 5873//5873 5881//5881
f 5877//5877 5872//5872 5879//5879
f 5876//5876 5877//5877 5879//5879
f 5875//5875 5879//5879 5878//5878
f 5875//5875 5876//5876 5879//5879
v 312.000000 140.000000 1543.500000
v 312.000000 145.000000 1543.500000
v 316.584503 145.000000 1543.552124
v 315.056458 145.000000 1543.523193
v 313.528290 145.000000 1543.505737
v 316.584503 140.000000 1543.552124
vn 0.000000 0.000000 -1.000000
vn 0.000000 0.000000 -1.000000
vn 0.022752 0.000000 -0.999741
vn 0.015169 0.000000 -0.999885
vn 0.007585 0.000000 -0.999971
vn 0.022752 0.000000 -0.999741
f 5885//5885 5884//5884 5887//5887
f 5886//5886 5887//5887 5882//5882
f 5886//5886 5885//5885 5887//5887
f 5883//5883 5886//5886 5882//5882
v 323.741211 145.000000 1485.265259
v 316.584503 145.000000 1543.552124
v 315.056458 145.000000 1543.523193
v 313.528290 145.000000 1543.505737
v 312.000000 145.000000 1543.500000
v 256.459076 145.000000 1551.305786
v 274.703369 145.000000 1546.981812
v 293.270599 145.000000 1544.372314
v 248.052139 145.000000 1521.987305
v 266.311951 145.000000 1489.045654
v 312.000000 145.000000 1485.000000
v 296.700012 145.000000 1485.450562
v 281.453033 145.000000 1486.800659
v 319.828949 145.000000 1485.117920
v 315.914917 145.000000 1485.029419
vn 0.000000 -1.000000 0.000000
vn 0.000000 -1.000000 0.000000
vn 0.000000 -1.000000 0.000000
vn 0.000000 -1.000000 0.000000
vn 0.000000 -1.000000 0.000000
vn 0.000000 -1.000000 0.000000
vn 0.000000 -1.000000 0.000000
vn 0.000000 -1.000000 0.000000
vn 0.000000 -1.000000 0.000000
vn 0.000000 -1.000000 0.000000
vn 0.000000 -1.000000 0.000000
vn 0.000000 -1.000000 0.000000
vn 0.000000 -1.000000 0.000000
vn 0.000000 -1.000000 0.000000
vn 0.000000 -1.000000 0.000000
f 5894//5894 5893//5893 5896//5896
f 5897//5897 5894//5894 5896//5896
f 5900//5900 5895//5895 5894//5894
f 5900//5900 5894//5894 5897//5897
f 5899//5899 5892//5892 5895//5895
f 5899//5899 5895//5895 5900//5900
f 5898//5898 5891//5891 5892//5892
f 5898//5898 5892//5892 5899//5899
f 5902//5902 5889//5889 5890//5890
f 5902//5902 5890//5890 5891//5891
f 5902//5902 5891//5891 5898//5898
f 5901//5901 5889//5889 5902//5902
f 5888//5888 5889//5889 5901//5901
v 312.000000 140.000000 1543.500000
v 312.000000 145.000000 1543.500000
v 256.459076 140.000000 1551.305786
v 280.864441 140.000000 1545.920044
v 296.385345 140.000000 1544.105957
v 256.459076 145.000000 1551.305786
v 274.703369 145.000000 1546.981812
v 293.270599 145.000000 1544.372314
vn 0.000000 0.000000 -1.000000
vn -0.000000 0.000000 -1.000000
vn -0.275637 0.000000 -0.961262
vn -0.154519 0.000000 -0.987990
vn -0.077492 0.000000 -0.996993
vn -0.275637 0.000000 -0.961262
vn -0.185095 0.000000 -0.982721
vn -0.092950 0.000000 -0.995671
f 5904//5904 5903//5903 5907//5907
f 5910//5910 5907//5907 5906//5906
f 5910//5910 5904//5904 5907//5907
f 5909//5909 5906//5906 5905//5905
f 5909//5909 5910//5910 5906//5906
f 5908//5908 5909//5909 5905//5905
v 464.000000 262.149994 1745.000000
v 461.690765 262.149994 1771.394531
v 454.833282 262.149994 1796.987061
v 443.635864 262.149994 1821.000000
v 428.438751 262.149994 1842.703735
v 409.703705 262.149994 1861.438721
v 388.000000 262.149994 1876.635864
v 363.987061 262.149994 1887.833252
v 338.394531 262.149994 1894.690796
v 312.000000 262.149994 1897.000000
v 285.605469 262.149994 1894.690796
v 260.012939 262.149994 1887.833252
v 236.000000 262.149994 1876.635864
v 214.296280 262.149994 1861.438721
v 195.561249 262.149994 1842.703735
v 180.364136 262.149994 1821.000000
v 169.166718 262.149994 1796.987061
v 162.309219 262.149994 1771.394531
v 160.000000 262.149994 1745.000000
v 162.309219 262.149994 1718.605469
v 169.166718 262.149994 1693.012939
v 180.364136 262.149994 1669.000000
v 195.561249 262.149994 1647.296265
v 214.296280 262.149994 1628.561279
v 236.000000 262.149994 1613.364136
v 260.012939 262.149994 1602.166748
v 285.605469 262.149994 1595.309204
v 312.000000 262.149994 1593.000000
v 338.394531 262.149994 1595.309204
v 363.987061 262.149994 1602.166748
v 388.000000 262.149994 1613.364136
v 409.703705 262.149994 1628.561279
v 428.438751 262.149994 1647.296265
v 443.635864 262.149994 1669.000000
v 454.833282 262.149994 1693.012939
v 461.690765 262.149994 1718.605469
vn 0.000000 -1.000000 0.000000
vn 0.000000 -1.000000 0.000000
vn 0.000000 -1.000000 0.000000
vn 0.000000 -1.000000 0.000000
vn 0.000000 -1.000000 0.000000
vn 0.000000 -1.000000 0.000000
vn 0.000000 -1.000000 0.000000
vn 0.000000 -1.000000 0.000000
vn 0.000000 -1.000000 0.000000
vn 0.000000 -1.000000 0.000000
vn 0.000000 -1.000000 0.000000
vn 0.000000 -1.000000 0.000000
vn 0.000000 -1.000000 0.000000
vn 0.000000 -1.000000 0.000000
vn 0.000000 -1.000000 0.000000
vn 0.000000 -1.000000 0.000000
vn 0.000000 -1.000000 0.000000
vn 0.000000 -1.000000 0.000000
vn 0.000000 -1.000000 0.000000
vn 0.000000 -1.000000 0.000000
vn 0.000000 -1.000000 0.000000
vn 0.000000 -1.000000 0.000000
vn 0.000000 -1.000000 0.000000
vn 0.000000 -1.000000 0.000000
vn 0.000000 -1.000000 0.000000
vn 0.000000 -1.000000 0.000000
vn 0.000000 -1.000000 0.000000
vn 0.000000 -1.000000 0.000000
vn 0.000000 -1.000000 0.000000
vn 0.000000 -1.000000 0.000000
vn 0.000000 -1.000000 0.000000
vn 0.000000 -1.000000 0.000000
vn 0.000000 -1.000000 0.000000
vn 0.000000 -1.000000 0.000000
vn 0.000000 -1.000000 0.000000
vn 0.000000 -1.000000 0.000000
f 5926//5926 5924//5924 5925//5925
f 5923//5923 5924//5924 5926//5926
f 5928//5928 5926//5926 5927//5927
f 5929//5929 5926//5926 5928//5928
f 5930//5930 5926//5926 5929//5929
f 5919//5919 5920//5920 5921//5921
f 5919//5919 5921//5921 5922//5922
f 5919//5919 5922//5922 5923//5923
f 5919//5919 5923//5923 5926//5926
f 5918//5918 5930//5930 5931//5931
f 5918//5918 5926//5926 5930//5930
f 5918//5918 5919//5919 5926//5926
f 5932//5932 5918//5918 5931//5931
f 5916//5916 5917//5917 5918//5918
f 5916//5916 5918//5918 5932//5932
f 5934//5934 5932//5932 5933//5933
f 5934//5934 5916//5916 5932//5932
f 5935//5935 5916//5916 5934//5934
f 5914//5914 5915//5915 5916//5916
f 5937//5937 5935//5935 5936//5936
f 5938//5938 5935//5935 5937//5937
f 5946//5946 5911//5911 5912//5912
f 5946//5946 5912//5912 5913//5913
f 5940//5940 5938//5938 5939//5939
f 5940//5940 5914//5914 5916//5916
f 5940//5940 5916//5916 5935//5935
f 5940//5940 5935//5935 5938//5938
f 5942//5942 5913//5913 5914//5914
f 5942//5942 5940//5940 5941//5941
f 5942//5942 5946//5946 5913//5913
f 5942//5942 5914//5914 5940//5940
f 5943//5943 5946//5946 5942//5942
f 5943//5943 5944//5944 5945//5945
f 5943//5943 5945//5945 5946//5946
v 476.000000 317.500000 879.947021
v 476.000000 309.336151 879.947021
v 476.877441 317.500000 880.023743
v 477.728241 317.500000 880.251709
v 478.526489 317.500000 880.623962
v 479.248016 317.500000 881.129150
v 479.870819 317.500000 881.752014
v 480.376038 317.500000 882.473511
v 480.748260 317.500000 883.271790
v 480.976227 317.500000 884.122559
v 481.053009 317.500000 885.000000
v 480.976227 317.500000 885.877441
v 480.748260 317.500000 886.728210
v 480.376038 317.500000 887.526489
v 479.870819 317.500000 888.247986
v 479.248016 317.500000 888.870850
v 478.526489 317.500000 889.376038
v 477.728241 317.500000 889.748291
v 476.877441 317.500000 889.976257
v 476.000000 317.500000 890.052979
v 476.000000 309.336151 890.052979
v 481.053009 309.336151 885.000000
v 480.976227 309.336151 885.877441
v 480.748260 309.336151 886.728210
v 480.376038 309.336151 887.526489
v 479.870819 309.336151 888.247986
v 479.248016 309.336151 888.870850
v 478.526489 309.336151 889.376038
v 477.728241 309.336151 889.748291
v 476.877441 309.336151 889.976257
v 476.877441 309.336151 880.023743
v 477.728241 309.336151 880.251709
v 478.526489 309.336151 880.623962
v 479.248016 309.336151 881.129150
v 479.870819 309.336151 881.752014
v 480.376038 309.336151 882.473511
v 480.748260 309.336151 883.271790
v 480.976227 309.336151 884.122559
vn 0.000000 -0.000000 1.000000
vn 0.000000 -0.000000 1.000000
vn -0.173648 -0.000000 0.984808
vn -0.342020 -0.000000 0.939693
vn -0.500000 -0.000000 0.866025
vn -0.642788 -0.000000 0.766044
vn -0.766044 -0.000000 0.642788
vn -0.866025 -0.000000 0.500000
vn -0.939693 -0.000000 0.342020
vn -0.984808 -0.000000 0.173648
vn -1.000000 -0.000000 0.000000
vn -0.984808 -0.000000 -0.173648
vn -0.939693 -0.000000 -0.342020
vn -0.866025 -0.000000 -0.500000
vn -0.766044 -0.000000 -0.642788
vn -0.642788 -0.000000 -0.766044
vn -0.500000 -0.000000 -0.866025
vn -0.342020 -0.000000 -0.939693
vn -0.173648 -0.000000 -0.984808
vn -0.000000 -0.000000 -1.000000
vn -0.000000 -0.000000 -1.000000
vn -1.000000 -0.000000 0.000000
vn -0.984808 -0.000000 -0.173648
vn -0.939693 -0.000000 -0.342020
vn -0.866025 -0.000000 -0.500000
vn -0.766044 -0.000000 -0.642788
vn -0.642788 -0.000000 -0.766044
vn -0.500000 -0.000000 -0.866025
vn -0.342020 -0.000000 -0.939693
vn -0.173648 -0.000000 -0.984808
vn -0.173648 -0.000000 0.984808
vn -0.342020 -0.000000 0.939693
vn -0.500000 -0.000000 0.866025
vn -0.642788 -0.000000 0.766044
vn -0.766044 -0.000000 0.642788
vn -0.866025 -0.000000 0.500000
vn -0.939693 -0.000000 0.342020
vn -0.984808 -0.000000 0.173648
f 5948//5948 5949//5949 5947//5947
f 5977//5977 5949//5949 5948//5948
f 5978//5978 5950//5950 5949//5949
f 5978//5978 5949//5949 5977//5977
f 5979//5979 5951//5951 5950//5950
f 5979//5979 5950//5950 5978//5978
f 5980//5980 5952//5952 5951//5951
f 5980//5980 5951//5951 5979//5979
f 5981//5981 5953//5953 5952//5952
f 5981//5981 5952//5952 5980//5980
f 5982//5982 5954//5954 5953//5953
f 5982//5982 5955//5955 5954//5954
f 5982//5982 5953//5953 5981//5981
f 5983//5983 5955//5955 5982//5982
f 5984//5984 5956//5956 5955//5955
f 5984//5984 5957//5957 5956//5956
f 5984//5984 5955//5955 5983//5983
f 5968//5968 5957//5957 5984//5984
f 5969//5969 5958//5958 5957//5957
f 5969//5969 5957//5957 5968//5968
f 5970//5970 5959//5959 5958//5958
f 5970//5970 5958//5958 5969//5969
f 5971//5971 5960//5960 5959//5959
f 5971//5971 5961//5961 5960//5960
f 5971//5971 5959//5959 5970//5970
f 5972//5972 5962//5962 5961//5961
f 5972//5972 5961//5961 5971//5971
f 5973//5973 5962//5962 5972//5972
f 5974//5974 5962//5962 5973//5973
f 5974//5974 5963//5963 5962//5962
f 5974//5974 5964//5964 5963//5963
f 5975//5975 5964//5964 5974//5974
f 5975//5975 5965//5965 5964//5964
f 5976//5976 5966//5966 5965//5965
f 5976//5976 5965//5965 5975//5975
f 5967//5967 5966//5966 5976//5976
v 476.000000 317.500000 890.052979
v 476.000000 309.336151 890.052979
v 475.122559 317.500000 889.976257
v 474.271759 317.500000 889.748291
v 473.473511 317.500000 889.376038
v 472.751984 317.500000 888.870850
v 472.129181 317.500000 888.247986
v 471.623962 317.500000 887.526489
v 471.251740 317.500000 886.728210
v 471.023773 317.500000 885.877441
v 470.946991 317.500000 885.000000
v 471.023773 317.500000 884.122559
v 471.251740 317.500000 883.271790
v 471.623962 317.500000 882.473511
v 472.129181 317.500000 881.752014
v 472.751984 317.500000 881.129150
v 473.473511 317.500000 880.623962
v 474.271759 317.500000 880.251709
v 475.122559 317.500000 880.023743
v 476.000000 317.500000 879.947021
v 476.000000 309.336151 879.947021
v 470.946991 309.336151 885.000000
v 471.021271 309.336151 884.136230
v 471.242126 309.336151 883.297974
v 471.603149 309.336151 882.509888
v 472.093567 309.336151 881.795105
v 472.698853 309.336151 881.174561
v 473.401215 309.336151 880.666504
v 474.180054 309.336151 880.285950
v 475.012543 309.336151 880.044312
v 475.503876 309.336151 879.971375
v 475.122559 309.336151 889.976257
v 474.271759 309.336151 889.748291
v 473.473511 309.336151 889.376038
v 472.751984 309.336151 888.870850
v 472.129181 309.336151 888.247986
v 471.623962 309.336151 887.526489
v 471.251740 309.336151 886.728210
v 471.023773 309.336151 885.877441
vn -0.000000 -0.000000 -1.000000
vn -0.000000 -0.000000 -1.000000
vn 0.173648 -0.000000 -0.984808
vn 0.342020 -0.000000 -0.939693
vn 0.500000 -0.000000 -0.866025
vn 0.642788 -0.000000 -0.766044
vn 0.766044 -0.000000 -0.642788
vn 0.866025 -0.000000 -0.500000
vn 0.939693 -0.000000 -0.342020
vn 0.984808 -0.000000 -0.173648
vn 1.000000 -0.000000 -0.000000
vn 0.984808 0.000000 0.173648
vn 0.939693 0.000000 0.342020
vn 0.866025 0.000000 0.500000
vn 0.766044 0.000000 0.642788
vn 0.642788 0.000000 0.766044
vn 0.500000 0.000000 0.866025
vn 0.342020 0.000000 0.939693
vn 0.173648 0.000000 0.984808
vn 0.000000 0.000000 1.000000
vn 0.000000 0.000000 1.000000
vn 1.000000 -0.000000 -0.000000
vn 0.985284 0.000000 0.170923
vn 0.941571 0.000000 0.336816
vn 0.870145 0.000000 0.492796
vn 0.773110 0.000000 0.634272
vn 0.653322 0.000000 0.757081
vn 0.514305 0.000000 0.857607
vn 0.360151 0.000000 0.932894
vn 0.195398 0.000000 0.980724
vn 0.098173 0.000000 0.995169
vn 0.173648 -0.000000 -0.984808
vn 0.342020 -0.000000 -0.939693
vn 0.500000 -0.000000 -0.866025
vn 0.642788 -0.000000 -0.766044
vn 0.766044 -0.000000 -0.642788
vn 0.866025 -0.000000 -0.500000
vn 0.939693 -0.000000 -0.342020
vn 0.984808 -0.000000 -0.173648
f 6016//6016 5985//5985 5986//5986
f 6016//6016 5987//5987 5985//5985
f 6017//6017 5988//5988 5987//5987
f 6017//6017 5987//5987 6016//6016
f 6018//6018 5989//5989 5988//5988
f 6018//6018 5988//5988 6017//6017
f 6019//6019 5990//5990 5989//5989
f 6019//6019 5989//5989 6018//6018
f 6020//6020 5991//5991 5990//5990
f 6020//6020 5990//5990 6019//6019
f 6021//6021 5992//5992 5991//5991
f 6021//6021 5991//5991 6020//6020
f 6022//6022 5993//5993 5992//5992
f 6022//6022 5992//5992 6021//6021
f 6023//6023 5994//5994 5993//5993
f 6023//6023 5993//5993 6022//6022
f 6006//6006 5995//5995 5994//5994
f 6006//6006 5994//5994 6023//6023
f 6007//6007 5996//5996 5995//5995
f 6007//6007 5995//5995 6006//6006
f 6008//6008 5997//5997 5996//5996
f 6008//6008 5996//5996 6007//6007
f 6009//6009 5998//5998 5997//5997
f 6009//6009 5997//5997 6008//6008
f 6010//6010 5999//5999 5998//5998
f 6010//6010 5998//5998 6009//6009
f 6011//6011 6000//6000 5999//5999
f 6011//6011 5999//5999 6010//6010
f 6012//6012 6000//6000 6011//6011
f 6012//6012 6001//6001 6000//6000
f 6013//6013 6001//6001 6012//6012
f 6013//6013 6002//6002 6001//6001
f 6014//6014 6002//6002 6013//6013
f 6014//6014 6003//6003 6002//6002
f 6015//6015 6003//6003 6014//6014
f 6015//6015 6004//6004 6003//6003
f 6005//6005 6004//6004 6015//6015
usemtl mat_2
v 396.382080 352.891937 1013.632263
v 396.356720 354.707336 1014.733337
v 395.982452 356.441864 1015.863037
v 395.468109 357.677185 1016.722534
v 394.777954 358.797424 1017.551575
v 393.917938 359.804810 1018.350159
v 392.901154 360.681580 1019.104675
v 391.744568 361.413696 1019.802856
v 390.468445 361.990051 1020.433594
v 389.093201 362.399841 1020.985779
v 387.641479 362.636566 1021.450500
v 386.509338 362.699066 1021.739197
v 385.358185 362.660339 1021.971069
v 389.856323 358.659607 1032.152832
v 392.231476 355.697876 1038.515991
v 394.211334 352.370758 1044.858398
v 405.994995 342.648895 1037.477783
v 405.858551 344.364166 1038.651855
v 405.372925 346.018890 1039.807983
v 404.775635 347.208557 1040.655396
v 404.006866 348.297516 1041.445801
v 403.072632 349.287598 1042.179932
v 401.987244 350.161438 1042.845093
v 400.768799 350.904999 1043.430420
v 399.438538 351.506866 1043.927002
v 398.017853 351.955963 1044.325684
v 396.530090 352.245117 1044.620239
v 395.377258 352.355316 1044.770996
v 401.203644 349.014130 1024.061157
v 403.799713 346.052612 1030.721558
v 402.582306 350.555603 1032.051025
v 400.134979 353.747498 1034.482422
v 396.343536 355.770660 1036.305542
v 398.367065 354.798615 1021.245117
v 401.588196 351.778656 1029.376343
v 391.807129 360.409241 1026.038086
v 395.397461 356.992340 1033.697632
v 395.882111 358.324066 1023.939941
v 397.713898 356.610840 1027.783081
v 399.168457 354.977631 1031.828979
vn 0.902274 0.159864 -0.400431
vn 0.888458 0.311817 -0.336767
vn 0.850255 0.455366 -0.264024
vn 0.804354 0.558452 -0.202843
vn 0.746305 0.650735 -0.139903
vn 0.675410 0.733676 -0.074437
vn 0.591689 0.806136 -0.006926
vn 0.498118 0.865022 0.060125
vn 0.395136 0.909887 0.126383
vn 0.283386 0.939737 0.191277
vn 0.167323 0.953073 0.252300
vn 0.077465 0.952167 0.295597
vn -0.014142 0.941600 0.336438
vn -0.007417 0.915267 0.402779
vn -0.003912 0.895815 0.444409
vn -0.001361 0.874167 0.485624
vn 0.968789 0.122569 -0.215466
vn 0.955272 0.265943 -0.129342
vn 0.914931 0.401651 -0.039717
vn 0.865959 0.499198 0.030289
vn 0.803925 0.586597 0.098020
vn 0.728275 0.665288 0.164341
vn 0.639177 0.734301 0.228593
vn 0.539876 0.790824 0.288326
vn 0.430872 0.834570 0.343283
vn 0.312814 0.864728 0.392929
vn 0.190305 0.879904 0.435378
vn 0.095440 0.881416 0.462598
vn 0.932309 0.152042 -0.328151
vn 0.951229 0.140226 -0.274773
vn 0.879499 0.465770 -0.097675
vn 0.679214 0.726246 0.106002
vn 0.368810 0.881775 0.294027
vn 0.858637 0.467451 -0.210314
vn 0.872385 0.472814 -0.124065
vn 0.319560 0.921899 0.219052
vn 0.365245 0.890852 0.270146
vn 0.651551 0.758593 0.004138
vn 0.673420 0.738563 0.032106
vn 0.673649 0.734849 0.078698
f 6041//6041 6040//6040 6053//6053
f 6042//6042 6041//6041 6053//6053
f 6050//6050 6049//6049 6038//6038
f 6051//6051 6050//6050 6038//6038
f 6039//6039 6051//6051 6038//6038
f 6054//6054 6043//6043 6042//6042
f 6054//6054 6044//6044 6043//6043
f 6054//6054 6042//6042 6053//6053
f 6055//6055 6045//6045 6044//6044
f 6055//6055 6046//6046 6045//6045
f 6055//6055 6047//6047 6046//6046
f 6055//6055 6044//6044 6054//6054
f 6056//6056 6048//6048 6047//6047
f 6056//6056 6049//6049 6048//6048
f 6056//6056 6047//6047 6055//6055
f 6056//6056 6038//6038 6049//6049
f 6057//6057 6024//6024 6025//6025
f 6057//6057 6025//6025 6026//6026
f 6057//6057 6026//6026 6027//6027
f 6057//6057 6027//6027 6028//6028
f 6057//6057 6052//6052 6024//6024
f 6058//6058 6053//6053 6052//6052
f 6058//6058 6054//6054 6053//6053
f 6058//6058 6052//6052 6057//6057
f 6059//6059 6031//6031 6032//6032
f 6059//6059 6032//6032 6033//6033
f 6059//6059 6033//6033 6034//6034
f 6059//6059 6034//6034 6035//6035
f 6059//6059 6035//6035 6036//6036
f 6059//6059 6036//6036 6037//6037
f 6060//6060 6037//6037 6038//6038
f 6060//6060 6056//6056 6055//6055
f 6060//6060 6059//6059 6037//6037
f 6060//6060 6038//6038 6056//6056
f 6061//6061 6028//6028 6029//6029
f 6061//6061 6029//6029 6030//6030
f 6061//6061 6030//6030 6031//6031
f 6061//6061 6031//6031 6059//6059
f 6061//6061 6057//6057 6028//6028
f 6062//6062 6058//6058 6057//6057
f 6062//6062 6059//6059 6060//6060
f 6062//6062 6061//6061 6059//6059
f 6062//6062 6057//6057 6061//6061
f 6063//6063 6060//6060 6055//6055
f 6063//6063 6058//6058 6062//6062
f 6063//6063 6054//6054 6058//6058
f 6063//6063 6062//6062 6060//6060
f 6063//6063 6055//6055 6054//6054
v 385.358185 362.660339 1021.971069
v 351.624847 360.045410 1027.871948
v 356.371368 356.092773 1037.318237
v 360.135406 351.426392 1046.463013
v 394.211334 352.370758 1044.858398
v 389.856323 358.659607 1032.152832
v 392.231476 355.697876 1038.515991
vn -0.014142 0.941600 0.336438
vn -0.010073 0.934272 0.356419
vn -0.005090 0.906513 0.422147
vn -0.001166 0.872477 0.488654
vn -0.001361 0.874167 0.485624
vn -0.007417 0.915267 0.402779
vn -0.003912 0.895815 0.444409
f 6065//6065 6069//6069 6064//6064
f 6066//6066 6070//6070 6069//6069
f 6066//6066 6069//6069 6065//6065
f 6067//6067 6068//6068 6070//6070
f 6067//6067 6070//6070 6066//6066
v 349.998322 348.719513 1541.832153
v 350.122253 347.018188 1541.675171
v 350.489563 345.352051 1541.521606
v 351.031281 343.891174 1541.386963
v 351.690857 342.629822 1541.270874
v 352.496887 341.455139 1541.162598
v 353.291107 340.534790 1541.077881
v 354.175995 339.700012 1541.001099
v 349.997925 350.478058 1523.505493
v 350.174500 348.456390 1523.244507
v 350.696320 346.494232 1522.991333
v 351.319916 345.071198 1522.807739
v 352.109955 343.764679 1522.639160
v 353.062073 342.568512 1522.484985
v 354.161682 341.503540 1522.347656
v 355.390594 340.586792 1522.229614
v 356.183350 340.112518 1522.168579
v 357.010590 339.700012 1522.115479
vn -1.000000 0.000086 0.000061
vn -0.989577 -0.143714 -0.009194
vn -0.958843 -0.283349 -0.018274
vn -0.913042 -0.407012 -0.026390
vn -0.857683 -0.513093 -0.033407
vn -0.790553 -0.611090 -0.039935
vn -0.724026 -0.688296 -0.045107
vn -0.649538 -0.758693 -0.049845
vn -1.000000 0.000071 -0.000025
vn -0.985188 -0.170523 -0.018087
vn -0.941467 -0.335240 -0.035417
vn -0.888768 -0.455833 -0.048035
vn -0.822867 -0.565119 -0.059417
vn -0.743411 -0.665183 -0.069793
vn -0.650873 -0.755057 -0.079076
vn -0.548827 -0.831403 -0.086931
vn -0.483166 -0.870790 -0.090973
vn -0.414256 -0.905241 -0.094501
f 6072//6072 6071//6071 6079//6079
f 6072//6072 6079//6079 6080//6080
f 6073//6073 6080//6080 6081//6081
f 6073//6073 6072//6072 6080//6080
f 6074//6074 6081//6081 6082//6082
f 6074//6074 6073//6073 6081//6081
f 6075//6075 6082//6082 6083//6083
f 6075//6075 6074//6074 6082//6082
f 6076//6076 6083//6083 6084//6084
f 6076//6076 6075//6075 6083//6083
f 6077//6077 6084//6084 6085//6085
f 6077//6077 6076//6076 6084//6084
f 6078//6078 6085//6085 6086//6086
f 6078//6078 6086//6086 6087//6087
f 6078//6078 6087//6087 6088//6088
f 6078//6078 6077//6077 6085//6085
v 350.000000 357.699982 1506.000000
v 350.000000 351.700012 1506.000000
v 349.997925 350.478058 1523.505493
v 349.998260 356.403076 1524.270386
vn -1.000000 -0.000012 -0.000175
vn -1.000000 0.000012 -0.000214
vn -1.000000 0.000071 -0.000025
vn -1.000000 0.000045 -0.000014
f 6091//6091 6089//6089 6090//6090
f 6091//6091 6092//6092 6089//6089
usemtl mat_1
v 395.743286 339.700012 1582.555298
v 362.042511 339.700012 1582.556030
v 361.999756 339.700012 1582.556030
v 361.592804 339.700012 1582.522339
v 361.198700 339.700012 1582.425293
v 360.822205 339.700012 1582.272827
v 360.466797 339.700012 1582.074585
v 360.135803 339.700012 1581.841431
v 359.726959 339.700012 1581.486084
v 359.175995 339.700012 1580.883911
v 358.634247 339.700012 1580.143066
v 358.013397 339.700012 1579.089355
v 357.242096 339.700012 1577.423828
v 356.181335 339.700012 1574.282227
v 355.297943 339.700012 1570.524048
v 354.288422 339.700012 1563.410645
v 354.175995 339.700012 1541.001099
v 357.010590 339.700012 1522.115479
v 358.423096 339.699982 1516.491943
v 314.000000 339.700012 1516.491943
v 314.000000 339.700012 1583.491943
v 444.000000 339.700012 1583.491943
v 444.000000 339.700012 1516.491943
v 399.562988 339.700012 1516.491943
v 400.977661 339.700439 1522.124512
v 403.813324 339.700012 1541.011108
v 403.705383 339.700012 1563.416260
v 402.283417 339.700012 1572.460205
v 400.979370 339.700012 1576.852783
v 399.671936 339.700012 1579.647949
v 399.194824 339.700012 1580.389771
v 398.693817 339.700012 1581.036499
v 398.030914 339.700012 1581.703003
v 397.566559 339.700012 1582.051147
v 397.061523 339.700012 1582.324341
v 396.718262 339.700012 1582.449341
v 396.362000 339.700012 1582.527832
v 395.999451 339.700012 1582.555298
vn -0.000000 1.000000 0.000000
vn -0.000000 1.000000 0.000000
vn -0.000000 1.000000 0.000000
vn -0.000000 1.000000 0.000000
vn -0.000000 1.000000 0.000000
vn -0.000000 1.000000 0.000000
vn -0.000000 1.000000 0.000000
vn -0.000000 1.000000 0.000000
vn -0.000000 1.000000 0.000000
vn -0.000000 1.000000 0.000000
vn -0.000000 1.000000 0.000000
vn -0.000000 1.000000 0.000000
vn -0.000000 1.000000 0.000000
vn -0.000000 1.000000 0.000000
vn -0.000000 1.000000 0.000000
vn -0.000000 1.000000 0.000000
vn -0.000000 1.000000 0.000000
vn -0.000000 1.000000 0.000000
vn -0.000000 1.000000 0.000000
vn -0.000000 1.000000 0.000000
vn -0.000000 1.000000 0.000000
vn -0.000000 1.000000 0.000000
vn -0.000000 1.000000 0.000000
vn -0.000000 1.000000 0.000000
vn -0.000000 1.000000 0.000000
vn -0.000000 1.000000 0.000000
vn -0.000000 1.000000 0.000000
vn -0.000000 1.000000 0.000000
vn -0.000000 1.000000 0.000000
vn -0.000000 1.000000 0.000000
vn -0.000000 1.000000 0.000000
vn -0.000000 1.000000 0.000000
vn -0.000000 1.000000 0.000000
vn -0.000000 1.000000 0.000000
vn -0.000000 1.000000 0.000000
vn -0.000000 1.000000 0.000000
vn -0.000000 1.000000 0.000000
vn -0.000000 1.000000 0.000000
f 6110//6110 6111//6111 6112//6112
f 6109//6109 6110//6110 6112//6112
f 6113//6113 6109//6109 6112//6112
f 6108//6108 6109//6109 6113//6113
f 6107//6107 6108//6108 6113//6113
f 6106//6106 6107//6107 6113//6113
f 6105//6105 6106//6106 6113//6113
f 6104//6104 6105//6105 6113//6113
f 6103//6103 6104//6104 6113//6113
f 6102//6102 6103//6103 6113//6113
f 6101//6101 6102//6102 6113//6113
f 6100//6100 6101//6101 6113//6113
f 6099//6099 6100//6100 6113//6113
f 6098//6098 6099//6099 6113//6113
f 6097//6097 6098//6098 6113//6113
f 6096//6096 6097//6097 6113//6113
f 6115//6115 6116//6116 6117//6117
f 6115//6115 6117//6117 6118//6118
f 6114//6114 6118//6118 6119//6119
f 6114//6114 6119//6119 6120//6120
f 6114//6114 6120//6120 6121//6121
f 6114//6114 6121//6121 6122//6122
f 6114//6114 6122//6122 6123//6123
f 6114//6114 6123//6123 6124//6124
f 6114//6114 6124//6124 6125//6125
f 6114//6114 6125//6125 6126//6126
f 6114//6114 6126//6126 6127//6127
f 6114//6114 6127//6127 6128//6128
f 6114//6114 6128//6128 6129//6129
f 6114//6114 6115//6115 6118//6118
f 6113//6113 6114//6114 6094//6094
f 6094//6094 6114//6114 6093//6093
f 6093//6093 6114//6114 6130//6130
f 6130//6130 6114//6114 6129//6129
f 6113//6113 6094//6094 6095//6095
f 6113//6113 6095//6095 6096//6096
usemtl mat_2
v 362.000061 369.700012 1506.000000
v 359.950958 369.523041 1506.000000
v 357.961456 368.999847 1506.000000
v 356.522034 368.376343 1506.000000
v 355.196442 367.583984 1506.000000
v 353.982758 366.628632 1506.000000
v 352.902313 365.524689 1506.000000
v 351.972656 364.290466 1506.000000
v 351.208313 362.947357 1506.000000
v 350.623444 361.516815 1506.000000
v 350.227631 360.022400 1506.000000
v 350.057251 358.866760 1506.000000
v 350.000000 357.699982 1506.000000
v 349.998260 356.403076 1524.270386
v 361.998627 368.253906 1525.802734
v 359.949585 368.079041 1525.779785
v 357.960083 367.562286 1525.712646
v 356.520721 366.946442 1525.632813
v 355.195099 366.163940 1525.531494
v 353.981415 365.220428 1525.409424
v 352.900940 364.130219 1525.268555
v 351.971252 362.911377 1525.110962
v 351.206848 361.584961 1524.939575
v 350.621918 360.172302 1524.757080
v 350.226044 358.696503 1524.566528
v 350.055603 357.555298 1524.419067
vn 0.000003 0.999855 0.017012
vn -0.170897 0.985147 0.016717
vn -0.336116 0.941687 0.015872
vn -0.456907 0.889390 0.014871
vn -0.566860 0.823701 0.013630
vn -0.667726 0.744308 0.012156
vn -0.758446 0.651652 0.010473
vn -0.835607 0.549259 0.008657
vn -0.899097 0.437697 0.006735
vn -0.948209 0.317613 0.004738
vn -0.981084 0.193561 0.002752
vn -0.995213 0.097720 0.001276
vn -1.000000 -0.000012 -0.000175
vn -1.000000 0.000045 -0.000014
vn -0.000078 0.994118 0.108300
vn -0.170256 0.979606 0.106697
vn -0.334888 0.936725 0.101957
vn -0.455387 0.885075 0.096255
vn -0.565221 0.820114 0.089095
vn -0.666132 0.741483 0.080448
vn -0.757043 0.649565 0.070367
vn -0.834497 0.547819 0.059241
vn -0.898329 0.436787 0.047142
vn -0.947774 0.317108 0.034151
vn -0.980912 0.193339 0.020770
vn -0.995166 0.097652 0.010464
f 6146//6146 6131//6131 6132//6132
f 6146//6146 6132//6132 6133//6133
f 6146//6146 6145//6145 6131//6131
f 6147//6147 6146//6146 6133//6133
f 6148//6148 6133//6133 6134//6134
f 6148//6148 6147//6147 6133//6133
f 6149//6149 6134//6134 6135//6135
f 6149//6149 6148//6148 6134//6134
f 6150//6150 6135//6135 6136//6136
f 6150//6150 6149//6149 6135//6135
f 6151//6151 6136//6136 6137//6137
f 6151//6151 6150//6150 6136//6136
f 6152//6152 6137//6137 6138//6138
f 6152//6152 6151//6151 6137//6137
f 6153//6153 6138//6138 6139//6139
f 6153//6153 6152//6152 6138//6138
f 6154//6154 6139//6139 6140//6140
f 6154//6154 6153//6153 6139//6139
f 6155//6155 6140//6140 6141//6141
f 6155//6155 6154//6154 6140//6140
f 6156//6156 6141//6141 6142//6142
f 6156//6156 6155//6155 6141//6141
f 6144//6144 6142//6142 6143//6143
f 6144//6144 6156//6156 6142//6142
v 395.999939 369.700012 1506.000000
v 362.000061 369.700012 1506.000000
v 361.998627 368.253906 1525.802734
v 395.997437 368.255890 1525.809937
vn -0.000003 0.999858 0.016831
vn 0.000003 0.999855 0.017012
vn -0.000078 0.994118 0.108300
vn -0.000083 0.994125 0.108236
f 6158//6158 6160//6160 6157//6157
f 6159//6159 6160//6160 6158//6158
v 408.000000 357.699982 1506.000000
v 407.822357 359.752899 1506.000000
v 407.297516 361.745087 1506.000000
v 406.672424 363.185577 1506.000000
v 405.878571 364.511475 1506.000000
v 404.921875 365.724762 1506.000000
v 403.817078 366.804230 1506.000000
v 402.582581 367.732513 1506.000000
v 401.239838 368.495331 1506.000000
v 399.810547 369.078674 1506.000000
v 398.318115 369.473206 1506.000000
v 397.164429 369.642975 1506.000000
v 395.999939 369.700012 1506.000000
v 395.997437 368.255890 1525.809937
v 407.996460 356.406433 1524.282715
v 407.818939 358.433716 1524.544312
v 407.294220 360.400970 1524.798218
v 406.669220 361.823425 1524.981689
v 405.875458 363.132721 1525.150635
v 404.918884 364.330780 1525.305054
v 403.814148 365.396729 1525.442383
v 402.579742 366.313354 1525.560547
v 401.237122 367.066559 1525.657471
v 399.807892 367.642517 1525.731567
v 398.315521 368.032043 1525.781494
v 397.161896 368.199615 1525.802979
vn 1.000000 -0.000012 0.000321
vn 0.985224 0.171247 0.002807
vn 0.941599 0.336693 0.005357
vn 0.889139 0.457578 0.007307
vn 0.823288 0.567550 0.009143
vn 0.743757 0.668362 0.010874
vn 0.651001 0.758974 0.012467
vn 0.548567 0.835992 0.013849
vn 0.437036 0.899319 0.015002
vn 0.317056 0.948273 0.015899
vn 0.193173 0.981026 0.016501
vn 0.097509 0.995094 0.016754
vn -0.000003 0.999858 0.016831
vn -0.000083 0.994125 0.108236
vn 1.000000 -0.000076 0.000064
vn 0.985106 0.170957 0.018418
vn 0.941145 0.336056 0.036237
vn 0.888337 0.456538 0.049302
vn 0.822136 0.565990 0.061218
vn 0.742305 0.666165 0.072161
vn 0.649352 0.756053 0.082010
vn 0.546869 0.832324 0.090391
vn 0.435455 0.894938 0.097287
vn 0.315759 0.943274 0.102618
vn 0.192295 0.975575 0.106187
vn 0.097013 0.989437 0.107718
f 6176//6176 6161//6161 6162//6162
f 6176//6176 6175//6175 6161//6161
f 6177//6177 6162//6162 6163//6163
f 6177//6177 6163//6163 6164//6164
f 6177//6177 6176//6176 6162//6162
f 6178//6178 6164//6164 6165//6165
f 6178//6178 6177//6177 6164//6164
f 6179//6179 6165//6165 6166//6166
f 6179//6179 6178//6178 6165//6165
f 6180//6180 6166//6166 6167//6167
f 6180//6180 6179//6179 6166//6166
f 6181//6181 6167//6167 6168//6168
f 6181//6181 6180//6180 6167//6167
f 6182//6182 6168//6168 6169//6169
f 6182//6182 6181//6181 6168//6168
f 6183//6183 6169//6169 6170//6170
f 6183//6183 6182//6182 6169//6169
f 6184//6184 6170//6170 6171//6171
f 6184//6184 6183//6183 6170//6170
f 6185//6185 6171//6171 6172//6172
f 6185//6185 6184//6184 6171//6171
f 6186//6186 6172//6172 6173//6173
f 6186//6186 6185//6185 6172//6172
f 6174//6174 6186//6186 6173//6173
v 408.000000 351.700012 1506.000000
v 408.000000 357.699982 1506.000000
v 407.996460 356.406433 1524.282715
v 407.996124 350.481415 1523.517822
vn 1.000000 0.000011 0.000371
vn 1.000000 -0.000012 0.000321
vn 1.000000 -0.000076 0.000064
vn 1.000000 -0.000055 0.000081
f 6190//6190 6187//6187 6188//6188
f 6189//6189 6190//6190 6188//6188
v 400.977661 339.700439 1522.124512
v 402.765228 340.697449 1522.253662
v 404.355774 341.979950 1522.419556
v 405.318176 343.020325 1522.553955
v 406.209656 344.262299 1522.714478
v 406.933441 345.606537 1522.888184
v 407.475830 347.031799 1523.072388
v 407.828827 348.514465 1523.263794
v 407.954071 349.494476 1523.390381
v 407.996124 350.481415 1523.517822
v 407.996277 348.723419 1541.844238
v 403.813324 339.700012 1541.011108
v 405.034607 340.900574 1541.122070
v 406.070129 342.262604 1541.247925
v 406.899628 343.757080 1541.385986
v 407.460388 345.210999 1541.520142
v 407.800903 346.591034 1541.647461
v 407.947083 347.652832 1541.745483
vn 0.413967 -0.905388 -0.094364
vn 0.562364 -0.822423 -0.085836
vn 0.694918 -0.715190 -0.074779
vn 0.775793 -0.627556 -0.065710
vn 0.849998 -0.523912 -0.054948
vn 0.910616 -0.410992 -0.043175
vn 0.956449 -0.290297 -0.030537
vn 0.985961 -0.166057 -0.017471
vn 0.996448 -0.083757 -0.008782
vn 1.000000 -0.000055 0.000081
vn 1.000000 -0.000062 -0.000078
vn 0.649238 -0.758942 -0.049957
vn 0.751948 -0.657808 -0.043168
vn 0.838269 -0.544095 -0.035583
vn 0.907679 -0.418777 -0.027288
vn 0.955105 -0.295644 -0.019205
vn 0.983603 -0.179971 -0.011672
vn 0.995848 -0.090843 -0.005909
f 6202//6202 6191//6191 6192//6192
f 6202//6202 6192//6192 6193//6193
f 6203//6203 6193//6193 6194//6194
f 6203//6203 6202//6202 6193//6193
f 6204//6204 6194//6194 6195//6195
f 6204//6204 6203//6203 6194//6194
f 6205//6205 6195//6195 6196//6196
f 6205//6205 6204//6204 6195//6195
f 6206//6206 6196//6196 6197//6197
f 6206//6206 6205//6205 6196//6196
f 6207//6207 6197//6197 6198//6198
f 6207//6207 6206//6206 6197//6197
f 6208//6208 6198//6198 6199//6199
f 6208//6208 6207//6207 6198//6198
f 6201//6201 6199//6199 6200//6200
f 6201//6201 6208//6208 6199//6199
usemtl mat_1
v 314.000000 351.620544 1640.343872
v 314.000000 354.711517 1639.515625
v 444.000000 351.620544 1640.343872
v 444.000000 354.711517 1639.515625
v 411.000000 354.711517 1639.515625
v 411.000000 400.110016 1627.351196
v 347.000000 400.110016 1627.351196
v 347.000000 354.711517 1639.515625
v 362.200989 383.753479 1631.733887
v 362.184113 383.753448 1631.733887
v 396.045288 383.661285 1631.758545
v 407.887207 371.922272 1634.904053
v 407.727295 373.905334 1634.372681
v 407.225433 375.834320 1633.855835
v 406.396393 377.653656 1633.368286
v 405.257782 379.310669 1632.924316
v 403.844940 380.756866 1632.536865
v 402.194672 381.946228 1632.218140
v 400.357635 382.842346 1631.978027
v 398.383972 383.419159 1631.823486
v 397.219299 383.596893 1631.775879
v 407.869690 370.535919 1635.275513
v 407.837372 369.353729 1635.592285
v 407.802612 368.006378 1635.953369
v 407.775696 366.111267 1636.461060
v 407.263397 362.822723 1637.342285
v 407.544189 363.908173 1637.051392
v 407.714844 365.014038 1636.755127
v 404.916016 358.666382 1638.455933
v 405.892059 359.944031 1638.113647
v 406.678955 361.338959 1637.739868
v 400.598938 355.577301 1639.283691
v 402.189941 356.393707 1639.064941
v 403.640717 357.431000 1638.786987
v 395.829224 354.621704 1639.539673
v 397.448456 354.730225 1639.510620
v 399.054749 355.049774 1639.425049
v 395.177887 354.622040 1639.539673
v 362.012482 354.723236 1639.512573
v 350.241577 364.881042 1636.790771
v 350.681671 362.912384 1637.318237
v 351.464935 361.041687 1637.819458
v 352.570404 359.328064 1638.278687
v 353.966583 357.825684 1638.681274
v 355.611206 356.580536 1639.014893
v 357.264557 355.713257 1639.247192
v 358.857086 355.156128 1639.396484
v 360.414856 354.837067 1639.482056
v 350.143677 366.432953 1636.374878
v 350.157806 367.815247 1636.004517
v 350.183289 368.994476 1635.688599
v 350.211823 370.342010 1635.327515
v 350.231812 372.239990 1634.818970
v 350.742645 375.533936 1633.936279
v 350.463837 374.451691 1634.226318
v 350.293396 373.350433 1634.521362
v 352.098969 378.390717 1633.170898
v 351.398071 377.164795 1633.499268
v 351.038300 376.361359 1633.714600
v 353.094086 379.698059 1632.820557
v 357.421173 382.793976 1631.990967
v 355.824524 381.974396 1632.210571
v 354.370544 380.933960 1632.489380
v 360.558380 383.641724 1631.763794
v 358.960266 383.320068 1631.849976
vn 0.000000 0.258819 0.965926
vn 0.000000 0.258819 0.965926
vn 0.000000 0.258819 0.965926
vn 0.000000 0.258819 0.965926
vn 0.000000 0.258819 0.965926
vn 0.000000 0.258819 0.965926
vn 0.000000 0.258819 0.965926
vn 0.000000 0.258819 0.965926
vn 0.000000 0.258819 0.965926
vn 0.000000 0.258819 0.965926
vn 0.000000 0.258819 0.965926
vn 0.000000 0.258819 0.965926
vn 0.000000 0.258819 0.965926
vn 0.000000 0.258819 0.965926
vn 0.000000 0.258819 0.965926
vn 0.000000 0.258819 0.965926
vn 0.000000 0.258819 0.965926
vn 0.000000 0.258819 0.965926
vn 0.000000 0.258819 0.965926
vn 0.000000 0.258819 0.965926
vn 0.000000 0.258819 0.965926
vn 0.000000 0.258819 0.965926
vn 0.000000 0.258819 0.965926
vn 0.000000 0.258819 0.965926
vn 0.000000 0.258819 0.965926
vn 0.000000 0.258819 0.965926
vn 0.000000 0.258819 0.965926
vn 0.000000 0.258819 0.965926
vn 0.000000 0.258819 0.965926
vn 0.000000 0.258819 0.965926
vn 0.000000 0.258819 0.965926
vn 0.000000 0.258819 0.965926
vn 0.000000 0.258819 0.965926
vn 0.000000 0.258819 0.965926
vn 0.000000 0.258819 0.965926
vn 0.000000 0.258819 0.965926
vn 0.000000 0.258819 0.965926
vn 0.000000 0.258819 0.965926
vn 0.000000 0.258819 0.965926
vn 0.000000 0.258819 0.965926
vn 0.000000 0.258819 0.965926
vn 0.000000 0.258819 0.965926
vn 0.000000 0.258819 0.965926
vn 0.000000 0.258819 0.965926
vn 0.000000 0.258819 0.965926
vn 0.000000 0.258819 0.965926
vn 0.000000 0.258819 0.965926
vn 0.000000 0.258819 0.965926
vn 0.000000 0.258819 0.965926
vn 0.000000 0.258819 0.965926
vn 0.000000 0.258819 0.965926
vn 0.000000 0.258819 0.965926
vn 0.000000 0.258819 0.965926
vn 0.000000 0.258819 0.965926
vn 0.000000 0.258819 0.965926
vn 0.000000 0.258819 0.965926
vn 0.000000 0.258819 0.965926
vn 0.000000 0.258819 0.965926
vn 0.000000 0.258819 0.965926
vn 0.000000 0.258819 0.965926
vn 0.000000 0.258819 0.965926
vn 0.000000 0.258819 0.965926
vn 0.000000 0.258819 0.965926
vn 0.000000 0.258819 0.965926
vn 0.000000 0.258819 0.965926
f 6268//6268 6271//6271 6215//6215
f 6265//6265 6268//6268 6215//6215
f 6270//6270 6215//6215 6271//6271
f 6266//6266 6265//6265 6215//6215
f 6269//6269 6215//6215 6270//6270
f 6267//6267 6266//6266 6215//6215
f 6262//6262 6267//6267 6215//6215
f 6273//6273 6215//6215 6269//6269
f 6272//6272 6215//6215 6273//6273
f 6218//6218 6215//6215 6272//6272
f 6217//6217 6215//6215 6218//6218
f 6216//6216 6210//6210 6209//6209
f 6216//6216 6249//6249 6248//6248
f 6216//6216 6250//6250 6249//6249
f 6216//6216 6248//6248 6257//6257
f 6251//6251 6250//6250 6216//6216
f 6252//6252 6251//6251 6216//6216
f 6253//6253 6252//6252 6216//6216
f 6254//6254 6253//6253 6216//6216
f 6255//6255 6254//6254 6216//6216
f 6256//6256 6255//6255 6216//6216
f 6247//6247 6256//6256 6216//6216
f 6214//6214 6215//6215 6217//6217
f 6219//6219 6214//6214 6217//6217
f 6229//6229 6214//6214 6219//6219
f 6228//6228 6214//6214 6229//6229
f 6227//6227 6214//6214 6228//6228
f 6226//6226 6214//6214 6227//6227
f 6225//6225 6214//6214 6226//6226
f 6224//6224 6214//6214 6225//6225
f 6223//6223 6214//6214 6224//6224
f 6222//6222 6214//6214 6223//6223
f 6213//6213 6235//6235 6234//6234
f 6213//6213 6236//6236 6235//6235
f 6213//6213 6233//6233 6236//6236
f 6213//6213 6238//6238 6237//6237
f 6213//6213 6239//6239 6238//6238
f 6213//6213 6234//6234 6239//6239
f 6213//6213 6241//6241 6240//6240
f 6213//6213 6242//6242 6241//6241
f 6213//6213 6237//6237 6242//6242
f 6213//6213 6244//6244 6243//6243
f 6213//6213 6245//6245 6244//6244
f 6213//6213 6240//6240 6245//6245
f 6211//6211 6212//6212 6213//6213
f 6209//6209 6211//6211 6243//6243
f 6243//6243 6211//6211 6213//6213
f 6209//6209 6243//6243 6246//6246
f 6209//6209 6246//6246 6247//6247
f 6209//6209 6247//6247 6216//6216
f 6213//6213 6214//6214 6220//6220
f 6220//6220 6214//6214 6221//6221
f 6221//6221 6214//6214 6222//6222
f 6213//6213 6220//6220 6230//6230
f 6213//6213 6230//6230 6231//6231
f 6213//6213 6231//6231 6232//6232
f 6213//6213 6232//6232 6233//6233
f 6215//6215 6216//6216 6257//6257
f 6215//6215 6257//6257 6258//6258
f 6215//6215 6258//6258 6259//6259
f 6215//6215 6259//6259 6260//6260
f 6215//6215 6260//6260 6261//6261
f 6215//6215 6261//6261 6264//6264
f 6215//6215 6264//6264 6263//6263
f 6215//6215 6263//6263 6262//6262
v 361.778717 341.770538 1591.219360
v 347.000000 341.770538 1591.219360
v 361.833130 341.688629 1590.913696
v 361.910034 341.637695 1590.723633
v 362.000031 341.619873 1590.656982
v 395.999969 341.620819 1590.660522
v 396.132050 341.660675 1590.809326
v 396.185608 341.709747 1590.992432
v 396.221283 341.770538 1591.219360
v 411.000000 341.770538 1591.219360
v 411.000000 354.711517 1639.515625
v 444.000000 354.711517 1639.515625
v 444.000000 339.700012 1583.491943
v 314.000000 339.700012 1583.491943
v 314.000000 354.711517 1639.515625
v 347.000000 354.711517 1639.515625
vn -0.000000 0.965926 -0.258819
vn -0.000000 0.965926 -0.258819
vn -0.000000 0.965926 -0.258819
vn -0.000000 0.965926 -0.258819
vn -0.000000 0.965926 -0.258819
vn -0.000000 0.965926 -0.258819
vn -0.000000 0.965926 -0.258819
vn -0.000000 0.965926 -0.258819
vn -0.000000 0.965926 -0.258819
vn -0.000000 0.965926 -0.258819
vn -0.000000 0.965926 -0.258819
vn -0.000000 0.965926 -0.258819
vn -0.000000 0.965926 -0.258819
vn -0.000000 0.965926 -0.258819
vn -0.000000 0.965926 -0.258819
vn -0.000000 0.965926 -0.258819
f 6278//6278 6287//6287 6275//6275
f 6278//6278 6275//6275 6277//6277
f 6276//6276 6277//6277 6275//6275
f 6274//6274 6276//6276 6275//6275
f 6288//6288 6275//6275 6287//6287
f 6289//6289 6275//6275 6288//6288
f 6283//6283 6279//6279 6280//6280
f 6283//6283 6280//6280 6281//6281
f 6283//6283 6281//6281 6282//6282
f 6286//6286 6279//6279 6283//6283
f 6285//6285 6283//6283 6284//6284
f 6285//6285 6286//6286 6283//6283
f 6286//6286 6287//6287 6278//6278
f 6286//6286 6278//6278 6279//6279
v 476.000000 317.500000 1434.447021
v 476.000000 309.336151 1434.447021
v 476.877441 317.500000 1434.523804
v 477.728241 317.500000 1434.751709
v 478.526489 317.500000 1435.124023
v 479.248016 317.500000 1435.629150
v 479.870819 317.500000 1436.251953
v 480.376038 317.500000 1436.973511
v 480.748260 317.500000 1437.771729
v 480.976227 317.500000 1438.622559
v 481.053009 317.500000 1439.500000
v 480.976227 317.500000 1440.377441
v 480.748260 317.500000 1441.228271
v 480.376038 317.500000 1442.026489
v 479.870819 317.500000 1442.748047
v 479.248016 317.500000 1443.370850
v 478.526489 317.500000 1443.875977
v 477.728241 317.500000 1444.248291
v 476.877441 317.500000 1444.476196
v 476.000000 317.500000 1444.552979
v 476.000000 309.336151 1444.552979
v 481.053009 309.336151 1439.500000
v 480.978729 309.336151 1440.363770
v 480.757874 309.336151 1441.202026
v 480.396851 309.336151 1441.990112
v 479.906433 309.336151 1442.704956
v 479.301147 309.336151 1443.325439
v 478.598785 309.336151 1443.833496
v 477.819946 309.336151 1444.213989
v 476.987457 309.336151 1444.455688
v 476.496124 309.336151 1444.528687
v 476.877441 309.336151 1434.523804
v 477.728241 309.336151 1434.751709
v 478.526489 309.336151 1435.124023
v 479.248016 309.336151 1435.629150
v 479.870819 309.336151 1436.251953
v 480.376038 309.336151 1436.973511
v 480.748260 309.336151 1437.771729
v 480.976227 309.336151 1438.622559
vn 0.000000 -0.000000 1.000000
vn 0.000000 -0.000000 1.000000
vn -0.173648 -0.000000 0.984808
vn -0.342020 -0.000000 0.939693
vn -0.500000 -0.000000 0.866025
vn -0.642788 -0.000000 0.766044
vn -0.766044 -0.000000 0.642788
vn -0.866025 -0.000000 0.500000
vn -0.939693 -0.000000 0.342020
vn -0.984808 -0.000000 0.173648
vn -1.000000 -0.000000 0.000000
vn -0.984808 -0.000000 -0.173648
vn -0.939693 -0.000000 -0.342020
vn -0.866025 -0.000000 -0.500000
vn -0.766044 -0.000000 -0.642788
vn -0.642788 -0.000000 -0.766044
vn -0.500000 -0.000000 -0.866025
vn -0.342020 -0.000000 -0.939693
vn -0.173648 -0.000000 -0.984808
vn -0.000000 -0.000000 -1.000000
vn -0.000000 -0.000000 -1.000000
vn -1.000000 -0.000000 0.000000
vn -0.985284 -0.000000 -0.170923
vn -0.941571 -0.000000 -0.336816
vn -0.870145 -0.000000 -0.492796
vn -0.773110 -0.000000 -0.634272
vn -0.653322 -0.000000 -0.757081
vn -0.514305 -0.000000 -0.857607
vn -0.360151 -0.000000 -0.932894
vn -0.195398 -0.000000 -0.980724
vn -0.098173 -0.000000 -0.995169
vn -0.173648 -0.000000 0.984808
vn -0.342020 -0.000000 0.939693
vn -0.500000 -0.000000 0.866025
vn -0.642788 -0.000000 0.766044
vn -0.766044 -0.000000 0.642788
vn -0.866025 -0.000000 0.500000
vn -0.939693 -0.000000 0.342020
vn -0.984808 -0.000000 0.173648
f 6291//6291 6292//6292 6290//6290
f 6321//6321 6292//6292 6291//6291
f 6322//6322 6293//6293 6292//6292
f 6322//6322 6292//6292 6321//6321
f 6323//6323 6294//6294 6293//6293
f 6323//6323 6293//6293 6322//6322
f 6324//6324 6295//6295 6294//6294
f 6324//6324 6294//6294 6323//6323
f 6325//6325 6296//6296 6295//6295
f 6325//6325 6295//6295 6324//6324
f 6326//6326 6297//6297 6296//6296
f 6326//6326 6298//6298 6297//6297
f 6326//6326 6296//6296 6325//6325
f 6327//6327 6298//6298 6326//6326
f 6328//6328 6299//6299 6298//6298
f 6328//6328 6300//6300 6299//6299
f 6328//6328 6298//6298 6327//6327
f 6311//6311 6300//6300 6328//6328
f 6312//6312 6301//6301 6300//6300
f 6312//6312 6300//6300 6311//6311
f 6313//6313 6302//6302 6301//6301
f 6313//6313 6301//6301 6312//6312
f 6314//6314 6303//6303 6302//6302
f 6314//6314 6302//6302 6313//6313
f 6315//6315 6304//6304 6303//6303
f 6315//6315 6303//6303 6314//6314
f 6316//6316 6305//6305 6304//6304
f 6316//6316 6304//6304 6315//6315
f 6317//6317 6305//6305 6316//6316
f 6317//6317 6306//6306 6305//6305
f 6318//6318 6306//6306 6317//6317
f 6318//6318 6307//6307 6306//6306
f 6319//6319 6307//6307 6318//6318
f 6319//6319 6308//6308 6307//6307
f 6320//6320 6308//6308 6319//6319
f 6320//6320 6309//6309 6308//6308
f 6310//6310 6309//6309 6320//6320
v 476.000000 317.500000 1444.552979
v 476.000000 309.336151 1444.552979
v 475.122559 317.500000 1444.476196
v 474.271759 317.500000 1444.248291
v 473.473511 317.500000 1443.875977
v 472.751984 317.500000 1443.370850
v 472.129181 317.500000 1442.748047
v 471.623962 317.500000 1442.026489
v 471.251740 317.500000 1441.228271
v 471.023773 317.500000 1440.377441
v 470.946991 317.500000 1439.500000
v 471.023773 317.500000 1438.622559
v 471.251740 317.500000 1437.771729
v 471.623962 317.500000 1436.973511
v 472.129181 317.500000 1436.251953
v 472.751984 317.500000 1435.629150
v 473.473511 317.500000 1435.124023
v 474.271759 317.500000 1434.751709
v 475.122559 317.500000 1434.523804
v 476.000000 317.500000 1434.447021
v 476.000000 309.336151 1434.447021
v 470.946991 309.336151 1439.500000
v 471.023773 309.336151 1438.622559
v 471.251740 309.336151 1437.771729
v 471.623962 309.336151 1436.973511
v 472.129181 309.336151 1436.251953
v 472.751984 309.336151 1435.629150
v 473.473511 309.336151 1435.124023
v 474.271759 309.336151 1434.751709
v 475.122559 309.336151 1434.523804
v 475.122559 309.336151 1444.476196
v 474.271759 309.336151 1444.248291
v 473.473511 309.336151 1443.875977
v 472.751984 309.336151 1443.370850
v 472.129181 309.336151 1442.748047
v 471.623962 309.336151 1442.026489
v 471.251740 309.336151 1441.228271
v 471.023773 309.336151 1440.377441
vn -0.000000 -0.000000 -1.000000
vn -0.000000 -0.000000 -1.000000
vn 0.173648 -0.000000 -0.984808
vn 0.342020 -0.000000 -0.939693
vn 0.500000 -0.000000 -0.866025
vn 0.642788 -0.000000 -0.766044
vn 0.766044 -0.000000 -0.642788
vn 0.866025 -0.000000 -0.500000
vn 0.939693 -0.000000 -0.342020
vn 0.984808 -0.000000 -0.173648
vn 1.000000 -0.000000 -0.000000
vn 0.984808 0.000000 0.173648
vn 0.939693 0.000000 0.342020
vn 0.866025 0.000000 0.500000
vn 0.766044 0.000000 0.642788
vn 0.642788 0.000000 0.766044
vn 0.500000 0.000000 0.866025
vn 0.342020 0.000000 0.939693
vn 0.173648 0.000000 0.984808
vn 0.000000 0.000000 1.000000
vn 0.000000 0.000000 1.000000
vn 1.000000 -0.000000 -0.000000
vn 0.984808 0.000000 0.173648
vn 0.939693 0.000000 0.342020
vn 0.866025 0.000000 0.500000
vn 0.766044 0.000000 0.642788
vn 0.642788 0.000000 0.766044
vn 0.500000 0.000000 0.866025
vn 0.342020 0.000000 0.939693
vn 0.173648 0.000000 0.984808
vn 0.173648 -0.000000 -0.984808
vn 0.342020 -0.000000 -0.939693
vn 0.500000 -0.000000 -0.866025
vn 0.642788 -0.000000 -0.766044
vn 0.766044 -0.000000 -0.642788
vn 0.866025 -0.000000 -0.500000
vn 0.939693 -0.000000 -0.342020
vn 0.984808 -0.000000 -0.173648
f 6359//6359 6329//6329 6330//6330
f 6359//6359 6331//6331 6329//6329
f 6360//6360 6332//6332 6331//6331
f 6360//6360 6331//6331 6359//6359
f 6361//6361 6333//6333 6332//6332
f 6361//6361 6332//6332 6360//6360
f 6362//6362 6334//6334 6333//6333
f 6362//6362 6333//6333 6361//6361
f 6363//6363 6335//6335 6334//6334
f 6363//6363 6334//6334 6362//6362
f 6364//6364 6336//6336 6335//6335
f 6364//6364 6335//6335 6363//6363
f 6365//6365 6337//6337 6336//6336
f 6365//6365 6336//6336 6364//6364
f 6366//6366 6338//6338 6337//6337
f 6366//6366 6337//6337 6365//6365
f 6350//6350 6339//6339 6338//6338
f 6350//6350 6338//6338 6366//6366
f 6351//6351 6340//6340 6339//6339
f 6351//6351 6341//6341 6340//6340
f 6351//6351 6339//6339 6350//6350
f 6352//6352 6341//6341 6351//6351
f 6353//6353 6342//6342 6341//6341
f 6353//6353 6343//6343 6342//6342
f 6353//6353 6341//6341 6352//6352
f 6354//6354 6344//6344 6343//6343
f 6354//6354 6343//6343 6353//6353
f 6355//6355 6344//6344 6354//6354
f 6356//6356 6344//6344 6355//6355
f 6356//6356 6345//6345 6344//6344
f 6356//6356 6346//6346 6345//6345
f 6357//6357 6346//6346 6356//6356
f 6357//6357 6347//6347 6346//6346
f 6358//6358 6348//6348 6347//6347
f 6358//6358 6347//6347 6357//6357
f 6349//6349 6348//6348 6358//6358
v 476.000000 317.500000 989.947021
v 476.000000 309.336151 989.947021
v 476.877441 317.500000 990.023743
v 477.728241 317.500000 990.251709
v 478.526489 317.500000 990.623962
v 479.248016 317.500000 991.129150
v 479.870819 317.500000 991.752014
v 480.376038 317.500000 992.473511
v 480.748260 317.500000 993.271790
v 480.976227 317.500000 994.122559
v 481.053009 317.500000 995.000000
v 480.976227 317.500000 995.877441
v 480.748260 317.500000 996.728210
v 480.376038 317.500000 997.526489
v 479.870819 317.500000 998.247986
v 479.248016 317.500000 998.870850
v 478.526489 317.500000 999.376038
v 477.728241 317.500000 999.748291
v 476.877441 317.500000 999.976257
v 476.000000 317.500000 1000.052979
v 476.000000 309.336151 1000.052979
v 481.053009 309.336151 995.000000
v 480.976227 309.336151 995.877441
v 480.748260 309.336151 996.728210
v 480.376038 309.336151 997.526489
v 479.870819 309.336151 998.247986
v 479.248016 309.336151 998.870850
v 478.526489 309.336151 999.376038
v 477.728241 309.336151 999.748291
v 476.877441 309.336151 999.976257
v 476.877441 309.336151 990.023743
v 477.728241 309.336151 990.251709
v 478.526489 309.336151 990.623962
v 479.248016 309.336151 991.129150
v 479.870819 309.336151 991.752014
v 480.376038 309.336151 992.473511
v 480.748260 309.336151 993.271790
v 480.976227 309.336151 994.122559
vn 0.000000 -0.000000 1.000000
vn 0.000000 -0.000000 1.000000
vn -0.173648 -0.000000 0.984808
vn -0.342020 -0.000000 0.939693
vn -0.500000 -0.000000 0.866025
vn -0.642788 -0.000000 0.766044
vn -0.766044 -0.000000 0.642788
vn -0.866025 -0.000000 0.500000
vn -0.939693 -0.000000 0.342020
vn -0.984808 -0.000000 0.173648
vn -1.000000 -0.000000 0.000000
vn -0.984808 -0.000000 -0.173648
vn -0.939693 -0.000000 -0.342020
vn -0.866025 -0.000000 -0.500000
vn -0.766044 -0.000000 -0.642788
vn -0.642788 -0.000000 -0.766044
vn -0.500000 -0.000000 -0.866025
vn -0.342020 -0.000000 -0.939693
vn -0.173648 -0.000000 -0.984808
vn -0.000000 -0.000000 -1.000000
vn -0.000000 -0.000000 -1.000000
vn -1.000000 -0.000000 0.000000
vn -0.984808 -0.000000 -0.173648
vn -0.939693 -0.000000 -0.342020
vn -0.866025 -0.000000 -0.500000
vn -0.766044 -0.000000 -0.642788
vn -0.642788 -0.000000 -0.766044
vn -0.500000 -0.000000 -0.866025
vn -0.342020 -0.000000 -0.939693
vn -0.173648 -0.000000 -0.984808
vn -0.173648 -0.000000 0.984808
vn -0.342020 -0.000000 0.939693
vn -0.500000 -0.000000 0.866025
vn -0.642788 -0.000000 0.766044
vn -0.766044 -0.000000 0.642788
vn -0.866025 -0.000000 0.500000
vn -0.939693 -0.000000 0.342020
vn -0.984808 -0.000000 0.173648
f 6368//6368 6369//6369 6367//6367
f 6397//6397 6369//6369 6368//6368
f 6398//6398 6370//6370 6369//6369
f 6398//6398 6369//6369 6397//6397
f 6399//6399 6371//6371 6370//6370
f 6399//6399 6370//6370 6398//6398
f 6400//6400 6372//6372 6371//6371
f 6400//6400 6371//6371 6399//6399
f 6401//6401 6373//6373 6372//6372
f 6401//6401 6372//6372 6400//6400
f 6402//6402 6374//6374 6373//6373
f 6402//6402 6375//6375 6374//6374
f 6402//6402 6373//6373 6401//6401
f 6403//6403 6375//6375 6402//6402
f 6404//6404 6376//6376 6375//6375
f 6404//6404 6377//6377 6376//6376
f 6404//6404 6375//6375 6403//6403
f 6388//6388 6377//6377 6404//6404
f 6389//6389 6378//6378 6377//6377
f 6389//6389 6377//6377 6388//6388
f 6390//6390 6379//6379 6378//6378
f 6390//6390 6378//6378 6389//6389
f 6391//6391 6380//6380 6379//6379
f 6391//6391 6381//6381 6380//6380
f 6391//6391 6379//6379 6390//6390
f 6392//6392 6382//6382 6381//6381
f 6392//6392 6381//6381 6391//6391
f 6393//6393 6382//6382 6392//6392
f 6394//6394 6382//6382 6393//6393
f 6394//6394 6383//6383 6382//6382
f 6394//6394 6384//6384 6383//6383
f 6395//6395 6384//6384 6394//6394
f 6395//6395 6385//6385 6384//6384
f 6396//6396 6386//6386 6385//6385
f 6396//6396 6385//6385 6395//6395
f 6387//6387 6386//6386 6396//6396
v 476.000000 317.500000 1000.052979
v 476.000000 309.336151 1000.052979
v 475.122559 317.500000 999.976257
v 474.271759 317.500000 999.748291
v 473.473511 317.500000 999.376038
v 472.751984 317.500000 998.870850
v 472.129181 317.500000 998.247986
v 471.623962 317.500000 997.526489
v 471.251740 317.500000 996.728210
v 471.023773 317.500000 995.877441
v 470.946991 317.500000 995.000000
v 471.023773 317.500000 994.122559
v 471.251740 317.500000 993.271790
v 471.623962 317.500000 992.473511
v 472.129181 317.500000 991.752014
v 472.751984 317.500000 991.129150
v 473.473511 317.500000 990.623962
v 474.271759 317.500000 990.251709
v 475.122559 317.500000 990.023743
v 476.000000 317.500000 989.947021
v 476.000000 309.336151 989.947021
v 470.946991 309.336151 995.000000
v 471.021271 309.336151 994.136230
v 471.242126 309.336151 993.297974
v 471.603149 309.336151 992.509888
v 472.093567 309.336151 991.795105
v 472.698853 309.336151 991.174561
v 473.401215 309.336151 990.666504
v 474.180054 309.336151 990.285950
v 475.012543 309.336151 990.044312
v 475.503876 309.336151 989.971375
v 475.122559 309.336151 999.976257
v 474.271759 309.336151 999.748291
v 473.473511 309.336151 999.376038
v 472.751984 309.336151 998.870850
v 472.129181 309.336151 998.247986
v 471.623962 309.336151 997.526489
v 471.251740 309.336151 996.728210
v 471.023773 309.336151 995.877441
vn -0.000000 -0.000000 -1.000000
vn -0.000000 -0.000000 -1.000000
vn 0.173648 -0.000000 -0.984808
vn 0.342020 -0.000000 -0.939693
vn 0.500000 -0.000000 -0.866025
vn 0.642788 -0.000000 -0.766044
vn 0.766044 -0.000000 -0.642788
vn 0.866025 -0.000000 -0.500000
vn 0.939693 -0.000000 -0.342020
vn 0.984808 -0.000000 -0.173648
vn 1.000000 -0.000000 -0.000000
vn 0.984808 0.000000 0.173648
vn 0.939693 0.000000 0.342020
vn 0.866025 0.000000 0.500000
vn 0.766044 0.000000 0.642788
vn 0.642788 0.000000 0.766044
vn 0.500000 0.000000 0.866025
vn 0.342020 0.000000 0.939693
vn 0.173648 0.000000 0.984808
vn 0.000000 0.000000 1.000000
vn 0.000000 0.000000 1.000000
vn 1.000000 -0.000000 -0.000000
vn 0.985284 0.000000 0.170923
vn 0.941571 0.000000 0.336816
vn 0.870145 0.000000 0.492796
vn 0.773110 0.000000 0.634272
vn 0.653322 0.000000 0.757081
vn 0.514305 0.000000 0.857607
vn 0.360151 0.000000 0.932894
vn 0.195398 0.000000 0.980724
vn 0.098173 0.000000 0.995169
vn 0.173648 -0.000000 -0.984808
vn 0.342020 -0.000000 -0.939693
vn 0.500000 -0.000000 -0.866025
vn 0.642788 -0.000000 -0.766044
vn 0.766044 -0.000000 -0.642788
vn 0.866025 -0.000000 -0.500000
vn 0.939693 -0.000000 -0.342020
vn 0.984808 -0.000000 -0.173648
f 6436//6436 6405//6405 6406//6406
f 6436//6436 6407//6407 6405//6405
f 6437//6437 6408//6408 6407//6407
f 6437//6437 6407//6407 6436//6436
f 6438//6438 6409//6409 6408//6408
f 6438//6438 6408//6408 6437//6437
f 6439//6439 6410//6410 6409//6409
f 6439//6439 6409//6409 6438//6438
f 6440//6440 6411//6411 6410//6410
f 6440//6440 6410//6410 6439//6439
f 6441//6441 6412//6412 6411//6411
f 6441//6441 6411//6411 6440//6440
f 6442//6442 6413//6413 6412//6412
f 6442//6442 6412//6412 6441//6441
f 6443//6443 6414//6414 6413//6413
f 6443//6443 6413//6413 6442//6442
f 6426//6426 6415//6415 6414//6414
f 6426//6426 6414//6414 6443//6443
f 6427//6427 6416//6416 6415//6415
f 6427//6427 6415//6415 6426//6426
f 6428//6428 6417//6417 6416//6416
f 6428//6428 6416//6416 6427//6427
f 6429//6429 6418//6418 6417//6417
f 6429//6429 6417//6417 6428//6428
f 6430//6430 6419//6419 6418//6418
f 6430//6430 6418//6418 6429//6429
f 6431//6431 6420//6420 6419//6419
f 6431//6431 6419//6419 6430//6430
f 6432//6432 6420//6420 6431//6431
f 6432//6432 6421//6421 6420//6420
f 6433//6433 6421//6421 6432//6432
f 6433//6433 6422//6422 6421//6421
f 6434//6434 6422//6422 6433//6433
f 6434//6434 6423//6423 6422//6422
f 6435//6435 6423//6423 6434//6434
f 6435//6435 6424//6424 6423//6423
f 6425//6425 6424//6424 6435//6435
v 282.000000 317.500000 1434.447021
v 282.000000 309.336151 1434.447021
v 282.877441 317.500000 1434.523804
v 283.728241 317.500000 1434.751709
v 284.526489 317.500000 1435.124023
v 285.248016 317.500000 1435.629150
v 285.870819 317.500000 1436.251953
v 286.376038 317.500000 1436.973511
v 286.748260 317.500000 1437.771729
v 286.976227 317.500000 1438.622559
v 287.053009 317.500000 1439.500000
v 286.976227 317.500000 1440.377441
v 286.748260 317.500000 1441.228271
v 286.376038 317.500000 1442.026489
v 285.870819 317.500000 1442.748047
v 285.248016 317.500000 1443.370850
v 284.526489 317.500000 1443.875977
v 283.728241 317.500000 1444.248291
v 282.877441 317.500000 1444.476196
v 282.000000 317.500000 1444.552979
v 282.000000 309.336151 1444.552979
v 287.053009 309.336151 1439.500000
v 286.978729 309.336151 1440.363770
v 286.757874 309.336151 1441.202026
v 286.396851 309.336151 1441.990112
v 285.906433 309.336151 1442.704956
v 285.301147 309.336151 1443.325439
v 284.598785 309.336151 1443.833496
v 283.819946 309.336151 1444.213989
v 282.987457 309.336151 1444.455688
v 282.496124 309.336151 1444.528687
v 282.877441 309.336151 1434.523804
v 283.728241 309.336151 1434.751709
v 284.526489 309.336151 1435.124023
v 285.248016 309.336151 1435.629150
v 285.870819 309.336151 1436.251953
v 286.376038 309.336151 1436.973511
v 286.748260 309.336151 1437.771729
v 286.976227 309.336151 1438.622559
vn 0.000000 -0.000000 1.000000
vn 0.000000 -0.000000 1.000000
vn -0.173648 -0.000000 0.984808
vn -0.342020 -0.000000 0.939693
vn -0.500000 -0.000000 0.866025
vn -0.642788 -0.000000 0.766044
vn -0.766044 -0.000000 0.642788
vn -0.866025 -0.000000 0.500000
vn -0.939693 -0.000000 0.342020
vn -0.984808 -0.000000 0.173648
vn -1.000000 -0.000000 0.000000
vn -0.984808 -0.000000 -0.173648
vn -0.939693 -0.000000 -0.342020
vn -0.866025 -0.000000 -0.500000
vn -0.766044 -0.000000 -0.642788
vn -0.642788 -0.000000 -0.766044
vn -0.500000 -0.000000 -0.866025
vn -0.342020 -0.000000 -0.939693
vn -0.173648 -0.000000 -0.984808
vn -0.000000 -0.000000 -1.000000
vn -0.000000 -0.000000 -1.000000
vn -1.000000 -0.000000 0.000000
vn -0.985284 -0.000000 -0.170923
vn -0.941571 -0.000000 -0.336816
vn -0.870145 -0.000000 -0.492796
vn -0.773110 -0.000000 -0.634272
vn -0.653322 -0.000000 -0.757081
vn -0.514305 -0.000000 -0.857607
vn -0.360151 -0.000000 -0.932894
vn -0.195398 -0.000000 -0.980724
vn -0.098173 -0.000000 -0.995169
vn -0.173648 -0.000000 0.984808
vn -0.342020 -0.000000 0.939693
vn -0.500000 -0.000000 0.866025
vn -0.642788 -0.000000 0.766044
vn -0.766044 -0.000000 0.642788
vn -0.866025 -0.000000 0.500000
vn -0.939693 -0.000000 0.342020
vn -0.984808 -0.000000 0.173648
f 6445//6445 6446//6446 6444//6444
f 6475//6475 6446//6446 6445//6445
f 6476//6476 6447//6447 6446//6446
f 6476//6476 6446//6446 6475//6475
f 6477//6477 6448//6448 6447//6447
f 6477//6477 6447//6447 6476//6476
f 6478//6478 6449//6449 6448//6448
f 6478//6478 6448//6448 6477//6477
f 6479//6479 6450//6450 6449//6449
f 6479//6479 6449//6449 6478//6478
f 6480//6480 6451//6451 6450//6450
f 6480//6480 6452//6452 6451//6451
f 6480//6480 6450//6450 6479//6479
f 6481//6481 6452//6452 6480//6480
f 6482//6482 6453//6453 6452//6452
f 6482//6482 6454//6454 6453//6453
f 6482//6482 6452//6452 6481//6481
f 6465//6465 6454//6454 6482//6482
f 6466//6466 6455//6455 6454//6454
f 6466//6466 6454//6454 6465//6465
f 6467//6467 6456//6456 6455//6455
f 6467//6467 6455//6455 6466//6466
f 6468//6468 6457//6457 6456//6456
f 6468//6468 6456//6456 6467//6467
f 6469//6469 6458//6458 6457//6457
f 6469//6469 6457//6457 6468//6468
f 6470//6470 6459//6459 6458//6458
f 6470//6470 6458//6458 6469//6469
f 6471//6471 6459//6459 6470//6470
f 6471//6471 6460//6460 6459//6459
f 6472//6472 6460//6460 6471//6471
f 6472//6472 6461//6461 6460//6460
f 6473//6473 6461//6461 6472//6472
f 6473//6473 6462//6462 6461//6461
f 6474//6474 6462//6462 6473//6473
f 6474//6474 6463//6463 6462//6462
f 6464//6464 6463//6463 6474//6474
v 282.000000 317.500000 1444.552979
v 282.000000 309.336151 1444.552979
v 281.122559 317.500000 1444.476196
v 280.271759 317.500000 1444.248291
v 279.473511 317.500000 1443.875977
v 278.751984 317.500000 1443.370850
v 278.129181 317.500000 1442.748047
v 277.623962 317.500000 1442.026489
v 277.251740 317.500000 1441.228271
v 277.023773 317.500000 1440.377441
v 276.946991 317.500000 1439.500000
v 277.023773 317.500000 1438.622559
v 277.251740 317.500000 1437.771729
v 277.623962 317.500000 1436.973511
v 278.129181 317.500000 1436.251953
v 278.751984 317.500000 1435.629150
v 279.473511 317.500000 1435.124023
v 280.271759 317.500000 1434.751709
v 281.122559 317.500000 1434.523804
v 282.000000 317.500000 1434.447021
v 282.000000 309.336151 1434.447021
v 276.946991 309.336151 1439.500000
v 277.023773 309.336151 1438.622559
v 277.251740 309.336151 1437.771729
v 277.623962 309.336151 1436.973511
v 278.129181 309.336151 1436.251953
v 278.751984 309.336151 1435.629150
v 279.473511 309.336151 1435.124023
v 280.271759 309.336151 1434.751709
v 281.122559 309.336151 1434.523804
v 281.122559 309.336151 1444.476196
v 280.271759 309.336151 1444.248291
v 279.473511 309.336151 1443.875977
v 278.751984 309.336151 1443.370850
v 278.129181 309.336151 1442.748047
v 277.623962 309.336151 1442.026489
v 277.251740 309.336151 1441.228271
v 277.023773 309.336151 1440.377441
vn -0.000000 -0.000000 -1.000000
vn -0.000000 -0.000000 -1.000000
vn 0.173648 -0.000000 -0.984808
vn 0.342020 -0.000000 -0.939693
vn 0.500000 -0.000000 -0.866025
vn 0.642788 -0.000000 -0.766044
vn 0.766044 -0.000000 -0.642788
vn 0.866025 -0.000000 -0.500000
vn 0.939693 -0.000000 -0.342020
vn 0.984808 -0.000000 -0.173648
vn 1.000000 -0.000000 -0.000000
vn 0.984808 0.000000 0.173648
vn 0.939693 0.000000 0.342020
vn 0.866025 0.000000 0.500000
vn 0.766044 0.000000 0.642788
vn 0.642788 0.000000 0.766044
vn 0.500000 0.000000 0.866025
vn 0.342020 0.000000 0.939693
vn 0.173648 0.000000 0.984808
vn 0.000000 0.000000 1.000000
vn 0.000000 0.000000 1.000000
vn 1.000000 -0.000000 -0.000000
vn 0.984808 0.000000 0.173648
vn 0.939693 0.000000 0.342020
vn 0.866025 0.000000 0.500000
vn 0.766044 0.000000 0.642788
vn 0.642788 0.000000 0.766044
vn 0.500000 0.000000 0.866025
vn 0.342020 0.000000 0.939693
vn 0.173648 0.000000 0.984808
vn 0.173648 -0.000000 -0.984808
vn 0.342020 -0.000000 -0.939693
vn 0.500000 -0.000000 -0.866025
vn 0.642788 -0.000000 -0.766044
vn 0.766044 -0.000000 -0.642788
vn 0.866025 -0.000000 -0.500000
vn 0.939693 -0.000000 -0.342020
vn 0.984808 -0.000000 -0.173648
f 6513//6513 6483//6483 6484//6484
f 6513//6513 6485//6485 6483//6483
f 6514//6514 6486//6486 6485//6485
f 6514//6514 6485//6485 6513//6513
f 6515//6515 6487//6487 6486//6486
f 6515//6515 6486//6486 6514//6514
f 6516//6516 6488//6488 6487//6487
f 6516//6516 6487//6487 6515//6515
f 6517//6517 6489//6489 6488//6488
f 6517//6517 6488//6488 6516//6516
f 6518//6518 6490//6490 6489//6489
f 6518//6518 6489//6489 6517//6517
f 6519//6519 6491//6491 6490//6490
f 6519//6519 6490//6490 6518//6518
f 6520//6520 6492//6492 6491//6491
f 6520//6520 6491//6491 6519//6519
f 6504//6504 6493//6493 6492//6492
f 6504//6504 6492//6492 6520//6520
f 6505//6505 6494//6494 6493//6493
f 6505//6505 6495//6495 6494//6494
f 6505//6505 6493//6493 6504//6504
f 6506//6506 6495//6495 6505//6505
f 6507//6507 6496//6496 6495//6495
f 6507//6507 6497//6497 6496//6496
f 6507//6507 6495//6495 6506//6506
f 6508//6508 6498//6498 6497//6497
f 6508//6508 6497//6497 6507//6507
f 6509//6509 6498//6498 6508//6508
f 6510//6510 6498//6498 6509//6509
f 6510//6510 6499//6499 6498//6498
f 6510//6510 6500//6500 6499//6499
f 6511//6511 6500//6500 6510//6510
f 6511//6511 6501//6501 6500//6500
f 6512//6512 6502//6502 6501//6501
f 6512//6512 6501//6501 6511//6511
f 6503//6503 6502//6502 6512//6512
v 483.345490 236.000000 670.009216
v 483.345490 229.000000 670.009216
v 498.288422 229.000000 653.701904
v 498.299255 229.000000 656.186096
v 497.899933 229.000000 658.638062
v 497.101379 229.000000 660.990479
v 495.925537 229.000000 663.178772
v 494.404663 229.000000 665.143066
v 492.580414 229.000000 666.829346
v 490.502869 229.000000 668.191467
v 488.229004 229.000000 669.192017
v 485.821198 229.000000 669.803467
v 483.345490 229.000000 640.009216
v 485.806854 229.000000 640.212524
v 488.201508 229.000000 640.817017
v 490.464508 229.000000 641.806213
v 492.534485 229.000000 643.153320
v 494.355377 229.000000 644.821838
v 495.877808 229.000000 646.766602
v 497.060486 229.000000 648.934753
v 497.871338 229.000000 651.267578
v 483.345490 236.000000 640.009216
v 485.950226 236.000000 640.237122
v 488.475800 236.000000 640.913818
v 490.845490 236.000000 642.018860
v 492.987305 236.000000 643.518555
v 494.836151 236.000000 645.367371
v 496.335876 236.000000 647.509216
v 497.440887 236.000000 649.878906
v 498.117615 236.000000 652.404480
v 498.345490 236.000000 655.009216
v 498.117615 236.000000 657.613953
v 497.440887 236.000000 660.139526
v 496.335876 236.000000 662.509216
v 494.836151 236.000000 664.651001
v 492.987305 236.000000 666.499878
v 490.845490 236.000000 667.999573
v 488.475800 236.000000 669.104614
v 485.950226 236.000000 669.781311
vn 0.000000 0.000000 1.000000
vn -0.000000 0.000000 1.000000
vn 0.996195 0.000000 -0.087156
vn 0.996917 0.000000 0.078459
vn 0.970296 0.000000 0.241922
vn 0.917060 0.000000 0.398749
vn 0.838671 0.000000 0.544639
vn 0.737277 0.000000 0.675590
vn 0.615662 0.000000 0.788011
vn 0.477159 0.000000 0.878817
vn 0.325568 0.000000 0.945519
vn 0.165048 0.000000 0.986286
vn 0.000000 0.000000 -1.000000
vn 0.164091 0.000000 -0.986445
vn 0.323734 0.000000 -0.946148
vn 0.474600 0.000000 -0.880201
vn 0.612601 0.000000 -0.790393
vn 0.733993 0.000000 -0.679157
vn 0.835488 0.000000 -0.549509
vn 0.914333 0.000000 -0.404964
vn 0.968390 0.000000 -0.249441
vn 0.000000 0.000000 -1.000000
vn 0.173648 0.000000 -0.984808
vn 0.342020 0.000000 -0.939693
vn 0.500000 0.000000 -0.866025
vn 0.642788 0.000000 -0.766044
vn 0.766044 0.000000 -0.642788
vn 0.866025 0.000000 -0.500000
vn 0.939693 0.000000 -0.342020
vn 0.984808 0.000000 -0.173648
vn 1.000000 0.000000 -0.000000
vn 0.984808 0.000000 0.173648
vn 0.939693 0.000000 0.342020
vn 0.866025 0.000000 0.500000
vn 0.766044 0.000000 0.642788
vn 0.642788 0.000000 0.766044
vn 0.500000 0.000000 0.866025
vn 0.342020 0.000000 0.939693
vn 0.173648 0.000000 0.984808
f 6534//6534 6533//6533 6542//6542
f 6534//6534 6542//6542 6543//6543
f 6535//6535 6543//6543 6544//6544
f 6535//6535 6534//6534 6543//6543
f 6536//6536 6544//6544 6545//6545
f 6536//6536 6535//6535 6544//6544
f 6537//6537 6545//6545 6546//6546
f 6537//6537 6536//6536 6545//6545
f 6538//6538 6546//6546 6547//6547
f 6538//6538 6537//6537 6546//6546
f 6539//6539 6547//6547 6548//6548
f 6539//6539 6538//6538 6547//6547
f 6540//6540 6548//6548 6549//6549
f 6540//6540 6539//6539 6548//6548
f 6541//6541 6549//6549 6550//6550
f 6541//6541 6540//6540 6549//6549
f 6523//6523 6550//6550 6551//6551
f 6523//6523 6541//6541 6550//6550
f 6524//6524 6551//6551 6552//6552
f 6524//6524 6523//6523 6551//6551
f 6525//6525 6552//6552 6553//6553
f 6525//6525 6524//6524 6552//6552
f 6526//6526 6553//6553 6554//6554
f 6526//6526 6525//6525 6553//6553
f 6527//6527 6554//6554 6555//6555
f 6527//6527 6526//6526 6554//6554
f 6528//6528 6555//6555 6556//6556
f 6528//6528 6527//6527 6555//6555
f 6529//6529 6528//6528 6556//6556
f 6529//6529 6556//6556 6557//6557
f 6530//6530 6529//6529 6557//6557
f 6530//6530 6557//6557 6558//6558
f 6531//6531 6530//6530 6558//6558
f 6531//6531 6558//6558 6559//6559
f 6532//6532 6531//6531 6559//6559
f 6532//6532 6559//6559 6521//6521
f 6522//6522 6532//6532 6521//6521
v 483.345490 236.000000 640.009216
v 483.345490 229.000000 640.009216
v 476.571869 229.000000 641.625732
v 478.736023 229.000000 640.734985
v 481.012360 229.000000 640.191772
v 476.571869 192.000000 641.625732
v 468.377533 192.000000 654.029236
v 468.769012 192.000000 651.469971
v 469.594727 192.000000 649.016174
v 470.830078 192.000000 646.740967
v 472.438263 192.000000 644.711975
v 474.371399 192.000000 642.989807
v 468.377533 229.000000 654.029236
v 483.345490 229.000000 670.009216
v 480.902161 229.000000 669.808899
v 478.524109 229.000000 669.213257
v 476.274811 229.000000 668.238159
v 474.214386 229.000000 666.909790
v 472.397888 229.000000 665.263489
v 470.873779 229.000000 663.343262
v 469.682831 229.000000 661.200500
v 468.856812 229.000000 658.892334
v 468.417816 229.000000 656.480408
v 483.345490 236.000000 670.009216
v 480.740753 236.000000 669.781311
v 478.215179 236.000000 669.104614
v 475.845490 236.000000 667.999573
v 473.703674 236.000000 666.499878
v 471.854828 236.000000 664.651001
v 470.355103 236.000000 662.509216
v 469.250092 236.000000 660.139526
v 468.573364 236.000000 657.613953
v 468.345490 236.000000 655.009216
v 468.573364 236.000000 652.404480
v 469.250092 236.000000 649.878906
v 470.355103 236.000000 647.509216
v 471.854828 236.000000 645.367371
v 473.703674 236.000000 643.518555
v 475.845490 236.000000 642.018860
v 478.215179 236.000000 640.913818
v 480.740753 236.000000 640.237122
vn -0.000000 -0.000000 -1.000000
vn 0.000000 0.000000 -1.000000
vn -0.451575 -0.000000 -0.892233
vn -0.307299 -0.000000 -0.951613
vn -0.155542 -0.000000 -0.987829
vn -0.451575 -0.000000 -0.892233
vn -0.997863 -0.000000 -0.065334
vn -0.971766 -0.000000 -0.235949
vn -0.916718 -0.000000 -0.399535
vn -0.834361 -0.000000 -0.551218
vn -0.727148 -0.000000 -0.686481
vn -0.598273 -0.000000 -0.801292
vn -0.997863 -0.000000 -0.065334
vn 0.000000 0.000000 1.000000
vn -0.162889 0.000000 0.986644
vn -0.321426 0.000000 0.946935
vn -0.471378 0.000000 0.881931
vn -0.608739 0.000000 0.793370
vn -0.729840 0.000000 0.683618
vn -0.831446 0.000000 0.555605
vn -0.910844 0.000000 0.412751
vn -0.965911 0.000000 0.258873
vn -0.995179 0.000000 0.098079
vn 0.000000 0.000000 1.000000
vn -0.173648 0.000000 0.984808
vn -0.342020 0.000000 0.939693
vn -0.500000 0.000000 0.866025
vn -0.642788 0.000000 0.766044
vn -0.766044 0.000000 0.642788
vn -0.866025 0.000000 0.500000
vn -0.939693 0.000000 0.342020
vn -0.984808 0.000000 0.173648
vn -1.000000 0.000000 0.000000
vn -0.984808 -0.000000 -0.173648
vn -0.939693 -0.000000 -0.342020
vn -0.866025 -0.000000 -0.500000
vn -0.766044 -0.000000 -0.642788
vn -0.642788 -0.000000 -0.766044
vn -0.500000 -0.000000 -0.866025
vn -0.342020 -0.000000 -0.939693
vn -0.173648 -0.000000 -0.984808
f 6574//6574 6573//6573 6583//6583
f 6574//6574 6583//6583 6584//6584
f 6575//6575 6584//6584 6585//6585
f 6575//6575 6574//6574 6584//6584
f 6576//6576 6585//6585 6586//6586
f 6576//6576 6575//6575 6585//6585
f 6577//6577 6586//6586 6587//6587
f 6577//6577 6576//6576 6586//6586
f 6578//6578 6587//6587 6588//6588
f 6578//6578 6577//6577 6587//6587
f 6579//6579 6578//6578 6588//6588
f 6589//6589 6579//6579 6588//6588
f 6580//6580 6579//6579 6589//6589
f 6590//6590 6580//6580 6589//6589
f 6581//6581 6580//6580 6590//6590
f 6591//6591 6581//6581 6590//6590
f 6582//6582 6581//6581 6591//6591
f 6592//6592 6582//6582 6591//6591
f 6572//6572 6582//6582 6592//6592
f 6593//6593 6572//6572 6592//6592
f 6567//6567 6566//6566 6572//6572
f 6567//6567 6593//6593 6594//6594
f 6567//6567 6572//6572 6593//6593
f 6568//6568 6594//6594 6595//6595
f 6568//6568 6567//6567 6594//6594
f 6569//6569 6595//6595 6596//6596
f 6569//6569 6568//6568 6595//6595
f 6570//6570 6569//6569 6596//6596
f 6570//6570 6596//6596 6597//6597
f 6562//6562 6597//6597 6598//6598
f 6599//6599 6562//6562 6598//6598
f 6571//6571 6570//6570 6597//6597
f 6571//6571 6597//6597 6562//6562
f 6563//6563 6562//6562 6599//6599
f 6600//6600 6563//6563 6599//6599
f 6565//6565 6571//6571 6562//6562
f 6564//6564 6563//6563 6600//6600
f 6560//6560 6564//6564 6600//6600
f 6561//6561 6564//6564 6560//6560
v 312.000000 192.000000 503.000000
v 312.000000 229.000000 503.000000
v 476.571869 229.000000 641.625732
v 469.602173 229.000000 614.768738
v 458.281342 229.000000 589.434937
v 444.433563 229.000000 568.263306
v 429.151764 229.000000 550.985718
v 411.634155 229.000000 535.977661
v 392.216980 229.000000 523.527344
v 371.269653 229.000000 513.871643
v 349.189972 229.000000 507.193878
v 330.712372 229.000000 504.051727
v 476.571869 192.000000 641.625732
v 337.874268 192.000000 505.016602
v 363.123657 192.000000 511.017700
v 387.138367 192.000000 520.858398
v 409.338409 192.000000 534.300964
v 429.187653 192.000000 551.020813
v 446.206696 192.000000 570.614075
v 459.984528 192.000000 592.607605
v 470.188385 192.000000 616.470276
vn -0.000000 -0.000000 1.000000
vn -0.000000 -0.000000 1.000000
vn -0.985460 -0.000000 0.169906
vn -0.943726 -0.000000 0.330729
vn -0.875939 -0.000000 0.482422
vn -0.793014 -0.000000 0.609203
vn -0.701506 -0.000000 0.712663
vn -0.596615 -0.000000 0.802527
vn -0.480342 -0.000000 0.877081
vn -0.354905 -0.000000 0.934902
vn -0.222697 -0.000000 0.974888
vn -0.112054 -0.000000 0.993702
vn -0.985460 -0.000000 0.169906
vn -0.154936 -0.000000 0.987925
vn -0.306130 -0.000000 0.951990
vn -0.449930 -0.000000 0.893064
vn -0.582865 -0.000000 0.812569
vn -0.701722 -0.000000 0.712450
vn -0.803633 -0.000000 0.595125
vn -0.886135 -0.000000 0.463427
vn -0.947236 -0.000000 0.320537
f 6603//6603 6621//6621 6613//6613
f 6604//6604 6620//6620 6621//6621
f 6604//6604 6621//6621 6603//6603
f 6605//6605 6619//6619 6620//6620
f 6605//6605 6620//6620 6604//6604
f 6606//6606 6618//6618 6619//6619
f 6606//6606 6619//6619 6605//6605
f 6607//6607 6618//6618 6606//6606
f 6608//6608 6617//6617 6618//6618
f 6608//6608 6618//6618 6607//6607
f 6609//6609 6616//6616 6617//6617
f 6609//6609 6617//6617 6608//6608
f 6610//6610 6615//6615 6616//6616
f 6610//6610 6616//6616 6609//6609
f 6611//6611 6614//6614 6615//6615
f 6611//6611 6615//6615 6610//6610
f 6612//6612 6601//6601 6614//6614
f 6612//6612 6614//6614 6611//6611
f 6602//6602 6601//6601 6612//6612
v 135.041351 151.000000 735.458984
v 135.041351 227.000000 735.458984
v 150.564026 151.000000 729.716980
v 150.564026 227.000000 729.716980
vn -0.346936 0.000000 -0.937889
vn -0.346936 0.000000 -0.937889
vn -0.346936 0.000000 -0.937889
vn -0.346936 0.000000 -0.937889
f 6625//6625 6622//6622 6623//6623
f 6625//6625 6624//6624 6622//6622
v 150.564026 151.000000 729.716980
v 150.564026 227.000000 729.716980
v 162.485107 151.000000 584.718201
v 162.485107 227.000000 584.718201
vn -0.996637 0.000000 -0.081939
vn -0.996637 0.000000 -0.081939
vn -0.996637 0.000000 -0.081939
vn -0.996637 0.000000 -0.081939
f 6629//6629 6626//6626 6627//6627
f 6629//6629 6628//6628 6626//6626
v 162.485107 151.000000 584.718201
v 162.485107 227.000000 584.718201
v 148.108673 151.000000 576.518005
v 148.108673 227.000000 576.518005
vn -0.495459 -0.000000 0.868632
vn -0.495459 -0.000000 0.868632
vn -0.495459 -0.000000 0.868632
vn -0.495459 -0.000000 0.868632
f 6631//6631 6632//6632 6630//6630
f 6633//6633 6632//6632 6631//6631
usemtl mat_4
v 97.722961 151.000000 668.383240
v 97.722961 186.000000 668.383240
v 113.722961 151.000000 652.383240
v 113.525978 151.000000 654.886169
v 112.939865 151.000000 657.327515
v 111.979065 151.000000 659.647095
v 110.667236 151.000000 661.787781
v 109.036667 151.000000 663.696899
v 107.127525 151.000000 665.327515
v 104.986809 151.000000 666.639343
v 102.667236 151.000000 667.600098
v 100.225914 151.000000 668.186218
v 97.722961 151.000000 636.383240
v 100.501335 151.000000 636.626282
v 103.195282 151.000000 637.348145
v 105.722961 151.000000 638.526794
v 108.007561 151.000000 640.126526
v 109.979675 151.000000 642.098633
v 111.579369 151.000000 644.383240
v 112.758041 151.000000 646.910889
v 113.479889 151.000000 649.604858
v 97.722961 186.000000 636.383240
v 113.722961 186.000000 652.383240
v 113.479889 186.000000 649.604858
v 112.758041 186.000000 646.910889
v 111.579369 186.000000 644.383240
v 109.979675 186.000000 642.098633
v 108.007561 186.000000 640.126526
v 105.722961 186.000000 638.526794
v 103.195282 186.000000 637.348145
v 100.501335 186.000000 636.626282
v 100.501335 186.000000 668.140137
v 103.195282 186.000000 667.418274
v 105.722961 186.000000 666.239624
v 108.007561 186.000000 664.639954
v 109.979675 186.000000 662.667847
v 111.579369 186.000000 660.383240
v 112.758041 186.000000 657.855530
v 113.479889 186.000000 655.161621
vn -0.000000 0.000000 1.000000
vn 0.000000 -0.000000 1.000000
vn 1.000000 -0.000000 0.000000
vn 0.987688 -0.000000 0.156434
vn 0.951057 -0.000000 0.309017
vn 0.891007 -0.000000 0.453990
vn 0.809017 -0.000000 0.587785
vn 0.707107 -0.000000 0.707107
vn 0.587785 -0.000000 0.809017
vn 0.453990 -0.000000 0.891007
vn 0.309017 -0.000000 0.951057
vn 0.156434 -0.000000 0.987688
vn 0.000000 0.000000 -1.000000
vn 0.173648 0.000000 -0.984808
vn 0.342020 0.000000 -0.939693
vn 0.500000 0.000000 -0.866025
vn 0.642788 0.000000 -0.766044
vn 0.766044 0.000000 -0.642788
vn 0.866025 0.000000 -0.500000
vn 0.939693 0.000000 -0.342020
vn 0.984808 0.000000 -0.173648
vn 0.000000 0.000000 -1.000000
vn 1.000000 -0.000000 0.000000
vn 0.984808 0.000000 -0.173648
vn 0.939693 0.000000 -0.342020
vn 0.866025 0.000000 -0.500000
vn 0.766044 0.000000 -0.642788
vn 0.642788 0.000000 -0.766044
vn 0.500000 0.000000 -0.866025
vn 0.342020 0.000000 -0.939693
vn 0.173648 0.000000 -0.984808
vn 0.173648 -0.000000 0.984808
vn 0.342020 -0.000000 0.939693
vn 0.500000 -0.000000 0.866025
vn 0.642788 -0.000000 0.766044
vn 0.766044 -0.000000 0.642788
vn 0.866025 -0.000000 0.500000
vn 0.939693 -0.000000 0.342020
vn 0.984808 -0.000000 0.173648
f 6635//6635 6634//6634 6645//6645
f 6665//6665 6645//6645 6644//6644
f 6665//6665 6635//6635 6645//6645
f 6666//6666 6644//6644 6643//6643
f 6666//6666 6665//6665 6644//6644
f 6667//6667 6643//6643 6642//6642
f 6667//6667 6666//6666 6643//6643
f 6668//6668 6642//6642 6641//6641
f 6668//6668 6667//6667 6642//6642
f 6669//6669 6641//6641 6640//6640
f 6669//6669 6668//6668 6641//6641
f 6670//6670 6640//6640 6639//6639
f 6670//6670 6669//6669 6640//6640
f 6671//6671 6639//6639 6638//6638
f 6671//6671 6670//6670 6639//6639
f 6672//6672 6638//6638 6637//6637
f 6672//6672 6671//6671 6638//6638
f 6656//6656 6637//6637 6636//6636
f 6656//6656 6636//6636 6654//6654
f 6656//6656 6672//6672 6637//6637
f 6657//6657 6654//6654 6653//6653
f 6657//6657 6656//6656 6654//6654
f 6658//6658 6653//6653 6652//6652
f 6658//6658 6657//6657 6653//6653
f 6659//6659 6652//6652 6651//6651
f 6659//6659 6658//6658 6652//6652
f 6660//6660 6651//6651 6650//6650
f 6660//6660 6659//6659 6651//6651
f 6661//6661 6650//6650 6649//6649
f 6661//6661 6660//6660 6650//6650
f 6662//6662 6661//6661 6649//6649
f 6662//6662 6649//6649 6648//6648
f 6663//6663 6662//6662 6648//6648
f 6663//6663 6648//6648 6647//6647
f 6664//6664 6663//6663 6647//6647
f 6664//6664 6647//6647 6646//6646
f 6655//6655 6664//6664 6646//6646
v 97.722961 151.000000 636.383240
v 97.722961 186.000000 636.383240
v 81.722961 151.000000 652.383240
v 81.966042 151.000000 649.604858
v 82.687881 151.000000 646.910889
v 83.866554 151.000000 644.383240
v 85.466248 151.000000 642.098633
v 87.438362 151.000000 640.126526
v 89.722961 151.000000 638.526794
v 92.250641 151.000000 637.348145
v 94.944588 151.000000 636.626282
v 97.722961 151.000000 668.383240
v 95.220009 151.000000 668.186218
v 92.778687 151.000000 667.600098
v 90.459114 151.000000 666.639343
v 88.318398 151.000000 665.327515
v 86.409256 151.000000 663.696899
v 84.778687 151.000000 661.787781
v 83.466858 151.000000 659.647095
v 82.506058 151.000000 657.327515
v 81.919945 151.000000 654.886169
v 97.722961 186.000000 668.383240
v 81.722961 186.000000 652.383240
v 81.966042 186.000000 655.161621
v 82.687881 186.000000 657.855530
v 83.866554 186.000000 660.383240
v 85.466248 186.000000 662.667847
v 87.438362 186.000000 664.639954
v 89.722961 186.000000 666.239624
v 92.250641 186.000000 667.418274
v 94.944588 186.000000 668.140137
v 94.944588 186.000000 636.626282
v 92.250641 186.000000 637.348145
v 89.722961 186.000000 638.526794
v 87.438362 186.000000 640.126526
v 85.466248 186.000000 642.098633
v 83.866554 186.000000 644.383240
v 82.687881 186.000000 646.910889
v 81.966042 186.000000 649.604858
vn 0.000000 0.000000 -1.000000
vn 0.000000 0.000000 -1.000000
vn -1.000000 0.000000 -0.000000
vn -0.984808 0.000000 -0.173648
vn -0.939693 0.000000 -0.342020
vn -0.866025 0.000000 -0.500000
vn -0.766044 0.000000 -0.642788
vn -0.642788 0.000000 -0.766044
vn -0.500000 0.000000 -0.866025
vn -0.342020 0.000000 -0.939693
vn -0.173648 0.000000 -0.984808
vn -0.000000 0.000000 1.000000
vn -0.156434 0.000000 0.987688
vn -0.309017 0.000000 0.951057
vn -0.453990 0.000000 0.891007
vn -0.587785 0.000000 0.809017
vn -0.707107 0.000000 0.707107
vn -0.809017 0.000000 0.587785
vn -0.891007 0.000000 0.453990
vn -0.951057 0.000000 0.309017
vn -0.987688 0.000000 0.156434
vn -0.000000 0.000000 1.000000
vn -1.000000 0.000000 -0.000000
vn -0.984808 0.000000 0.173648
vn -0.939693 0.000000 0.342020
vn -0.866025 0.000000 0.500000
vn -0.766044 0.000000 0.642788
vn -0.642788 0.000000 0.766044
vn -0.500000 0.000000 0.866025
vn -0.342020 0.000000 0.939693
vn -0.173648 0.000000 0.984808
vn -0.173648 0.000000 -0.984808
vn -0.342020 0.000000 -0.939693
vn -0.500000 0.000000 -0.866025
vn -0.642788 0.000000 -0.766044
vn -0.766044 0.000000 -0.642788
vn -0.866025 0.000000 -0.500000
vn -0.939693 0.000000 -0.342020
vn -0.984808 0.000000 -0.173648
f 6704//6704 6674//6674 6673//6673
f 6704//6704 6673//6673 6683//6683
f 6705//6705 6683//6683 6682//6682
f 6705//6705 6704//6704 6683//6683
f 6706//6706 6682//6682 6681//6681
f 6706//6706 6705//6705 6682//6682
f 6707//6707 6681//6681 6680//6680
f 6707//6707 6706//6706 6681//6681
f 6708//6708 6680//6680 6679//6679
f 6708//6708 6707//6707 6680//6680
f 6709//6709 6679//6679 6678//6678
f 6709//6709 6708//6708 6679//6679
f 6710//6710 6678//6678 6677//6677
f 6710//6710 6709//6709 6678//6678
f 6711//6711 6676//6676 6675//6675
f 6711//6711 6677//6677 6676//6676
f 6711//6711 6710//6710 6677//6677
f 6695//6695 6675//6675 6693//6693
f 6695//6695 6711//6711 6675//6675
f 6696//6696 6693//6693 6692//6692
f 6696//6696 6695//6695 6693//6693
f 6697//6697 6692//6692 6691//6691
f 6697//6697 6696//6696 6692//6692
f 6698//6698 6691//6691 6690//6690
f 6698//6698 6697//6697 6691//6691
f 6699//6699 6690//6690 6689//6689
f 6699//6699 6698//6698 6690//6690
f 6700//6700 6699//6699 6689//6689
f 6700//6700 6689//6689 6688//6688
f 6701//6701 6700//6700 6688//6688
f 6701//6701 6688//6688 6687//6687
f 6702//6702 6701//6701 6687//6687
f 6702//6702 6687//6687 6686//6686
f 6703//6703 6686//6686 6685//6685
f 6703//6703 6702//6702 6686//6686
f 6694//6694 6685//6685 6684//6684
f 6694//6694 6703//6703 6685//6685
v 97.722961 186.000000 684.883240
v 97.722961 227.000000 684.883240
v 103.366531 186.000000 684.389465
v 108.838615 186.000000 682.923218
v 113.972961 186.000000 680.529053
v 118.613556 186.000000 677.279663
v 122.619408 186.000000 673.273804
v 125.868790 186.000000 668.633240
v 128.262970 186.000000 663.498901
v 129.729218 186.000000 658.026794
v 130.222961 186.000000 652.383240
v 129.729218 186.000000 646.739685
v 128.262970 186.000000 641.267578
v 125.868790 186.000000 636.133240
v 122.619408 186.000000 631.492615
v 118.613556 186.000000 627.486755
v 113.972961 186.000000 624.237366
v 108.838615 186.000000 621.843201
v 103.366531 186.000000 620.376953
v 97.722961 186.000000 619.883240
v 97.722961 227.000000 619.883240
v 103.366531 227.000000 620.376953
v 108.838615 227.000000 621.843201
v 113.972961 227.000000 624.237366
v 118.613556 227.000000 627.486755
v 122.619408 227.000000 631.492615
v 125.868790 227.000000 636.133240
v 128.262970 227.000000 641.267578
v 129.729218 227.000000 646.739685
v 130.222961 227.000000 652.383240
v 129.729218 227.000000 658.026794
v 128.262970 227.000000 663.498901
v 125.868790 227.000000 668.633240
v 122.619408 227.000000 673.273804
v 118.613556 227.000000 677.279663
v 113.972961 227.000000 680.529053
v 108.838615 227.000000 682.923218
v 103.366531 227.000000 684.389465
vn 0.000000 -0.000000 1.000000
vn 0.000000 -0.000000 1.000000
vn 0.173648 -0.000000 0.984808
vn 0.342020 -0.000000 0.939693
vn 0.500000 -0.000000 0.866025
vn 0.642788 -0.000000 0.766044
vn 0.766044 -0.000000 0.642788
vn 0.866025 -0.000000 0.500000
vn 0.939693 -0.000000 0.342020
vn 0.984808 -0.000000 0.173648
vn 1.000000 -0.000000 0.000000
vn 0.984808 0.000000 -0.173648
vn 0.939693 0.000000 -0.342020
vn 0.866025 0.000000 -0.500000
vn 0.766044 0.000000 -0.642788
vn 0.642788 0.000000 -0.766044
vn 0.500000 0.000000 -0.866025
vn 0.342020 0.000000 -0.939693
vn 0.173648 0.000000 -0.984808
vn 0.000000 0.000000 -1.000000
vn -0.000000 0.000000 -1.000000
vn 0.173648 0.000000 -0.984808
vn 0.342020 0.000000 -0.939693
vn 0.500000 0.000000 -0.866025
vn 0.642788 0.000000 -0.766044
vn 0.766044 0.000000 -0.642788
vn 0.866025 0.000000 -0.500000
vn 0.939693 0.000000 -0.342020
vn 0.984808 0.000000 -0.173648
vn 1.000000 0.000000 -0.000000
vn 0.984808 -0.000000 0.173648
vn 0.939693 -0.000000 0.342020
vn 0.866025 -0.000000 0.500000
vn 0.766044 -0.000000 0.642788
vn 0.642788 -0.000000 0.766044
vn 0.500000 -0.000000 0.866025
vn 0.342020 -0.000000 0.939693
vn 0.173648 -0.000000 0.984808
f 6713//6713 6712//6712 6714//6714
f 6749//6749 6714//6714 6715//6715
f 6749//6749 6713//6713 6714//6714
f 6748//6748 6715//6715 6716//6716
f 6748//6748 6749//6749 6715//6715
f 6747//6747 6716//6716 6717//6717
f 6747//6747 6748//6748 6716//6716
f 6746//6746 6717//6717 6718//6718
f 6746//6746 6747//6747 6717//6717
f 6745//6745 6718//6718 6719//6719
f 6745//6745 6746//6746 6718//6718
f 6744//6744 6719//6719 6720//6720
f 6744//6744 6745//6745 6719//6719
f 6743//6743 6720//6720 6721//6721
f 6743//6743 6744//6744 6720//6720
f 6742//6742 6721//6721 6722//6722
f 6742//6742 6743//6743 6721//6721
f 6741//6741 6722//6722 6723//6723
f 6741//6741 6742//6742 6722//6722
f 6740//6740 6723//6723 6724//6724
f 6740//6740 6741//6741 6723//6723
f 6739//6739 6724//6724 6725//6725
f 6739//6739 6740//6740 6724//6724
f 6738//6738 6725//6725 6726//6726
f 6738//6738 6739//6739 6725//6725
f 6737//6737 6726//6726 6727//6727
f 6737//6737 6738//6738 6726//6726
f 6736//6736 6727//6727 6728//6728
f 6736//6736 6737//6737 6727//6727
f 6735//6735 6736//6736 6728//6728
f 6735//6735 6728//6728 6729//6729
f 6734//6734 6735//6735 6729//6729
f 6734//6734 6729//6729 6730//6730
f 6733//6733 6734//6734 6730//6730
f 6733//6733 6730//6730 6731//6731
f 6732//6732 6733//6733 6731//6731
v 97.722961 186.000000 619.883240
v 97.722961 227.000000 619.883240
v 92.079399 186.000000 620.376953
v 86.607307 186.000000 621.843201
v 81.472961 186.000000 624.237366
v 76.832367 186.000000 627.486755
v 72.826515 186.000000 631.492615
v 69.577133 186.000000 636.133240
v 67.182953 186.000000 641.267578
v 65.716713 186.000000 646.739685
v 65.222961 186.000000 652.383240
v 65.716713 186.000000 658.026794
v 67.182953 186.000000 663.498901
v 69.577133 186.000000 668.633240
v 72.826515 186.000000 673.273804
v 76.832367 186.000000 677.279663
v 81.472961 186.000000 680.529053
v 86.607307 186.000000 682.923218
v 92.079399 186.000000 684.389465
v 97.722961 186.000000 684.883240
v 97.722961 227.000000 684.883240
v 92.079399 227.000000 684.389465
v 86.607307 227.000000 682.923218
v 81.472961 227.000000 680.529053
v 76.832367 227.000000 677.279663
v 72.826515 227.000000 673.273804
v 69.577133 227.000000 668.633240
v 67.182953 227.000000 663.498901
v 65.716713 227.000000 658.026794
v 65.222961 227.000000 652.383240
v 65.716713 227.000000 646.739685
v 67.182953 227.000000 641.267578
v 69.577133 227.000000 636.133240
v 72.826515 227.000000 631.492615
v 76.832367 227.000000 627.486755
v 81.472961 227.000000 624.237366
v 86.607307 227.000000 621.843201
v 92.079399 227.000000 620.376953
vn 0.000000 0.000000 -1.000000
vn -0.000000 0.000000 -1.000000
vn -0.173648 0.000000 -0.984808
vn -0.342020 0.000000 -0.939693
vn -0.500000 0.000000 -0.866025
vn -0.642788 0.000000 -0.766044
vn -0.766044 0.000000 -0.642788
vn -0.866025 0.000000 -0.500000
vn -0.939693 0.000000 -0.342020
vn -0.984808 0.000000 -0.173648
vn -1.000000 0.000000 -0.000000
vn -0.984808 0.000000 0.173648
vn -0.939693 0.000000 0.342020
vn -0.866025 0.000000 0.500000
vn -0.766044 0.000000 0.642788
vn -0.642788 0.000000 0.766044
vn -0.500000 0.000000 0.866025
vn -0.342020 0.000000 0.939693
vn -0.173648 0.000000 0.984808
vn -0.000000 0.000000 1.000000
vn 0.000000 -0.000000 1.000000
vn -0.173648 0.000000 0.984808
vn -0.342020 0.000000 0.939693
vn -0.500000 0.000000 0.866025
vn -0.642788 0.000000 0.766044
vn -0.766044 0.000000 0.642788
vn -0.866025 0.000000 0.500000
vn -0.939693 0.000000 0.342020
vn -0.984808 0.000000 0.173648
vn -1.000000 0.000000 -0.000000
vn -0.984808 0.000000 -0.173648
vn -0.939693 0.000000 -0.342020
vn -0.866025 0.000000 -0.500000
vn -0.766044 0.000000 -0.642788
vn -0.642788 0.000000 -0.766044
vn -0.500000 0.000000 -0.866025
vn -0.342020 0.000000 -0.939693
vn -0.173648 0.000000 -0.984808
f 6751//6751 6750//6750 6752//6752
f 6787//6787 6752//6752 6753//6753
f 6787//6787 6751//6751 6752//6752
f 6786//6786 6753//6753 6754//6754
f 6786//6786 6787//6787 6753//6753
f 6785//6785 6754//6754 6755//6755
f 6785//6785 6786//6786 6754//6754
f 6784//6784 6755//6755 6756//6756
f 6784//6784 6785//6785 6755//6755
f 6783//6783 6756//6756 6757//6757
f 6783//6783 6784//6784 6756//6756
f 6782//6782 6757//6757 6758//6758
f 6782//6782 6783//6783 6757//6757
f 6781//6781 6758//6758 6759//6759
f 6781//6781 6782//6782 6758//6758
f 6780//6780 6759//6759 6760//6760
f 6780//6780 6781//6781 6759//6759
f 6779//6779 6760//6760 6761//6761
f 6779//6779 6780//6780 6760//6760
f 6778//6778 6761//6761 6762//6762
f 6778//6778 6779//6779 6761//6761
f 6777//6777 6762//6762 6763//6763
f 6777//6777 6778//6778 6762//6762
f 6776//6776 6763//6763 6764//6764
f 6776//6776 6777//6777 6763//6763
f 6775//6775 6764//6764 6765//6765
f 6775//6775 6776//6776 6764//6764
f 6774//6774 6765//6765 6766//6766
f 6774//6774 6775//6775 6765//6765
f 6773//6773 6774//6774 6766//6766
f 6773//6773 6766//6766 6767//6767
f 6772//6772 6773//6773 6767//6767
f 6772//6772 6767//6767 6768//6768
f 6771//6771 6772//6772 6768//6768
f 6771//6771 6768//6768 6769//6769
f 6770//6770 6771//6771 6769//6769
usemtl mat_1
v 177.000000 264.000000 610.000000
v 176.772110 264.000000 612.604736
v 176.095383 264.000000 615.130310
v 174.990387 264.000000 617.500000
v 173.490662 264.000000 619.641785
v 171.641815 264.000000 621.490662
v 169.500000 264.000000 622.990356
v 167.130295 264.000000 624.095398
v 164.604721 264.000000 624.772095
v 162.000000 264.000000 625.000000
v 159.395279 264.000000 624.772095
v 156.869705 264.000000 624.095398
v 154.500000 264.000000 622.990356
v 152.358185 264.000000 621.490662
v 150.509338 264.000000 619.641785
v 149.009613 264.000000 617.500000
v 147.904617 264.000000 615.130310
v 147.227890 264.000000 612.604736
v 147.000000 264.000000 610.000000
v 147.227890 264.000000 607.395264
v 147.904617 264.000000 604.869690
v 149.009613 264.000000 602.500000
v 150.509338 264.000000 600.358215
v 152.358185 264.000000 598.509338
v 154.500000 264.000000 597.009644
v 156.869705 264.000000 595.904602
v 159.395279 264.000000 595.227905
v 162.000000 264.000000 595.000000
v 164.604721 264.000000 595.227905
v 167.130295 264.000000 595.904602
v 169.500000 264.000000 597.009644
v 171.641815 264.000000 598.509338
v 173.490662 264.000000 600.358215
v 174.990387 264.000000 602.500000
v 176.095383 264.000000 604.869690
v 176.772110 264.000000 607.395264
vn -0.000000 1.000000 -0.000000
vn -0.000000 1.000000 -0.000000
vn -0.000000 1.000000 -0.000000
vn -0.000000 1.000000 -0.000000
vn -0.000000 1.000000 -0.000000
vn -0.000000 1.000000 -0.000000
vn -0.000000 1.000000 -0.000000
vn -0.000000 1.000000 -0.000000
vn -0.000000 1.000000 -0.000000
vn -0.000000 1.000000 -0.000000
vn -0.000000 1.000000 -0.000000
vn -0.000000 1.000000 -0.000000
vn -0.000000 1.000000 -0.000000
vn -0.000000 1.000000 -0.000000
vn -0.000000 1.000000 -0.000000
vn -0.000000 1.000000 -0.000000
vn -0.000000 1.000000 -0.000000
vn -0.000000 1.000000 -0.000000
vn -0.000000 1.000000 -0.000000
vn -0.000000 1.000000 -0.000000
vn -0.000000 1.000000 -0.000000
vn -0.000000 1.000000 -0.000000
vn -0.000000 1.000000 -0.000000
vn -0.000000 1.000000 -0.000000
vn -0.000000 1.000000 -0.000000
vn -0.000000 1.000000 -0.000000
vn -0.000000 1.000000 -0.000000
vn -0.000000 1.000000 -0.000000
vn -0.000000 1.000000 -0.000000
vn -0.000000 1.000000 -0.000000
vn -0.000000 1.000000 -0.000000
vn -0.000000 1.000000 -0.000000
vn -0.000000 1.000000 -0.000000
vn -0.000000 1.000000 -0.000000
vn -0.000000 1.000000 -0.000000
vn -0.000000 1.000000 -0.000000
f 6803//6803 6802//6802 6801//6801
f 6800//6800 6803//6803 6801//6801
f 6806//6806 6800//6800 6799//6799
f 6806//6806 6804//6804 6803//6803
f 6806//6806 6805//6805 6804//6804
f 6806//6806 6803//6803 6800//6800
f 6796//6796 6798//6798 6797//6797
f 6795//6795 6799//6799 6798//6798
f 6795//6795 6798//6798 6796//6796
f 6812//6812 6809//6809 6808//6808
f 6812//6812 6810//6810 6809//6809
f 6812//6812 6811//6811 6810//6810
f 6791//6791 6793//6793 6792//6792
f 6791//6791 6794//6794 6793//6793
f 6791//6791 6795//6795 6794//6794
f 6791//6791 6799//6799 6795//6795
f 6790//6790 6807//6807 6806//6806
f 6790//6790 6808//6808 6807//6807
f 6790//6790 6806//6806 6799//6799
f 6790//6790 6799//6799 6791//6791
f 6788//6788 6790//6790 6789//6789
f 6815//6815 6813//6813 6812//6812
f 6815//6815 6814//6814 6813//6813
f 6815//6815 6812//6812 6808//6808
f 6822//6822 6788//6788 6823//6823
f 6817//6817 6816//6816 6815//6815
f 6817//6817 6815//6815 6808//6808
f 6819//6819 6818//6818 6817//6817
f 6820//6820 6817//6817 6808//6808
f 6820//6820 6819//6819 6817//6817
f 6820//6820 6822//6822 6821//6821
f 6820//6820 6808//6808 6790//6790
f 6820//6820 6790//6790 6788//6788
f 6820//6820 6788//6788 6822//6822
v 97.722961 264.000000 704.883240
v 106.839493 264.000000 704.085632
v 115.679016 264.000000 701.717102
v 123.972961 264.000000 697.849548
v 131.469315 264.000000 692.600525
v 137.940292 264.000000 686.129578
v 143.189301 264.000000 678.633240
v 147.056824 264.000000 670.339294
v 149.425369 264.000000 661.499756
v 150.222961 264.000000 652.383240
v 45.222961 264.000000 652.383240
v 46.020554 264.000000 661.499756
v 48.389099 264.000000 670.339294
v 52.256630 264.000000 678.633240
v 57.505627 264.000000 686.129578
v 63.976612 264.000000 692.600525
v 71.472961 264.000000 697.849548
v 79.766907 264.000000 701.717102
v 88.606430 264.000000 704.085632
v 97.722961 264.000000 599.883240
v 88.606430 264.000000 600.680786
v 79.766907 264.000000 603.049377
v 71.472961 264.000000 606.916870
v 63.976612 264.000000 612.165894
v 57.505627 264.000000 618.636841
v 52.256630 264.000000 626.133240
v 48.389099 264.000000 634.427185
v 46.020554 264.000000 643.266663
v 149.425369 264.000000 643.266663
v 147.056824 264.000000 634.427185
v 143.189301 264.000000 626.133240
v 137.940292 264.000000 618.636841
v 131.469315 264.000000 612.165894
v 123.972961 264.000000 606.916870
v 115.679016 264.000000 603.049377
v 106.839493 264.000000 600.680786
v 97.722961 264.000000 605.883240
v 105.797600 264.000000 606.589661
v 113.626900 264.000000 608.687500
v 120.972961 264.000000 612.113037
v 127.612587 264.000000 616.762146
v 133.344025 264.000000 622.493591
v 137.993149 264.000000 629.133240
v 141.418671 264.000000 636.479309
v 143.516525 264.000000 644.308594
v 144.222961 264.000000 652.383240
v 51.222961 264.000000 652.383240
v 51.929401 264.000000 644.308594
v 54.027256 264.000000 636.479309
v 57.452782 264.000000 629.133240
v 62.101894 264.000000 622.493591
v 67.833336 264.000000 616.762146
v 74.472961 264.000000 612.113037
v 81.819023 264.000000 608.687500
v 89.648323 264.000000 606.589661
v 97.722961 264.000000 698.883240
v 89.648323 264.000000 698.176758
v 81.819023 264.000000 696.078918
v 74.472961 264.000000 692.653381
v 67.833336 264.000000 688.004272
v 62.101894 264.000000 682.272827
v 57.452782 264.000000 675.633240
v 54.027256 264.000000 668.287170
v 51.929401 264.000000 660.457886
v 143.516525 264.000000 660.457886
v 141.418671 264.000000 668.287170
v 137.993149 264.000000 675.633240
v 133.344025 264.000000 682.272827
v 127.612587 264.000000 688.004272
v 120.972961 264.000000 692.653381
v 113.626900 264.000000 696.078918
v 105.797600 264.000000 698.176758
vn -0.000000 1.000000 -0.000000
vn -0.000000 1.000000 -0.000000
vn -0.000000 1.000000 -0.000000
vn -0.000000 1.000000 -0.000000
vn -0.000000 1.000000 -0.000000
vn -0.000000 1.000000 -0.000000
vn -0.000000 1.000000 -0.000000
vn -0.000000 1.000000 -0.000000
vn -0.000000 1.000000 -0.000000
vn -0.000000 1.000000 -0.000000
vn -0.000000 1.000000 -0.000000
vn -0.000000 1.000000 -0.000000
vn -0.000000 1.000000 -0.000000
vn -0.000000 1.000000 -0.000000
vn -0.000000 1.000000 -0.000000
vn -0.000000 1.000000 -0.000000
vn -0.000000 1.000000 -0.000000
vn -0.000000 1.000000 -0.000000
vn -0.000000 1.000000 -0.000000
vn -0.000000 1.000000 -0.000000
vn -0.000000 1.000000 -0.000000
vn -0.000000 1.000000 -0.000000
vn -0.000000 1.000000 -0.000000
vn -0.000000 1.000000 -0.000000
vn -0.000000 1.000000 -0.000000
vn -0.000000 1.000000 -0.000000
vn -0.000000 1.000000 -0.000000
vn -0.000000 1.000000 -0.000000
vn -0.000000 1.000000 -0.000000
vn -0.000000 1.000000 -0.000000
vn -0.000000 1.000000 -0.000000
vn -0.000000 1.000000 -0.000000
vn -0.000000 1.000000 -0.000000
vn -0.000000 1.000000 -0.000000
vn -0.000000 1.000000 -0.000000
vn -0.000000 1.000000 -0.000000
vn -0.000000 1.000000 -0.000000
vn -0.000000 1.000000 -0.000000
vn -0.000000 1.000000 -0.000000
vn -0.000000 1.000000 -0.000000
vn -0.000000 1.000000 -0.000000
vn -0.000000 1.000000 -0.000000
vn -0.000000 1.000000 -0.000000
vn -0.000000 1.000000 -0.000000
vn -0.000000 1.000000 -0.000000
vn -0.000000 1.000000 -0.000000
vn -0.000000 1.000000 -0.000000
vn -0.000000 1.000000 -0.000000
vn -0.000000 1.000000 -0.000000
vn -0.000000 1.000000 -0.000000
vn -0.000000 1.000000 -0.000000
vn -0.000000 1.000000 -0.000000
vn -0.000000 1.000000 -0.000000
vn -0.000000 1.000000 -0.000000
vn -0.000000 1.000000 -0.000000
vn -0.000000 1.000000 -0.000000
vn -0.000000 1.000000 -0.000000
vn -0.000000 1.000000 -0.000000
vn -0.000000 1.000000 -0.000000
vn -0.000000 1.000000 -0.000000
vn -0.000000 1.000000 -0.000000
vn -0.000000 1.000000 -0.000000
vn -0.000000 1.000000 -0.000000
vn -0.000000 1.000000 -0.000000
vn -0.000000 1.000000 -0.000000
vn -0.000000 1.000000 -0.000000
vn -0.000000 1.000000 -0.000000
vn -0.000000 1.000000 -0.000000
vn -0.000000 1.000000 -0.000000
vn -0.000000 1.000000 -0.000000
vn -0.000000 1.000000 -0.000000
vn -0.000000 1.000000 -0.000000
f 6884//6884 6837//6837 6838//6838
f 6883//6883 6838//6838 6839//6839
f 6883//6883 6884//6884 6838//6838
f 6885//6885 6836//6836 6837//6837
f 6885//6885 6837//6837 6884//6884
f 6882//6882 6839//6839 6840//6840
f 6882//6882 6883//6883 6839//6839
f 6886//6886 6835//6835 6836//6836
f 6886//6886 6836//6836 6885//6885
f 6881//6881 6840//6840 6841//6841
f 6881//6881 6882//6882 6840//6840
f 6887//6887 6835//6835 6886//6886
f 6880//6880 6841//6841 6842//6842
f 6880//6880 6881//6881 6841//6841
f 6870//6870 6835//6835 6887//6887
f 6870//6870 6834//6834 6835//6835
f 6879//6879 6880//6880 6842//6842
f 6879//6879 6842//6842 6824//6824
f 6825//6825 6879//6879 6824//6824
f 6851//6851 6834//6834 6870//6870
f 6871//6871 6851//6851 6870//6870
f 6895//6895 6879//6879 6825//6825
f 6826//6826 6895//6895 6825//6825
f 6850//6850 6851//6851 6871//6871
f 6872//6872 6850//6850 6871//6871
f 6894//6894 6895//6895 6826//6826
f 6827//6827 6894//6894 6826//6826
f 6849//6849 6850//6850 6872//6872
f 6893//6893 6894//6894 6827//6827
f 6873//6873 6849//6849 6872//6872
f 6828//6828 6893//6893 6827//6827
f 6848//6848 6849//6849 6873//6873
f 6892//6892 6893//6893 6828//6828
f 6874//6874 6848//6848 6873//6873
f 6829//6829 6892//6892 6828//6828
f 6829//6829 6891//6891 6892//6892
f 6847//6847 6848//6848 6874//6874
f 6847//6847 6874//6874 6875//6875
f 6830//6830 6891//6891 6829//6829
f 6830//6830 6890//6890 6891//6891
f 6846//6846 6875//6875 6876//6876
f 6846//6846 6847//6847 6875//6875
f 6831//6831 6890//6890 6830//6830
f 6831//6831 6889//6889 6890//6890
f 6845//6845 6846//6846 6876//6876
f 6845//6845 6876//6876 6877//6877
f 6832//6832 6888//6888 6889//6889
f 6832//6832 6889//6889 6831//6831
f 6844//6844 6877//6877 6878//6878
f 6844//6844 6845//6845 6877//6877
f 6869//6869 6888//6888 6832//6832
f 6843//6843 6878//6878 6860//6860
f 6843//6843 6844//6844 6878//6878
f 6833//6833 6869//6869 6832//6832
f 6852//6852 6868//6868 6869//6869
f 6852//6852 6869//6869 6833//6833
f 6859//6859 6860//6860 6861//6861
f 6859//6859 6861//6861 6862//6862
f 6859//6859 6843//6843 6860//6860
f 6853//6853 6867//6867 6868//6868
f 6853//6853 6868//6868 6852//6852
f 6858//6858 6862//6862 6863//6863
f 6858//6858 6859//6859 6862//6862
f 6854//6854 6867//6867 6853//6853
f 6854//6854 6866//6866 6867//6867
f 6857//6857 6863//6863 6864//6864
f 6857//6857 6858//6858 6863//6863
f 6855//6855 6866//6866 6854//6854
f 6855//6855 6865//6865 6866//6866
f 6856//6856 6865//6865 6855//6855
f 6856//6856 6864//6864 6865//6865
f 6856//6856 6857//6857 6864//6864
v 476.000000 306.299988 885.000000
v 476.000000 309.336151 890.052979
v 476.000000 306.299988 885.000000
v 476.000000 309.336151 879.947021
v 476.877441 309.336151 880.023743
v 477.728241 309.336151 880.251709
v 478.526489 309.336151 880.623962
v 479.248016 309.336151 881.129150
v 479.870819 309.336151 881.752014
v 480.376038 309.336151 882.473511
v 480.748260 309.336151 883.271790
v 480.976227 309.336151 884.122559
v 481.053009 309.336151 885.000000
v 480.976227 309.336151 885.877441
v 480.748260 309.336151 886.728210
v 480.376038 309.336151 887.526489
v 479.870819 309.336151 888.247986
v 479.248016 309.336151 888.870850
v 478.526489 309.336151 889.376038
v 477.728241 309.336151 889.748291
v 476.877441 309.336151 889.976257
v 476.742523 307.059052 886.021973
v 476.390381 307.059052 886.201416
v 476.780731 307.818085 887.402832
v 477.022003 307.059052 885.742493
v 477.485046 307.818085 887.044006
v 477.201416 307.059052 885.390381
v 477.171112 308.577118 888.604248
v 478.043976 307.818085 886.485046
v 477.263245 307.059052 885.000000
v 478.227570 308.577118 888.065979
v 478.402832 307.818085 885.780762
v 477.201416 307.059052 884.609619
v 479.065979 308.577118 887.227539
v 478.526489 307.818085 885.000000
v 477.022003 307.059052 884.257507
v 479.604279 308.577118 886.171082
v 478.402832 307.818085 884.219238
v 476.742523 307.059052 883.978027
v 479.789764 308.577118 885.000000
v 478.043976 307.818085 883.514954
v 476.390381 307.059052 883.798584
v 479.604279 308.577118 883.828918
v 477.485046 307.818085 882.955994
v 479.065979 308.577118 882.772461
v 476.780731 307.818085 882.597168
v 478.227570 308.577118 881.934021
v 477.171112 308.577118 881.395752
vn -0.340752 0.876228 -0.340752
vn 0.000000 0.857167 -0.515038
vn -0.340752 0.876228 0.340752
vn -0.000000 0.857167 0.515038
vn -0.089435 0.857167 0.507213
vn -0.176153 0.857167 0.483977
vn -0.257519 0.857167 0.446036
vn -0.331060 0.857167 0.394542
vn -0.394542 0.857167 0.331060
vn -0.446036 0.857167 0.257519
vn -0.483977 0.857167 0.176153
vn -0.507213 0.857167 0.089435
vn -0.515038 0.857167 -0.000000
vn -0.507213 0.857167 -0.089435
vn -0.483977 0.857167 -0.176153
vn -0.446036 0.857167 -0.257519
vn -0.394542 0.857167 -0.331060
vn -0.331060 0.857167 -0.394542
vn -0.257519 0.857167 -0.446036
vn -0.176153 0.857167 -0.483977
vn -0.089435 0.857167 -0.507213
vn -0.302732 0.857167 -0.416675
vn -0.159156 0.857167 -0.489830
vn -0.159156 0.857167 -0.489830
vn -0.416675 0.857167 -0.302732
vn -0.302732 0.857167 -0.416675
vn -0.489830 0.857167 -0.159156
vn -0.159156 0.857167 -0.489830
vn -0.416675 0.857167 -0.302732
vn -0.515038 0.857167 0.000000
vn -0.302732 0.857167 -0.416675
vn -0.489830 0.857167 -0.159156
vn -0.489830 0.857167 0.159156
vn -0.416675 0.857167 -0.302732
vn -0.515038 0.857167 0.000000
vn -0.416675 0.857167 0.302732
vn -0.489830 0.857167 -0.159156
vn -0.489830 0.857167 0.159156
vn -0.302732 0.857167 0.416675
vn -0.515038 0.857167 0.000000
vn -0.416675 0.857167 0.302732
vn -0.159156 0.857167 0.489830
vn -0.489830 0.857167 0.159156
vn -0.302732 0.857167 0.416675
vn -0.416675 0.857167 0.302732
vn -0.159156 0.857167 0.489830
vn -0.302732 0.857167 0.416675
vn -0.159156 0.857167 0.489830
f 6917//6917 6896//6896 6918//6918
f 6919//6919 6896//6896 6897//6897
f 6919//6919 6918//6918 6896//6896
f 6920//6920 6896//6896 6917//6917
f 6921//6921 6918//6918 6919//6919
f 6921//6921 6917//6917 6918//6918
f 6922//6922 6896//6896 6920//6920
f 6923//6923 6915//6915 6914//6914
f 6923//6923 6916//6916 6915//6915
f 6923//6923 6897//6897 6916//6916
f 6923//6923 6919//6919 6897//6897
f 6924//6924 6917//6917 6921//6921
f 6924//6924 6920//6920 6917//6917
f 6925//6925 6898//6898 6896//6896
f 6925//6925 6896//6896 6922//6922
f 6926//6926 6913//6913 6912//6912
f 6926//6926 6914//6914 6913//6913
f 6926//6926 6921//6921 6919//6919
f 6926//6926 6923//6923 6914//6914
f 6926//6926 6919//6919 6923//6923
f 6927//6927 6920//6920 6924//6924
f 6927//6927 6922//6922 6920//6920
f 6928//6928 6898//6898 6925//6925
f 6929//6929 6912//6912 6911//6911
f 6929//6929 6926//6926 6912//6912
f 6929//6929 6924//6924 6921//6921
f 6929//6929 6921//6921 6926//6926
f 6930//6930 6925//6925 6922//6922
f 6930//6930 6922//6922 6927//6927
f 6931//6931 6898//6898 6928//6928
f 6932//6932 6910//6910 6909//6909
f 6932//6932 6911//6911 6910//6910
f 6932//6932 6927//6927 6924//6924
f 6932//6932 6929//6929 6911//6911
f 6932//6932 6924//6924 6929//6929
f 6933//6933 6925//6925 6930//6930
f 6933//6933 6928//6928 6925//6925
f 6934//6934 6898//6898 6931//6931
f 6935//6935 6908//6908 6907//6907
f 6935//6935 6909//6909 6908//6908
f 6935//6935 6933//6933 6930//6930
f 6935//6935 6932//6932 6909//6909
f 6935//6935 6930//6930 6927//6927
f 6935//6935 6927//6927 6932//6932
f 6936//6936 6931//6931 6928//6928
f 6936//6936 6928//6928 6933//6933
f 6937//6937 6898//6898 6934//6934
f 6938//6938 6906//6906 6905//6905
f 6938//6938 6907//6907 6906//6906
f 6938//6938 6935//6935 6907//6907
f 6938//6938 6933//6933 6935//6935
f 6939//6939 6934//6934 6931//6931
f 6939//6939 6931//6931 6936//6936
f 6940//6940 6933//6933 6938//6938
f 6940//6940 6904//6904 6903//6903
f 6940//6940 6905//6905 6904//6904
f 6940//6940 6938//6938 6905//6905
f 6940//6940 6936//6936 6933//6933
f 6941//6941 6937//6937 6934//6934
f 6941//6941 6934//6934 6939//6939
f 6941//6941 6899//6899 6898//6898
f 6941//6941 6898//6898 6937//6937
f 6942//6942 6903//6903 6902//6902
f 6942//6942 6936//6936 6940//6940
f 6942//6942 6940//6940 6903//6903
f 6942//6942 6939//6939 6936//6936
f 6943//6943 6900//6900 6899//6899
f 6943//6943 6901//6901 6900//6900
f 6943//6943 6902//6902 6901//6901
f 6943//6943 6942//6942 6902//6902
f 6943//6943 6939//6939 6942//6942
f 6943//6943 6941//6941 6939//6939
f 6943//6943 6899//6899 6941//6941
v 476.000000 306.299988 885.000000
v 476.000000 309.336151 879.947021
v 476.000000 306.299988 885.000000
v 476.000000 309.336151 890.052979
v 475.122559 309.336151 889.976257
v 474.271759 309.336151 889.748291
v 473.473511 309.336151 889.376038
v 472.751984 309.336151 888.870850
v 472.129181 309.336151 888.247986
v 471.623962 309.336151 887.526489
v 471.251740 309.336151 886.728210
v 471.023773 309.336151 885.877441
v 470.946991 309.336151 885.000000
v 471.021271 309.336151 884.136230
v 471.242126 309.336151 883.297974
v 471.603149 309.336151 882.509888
v 472.093567 309.336151 881.795105
v 472.698853 309.336151 881.174561
v 473.401215 309.336151 880.666504
v 474.180054 309.336151 880.285950
v 475.012543 309.336151 880.044312
v 475.503876 309.336151 879.971375
v 475.257477 307.059052 883.978027
v 475.609619 307.059052 883.798584
v 475.219269 307.818085 882.597168
v 474.977997 307.059052 884.257507
v 474.514954 307.818085 882.955994
v 474.798584 307.059052 884.609619
v 474.828888 308.577118 881.395752
v 473.956024 307.818085 883.514954
v 474.736755 307.059052 885.000000
v 473.772430 308.577118 881.934021
v 473.597168 307.818085 884.219238
v 474.798584 307.059052 885.390381
v 472.934021 308.577118 882.772461
v 473.473511 307.818085 885.000000
v 474.977997 307.059052 885.742493
v 472.395721 308.577118 883.828918
v 473.597168 307.818085 885.780762
v 475.257477 307.059052 886.021973
v 472.210236 308.577118 885.000000
v 473.956024 307.818085 886.485046
v 475.609619 307.059052 886.201416
v 472.395721 308.577118 886.171082
v 474.514954 307.818085 887.044006
v 472.934021 308.577118 887.227539
v 475.219269 307.818085 887.402832
v 473.772430 308.577118 888.065979
v 474.828888 308.577118 888.604248
vn 0.340752 0.876228 0.340752
vn 0.000000 0.857167 0.515038
vn 0.340752 0.876228 -0.340752
vn 0.000000 0.857167 -0.515038
vn 0.089435 0.857167 -0.507213
vn 0.176153 0.857167 -0.483977
vn 0.257519 0.857167 -0.446036
vn 0.331060 0.857167 -0.394542
vn 0.394542 0.857167 -0.331060
vn 0.446036 0.857167 -0.257519
vn 0.483977 0.857167 -0.176153
vn 0.507213 0.857167 -0.089435
vn 0.515038 0.857167 0.000000
vn 0.507459 0.857167 0.088032
vn 0.484945 0.857167 0.173473
vn 0.448158 0.857167 0.253809
vn 0.398181 0.857167 0.326674
vn 0.336485 0.857167 0.389925
vn 0.264887 0.857167 0.441700
vn 0.185492 0.857167 0.480476
vn 0.100638 0.857167 0.505110
vn 0.050563 0.857167 0.512550
vn 0.302732 0.857167 0.416675
vn 0.159156 0.857167 0.489830
vn 0.159156 0.857167 0.489830
vn 0.416675 0.857167 0.302732
vn 0.302732 0.857167 0.416675
vn 0.489830 0.857167 0.159156
vn 0.159156 0.857167 0.489830
vn 0.416675 0.857167 0.302732
vn 0.515038 0.857167 -0.000000
vn 0.302732 0.857167 0.416675
vn 0.489830 0.857167 0.159156
vn 0.489830 0.857167 -0.159156
vn 0.416675 0.857167 0.302732
vn 0.515038 0.857167 -0.000000
vn 0.416675 0.857167 -0.302732
vn 0.489830 0.857167 0.159156
vn 0.489830 0.857167 -0.159156
vn 0.302732 0.857167 -0.416675
vn 0.515038 0.857167 -0.000000
vn 0.416675 0.857167 -0.302732
vn 0.159156 0.857167 -0.489830
vn 0.489830 0.857167 -0.159156
vn 0.302732 0.857167 -0.416675
vn 0.416675 0.857167 -0.302732
vn 0.159156 0.857167 -0.489830
vn 0.302732 0.857167 -0.416675
vn 0.159156 0.857167 -0.489830
f 6966//6966 6944//6944 6967//6967
f 6968//6968 6944//6944 6945//6945
f 6968//6968 6967//6967 6944//6944
f 6969//6969 6944//6944 6966//6966
f 6970//6970 6967//6967 6968//6968
f 6970//6970 6966//6966 6967//6967
f 6971//6971 6944//6944 6969//6969
f 6972//6972 6963//6963 6962//6962
f 6972//6972 6964//6964 6963//6963
f 6972//6972 6965//6965 6964//6964
f 6972//6972 6945//6945 6965//6965
f 6972//6972 6968//6968 6945//6945
f 6973//6973 6966//6966 6970//6970
f 6973//6973 6969//6969 6966//6966
f 6974//6974 6946//6946 6944//6944
f 6974//6974 6944//6944 6971//6971
f 6975//6975 6962//6962 6961//6961
f 6975//6975 6970//6970 6968//6968
f 6975//6975 6972//6972 6962//6962
f 6975//6975 6968//6968 6972//6972
f 6976//6976 6974//6974 6971//6971
f 6976//6976 6971//6971 6969//6969
f 6976//6976 6969//6969 6973//6973
f 6977//6977 6946//6946 6974//6974
f 6978//6978 6960//6960 6959//6959
f 6978//6978 6961//6961 6960//6960
f 6978//6978 6975//6975 6961//6961
f 6978//6978 6970//6970 6975//6975
f 6978//6978 6973//6973 6970//6970
f 6979//6979 6974//6974 6976//6976
f 6980//6980 6946//6946 6977//6977
f 6981//6981 6958//6958 6957//6957
f 6981//6981 6959//6959 6958//6958
f 6981//6981 6978//6978 6959//6959
f 6981//6981 6976//6976 6973//6973
f 6981//6981 6973//6973 6978//6978
f 6981//6981 6979//6979 6976//6976
f 6982//6982 6977//6977 6974//6974
f 6982//6982 6974//6974 6979//6979
f 6983//6983 6946//6946 6980//6980
f 6984//6984 6956//6956 6955//6955
f 6984//6984 6957//6957 6956//6956
f 6984//6984 6981//6981 6957//6957
f 6984//6984 6979//6979 6981//6981
f 6985//6985 6980//6980 6977//6977
f 6985//6985 6977//6977 6982//6982
f 6986//6986 6946//6946 6983//6983
f 6987//6987 6954//6954 6953//6953
f 6987//6987 6955//6955 6954//6954
f 6987//6987 6984//6984 6955//6955
f 6987//6987 6982//6982 6979//6979
f 6987//6987 6979//6979 6984//6984
f 6988//6988 6986//6986 6983//6983
f 6988//6988 6983//6983 6980//6980
f 6988//6988 6980//6980 6985//6985
f 6989//6989 6985//6985 6982//6982
f 6989//6989 6952//6952 6951//6951
f 6989//6989 6953//6953 6952//6952
f 6989//6989 6982//6982 6987//6987
f 6989//6989 6987//6987 6953//6953
f 6990//6990 6986//6986 6988//6988
f 6990//6990 6947//6947 6946//6946
f 6990//6990 6946//6946 6986//6986
f 6991//6991 6951//6951 6950//6950
f 6991//6991 6988//6988 6985//6985
f 6991//6991 6990//6990 6988//6988
f 6991//6991 6985//6985 6989//6989
f 6991//6991 6989//6989 6951//6951
f 6992//6992 6948//6948 6947//6947
f 6992//6992 6949//6949 6948//6948
f 6992//6992 6950//6950 6949//6949
f 6992//6992 6991//6991 6950//6950
f 6992//6992 6990//6990 6991//6991
f 6992//6992 6947//6947 6990//6990
usemtl mat_2
v 349.999573 348.847046 1562.805786
v 350.127014 347.115479 1562.920166
v 350.504669 345.420654 1563.032227
v 351.052429 343.956543 1563.129028
v 351.706909 342.710144 1563.211426
v 352.503571 341.548645 1563.288208
v 353.345734 340.576141 1563.352539
v 354.288422 339.700012 1563.410645
v 349.998322 348.719513 1541.832153
v 350.122253 347.018188 1541.675171
v 350.489563 345.352051 1541.521606
v 351.031281 343.891174 1541.386963
v 351.690857 342.629822 1541.270874
v 352.496887 341.455139 1541.162598
v 353.291107 340.534790 1541.077881
v 354.175995 339.700012 1541.001099
vn -1.000000 0.000080 0.000042
vn -0.989321 -0.145244 0.012161
vn -0.957831 -0.286346 0.023807
vn -0.911654 -0.409558 0.033885
vn -0.856890 -0.513758 0.042342
vn -0.790677 -0.610179 0.050114
vn -0.720200 -0.691451 0.056628
vn -0.640996 -0.764996 0.062492
vn -1.000000 0.000086 0.000061
vn -0.989577 -0.143714 -0.009194
vn -0.958843 -0.283349 -0.018274
vn -0.913042 -0.407012 -0.026390
vn -0.857683 -0.513093 -0.033407
vn -0.790553 -0.611090 -0.039935
vn -0.724026 -0.688296 -0.045107
vn -0.649538 -0.758693 -0.049845
f 6993//6993 7001//7001 7002//7002
f 6994//6994 7002//7002 7003//7003
f 6994//6994 6993//6993 7002//7002
f 6995//6995 7003//7003 7004//7004
f 6995//6995 6994//6994 7003//7003
f 6996//6996 7004//7004 7005//7005
f 6996//6996 6995//6995 7004//7004
f 6997//6997 7005//7005 7006//7006
f 6997//6997 6996//6996 7005//7005
f 6998//6998 7006//7006 7007//7007
f 6998//6998 6997//6997 7006//7006
f 6999//6999 7007//7007 7008//7008
f 6999//6999 6998//6998 7007//7007
f 7000//7000 6999//6999 7008//7008
v 349.998260 356.403076 1524.270386
v 349.997925 350.478058 1523.505493
v 349.998322 348.719513 1541.832153
v 349.998810 354.666229 1542.380493
vn -1.000000 0.000045 -0.000014
vn -1.000000 0.000071 -0.000025
vn -1.000000 0.000086 0.000061
vn -1.000000 0.000062 0.000064
f 7012//7012 7009//7009 7010//7010
f 7011//7011 7012//7012 7010//7010
v 403.813324 339.700012 1541.011108
v 403.705383 339.700012 1563.416260
v 405.034607 340.900574 1541.122070
v 406.070129 342.262604 1541.247925
v 406.899628 343.757080 1541.385986
v 407.460388 345.210999 1541.520142
v 407.800903 346.591034 1541.647461
v 407.947083 347.652832 1541.745483
v 407.996277 348.723419 1541.844238
v 407.998291 348.849670 1562.812256
v 404.957275 340.907959 1563.336548
v 406.019653 342.284668 1563.245728
v 406.871368 343.799713 1563.145752
v 407.440979 345.255646 1563.049561
v 407.786102 346.619446 1562.959595
v 407.944885 347.729584 1562.886230
vn 0.649238 -0.758942 -0.049957
vn 0.640760 -0.765204 0.062360
vn 0.751948 -0.657808 -0.043168
vn 0.838269 -0.544095 -0.035583
vn 0.907679 -0.418777 -0.027288
vn 0.955105 -0.295644 -0.019205
vn 0.983603 -0.179971 -0.011672
vn 0.995848 -0.090843 -0.005909
vn 1.000000 -0.000062 -0.000078
vn 1.000000 -0.000060 -0.000093
vn 0.745908 -0.663835 0.054257
vn 0.834373 -0.549356 0.045049
vn 0.905429 -0.423067 0.034815
vn 0.953469 -0.300471 0.024799
vn 0.982264 -0.186867 0.015446
vn 0.995509 -0.094351 0.007776
f 7023//7023 7014//7014 7013//7013
f 7023//7023 7013//7013 7015//7015
f 7024//7024 7015//7015 7016//7016
f 7024//7024 7023//7023 7015//7015
f 7025//7025 7016//7016 7017//7017
f 7025//7025 7024//7024 7016//7016
f 7026//7026 7017//7017 7018//7018
f 7026//7026 7025//7025 7017//7017
f 7027//7027 7018//7018 7019//7019
f 7027//7027 7026//7026 7018//7018
f 7028//7028 7019//7019 7020//7020
f 7028//7028 7027//7027 7019//7019
f 7022//7022 7020//7020 7021//7021
f 7022//7022 7028//7028 7020//7020
v 395.999969 341.620819 1590.660522
v 396.132050 341.660675 1590.809326
v 396.185608 341.709747 1590.992432
v 396.221283 341.770538 1591.219360
v 395.999451 339.700012 1582.555298
v 397.061523 339.700012 1582.324341
v 396.718262 339.700012 1582.449341
v 396.362000 339.700012 1582.527832
v 403.705383 339.700012 1563.416260
v 402.283417 339.700012 1572.460205
v 400.979370 339.700012 1576.852783
v 399.671936 339.700012 1579.647949
v 399.194824 339.700012 1580.389771
v 398.693817 339.700012 1581.036499
v 398.030914 339.700012 1581.703003
v 397.566559 339.700012 1582.051147
v 404.957275 340.907959 1563.336548
v 406.019653 342.284668 1563.245728
v 406.871368 343.799713 1563.145752
v 407.440979 345.255646 1563.049561
v 407.786102 346.619446 1562.959595
v 407.944885 347.729584 1562.886230
v 407.998291 348.849670 1562.812256
v 407.999359 350.535736 1575.537231
v 408.000000 353.359680 1588.114136
v 407.848297 351.526550 1588.605225
v 407.435669 349.847992 1589.055054
v 406.722992 348.157074 1589.508057
v 405.765869 346.625122 1589.918579
v 404.583710 345.259583 1590.284058
v 403.181793 344.074402 1590.602051
v 401.671661 343.145386 1590.850830
v 400.054779 342.450439 1591.037231
v 398.326111 341.989136 1591.160767
v 397.250763 341.832123 1591.202881
v 406.471832 344.371735 1574.181030
v 406.090729 344.102692 1576.377319
vn -0.000025 -0.967252 0.253819
vn 0.011115 -0.966974 0.254633
vn 0.015626 -0.966646 0.255638
vn 0.018627 -0.966263 0.256883
vn -0.000018 -0.978441 0.206526
vn 0.088907 -0.974849 0.204364
vn 0.060294 -0.976791 0.205532
vn 0.030477 -0.978021 0.206269
vn 0.640760 -0.765204 0.062360
vn 0.523119 -0.843401 0.122562
vn 0.414755 -0.896358 0.156589
vn 0.305211 -0.935069 0.180257
vn 0.265586 -0.945819 0.186791
vn 0.224104 -0.955349 0.192576
vn 0.169285 -0.965344 0.198629
vn 0.130843 -0.970641 0.201830
vn 0.745908 -0.663835 0.054257
vn 0.834373 -0.549356 0.045049
vn 0.905429 -0.423067 0.034815
vn 0.953469 -0.300471 0.024799
vn 0.982264 -0.186867 0.015446
vn 0.995509 -0.094351 0.007776
vn 1.000000 -0.000060 -0.000093
vn 1.000000 -0.000036 -0.000064
vn 1.000000 0.000003 -0.000031
vn 0.987375 -0.153046 0.040823
vn 0.953150 -0.292287 0.077934
vn 0.893381 -0.434150 0.115690
vn 0.813992 -0.561312 0.149488
vn 0.715411 -0.675194 0.179722
vn 0.598239 -0.774378 0.206033
vn 0.473082 -0.851418 0.226453
vn 0.337518 -0.909707 0.241898
vn 0.193863 -0.948092 0.252067
vn 0.104701 -0.961118 0.255519
vn 0.872135 -0.482932 0.078462
vn 0.840523 -0.533472 0.094493
f 7038//7038 7037//7037 7045//7045
f 7038//7038 7045//7045 7046//7046
f 7029//7029 7036//7036 7035//7035
f 7029//7029 7033//7033 7036//7036
f 7063//7063 7030//7030 7029//7029
f 7063//7063 7031//7031 7030//7030
f 7063//7063 7032//7032 7031//7031
f 7062//7062 7035//7035 7034//7034
f 7062//7062 7029//7029 7035//7035
f 7062//7062 7063//7063 7029//7029
f 7061//7061 7044//7044 7043//7043
f 7061//7061 7034//7034 7044//7044
f 7061//7061 7062//7062 7034//7034
f 7060//7060 7043//7043 7042//7042
f 7060//7060 7061//7061 7043//7043
f 7052//7052 7050//7050 7051//7051
f 7059//7059 7042//7042 7041//7041
f 7059//7059 7060//7060 7042//7042
f 7058//7058 7041//7041 7040//7040
f 7058//7058 7059//7059 7041//7041
f 7054//7054 7055//7055 7052//7052
f 7053//7053 7054//7054 7052//7052
f 7064//7064 7046//7046 7047//7047
f 7064//7064 7047//7047 7048//7048
f 7064//7064 7048//7048 7049//7049
f 7064//7064 7049//7049 7050//7050
f 7064//7064 7038//7038 7046//7046
f 7064//7064 7050//7050 7052//7052
f 7065//7065 7052//7052 7055//7055
f 7065//7065 7039//7039 7038//7038
f 7065//7065 7040//7040 7039//7039
f 7065//7065 7055//7055 7056//7056
f 7065//7065 7056//7056 7057//7057
f 7065//7065 7057//7057 7058//7058
f 7065//7065 7038//7038 7064//7064
f 7065//7065 7064//7064 7052//7052
f 7065//7065 7058//7058 7040//7040
v 395.999451 339.700012 1582.555298
v 395.743286 339.700012 1582.555298
v 395.999969 341.620819 1590.660522
v 362.000031 341.619873 1590.656982
v 361.999756 339.700012 1582.556030
v 362.042511 339.700012 1582.556030
vn 0.000009 -0.978441 0.206526
vn 0.000009 -0.978442 0.206523
vn 0.000002 -0.967252 0.253819
vn 0.000004 -0.967251 0.253823
vn 0.000012 -0.978433 0.206566
vn 0.000012 -0.978433 0.206566
f 7069//7069 7070//7070 7071//7071
f 7067//7067 7069//7069 7071//7071
f 7068//7068 7067//7067 7066//7066
f 7068//7068 7069//7069 7067//7067
v 349.999573 348.847046 1562.805786
v 350.000000 350.534393 1575.534058
v 350.000000 353.359833 1588.114624
v 350.127014 347.115479 1562.920166
v 350.504669 345.420654 1563.032227
v 351.052429 343.956543 1563.129028
v 351.706909 342.710144 1563.211426
v 352.503571 341.548645 1563.288208
v 353.345734 340.576141 1563.352539
v 354.288422 339.700012 1563.410645
v 361.999756 339.700012 1582.556030
v 361.592804 339.700012 1582.522339
v 361.198700 339.700012 1582.425293
v 360.822205 339.700012 1582.272827
v 360.466797 339.700012 1582.074585
v 360.135803 339.700012 1581.841431
v 359.726959 339.700012 1581.486084
v 359.175995 339.700012 1580.883911
v 358.634247 339.700012 1580.143066
v 358.013397 339.700012 1579.089355
v 357.242096 339.700012 1577.423828
v 356.181335 339.700012 1574.282227
v 355.297943 339.700012 1570.524048
v 362.000031 341.619873 1590.656982
v 361.778717 341.770538 1591.219360
v 361.833130 341.688629 1590.913696
v 361.910034 341.637695 1590.723633
v 359.734924 341.977661 1591.163940
v 357.778351 342.509613 1591.021362
v 355.907440 343.374359 1590.789673
v 354.207581 344.545319 1590.475830
v 352.800385 345.917725 1590.108154
v 351.626495 347.533875 1589.675049
v 350.798248 349.202698 1589.228149
v 350.229156 351.109009 1588.717163
v 350.059509 352.209656 1588.422241
v 351.408020 344.435364 1573.207397
v 351.661652 344.284332 1575.090698
v 351.974701 344.048859 1576.661499
v 354.349640 342.944122 1584.495972
vn -1.000000 0.000080 0.000042
vn -1.000000 0.000050 0.000009
vn -1.000000 0.000007 -0.000022
vn -0.989321 -0.145244 0.012161
vn -0.957831 -0.286346 0.023807
vn -0.911654 -0.409558 0.033885
vn -0.856890 -0.513758 0.042342
vn -0.790677 -0.610179 0.050114
vn -0.720200 -0.691451 0.056628
vn -0.640996 -0.764996 0.062492
vn 0.000012 -0.978433 0.206566
vn -0.034202 -0.977901 0.206251
vn -0.067151 -0.976383 0.205345
vn -0.098493 -0.974019 0.203928
vn -0.127988 -0.970967 0.202095
vn -0.155399 -0.967404 0.199950
vn -0.189213 -0.962032 0.196706
vn -0.234774 -0.953047 0.191268
vn -0.279655 -0.942172 0.184677
vn -0.331330 -0.927051 0.175489
vn -0.396058 -0.903931 0.161392
vn -0.484500 -0.864100 0.136348
vn -0.557505 -0.823014 0.108796
vn 0.000005 -0.967251 0.253823
vn -0.018648 -0.966255 0.256911
vn -0.014068 -0.966778 0.255230
vn -0.007588 -0.967125 0.254188
vn -0.188808 -0.949035 0.252358
vn -0.351515 -0.904728 0.240633
vn -0.508032 -0.832378 0.221471
vn -0.648992 -0.735192 0.195709
vn -0.766983 -0.620049 0.165153
vn -0.864313 -0.485989 0.129532
vn -0.933575 -0.346277 0.092357
vn -0.980963 -0.187627 0.050076
vn -0.995018 -0.096328 0.025713
vn -0.882044 -0.465529 0.072676
vn -0.860973 -0.501547 0.084713
vn -0.835034 -0.541568 0.097063
vn -0.636870 -0.751687 0.171355
f 7094//7094 7078//7078 7079//7079
f 7094//7094 7079//7079 7080//7080
f 7094//7094 7080//7080 7081//7081
f 7107//7107 7074//7074 7073//7073
f 7106//7106 7107//7107 7073//7073
f 7105//7105 7106//7106 7073//7073
f 7100//7100 7086//7086 7085//7085
f 7099//7099 7085//7085 7084//7084
f 7099//7099 7100//7100 7085//7085
f 7095//7095 7098//7098 7099//7099
f 7095//7095 7083//7083 7082//7082
f 7095//7095 7084//7084 7083//7083
f 7095//7095 7099//7099 7084//7084
f 7097//7097 7099//7099 7098//7098
f 7096//7096 7099//7099 7097//7097
f 7108//7108 7073//7073 7072//7072
f 7108//7108 7072//7072 7075//7075
f 7108//7108 7075//7075 7076//7076
f 7108//7108 7076//7076 7077//7077
f 7108//7108 7077//7077 7078//7078
f 7108//7108 7094//7094 7093//7093
f 7108//7108 7078//7078 7094//7094
f 7109//7109 7108//7108 7093//7093
f 7109//7109 7073//7073 7108//7108
f 7110//7110 7073//7073 7109//7109
f 7110//7110 7093//7093 7092//7092
f 7110//7110 7109//7109 7093//7093
f 7110//7110 7105//7105 7073//7073
f 7111//7111 7105//7105 7110//7110
f 7111//7111 7087//7087 7086//7086
f 7111//7111 7088//7088 7087//7087
f 7111//7111 7089//7089 7088//7088
f 7111//7111 7090//7090 7089//7089
f 7111//7111 7091//7091 7090//7090
f 7111//7111 7092//7092 7091//7091
f 7111//7111 7100//7100 7101//7101
f 7111//7111 7101//7101 7102//7102
f 7111//7111 7102//7102 7103//7103
f 7111//7111 7103//7103 7104//7104
f 7111//7111 7104//7104 7105//7105
f 7111//7111 7110//7110 7092//7092
f 7111//7111 7086//7086 7100//7100
v 361.998627 368.253906 1525.802734
v 359.949585 368.079041 1525.779785
v 357.960083 367.562286 1525.712646
v 356.520721 366.946442 1525.632813
v 355.195099 366.163940 1525.531494
v 353.981415 365.220428 1525.409424
v 352.900940 364.130219 1525.268555
v 351.971252 362.911377 1525.110962
v 351.206848 361.584961 1524.939575
v 350.621918 360.172302 1524.757080
v 350.226044 358.696503 1524.566528
v 350.055603 357.555298 1524.419067
v 349.998260 356.403076 1524.270386
v 349.998810 354.666229 1542.380493
v 361.999390 366.560669 1543.479980
v 359.950348 366.385132 1543.463379
v 357.960876 365.866455 1543.415161
v 356.521454 365.248352 1543.357788
v 355.195831 364.462982 1543.285156
v 353.982147 363.515991 1543.197510
v 352.901642 362.421753 1543.096436
v 351.971924 361.198425 1542.983398
v 351.207489 359.867157 1542.860474
v 350.622528 358.449280 1542.729614
v 350.226624 356.968109 1542.592896
v 350.056183 355.822693 1542.487183
vn -0.000078 0.994118 0.108300
vn -0.170256 0.979606 0.106697
vn -0.334888 0.936725 0.101957
vn -0.455387 0.885075 0.096255
vn -0.565221 0.820114 0.089095
vn -0.666132 0.741483 0.080448
vn -0.757043 0.649565 0.070367
vn -0.834497 0.547819 0.059241
vn -0.898329 0.436787 0.047142
vn -0.947774 0.317108 0.034151
vn -0.980912 0.193339 0.020770
vn -0.995166 0.097652 0.010464
vn -1.000000 0.000045 -0.000014
vn -1.000000 0.000062 0.000064
vn -0.000077 0.998205 0.059896
vn -0.170143 0.983647 0.059076
vn -0.334686 0.940627 0.056625
vn -0.455143 0.888801 0.053650
vn -0.564963 0.823607 0.049882
vn -0.665885 0.744679 0.045282
vn -0.756829 0.652397 0.039851
vn -0.834330 0.550229 0.033781
vn -0.898215 0.438720 0.027084
vn -0.947711 0.318517 0.019785
vn -0.980887 0.194201 0.012151
vn -0.995158 0.098093 0.006193
f 7126//7126 7112//7112 7113//7113
f 7127//7127 7113//7113 7114//7114
f 7127//7127 7126//7126 7113//7113
f 7128//7128 7114//7114 7115//7115
f 7128//7128 7127//7127 7114//7114
f 7129//7129 7115//7115 7116//7116
f 7129//7129 7128//7128 7115//7115
f 7130//7130 7116//7116 7117//7117
f 7130//7130 7129//7129 7116//7116
f 7131//7131 7117//7117 7118//7118
f 7131//7131 7130//7130 7117//7117
f 7132//7132 7118//7118 7119//7119
f 7132//7132 7131//7131 7118//7118
f 7133//7133 7119//7119 7120//7120
f 7133//7133 7132//7132 7119//7119
f 7134//7134 7120//7120 7121//7121
f 7134//7134 7133//7133 7120//7120
f 7135//7135 7121//7121 7122//7122
f 7135//7135 7134//7134 7121//7121
f 7136//7136 7122//7122 7123//7123
f 7136//7136 7135//7135 7122//7122
f 7137//7137 7123//7123 7124//7124
f 7137//7137 7136//7136 7123//7123
f 7125//7125 7137//7137 7124//7124
v 395.997437 368.255890 1525.809937
v 361.998627 368.253906 1525.802734
v 361.999390 366.560669 1543.479980
v 395.998047 366.562988 1543.487061
vn -0.000083 0.994125 0.108236
vn -0.000078 0.994118 0.108300
vn -0.000077 0.998205 0.059896
vn -0.000083 0.998203 0.059916
f 7139//7139 7141//7141 7138//7138
f 7140//7140 7141//7141 7139//7139
v 407.996460 356.406433 1524.282715
v 407.818939 358.433716 1524.544312
v 407.294220 360.400970 1524.798218
v 406.669220 361.823425 1524.981689
v 405.875458 363.132721 1525.150635
v 404.918884 364.330780 1525.305054
v 403.814148 365.396729 1525.442383
v 402.579742 366.313354 1525.560547
v 401.237122 367.066559 1525.657471
v 399.807892 367.642517 1525.731567
v 398.315521 368.032043 1525.781494
v 397.161896 368.199615 1525.802979
v 395.997437 368.255890 1525.809937
v 395.998047 366.562988 1543.487061
v 407.996735 354.670166 1542.392700
v 407.819244 356.704895 1542.580200
v 407.294586 358.679352 1542.762207
v 406.669617 360.107025 1542.893799
v 405.875885 361.421112 1543.014771
v 404.919342 362.623566 1543.125488
v 403.814667 363.693390 1543.223999
v 402.580292 364.613373 1543.308594
v 401.237671 365.369324 1543.378052
v 399.808472 365.947388 1543.431030
v 398.316132 366.338348 1543.466797
v 397.162506 366.506500 1543.482056
vn 1.000000 -0.000076 0.000064
vn 0.985106 0.170957 0.018418
vn 0.941145 0.336056 0.036237
vn 0.888337 0.456538 0.049302
vn 0.822136 0.565990 0.061218
vn 0.742305 0.666165 0.072161
vn 0.649352 0.756053 0.082010
vn 0.546869 0.832324 0.090391
vn 0.435455 0.894938 0.097287
vn 0.315759 0.943274 0.102618
vn 0.192295 0.975575 0.106187
vn 0.097013 0.989437 0.107718
vn -0.000083 0.994125 0.108236
vn -0.000083 0.998203 0.059916
vn 1.000000 -0.000084 -0.000084
vn 0.985093 0.171694 0.010626
vn 0.941087 0.337523 0.020818
vn 0.888230 0.458534 0.028162
vn 0.821979 0.568456 0.034762
vn 0.742101 0.669048 0.040742
vn 0.649117 0.759293 0.046058
vn 0.546623 0.835853 0.050529
vn 0.435224 0.898691 0.054174
vn 0.315571 0.947190 0.056974
vn 0.192171 0.979596 0.058839
vn 0.096949 0.993501 0.059640
f 7156//7156 7142//7142 7143//7143
f 7157//7157 7143//7143 7144//7144
f 7157//7157 7156//7156 7143//7143
f 7158//7158 7157//7157 7144//7144
f 7159//7159 7144//7144 7145//7145
f 7159//7159 7158//7158 7144//7144
f 7160//7160 7145//7145 7146//7146
f 7160//7160 7159//7159 7145//7145
f 7161//7161 7146//7146 7147//7147
f 7161//7161 7160//7160 7146//7146
f 7162//7162 7147//7147 7148//7148
f 7162//7162 7161//7161 7147//7147
f 7163//7163 7148//7148 7149//7149
f 7163//7163 7162//7162 7148//7148
f 7164//7164 7149//7149 7150//7150
f 7164//7164 7163//7163 7149//7149
f 7165//7165 7150//7150 7151//7151
f 7165//7165 7164//7164 7150//7150
f 7166//7166 7151//7151 7152//7152
f 7166//7166 7165//7165 7151//7151
f 7167//7167 7152//7152 7153//7153
f 7167//7167 7166//7166 7152//7152
f 7155//7155 7153//7153 7154//7154
f 7155//7155 7167//7167 7153//7153
v 407.996124 350.481415 1523.517822
v 407.996460 356.406433 1524.282715
v 407.996735 354.670166 1542.392700
v 407.996277 348.723419 1541.844238
vn 1.000000 -0.000055 0.000081
vn 1.000000 -0.000076 0.000064
vn 1.000000 -0.000084 -0.000084
vn 1.000000 -0.000062 -0.000078
f 7170//7170 7168//7168 7169//7169
f 7170//7170 7171//7171 7168//7168
usemtl mat_1
v 411.000000 400.110016 1627.351196
v 411.000000 354.711517 1639.515625
v 411.000000 387.169067 1579.054932
v 411.000000 341.770538 1591.219360
vn 1.000000 0.000000 -0.000000
vn 1.000000 0.000000 -0.000000
vn 1.000000 0.000000 -0.000000
vn 1.000000 0.000000 -0.000000
f 7172//7172 7175//7175 7174//7174
f 7172//7172 7173//7173 7175//7175
v 347.000000 387.169067 1579.054932
v 347.000000 400.110016 1627.351196
v 411.000000 400.110016 1627.351196
v 411.000000 387.169067 1579.054932
vn -0.000000 0.965926 -0.258819
vn -0.000000 0.965926 -0.258819
vn -0.000000 0.965926 -0.258819
vn -0.000000 0.965926 -0.258819
f 7179//7179 7176//7176 7177//7177
f 7178//7178 7179//7179 7177//7177
v 347.000000 387.169067 1579.054932
v 347.000000 341.770538 1591.219360
v 347.000000 400.110016 1627.351196
v 347.000000 354.711517 1639.515625
vn -1.000000 -0.000000 0.000000
vn -1.000000 -0.000000 0.000000
vn -1.000000 -0.000000 0.000000
vn -1.000000 -0.000000 0.000000
f 7182//7182 7181//7181 7183//7183
f 7180//7180 7181//7181 7182//7182
usemtl mat_5
v 407.887207 371.922272 1634.904053
v 407.727295 373.905334 1634.372681
v 407.225433 375.834320 1633.855835
v 406.396393 377.653656 1633.368286
v 405.257782 379.310669 1632.924316
v 403.844940 380.756866 1632.536865
v 402.194672 381.946228 1632.218140
v 400.357635 382.842346 1631.978027
v 398.383972 383.419159 1631.823486
v 397.219299 383.596893 1631.775879
v 396.045288 383.661285 1631.758545
v 398.207001 390.636017 1660.045532
v 401.088959 394.451172 1677.060425
v 405.048218 397.838226 1693.570557
v 413.895203 383.010986 1694.159912
v 413.926880 385.810333 1693.588013
v 413.545532 388.435120 1693.163086
v 412.800354 390.807220 1692.887451
v 412.122864 392.234192 1692.783569
v 411.058289 393.879059 1692.740723
v 409.866577 395.220306 1692.793335
v 408.601196 396.268372 1692.924927
v 407.167084 397.115814 1693.142456
v 406.136139 397.540436 1693.336060
v 408.816345 377.467407 1661.932007
v 410.843628 380.435333 1678.258789
v 407.496033 378.621948 1647.601929
v 401.999878 385.724945 1646.152466
v 406.733582 385.341156 1660.262695
v 407.763641 387.069092 1668.582886
v 409.059967 388.691864 1676.763550
v 406.469055 394.814819 1684.838623
v 407.314636 394.222260 1684.764648
v 405.622864 382.453247 1646.742798
v 403.330231 388.809448 1659.846680
v 403.870575 389.739777 1664.074951
v 405.159882 391.523834 1672.442505
v 405.903809 392.374512 1676.568359
v 411.109924 391.644928 1688.791748
vn 0.999781 -0.000059 0.020934
vn 0.986663 0.161689 -0.018760
vn 0.945671 0.319524 -0.060095
vn 0.877343 0.469048 -0.101305
vn 0.782918 0.606028 -0.140603
vn 0.665450 0.725407 -0.175956
vn 0.526087 0.825067 -0.206147
vn 0.371609 0.899646 -0.229223
vn 0.205490 0.947662 -0.244357
vn 0.106450 0.962597 -0.249151
vn 0.006497 0.967973 -0.250972
vn 0.063057 0.970036 -0.234634
vn 0.102866 0.967950 -0.229111
vn 0.145824 0.962726 -0.227804
vn 0.971305 -0.129560 -0.199452
vn 0.973401 0.023105 -0.227941
vn 0.950067 0.181182 -0.254060
vn 0.898477 0.341666 -0.275687
vn 0.847095 0.447636 -0.286446
vn 0.759332 0.580182 -0.294625
vn 0.651083 0.699371 -0.294909
vn 0.527988 0.799251 -0.287099
vn 0.380328 0.884675 -0.269629
vn 0.268253 0.929914 -0.251595
vn 0.995007 -0.062662 -0.077680
vn 0.985425 -0.097727 -0.139240
vn 0.962392 0.254567 -0.094851
vn 0.502739 0.833719 -0.228399
vn 0.837026 0.510330 -0.197361
vn 0.847859 0.483374 -0.217909
vn 0.857060 0.456448 -0.238962
vn 0.493126 0.825396 -0.274860
vn 0.575097 0.769054 -0.278962
vn 0.812193 0.558818 -0.167525
vn 0.543357 0.803492 -0.243236
vn 0.553428 0.794897 -0.248709
vn 0.573155 0.776971 -0.260404
vn 0.582756 0.767675 -0.266590
vn 0.838093 0.470095 -0.276787
f 7199//7199 7198//7198 7209//7209
f 7210//7210 7184//7184 7185//7185
f 7210//7210 7185//7185 7186//7186
f 7210//7210 7186//7186 7187//7187
f 7210//7210 7208//7208 7184//7184
f 7211//7211 7189//7189 7190//7190
f 7211//7211 7190//7190 7191//7191
f 7211//7211 7191//7191 7192//7192
f 7211//7211 7192//7192 7193//7193
f 7211//7211 7193//7193 7194//7194
f 7211//7211 7194//7194 7195//7195
f 7212//7212 7208//7208 7210//7210
f 7213//7213 7209//7209 7208//7208
f 7213//7213 7208//7208 7212//7212
f 7214//7214 7209//7209 7213//7213
f 7215//7215 7196//7196 7197//7197
f 7215//7215 7206//7206 7205//7205
f 7215//7215 7207//7207 7206//7206
f 7215//7215 7197//7197 7207//7207
f 7215//7215 7205//7205 7216//7216
f 7217//7217 7187//7187 7188//7188
f 7217//7217 7188//7188 7189//7189
f 7217//7217 7212//7212 7210//7210
f 7217//7217 7210//7210 7187//7187
f 7217//7217 7189//7189 7211//7211
f 7218//7218 7212//7212 7217//7217
f 7218//7218 7217//7217 7211//7211
f 7218//7218 7211//7211 7195//7195
f 7219//7219 7195//7195 7196//7196
f 7219//7219 7212//7212 7218//7218
f 7219//7219 7218//7218 7195//7195
f 7219//7219 7213//7213 7212//7212
f 7220//7220 7214//7214 7213//7213
f 7220//7220 7213//7213 7219//7219
f 7220//7220 7219//7219 7196//7196
f 7221//7221 7216//7216 7214//7214
f 7221//7221 7220//7220 7196//7196
f 7221//7221 7196//7196 7215//7215
f 7221//7221 7215//7215 7216//7216
f 7221//7221 7214//7214 7220//7220
f 7222//7222 7200//7200 7199//7199
f 7222//7222 7201//7201 7200//7200
f 7222//7222 7202//7202 7201//7201
f 7222//7222 7203//7203 7202//7202
f 7222//7222 7204//7204 7203//7203
f 7222//7222 7205//7205 7204//7204
f 7222//7222 7214//7214 7216//7216
f 7222//7222 7209//7209 7214//7214
f 7222//7222 7199//7199 7209//7209
f 7222//7222 7216//7216 7205//7205
v 407.887207 371.922272 1634.904053
v 408.816345 377.467407 1661.932007
v 410.843628 380.435333 1678.258789
v 413.895203 383.010986 1694.159912
v 413.598083 381.288330 1694.586914
v 413.779816 382.103577 1694.373779
v 407.869690 370.535919 1635.275513
v 408.675690 375.929230 1662.320313
v 410.624908 378.804260 1678.664307
vn 0.999781 -0.000059 0.020934
vn 0.995007 -0.062662 -0.077680
vn 0.985425 -0.097727 -0.139240
vn 0.971305 -0.129560 -0.199452
vn 0.937755 -0.307296 -0.161816
vn 0.960225 -0.210645 -0.183294
vn 0.999513 -0.013397 0.028174
vn 0.985153 -0.163016 -0.053853
vn 0.964604 -0.240613 -0.107910
f 7224//7224 7230//7230 7229//7229
f 7224//7224 7229//7229 7223//7223
f 7225//7225 7231//7231 7230//7230
f 7225//7225 7230//7230 7224//7224
f 7228//7228 7227//7227 7231//7231
f 7228//7228 7231//7231 7225//7225
f 7226//7226 7228//7228 7225//7225
v 407.869690 370.535919 1635.275513
v 408.675690 375.929230 1662.320313
v 410.624908 378.804260 1678.664307
v 413.598083 381.288330 1694.586914
v 413.061859 379.887665 1695.013916
v 407.837372 369.353729 1635.592285
v 408.417053 374.644348 1662.662964
v 410.226105 377.460022 1679.042358
vn 0.999513 -0.013397 0.028174
vn 0.985153 -0.163016 -0.053853
vn 0.964604 -0.240613 -0.107910
vn 0.937755 -0.307296 -0.161816
vn 0.882104 -0.455083 -0.121618
vn 0.999083 -0.020242 0.037729
vn 0.970991 -0.237034 -0.031478
vn 0.931970 -0.354253 -0.077058
f 7233//7233 7238//7238 7237//7237
f 7233//7233 7237//7237 7232//7232
f 7234//7234 7239//7239 7238//7238
f 7234//7234 7238//7238 7233//7233
f 7235//7235 7236//7236 7239//7239
f 7235//7235 7239//7239 7234//7234
v 407.837372 369.353729 1635.592285
v 408.417053 374.644348 1662.662964
v 410.226105 377.460022 1679.042358
v 413.061859 379.887665 1695.013916
v 412.466553 378.601166 1695.433960
v 407.802612 368.006378 1635.953369
v 408.128906 373.316833 1663.019897
v 409.782471 376.151062 1679.421875
vn 0.999083 -0.020242 0.037729
vn 0.970991 -0.237034 -0.031478
vn 0.931970 -0.354253 -0.077058
vn 0.882104 -0.455083 -0.121618
vn 0.907371 -0.401325 -0.124965
vn 0.998965 -0.009052 0.044571
vn 0.982496 -0.183410 -0.032585
vn 0.952466 -0.293894 -0.080211
f 7241//7241 7246//7246 7245//7245
f 7241//7241 7245//7245 7240//7240
f 7242//7242 7247//7247 7246//7246
f 7242//7242 7246//7246 7241//7241
f 7243//7243 7244//7244 7247//7247
f 7243//7243 7247//7247 7242//7242
v 407.775696 366.111267 1636.461060
v 407.802612 368.006378 1635.953369
v 408.128906 373.316833 1663.019897
v 409.782471 376.151062 1679.421875
v 412.466553 378.601166 1695.433960
v 412.037537 376.990662 1695.874023
v 412.197327 377.781799 1695.671631
v 412.323395 378.209656 1695.551392
v 407.922729 371.542206 1663.474121
v 409.463837 374.456787 1679.861816
vn 0.998826 0.005325 0.048151
vn 0.998965 -0.009052 0.044571
vn 0.982496 -0.183410 -0.032585
vn 0.952466 -0.293894 -0.080211
vn 0.907371 -0.401325 -0.124965
vn 0.969544 -0.184959 -0.160547
vn 0.947590 -0.284838 -0.144710
vn 0.928332 -0.346617 -0.134371
vn 0.996034 -0.076188 -0.045943
vn 0.986076 -0.129668 -0.104118
f 7250//7250 7248//7248 7249//7249
f 7250//7250 7256//7256 7248//7248
f 7251//7251 7257//7257 7256//7256
f 7251//7251 7256//7256 7250//7250
f 7254//7254 7253//7253 7257//7257
f 7254//7254 7257//7257 7251//7251
f 7255//7255 7254//7254 7251//7251
f 7252//7252 7255//7255 7251//7251
v 407.775696 366.111267 1636.461060
v 407.922729 371.542206 1663.474121
v 409.463837 374.456787 1679.861816
v 412.037537 376.990662 1695.874023
v 411.359070 374.155731 1696.628174
v 411.821716 375.763092 1696.179443
v 407.263397 362.822723 1637.342285
v 407.336700 368.452759 1664.290283
v 408.831451 371.493896 1680.644165
v 407.544189 363.908173 1637.051392
v 407.714844 365.014038 1636.755127
vn 0.998826 0.005325 0.048151
vn 0.996034 -0.076188 -0.045943
vn 0.986076 -0.129668 -0.104118
vn 0.969544 -0.184959 -0.160547
vn 0.919762 -0.374523 -0.117350
vn 0.958437 -0.244595 -0.146873
vn 0.956773 -0.269366 0.109673
vn 0.948453 -0.316840 0.007032
vn 0.936554 -0.346004 -0.056102
vn 0.980076 -0.177245 0.089642
vn 0.993941 -0.085440 0.069145
f 7265//7265 7264//7264 7267//7267
f 7265//7265 7267//7267 7268//7268
f 7259//7259 7268//7268 7258//7258
f 7259//7259 7265//7265 7268//7268
f 7260//7260 7266//7266 7265//7265
f 7260//7260 7265//7265 7259//7259
f 7263//7263 7262//7262 7266//7266
f 7263//7263 7266//7266 7260//7260
f 7261//7261 7263//7263 7260//7260
v 407.263397 362.822723 1637.342285
v 407.336700 368.452759 1664.290283
v 408.831451 371.493896 1680.644165
v 411.359070 374.155731 1696.628174
v 409.172913 370.616364 1697.932007
v 410.107239 371.762787 1697.448486
v 410.833557 372.966125 1697.009766
v 404.916016 358.666382 1638.455933
v 405.051575 364.576202 1665.501587
v 406.593475 367.787750 1681.906128
v 405.892059 359.944031 1638.113647
v 406.678955 361.338959 1637.739868
vn 0.956773 -0.269366 0.109673
vn 0.948453 -0.316840 0.007032
vn 0.936554 -0.346004 -0.056102
vn 0.919762 -0.374523 -0.117350
vn 0.718909 -0.694688 -0.024051
vn 0.807188 -0.587272 -0.059658
vn 0.871802 -0.481497 -0.090119
vn 0.760835 -0.622839 0.182212
vn 0.749378 -0.656099 0.089258
vn 0.736295 -0.675911 0.031861
vn 0.843901 -0.512003 0.160262
vn 0.907580 -0.397016 0.136660
f 7277//7277 7276//7276 7279//7279
f 7277//7277 7279//7279 7280//7280
f 7270//7270 7280//7280 7269//7269
f 7270//7270 7277//7277 7280//7280
f 7278//7278 7277//7277 7270//7270
f 7271//7271 7278//7278 7270//7270
f 7274//7274 7273//7273 7278//7278
f 7274//7274 7278//7278 7271//7271
f 7275//7275 7274//7274 7271//7271
f 7272//7272 7275//7275 7271//7271
v 400.598938 355.577301 1639.283691
v 402.189941 356.393707 1639.064941
v 403.640717 357.431000 1638.786987
v 404.916016 358.666382 1638.455933
v 405.051575 364.576202 1665.501587
v 406.593475 367.787750 1681.906128
v 409.172913 370.616364 1697.932007
v 405.335785 368.126678 1699.471313
v 406.739014 368.755890 1698.964966
v 408.035400 369.597961 1698.444702
v 400.923523 361.768433 1666.678833
v 402.604736 365.143738 1683.275635
vn 0.398763 -0.887905 0.229377
vn 0.534676 -0.816483 0.217893
vn 0.652202 -0.730476 0.202577
vn 0.760835 -0.622839 0.182212
vn 0.749378 -0.656099 0.089258
vn 0.736295 -0.675911 0.031861
vn 0.718909 -0.694688 -0.024051
vn 0.359874 -0.928756 0.088903
vn 0.493474 -0.868263 0.051011
vn 0.610781 -0.791674 0.014075
vn 0.386531 -0.907098 0.166631
vn 0.374737 -0.918328 0.127456
f 7291//7291 7281//7281 7282//7282
f 7291//7291 7282//7282 7283//7283
f 7285//7285 7283//7283 7284//7284
f 7285//7285 7291//7291 7283//7283
f 7292//7292 7291//7291 7285//7285
f 7286//7286 7292//7292 7285//7285
f 7289//7289 7288//7288 7292//7292
f 7289//7289 7292//7292 7286//7286
f 7290//7290 7289//7289 7286//7286
f 7287//7287 7290//7290 7286//7286
v 395.829224 354.621704 1639.539673
v 397.448456 354.730225 1639.510620
v 399.054749 355.049774 1639.425049
v 400.598938 355.577301 1639.283691
v 400.923523 361.768433 1666.678833
v 402.604736 365.143738 1683.275635
v 405.335785 368.126678 1699.471313
v 401.107544 367.576630 1700.726318
v 402.455811 367.562164 1700.364380
v 403.885834 367.735352 1699.942505
v 396.363129 361.010559 1667.415039
v 398.202148 364.495392 1684.283691
vn -0.001130 -0.971953 0.235174
vn 0.136501 -0.961781 0.237371
vn 0.267065 -0.934465 0.235479
vn 0.398763 -0.887905 0.229377
vn 0.386531 -0.907098 0.166631
vn 0.374737 -0.918328 0.127456
vn 0.359874 -0.928756 0.088903
vn -0.028919 -0.983186 0.180304
vn 0.095473 -0.983474 0.153831
vn 0.223109 -0.966875 0.123996
vn -0.011260 -0.977298 0.211570
vn -0.019376 -0.980388 0.196124
f 7303//7303 7293//7293 7294//7294
f 7303//7303 7294//7294 7295//7295
f 7297//7297 7295//7295 7296//7296
f 7297//7297 7303//7303 7295//7295
f 7304//7304 7303//7303 7297//7297
f 7298//7298 7304//7304 7297//7297
f 7301//7301 7300//7300 7304//7304
f 7301//7301 7304//7304 7298//7298
f 7302//7302 7301//7301 7298//7298
f 7299//7299 7302//7302 7298//7298
v 362.012482 354.723236 1639.512573
v 395.177887 354.622040 1639.539673
v 395.829224 354.621704 1639.539673
v 396.363129 361.010559 1667.415039
v 398.202148 364.495392 1684.283691
v 401.107544 367.576630 1700.726318
v 371.395996 371.225952 1708.032593
v 364.134247 362.813019 1670.894897
v 367.168060 367.261688 1689.761963
vn -0.005880 -0.965344 0.260914
vn -0.001181 -0.971907 0.235360
vn -0.001130 -0.971953 0.235174
vn -0.011260 -0.977298 0.211570
vn -0.019376 -0.980388 0.196124
vn -0.028919 -0.983186 0.180304
vn -0.143559 -0.960823 0.237088
vn -0.061582 -0.967712 0.244422
vn -0.100942 -0.965832 0.238704
f 7306//7306 7312//7312 7305//7305
f 7308//7308 7306//7306 7307//7307
f 7308//7308 7313//7313 7312//7312
f 7308//7308 7312//7312 7306//7306
f 7309//7309 7311//7311 7313//7313
f 7309//7309 7313//7313 7308//7308
f 7310//7310 7311//7311 7309//7309
v 362.012482 354.723236 1639.512573
v 364.134247 362.813019 1670.894897
v 367.168060 367.261688 1689.761963
v 371.395996 371.225952 1708.032593
v 362.549255 386.053345 1707.443115
v 362.517548 383.253998 1708.015015
v 362.898926 380.629211 1708.439941
v 363.644104 378.257111 1708.715576
v 364.321564 376.830139 1708.819458
v 365.386108 375.185242 1708.862305
v 366.577820 373.843994 1708.809692
v 367.843262 372.795990 1708.678101
v 369.277435 371.948578 1708.460571
v 370.308319 371.523895 1708.266968
v 350.143677 366.432953 1636.374878
v 353.510071 375.966278 1669.014038
v 357.406158 381.270081 1688.567017
v 350.241577 364.881042 1636.790771
v 350.681671 362.912384 1637.318237
v 351.464935 361.041687 1637.819458
v 352.570404 359.328064 1638.278687
v 353.966583 357.825684 1638.681274
v 355.611206 356.580536 1639.014893
v 357.264557 355.713257 1639.247192
v 358.857086 355.156128 1639.396484
v 360.414856 354.837067 1639.482056
v 357.190430 360.568604 1655.287476
v 357.239105 370.626068 1680.462402
v 355.600677 368.101990 1670.679321
v 359.193726 373.018250 1690.060059
v 365.608704 370.688873 1699.511963
v 351.885651 363.428955 1646.100586
v 352.342865 362.595520 1646.299683
v 353.014465 361.598816 1646.534912
v 353.428192 367.966675 1662.348633
v 359.007965 364.637115 1671.094727
v 359.725891 365.860413 1675.951782
v 361.398621 368.209167 1685.526123
v 359.415680 376.122040 1694.564209
v 362.351807 369.337250 1690.254639
v 364.762878 371.281250 1699.585815
v 362.435699 376.932251 1704.122559
v 363.084015 375.667786 1704.219482
v 355.931396 357.604675 1643.142212
vn -0.005880 -0.965344 0.260914
vn -0.061582 -0.967712 0.244422
vn -0.100942 -0.965832 0.238704
vn -0.143559 -0.960823 0.237088
vn -0.954937 0.141894 0.260693
vn -0.955769 -0.009832 0.293955
vn -0.932621 -0.168115 0.319306
vn -0.882379 -0.329639 0.335776
vn -0.832416 -0.436661 0.341189
vn -0.746908 -0.570920 0.340849
vn -0.641070 -0.691977 0.331960
vn -0.520344 -0.793657 0.315200
vn -0.375143 -0.880803 0.288882
vn -0.264618 -0.927088 0.265491
vn -0.999099 0.015073 0.039664
vn -0.987278 0.076888 0.139181
vn -0.973342 0.111090 0.200660
vn -0.991011 -0.110715 0.075093
vn -0.954891 -0.272493 0.118032
vn -0.890576 -0.427072 0.156473
vn -0.798826 -0.570769 0.190000
vn -0.683330 -0.696965 0.217483
vn -0.545002 -0.803660 0.238964
vn -0.406074 -0.878286 0.252424
vn -0.272979 -0.926315 0.259658
vn -0.141480 -0.954549 0.262334
vn -0.514396 -0.817162 0.260084
vn -0.838243 -0.470836 0.275067
vn -0.829338 -0.497503 0.254340
vn -0.845534 -0.444225 0.296203
vn -0.486598 -0.819815 0.301871
vn -0.897744 -0.404541 0.174362
vn -0.860393 -0.473203 0.189214
vn -0.805251 -0.555935 0.206170
vn -0.908728 -0.359942 0.211319
vn -0.538395 -0.795904 0.276890
vn -0.547925 -0.787369 0.282539
vn -0.566521 -0.769623 0.294507
vn -0.912960 -0.284726 0.292291
vn -0.575588 -0.760396 0.300827
vn -0.567281 -0.762331 0.311520
vn -0.873259 -0.362254 0.325870
vn -0.824460 -0.459005 0.331029
vn -0.536784 -0.807430 0.244785
f 7340//7340 7314//7314 7315//7315
f 7341//7341 7330//7330 7329//7329
f 7341//7341 7329//7329 7342//7342
f 7343//7343 7330//7330 7341//7341
f 7344//7344 7316//7316 7317//7317
f 7344//7344 7326//7326 7325//7325
f 7344//7344 7327//7327 7326//7326
f 7344//7344 7317//7317 7327//7327
f 7345//7345 7329//7329 7328//7328
f 7345//7345 7328//7328 7331//7331
f 7345//7345 7331//7331 7332//7332
f 7345//7345 7332//7332 7333//7333
f 7346//7346 7333//7333 7334//7334
f 7346//7346 7345//7345 7333//7333
f 7346//7346 7340//7340 7345//7345
f 7347//7347 7346//7346 7334//7334
f 7347//7347 7340//7340 7346//7346
f 7348//7348 7342//7342 7329//7329
f 7348//7348 7329//7329 7345//7345
f 7348//7348 7345//7345 7340//7340
f 7349//7349 7348//7348 7340//7340
f 7349//7349 7340//7340 7315//7315
f 7349//7349 7342//7342 7348//7348
f 7350//7350 7349//7349 7315//7315
f 7350//7350 7341//7341 7342//7342
f 7350//7350 7342//7342 7349//7349
f 7351//7351 7315//7315 7316//7316
f 7351//7351 7350//7350 7315//7315
f 7351//7351 7343//7343 7341//7341
f 7351//7351 7341//7341 7350//7350
f 7352//7352 7318//7318 7330//7330
f 7352//7352 7330//7330 7343//7343
f 7353//7353 7316//7316 7344//7344
f 7353//7353 7351//7351 7316//7316
f 7353//7353 7344//7344 7354//7354
f 7353//7353 7343//7343 7351//7351
f 7353//7353 7354//7354 7352//7352
f 7353//7353 7352//7352 7343//7343
f 7355//7355 7319//7319 7318//7318
f 7355//7355 7320//7320 7319//7319
f 7355//7355 7321//7321 7320//7320
f 7355//7355 7322//7322 7321//7321
f 7355//7355 7318//7318 7352//7352
f 7355//7355 7352//7352 7354//7354
f 7356//7356 7323//7323 7322//7322
f 7356//7356 7324//7324 7323//7323
f 7356//7356 7325//7325 7324//7324
f 7356//7356 7322//7322 7355//7355
f 7356//7356 7344//7344 7325//7325
f 7356//7356 7354//7354 7344//7344
f 7356//7356 7355//7355 7354//7354
f 7357//7357 7334//7334 7335//7335
f 7357//7357 7335//7335 7336//7336
f 7357//7357 7336//7336 7337//7337
f 7357//7357 7337//7337 7338//7338
f 7357//7357 7338//7338 7339//7339
f 7357//7357 7339//7339 7314//7314
f 7357//7357 7314//7314 7340//7340
f 7357//7357 7347//7347 7334//7334
f 7357//7357 7340//7340 7347//7347
v 350.143677 366.432953 1636.374878
v 353.510071 375.966278 1669.014038
v 357.406158 381.270081 1688.567017
v 362.549255 386.053345 1707.443115
v 362.846375 387.776001 1707.016113
v 362.664642 386.960754 1707.229248
v 350.157806 367.815247 1636.004517
v 353.648865 377.502258 1668.626587
v 357.623962 382.900055 1688.161987
vn -0.999099 0.015073 0.039664
vn -0.987278 0.076888 0.139181
vn -0.973342 0.111090 0.200660
vn -0.954937 0.141894 0.260693
vn -0.924524 0.317265 0.211182
vn -0.945233 0.221948 0.239318
vn -0.998843 0.027523 0.039441
vn -0.977929 0.175628 0.113175
vn -0.954088 0.251927 0.162014
f 7365//7365 7364//7364 7358//7358
f 7359//7359 7365//7365 7358//7358
f 7366//7366 7365//7365 7359//7359
f 7360//7360 7366//7366 7359//7359
f 7363//7363 7362//7362 7366//7366
f 7363//7363 7366//7366 7360//7360
f 7361//7361 7363//7363 7360//7360
v 350.157806 367.815247 1636.004517
v 353.648865 377.502258 1668.626587
v 357.623962 382.900055 1688.161987
v 362.846375 387.776001 1707.016113
v 363.382599 389.176666 1706.589111
v 350.183289 368.994476 1635.688599
v 353.904175 378.785645 1668.284912
v 358.021118 384.243591 1687.784546
vn -0.998843 0.027523 0.039441
vn -0.977929 0.175628 0.113175
vn -0.954088 0.251927 0.162014
vn -0.924524 0.317265 0.211182
vn -0.870869 0.463542 0.163453
vn -0.998399 0.036191 0.043480
vn -0.963513 0.249884 0.095922
vn -0.921941 0.364868 0.129983
f 7373//7373 7372//7372 7367//7367
f 7368//7368 7373//7373 7367//7367
f 7374//7374 7373//7373 7368//7368
f 7369//7369 7374//7374 7368//7368
f 7371//7371 7374//7374 7369//7369
f 7370//7370 7371//7371 7369//7369
v 350.183289 368.994476 1635.688599
v 353.904175 378.785645 1668.284912
v 358.021118 384.243591 1687.784546
v 363.382599 389.176666 1706.589111
v 363.977875 390.463165 1706.169067
v 350.211823 370.342010 1635.327515
v 354.188538 380.113495 1667.928589
v 358.462921 385.552765 1687.405640
vn -0.998399 0.036191 0.043480
vn -0.963513 0.249884 0.095922
vn -0.921941 0.364868 0.129983
vn -0.870869 0.463542 0.163453
vn -0.889898 0.414561 0.190316
vn -0.998131 0.030916 0.052705
vn -0.972111 0.201934 0.119260
vn -0.937730 0.309829 0.157063
f 7381//7381 7380//7380 7375//7375
f 7376//7376 7381//7381 7375//7375
f 7382//7382 7381//7381 7376//7376
f 7377//7377 7382//7382 7376//7376
f 7379//7379 7382//7382 7377//7377
f 7378//7378 7379//7379 7377//7377
v 350.231812 372.239990 1634.818970
v 350.211823 370.342010 1635.327515
v 354.188538 380.113495 1667.928589
v 358.462921 385.552765 1687.405640
v 363.977875 390.463165 1706.169067
v 364.406891 392.073669 1705.728882
v 364.247101 391.282532 1705.931396
v 364.121033 390.854675 1706.051636
v 354.391876 381.889862 1667.474609
v 358.780151 387.247925 1686.965942
vn -0.997905 0.022128 0.060787
vn -0.998131 0.030916 0.052705
vn -0.972111 0.201934 0.119260
vn -0.937730 0.309829 0.157063
vn -0.889898 0.414561 0.190316
vn -0.941441 0.206396 0.266627
vn -0.923835 0.302919 0.234028
vn -0.907716 0.362275 0.211682
vn -0.982529 0.101649 0.155895
vn -0.965010 0.153273 0.212750
f 7391//7391 7383//7383 7384//7384
f 7385//7385 7391//7391 7384//7384
f 7392//7392 7391//7391 7385//7385
f 7386//7386 7392//7392 7385//7385
f 7389//7389 7388//7388 7392//7392
f 7389//7389 7392//7392 7386//7386
f 7390//7390 7389//7389 7386//7386
f 7387//7387 7390//7390 7386//7386
v 350.231812 372.239990 1634.818970
v 354.391876 381.889862 1667.474609
v 358.780151 387.247925 1686.965942
v 364.406891 392.073669 1705.728882
v 365.085388 394.908600 1704.974854
v 364.622711 393.301239 1705.423462
v 350.742645 375.533936 1633.936279
v 354.976685 384.982239 1666.657959
v 359.411926 390.212311 1686.183350
v 350.463837 374.451691 1634.226318
v 350.293396 373.350433 1634.521362
vn -0.997905 0.022128 0.060787
vn -0.982529 0.101649 0.155895
vn -0.965010 0.153273 0.212750
vn -0.941441 0.206396 0.266627
vn -0.895252 0.393227 0.209513
vn -0.930913 0.265612 0.250703
vn -0.956052 0.292431 -0.021158
vn -0.937140 0.338566 0.084514
vn -0.918579 0.366367 0.148283
vn -0.979219 0.202691 0.006749
vn -0.993019 0.112948 0.034007
f 7400//7400 7399//7399 7402//7402
f 7400//7400 7402//7402 7403//7403
f 7394//7394 7403//7403 7393//7393
f 7394//7394 7400//7400 7403//7403
f 7401//7401 7400//7400 7394//7394
f 7395//7395 7401//7401 7394//7394
f 7398//7398 7397//7397 7401//7401
f 7398//7398 7401//7401 7395//7395
f 7396//7396 7398//7398 7395//7395
v 353.094086 379.698059 1632.820557
v 352.098969 378.390717 1633.170898
v 351.398071 377.164795 1633.499268
v 351.038300 376.361359 1633.714600
v 350.742645 375.533936 1633.936279
v 354.976685 384.982239 1666.657959
v 359.411926 390.212311 1686.183350
v 365.085388 394.908600 1704.974854
v 367.271545 398.447968 1703.671021
v 366.337189 397.301544 1704.154541
v 365.610870 396.098206 1704.593262
v 357.263916 388.862885 1665.445190
v 361.650940 393.920502 1684.920532
vn -0.760406 0.635457 -0.134081
vn -0.844784 0.526265 -0.096879
vn -0.901281 0.428386 -0.064634
vn -0.930586 0.363455 -0.043701
vn -0.956052 0.292431 -0.021158
vn -0.937140 0.338566 0.084514
vn -0.918579 0.366367 0.148283
vn -0.895252 0.393227 0.209513
vn -0.705332 0.704944 0.074572
vn -0.789333 0.600825 0.126344
vn -0.850390 0.497804 0.170374
vn -0.743119 0.668005 -0.039292
vn -0.726357 0.687068 0.018525
f 7415//7415 7404//7404 7405//7405
f 7415//7415 7405//7405 7406//7406
f 7409//7409 7406//7406 7407//7407
f 7409//7409 7407//7407 7408//7408
f 7409//7409 7415//7415 7406//7406
f 7410//7410 7416//7416 7415//7415
f 7410//7410 7415//7415 7409//7409
f 7413//7413 7412//7412 7416//7416
f 7414//7414 7416//7416 7410//7410
f 7414//7414 7413//7413 7416//7416
f 7411//7411 7414//7414 7410//7410
v 353.094086 379.698059 1632.820557
v 357.263916 388.862885 1665.445190
v 361.650940 393.920502 1684.920532
v 367.271545 398.447968 1703.671021
v 371.108673 400.937653 1702.131592
v 369.705444 400.308441 1702.637939
v 368.409058 399.466370 1703.158325
v 357.421173 382.793976 1631.990967
v 361.397308 391.674255 1664.265991
v 365.642303 396.566223 1683.549683
v 355.824524 381.974396 1632.210571
v 354.370544 380.933960 1632.489380
vn -0.760406 0.635457 -0.134081
vn -0.743119 0.668005 -0.039292
vn -0.726357 0.687068 0.018525
vn -0.705332 0.704944 0.074572
vn -0.360142 0.928557 -0.089893
vn -0.489073 0.871551 -0.034726
vn -0.601860 0.798375 0.019012
vn -0.398924 0.887819 -0.229428
vn -0.386679 0.906967 -0.167005
vn -0.374934 0.918149 -0.128170
vn -0.534777 0.820549 -0.201772
vn -0.652116 0.738619 -0.170844
f 7425//7425 7424//7424 7427//7427
f 7418//7418 7427//7427 7428//7428
f 7418//7418 7428//7428 7417//7417
f 7418//7418 7425//7425 7427//7427
f 7419//7419 7426//7426 7425//7425
f 7419//7419 7425//7425 7418//7418
f 7422//7422 7421//7421 7426//7426
f 7423//7423 7426//7426 7419//7419
f 7423//7423 7422//7422 7426//7426
f 7420//7420 7423//7423 7419//7419
v 362.184113 383.753448 1631.733887
v 360.558380 383.641724 1631.763794
v 358.960266 383.320068 1631.849976
v 357.421173 382.793976 1631.990967
v 361.397308 391.674255 1664.265991
v 365.642303 396.566223 1683.549683
v 371.108673 400.937653 1702.131592
v 375.336884 401.487701 1700.876709
v 373.988617 401.502167 1701.238647
v 372.558624 401.328979 1701.660522
v 362.200989 383.753479 1631.733887
v 365.963165 392.434204 1663.528442
v 370.047607 397.215546 1682.540771
vn -0.001091 0.961694 -0.274124
vn -0.138657 0.954491 -0.264049
vn -0.268140 0.930501 -0.249537
vn -0.398924 0.887819 -0.229428
vn -0.386679 0.906967 -0.167005
vn -0.374934 0.918149 -0.128170
vn -0.360142 0.928557 -0.089893
vn 0.017351 0.974651 -0.223059
vn -0.103752 0.977357 -0.184417
vn -0.227713 0.963465 -0.141001
vn 0.000449 0.961671 -0.274206
vn 0.005870 0.967525 -0.252707
vn 0.010906 0.971147 -0.238233
f 7440//7440 7429//7429 7430//7430
f 7440//7440 7439//7439 7429//7429
f 7433//7433 7430//7430 7431//7431
f 7433//7433 7431//7431 7432//7432
f 7433//7433 7440//7440 7430//7430
f 7434//7434 7441//7441 7440//7440
f 7434//7434 7440//7440 7433//7433
f 7437//7437 7436//7436 7441//7441
f 7438//7438 7441//7441 7434//7434
f 7438//7438 7437//7437 7441//7441
f 7435//7435 7438//7438 7434//7434
v 396.045288 383.661285 1631.758545
v 362.200989 383.753479 1631.733887
v 365.963165 392.434204 1663.528442
v 370.047607 397.215546 1682.540771
v 375.336884 401.487701 1700.876709
v 405.048218 397.838226 1693.570557
v 398.207001 390.636017 1660.045532
v 401.088959 394.451172 1677.060425
vn 0.006847 0.967969 -0.250978
vn 0.000449 0.961671 -0.274206
vn 0.005870 0.967525 -0.252707
vn 0.010906 0.971147 -0.238233
vn 0.017351 0.974651 -0.223059
vn 0.146288 0.962629 -0.227913
vn 0.063458 0.969999 -0.234679
vn 0.103298 0.967886 -0.229186
f 7444//7444 7442//7442 7443//7443
f 7444//7444 7448//7448 7442//7442
f 7445//7445 7449//7449 7448//7448
f 7445//7445 7448//7448 7444//7444
f 7446//7446 7447//7447 7449//7449
f 7446//7446 7449//7449 7445//7445
usemtl mat_1
v 350.000000 353.359833 1588.114624
v 350.000000 359.154785 1586.561279
v 350.175385 361.125153 1586.033325
v 350.693542 363.037567 1585.520874
v 351.541077 364.837402 1585.038574
v 352.691986 366.470154 1584.601074
v 354.111267 367.889465 1584.220825
v 355.759064 369.054626 1583.908691
v 357.590973 369.935547 1583.672607
v 358.784668 370.321960 1583.569092
v 360.014191 370.585754 1583.498413
v 361.876617 370.745544 1583.455566
v 362.000061 370.745544 1583.455566
v 395.438934 370.746460 1583.455322
v 395.999939 370.746399 1583.455322
v 397.925720 370.595367 1583.495850
v 399.813690 370.145233 1583.616455
v 401.603577 369.404694 1583.814819
v 402.912079 368.629425 1584.022583
v 404.107849 367.700256 1584.271484
v 405.000977 366.820587 1584.507202
v 405.794037 365.851563 1584.766846
v 406.474762 364.809570 1585.046143
v 407.314758 363.015686 1585.526733
v 407.827271 361.110199 1586.037354
v 408.000732 359.155182 1586.561157
v 408.000000 353.949493 1587.956055
v 408.000000 353.359680 1588.114136
v 407.848297 351.526550 1588.605225
v 407.435669 349.847992 1589.055054
v 406.722992 348.157074 1589.508057
v 405.765869 346.625122 1589.918579
v 404.583710 345.259583 1590.284058
v 403.181793 344.074402 1590.602051
v 401.671661 343.145386 1590.850830
v 400.054779 342.450439 1591.037231
v 398.326111 341.989136 1591.160767
v 397.250763 341.832123 1591.202881
v 396.221283 341.770538 1591.219360
v 411.000000 341.770538 1591.219360
v 411.000000 387.169067 1579.054932
v 347.000000 387.169067 1579.054932
v 347.000000 341.770538 1591.219360
v 361.778717 341.770538 1591.219360
v 359.734924 341.977661 1591.163940
v 357.778351 342.509613 1591.021362
v 355.907440 343.374359 1590.789673
v 354.207581 344.545319 1590.475830
v 352.800385 345.917725 1590.108154
v 351.626495 347.533875 1589.675049
v 350.798248 349.202698 1589.228149
v 350.229156 351.109009 1588.717163
v 350.059509 352.209656 1588.422241
vn -0.000000 -0.258819 -0.965926
vn -0.000000 -0.258819 -0.965926
vn -0.000000 -0.258819 -0.965926
vn -0.000000 -0.258819 -0.965926
vn -0.000000 -0.258819 -0.965926
vn -0.000000 -0.258819 -0.965926
vn -0.000000 -0.258819 -0.965926
vn -0.000000 -0.258819 -0.965926
vn -0.000000 -0.258819 -0.965926
vn -0.000000 -0.258819 -0.965926
vn -0.000000 -0.258819 -0.965926
vn -0.000000 -0.258819 -0.965926
vn -0.000000 -0.258819 -0.965926
vn -0.000000 -0.258819 -0.965926
vn -0.000000 -0.258819 -0.965926
vn -0.000000 -0.258819 -0.965926
vn -0.000000 -0.258819 -0.965926
vn -0.000000 -0.258819 -0.965926
vn -0.000000 -0.258819 -0.965926
vn -0.000000 -0.258819 -0.965926
vn -0.000000 -0.258819 -0.965926
vn -0.000000 -0.258819 -0.965926
vn -0.000000 -0.258819 -0.965926
vn -0.000000 -0.258819 -0.965926
vn -0.000000 -0.258819 -0.965926
vn -0.000000 -0.258819 -0.965926
vn -0.000000 -0.258819 -0.965926
vn -0.000000 -0.258819 -0.965926
vn -0.000000 -0.258819 -0.965926
vn -0.000000 -0.258819 -0.965926
vn -0.000000 -0.258819 -0.965926
vn -0.000000 -0.258819 -0.965926
vn -0.000000 -0.258819 -0.965926
vn -0.000000 -0.258819 -0.965926
vn -0.000000 -0.258819 -0.965926
vn -0.000000 -0.258819 -0.965926
vn -0.000000 -0.258819 -0.965926
vn -0.000000 -0.258819 -0.965926
vn -0.000000 -0.258819 -0.965926
vn -0.000000 -0.258819 -0.965926
vn -0.000000 -0.258819 -0.965926
vn -0.000000 -0.258819 -0.965926
vn -0.000000 -0.258819 -0.965926
vn -0.000000 -0.258819 -0.965926
vn -0.000000 -0.258819 -0.965926
vn -0.000000 -0.258819 -0.965926
vn -0.000000 -0.258819 -0.965926
vn -0.000000 -0.258819 -0.965926
vn -0.000000 -0.258819 -0.965926
vn -0.000000 -0.258819 -0.965926
vn -0.000000 -0.258819 -0.965926
vn -0.000000 -0.258819 -0.965926
vn -0.000000 -0.258819 -0.965926
f 7455//7455 7491//7491 7456//7456
f 7457//7457 7456//7456 7491//7491
f 7454//7454 7491//7491 7455//7455
f 7458//7458 7457//7457 7491//7491
f 7453//7453 7491//7491 7454//7454
f 7459//7459 7458//7458 7491//7491
f 7452//7452 7491//7491 7453//7453
f 7460//7460 7459//7459 7491//7491
f 7461//7461 7460//7460 7491//7491
f 7462//7462 7461//7461 7491//7491
f 7451//7451 7491//7491 7452//7452
f 7492//7492 7451//7451 7450//7450
f 7492//7492 7500//7500 7499//7499
f 7492//7492 7501//7501 7500//7500
f 7492//7492 7502//7502 7501//7501
f 7492//7492 7450//7450 7502//7502
f 7492//7492 7491//7491 7451//7451
f 7498//7498 7492//7492 7499//7499
f 7497//7497 7492//7492 7498//7498
f 7496//7496 7492//7492 7497//7497
f 7495//7495 7492//7492 7496//7496
f 7494//7494 7492//7492 7495//7495
f 7493//7493 7492//7492 7494//7494
f 7463//7463 7491//7491 7490//7490
f 7463//7463 7462//7462 7491//7491
f 7464//7464 7463//7463 7490//7490
f 7465//7465 7464//7464 7490//7490
f 7466//7466 7465//7465 7490//7490
f 7467//7467 7466//7466 7490//7490
f 7468//7468 7467//7467 7490//7490
f 7469//7469 7468//7468 7490//7490
f 7470//7470 7469//7469 7490//7490
f 7471//7471 7470//7470 7490//7490
f 7472//7472 7471//7471 7490//7490
f 7473//7473 7472//7472 7490//7490
f 7489//7489 7477//7477 7476//7476
f 7489//7489 7478//7478 7477//7477
f 7489//7489 7479//7479 7478//7478
f 7489//7489 7480//7480 7479//7479
f 7489//7489 7481//7481 7480//7480
f 7489//7489 7482//7482 7481//7481
f 7489//7489 7483//7483 7482//7482
f 7489//7489 7484//7484 7483//7483
f 7489//7489 7485//7485 7484//7484
f 7489//7489 7486//7486 7485//7485
f 7489//7489 7487//7487 7486//7486
f 7488//7488 7487//7487 7489//7489
f 7489//7489 7475//7475 7490//7490
f 7475//7475 7474//7474 7490//7490
f 7474//7474 7473//7473 7490//7490
f 7489//7489 7476//7476 7475//7475
v 476.000000 306.299988 1439.500000
v 476.000000 309.336151 1444.552979
v 476.000000 306.299988 1439.500000
v 476.000000 309.336151 1434.447021
v 476.877441 309.336151 1434.523804
v 477.728241 309.336151 1434.751709
v 478.526489 309.336151 1435.124023
v 479.248016 309.336151 1435.629150
v 479.870819 309.336151 1436.251953
v 480.376038 309.336151 1436.973511
v 480.748260 309.336151 1437.771729
v 480.976227 309.336151 1438.622559
v 481.053009 309.336151 1439.500000
v 480.978729 309.336151 1440.363770
v 480.757874 309.336151 1441.202026
v 480.396851 309.336151 1441.990112
v 479.906433 309.336151 1442.704956
v 479.301147 309.336151 1443.325439
v 478.598785 309.336151 1443.833496
v 477.819946 309.336151 1444.213989
v 476.987457 309.336151 1444.455688
v 476.496124 309.336151 1444.528687
v 476.742523 307.059052 1440.521973
v 476.390381 307.059052 1440.701416
v 476.780731 307.818085 1441.902832
v 477.022003 307.059052 1440.242554
v 477.485046 307.818085 1441.543945
v 477.201416 307.059052 1439.890381
v 477.171112 308.577118 1443.104248
v 478.043976 307.818085 1440.984985
v 477.263245 307.059052 1439.500000
v 478.227570 308.577118 1442.565918
v 478.402832 307.818085 1440.280762
v 477.201416 307.059052 1439.109619
v 479.065979 308.577118 1441.727539
v 478.526489 307.818085 1439.500000
v 477.022003 307.059052 1438.757446
v 479.604279 308.577118 1440.671143
v 478.402832 307.818085 1438.719238
v 476.742523 307.059052 1438.478027
v 479.789764 308.577118 1439.500000
v 478.043976 307.818085 1438.015015
v 476.390381 307.059052 1438.298584
v 479.604279 308.577118 1438.328857
v 477.485046 307.818085 1437.456055
v 479.065979 308.577118 1437.272461
v 476.780731 307.818085 1437.097168
v 478.227570 308.577118 1436.434082
v 477.171112 308.577118 1435.895752
vn -0.340752 0.876228 -0.340752
vn 0.000000 0.857167 -0.515038
vn -0.340752 0.876228 0.340752
vn -0.000000 0.857167 0.515038
vn -0.089435 0.857167 0.507213
vn -0.176153 0.857167 0.483977
vn -0.257519 0.857167 0.446036
vn -0.331060 0.857167 0.394542
vn -0.394542 0.857167 0.331060
vn -0.446036 0.857167 0.257519
vn -0.483977 0.857167 0.176153
vn -0.507213 0.857167 0.089435
vn -0.515038 0.857167 -0.000000
vn -0.507459 0.857167 -0.088032
vn -0.484945 0.857167 -0.173473
vn -0.448158 0.857167 -0.253809
vn -0.398181 0.857167 -0.326674
vn -0.336485 0.857167 -0.389925
vn -0.264887 0.857167 -0.441700
vn -0.185492 0.857167 -0.480476
vn -0.100638 0.857167 -0.505110
vn -0.050563 0.857167 -0.512550
vn -0.302732 0.857167 -0.416675
vn -0.159156 0.857167 -0.489830
vn -0.159156 0.857167 -0.489830
vn -0.416675 0.857167 -0.302732
vn -0.302732 0.857167 -0.416675
vn -0.489830 0.857167 -0.159156
vn -0.159156 0.857167 -0.489830
vn -0.416675 0.857167 -0.302732
vn -0.515038 0.857167 0.000000
vn -0.302732 0.857167 -0.416675
vn -0.489830 0.857167 -0.159156
vn -0.489830 0.857167 0.159156
vn -0.416675 0.857167 -0.302732
vn -0.515038 0.857167 0.000000
vn -0.416675 0.857167 0.302732
vn -0.489830 0.857167 -0.159156
vn -0.489830 0.857167 0.159156
vn -0.302732 0.857167 0.416675
vn -0.515038 0.857167 0.000000
vn -0.416675 0.857167 0.302732
vn -0.159156 0.857167 0.489830
vn -0.489830 0.857167 0.159156
vn -0.302732 0.857167 0.416675
vn -0.416675 0.857167 0.302732
vn -0.159156 0.857167 0.489830
vn -0.302732 0.857167 0.416675
vn -0.159156 0.857167 0.489830
f 7525//7525 7503//7503 7526//7526
f 7527//7527 7503//7503 7504//7504
f 7527//7527 7526//7526 7503//7503
f 7528//7528 7503//7503 7525//7525
f 7529//7529 7526//7526 7527//7527
f 7529//7529 7525//7525 7526//7526
f 7530//7530 7503//7503 7528//7528
f 7531//7531 7522//7522 7521//7521
f 7531//7531 7523//7523 7522//7522
f 7531//7531 7524//7524 7523//7523
f 7531//7531 7504//7504 7524//7524
f 7531//7531 7527//7527 7504//7504
f 7532//7532 7525//7525 7529//7529
f 7532//7532 7528//7528 7525//7525
f 7533//7533 7505//7505 7503//7503
f 7533//7533 7503//7503 7530//7530
f 7534//7534 7521//7521 7520//7520
f 7534//7534 7529//7529 7527//7527
f 7534//7534 7531//7531 7521//7521
f 7534//7534 7527//7527 7531//7531
f 7535//7535 7533//7533 7530//7530
f 7535//7535 7530//7530 7528//7528
f 7535//7535 7528//7528 7532//7532
f 7536//7536 7505//7505 7533//7533
f 7537//7537 7519//7519 7518//7518
f 7537//7537 7520//7520 7519//7519
f 7537//7537 7534//7534 7520//7520
f 7537//7537 7529//7529 7534//7534
f 7537//7537 7532//7532 7529//7529
f 7538//7538 7533//7533 7535//7535
f 7538//7538 7536//7536 7533//7533
f 7539//7539 7505//7505 7536//7536
f 7540//7540 7517//7517 7516//7516
f 7540//7540 7518//7518 7517//7517
f 7540//7540 7537//7537 7518//7518
f 7540//7540 7535//7535 7532//7532
f 7540//7540 7532//7532 7537//7537
f 7541//7541 7536//7536 7538//7538
f 7542//7542 7505//7505 7539//7539
f 7543//7543 7515//7515 7514//7514
f 7543//7543 7516//7516 7515//7515
f 7543//7543 7540//7540 7516//7516
f 7543//7543 7538//7538 7535//7535
f 7543//7543 7535//7535 7540//7540
f 7544//7544 7539//7539 7536//7536
f 7544//7544 7536//7536 7541//7541
f 7545//7545 7505//7505 7542//7542
f 7546//7546 7513//7513 7512//7512
f 7546//7546 7514//7514 7513//7513
f 7546//7546 7543//7543 7514//7514
f 7546//7546 7541//7541 7538//7538
f 7546//7546 7538//7538 7543//7543
f 7547//7547 7545//7545 7542//7542
f 7547//7547 7542//7542 7539//7539
f 7547//7547 7539//7539 7544//7544
f 7548//7548 7544//7544 7541//7541
f 7548//7548 7511//7511 7510//7510
f 7548//7548 7512//7512 7511//7511
f 7548//7548 7546//7546 7512//7512
f 7548//7548 7541//7541 7546//7546
f 7549//7549 7545//7545 7547//7547
f 7549//7549 7506//7506 7505//7505
f 7549//7549 7505//7505 7545//7545
f 7550//7550 7510//7510 7509//7509
f 7550//7550 7547//7547 7544//7544
f 7550//7550 7549//7549 7547//7547
f 7550//7550 7544//7544 7548//7548
f 7550//7550 7548//7548 7510//7510
f 7551//7551 7507//7507 7506//7506
f 7551//7551 7508//7508 7507//7507
f 7551//7551 7509//7509 7508//7508
f 7551//7551 7550//7550 7509//7509
f 7551//7551 7549//7549 7550//7550
f 7551//7551 7506//7506 7549//7549
v 476.000000 306.299988 1439.500000
v 476.000000 309.336151 1434.447021
v 476.000000 306.299988 1439.500000
v 476.000000 309.336151 1444.552979
v 475.122559 309.336151 1444.476196
v 474.271759 309.336151 1444.248291
v 473.473511 309.336151 1443.875977
v 472.751984 309.336151 1443.370850
v 472.129181 309.336151 1442.748047
v 471.623962 309.336151 1442.026489
v 471.251740 309.336151 1441.228271
v 471.023773 309.336151 1440.377441
v 470.946991 309.336151 1439.500000
v 471.023773 309.336151 1438.622559
v 471.251740 309.336151 1437.771729
v 471.623962 309.336151 1436.973511
v 472.129181 309.336151 1436.251953
v 472.751984 309.336151 1435.629150
v 473.473511 309.336151 1435.124023
v 474.271759 309.336151 1434.751709
v 475.122559 309.336151 1434.523804
v 475.257477 307.059052 1438.478027
v 475.609619 307.059052 1438.298584
v 475.219269 307.818085 1437.097168
v 474.977997 307.059052 1438.757446
v 474.514954 307.818085 1437.456055
v 474.798584 307.059052 1439.109619
v 474.828888 308.577118 1435.895752
v 473.956024 307.818085 1438.015015
v 474.736755 307.059052 1439.500000
v 473.772430 308.577118 1436.434082
v 473.597168 307.818085 1438.719238
v 474.798584 307.059052 1439.890381
v 472.934021 308.577118 1437.272461
v 473.473511 307.818085 1439.500000
v 474.977997 307.059052 1440.242554
v 472.395721 308.577118 1438.328857
v 473.597168 307.818085 1440.280762
v 475.257477 307.059052 1440.521973
v 472.210236 308.577118 1439.500000
v 473.956024 307.818085 1440.984985
v 475.609619 307.059052 1440.701416
v 472.395721 308.577118 1440.671143
v 474.514954 307.818085 1441.543945
v 472.934021 308.577118 1441.727539
v 475.219269 307.818085 1441.902832
v 473.772430 308.577118 1442.565918
v 474.828888 308.577118 1443.104248
vn 0.340752 0.876228 0.340752
vn 0.000000 0.857167 0.515038
vn 0.340752 0.876228 -0.340752
vn 0.000000 0.857167 -0.515038
vn 0.089435 0.857167 -0.507213
vn 0.176153 0.857167 -0.483977
vn 0.257519 0.857167 -0.446036
vn 0.331060 0.857167 -0.394542
vn 0.394542 0.857167 -0.331060
vn 0.446036 0.857167 -0.257519
vn 0.483977 0.857167 -0.176153
vn 0.507213 0.857167 -0.089435
vn 0.515038 0.857167 0.000000
vn 0.507213 0.857167 0.089435
vn 0.483977 0.857167 0.176153
vn 0.446036 0.857167 0.257519
vn 0.394542 0.857167 0.331060
vn 0.331060 0.857167 0.394542
vn 0.257519 0.857167 0.446036
vn 0.176153 0.857167 0.483977
vn 0.089435 0.857167 0.507213
vn 0.302732 0.857167 0.416675
vn 0.159156 0.857167 0.489830
vn 0.159156 0.857167 0.489830
vn 0.416675 0.857167 0.302732
vn 0.302732 0.857167 0.416675
vn 0.489830 0.857167 0.159156
vn 0.159156 0.857167 0.489830
vn 0.416675 0.857167 0.302732
vn 0.515038 0.857167 -0.000000
vn 0.302732 0.857167 0.416675
vn 0.489830 0.857167 0.159156
vn 0.489830 0.857167 -0.159156
vn 0.416675 0.857167 0.302732
vn 0.515038 0.857167 -0.000000
vn 0.416675 0.857167 -0.302732
vn 0.489830 0.857167 0.159156
vn 0.489830 0.857167 -0.159156
vn 0.302732 0.857167 -0.416675
vn 0.515038 0.857167 -0.000000
vn 0.416675 0.857167 -0.302732
vn 0.159156 0.857167 -0.489830
vn 0.489830 0.857167 -0.159156
vn 0.302732 0.857167 -0.416675
vn 0.416675 0.857167 -0.302732
vn 0.159156 0.857167 -0.489830
vn 0.302732 0.857167 -0.416675
vn 0.159156 0.857167 -0.489830
f 7573//7573 7552//7552 7574//7574
f 7575//7575 7552//7552 7553//7553
f 7575//7575 7574//7574 7552//7552
f 7576//7576 7552//7552 7573//7573
f 7577//7577 7574//7574 7575//7575
f 7577//7577 7573//7573 7574//7574
f 7578//7578 7552//7552 7576//7576
f 7579//7579 7571//7571 7570//7570
f 7579//7579 7572//7572 7571//7571
f 7579//7579 7553//7553 7572//7572
f 7579//7579 7575//7575 7553//7553
f 7580//7580 7573//7573 7577//7577
f 7580//7580 7576//7576 7573//7573
f 7581//7581 7554//7554 7552//7552
f 7581//7581 7552//7552 7578//7578
f 7582//7582 7569//7569 7568//7568
f 7582//7582 7570//7570 7569//7569
f 7582//7582 7577//7577 7575//7575
f 7582//7582 7579//7579 7570//7570
f 7582//7582 7575//7575 7579//7579
f 7583//7583 7576//7576 7580//7580
f 7583//7583 7578//7578 7576//7576
f 7583//7583 7581//7581 7578//7578
f 7584//7584 7554//7554 7581//7581
f 7585//7585 7568//7568 7567//7567
f 7585//7585 7582//7582 7568//7568
f 7585//7585 7580//7580 7577//7577
f 7585//7585 7577//7577 7582//7582
f 7586//7586 7581//7581 7583//7583
f 7587//7587 7554//7554 7584//7584
f 7588//7588 7566//7566 7565//7565
f 7588//7588 7567//7567 7566//7566
f 7588//7588 7583//7583 7580//7580
f 7588//7588 7585//7585 7567//7567
f 7588//7588 7580//7580 7585//7585
f 7589//7589 7584//7584 7581//7581
f 7589//7589 7581//7581 7586//7586
f 7589//7589 7587//7587 7584//7584
f 7590//7590 7554//7554 7587//7587
f 7591//7591 7564//7564 7563//7563
f 7591//7591 7565//7565 7564//7564
f 7591//7591 7588//7588 7565//7565
f 7591//7591 7586//7586 7583//7583
f 7591//7591 7583//7583 7588//7588
f 7592//7592 7587//7587 7589//7589
f 7593//7593 7554//7554 7590//7590
f 7594//7594 7562//7562 7561//7561
f 7594//7594 7563//7563 7562//7562
f 7594//7594 7591//7591 7563//7563
f 7594//7594 7589//7589 7586//7586
f 7594//7594 7586//7586 7591//7591
f 7594//7594 7592//7592 7589//7589
f 7595//7595 7593//7593 7590//7590
f 7595//7595 7590//7590 7587//7587
f 7595//7595 7587//7587 7592//7592
f 7596//7596 7560//7560 7559//7559
f 7596//7596 7561//7561 7560//7560
f 7596//7596 7592//7592 7594//7594
f 7596//7596 7594//7594 7561//7561
f 7597//7597 7555//7555 7554//7554
f 7597//7597 7554//7554 7593//7593
f 7597//7597 7593//7593 7595//7595
f 7598//7598 7595//7595 7592//7592
f 7598//7598 7559//7559 7558//7558
f 7598//7598 7596//7596 7559//7559
f 7598//7598 7592//7592 7596//7596
f 7599//7599 7556//7556 7555//7555
f 7599//7599 7557//7557 7556//7556
f 7599//7599 7558//7558 7557//7557
f 7599//7599 7597//7597 7595//7595
f 7599//7599 7595//7595 7598//7598
f 7599//7599 7598//7598 7558//7558
f 7599//7599 7555//7555 7597//7597
v 476.000000 306.299988 995.000000
v 476.000000 309.336151 1000.052979
v 476.000000 306.299988 995.000000
v 476.000000 309.336151 989.947021
v 476.877441 309.336151 990.023743
v 477.728241 309.336151 990.251709
v 478.526489 309.336151 990.623962
v 479.248016 309.336151 991.129150
v 479.870819 309.336151 991.752014
v 480.376038 309.336151 992.473511
v 480.748260 309.336151 993.271790
v 480.976227 309.336151 994.122559
v 481.053009 309.336151 995.000000
v 480.976227 309.336151 995.877441
v 480.748260 309.336151 996.728210
v 480.376038 309.336151 997.526489
v 479.870819 309.336151 998.247986
v 479.248016 309.336151 998.870850
v 478.526489 309.336151 999.376038
v 477.728241 309.336151 999.748291
v 476.877441 309.336151 999.976257
v 476.742523 307.059052 996.021973
v 476.390381 307.059052 996.201416
v 476.780731 307.818085 997.402832
v 477.022003 307.059052 995.742493
v 477.485046 307.818085 997.044006
v 477.201416 307.059052 995.390381
v 477.171112 308.577118 998.604248
v 478.043976 307.818085 996.485046
v 477.263245 307.059052 995.000000
v 478.227570 308.577118 998.065979
v 478.402832 307.818085 995.780762
v 477.201416 307.059052 994.609619
v 479.065979 308.577118 997.227539
v 478.526489 307.818085 995.000000
v 477.022003 307.059052 994.257507
v 479.604279 308.577118 996.171082
v 478.402832 307.818085 994.219238
v 476.742523 307.059052 993.978027
v 479.789764 308.577118 995.000000
v 478.043976 307.818085 993.514954
v 476.390381 307.059052 993.798584
v 479.604279 308.577118 993.828918
v 477.485046 307.818085 992.955994
v 479.065979 308.577118 992.772461
v 476.780731 307.818085 992.597168
v 478.227570 308.577118 991.934021
v 477.171112 308.577118 991.395752
vn -0.340752 0.876228 -0.340752
vn 0.000000 0.857167 -0.515038
vn -0.340752 0.876228 0.340752
vn -0.000000 0.857167 0.515038
vn -0.089435 0.857167 0.507213
vn -0.176153 0.857167 0.483977
vn -0.257519 0.857167 0.446036
vn -0.331060 0.857167 0.394542
vn -0.394542 0.857167 0.331060
vn -0.446036 0.857167 0.257519
vn -0.483977 0.857167 0.176153
vn -0.507213 0.857167 0.089435
vn -0.515038 0.857167 -0.000000
vn -0.507213 0.857167 -0.089435
vn -0.483977 0.857167 -0.176153
vn -0.446036 0.857167 -0.257519
vn -0.394542 0.857167 -0.331060
vn -0.331060 0.857167 -0.394542
vn -0.257519 0.857167 -0.446036
vn -0.176153 0.857167 -0.483977
vn -0.089435 0.857167 -0.507213
vn -0.302732 0.857167 -0.416675
vn -0.159156 0.857167 -0.489830
vn -0.159156 0.857167 -0.489830
vn -0.416675 0.857167 -0.302732
vn -0.302732 0.857167 -0.416675
vn -0.489830 0.857167 -0.159156
vn -0.159156 0.857167 -0.489830
vn -0.416675 0.857167 -0.302732
vn -0.515038 0.857167 0.000000
vn -0.302732 0.857167 -0.416675
vn -0.489830 0.857167 -0.159156
vn -0.489830 0.857167 0.159156
vn -0.416675 0.857167 -0.302732
vn -0.515038 0.857167 0.000000
vn -0.416675 0.857167 0.302732
vn -0.489830 0.857167 -0.159156
vn -0.489830 0.857167 0.159156
vn -0.302732 0.857167 0.416675
vn -0.515038 0.857167 0.000000
vn -0.416675 0.857167 0.302732
vn -0.159156 0.857167 0.489830
vn -0.489830 0.857167 0.159156
vn -0.302732 0.857167 0.416675
vn -0.416675 0.857167 0.302732
vn -0.159156 0.857167 0.489830
vn -0.302732 0.857167 0.416675
vn -0.159156 0.857167 0.489830
f 7621//7621 7600//7600 7622//7622
f 7623//7623 7600//7600 7601//7601
f 7623//7623 7622//7622 7600//7600
f 7624//7624 7600//7600 7621//7621
f 7625//7625 7622//7622 7623//7623
f 7625//7625 7621//7621 7622//7622
f 7626//7626 7600//7600 7624//7624
f 7627//7627 7619//7619 7618//7618
f 7627//7627 7620//7620 7619//7619
f 7627//7627 7601//7601 7620//7620
f 7627//7627 7623//7623 7601//7601
f 7628//7628 7621//7621 7625//7625
f 7628//7628 7624//7624 7621//7621
f 7629//7629 7602//7602 7600//7600
f 7629//7629 7600//7600 7626//7626
f 7630//7630 7617//7617 7616//7616
f 7630//7630 7618//7618 7617//7617
f 7630//7630 7625//7625 7623//7623
f 7630//7630 7627//7627 7618//7618
f 7630//7630 7623//7623 7627//7627
f 7631//7631 7624//7624 7628//7628
f 7631//7631 7626//7626 7624//7624
f 7632//7632 7602//7602 7629//7629
f 7633//7633 7616//7616 7615//7615
f 7633//7633 7630//7630 7616//7616
f 7633//7633 7628//7628 7625//7625
f 7633//7633 7625//7625 7630//7630
f 7634//7634 7629//7629 7626//7626
f 7634//7634 7626//7626 7631//7631
f 7635//7635 7602//7602 7632//7632
f 7636//7636 7614//7614 7613//7613
f 7636//7636 7615//7615 7614//7614
f 7636//7636 7631//7631 7628//7628
f 7636//7636 7633//7633 7615//7615
f 7636//7636 7628//7628 7633//7633
f 7637//7637 7629//7629 7634//7634
f 7637//7637 7632//7632 7629//7629
f 7638//7638 7602//7602 7635//7635
f 7639//7639 7612//7612 7611//7611
f 7639//7639 7613//7613 7612//7612
f 7639//7639 7637//7637 7634//7634
f 7639//7639 7636//7636 7613//7613
f 7639//7639 7634//7634 7631//7631
f 7639//7639 7631//7631 7636//7636
f 7640//7640 7635//7635 7632//7632
f 7640//7640 7632//7632 7637//7637
f 7641//7641 7602//7602 7638//7638
f 7642//7642 7610//7610 7609//7609
f 7642//7642 7611//7611 7610//7610
f 7642//7642 7639//7639 7611//7611
f 7642//7642 7637//7637 7639//7639
f 7643//7643 7638//7638 7635//7635
f 7643//7643 7635//7635 7640//7640
f 7644//7644 7637//7637 7642//7642
f 7644//7644 7608//7608 7607//7607
f 7644//7644 7609//7609 7608//7608
f 7644//7644 7642//7642 7609//7609
f 7644//7644 7640//7640 7637//7637
f 7645//7645 7641//7641 7638//7638
f 7645//7645 7638//7638 7643//7643
f 7645//7645 7603//7603 7602//7602
f 7645//7645 7602//7602 7641//7641
f 7646//7646 7607//7607 7606//7606
f 7646//7646 7640//7640 7644//7644
f 7646//7646 7644//7644 7607//7607
f 7646//7646 7643//7643 7640//7640
f 7647//7647 7604//7604 7603//7603
f 7647//7647 7605//7605 7604//7604
f 7647//7647 7606//7606 7605//7605
f 7647//7647 7646//7646 7606//7606
f 7647//7647 7643//7643 7646//7646
f 7647//7647 7645//7645 7643//7643
f 7647//7647 7603//7603 7645//7645
v 476.000000 306.299988 995.000000
v 476.000000 309.336151 989.947021
v 476.000000 306.299988 995.000000
v 476.000000 309.336151 1000.052979
v 475.122559 309.336151 999.976257
v 474.271759 309.336151 999.748291
v 473.473511 309.336151 999.376038
v 472.751984 309.336151 998.870850
v 472.129181 309.336151 998.247986
v 471.623962 309.336151 997.526489
v 471.251740 309.336151 996.728210
v 471.023773 309.336151 995.877441
v 470.946991 309.336151 995.000000
v 471.021271 309.336151 994.136230
v 471.242126 309.336151 993.297974
v 471.603149 309.336151 992.509888
v 472.093567 309.336151 991.795105
v 472.698853 309.336151 991.174561
v 473.401215 309.336151 990.666504
v 474.180054 309.336151 990.285950
v 475.012543 309.336151 990.044312
v 475.503876 309.336151 989.971375
v 475.257477 307.059052 993.978027
v 475.609619 307.059052 993.798584
v 475.219269 307.818085 992.597168
v 474.977997 307.059052 994.257507
v 474.514954 307.818085 992.955994
v 474.798584 307.059052 994.609619
v 474.828888 308.577118 991.395752
v 473.956024 307.818085 993.514954
v 474.736755 307.059052 995.000000
v 473.772430 308.577118 991.934021
v 473.597168 307.818085 994.219238
v 474.798584 307.059052 995.390381
v 472.934021 308.577118 992.772461
v 473.473511 307.818085 995.000000
v 474.977997 307.059052 995.742493
v 472.395721 308.577118 993.828918
v 473.597168 307.818085 995.780762
v 475.257477 307.059052 996.021973
v 472.210236 308.577118 995.000000
v 473.956024 307.818085 996.485046
v 475.609619 307.059052 996.201416
v 472.395721 308.577118 996.171082
v 474.514954 307.818085 997.044006
v 472.934021 308.577118 997.227539
v 475.219269 307.818085 997.402832
v 473.772430 308.577118 998.065979
v 474.828888 308.577118 998.604248
vn 0.340752 0.876228 0.340752
vn 0.000000 0.857167 0.515038
vn 0.340752 0.876228 -0.340752
vn 0.000000 0.857167 -0.515038
vn 0.089435 0.857167 -0.507213
vn 0.176153 0.857167 -0.483977
vn 0.257519 0.857167 -0.446036
vn 0.331060 0.857167 -0.394542
vn 0.394542 0.857167 -0.331060
vn 0.446036 0.857167 -0.257519
vn 0.483977 0.857167 -0.176153
vn 0.507213 0.857167 -0.089435
vn 0.515038 0.857167 0.000000
vn 0.507459 0.857167 0.088032
vn 0.484945 0.857167 0.173473
vn 0.448158 0.857167 0.253809
vn 0.398181 0.857167 0.326674
vn 0.336485 0.857167 0.389925
vn 0.264887 0.857167 0.441700
vn 0.185492 0.857167 0.480476
vn 0.100638 0.857167 0.505110
vn 0.050563 0.857167 0.512550
vn 0.302732 0.857167 0.416675
vn 0.159156 0.857167 0.489830
vn 0.159156 0.857167 0.489830
vn 0.416675 0.857167 0.302732
vn 0.302732 0.857167 0.416675
vn 0.489830 0.857167 0.159156
vn 0.159156 0.857167 0.489830
vn 0.416675 0.857167 0.302732
vn 0.515038 0.857167 -0.000000
vn 0.302732 0.857167 0.416675
vn 0.489830 0.857167 0.159156
vn 0.489830 0.857167 -0.159156
vn 0.416675 0.857167 0.302732
vn 0.515038 0.857167 -0.000000
vn 0.416675 0.857167 -0.302732
vn 0.489830 0.857167 0.159156
vn 0.489830 0.857167 -0.159156
vn 0.302732 0.857167 -0.416675
vn 0.515038 0.857167 -0.000000
vn 0.416675 0.857167 -0.302732
vn 0.159156 0.857167 -0.489830
vn 0.489830 0.857167 -0.159156
vn 0.302732 0.857167 -0.416675
vn 0.416675 0.857167 -0.302732
vn 0.159156 0.857167 -0.489830
vn 0.302732 0.857167 -0.416675
vn 0.159156 0.857167 -0.489830
f 7670//7670 7648//7648 7671//7671
f 7672//7672 7648//7648 7649//7649
f 7672//7672 7671//7671 7648//7648
f 7673//7673 7648//7648 7670//7670
f 7674//7674 7671//7671 7672//7672
f 7674//7674 7670//7670 7671//7671
f 7675//7675 7648//7648 7673//7673
f 7676//7676 7667//7667 7666//7666
f 7676//7676 7668//7668 7667//7667
f 7676//7676 7669//7669 7668//7668
f 7676//7676 7649//7649 7669//7669
f 7676//7676 7672//7672 7649//7649
f 7677//7677 7670//7670 7674//7674
f 7677//7677 7673//7673 7670//7670
f 7678//7678 7650//7650 7648//7648
f 7678//7678 7648//7648 7675//7675
f 7679//7679 7666//7666 7665//7665
f 7679//7679 7674//7674 7672//7672
f 7679//7679 7676//7676 7666//7666
f 7679//7679 7672//7672 7676//7676
f 7680//7680 7678//7678 7675//7675
f 7680//7680 7675//7675 7673//7673
f 7680//7680 7673//7673 7677//7677
f 7681//7681 7650//7650 7678//7678
f 7682//7682 7664//7664 7663//7663
f 7682//7682 7665//7665 7664//7664
f 7682//7682 7679//7679 7665//7665
f 7682//7682 7674//7674 7679//7679
f 7682//7682 7677//7677 7674//7674
f 7683//7683 7678//7678 7680//7680
f 7684//7684 7650//7650 7681//7681
f 7685//7685 7662//7662 7661//7661
f 7685//7685 7663//7663 7662//7662
f 7685//7685 7682//7682 7663//7663
f 7685//7685 7680//7680 7677//7677
f 7685//7685 7677//7677 7682//7682
f 7685//7685 7683//7683 7680//7680
f 7686//7686 7681//7681 7678//7678
f 7686//7686 7678//7678 7683//7683
f 7687//7687 7650//7650 7684//7684
f 7688//7688 7660//7660 7659//7659
f 7688//7688 7661//7661 7660//7660
f 7688//7688 7685//7685 7661//7661
f 7688//7688 7683//7683 7685//7685
f 7689//7689 7684//7684 7681//7681
f 7689//7689 7681//7681 7686//7686
f 7690//7690 7650//7650 7687//7687
f 7691//7691 7658//7658 7657//7657
f 7691//7691 7659//7659 7658//7658
f 7691//7691 7688//7688 7659//7659
f 7691//7691 7686//7686 7683//7683
f 7691//7691 7683//7683 7688//7688
f 7692//7692 7690//7690 7687//7687
f 7692//7692 7687//7687 7684//7684
f 7692//7692 7684//7684 7689//7689
f 7693//7693 7689//7689 7686//7686
f 7693//7693 7656//7656 7655//7655
f 7693//7693 7657//7657 7656//7656
f 7693//7693 7686//7686 7691//7691
f 7693//7693 7691//7691 7657//7657
f 7694//7694 7690//7690 7692//7692
f 7694//7694 7651//7651 7650//7650
f 7694//7694 7650//7650 7690//7690
f 7695//7695 7655//7655 7654//7654
f 7695//7695 7692//7692 7689//7689
f 7695//7695 7694//7694 7692//7692
f 7695//7695 7689//7689 7693//7693
f 7695//7695 7693//7693 7655//7655
f 7696//7696 7652//7652 7651//7651
f 7696//7696 7653//7653 7652//7652
f 7696//7696 7654//7654 7653//7653
f 7696//7696 7695//7695 7654//7654
f 7696//7696 7694//7694 7695//7695
f 7696//7696 7651//7651 7694//7694
v 282.000000 306.299988 1439.500000
v 282.000000 309.336151 1444.552979
v 282.000000 306.299988 1439.500000
v 282.000000 309.336151 1434.447021
v 282.877441 309.336151 1434.523804
v 283.728241 309.336151 1434.751709
v 284.526489 309.336151 1435.124023
v 285.248016 309.336151 1435.629150
v 285.870819 309.336151 1436.251953
v 286.376038 309.336151 1436.973511
v 286.748260 309.336151 1437.771729
v 286.976227 309.336151 1438.622559
v 287.053009 309.336151 1439.500000
v 286.978729 309.336151 1440.363770
v 286.757874 309.336151 1441.202026
v 286.396851 309.336151 1441.990112
v 285.906433 309.336151 1442.704956
v 285.301147 309.336151 1443.325439
v 284.598785 309.336151 1443.833496
v 283.819946 309.336151 1444.213989
v 282.987457 309.336151 1444.455688
v 282.496124 309.336151 1444.528687
v 282.742523 307.059052 1440.521973
v 282.390381 307.059052 1440.701416
v 282.780731 307.818085 1441.902832
v 283.022003 307.059052 1440.242554
v 283.485046 307.818085 1441.543945
v 283.201416 307.059052 1439.890381
v 283.171112 308.577118 1443.104248
v 284.043976 307.818085 1440.984985
v 283.263245 307.059052 1439.500000
v 284.227570 308.577118 1442.565918
v 284.402832 307.818085 1440.280762
v 283.201416 307.059052 1439.109619
v 285.065979 308.577118 1441.727539
v 284.526489 307.818085 1439.500000
v 283.022003 307.059052 1438.757446
v 285.604279 308.577118 1440.671143
v 284.402832 307.818085 1438.719238
v 282.742523 307.059052 1438.478027
v 285.789764 308.577118 1439.500000
v 284.043976 307.818085 1438.015015
v 282.390381 307.059052 1438.298584
v 285.604279 308.577118 1438.328857
v 283.485046 307.818085 1437.456055
v 285.065979 308.577118 1437.272461
v 282.780731 307.818085 1437.097168
v 284.227570 308.577118 1436.434082
v 283.171112 308.577118 1435.895752
vn -0.340752 0.876228 -0.340752
vn 0.000000 0.857167 -0.515038
vn -0.340752 0.876228 0.340752
vn -0.000000 0.857167 0.515038
vn -0.089435 0.857167 0.507213
vn -0.176153 0.857167 0.483977
vn -0.257519 0.857167 0.446036
vn -0.331060 0.857167 0.394542
vn -0.394542 0.857167 0.331060
vn -0.446036 0.857167 0.257519
vn -0.483977 0.857167 0.176153
vn -0.507213 0.857167 0.089435
vn -0.515038 0.857167 -0.000000
vn -0.507459 0.857167 -0.088032
vn -0.484945 0.857167 -0.173473
vn -0.448158 0.857167 -0.253809
vn -0.398181 0.857167 -0.326674
vn -0.336485 0.857167 -0.389925
vn -0.264887 0.857167 -0.441700
vn -0.185492 0.857167 -0.480476
vn -0.100638 0.857167 -0.505110
vn -0.050563 0.857167 -0.512550
vn -0.302732 0.857167 -0.416675
vn -0.159156 0.857167 -0.489830
vn -0.159156 0.857167 -0.489830
vn -0.416675 0.857167 -0.302732
vn -0.302732 0.857167 -0.416675
vn -0.489830 0.857167 -0.159156
vn -0.159156 0.857167 -0.489830
vn -0.416675 0.857167 -0.302732
vn -0.515038 0.857167 0.000000
vn -0.302732 0.857167 -0.416675
vn -0.489830 0.857167 -0.159156
vn -0.489830 0.857167 0.159156
vn -0.416675 0.857167 -0.302732
vn -0.515038 0.857167 0.000000
vn -0.416675 0.857167 0.302732
vn -0.489830 0.857167 -0.159156
vn -0.489830 0.857167 0.159156
vn -0.302732 0.857167 0.416675
vn -0.515038 0.857167 0.000000
vn -0.416675 0.857167 0.302732
vn -0.159156 0.857167 0.489830
vn -0.489830 0.857167 0.159156
vn -0.302732 0.857167 0.416675
vn -0.416675 0.857167 0.302732
vn -0.159156 0.857167 0.489830
vn -0.302732 0.857167 0.416675
vn -0.159156 0.857167 0.489830
f 7719//7719 7697//7697 7720//7720
f 7721//7721 7697//7697 7698//7698
f 7721//7721 7720//7720 7697//7697
f 7722//7722 7697//7697 7719//7719
f 7723//7723 7720//7720 7721//7721
f 7723//7723 7719//7719 7720//7720
f 7724//7724 7697//7697 7722//7722
f 7725//7725 7716//7716 7715//7715
f 7725//7725 7717//7717 7716//7716
f 7725//7725 7718//7718 7717//7717
f 7725//7725 7698//7698 7718//7718
f 7725//7725 7721//7721 7698//7698
f 7726//7726 7719//7719 7723//7723
f 7726//7726 7722//7722 7719//7719
f 7727//7727 7699//7699 7697//7697
f 7727//7727 7697//7697 7724//7724
f 7728//7728 7715//7715 7714//7714
f 7728//7728 7723//7723 7721//7721
f 7728//7728 7725//7725 7715//7715
f 7728//7728 7721//7721 7725//7725
f 7729//7729 7727//7727 7724//7724
f 7729//7729 7724//7724 7722//7722
f 7729//7729 7722//7722 7726//7726
f 7730//7730 7699//7699 7727//7727
f 7731//7731 7713//7713 7712//7712
f 7731//7731 7714//7714 7713//7713
f 7731//7731 7728//7728 7714//7714
f 7731//7731 7723//7723 7728//7728
f 7731//7731 7726//7726 7723//7723
f 7732//7732 7727//7727 7729//7729
f 7732//7732 7730//7730 7727//7727
f 7733//7733 7699//7699 7730//7730
f 7734//7734 7711//7711 7710//7710
f 7734//7734 7712//7712 7711//7711
f 7734//7734 7731//7731 7712//7712
f 7734//7734 7729//7729 7726//7726
f 7734//7734 7726//7726 7731//7731
f 7735//7735 7730//7730 7732//7732
f 7736//7736 7699//7699 7733//7733
f 7737//7737 7709//7709 7708//7708
f 7737//7737 7710//7710 7709//7709
f 7737//7737 7734//7734 7710//7710
f 7737//7737 7732//7732 7729//7729
f 7737//7737 7729//7729 7734//7734
f 7738//7738 7733//7733 7730//7730
f 7738//7738 7730//7730 7735//7735
f 7739//7739 7699//7699 7736//7736
f 7740//7740 7707//7707 7706//7706
f 7740//7740 7708//7708 7707//7707
f 7740//7740 7737//7737 7708//7708
f 7740//7740 7735//7735 7732//7732
f 7740//7740 7732//7732 7737//7737
f 7741//7741 7739//7739 7736//7736
f 7741//7741 7736//7736 7733//7733
f 7741//7741 7733//7733 7738//7738
f 7742//7742 7738//7738 7735//7735
f 7742//7742 7705//7705 7704//7704
f 7742//7742 7706//7706 7705//7705
f 7742//7742 7740//7740 7706//7706
f 7742//7742 7735//7735 7740//7740
f 7743//7743 7739//7739 7741//7741
f 7743//7743 7700//7700 7699//7699
f 7743//7743 7699//7699 7739//7739
f 7744//7744 7704//7704 7703//7703
f 7744//7744 7741//7741 7738//7738
f 7744//7744 7743//7743 7741//7741
f 7744//7744 7738//7738 7742//7742
f 7744//7744 7742//7742 7704//7704
f 7745//7745 7701//7701 7700//7700
f 7745//7745 7702//7702 7701//7701
f 7745//7745 7703//7703 7702//7702
f 7745//7745 7744//7744 7703//7703
f 7745//7745 7743//7743 7744//7744
f 7745//7745 7700//7700 7743//7743
v 282.000000 306.299988 1439.500000
v 282.000000 309.336151 1434.447021
v 282.000000 306.299988 1439.500000
v 282.000000 309.336151 1444.552979
v 281.122559 309.336151 1444.476196
v 280.271759 309.336151 1444.248291
v 279.473511 309.336151 1443.875977
v 278.751984 309.336151 1443.370850
v 278.129181 309.336151 1442.748047
v 277.623962 309.336151 1442.026489
v 277.251740 309.336151 1441.228271
v 277.023773 309.336151 1440.377441
v 276.946991 309.336151 1439.500000
v 277.023773 309.336151 1438.622559
v 277.251740 309.336151 1437.771729
v 277.623962 309.336151 1436.973511
v 278.129181 309.336151 1436.251953
v 278.751984 309.336151 1435.629150
v 279.473511 309.336151 1435.124023
v 280.271759 309.336151 1434.751709
v 281.122559 309.336151 1434.523804
v 281.257477 307.059052 1438.478027
v 281.609619 307.059052 1438.298584
v 281.219269 307.818085 1437.097168
v 280.977997 307.059052 1438.757446
v 280.514954 307.818085 1437.456055
v 280.798584 307.059052 1439.109619
v 280.828888 308.577118 1435.895752
v 279.956024 307.818085 1438.015015
v 280.736755 307.059052 1439.500000
v 279.772430 308.577118 1436.434082
v 279.597168 307.818085 1438.719238
v 280.798584 307.059052 1439.890381
v 278.934021 308.577118 1437.272461
v 279.473511 307.818085 1439.500000
v 280.977997 307.059052 1440.242554
v 278.395721 308.577118 1438.328857
v 279.597168 307.818085 1440.280762
v 281.257477 307.059052 1440.521973
v 278.210236 308.577118 1439.500000
v 279.956024 307.818085 1440.984985
v 281.609619 307.059052 1440.701416
v 278.395721 308.577118 1440.671143
v 280.514954 307.818085 1441.543945
v 278.934021 308.577118 1441.727539
v 281.219269 307.818085 1441.902832
v 279.772430 308.577118 1442.565918
v 280.828888 308.577118 1443.104248
vn 0.340752 0.876228 0.340752
vn 0.000000 0.857167 0.515038
vn 0.340752 0.876228 -0.340752
vn 0.000000 0.857167 -0.515038
vn 0.089435 0.857167 -0.507213
vn 0.176153 0.857167 -0.483977
vn 0.257519 0.857167 -0.446036
vn 0.331060 0.857167 -0.394542
vn 0.394542 0.857167 -0.331060
vn 0.446036 0.857167 -0.257519
vn 0.483977 0.857167 -0.176153
vn 0.507213 0.857167 -0.089435
vn 0.515038 0.857167 0.000000
vn 0.507213 0.857167 0.089435
vn 0.483977 0.857167 0.176153
vn 0.446036 0.857167 0.257519
vn 0.394542 0.857167 0.331060
vn 0.331060 0.857167 0.394542
vn 0.257519 0.857167 0.446036
vn 0.176153 0.857167 0.483977
vn 0.089435 0.857167 0.507213
vn 0.302732 0.857167 0.416675
vn 0.159156 0.857167 0.489830
vn 0.159156 0.857167 0.489830
vn 0.416675 0.857167 0.302732
vn 0.302732 0.857167 0.416675
vn 0.489830 0.857167 0.159156
vn 0.159156 0.857167 0.489830
vn 0.416675 0.857167 0.302732
vn 0.515038 0.857167 -0.000000
vn 0.302732 0.857167 0.416675
vn 0.489830 0.857167 0.159156
vn 0.489830 0.857167 -0.159156
vn 0.416675 0.857167 0.302732
vn 0.515038 0.857167 -0.000000
vn 0.416675 0.857167 -0.302732
vn 0.489830 0.857167 0.159156
vn 0.489830 0.857167 -0.159156
vn 0.302732 0.857167 -0.416675
vn 0.515038 0.857167 -0.000000
vn 0.416675 0.857167 -0.302732
vn 0.159156 0.857167 -0.489830
vn 0.489830 0.857167 -0.159156
vn 0.302732 0.857167 -0.416675
vn 0.416675 0.857167 -0.302732
vn 0.159156 0.857167 -0.489830
vn 0.302732 0.857167 -0.416675
vn 0.159156 0.857167 -0.489830
f 7767//7767 7746//7746 7768//7768
f 7769//7769 7746//7746 7747//7747
f 7769//7769 7768//7768 7746//7746
f 7770//7770 7746//7746 7767//7767
f 7771//7771 7768//7768 7769//7769
f 7771//7771 7767//7767 7768//7768
f 7772//7772 7746//7746 7770//7770
f 7773//7773 7765//7765 7764//7764
f 7773//7773 7766//7766 7765//7765
f 7773//7773 7747//7747 7766//7766
f 7773//7773 7769//7769 7747//7747
f 7774//7774 7767//7767 7771//7771
f 7774//7774 7770//7770 7767//7767
f 7775//7775 7748//7748 7746//7746
f 7775//7775 7746//7746 7772//7772
f 7776//7776 7763//7763 7762//7762
f 7776//7776 7764//7764 7763//7763
f 7776//7776 7771//7771 7769//7769
f 7776//7776 7773//7773 7764//7764
f 7776//7776 7769//7769 7773//7773
f 7777//7777 7770//7770 7774//7774
f 7777//7777 7772//7772 7770//7770
f 7777//7777 7775//7775 7772//7772
f 7778//7778 7748//7748 7775//7775
f 7779//7779 7762//7762 7761//7761
f 7779//7779 7776//7776 7762//7762
f 7779//7779 7774//7774 7771//7771
f 7779//7779 7771//7771 7776//7776
f 7780//7780 7775//7775 7777//7777
f 7781//7781 7748//7748 7778//7778
f 7782//7782 7760//7760 7759//7759
f 7782//7782 7761//7761 7760//7760
f 7782//7782 7777//7777 7774//7774
f 7782//7782 7779//7779 7761//7761
f 7782//7782 7774//7774 7779//7779
f 7783//7783 7778//7778 7775//7775
f 7783//7783 7775//7775 7780//7780
f 7783//7783 7781//7781 7778//7778
f 7784//7784 7748//7748 7781//7781
f 7785//7785 7758//7758 7757//7757
f 7785//7785 7759//7759 7758//7758
f 7785//7785 7782//7782 7759//7759
f 7785//7785 7780//7780 7777//7777
f 7785//7785 7777//7777 7782//7782
f 7786//7786 7781//7781 7783//7783
f 7787//7787 7748//7748 7784//7784
f 7788//7788 7756//7756 7755//7755
f 7788//7788 7757//7757 7756//7756
f 7788//7788 7785//7785 7757//7757
f 7788//7788 7783//7783 7780//7780
f 7788//7788 7780//7780 7785//7785
f 7788//7788 7786//7786 7783//7783
f 7789//7789 7787//7787 7784//7784
f 7789//7789 7784//7784 7781//7781
f 7789//7789 7781//7781 7786//7786
f 7790//7790 7754//7754 7753//7753
f 7790//7790 7755//7755 7754//7754
f 7790//7790 7786//7786 7788//7788
f 7790//7790 7788//7788 7755//7755
f 7791//7791 7749//7749 7748//7748
f 7791//7791 7748//7748 7787//7787
f 7791//7791 7787//7787 7789//7789
f 7792//7792 7789//7789 7786//7786
f 7792//7792 7753//7753 7752//7752
f 7792//7792 7790//7790 7753//7753
f 7792//7792 7786//7786 7790//7790
f 7793//7793 7750//7750 7749//7749
f 7793//7793 7751//7751 7750//7750
f 7793//7793 7752//7752 7751//7751
f 7793//7793 7791//7791 7789//7789
f 7793//7793 7789//7789 7792//7792
f 7793//7793 7792//7792 7752//7752
f 7793//7793 7749//7749 7791//7791
v 498.345490 236.000000 655.009216
v 498.117615 236.000000 657.613953
v 497.440887 236.000000 660.139526
v 496.335876 236.000000 662.509216
v 494.836151 236.000000 664.651001
v 492.987305 236.000000 666.499878
v 490.845490 236.000000 667.999573
v 488.475800 236.000000 669.104614
v 485.950226 236.000000 669.781311
v 483.345490 236.000000 670.009216
v 480.740753 236.000000 669.781311
v 478.215179 236.000000 669.104614
v 475.845490 236.000000 667.999573
v 473.703674 236.000000 666.499878
v 471.854828 236.000000 664.651001
v 470.355103 236.000000 662.509216
v 469.250092 236.000000 660.139526
v 468.573364 236.000000 657.613953
v 468.345490 236.000000 655.009216
v 468.573364 236.000000 652.404480
v 469.250092 236.000000 649.878906
v 470.355103 236.000000 647.509216
v 471.854828 236.000000 645.367371
v 473.703674 236.000000 643.518555
v 475.845490 236.000000 642.018860
v 478.215179 236.000000 640.913818
v 480.740753 236.000000 640.237122
v 483.345490 236.000000 640.009216
v 485.950226 236.000000 640.237122
v 488.475800 236.000000 640.913818
v 490.845490 236.000000 642.018860
v 492.987305 236.000000 643.518555
v 494.836151 236.000000 645.367371
v 496.335876 236.000000 647.509216
v 497.440887 236.000000 649.878906
v 498.117615 236.000000 652.404480
vn -0.000000 1.000000 -0.000000
vn -0.000000 1.000000 -0.000000
vn -0.000000 1.000000 -0.000000
vn -0.000000 1.000000 -0.000000
vn -0.000000 1.000000 -0.000000
vn -0.000000 1.000000 -0.000000
vn -0.000000 1.000000 -0.000000
vn -0.000000 1.000000 -0.000000
vn -0.000000 1.000000 -0.000000
vn -0.000000 1.000000 -0.000000
vn -0.000000 1.000000 -0.000000
vn -0.000000 1.000000 -0.000000
vn -0.000000 1.000000 -0.000000
vn -0.000000 1.000000 -0.000000
vn -0.000000 1.000000 -0.000000
vn -0.000000 1.000000 -0.000000
vn -0.000000 1.000000 -0.000000
vn -0.000000 1.000000 -0.000000
vn -0.000000 1.000000 -0.000000
vn -0.000000 1.000000 -0.000000
vn -0.000000 1.000000 -0.000000
vn -0.000000 1.000000 -0.000000
vn -0.000000 1.000000 -0.000000
vn -0.000000 1.000000 -0.000000
vn -0.000000 1.000000 -0.000000
vn -0.000000 1.000000 -0.000000
vn -0.000000 1.000000 -0.000000
vn -0.000000 1.000000 -0.000000
vn -0.000000 1.000000 -0.000000
vn -0.000000 1.000000 -0.000000
vn -0.000000 1.000000 -0.000000
vn -0.000000 1.000000 -0.000000
vn -0.000000 1.000000 -0.000000
vn -0.000000 1.000000 -0.000000
vn -0.000000 1.000000 -0.000000
vn -0.000000 1.000000 -0.000000
f 7809//7809 7808//7808 7807//7807
f 7806//7806 7809//7809 7807//7807
f 7812//7812 7806//7806 7805//7805
f 7812//7812 7810//7810 7809//7809
f 7812//7812 7811//7811 7810//7810
f 7812//7812 7809//7809 7806//7806
f 7802//7802 7804//7804 7803//7803
f 7801//7801 7805//7805 7804//7804
f 7801//7801 7804//7804 7802//7802
f 7818//7818 7815//7815 7814//7814
f 7818//7818 7816//7816 7815//7815
f 7818//7818 7817//7817 7816//7816
f 7797//7797 7799//7799 7798//7798
f 7797//7797 7800//7800 7799//7799
f 7797//7797 7801//7801 7800//7800
f 7797//7797 7805//7805 7801//7801
f 7796//7796 7813//7813 7812//7812
f 7796//7796 7814//7814 7813//7813
f 7796//7796 7812//7812 7805//7805
f 7796//7796 7805//7805 7797//7797
f 7794//7794 7796//7796 7795//7795
f 7821//7821 7819//7819 7818//7818
f 7821//7821 7820//7820 7819//7819
f 7821//7821 7818//7818 7814//7814
f 7828//7828 7794//7794 7829//7829
f 7823//7823 7822//7822 7821//7821
f 7823//7823 7821//7821 7814//7814
f 7825//7825 7824//7824 7823//7823
f 7826//7826 7823//7823 7814//7814
f 7826//7826 7825//7825 7823//7823
f 7826//7826 7828//7828 7827//7827
f 7826//7826 7814//7814 7796//7796
f 7826//7826 7796//7796 7794//7794
f 7826//7826 7794//7794 7828//7828
usemtl mat_4
v 97.722961 186.000000 684.883240
v 103.366531 186.000000 684.389465
v 108.838615 186.000000 682.923218
v 113.972961 186.000000 680.529053
v 118.613556 186.000000 677.279663
v 122.619408 186.000000 673.273804
v 125.868790 186.000000 668.633240
v 128.262970 186.000000 663.498901
v 129.729218 186.000000 658.026794
v 130.222961 186.000000 652.383240
v 65.222961 186.000000 652.383240
v 65.716713 186.000000 658.026794
v 67.182953 186.000000 663.498901
v 69.577133 186.000000 668.633240
v 72.826515 186.000000 673.273804
v 76.832367 186.000000 677.279663
v 81.472961 186.000000 680.529053
v 86.607307 186.000000 682.923218
v 92.079399 186.000000 684.389465
v 97.722961 186.000000 619.883240
v 92.079399 186.000000 620.376953
v 86.607307 186.000000 621.843201
v 81.472961 186.000000 624.237366
v 76.832367 186.000000 627.486755
v 72.826515 186.000000 631.492615
v 69.577133 186.000000 636.133240
v 67.182953 186.000000 641.267578
v 65.716713 186.000000 646.739685
v 129.729218 186.000000 646.739685
v 128.262970 186.000000 641.267578
v 125.868790 186.000000 636.133240
v 122.619408 186.000000 631.492615
v 118.613556 186.000000 627.486755
v 113.972961 186.000000 624.237366
v 108.838615 186.000000 621.843201
v 103.366531 186.000000 620.376953
v 113.722961 186.000000 652.383240
v 113.479889 186.000000 649.604858
v 112.758041 186.000000 646.910889
v 111.579369 186.000000 644.383240
v 109.979675 186.000000 642.098633
v 108.007561 186.000000 640.126526
v 105.722961 186.000000 638.526794
v 103.195282 186.000000 637.348145
v 100.501335 186.000000 636.626282
v 97.722961 186.000000 636.383240
v 94.944588 186.000000 636.626282
v 92.250641 186.000000 637.348145
v 89.722961 186.000000 638.526794
v 87.438362 186.000000 640.126526
v 85.466248 186.000000 642.098633
v 83.866554 186.000000 644.383240
v 82.687881 186.000000 646.910889
v 81.966042 186.000000 649.604858
v 81.722961 186.000000 652.383240
v 81.966042 186.000000 655.161621
v 82.687881 186.000000 657.855530
v 83.866554 186.000000 660.383240
v 85.466248 186.000000 662.667847
v 87.438362 186.000000 664.639954
v 89.722961 186.000000 666.239624
v 92.250641 186.000000 667.418274
v 94.944588 186.000000 668.140137
v 97.722961 186.000000 668.383240
v 100.501335 186.000000 668.140137
v 103.195282 186.000000 667.418274
v 105.722961 186.000000 666.239624
v 108.007561 186.000000 664.639954
v 109.979675 186.000000 662.667847
v 111.579369 186.000000 660.383240
v 112.758041 186.000000 657.855530
v 113.479889 186.000000 655.161621
vn 0.000000 -1.000000 0.000000
vn 0.000000 -1.000000 0.000000
vn 0.000000 -1.000000 0.000000
vn 0.000000 -1.000000 0.000000
vn 0.000000 -1.000000 0.000000
vn 0.000000 -1.000000 0.000000
vn 0.000000 -1.000000 0.000000
vn 0.000000 -1.000000 0.000000
vn 0.000000 -1.000000 0.000000
vn 0.000000 -1.000000 0.000000
vn 0.000000 -1.000000 0.000000
vn 0.000000 -1.000000 0.000000
vn 0.000000 -1.000000 0.000000
vn 0.000000 -1.000000 0.000000
vn 0.000000 -1.000000 0.000000
vn 0.000000 -1.000000 0.000000
vn 0.000000 -1.000000 0.000000
vn 0.000000 -1.000000 0.000000
vn 0.000000 -1.000000 0.000000
vn 0.000000 -1.000000 0.000000
vn 0.000000 -1.000000 0.000000
vn 0.000000 -1.000000 0.000000
vn 0.000000 -1.000000 0.000000
vn 0.000000 -1.000000 0.000000
vn 0.000000 -1.000000 0.000000
vn 0.000000 -1.000000 0.000000
vn 0.000000 -1.000000 0.000000
vn 0.000000 -1.000000 0.000000
vn 0.000000 -1.000000 0.000000
vn 0.000000 -1.000000 0.000000
vn 0.000000 -1.000000 0.000000
vn 0.000000 -1.000000 0.000000
vn 0.000000 -1.000000 0.000000
vn 0.000000 -1.000000 0.000000
vn 0.000000 -1.000000 0.000000
vn 0.000000 -1.000000 0.000000
vn 0.000000 -1.000000 0.000000
vn 0.000000 -1.000000 0.000000
vn 0.000000 -1.000000 0.000000
vn 0.000000 -1.000000 0.000000
vn 0.000000 -1.000000 0.000000
vn 0.000000 -1.000000 0.000000
vn 0.000000 -1.000000 0.000000
vn 0.000000 -1.000000 0.000000
vn 0.000000 -1.000000 0.000000
vn 0.000000 -1.000000 0.000000
vn 0.000000 -1.000000 0.000000
vn 0.000000 -1.000000 0.000000
vn 0.000000 -1.000000 0.000000
vn 0.000000 -1.000000 0.000000
vn 0.000000 -1.000000 0.000000
vn 0.000000 -1.000000 0.000000
vn 0.000000 -1.000000 0.000000
vn 0.000000 -1.000000 0.000000
vn 0.000000 -1.000000 0.000000
vn 0.000000 -1.000000 0.000000
vn 0.000000 -1.000000 0.000000
vn 0.000000 -1.000000 0.000000
vn 0.000000 -1.000000 0.000000
vn 0.000000 -1.000000 0.000000
vn 0.000000 -1.000000 0.000000
vn 0.000000 -1.000000 0.000000
vn 0.000000 -1.000000 0.000000
vn 0.000000 -1.000000 0.000000
vn 0.000000 -1.000000 0.000000
vn 0.000000 -1.000000 0.000000
vn 0.000000 -1.000000 0.000000
vn 0.000000 -1.000000 0.000000
vn 0.000000 -1.000000 0.000000
vn 0.000000 -1.000000 0.000000
vn 0.000000 -1.000000 0.000000
vn 0.000000 -1.000000 0.000000
f 7888//7888 7845//7845 7844//7844
f 7888//7888 7889//7889 7845//7845
f 7890//7890 7846//7846 7845//7845
f 7890//7890 7845//7845 7889//7889
f 7887//7887 7844//7844 7843//7843
f 7887//7887 7888//7888 7844//7844
f 7891//7891 7847//7847 7846//7846
f 7891//7891 7848//7848 7847//7847
f 7891//7891 7846//7846 7890//7890
f 7886//7886 7842//7842 7841//7841
f 7886//7886 7843//7843 7842//7842
f 7886//7886 7887//7887 7843//7843
f 7892//7892 7848//7848 7891//7891
f 7885//7885 7886//7886 7841//7841
f 7884//7884 7885//7885 7841//7841
f 7884//7884 7841//7841 7840//7840
f 7884//7884 7840//7840 7857//7857
f 7893//7893 7848//7848 7892//7892
f 7893//7893 7830//7830 7848//7848
f 7894//7894 7831//7831 7830//7830
f 7894//7894 7832//7832 7831//7831
f 7894//7894 7830//7830 7893//7893
f 7883//7883 7884//7884 7857//7857
f 7895//7895 7832//7832 7894//7894
f 7882//7882 7883//7883 7857//7857
f 7882//7882 7857//7857 7856//7856
f 7896//7896 7833//7833 7832//7832
f 7896//7896 7832//7832 7895//7895
f 7881//7881 7882//7882 7856//7856
f 7881//7881 7856//7856 7855//7855
f 7834//7834 7833//7833 7896//7896
f 7897//7897 7834//7834 7896//7896
f 7880//7880 7855//7855 7854//7854
f 7880//7880 7881//7881 7855//7855
f 7898//7898 7834//7834 7897//7897
f 7835//7835 7834//7834 7898//7898
f 7853//7853 7880//7880 7854//7854
f 7853//7853 7879//7879 7880//7880
f 7878//7878 7879//7879 7853//7853
f 7836//7836 7835//7835 7898//7898
f 7836//7836 7898//7898 7899//7899
f 7836//7836 7899//7899 7900//7900
f 7852//7852 7878//7878 7853//7853
f 7837//7837 7836//7836 7900//7900
f 7837//7837 7900//7900 7901//7901
f 7851//7851 7877//7877 7878//7878
f 7851//7851 7878//7878 7852//7852
f 7838//7838 7901//7901 7866//7866
f 7838//7838 7837//7837 7901//7901
f 7850//7850 7876//7876 7877//7877
f 7850//7850 7877//7877 7851//7851
f 7839//7839 7838//7838 7866//7866
f 7849//7849 7875//7875 7876//7876
f 7849//7849 7876//7876 7850//7850
f 7858//7858 7866//7866 7867//7867
f 7858//7858 7839//7839 7866//7866
f 7865//7865 7873//7873 7874//7874
f 7865//7865 7874//7874 7875//7875
f 7865//7865 7875//7875 7849//7849
f 7859//7859 7867//7867 7868//7868
f 7859//7859 7868//7868 7869//7869
f 7859//7859 7858//7858 7867//7867
f 7864//7864 7873//7873 7865//7865
f 7860//7860 7859//7859 7869//7869
f 7863//7863 7872//7872 7873//7873
f 7863//7863 7873//7873 7864//7864
f 7861//7861 7860//7860 7869//7869
f 7861//7861 7869//7869 7870//7870
f 7862//7862 7872//7872 7863//7863
f 7862//7862 7861//7861 7870//7870
f 7862//7862 7870//7870 7871//7871
f 7862//7862 7871//7871 7872//7872
v 97.722961 272.000000 698.883240
v 97.722961 264.000000 698.883240
v 144.222961 264.000000 652.383240
v 143.516525 264.000000 660.457886
v 141.418671 264.000000 668.287170
v 137.993149 264.000000 675.633240
v 133.344025 264.000000 682.272827
v 127.612587 264.000000 688.004272
v 120.972961 264.000000 692.653381
v 113.626900 264.000000 696.078918
v 105.797600 264.000000 698.176758
v 97.722961 264.000000 605.883240
v 105.797600 264.000000 606.589661
v 113.626900 264.000000 608.687500
v 120.972961 264.000000 612.113037
v 127.612587 264.000000 616.762146
v 133.344025 264.000000 622.493591
v 137.993149 264.000000 629.133240
v 141.418671 264.000000 636.479309
v 143.516525 264.000000 644.308594
v 97.722961 272.000000 605.883240
v 105.797600 272.000000 606.589661
v 113.626900 272.000000 608.687500
v 120.972961 272.000000 612.113037
v 127.612587 272.000000 616.762146
v 133.344025 272.000000 622.493591
v 137.993149 272.000000 629.133240
v 141.418671 272.000000 636.479309
v 143.516525 272.000000 644.308594
v 144.222961 272.000000 652.383240
v 143.516525 272.000000 660.457886
v 141.418671 272.000000 668.287170
v 137.993149 272.000000 675.633240
v 133.344025 272.000000 682.272827
v 127.612587 272.000000 688.004272
v 120.972961 272.000000 692.653381
v 113.626900 272.000000 696.078918
v 105.797600 272.000000 698.176758
vn 0.000000 0.000000 1.000000
vn 0.000000 0.000000 1.000000
vn 1.000000 0.000000 -0.000000
vn 0.984808 0.000000 0.173648
vn 0.939693 0.000000 0.342020
vn 0.866025 0.000000 0.500000
vn 0.766044 0.000000 0.642788
vn 0.642788 0.000000 0.766044
vn 0.500000 0.000000 0.866025
vn 0.342020 0.000000 0.939693
vn 0.173648 0.000000 0.984808
vn 0.000000 0.000000 -1.000000
vn 0.173648 0.000000 -0.984808
vn 0.342020 0.000000 -0.939693
vn 0.500000 0.000000 -0.866025
vn 0.642788 0.000000 -0.766044
vn 0.766044 0.000000 -0.642788
vn 0.866025 0.000000 -0.500000
vn 0.939693 0.000000 -0.342020
vn 0.984808 0.000000 -0.173648
vn 0.000000 0.000000 -1.000000
vn 0.173648 0.000000 -0.984808
vn 0.342020 0.000000 -0.939693
vn 0.500000 0.000000 -0.866025
vn 0.642788 0.000000 -0.766044
vn 0.766044 0.000000 -0.642788
vn 0.866025 0.000000 -0.500000
vn 0.939693 0.000000 -0.342020
vn 0.984808 0.000000 -0.173648
vn 1.000000 0.000000 -0.000000
vn 0.984808 0.000000 0.173648
vn 0.939693 0.000000 0.342020
vn 0.866025 0.000000 0.500000
vn 0.766044 0.000000 0.642788
vn 0.642788 0.000000 0.766044
vn 0.500000 0.000000 0.866025
vn 0.342020 0.000000 0.939693
vn 0.173648 0.000000 0.984808
f 7914//7914 7913//7913 7922//7922
f 7914//7914 7922//7922 7923//7923
f 7915//7915 7923//7923 7924//7924
f 7915//7915 7914//7914 7923//7923
f 7916//7916 7924//7924 7925//7925
f 7916//7916 7915//7915 7924//7924
f 7917//7917 7925//7925 7926//7926
f 7917//7917 7916//7916 7925//7925
f 7918//7918 7926//7926 7927//7927
f 7918//7918 7917//7917 7926//7926
f 7919//7919 7927//7927 7928//7928
f 7919//7919 7918//7918 7927//7927
f 7920//7920 7928//7928 7929//7929
f 7920//7920 7919//7919 7928//7928
f 7921//7921 7929//7929 7930//7930
f 7921//7921 7920//7920 7929//7929
f 7904//7904 7930//7930 7931//7931
f 7904//7904 7921//7921 7930//7930
f 7905//7905 7931//7931 7932//7932
f 7905//7905 7904//7904 7931//7931
f 7906//7906 7932//7932 7933//7933
f 7906//7906 7905//7905 7932//7932
f 7907//7907 7933//7933 7934//7934
f 7907//7907 7906//7906 7933//7933
f 7908//7908 7934//7934 7935//7935
f 7908//7908 7907//7907 7934//7934
f 7909//7909 7935//7935 7936//7936
f 7909//7909 7908//7908 7935//7935
f 7910//7910 7909//7909 7936//7936
f 7910//7910 7936//7936 7937//7937
f 7911//7911 7910//7910 7937//7937
f 7911//7911 7937//7937 7938//7938
f 7912//7912 7911//7911 7938//7938
f 7912//7912 7938//7938 7939//7939
f 7903//7903 7912//7912 7939//7939
f 7903//7903 7939//7939 7902//7902
v 97.722961 272.000000 605.883240
v 97.722961 264.000000 605.883240
v 51.222961 264.000000 652.383240
v 51.929401 264.000000 644.308594
v 54.027256 264.000000 636.479309
v 57.452782 264.000000 629.133240
v 62.101894 264.000000 622.493591
v 67.833336 264.000000 616.762146
v 74.472961 264.000000 612.113037
v 81.819023 264.000000 608.687500
v 89.648323 264.000000 606.589661
v 97.722961 264.000000 698.883240
v 89.648323 264.000000 698.176758
v 81.819023 264.000000 696.078918
v 74.472961 264.000000 692.653381
v 67.833336 264.000000 688.004272
v 62.101894 264.000000 682.272827
v 57.452782 264.000000 675.633240
v 54.027256 264.000000 668.287170
v 51.929401 264.000000 660.457886
v 97.722961 272.000000 698.883240
v 89.648323 272.000000 698.176758
v 81.819023 272.000000 696.078918
v 74.472961 272.000000 692.653381
v 67.833336 272.000000 688.004272
v 62.101894 272.000000 682.272827
v 57.452782 272.000000 675.633240
v 54.027256 272.000000 668.287170
v 51.929401 272.000000 660.457886
v 51.222961 272.000000 652.383240
v 51.929401 272.000000 644.308594
v 54.027256 272.000000 636.479309
v 57.452782 272.000000 629.133240
v 62.101894 272.000000 622.493591
v 67.833336 272.000000 616.762146
v 74.472961 272.000000 612.113037
v 81.819023 272.000000 608.687500
v 89.648323 272.000000 606.589661
vn -0.000000 -0.000000 -1.000000
vn -0.000000 -0.000000 -1.000000
vn -1.000000 0.000000 0.000000
vn -0.984808 -0.000000 -0.173648
vn -0.939693 -0.000000 -0.342020
vn -0.866025 -0.000000 -0.500000
vn -0.766044 -0.000000 -0.642788
vn -0.642788 -0.000000 -0.766044
vn -0.500000 -0.000000 -0.866025
vn -0.342020 -0.000000 -0.939693
vn -0.173648 -0.000000 -0.984808
vn 0.000000 0.000000 1.000000
vn -0.173648 0.000000 0.984808
vn -0.342020 0.000000 0.939693
vn -0.500000 0.000000 0.866025
vn -0.642788 0.000000 0.766044
vn -0.766044 0.000000 0.642788
vn -0.866025 0.000000 0.500000
vn -0.939693 0.000000 0.342020
vn -0.984808 0.000000 0.173648
vn 0.000000 0.000000 1.000000
vn -0.173648 0.000000 0.984808
vn -0.342020 0.000000 0.939693
vn -0.500000 0.000000 0.866025
vn -0.642788 0.000000 0.766044
vn -0.766044 0.000000 0.642788
vn -0.866025 0.000000 0.500000
vn -0.939693 0.000000 0.342020
vn -0.984808 0.000000 0.173648
vn -1.000000 0.000000 0.000000
vn -0.984808 -0.000000 -0.173648
vn -0.939693 -0.000000 -0.342020
vn -0.866025 -0.000000 -0.500000
vn -0.766044 -0.000000 -0.642788
vn -0.642788 -0.000000 -0.766044
vn -0.500000 -0.000000 -0.866025
vn -0.342020 -0.000000 -0.939693
vn -0.173648 -0.000000 -0.984808
f 7952//7952 7951//7951 7960//7960
f 7952//7952 7960//7960 7961//7961
f 7953//7953 7961//7961 7962//7962
f 7953//7953 7952//7952 7961//7961
f 7954//7954 7962//7962 7963//7963
f 7954//7954 7953//7953 7962//7962
f 7955//7955 7963//7963 7964//7964
f 7955//7955 7954//7954 7963//7963
f 7956//7956 7964//7964 7965//7965
f 7956//7956 7955//7955 7964//7964
f 7957//7957 7965//7965 7966//7966
f 7957//7957 7956//7956 7965//7965
f 7958//7958 7966//7966 7967//7967
f 7958//7958 7957//7957 7966//7966
f 7959//7959 7967//7967 7968//7968
f 7959//7959 7958//7958 7967//7967
f 7942//7942 7968//7968 7969//7969
f 7942//7942 7959//7959 7968//7968
f 7943//7943 7969//7969 7970//7970
f 7943//7943 7942//7942 7969//7969
f 7944//7944 7970//7970 7971//7971
f 7944//7944 7943//7943 7970//7970
f 7945//7945 7971//7971 7972//7972
f 7945//7945 7944//7944 7971//7971
f 7946//7946 7972//7972 7973//7973
f 7946//7946 7945//7945 7972//7972
f 7947//7947 7973//7973 7974//7974
f 7947//7947 7946//7946 7973//7973
f 7948//7948 7947//7947 7974//7974
f 7948//7948 7974//7974 7975//7975
f 7949//7949 7948//7948 7975//7975
f 7949//7949 7975//7975 7976//7976
f 7950//7950 7949//7949 7976//7976
f 7950//7950 7976//7976 7977//7977
f 7941//7941 7950//7950 7977//7977
f 7941//7941 7977//7977 7940//7940
usemtl mat_2
v 349.998810 354.666229 1542.380493
v 349.998322 348.719513 1541.832153
v 349.999573 348.847046 1562.805786
v 349.999939 354.816040 1562.411377
vn -1.000000 0.000062 0.000064
vn -1.000000 0.000086 0.000061
vn -1.000000 0.000080 0.000042
vn -1.000000 0.000055 0.000035
f 7980//7980 7978//7978 7979//7979
f 7980//7980 7981//7981 7978//7978
v 407.996277 348.723419 1541.844238
v 407.996735 354.670166 1542.392700
v 407.998657 354.818634 1562.417847
v 407.998291 348.849670 1562.812256
vn 1.000000 -0.000062 -0.000078
vn 1.000000 -0.000084 -0.000084
vn 1.000000 -0.000083 -0.000085
vn 1.000000 -0.000060 -0.000093
f 7985//7985 7982//7982 7983//7983
f 7984//7984 7985//7985 7983//7983
v 408.000732 359.155182 1586.561157
v 408.000000 353.949493 1587.956055
v 408.000000 353.359680 1588.114136
v 407.998291 348.849670 1562.812256
v 407.999359 350.535736 1575.537231
v 407.998657 354.818634 1562.417847
v 407.999603 356.449280 1574.578857
vn 1.000000 -0.000015 -0.000009
vn 1.000000 0.000002 -0.000029
vn 1.000000 0.000003 -0.000031
vn 1.000000 -0.000060 -0.000093
vn 1.000000 -0.000036 -0.000064
vn 1.000000 -0.000083 -0.000085
vn 1.000000 -0.000057 -0.000047
f 7990//7990 7989//7989 7991//7991
f 7992//7992 7990//7990 7991//7991
f 7987//7987 7988//7988 7990//7990
f 7987//7987 7990//7990 7992//7992
f 7986//7986 7987//7987 7992//7992
v 349.999939 354.816040 1562.411377
v 350.000214 356.447906 1574.575684
v 350.000000 359.154785 1586.561279
v 349.999573 348.847046 1562.805786
v 350.000000 350.534393 1575.534058
v 350.000000 353.359833 1588.114624
vn -1.000000 0.000055 0.000035
vn -1.000000 0.000024 -0.000002
vn -1.000000 -0.000021 -0.000033
vn -1.000000 0.000080 0.000042
vn -1.000000 0.000050 0.000009
vn -1.000000 0.000007 -0.000022
f 7997//7997 7994//7994 7993//7993
f 7997//7997 7993//7993 7996//7996
f 7998//7998 7995//7995 7994//7994
f 7998//7998 7994//7994 7997//7997
v 361.999390 366.560669 1543.479980
v 359.950348 366.385132 1543.463379
v 357.960876 365.866455 1543.415161
v 356.521454 365.248352 1543.357788
v 355.195831 364.462982 1543.285156
v 353.982147 363.515991 1543.197510
v 352.901642 362.421753 1543.096436
v 351.971924 361.198425 1542.983398
v 351.207489 359.867157 1542.860474
v 350.622528 358.449280 1542.729614
v 350.226624 356.968109 1542.592896
v 350.056183 355.822693 1542.487183
v 349.998810 354.666229 1542.380493
v 349.999939 354.816040 1562.411377
v 362.000519 366.754669 1561.624023
v 359.951447 366.578522 1561.635376
v 357.961945 366.057953 1561.669556
v 356.522552 365.437561 1561.710449
v 355.196899 364.649261 1561.762329
v 353.983215 363.698761 1561.824951
v 352.902710 362.600494 1561.897461
v 351.972992 361.372589 1561.978394
v 351.208588 360.036377 1562.066650
v 350.623627 358.613220 1562.160645
v 350.227753 357.126495 1562.258789
v 350.057312 355.976807 1562.334717
vn -0.000077 0.998205 0.059896
vn -0.170143 0.983647 0.059076
vn -0.334686 0.940627 0.056625
vn -0.455143 0.888801 0.053650
vn -0.564963 0.823607 0.049882
vn -0.665885 0.744679 0.045282
vn -0.756829 0.652397 0.039851
vn -0.834330 0.550229 0.033781
vn -0.898215 0.438720 0.027084
vn -0.947711 0.318517 0.019785
vn -0.980887 0.194201 0.012151
vn -0.995158 0.098093 0.006193
vn -1.000000 0.000062 0.000064
vn -1.000000 0.000055 0.000035
vn -0.000032 0.996047 -0.088828
vn -0.170416 0.981483 -0.087466
vn -0.335218 0.938437 -0.083456
vn -0.455803 0.886599 -0.078653
vn -0.565676 0.821421 -0.072647
vn -0.666578 0.742558 -0.065431
vn -0.757439 0.650407 -0.057071
vn -0.834812 0.548448 -0.047901
vn -0.898547 0.437229 -0.037995
vn -0.947897 0.317394 -0.027431
vn -0.980959 0.193500 -0.016622
vn -0.995178 0.097735 -0.008343
f 8013//8013 7999//7999 8000//8000
f 8014//8014 8013//8013 8000//8000
f 8015//8015 8000//8000 8001//8001
f 8015//8015 8014//8014 8000//8000
f 8016//8016 8001//8001 8002//8002
f 8016//8016 8002//8002 8003//8003
f 8016//8016 8015//8015 8001//8001
f 8017//8017 8016//8016 8003//8003
f 8018//8018 8003//8003 8004//8004
f 8018//8018 8004//8004 8005//8005
f 8018//8018 8017//8017 8003//8003
f 8019//8019 8005//8005 8006//8006
f 8019//8019 8018//8018 8005//8005
f 8020//8020 8006//8006 8007//8007
f 8020//8020 8019//8019 8006//8006
f 8021//8021 8020//8020 8007//8007
f 8022//8022 8007//8007 8008//8008
f 8022//8022 8008//8008 8009//8009
f 8022//8022 8021//8021 8007//8007
f 8023//8023 8009//8009 8010//8010
f 8023//8023 8022//8022 8009//8009
f 8024//8024 8023//8023 8010//8010
f 8012//8012 8010//8010 8011//8011
f 8012//8012 8024//8024 8010//8010
v 395.998047 366.562988 1543.487061
v 361.999390 366.560669 1543.479980
v 362.000519 366.754669 1561.624023
v 395.999664 366.756195 1561.627808
vn -0.000083 0.998203 0.059916
vn -0.000077 0.998205 0.059896
vn -0.000032 0.996047 -0.088828
vn -0.000038 0.996051 -0.088782
f 8026//8026 8028//8028 8025//8025
f 8027//8027 8028//8028 8026//8026
v 407.996735 354.670166 1542.392700
v 407.819244 356.704895 1542.580200
v 407.294586 358.679352 1542.762207
v 406.669617 360.107025 1542.893799
v 405.875885 361.421112 1543.014771
v 404.919342 362.623566 1543.125488
v 403.814667 363.693390 1543.223999
v 402.580292 364.613373 1543.308594
v 401.237671 365.369324 1543.378052
v 399.808472 365.947388 1543.431030
v 398.316132 366.338348 1543.466797
v 397.162506 366.506500 1543.482056
v 395.998047 366.562988 1543.487061
v 395.999664 366.756195 1561.627808
v 407.998657 354.818634 1562.417847
v 407.821136 356.860962 1562.282959
v 407.296448 358.842834 1562.151855
v 406.671448 360.275879 1562.057129
v 405.877686 361.594879 1561.969971
v 404.921112 362.801849 1561.890015
v 403.816406 363.875702 1561.818970
v 402.582001 364.799164 1561.757813
v 401.239349 365.557983 1561.707520
v 399.810120 366.138214 1561.669067
v 398.317749 366.530670 1561.642944
v 397.164093 366.699493 1561.631714
vn 1.000000 -0.000084 -0.000084
vn 0.985093 0.171694 0.010626
vn 0.941087 0.337523 0.020818
vn 0.888230 0.458534 0.028162
vn 0.821979 0.568456 0.034762
vn 0.742101 0.669048 0.040742
vn 0.649117 0.759293 0.046058
vn 0.546623 0.835853 0.050529
vn 0.435224 0.898691 0.054174
vn 0.315571 0.947190 0.056974
vn 0.192171 0.979596 0.058839
vn 0.096949 0.993501 0.059640
vn -0.000083 0.998203 0.059916
vn -0.000038 0.996051 -0.088782
vn 1.000000 -0.000083 -0.000085
vn 0.985146 0.171078 -0.014790
vn 0.941290 0.336336 -0.029184
vn 0.888587 0.456976 -0.039818
vn 0.822490 0.566614 -0.049582
vn 0.742747 0.667003 -0.058608
vn 0.649850 0.757123 -0.066779
vn 0.547379 0.833627 -0.073773
vn 0.435929 0.896458 -0.079555
vn 0.316151 0.944979 -0.084042
vn 0.192568 0.977415 -0.087053
vn 0.097177 0.991338 -0.088347
f 8044//8044 8029//8029 8030//8030
f 8044//8044 8043//8043 8029//8029
f 8045//8045 8030//8030 8031//8031
f 8045//8045 8031//8031 8032//8032
f 8045//8045 8044//8044 8030//8030
f 8046//8046 8032//8032 8033//8033
f 8046//8046 8045//8045 8032//8032
f 8047//8047 8033//8033 8034//8034
f 8047//8047 8046//8046 8033//8033
f 8048//8048 8034//8034 8035//8035
f 8048//8048 8047//8047 8034//8034
f 8049//8049 8035//8035 8036//8036
f 8049//8049 8048//8048 8035//8035
f 8050//8050 8036//8036 8037//8037
f 8050//8050 8049//8049 8036//8036
f 8051//8051 8037//8037 8038//8038
f 8051//8051 8050//8050 8037//8037
f 8052//8052 8038//8038 8039//8039
f 8052//8052 8051//8051 8038//8038
f 8053//8053 8039//8039 8040//8040
f 8053//8053 8052//8052 8039//8039
f 8054//8054 8040//8040 8041//8041
f 8054//8054 8053//8053 8040//8040
f 8042//8042 8054//8054 8041//8041
usemtl mat_5
v 424.999084 405.910431 1745.000000
v 426.184601 405.400482 1745.000000
v 427.277252 404.705048 1745.000000
v 427.995636 404.104126 1745.000122
v 428.685547 403.390472 1745.000122
v 429.301971 402.604279 1744.999878
v 430.004730 401.462677 1744.999756
v 430.640594 400.065308 1745.000000
v 431.111603 398.587799 1745.000000
v 431.425018 397.062225 1744.999878
v 431.620361 394.997528 1745.000122
v 431.576904 392.682007 1744.999878
v 431.338470 390.646027 1745.000122
v 430.946014 388.683655 1745.000122
v 413.895203 383.010986 1694.159912
v 421.223816 386.459045 1720.202637
v 413.926880 385.810333 1693.588013
v 413.545532 388.435120 1693.163086
v 412.800354 390.807220 1692.887451
v 412.122864 392.234192 1692.783569
v 411.058289 393.879059 1692.740723
v 409.866577 395.220306 1692.793335
v 408.601196 396.268372 1692.924927
v 407.167084 397.115814 1693.142456
v 406.136139 397.540436 1693.336060
v 405.048218 397.838226 1693.570557
v 413.824097 402.508362 1719.984253
v 413.072449 398.073914 1706.064575
v 421.628235 403.151794 1732.612793
v 414.985718 390.319611 1699.604980
v 414.515778 391.806549 1699.459595
v 413.648346 397.490143 1705.982422
v 418.830994 392.266052 1712.674683
v 420.248474 395.667816 1718.852539
v 417.780182 399.854370 1719.007690
v 422.137939 402.735657 1732.555054
v 422.669739 402.215393 1732.470825
v 423.282684 394.536682 1725.636230
v 428.371063 395.876923 1738.077271
v 428.257111 396.893524 1738.215210
v 428.075714 397.904755 1738.351196
v 427.786316 399.010590 1738.493286
v 426.880524 403.087189 1741.389648
vn 0.307174 0.915910 -0.258366
vn 0.445110 0.838589 -0.314078
vn 0.560460 0.747367 -0.356829
vn 0.629676 0.677416 -0.380285
vn 0.691621 0.601765 -0.399423
vn 0.743616 0.525267 -0.413679
vn 0.797856 0.426687 -0.425868
vn 0.842090 0.322372 -0.432390
vn 0.872362 0.226192 -0.433384
vn 0.891955 0.138152 -0.430499
vn 0.905594 0.034396 -0.422748
vn 0.909221 -0.066236 -0.411010
vn 0.905352 -0.145117 -0.399097
vn 0.896929 -0.214295 -0.386776
vn 0.971305 -0.129560 -0.199452
vn 0.938419 -0.176328 -0.297117
vn 0.973401 0.023105 -0.227941
vn 0.950067 0.181182 -0.254060
vn 0.898477 0.341666 -0.275687
vn 0.847095 0.447636 -0.286446
vn 0.759332 0.580182 -0.294625
vn 0.651083 0.699371 -0.294909
vn 0.527988 0.799251 -0.287099
vn 0.380328 0.884675 -0.269629
vn 0.268253 0.929914 -0.251595
vn 0.145824 0.962726 -0.227804
vn 0.223548 0.945688 -0.236010
vn 0.623120 0.715441 -0.316014
vn 0.543083 0.769041 -0.337101
vn 0.935266 0.213243 -0.282499
vn 0.903048 0.312914 -0.294261
vn 0.679227 0.659769 -0.321491
vn 0.930245 0.172138 -0.324058
vn 0.879755 0.314377 -0.356650
vn 0.672942 0.653965 -0.345657
vn 0.595673 0.722154 -0.351663
vn 0.649100 0.667320 -0.365174
vn 0.914525 0.166757 -0.368559
vn 0.904170 0.128686 -0.407327
vn 0.892675 0.184546 -0.411187
vn 0.876921 0.244555 -0.413765
vn 0.853487 0.315683 -0.414613
vn 0.680024 0.621343 -0.389229
f 8082//8082 8077//8077 8078//8078
f 8082//8082 8078//8078 8079//8079
f 8082//8082 8079//8079 8080//8080
f 8082//8082 8080//8080 8081//8081
f 8083//8083 8081//8081 8055//8055
f 8084//8084 8069//8069 8071//8071
f 8084//8084 8071//8071 8072//8072
f 8084//8084 8072//8072 8073//8073
f 8085//8085 8073//8073 8074//8074
f 8085//8085 8074//8074 8075//8075
f 8085//8085 8075//8075 8076//8076
f 8085//8085 8076//8076 8077//8077
f 8085//8085 8084//8084 8073//8073
f 8085//8085 8077//8077 8082//8082
f 8085//8085 8086//8086 8084//8084
f 8085//8085 8082//8082 8086//8086
f 8087//8087 8070//8070 8069//8069
f 8087//8087 8084//8084 8086//8086
f 8087//8087 8088//8088 8070//8070
f 8087//8087 8069//8069 8084//8084
f 8089//8089 8088//8088 8087//8087
f 8089//8089 8082//8082 8081//8081
f 8089//8089 8086//8086 8082//8082
f 8089//8089 8083//8083 8090//8090
f 8089//8089 8081//8081 8083//8083
f 8089//8089 8090//8090 8091//8091
f 8089//8089 8087//8087 8086//8086
f 8092//8092 8068//8068 8070//8070
f 8092//8092 8089//8089 8091//8091
f 8092//8092 8070//8070 8088//8088
f 8092//8092 8088//8088 8089//8089
f 8093//8093 8065//8065 8066//8066
f 8093//8093 8066//8066 8067//8067
f 8093//8093 8067//8067 8068//8068
f 8093//8093 8068//8068 8092//8092
f 8093//8093 8092//8092 8091//8091
f 8094//8094 8064//8064 8065//8065
f 8094//8094 8065//8065 8093//8093
f 8094//8094 8093//8093 8091//8091
f 8095//8095 8063//8063 8064//8064
f 8095//8095 8064//8064 8094//8094
f 8095//8095 8094//8094 8091//8091
f 8096//8096 8062//8062 8063//8063
f 8096//8096 8063//8063 8095//8095
f 8096//8096 8095//8095 8091//8091
f 8097//8097 8055//8055 8056//8056
f 8097//8097 8056//8056 8057//8057
f 8097//8097 8057//8057 8058//8058
f 8097//8097 8058//8058 8059//8059
f 8097//8097 8059//8059 8060//8060
f 8097//8097 8060//8060 8061//8061
f 8097//8097 8061//8061 8062//8062
f 8097//8097 8062//8062 8096//8096
f 8097//8097 8090//8090 8083//8083
f 8097//8097 8083//8083 8055//8055
f 8097//8097 8091//8091 8090//8090
f 8097//8097 8096//8096 8091//8091
v 413.598083 381.288330 1694.586914
v 420.702728 384.553986 1720.400024
v 430.152313 386.625061 1744.999878
v 413.779816 382.103577 1694.373779
v 413.895203 383.010986 1694.159912
v 421.223816 386.459045 1720.202637
v 430.946014 388.683655 1745.000122
v 430.656586 387.719727 1744.999634
v 430.424225 387.155060 1744.999878
vn 0.937755 -0.307296 -0.161816
vn 0.882699 -0.398237 -0.249499
vn 0.819680 -0.467656 -0.330791
vn 0.960225 -0.210645 -0.183294
vn 0.971305 -0.129560 -0.199452
vn 0.938419 -0.176328 -0.297117
vn 0.896929 -0.214295 -0.386776
vn 0.873369 -0.319909 -0.367267
vn 0.850560 -0.391617 -0.350977
f 8099//8099 8098//8098 8101//8101
f 8099//8099 8101//8101 8102//8102
f 8103//8103 8099//8099 8102//8102
f 8100//8100 8099//8099 8103//8103
f 8106//8106 8100//8100 8103//8103
f 8105//8105 8106//8106 8103//8103
f 8104//8104 8105//8105 8103//8103
v 413.061859 379.887665 1695.013916
v 419.831970 383.027283 1720.583862
v 428.898621 385.009674 1745.000000
v 413.598083 381.288330 1694.586914
v 420.702728 384.553986 1720.400024
v 430.152313 386.625061 1744.999878
v 429.770325 386.030548 1745.000000
v 429.350922 385.497406 1745.000000
vn 0.882104 -0.455083 -0.121618
vn 0.786450 -0.587574 -0.190401
vn 0.685179 -0.683792 -0.250915
vn 0.937755 -0.307296 -0.161816
vn 0.882699 -0.398237 -0.249499
vn 0.819680 -0.467656 -0.330791
vn 0.774585 -0.555066 -0.303181
vn 0.729219 -0.625959 -0.276432
f 8108//8108 8107//8107 8110//8110
f 8111//8111 8108//8108 8110//8110
f 8109//8109 8108//8108 8111//8111
f 8114//8114 8109//8109 8111//8111
f 8113//8113 8114//8114 8111//8111
f 8112//8112 8113//8113 8111//8111
v 412.466553 378.601166 1695.433960
v 418.771759 381.707184 1720.369629
v 427.570709 383.775482 1745.000000
v 413.061859 379.887665 1695.013916
v 419.831970 383.027283 1720.583862
v 428.898621 385.009674 1745.000000
vn 0.907371 -0.401325 -0.124965
vn 0.807508 -0.559288 -0.187424
vn 0.679921 -0.694215 -0.236162
vn 0.882104 -0.455083 -0.121618
vn 0.786450 -0.587574 -0.190401
vn 0.685179 -0.683792 -0.250915
f 8116//8116 8115//8115 8118//8118
f 8119//8119 8116//8116 8118//8118
f 8117//8117 8116//8116 8119//8119
f 8120//8120 8117//8117 8119//8119
v 412.037537 376.990662 1695.874023
v 418.093933 380.207733 1720.573364
v 426.595917 382.419983 1745.000000
v 412.197327 377.781799 1695.671631
v 412.323395 378.209656 1695.551392
v 412.466553 378.601166 1695.433960
v 418.771759 381.707184 1720.369629
v 427.570709 383.775482 1745.000000
v 427.080963 383.234772 1745.000366
v 426.818695 382.853851 1745.000488
vn 0.969544 -0.184959 -0.160547
vn 0.929276 -0.276528 -0.244905
vn 0.869267 -0.375255 -0.321805
vn 0.947590 -0.284838 -0.144710
vn 0.928332 -0.346617 -0.134371
vn 0.907371 -0.401325 -0.124965
vn 0.807508 -0.559288 -0.187424
vn 0.679921 -0.694215 -0.236162
vn 0.759639 -0.591883 -0.269485
vn 0.818421 -0.492269 -0.296410
f 8122//8122 8121//8121 8124//8124
f 8122//8122 8124//8124 8125//8125
f 8122//8122 8125//8125 8126//8126
f 8127//8127 8122//8122 8126//8126
f 8123//8123 8122//8122 8127//8127
f 8130//8130 8123//8123 8127//8127
f 8129//8129 8130//8130 8127//8127
f 8128//8128 8129//8129 8127//8127
v 411.359070 374.155731 1696.628174
v 417.239746 377.536377 1720.939331
v 425.498352 379.952423 1745.000000
v 411.821716 375.763092 1696.179443
v 412.037537 376.990662 1695.874023
v 418.093933 380.207733 1720.573364
v 426.595917 382.419983 1745.000000
v 426.573914 382.368408 1745.000000
vn 0.919762 -0.374523 -0.117350
vn 0.884338 -0.417779 -0.208346
vn 0.837654 -0.460428 -0.293839
vn 0.958437 -0.244595 -0.146873
vn 0.969544 -0.184959 -0.160547
vn 0.929276 -0.276528 -0.244905
vn 0.869267 -0.375255 -0.321805
vn 0.871714 -0.368520 -0.322966
f 8132//8132 8131//8131 8134//8134
f 8132//8132 8134//8134 8135//8135
f 8136//8136 8132//8132 8135//8135
f 8133//8133 8132//8132 8136//8136
f 8138//8138 8133//8133 8136//8136
f 8137//8137 8138//8138 8136//8136
v 409.172913 370.616364 1697.932007
v 414.933075 374.158478 1721.585327
v 422.948578 376.796997 1745.000000
v 410.107239 371.762787 1697.448486
v 410.833557 372.966125 1697.009766
v 411.359070 374.155731 1696.628174
v 417.239746 377.536377 1720.939331
v 425.498352 379.952423 1745.000000
v 424.821838 378.870361 1745.000000
v 423.974915 377.805084 1745.000000
vn 0.718909 -0.694688 -0.024051
vn 0.684860 -0.721021 -0.105334
vn 0.641416 -0.745079 -0.182876
vn 0.807188 -0.587272 -0.059658
vn 0.871802 -0.481497 -0.090119
vn 0.919762 -0.374523 -0.117350
vn 0.884338 -0.417779 -0.208346
vn 0.837654 -0.460428 -0.293839
vn 0.788609 -0.555499 -0.263662
vn 0.725456 -0.649533 -0.227639
f 8140//8140 8139//8139 8142//8142
f 8140//8140 8142//8142 8143//8143
f 8140//8140 8143//8143 8144//8144
f 8145//8145 8140//8140 8144//8144
f 8141//8141 8140//8140 8145//8145
f 8148//8148 8141//8141 8145//8145
f 8147//8147 8148//8148 8145//8145
f 8146//8146 8147//8147 8145//8145
v 405.335785 368.126678 1699.471313
v 411.048279 371.747345 1722.354370
v 418.862305 374.532898 1745.000000
v 406.739014 368.755890 1698.964966
v 408.035400 369.597961 1698.444702
v 409.172913 370.616364 1697.932007
v 414.933075 374.158478 1721.585327
v 422.948578 376.796997 1745.000000
v 421.722931 375.882477 1745.000000
v 420.384644 375.134125 1745.000000
vn 0.359874 -0.928756 0.088903
vn 0.333026 -0.942292 0.034330
vn 0.299440 -0.953924 -0.019100
vn 0.493474 -0.868263 0.051011
vn 0.610781 -0.791674 0.014075
vn 0.718909 -0.694688 -0.024051
vn 0.684860 -0.721021 -0.105334
vn 0.641416 -0.745079 -0.182876
vn 0.538355 -0.832474 -0.131000
vn 0.430014 -0.899369 -0.078893
f 8150//8150 8149//8149 8152//8152
f 8150//8150 8152//8152 8153//8153
f 8150//8150 8153//8153 8154//8154
f 8155//8155 8150//8150 8154//8154
f 8151//8151 8150//8150 8155//8155
f 8158//8158 8151//8151 8155//8155
f 8157//8157 8158//8158 8155//8155
f 8156//8156 8157//8157 8155//8155
v 401.107544 367.576630 1700.726318
v 406.810638 371.183807 1722.983032
v 414.482239 374.011353 1744.999878
v 402.455811 367.562164 1700.364380
v 403.885834 367.735352 1699.942505
v 405.335785 368.126678 1699.471313
v 411.048279 371.747345 1722.354370
v 418.862305 374.532898 1745.000000
v 417.378906 374.173126 1745.000000
v 415.901917 374.004822 1745.000000
vn -0.028919 -0.983186 0.180304
vn -0.044701 -0.986484 0.157643
vn -0.064101 -0.988936 0.133782
vn 0.095473 -0.983474 0.153831
vn 0.223109 -0.966875 0.123996
vn 0.359874 -0.928756 0.088903
vn 0.333026 -0.942292 0.034330
vn 0.299440 -0.953924 -0.019100
vn 0.172679 -0.984307 0.036363
vn 0.053439 -0.994819 0.086478
f 8160//8160 8159//8159 8162//8162
f 8160//8160 8162//8162 8163//8163
f 8160//8160 8163//8163 8164//8164
f 8165//8165 8160//8160 8164//8164
f 8161//8161 8160//8160 8165//8165
f 8168//8168 8161//8161 8165//8165
f 8167//8167 8168//8168 8165//8165
f 8166//8166 8167//8167 8165//8165
v 371.395996 371.225952 1708.032593
v 383.959747 378.014740 1745.000000
v 401.107544 367.576630 1700.726318
v 406.810638 371.183807 1722.983032
v 414.482239 374.011353 1744.999878
v 397.996765 375.518097 1744.999878
vn -0.143559 -0.960823 0.237088
vn -0.244020 -0.937178 0.249302
vn -0.028919 -0.983186 0.180304
vn -0.044701 -0.986484 0.157643
vn -0.064101 -0.988936 0.133782
vn -0.121833 -0.976932 0.175386
f 8172//8172 8170//8170 8169//8169
f 8172//8172 8169//8169 8171//8171
f 8174//8174 8170//8170 8172//8172
f 8173//8173 8174//8174 8172//8172
v 362.549255 386.053345 1707.443115
v 376.998932 394.388580 1745.000000
v 362.517548 383.253998 1708.015015
v 362.898926 380.629211 1708.439941
v 363.644104 378.257111 1708.715576
v 364.321564 376.830139 1708.819458
v 365.386108 375.185242 1708.862305
v 366.577820 373.843994 1708.809692
v 367.843262 372.795990 1708.678101
v 369.277435 371.948578 1708.460571
v 370.308319 371.523895 1708.266968
v 371.395996 371.225952 1708.032593
v 383.959747 378.014740 1745.000000
v 383.867493 378.039368 1745.000122
v 382.493011 378.546997 1745.000122
v 381.225616 379.279236 1744.999756
v 380.282379 380.027588 1744.999878
v 379.503754 380.816193 1745.000000
v 378.817993 381.685730 1745.000244
v 378.224213 382.624847 1745.000244
v 377.576019 383.960052 1744.999878
v 377.125244 385.236359 1744.999878
v 376.743958 386.858368 1745.000000
v 376.525757 388.709900 1745.000000
v 376.504364 390.556793 1745.000000
v 376.669006 392.496643 1745.000000
vn -0.954937 0.141894 0.260693
vn -0.904360 0.195807 0.379200
vn -0.955769 -0.009832 0.293955
vn -0.932621 -0.168115 0.319306
vn -0.882379 -0.329639 0.335776
vn -0.832416 -0.436661 0.341189
vn -0.746908 -0.570920 0.340849
vn -0.641070 -0.691977 0.331960
vn -0.520344 -0.793657 0.315200
vn -0.375143 -0.880803 0.288882
vn -0.264618 -0.927088 0.265491
vn -0.143559 -0.960823 0.237088
vn -0.244020 -0.937178 0.249302
vn -0.254542 -0.933287 0.253346
vn -0.405446 -0.860282 0.309075
vn -0.532844 -0.769401 0.352277
vn -0.620152 -0.686760 0.379173
vn -0.688222 -0.606595 0.397986
vn -0.744544 -0.525618 0.411557
vn -0.789929 -0.446234 0.420580
vn -0.835930 -0.344958 0.426879
vn -0.866212 -0.257631 0.428139
vn -0.891272 -0.157535 0.425227
vn -0.906799 -0.056320 0.417785
vn -0.912635 0.033796 0.407375
vn -0.911274 0.119798 0.393989
f 8200//8200 8176//8176 8175//8175
f 8199//8199 8175//8175 8177//8177
f 8199//8199 8200//8200 8175//8175
f 8198//8198 8177//8177 8178//8178
f 8198//8198 8199//8199 8177//8177
f 8197//8197 8198//8198 8178//8178
f 8196//8196 8178//8178 8179//8179
f 8196//8196 8179//8179 8180//8180
f 8196//8196 8197//8197 8178//8178
f 8195//8195 8180//8180 8181//8181
f 8195//8195 8196//8196 8180//8180
f 8194//8194 8181//8181 8182//8182
f 8194//8194 8195//8195 8181//8181
f 8193//8193 8182//8182 8183//8183
f 8193//8193 8194//8194 8182//8182
f 8192//8192 8183//8183 8184//8184
f 8192//8192 8184//8184 8185//8185
f 8192//8192 8193//8193 8183//8183
f 8191//8191 8185//8185 8186//8186
f 8191//8191 8192//8192 8185//8185
f 8190//8190 8191//8191 8186//8186
f 8189//8189 8190//8190 8186//8186
f 8188//8188 8189//8189 8186//8186
f 8187//8187 8188//8188 8186//8186
v 362.846375 387.776001 1707.016113
v 377.690643 396.402161 1745.000122
v 362.664642 386.960754 1707.229248
v 362.549255 386.053345 1707.443115
v 376.998932 394.388580 1745.000000
v 377.247803 395.315918 1744.999756
v 377.451385 395.873901 1745.000000
vn -0.924524 0.317265 0.211182
vn -0.849023 0.426140 0.312353
vn -0.945233 0.221948 0.239318
vn -0.954937 0.141894 0.260693
vn -0.904360 0.195807 0.379200
vn -0.888922 0.288998 0.355383
vn -0.872395 0.355079 0.335924
f 8207//8207 8202//8202 8201//8201
f 8206//8206 8207//8207 8201//8201
f 8205//8205 8201//8201 8203//8203
f 8205//8205 8203//8203 8204//8204
f 8205//8205 8206//8206 8201//8201
v 363.382599 389.176666 1706.589111
v 378.785889 398.036163 1745.000000
v 362.846375 387.776001 1707.016113
v 377.690643 396.402161 1745.000122
v 378.202606 397.269287 1745.000122
vn -0.870869 0.463542 0.163453
vn -0.745412 0.625539 0.230353
vn -0.924524 0.317265 0.211182
vn -0.849023 0.426140 0.312353
vn -0.796571 0.542078 0.267632
f 8212//8212 8209//8209 8208//8208
f 8211//8211 8208//8208 8210//8210
f 8211//8211 8212//8212 8208//8208
v 363.977875 390.463165 1706.169067
v 379.973724 399.379486 1744.999878
v 363.382599 389.176666 1706.589111
v 378.785889 398.036163 1745.000000
vn -0.889898 0.414561 0.190316
vn -0.746730 0.619159 0.242976
vn -0.870869 0.463542 0.163453
vn -0.745412 0.625539 0.230353
f 8216//8216 8214//8214 8213//8213
f 8216//8216 8213//8213 8215//8215
v 364.406891 392.073669 1705.728882
v 380.882202 400.891022 1745.000000
v 364.247101 391.282532 1705.931396
v 364.121033 390.854675 1706.051636
v 363.977875 390.463165 1706.169067
v 379.973724 399.379486 1744.999878
v 380.425598 399.989960 1744.999390
v 380.670593 400.414825 1744.999390
vn -0.941441 0.206396 0.266627
vn -0.867499 0.330631 0.371657
vn -0.923835 0.302919 0.234028
vn -0.907716 0.362275 0.211682
vn -0.889898 0.414561 0.190316
vn -0.746730 0.619159 0.242976
vn -0.802757 0.517400 0.296444
vn -0.838993 0.428545 0.335322
f 8224//8224 8218//8218 8217//8217
f 8223//8223 8224//8224 8217//8217
f 8222//8222 8217//8217 8219//8219
f 8222//8222 8219//8219 8220//8220
f 8222//8222 8220//8220 8221//8221
f 8222//8222 8223//8223 8217//8217
v 365.085388 394.908600 1704.974854
v 382.022888 403.566742 1745.000244
v 364.622711 393.301239 1705.423462
v 364.406891 392.073669 1705.728882
v 380.882202 400.891022 1745.000000
v 380.913971 400.975189 1745.000000
vn -0.895252 0.393227 0.209513
vn -0.827068 0.450624 0.336002
vn -0.930913 0.265612 0.250703
vn -0.941441 0.206396 0.266627
vn -0.867499 0.330631 0.371657
vn -0.868831 0.324561 0.373889
f 8230//8230 8226//8226 8225//8225
f 8229//8229 8225//8225 8227//8227
f 8229//8229 8227//8227 8228//8228
f 8229//8229 8230//8230 8225//8225
v 367.271545 398.447968 1703.671021
v 384.773285 406.978394 1745.000000
v 366.337189 397.301544 1704.154541
v 365.610870 396.098206 1704.593262
v 365.085388 394.908600 1704.974854
v 382.022888 403.566742 1745.000244
v 382.750153 404.735291 1745.000122
v 383.670715 405.893799 1744.999878
vn -0.705332 0.704944 0.074572
vn -0.641241 0.741731 0.196583
vn -0.789333 0.600825 0.126344
vn -0.850390 0.497804 0.170374
vn -0.895252 0.393227 0.209513
vn -0.827068 0.450624 0.336002
vn -0.781147 0.549146 0.297066
vn -0.720923 0.645735 0.251587
f 8238//8238 8232//8232 8231//8231
f 8237//8237 8238//8238 8231//8231
f 8236//8236 8231//8231 8233//8233
f 8236//8236 8233//8233 8234//8234
f 8236//8236 8234//8234 8235//8235
f 8236//8236 8237//8237 8231//8231
v 371.108673 400.937653 1702.131592
v 389.155334 409.448883 1745.000000
v 369.705444 400.308441 1702.637939
v 368.409058 399.466370 1703.158325
v 367.271545 398.447968 1703.671021
v 384.773285 406.978394 1745.000000
v 386.146332 408.005280 1745.000000
v 387.623688 408.832275 1745.000000
vn -0.360142 0.928557 -0.089893
vn -0.311681 0.950187 0.000053
vn -0.489073 0.871551 -0.034726
vn -0.601860 0.798375 0.019012
vn -0.705332 0.704944 0.074572
vn -0.641241 0.741731 0.196583
vn -0.538562 0.832309 0.131198
vn -0.430915 0.899885 0.067232
f 8246//8246 8240//8240 8239//8239
f 8245//8245 8246//8246 8239//8239
f 8244//8244 8239//8239 8241//8241
f 8244//8244 8241//8241 8242//8242
f 8244//8244 8242//8242 8243//8243
f 8244//8244 8245//8245 8239//8239
v 375.336884 401.487701 1700.876709
v 393.789581 410.089050 1745.000122
v 373.988617 401.502167 1701.238647
v 372.558624 401.328979 1701.660522
v 371.108673 400.937653 1702.131592
v 389.155334 409.448883 1745.000000
v 390.800751 409.869324 1745.000000
v 392.161987 410.053223 1744.999634
v 392.989960 410.096832 1744.999634
vn 0.017351 0.974651 -0.223059
vn 0.041065 0.982542 -0.181452
vn -0.103752 0.977357 -0.184417
vn -0.227713 0.963465 -0.141001
vn -0.360142 0.928557 -0.089893
vn -0.311681 0.950187 0.000053
vn -0.183692 0.980594 -0.068510
vn -0.082851 0.989281 -0.120247
vn -0.021160 0.988303 -0.151027
f 8255//8255 8248//8248 8247//8247
f 8254//8254 8255//8255 8247//8247
f 8253//8253 8254//8254 8247//8247
f 8252//8252 8247//8247 8249//8249
f 8252//8252 8249//8249 8250//8250
f 8252//8252 8250//8250 8251//8251
f 8252//8252 8253//8253 8247//8247
v 405.048218 397.838226 1693.570557
v 413.824097 402.508362 1719.984253
v 424.999084 405.910431 1745.000000
v 375.336884 401.487701 1700.876709
v 393.789581 410.089050 1745.000122
v 410.919922 408.771851 1745.000000
v 418.819519 407.513580 1745.000000
vn 0.146288 0.962629 -0.227913
vn 0.224061 0.945523 -0.236184
vn 0.307725 0.915655 -0.258615
vn 0.017351 0.974651 -0.223059
vn 0.041065 0.982542 -0.181452
vn 0.120186 0.971789 -0.202931
vn 0.194157 0.955028 -0.224107
f 8259//8259 8257//8257 8256//8256
f 8262//8262 8258//8258 8257//8257
f 8261//8261 8262//8262 8257//8257
f 8260//8260 8257//8257 8259//8259
f 8260//8260 8261//8261 8257//8257
usemtl mat_2
v 407.998657 354.818634 1562.417847
v 407.999603 356.449280 1574.578857
v 408.000732 359.155182 1586.561157
v 407.821136 356.860962 1562.282959
v 407.296448 358.842834 1562.151855
v 406.671448 360.275879 1562.057129
v 405.877686 361.594879 1561.969971
v 404.921112 362.801849 1561.890015
v 403.816406 363.875702 1561.818970
v 402.582001 364.799164 1561.757813
v 401.239349 365.557983 1561.707520
v 399.810120 366.138214 1561.669067
v 398.317749 366.530670 1561.642944
v 397.164093 366.699493 1561.631714
v 395.999664 366.756195 1561.627808
v 396.000092 368.266357 1572.605591
v 395.999939 370.746399 1583.455322
v 397.925720 370.595367 1583.495850
v 399.813690 370.145233 1583.616455
v 401.603577 369.404694 1583.814819
v 402.912079 368.629425 1584.022583
v 404.107849 367.700256 1584.271484
v 405.000977 366.820587 1584.507202
v 405.794037 365.851563 1584.766846
v 406.474762 364.809570 1585.046143
v 407.314758 363.015686 1585.526733
v 407.827271 361.110199 1586.037354
v 407.203064 359.723389 1567.829224
v 400.882233 366.328339 1567.075806
v 400.167023 366.616913 1567.041626
v 407.224915 361.777008 1579.499512
v 406.983337 362.353943 1579.372559
v 400.348846 368.557678 1578.039429
v 404.704559 363.649719 1567.379272
v 404.481628 364.806854 1573.172363
v 407.084869 360.973785 1573.816650
v 400.588745 367.366577 1572.746216
v 404.296753 366.100616 1578.564575
vn 1.000000 -0.000083 -0.000085
vn 1.000000 -0.000057 -0.000047
vn 1.000000 -0.000014 -0.000009
vn 0.985146 0.171078 -0.014790
vn 0.941290 0.336336 -0.029184
vn 0.888587 0.456976 -0.039818
vn 0.822490 0.566614 -0.049582
vn 0.742747 0.667003 -0.058608
vn 0.649850 0.757123 -0.066779
vn 0.547379 0.833627 -0.073773
vn 0.435929 0.896458 -0.079555
vn 0.316151 0.944979 -0.084042
vn 0.192568 0.977415 -0.087053
vn 0.097177 0.991338 -0.088347
vn -0.000038 0.996051 -0.088782
vn -0.000016 0.983288 -0.182057
vn -0.000003 0.965510 -0.260365
vn 0.160707 0.952968 -0.256952
vn 0.317356 0.915625 -0.246811
vn 0.467413 0.853599 -0.229986
vn 0.575896 0.789398 -0.212590
vn 0.675364 0.712139 -0.191680
vn 0.750460 0.638223 -0.171699
vn 0.816256 0.557876 -0.150003
vn 0.872717 0.471498 -0.126706
vn 0.943052 0.321269 -0.086254
vn 0.985642 0.163084 -0.043747
vn 0.933457 0.355501 -0.047717
vn 0.406266 0.905411 -0.123200
vn 0.346151 0.929602 -0.126565
vn 0.935436 0.344799 -0.077934
vn 0.915062 0.393380 -0.088956
vn 0.361905 0.908955 -0.206941
vn 0.724756 0.682789 -0.092346
vn 0.706207 0.696310 -0.128157
vn 0.923535 0.377244 -0.069069
vn 0.381830 0.908844 -0.167955
vn 0.690910 0.705004 -0.160041
f 8290//8290 8264//8264 8263//8263
f 8290//8290 8263//8263 8266//8266
f 8290//8290 8266//8266 8267//8267
f 8290//8290 8267//8267 8268//8268
f 8290//8290 8268//8268 8269//8269
f 8291//8291 8272//8272 8273//8273
f 8291//8291 8273//8273 8274//8274
f 8292//8292 8274//8274 8275//8275
f 8292//8292 8275//8275 8276//8276
f 8292//8292 8276//8276 8277//8277
f 8292//8292 8277//8277 8278//8278
f 8292//8292 8291//8291 8274//8274
f 8293//8293 8265//8265 8264//8264
f 8293//8293 8288//8288 8289//8289
f 8293//8293 8289//8289 8265//8265
f 8294//8294 8286//8286 8287//8287
f 8294//8294 8287//8287 8288//8288
f 8294//8294 8288//8288 8293//8293
f 8295//8295 8278//8278 8279//8279
f 8295//8295 8279//8279 8280//8280
f 8295//8295 8280//8280 8281//8281
f 8295//8295 8281//8281 8282//8282
f 8295//8295 8282//8282 8283//8283
f 8296//8296 8269//8269 8270//8270
f 8296//8296 8270//8270 8271//8271
f 8296//8296 8271//8271 8272//8272
f 8296//8296 8291//8291 8297//8297
f 8296//8296 8290//8290 8269//8269
f 8296//8296 8272//8272 8291//8291
f 8298//8298 8296//8296 8297//8297
f 8298//8298 8264//8264 8290//8290
f 8298//8298 8293//8293 8264//8264
f 8298//8298 8290//8290 8296//8296
f 8298//8298 8297//8297 8294//8294
f 8298//8298 8294//8294 8293//8293
f 8299//8299 8297//8297 8291//8291
f 8299//8299 8292//8292 8278//8278
f 8299//8299 8291//8291 8292//8292
f 8299//8299 8278//8278 8295//8295
f 8300//8300 8283//8283 8284//8284
f 8300//8300 8284//8284 8285//8285
f 8300//8300 8285//8285 8286//8286
f 8300//8300 8299//8299 8295//8295
f 8300//8300 8297//8297 8299//8299
f 8300//8300 8295//8295 8283//8283
f 8300//8300 8294//8294 8297//8297
f 8300//8300 8286//8286 8294//8294
v 395.999664 366.756195 1561.627808
v 396.000092 368.266357 1572.605591
v 395.999939 370.746399 1583.455322
v 362.000519 366.754669 1561.624023
v 362.000549 368.271210 1572.634155
v 362.000061 370.745544 1583.455566
v 395.438934 370.746460 1583.455322
vn -0.000038 0.996051 -0.088782
vn -0.000016 0.983288 -0.182057
vn -0.000003 0.965510 -0.260365
vn -0.000032 0.996047 -0.088828
vn -0.000010 0.983236 -0.182336
vn 0.000003 0.965503 -0.260392
vn -0.000003 0.965510 -0.260365
f 8307//8307 8303//8303 8302//8302
f 8304//8304 8302//8302 8301//8301
f 8305//8305 8307//8307 8302//8302
f 8305//8305 8302//8302 8304//8304
f 8306//8306 8307//8307 8305//8305
v 350.000000 359.154785 1586.561279
v 350.175385 361.125153 1586.033325
v 350.693542 363.037567 1585.520874
v 351.541077 364.837402 1585.038574
v 352.691986 366.470154 1584.601074
v 354.111267 367.889465 1584.220825
v 355.759064 369.054626 1583.908691
v 357.590973 369.935547 1583.672607
v 358.784668 370.321960 1583.569092
v 360.014191 370.585754 1583.498413
v 361.876617 370.745544 1583.455566
v 362.000061 370.745544 1583.455566
v 362.000519 366.754669 1561.624023
v 362.000549 368.271210 1572.634155
v 359.951447 366.578522 1561.635376
v 357.961945 366.057953 1561.669556
v 356.522552 365.437561 1561.710449
v 355.196899 364.649261 1561.762329
v 353.983215 363.698761 1561.824951
v 352.902710 362.600494 1561.897461
v 351.972992 361.372589 1561.978394
v 351.208588 360.036377 1562.066650
v 350.623627 358.613220 1562.160645
v 350.227753 357.126495 1562.258789
v 350.057312 355.976807 1562.334717
v 349.999939 354.816040 1562.411377
v 350.000214 356.447906 1574.575684
v 357.708893 366.570953 1567.057983
v 351.041809 360.307098 1567.755493
v 350.749695 359.597900 1567.839233
v 357.789581 368.612213 1578.043335
v 351.077301 362.484924 1579.342163
v 353.748108 364.096832 1567.329468
v 353.518768 364.808533 1573.185303
v 357.411835 367.369812 1572.766846
v 350.915283 360.973969 1573.821777
v 353.810974 366.200897 1578.549683
vn -1.000000 -0.000021 -0.000033
vn -0.985426 0.164286 -0.044117
vn -0.942387 0.323067 -0.086804
vn -0.871438 0.473680 -0.127374
vn -0.776035 0.609021 -0.163899
vn -0.656931 0.728012 -0.196064
vn -0.520029 0.824728 -0.222246
vn -0.367103 0.898113 -0.242132
vn -0.267450 0.930342 -0.250869
vn -0.165685 0.952161 -0.256783
vn -0.010406 0.965450 -0.260379
vn 0.000003 0.965503 -0.260392
vn -0.000032 0.996047 -0.088828
vn -0.000010 0.983236 -0.182336
vn -0.170416 0.981483 -0.087466
vn -0.335218 0.938437 -0.083456
vn -0.455803 0.886599 -0.078653
vn -0.565676 0.821421 -0.072647
vn -0.666578 0.742558 -0.065431
vn -0.757439 0.650407 -0.057071
vn -0.834812 0.548448 -0.047901
vn -0.898547 0.437229 -0.037995
vn -0.947897 0.317394 -0.027431
vn -0.980959 0.193500 -0.016622
vn -0.995178 0.097735 -0.008343
vn -1.000000 0.000055 0.000035
vn -1.000000 0.000024 -0.000002
vn -0.356616 0.925692 -0.126170
vn -0.912705 0.404988 -0.054363
vn -0.937388 0.345200 -0.046272
vn -0.350328 0.913218 -0.208096
vn -0.909969 0.404455 -0.091503
vn -0.686575 0.720482 -0.097575
vn -0.706192 0.696303 -0.128275
vn -0.381842 0.908800 -0.168166
vn -0.923513 0.377293 -0.069092
vn -0.681875 0.713294 -0.162044
f 8335//8335 8321//8321 8320//8320
f 8335//8335 8320//8320 8322//8322
f 8335//8335 8322//8322 8323//8323
f 8335//8335 8323//8323 8324//8324
f 8335//8335 8324//8324 8325//8325
f 8336//8336 8328//8328 8329//8329
f 8336//8336 8329//8329 8330//8330
f 8337//8337 8330//8330 8331//8331
f 8337//8337 8331//8331 8332//8332
f 8337//8337 8332//8332 8333//8333
f 8337//8337 8333//8333 8334//8334
f 8337//8337 8336//8336 8330//8330
f 8338//8338 8314//8314 8315//8315
f 8338//8338 8315//8315 8316//8316
f 8338//8338 8316//8316 8317//8317
f 8338//8338 8317//8317 8318//8318
f 8338//8338 8318//8318 8319//8319
f 8338//8338 8319//8319 8321//8321
f 8339//8339 8308//8308 8309//8309
f 8339//8339 8309//8309 8310//8310
f 8339//8339 8310//8310 8311//8311
f 8339//8339 8311//8311 8312//8312
f 8339//8339 8334//8334 8308//8308
f 8340//8340 8325//8325 8326//8326
f 8340//8340 8326//8326 8327//8327
f 8340//8340 8327//8327 8328//8328
f 8340//8340 8328//8328 8336//8336
f 8340//8340 8336//8336 8341//8341
f 8340//8340 8335//8335 8325//8325
f 8342//8342 8338//8338 8321//8321
f 8342//8342 8335//8335 8340//8340
f 8342//8342 8340//8340 8341//8341
f 8342//8342 8321//8321 8335//8335
f 8343//8343 8337//8337 8334//8334
f 8343//8343 8336//8336 8337//8337
f 8343//8343 8341//8341 8336//8336
f 8343//8343 8339//8339 8341//8341
f 8343//8343 8334//8334 8339//8339
f 8344//8344 8312//8312 8313//8313
f 8344//8344 8313//8313 8314//8314
f 8344//8344 8314//8314 8338//8338
f 8344//8344 8339//8339 8312//8312
f 8344//8344 8342//8342 8341//8341
f 8344//8344 8338//8338 8342//8342
f 8344//8344 8341//8341 8339//8339
usemtl mat_4
v 144.222961 272.000000 652.383240
v 143.516525 272.000000 660.457886
v 141.418671 272.000000 668.287170
v 137.993149 272.000000 675.633240
v 133.344025 272.000000 682.272827
v 127.612587 272.000000 688.004272
v 120.972961 272.000000 692.653381
v 113.626900 272.000000 696.078918
v 105.797600 272.000000 698.176758
v 97.722961 272.000000 698.883240
v 89.648323 272.000000 698.176758
v 81.819023 272.000000 696.078918
v 74.472961 272.000000 692.653381
v 67.833336 272.000000 688.004272
v 62.101894 272.000000 682.272827
v 57.452782 272.000000 675.633240
v 54.027256 272.000000 668.287170
v 51.929401 272.000000 660.457886
v 51.222961 272.000000 652.383240
v 51.929401 272.000000 644.308594
v 54.027256 272.000000 636.479309
v 57.452782 272.000000 629.133240
v 62.101894 272.000000 622.493591
v 67.833336 272.000000 616.762146
v 74.472961 272.000000 612.113037
v 81.819023 272.000000 608.687500
v 89.648323 272.000000 606.589661
v 97.722961 272.000000 605.883240
v 105.797600 272.000000 606.589661
v 113.626900 272.000000 608.687500
v 120.972961 272.000000 612.113037
v 127.612587 272.000000 616.762146
v 133.344025 272.000000 622.493591
v 137.993149 272.000000 629.133240
v 141.418671 272.000000 636.479309
v 143.516525 272.000000 644.308594
vn -0.000000 1.000000 -0.000000
vn -0.000000 1.000000 -0.000000
vn -0.000000 1.000000 -0.000000
vn -0.000000 1.000000 -0.000000
vn -0.000000 1.000000 -0.000000
vn -0.000000 1.000000 -0.000000
vn -0.000000 1.000000 -0.000000
vn -0.000000 1.000000 -0.000000
vn -0.000000 1.000000 -0.000000
vn -0.000000 1.000000 -0.000000
vn -0.000000 1.000000 -0.000000
vn -0.000000 1.000000 -0.000000
vn -0.000000 1.000000 -0.000000
vn -0.000000 1.000000 -0.000000
vn -0.000000 1.000000 -0.000000
vn -0.000000 1.000000 -0.000000
vn -0.000000 1.000000 -0.000000
vn -0.000000 1.000000 -0.000000
vn -0.000000 1.000000 -0.000000
vn -0.000000 1.000000 -0.000000
vn -0.000000 1.000000 -0.000000
vn -0.000000 1.000000 -0.000000
vn -0.000000 1.000000 -0.000000
vn -0.000000 1.000000 -0.000000
vn -0.000000 1.000000 -0.000000
vn -0.000000 1.000000 -0.000000
vn -0.000000 1.000000 -0.000000
vn -0.000000 1.000000 -0.000000
vn -0.000000 1.000000 -0.000000
vn -0.000000 1.000000 -0.000000
vn -0.000000 1.000000 -0.000000
vn -0.000000 1.000000 -0.000000
vn -0.000000 1.000000 -0.000000
vn -0.000000 1.000000 -0.000000
vn -0.000000 1.000000 -0.000000
vn -0.000000 1.000000 -0.000000
f 8360//8360 8359//8359 8358//8358
f 8357//8357 8360//8360 8358//8358
f 8363//8363 8361//8361 8360//8360
f 8363//8363 8362//8362 8361//8361
f 8364//8364 8363//8363 8360//8360
f 8353//8353 8355//8355 8354//8354
f 8353//8353 8356//8356 8355//8355
f 8353//8353 8357//8357 8356//8356
f 8352//8352 8360//8360 8357//8357
f 8352//8352 8357//8357 8353//8353
f 8350//8350 8352//8352 8351//8351
f 8350//8350 8365//8365 8364//8364
f 8350//8350 8366//8366 8365//8365
f 8350//8350 8367//8367 8366//8366
f 8350//8350 8364//8364 8360//8360
f 8350//8350 8360//8360 8352//8352
f 8348//8348 8350//8350 8349//8349
f 8371//8371 8369//8369 8368//8368
f 8371//8371 8370//8370 8369//8369
f 8372//8372 8371//8371 8368//8368
f 8373//8373 8372//8372 8368//8368
f 8380//8380 8346//8346 8345//8345
f 8376//8376 8375//8375 8374//8374
f 8377//8377 8347//8347 8346//8346
f 8377//8377 8348//8348 8347//8347
f 8377//8377 8376//8376 8374//8374
f 8377//8377 8368//8368 8367//8367
f 8377//8377 8374//8374 8373//8373
f 8377//8377 8379//8379 8378//8378
f 8377//8377 8380//8380 8379//8379
f 8377//8377 8367//8367 8350//8350
f 8377//8377 8350//8350 8348//8348
f 8377//8377 8373//8373 8368//8368
f 8377//8377 8346//8346 8380//8380
usemtl mat_5
v 393.789581 410.089050 1745.000122
v 410.919922 408.771851 1745.000000
v 418.819519 407.513580 1745.000000
v 424.999084 405.910431 1745.000000
v 390.800751 409.869324 1745.000000
v 392.161987 410.053223 1744.999634
v 392.989960 410.096832 1744.999634
v 389.155334 409.448883 1745.000000
v 384.773285 406.978394 1745.000000
v 386.146332 408.005280 1745.000000
v 387.623688 408.832275 1745.000000
v 382.022888 403.566742 1745.000244
v 382.750153 404.735291 1745.000122
v 383.670715 405.893799 1744.999878
v 380.913971 400.975189 1745.000000
v 380.882202 400.891022 1745.000000
v 379.973724 399.379486 1744.999878
v 380.425598 399.989960 1744.999390
v 380.670593 400.414825 1744.999390
v 378.785889 398.036163 1745.000000
v 377.690643 396.402161 1745.000122
v 378.202606 397.269287 1745.000122
v 376.998932 394.388580 1745.000000
v 377.247803 395.315918 1744.999756
v 377.451385 395.873901 1745.000000
v 383.867493 378.039368 1745.000122
v 382.493011 378.546997 1745.000122
v 381.225616 379.279236 1744.999756
v 380.282379 380.027588 1744.999878
v 379.503754 380.816193 1745.000000
v 378.817993 381.685730 1745.000244
v 378.224213 382.624847 1745.000244
v 377.576019 383.960052 1744.999878
v 377.125244 385.236359 1744.999878
v 376.743958 386.858368 1745.000000
v 376.525757 388.709900 1745.000000
v 376.504364 390.556793 1745.000000
v 376.669006 392.496643 1745.000000
v 383.959747 378.014740 1745.000000
v 414.482239 374.011353 1744.999878
v 397.996765 375.518097 1744.999878
v 418.862305 374.532898 1745.000000
v 417.378906 374.173126 1745.000000
v 415.901917 374.004822 1745.000000
v 422.948578 376.796997 1745.000000
v 421.722931 375.882477 1745.000000
v 420.384644 375.134125 1745.000000
v 425.498352 379.952423 1745.000000
v 424.821838 378.870361 1745.000000
v 423.974915 377.805084 1745.000000
v 426.573914 382.368408 1745.000000
v 426.595917 382.419983 1745.000000
v 427.570709 383.775482 1745.000000
v 427.080963 383.234772 1745.000366
v 426.818695 382.853851 1745.000488
v 428.898621 385.009674 1745.000000
v 430.152313 386.625061 1744.999878
v 429.770325 386.030548 1745.000000
v 429.350922 385.497406 1745.000000
v 430.946014 388.683655 1745.000122
v 430.656586 387.719727 1744.999634
v 430.424225 387.155060 1744.999878
v 426.184601 405.400482 1745.000000
v 427.277252 404.705048 1745.000000
v 427.995636 404.104126 1745.000122
v 428.685547 403.390472 1745.000122
v 429.301971 402.604279 1744.999878
v 430.004730 401.462677 1744.999756
v 430.640594 400.065308 1745.000000
v 431.111603 398.587799 1745.000000
v 431.425018 397.062225 1744.999878
v 431.620361 394.997528 1745.000122
v 431.576904 392.682007 1744.999878
v 431.338470 390.646027 1745.000122
vn 0.000000 0.000000 1.000000
vn 0.000000 0.000000 1.000000
vn 0.000000 0.000000 1.000000
vn 0.000000 0.000000 1.000000
vn 0.000000 0.000000 1.000000
vn 0.000000 0.000000 1.000000
vn 0.000000 0.000000 1.000000
vn 0.000000 0.000000 1.000000
vn 0.000000 0.000000 1.000000
vn 0.000000 0.000000 1.000000
vn 0.000000 0.000000 1.000000
vn 0.000000 0.000000 1.000000
vn 0.000000 0.000000 1.000000
vn 0.000000 0.000000 1.000000
vn 0.000000 0.000000 1.000000
vn 0.000000 0.000000 1.000000
vn 0.000000 0.000000 1.000000
vn 0.000000 0.000000 1.000000
vn 0.000000 0.000000 1.000000
vn 0.000000 0.000000 1.000000
vn 0.000000 0.000000 1.000000
vn 0.000000 0.000000 1.000000
vn 0.000000 0.000000 1.000000
vn 0.000000 0.000000 1.000000
vn 0.000000 0.000000 1.000000
vn 0.000000 0.000000 1.000000
vn 0.000000 0.000000 1.000000
vn 0.000000 0.000000 1.000000
vn 0.000000 0.000000 1.000000
vn 0.000000 0.000000 1.000000
vn 0.000000 0.000000 1.000000
vn 0.000000 0.000000 1.000000
vn 0.000000 0.000000 1.000000
vn 0.000000 0.000000 1.000000
vn 0.000000 0.000000 1.000000
vn 0.000000 0.000000 1.000000
vn 0.000000 0.000000 1.000000
vn 0.000000 0.000000 1.000000
vn 0.000000 0.000000 1.000000
vn 0.000000 0.000000 1.000000
vn 0.000000 0.000000 1.000000
vn 0.000000 0.000000 1.000000
vn 0.000000 0.000000 1.000000
vn 0.000000 0.000000 1.000000
vn 0.000000 0.000000 1.000000
vn 0.000000 0.000000 1.000000
vn 0.000000 0.000000 1.000000
vn 0.000000 0.000000 1.000000
vn 0.000000 0.000000 1.000000
vn 0.000000 0.000000 1.000000
vn 0.000000 0.000000 1.000000
vn 0.000000 0.000000 1.000000
vn 0.000000 0.000000 1.000000
vn 0.000000 0.000000 1.000000
vn 0.000000 0.000000 1.000000
vn 0.000000 0.000000 1.000000
vn 0.000000 0.000000 1.000000
vn 0.000000 0.000000 1.000000
vn 0.000000 0.000000 1.000000
vn 0.000000 0.000000 1.000000
vn 0.000000 0.000000 1.000000
vn 0.000000 0.000000 1.000000
vn 0.000000 0.000000 1.000000
vn 0.000000 0.000000 1.000000
vn 0.000000 0.000000 1.000000
vn 0.000000 0.000000 1.000000
vn 0.000000 0.000000 1.000000
vn 0.000000 0.000000 1.000000
vn 0.000000 0.000000 1.000000
vn 0.000000 0.000000 1.000000
vn 0.000000 0.000000 1.000000
vn 0.000000 0.000000 1.000000
vn 0.000000 0.000000 1.000000
vn 0.000000 0.000000 1.000000
f 8419//8419 8407//8407 8406//8406
f 8419//8419 8408//8408 8407//8407
f 8419//8419 8409//8409 8408//8408
f 8419//8419 8410//8410 8409//8409
f 8419//8419 8411//8411 8410//8410
f 8419//8419 8412//8412 8411//8411
f 8419//8419 8413//8413 8412//8412
f 8414//8414 8413//8413 8419//8419
f 8415//8415 8414//8414 8419//8419
f 8416//8416 8415//8415 8419//8419
f 8417//8417 8416//8416 8419//8419
f 8402//8402 8405//8405 8404//8404
f 8402//8402 8401//8401 8405//8405
f 8400//8400 8404//8404 8403//8403
f 8400//8400 8403//8403 8418//8418
f 8400//8400 8402//8402 8404//8404
f 8397//8397 8417//8417 8419//8419
f 8397//8397 8400//8400 8418//8418
f 8397//8397 8418//8418 8417//8417
f 8398//8398 8397//8397 8419//8419
f 8398//8398 8419//8419 8421//8421
f 8399//8399 8398//8398 8421//8421
f 8390//8390 8393//8393 8392//8392
f 8390//8390 8394//8394 8393//8393
f 8390//8390 8389//8389 8394//8394
f 8427//8427 8423//8423 8422//8422
f 8391//8391 8390//8390 8392//8392
f 8385//8385 8388//8388 8391//8391
f 8385//8385 8391//8391 8392//8392
f 8430//8430 8426//8426 8425//8425
f 8386//8386 8392//8392 8395//8395
f 8386//8386 8385//8385 8392//8392
f 8387//8387 8386//8386 8395//8395
f 8429//8429 8427//8427 8426//8426
f 8429//8429 8426//8426 8430//8430
f 8381//8381 8395//8395 8396//8396
f 8381//8381 8396//8396 8399//8399
f 8381//8381 8399//8399 8421//8421
f 8381//8381 8387//8387 8395//8395
f 8428//8428 8424//8424 8423//8423
f 8428//8428 8420//8420 8424//8424
f 8428//8428 8423//8423 8427//8427
f 8428//8428 8427//8427 8429//8429
f 8431//8431 8420//8420 8428//8428
f 8432//8432 8420//8420 8431//8431
f 8435//8435 8420//8420 8432//8432
f 8442//8442 8438//8438 8437//8437
f 8441//8441 8439//8439 8438//8438
f 8441//8441 8438//8438 8442//8442
f 8440//8440 8433//8433 8436//8436
f 8440//8440 8436//8436 8439//8439
f 8440//8440 8439//8439 8441//8441
f 8382//8382 8381//8381 8421//8421
f 8382//8382 8421//8421 8420//8420
f 8382//8382 8420//8420 8435//8435
f 8454//8454 8433//8433 8440//8440
f 8453//8453 8433//8433 8454//8454
f 8383//8383 8382//8382 8435//8435
f 8383//8383 8434//8434 8433//8433
f 8383//8383 8435//8435 8434//8434
f 8383//8383 8433//8433 8453//8453
f 8452//8452 8383//8383 8453//8453
f 8384//8384 8383//8383 8452//8452
f 8384//8384 8450//8450 8449//8449
f 8384//8384 8451//8451 8450//8450
f 8384//8384 8452//8452 8451//8451
f 8448//8448 8384//8384 8449//8449
f 8447//8447 8384//8384 8448//8448
f 8444//8444 8443//8443 8384//8384
f 8446//8446 8384//8384 8447//8447
f 8445//8445 8444//8444 8384//8384
f 8445//8445 8384//8384 8446//8446
