# Exported by OpenCASCADE CAD Assistant [www.opencascade.com]
#  Vertices: 2300
#     Faces: 2242
mtllib J5.mtl
g 3D_J5_AllCATPart
usemtl mat_1
v 1672.000000 -65.000000 1920.000000
v 1672.000000 -65.000000 1895.000000
v 1693.336060 -65.000000 1920.000000
v 1695.422485 -65.000000 1924.472168
v 1697.311646 -65.000000 1929.031128
v 1699.000000 -65.000000 1933.668213
v 1699.000000 -65.000000 2006.331787
v 1697.311646 -65.000000 2010.968872
v 1695.422485 -65.000000 2015.527832
v 1693.336060 -65.000000 2020.000000
v 1672.000000 -65.000000 2020.000000
v 1672.000000 -65.000000 2045.000000
v 1676.522217 -65.000000 2045.000000
v 1662.703003 -65.000000 2058.148193
v 1646.869019 -65.000000 2068.784424
v 1629.471680 -65.000000 2076.606201
v 1611.006714 -65.000000 2081.390137
v 1592.000000 -65.000000 2083.000000
v 1572.377808 -65.000000 2081.283203
v 1553.351685 -65.000000 2076.185303
v 1535.500000 -65.000000 2067.860840
v 1519.364990 -65.000000 2056.562988
v 1505.437012 -65.000000 2042.635010
v 1494.139160 -65.000000 2026.500000
v 1485.814697 -65.000000 2008.648315
v 1480.716675 -65.000000 1989.622192
v 1479.000000 -65.000000 1970.000000
v 1480.716675 -65.000000 1950.377808
v 1485.814697 -65.000000 1931.351685
v 1494.139160 -65.000000 1913.500000
v 1505.437012 -65.000000 1897.364990
v 1519.364990 -65.000000 1883.437012
v 1535.500000 -65.000000 1872.139160
v 1553.351685 -65.000000 1863.814697
v 1572.377808 -65.000000 1858.716675
v 1592.000000 -65.000000 1857.000000
v 1611.006714 -65.000000 1858.609985
v 1629.471680 -65.000000 1863.393799
v 1646.869019 -65.000000 1871.215454
v 1662.703003 -65.000000 1881.851807
v 1676.522217 -65.000000 1895.000000
v 1674.500000 -65.000000 1970.000000
v 1673.412231 -65.000000 1956.647949
v 1670.177734 -65.000000 1943.646973
v 1665.255371 -65.000000 1932.053955
v 1659.068359 -65.000000 1921.957520
v 1651.499146 -65.000000 1912.850220
v 1642.704712 -65.000000 1904.920898
v 1632.865723 -65.000000 1898.332520
v 1622.183960 -65.000000 1893.220093
v 1610.880981 -65.000000 1889.689575
v 1601.503784 -65.000000 1888.049194
v 1592.000000 -65.000000 1887.500000
v 1578.647827 -65.000000 1888.587769
v 1565.647217 -65.000000 1891.822144
v 1554.054077 -65.000000 1896.744629
v 1543.957397 -65.000000 1902.931763
v 1534.850220 -65.000000 1910.500854
v 1526.920776 -65.000000 1919.295532
v 1520.332275 -65.000000 1929.134766
v 1515.219971 -65.000000 1939.816284
v 1511.689575 -65.000000 1951.119385
v 1510.049194 -65.000000 1960.496460
v 1509.500000 -65.000000 1970.000000
v 1510.587769 -65.000000 1983.352051
v 1513.822266 -65.000000 1996.353027
v 1518.744629 -65.000000 2007.946045
v 1524.931641 -65.000000 2018.042480
v 1532.500854 -65.000000 2027.149780
v 1541.295288 -65.000000 2035.079102
v 1551.134277 -65.000000 2041.667480
v 1561.816040 -65.000000 2046.779907
v 1573.119019 -65.000000 2050.310303
v 1582.496216 -65.000000 2051.950684
v 1592.000000 -65.000000 2052.500000
v 1605.352173 -65.000000 2051.412354
v 1618.352783 -65.000000 2048.177734
v 1629.945923 -65.000000 2043.255371
v 1640.042603 -65.000000 2037.068237
v 1649.149780 -65.000000 2029.499146
v 1657.079224 -65.000000 2020.704468
v 1663.667725 -65.000000 2010.865234
v 1668.780029 -65.000000 2000.183716
v 1672.310425 -65.000000 1988.880615
v 1673.950806 -65.000000 1979.503540
vn -0.000000 1.000000 -0.000000
vn -0.000000 1.000000 -0.000000
vn -0.000000 1.000000 -0.000000
vn -0.000000 1.000000 -0.000000
vn -0.000000 1.000000 -0.000000
vn -0.000000 1.000000 -0.000000
vn -0.000000 1.000000 -0.000000
vn -0.000000 1.000000 -0.000000
vn -0.000000 1.000000 -0.000000
vn -0.000000 1.000000 -0.000000
vn -0.000000 1.000000 -0.000000
vn -0.000000 1.000000 -0.000000
vn -0.000000 1.000000 -0.000000
vn -0.000000 1.000000 -0.000000
vn -0.000000 1.000000 -0.000000
vn -0.000000 1.000000 -0.000000
vn -0.000000 1.000000 -0.000000
vn -0.000000 1.000000 -0.000000
vn -0.000000 1.000000 -0.000000
vn -0.000000 1.000000 -0.000000
vn -0.000000 1.000000 -0.000000
vn -0.000000 1.000000 -0.000000
vn -0.000000 1.000000 -0.000000
vn -0.000000 1.000000 -0.000000
vn -0.000000 1.000000 -0.000000
vn -0.000000 1.000000 -0.000000
vn -0.000000 1.000000 -0.000000
vn -0.000000 1.000000 -0.000000
vn -0.000000 1.000000 -0.000000
vn -0.000000 1.000000 -0.000000
vn -0.000000 1.000000 -0.000000
vn -0.000000 1.000000 -0.000000
vn -0.000000 1.000000 -0.000000
vn -0.000000 1.000000 -0.000000
vn -0.000000 1.000000 -0.000000
vn -0.000000 1.000000 -0.000000
vn -0.000000 1.000000 -0.000000
vn -0.000000 1.000000 -0.000000
vn -0.000000 1.000000 -0.000000
vn -0.000000 1.000000 -0.000000
vn -0.000000 1.000000 -0.000000
vn -0.000000 1.000000 -0.000000
vn -0.000000 1.000000 -0.000000
vn -0.000000 1.000000 -0.000000
vn -0.000000 1.000000 -0.000000
vn -0.000000 1.000000 -0.000000
vn -0.000000 1.000000 -0.000000
vn -0.000000 1.000000 -0.000000
vn -0.000000 1.000000 -0.000000
vn -0.000000 1.000000 -0.000000
vn -0.000000 1.000000 -0.000000
vn -0.000000 1.000000 -0.000000
vn -0.000000 1.000000 -0.000000
vn -0.000000 1.000000 -0.000000
vn -0.000000 1.000000 -0.000000
vn -0.000000 1.000000 -0.000000
vn -0.000000 1.000000 -0.000000
vn -0.000000 1.000000 -0.000000
vn -0.000000 1.000000 -0.000000
vn -0.000000 1.000000 -0.000000
vn -0.000000 1.000000 -0.000000
vn -0.000000 1.000000 -0.000000
vn -0.000000 1.000000 -0.000000
vn -0.000000 1.000000 -0.000000
vn -0.000000 1.000000 -0.000000
vn -0.000000 1.000000 -0.000000
vn -0.000000 1.000000 -0.000000
vn -0.000000 1.000000 -0.000000
vn -0.000000 1.000000 -0.000000
vn -0.000000 1.000000 -0.000000
vn -0.000000 1.000000 -0.000000
vn -0.000000 1.000000 -0.000000
vn -0.000000 1.000000 -0.000000
vn -0.000000 1.000000 -0.000000
vn -0.000000 1.000000 -0.000000
vn -0.000000 1.000000 -0.000000
vn -0.000000 1.000000 -0.000000
vn -0.000000 1.000000 -0.000000
vn -0.000000 1.000000 -0.000000
vn -0.000000 1.000000 -0.000000
vn -0.000000 1.000000 -0.000000
vn -0.000000 1.000000 -0.000000
vn -0.000000 1.000000 -0.000000
vn -0.000000 1.000000 -0.000000
vn -0.000000 1.000000 -0.000000
f 69//69 23//23 22//22
f 70//70 22//22 21//21
f 70//70 69//69 22//22
f 68//68 23//23 69//69
f 68//68 24//24 23//23
f 71//71 70//70 21//21
f 67//67 24//24 68//68
f 67//67 25//25 24//24
f 72//72 71//71 21//21
f 72//72 21//21 20//20
f 66//66 25//25 67//67
f 66//66 26//26 25//25
f 73//73 72//72 20//20
f 73//73 20//20 19//19
f 65//65 26//26 66//66
f 65//65 27//27 26//26
f 74//74 19//19 18//18
f 74//74 73//73 19//19
f 64//64 27//27 65//65
f 75//75 74//74 18//18
f 63//63 28//28 27//27
f 63//63 27//27 64//64
f 76//76 18//18 17//17
f 76//76 75//75 18//18
f 62//62 29//29 28//28
f 62//62 28//28 63//63
f 77//77 17//17 16//16
f 77//77 76//76 17//17
f 61//61 29//29 62//62
f 30//30 29//29 61//61
f 78//78 16//16 15//15
f 78//78 77//77 16//16
f 60//60 30//30 61//61
f 79//79 78//78 15//15
f 14//14 79//79 15//15
f 59//59 30//30 60//60
f 31//31 30//30 59//59
f 80//80 79//79 14//14
f 58//58 31//31 59//59
f 12//12 80//80 14//14
f 13//13 12//12 14//14
f 32//32 31//31 58//58
f 81//81 80//80 12//12
f 57//57 32//32 58//58
f 11//11 81//81 12//12
f 82//82 81//81 11//11
f 33//33 57//57 56//56
f 33//33 32//32 57//57
f 83//83 82//82 11//11
f 9//9 11//11 10//10
f 9//9 83//83 11//11
f 8//8 83//83 9//9
f 34//34 56//56 55//55
f 34//34 33//33 56//56
f 7//7 84//84 83//83
f 7//7 83//83 8//8
f 85//85 84//84 7//7
f 42//42 85//85 7//7
f 35//35 55//55 54//54
f 35//35 34//34 55//55
f 36//36 35//35 54//54
f 36//36 53//53 52//52
f 36//36 54//54 53//53
f 1//1 45//45 44//44
f 1//1 46//46 45//45
f 1//1 47//47 46//46
f 37//37 36//36 52//52
f 37//37 52//52 51//51
f 6//6 42//42 7//7
f 6//6 43//43 42//42
f 6//6 44//44 43//43
f 38//38 37//37 51//51
f 38//38 51//51 50//50
f 5//5 44//44 6//6
f 4//4 44//44 5//5
f 4//4 1//1 44//44
f 3//3 1//1 4//4
f 39//39 38//38 50//50
f 39//39 49//49 48//48
f 39//39 50//50 49//49
f 2//2 47//47 1//1
f 2//2 48//48 47//47
f 40//40 39//39 48//48
f 40//40 48//48 2//2
f 41//41 40//40 2//2
v 1672.000000 -65.000000 1895.000000
v 1712.375488 -36.728790 1895.000000
v 1712.375488 -66.143784 1895.000000
v 1744.500000 -66.143784 1895.000000
v 1744.500000 -90.000000 1895.000000
v 1692.000000 -90.000000 1895.000000
v 1676.522217 -90.000000 1895.000000
v 1676.522217 -65.000000 1895.000000
vn 0.000000 -0.000000 -1.000000
vn 0.000000 -0.000000 -1.000000
vn 0.000000 -0.000000 -1.000000
vn 0.000000 -0.000000 -1.000000
vn 0.000000 -0.000000 -1.000000
vn 0.000000 -0.000000 -1.000000
vn 0.000000 -0.000000 -1.000000
vn 0.000000 -0.000000 -1.000000
f 93//93 91//91 92//92
f 88//88 91//91 93//93
f 90//90 91//91 88//88
f 87//87 93//93 86//86
f 87//87 88//88 93//93
f 89//89 90//90 88//88
v 1592.000000 -65.000000 1857.000000
v 1592.000000 -90.000000 1857.000000
v 1611.006714 -65.000000 1858.609985
v 1629.471680 -65.000000 1863.393799
v 1646.869019 -65.000000 1871.215454
v 1662.703003 -65.000000 1881.851807
v 1676.522217 -65.000000 1895.000000
v 1676.522217 -90.000000 1895.000000
v 1611.006714 -90.000000 1858.609985
v 1629.471680 -90.000000 1863.393799
v 1646.869019 -90.000000 1871.215454
v 1662.703003 -90.000000 1881.851807
vn 0.000000 0.000000 -1.000000
vn 0.000000 0.000000 -1.000000
vn 0.168200 0.000000 -0.985753
vn 0.331608 0.000000 -0.943417
vn 0.485567 0.000000 -0.874199
vn 0.625690 0.000000 -0.780072
vn 0.747984 0.000000 -0.663717
vn 0.747984 0.000000 -0.663717
vn 0.168200 0.000000 -0.985753
vn 0.331608 0.000000 -0.943417
vn 0.485567 0.000000 -0.874199
vn 0.625690 0.000000 -0.780072
f 95//95 94//94 96//96
f 102//102 96//96 97//97
f 102//102 95//95 96//96
f 103//103 102//102 97//97
f 104//104 97//97 98//98
f 104//104 98//98 99//99
f 104//104 103//103 97//97
f 105//105 104//104 99//99
f 101//101 99//99 100//100
f 101//101 105//105 99//99
v 1592.000000 -65.000000 2083.000000
v 1592.000000 -90.000000 2083.000000
v 1572.377808 -65.000000 2081.283203
v 1553.351685 -65.000000 2076.185303
v 1535.500000 -65.000000 2067.860840
v 1519.364990 -65.000000 2056.562988
v 1505.437012 -65.000000 2042.635010
v 1494.139160 -65.000000 2026.500000
v 1485.814697 -65.000000 2008.648315
v 1480.716675 -65.000000 1989.622192
v 1479.000000 -65.000000 1970.000000
v 1480.716675 -65.000000 1950.377808
v 1485.814697 -65.000000 1931.351685
v 1494.139160 -65.000000 1913.500000
v 1505.437012 -65.000000 1897.364990
v 1519.364990 -65.000000 1883.437012
v 1535.500000 -65.000000 1872.139160
v 1553.351685 -65.000000 1863.814697
v 1572.377808 -65.000000 1858.716675
v 1592.000000 -65.000000 1857.000000
v 1592.000000 -90.000000 1857.000000
v 1572.377808 -90.000000 2081.283203
v 1553.351685 -90.000000 2076.185303
v 1535.500000 -90.000000 2067.860840
v 1519.364990 -90.000000 2056.562988
v 1505.437012 -90.000000 2042.635010
v 1494.139160 -90.000000 2026.500000
v 1485.814697 -90.000000 2008.648315
v 1480.716675 -90.000000 1989.622192
v 1479.000000 -90.000000 1970.000000
v 1480.716675 -90.000000 1950.377808
v 1485.814697 -90.000000 1931.351685
v 1494.139160 -90.000000 1913.500000
v 1505.437012 -90.000000 1897.364990
v 1519.364990 -90.000000 1883.437012
v 1535.500000 -90.000000 1872.139160
v 1553.351685 -90.000000 1863.814697
v 1572.377808 -90.000000 1858.716675
vn 0.000000 0.000000 1.000000
vn 0.000000 0.000000 1.000000
vn -0.173648 0.000000 0.984808
vn -0.342020 0.000000 0.939693
vn -0.500000 0.000000 0.866025
vn -0.642788 0.000000 0.766044
vn -0.766044 0.000000 0.642788
vn -0.866025 0.000000 0.500000
vn -0.939693 0.000000 0.342020
vn -0.984808 0.000000 0.173648
vn -1.000000 0.000000 0.000000
vn -0.984808 -0.000000 -0.173648
vn -0.939693 -0.000000 -0.342020
vn -0.866025 -0.000000 -0.500000
vn -0.766044 -0.000000 -0.642788
vn -0.642788 -0.000000 -0.766044
vn -0.500000 -0.000000 -0.866025
vn -0.342020 -0.000000 -0.939693
vn -0.173648 -0.000000 -0.984808
vn -0.000000 -0.000000 -1.000000
vn -0.000000 -0.000000 -1.000000
vn -0.173648 0.000000 0.984808
vn -0.342020 0.000000 0.939693
vn -0.500000 0.000000 0.866025
vn -0.642788 0.000000 0.766044
vn -0.766044 0.000000 0.642788
vn -0.866025 0.000000 0.500000
vn -0.939693 0.000000 0.342020
vn -0.984808 0.000000 0.173648
vn -1.000000 0.000000 0.000000
vn -0.984808 -0.000000 -0.173648
vn -0.939693 -0.000000 -0.342020
vn -0.866025 -0.000000 -0.500000
vn -0.766044 -0.000000 -0.642788
vn -0.642788 -0.000000 -0.766044
vn -0.500000 -0.000000 -0.866025
vn -0.342020 -0.000000 -0.939693
vn -0.173648 -0.000000 -0.984808
f 127//127 107//107 106//106
f 127//127 106//106 108//108
f 128//128 108//108 109//109
f 128//128 127//127 108//108
f 129//129 109//109 110//110
f 129//129 128//128 109//109
f 130//130 110//110 111//111
f 130//130 129//129 110//110
f 131//131 111//111 112//112
f 131//131 130//130 111//111
f 132//132 112//112 113//113
f 132//132 131//131 112//112
f 133//133 113//113 114//114
f 133//133 132//132 113//113
f 134//134 114//114 115//115
f 134//134 133//133 114//114
f 135//135 115//115 116//116
f 135//135 116//116 117//117
f 135//135 134//134 115//115
f 136//136 135//135 117//117
f 137//137 117//117 118//118
f 137//137 136//136 117//117
f 138//138 118//118 119//119
f 138//138 119//119 120//120
f 138//138 137//137 118//118
f 139//139 138//138 120//120
f 140//140 120//120 121//121
f 140//140 139//139 120//120
f 141//141 140//140 121//121
f 141//141 121//121 122//122
f 142//142 141//141 122//122
f 142//142 122//122 123//123
f 143//143 142//142 123//123
f 143//143 123//123 124//124
f 143//143 124//124 125//125
f 126//126 143//143 125//125
v 1592.000000 -65.000000 2083.000000
v 1592.000000 -90.000000 2083.000000
v 1676.522217 -90.000000 2045.000000
v 1662.703003 -90.000000 2058.148193
v 1646.869019 -90.000000 2068.784424
v 1629.471680 -90.000000 2076.606201
v 1611.006714 -90.000000 2081.390137
v 1676.522217 -65.000000 2045.000000
v 1662.703003 -65.000000 2058.148193
v 1646.869019 -65.000000 2068.784424
v 1629.471680 -65.000000 2076.606201
v 1611.006714 -65.000000 2081.390137
vn -0.000000 0.000000 1.000000
vn 0.000000 0.000000 1.000000
vn 0.747984 0.000000 0.663717
vn 0.625690 0.000000 0.780072
vn 0.485567 0.000000 0.874199
vn 0.331608 0.000000 0.943417
vn 0.168200 0.000000 0.985753
vn 0.747984 0.000000 0.663717
vn 0.625690 0.000000 0.780072
vn 0.485567 0.000000 0.874199
vn 0.331608 0.000000 0.943417
vn 0.168200 0.000000 0.985753
f 147//147 146//146 151//151
f 147//147 151//151 152//152
f 148//148 152//152 153//153
f 148//148 147//147 152//152
f 149//149 153//153 154//154
f 149//149 148//148 153//153
f 150//150 154//154 155//155
f 150//150 149//149 154//154
f 145//145 155//155 144//144
f 145//145 150//150 155//155
v 1676.522217 -90.000000 2045.000000
v 1692.000000 -90.000000 2045.000000
v 1744.500000 -90.000000 2045.000000
v 1744.500000 -66.143784 2045.000000
v 1712.375488 -66.143784 2045.000000
v 1712.375488 -36.728790 2045.000000
v 1672.000000 -65.000000 2045.000000
v 1676.522217 -65.000000 2045.000000
vn 0.000000 -0.000000 1.000000
vn 0.000000 -0.000000 1.000000
vn 0.000000 -0.000000 1.000000
vn 0.000000 -0.000000 1.000000
vn 0.000000 -0.000000 1.000000
vn 0.000000 -0.000000 1.000000
vn 0.000000 -0.000000 1.000000
vn 0.000000 -0.000000 1.000000
f 161//161 162//162 163//163
f 160//160 161//161 163//163
f 157//157 163//163 156//156
f 157//157 160//160 163//163
f 158//158 159//159 160//160
f 158//158 160//160 157//157
v 1699.000000 -46.094395 2020.000000
v 1699.000000 -46.094395 2027.250122
v 1672.000000 -65.000000 2020.000000
v 1672.000000 -65.000000 2045.000000
v 1712.375488 -36.728790 2045.000000
vn -0.573576 0.819152 0.000000
vn -0.573576 0.819152 0.000000
vn -0.573576 0.819152 0.000000
vn -0.573576 0.819152 0.000000
vn -0.573576 0.819152 0.000000
f 166//166 165//165 164//164
f 167//167 168//168 165//165
f 167//167 165//165 166//166
v 1693.336060 -65.000000 2020.000000
v 1672.000000 -65.000000 2020.000000
v 1693.336060 -76.500000 2020.000000
v 1699.000000 -76.500000 2020.000000
v 1699.000000 -46.094395 2020.000000
vn -0.000000 0.000000 -1.000000
vn -0.000000 0.000000 -1.000000
vn -0.000000 0.000000 -1.000000
vn -0.000000 0.000000 -1.000000
vn -0.000000 0.000000 -1.000000
f 169//169 170//170 173//173
f 172//172 171//171 169//169
f 172//172 169//169 173//173
v 1699.000000 -65.000000 2006.331787
v 1697.311646 -65.000000 2010.968872
v 1695.422485 -65.000000 2015.527832
v 1693.336060 -65.000000 2020.000000
v 1693.336060 -76.500000 2020.000000
v 1699.000000 -76.500000 2006.331787
v 1697.311646 -76.500000 2010.968872
v 1695.422485 -76.500000 2015.527832
vn 0.946903 0.000000 0.321520
vn 0.931962 0.000000 0.362557
vn 0.915243 0.000000 0.402901
vn 0.896779 0.000000 0.442478
vn 0.896779 0.000000 0.442478
vn 0.946903 0.000000 0.321520
vn 0.931962 0.000000 0.362557
vn 0.915243 0.000000 0.402901
f 179//179 174//174 175//175
f 180//180 175//175 176//176
f 180//180 179//179 175//175
f 181//181 176//176 177//177
f 181//181 180//180 176//176
f 178//178 181//181 177//177
v 1699.000000 -36.500000 1998.500000
v 1699.000000 61.500000 1998.500000
v 1699.000000 61.500000 2010.000000
v 1699.000000 76.500000 2010.000000
v 1699.000000 76.500000 2027.250122
v 1699.000000 -46.094395 2027.250122
v 1699.000000 -46.094395 2020.000000
v 1699.000000 -76.500000 2020.000000
v 1699.000000 -76.500000 2006.331787
v 1699.000000 -65.000000 2006.331787
v 1699.000000 -65.000000 1933.668213
v 1699.000000 -76.500000 1933.668213
v 1699.000000 -76.500000 1920.000000
v 1699.000000 -46.094395 1920.000000
v 1699.000000 -46.094395 1912.749878
v 1699.000000 76.500000 1912.749878
v 1699.000000 76.500000 1930.000000
v 1699.000000 61.500000 1930.000000
v 1699.000000 61.500000 1941.500000
v 1699.000000 -36.500000 1941.500000
vn -1.000000 -0.000000 0.000000
vn -1.000000 -0.000000 0.000000
vn -1.000000 -0.000000 0.000000
vn -1.000000 -0.000000 0.000000
vn -1.000000 -0.000000 0.000000
vn -1.000000 -0.000000 0.000000
vn -1.000000 -0.000000 0.000000
vn -1.000000 -0.000000 0.000000
vn -1.000000 -0.000000 0.000000
vn -1.000000 -0.000000 0.000000
vn -1.000000 -0.000000 0.000000
vn -1.000000 -0.000000 0.000000
vn -1.000000 -0.000000 0.000000
vn -1.000000 -0.000000 0.000000
vn -1.000000 -0.000000 0.000000
vn -1.000000 -0.000000 0.000000
vn -1.000000 -0.000000 0.000000
vn -1.000000 -0.000000 0.000000
vn -1.000000 -0.000000 0.000000
vn -1.000000 -0.000000 0.000000
f 191//191 190//190 189//189
f 188//188 191//191 189//189
f 182//182 188//188 187//187
f 182//182 191//191 188//188
f 194//194 193//193 192//192
f 201//201 192//192 191//191
f 201//201 191//191 182//182
f 195//195 194//194 192//192
f 195//195 192//192 201//201
f 196//196 195//195 201//201
f 184//184 187//187 186//186
f 184//184 182//182 187//187
f 183//183 182//182 184//184
f 185//185 184//184 186//186
f 199//199 201//201 200//200
f 199//199 196//196 201//201
f 197//197 199//199 198//198
f 197//197 196//196 199//199
v 1693.336060 -76.500000 1920.000000
v 1695.422485 -76.500000 1924.472168
v 1697.311646 -76.500000 1929.031128
v 1699.000000 -76.500000 1933.668213
v 1693.336060 -65.000000 1920.000000
v 1695.422485 -65.000000 1924.472168
v 1697.311646 -65.000000 1929.031128
v 1699.000000 -65.000000 1933.668213
vn 0.896779 0.000000 -0.442478
vn 0.915243 0.000000 -0.402901
vn 0.931962 0.000000 -0.362557
vn 0.946903 0.000000 -0.321520
vn 0.896779 0.000000 -0.442478
vn 0.915243 0.000000 -0.402901
vn 0.931962 0.000000 -0.362557
vn 0.946903 0.000000 -0.321520
f 203//203 202//202 206//206
f 203//203 206//206 207//207
f 204//204 207//207 208//208
f 204//204 203//203 207//207
f 205//205 208//208 209//209
f 205//205 204//204 208//208
v 1699.000000 -76.500000 1920.000000
v 1693.336060 -76.500000 1920.000000
v 1693.336060 -65.000000 1920.000000
v 1672.000000 -65.000000 1920.000000
v 1699.000000 -46.094395 1920.000000
vn -0.000000 0.000000 1.000000
vn -0.000000 0.000000 1.000000
vn -0.000000 0.000000 1.000000
vn -0.000000 0.000000 1.000000
vn -0.000000 0.000000 1.000000
f 212//212 211//211 210//210
f 214//214 213//213 212//212
f 214//214 212//212 210//210
v 1699.000000 -46.094395 1912.749878
v 1699.000000 -46.094395 1920.000000
v 1712.375488 -36.728790 1895.000000
v 1672.000000 -65.000000 1895.000000
v 1672.000000 -65.000000 1920.000000
vn -0.573576 0.819152 -0.000000
vn -0.573576 0.819152 -0.000000
vn -0.573576 0.819152 -0.000000
vn -0.573576 0.819152 -0.000000
vn -0.573576 0.819152 -0.000000
f 218//218 215//215 217//217
f 219//219 216//216 215//215
f 219//219 215//215 218//218
usemtl mat_2
v 1592.000000 -60.500000 2052.500000
v 1592.000000 -65.000000 2052.500000
v 1605.352173 -65.000000 2051.412354
v 1618.352783 -65.000000 2048.177734
v 1629.945923 -65.000000 2043.255371
v 1640.042603 -65.000000 2037.068237
v 1649.149780 -65.000000 2029.499146
v 1657.079224 -65.000000 2020.704468
v 1663.667725 -65.000000 2010.865234
v 1668.780029 -65.000000 2000.183716
v 1672.310425 -65.000000 1988.880615
v 1673.950806 -65.000000 1979.503540
v 1674.500000 -65.000000 1970.000000
v 1673.412231 -65.000000 1956.647949
v 1670.177734 -65.000000 1943.646973
v 1665.255371 -65.000000 1932.053955
v 1659.068359 -65.000000 1921.957520
v 1651.499146 -65.000000 1912.850220
v 1642.704712 -65.000000 1904.920898
v 1632.865723 -65.000000 1898.332520
v 1622.183960 -65.000000 1893.220093
v 1610.880981 -65.000000 1889.689575
v 1601.503784 -65.000000 1888.049194
v 1592.000000 -65.000000 1887.500000
v 1592.000000 -60.500000 1887.500000
v 1606.325928 -60.500000 1888.753418
v 1620.216675 -60.500000 1892.475342
v 1633.250000 -60.500000 1898.552856
v 1645.030029 -60.500000 1906.801392
v 1655.198608 -60.500000 1916.969971
v 1663.447144 -60.500000 1928.750000
v 1669.524658 -60.500000 1941.783325
v 1673.246582 -60.500000 1955.674072
v 1674.500000 -60.500000 1970.000000
v 1673.246582 -60.500000 1984.325928
v 1669.524658 -60.500000 1998.216675
v 1663.447144 -60.500000 2011.250000
v 1655.198608 -60.500000 2023.030029
v 1645.030029 -60.500000 2033.198608
v 1633.250000 -60.500000 2041.447144
v 1620.216675 -60.500000 2047.524658
v 1606.325928 -60.500000 2051.246582
vn 0.000000 0.000000 1.000000
vn 0.000000 0.000000 1.000000
vn 0.161845 0.000000 0.986816
vn 0.319423 0.000000 0.947612
vn 0.459949 0.000000 0.887945
vn 0.582333 0.000000 0.812950
vn 0.692720 0.000000 0.721206
vn 0.788836 0.000000 0.614604
vn 0.868699 0.000000 0.495340
vn 0.930666 0.000000 0.365871
vn 0.973459 0.000000 0.228864
vn 0.993342 0.000000 0.115199
vn 1.000000 0.000000 -0.000000
vn 0.986816 0.000000 -0.161846
vn 0.947612 0.000000 -0.319424
vn 0.887945 0.000000 -0.459950
vn 0.812951 0.000000 -0.582332
vn 0.721208 0.000000 -0.692718
vn 0.614608 0.000000 -0.788833
vn 0.495345 0.000000 -0.868696
vn 0.365878 0.000000 -0.930663
vn 0.228872 0.000000 -0.973456
vn 0.115203 0.000000 -0.993342
vn 0.000000 0.000000 -1.000000
vn 0.000000 0.000000 -1.000000
vn 0.173648 0.000000 -0.984808
vn 0.342020 0.000000 -0.939693
vn 0.500000 0.000000 -0.866025
vn 0.642788 0.000000 -0.766044
vn 0.766044 0.000000 -0.642788
vn 0.866025 0.000000 -0.500000
vn 0.939693 0.000000 -0.342020
vn 0.984808 0.000000 -0.173648
vn 1.000000 0.000000 -0.000000
vn 0.984808 0.000000 0.173648
vn 0.939693 0.000000 0.342020
vn 0.866025 0.000000 0.500000
vn 0.766044 0.000000 0.642788
vn 0.642788 0.000000 0.766044
vn 0.500000 0.000000 0.866025
vn 0.342020 0.000000 0.939693
vn 0.173648 0.000000 0.984808
f 242//242 243//243 244//244
f 242//242 244//244 245//245
f 241//241 245//245 246//246
f 241//241 242//242 245//245
f 240//240 246//246 247//247
f 240//240 241//241 246//246
f 239//239 240//240 247//247
f 238//238 247//247 248//248
f 238//238 239//239 247//247
f 237//237 248//248 249//249
f 237//237 238//238 248//248
f 236//236 249//249 250//250
f 236//236 237//237 249//249
f 235//235 250//250 251//251
f 235//235 236//236 250//250
f 234//234 251//251 252//252
f 234//234 235//235 251//251
f 233//233 252//252 253//253
f 233//233 234//234 252//252
f 232//232 233//233 253//253
f 231//231 253//253 254//254
f 231//231 232//232 253//253
f 230//230 254//254 255//255
f 230//230 231//231 254//254
f 229//229 255//255 256//256
f 229//229 230//230 255//255
f 228//228 229//229 256//256
f 227//227 228//228 256//256
f 227//227 256//256 257//257
f 226//226 227//227 257//257
f 226//226 257//257 258//258
f 225//225 226//226 258//258
f 225//225 258//258 259//259
f 224//224 225//225 259//259
f 224//224 259//259 260//260
f 223//223 224//224 260//260
f 223//223 260//260 261//261
f 222//222 223//223 261//261
f 222//222 261//261 220//220
f 221//221 222//222 220//220
v 1592.000000 -60.500000 1887.500000
v 1592.000000 -65.000000 1887.500000
v 1578.647827 -65.000000 1888.587769
v 1565.647217 -65.000000 1891.822144
v 1554.054077 -65.000000 1896.744629
v 1543.957397 -65.000000 1902.931763
v 1534.850220 -65.000000 1910.500854
v 1526.920776 -65.000000 1919.295532
v 1520.332275 -65.000000 1929.134766
v 1515.219971 -65.000000 1939.816284
v 1511.689575 -65.000000 1951.119385
v 1510.049194 -65.000000 1960.496460
v 1509.500000 -65.000000 1970.000000
v 1510.587769 -65.000000 1983.352051
v 1513.822266 -65.000000 1996.353027
v 1518.744629 -65.000000 2007.946045
v 1524.931641 -65.000000 2018.042480
v 1532.500854 -65.000000 2027.149780
v 1541.295288 -65.000000 2035.079102
v 1551.134277 -65.000000 2041.667480
v 1561.816040 -65.000000 2046.779907
v 1573.119019 -65.000000 2050.310303
v 1582.496216 -65.000000 2051.950684
v 1592.000000 -65.000000 2052.500000
v 1592.000000 -60.500000 2052.500000
v 1577.674072 -60.500000 2051.246582
v 1563.783325 -60.500000 2047.524658
v 1550.750000 -60.500000 2041.447144
v 1538.969971 -60.500000 2033.198608
v 1528.801392 -60.500000 2023.030029
v 1520.552856 -60.500000 2011.250000
v 1514.475342 -60.500000 1998.216675
v 1510.753418 -60.500000 1984.325928
v 1509.500000 -60.500000 1970.000000
v 1510.753418 -60.500000 1955.674072
v 1514.475342 -60.500000 1941.783325
v 1520.552856 -60.500000 1928.750000
v 1528.801392 -60.500000 1916.969971
v 1538.969971 -60.500000 1906.801392
v 1550.750000 -60.500000 1898.552856
v 1563.783325 -60.500000 1892.475342
v 1577.674072 -60.500000 1888.753418
vn -0.000000 -0.000000 -1.000000
vn -0.000000 -0.000000 -1.000000
vn -0.161845 -0.000000 -0.986816
vn -0.319423 -0.000000 -0.947612
vn -0.459949 -0.000000 -0.887945
vn -0.582333 -0.000000 -0.812950
vn -0.692720 -0.000000 -0.721206
vn -0.788836 -0.000000 -0.614604
vn -0.868699 -0.000000 -0.495340
vn -0.930666 -0.000000 -0.365871
vn -0.973459 -0.000000 -0.228864
vn -0.993342 -0.000000 -0.115199
vn -1.000000 0.000000 0.000000
vn -0.986816 0.000000 0.161846
vn -0.947612 0.000000 0.319424
vn -0.887945 0.000000 0.459950
vn -0.812951 0.000000 0.582332
vn -0.721208 0.000000 0.692718
vn -0.614608 0.000000 0.788833
vn -0.495345 0.000000 0.868696
vn -0.365878 0.000000 0.930663
vn -0.228872 0.000000 0.973456
vn -0.115203 0.000000 0.993342
vn 0.000000 0.000000 1.000000
vn 0.000000 0.000000 1.000000
vn -0.173648 0.000000 0.984808
vn -0.342020 0.000000 0.939693
vn -0.500000 0.000000 0.866025
vn -0.642788 0.000000 0.766044
vn -0.766044 0.000000 0.642788
vn -0.866025 0.000000 0.500000
vn -0.939693 0.000000 0.342020
vn -0.984808 0.000000 0.173648
vn -1.000000 0.000000 0.000000
vn -0.984808 -0.000000 -0.173648
vn -0.939693 -0.000000 -0.342020
vn -0.866025 -0.000000 -0.500000
vn -0.766044 -0.000000 -0.642788
vn -0.642788 -0.000000 -0.766044
vn -0.500000 -0.000000 -0.866025
vn -0.342020 -0.000000 -0.939693
vn -0.173648 -0.000000 -0.984808
f 284//284 285//285 286//286
f 284//284 286//286 287//287
f 283//283 287//287 288//288
f 283//283 284//284 287//287
f 282//282 288//288 289//289
f 282//282 283//283 288//288
f 281//281 282//282 289//289
f 280//280 289//289 290//290
f 280//280 281//281 289//289
f 279//279 290//290 291//291
f 279//279 280//280 290//290
f 278//278 291//291 292//292
f 278//278 279//279 291//291
f 277//277 292//292 293//293
f 277//277 278//278 292//292
f 276//276 293//293 294//294
f 276//276 277//277 293//293
f 275//275 294//294 295//295
f 275//275 276//276 294//294
f 274//274 275//275 295//295
f 273//273 295//295 296//296
f 273//273 274//274 295//295
f 272//272 296//296 297//297
f 272//272 273//273 296//296
f 271//271 297//297 298//298
f 271//271 272//272 297//297
f 270//270 271//271 298//298
f 269//269 270//270 298//298
f 269//269 298//298 299//299
f 268//268 269//269 299//299
f 268//268 299//299 300//300
f 267//267 268//268 300//300
f 267//267 300//300 301//301
f 266//266 267//267 301//301
f 266//266 301//301 302//302
f 265//265 266//266 302//302
f 265//265 302//302 303//303
f 264//264 265//265 303//303
f 264//264 303//303 262//262
f 263//263 264//264 262//262
usemtl mat_1
v 1703.516113 76.500000 1906.756714
v 1703.516113 96.500000 1906.756714
v 1699.000000 76.500000 1912.749878
v 1699.000000 -46.094395 1912.749878
v 1712.375488 -36.728790 1895.000000
v 1712.375488 -66.143784 1895.000000
v 1722.925171 -45.596054 1881.000000
v 1718.648560 -55.290165 1886.675415
v 1715.628906 -60.899353 1890.682495
v 1722.925171 45.596054 1881.000000
v 1718.648560 55.290165 1886.675415
v 1715.628906 60.899353 1890.682495
v 1712.375488 66.143784 1895.000000
v 1712.375488 90.500000 1895.000000
v 1707.854126 96.500000 1901.000000
vn -0.798635 0.000000 -0.601815
vn -0.798635 0.000000 -0.601815
vn -0.798635 0.000000 -0.601815
vn -0.798635 0.000000 -0.601815
vn -0.798635 0.000000 -0.601815
vn -0.798635 0.000000 -0.601815
vn -0.798635 0.000000 -0.601815
vn -0.798635 0.000000 -0.601815
vn -0.798635 0.000000 -0.601815
vn -0.798635 0.000000 -0.601815
vn -0.798635 0.000000 -0.601815
vn -0.798635 0.000000 -0.601815
vn -0.798635 0.000000 -0.601815
vn -0.798635 0.000000 -0.601815
vn -0.798635 0.000000 -0.601815
f 308//308 311//311 312//312
f 310//310 311//311 308//308
f 313//313 308//308 307//307
f 313//313 310//310 308//308
f 314//314 307//307 306//306
f 314//314 313//313 307//307
f 316//316 306//306 304//304
f 315//315 314//314 306//306
f 315//315 306//306 316//316
f 318//318 304//304 305//305
f 317//317 316//316 304//304
f 317//317 304//304 318//318
f 308//308 312//312 309//309
v 1722.925171 -45.596054 1881.000000
v 1744.500000 -45.596054 1881.000000
v 1744.500000 -66.143784 1895.000000
v 1744.500000 -59.690655 1889.768921
v 1744.500000 -52.825623 1885.091553
v 1712.375488 -66.143784 1895.000000
v 1718.648560 -55.290165 1886.675415
v 1715.628906 -60.899353 1890.682495
vn 0.000000 -0.455961 -0.890000
vn 0.000000 -0.455961 -0.890000
vn 0.000000 -0.661438 -0.750000
vn 0.000000 -0.596907 -0.802311
vn 0.000000 -0.528256 -0.849085
vn 0.000000 -0.661438 -0.750000
vn 0.000000 -0.552902 -0.833247
vn 0.000000 -0.608994 -0.793175
f 321//321 324//324 326//326
f 322//322 326//326 325//325
f 322//322 321//321 326//326
f 323//323 325//325 319//319
f 323//323 322//322 325//325
f 320//320 323//323 319//319
v 1744.500000 66.143784 1895.000000
v 1744.500000 90.500000 1895.000000
v 1744.500000 96.500000 1901.000000
v 1744.500000 96.500000 1923.833374
v 1744.500000 110.000000 1923.833374
v 1744.500000 110.000000 2016.166626
v 1744.500000 96.500000 2016.166626
v 1744.500000 96.500000 2039.000000
v 1744.500000 90.500000 2045.000000
v 1744.500000 66.143784 2045.000000
v 1744.500000 59.690655 2050.230957
v 1744.500000 52.825623 2054.908447
v 1744.500000 45.596054 2059.000000
v 1744.500000 -45.596054 2059.000000
v 1744.500000 -66.143784 2045.000000
v 1744.500000 -57.445797 2051.853516
v 1744.500000 -51.644672 2055.631836
v 1744.500000 -90.000000 2045.000000
v 1744.500000 -96.000000 2039.000000
v 1744.500000 -96.000000 1901.000000
v 1744.500000 -90.000000 1895.000000
v 1744.500000 -66.143784 1895.000000
v 1744.500000 -59.690655 1889.768921
v 1744.500000 -52.825623 1885.091553
v 1744.500000 -45.596054 1881.000000
v 1744.500000 45.596054 1881.000000
v 1744.500000 52.825623 1885.091553
v 1744.500000 59.690655 1889.768921
v 1744.500000 88.000000 1926.872314
v 1744.500000 88.000000 2013.127686
v 1744.500000 43.127716 1882.000000
v 1744.500000 56.984688 1890.270752
v 1744.500000 69.296463 1900.703491
v 1744.500000 79.729202 1913.015259
v 1744.500000 -43.127716 1882.000000
v 1744.500000 -88.000000 1926.872314
v 1744.500000 -79.729202 1913.015259
v 1744.500000 -69.296463 1900.703491
v 1744.500000 -56.984688 1890.270752
v 1744.500000 -88.000000 2013.127686
v 1744.500000 -43.127716 2058.000000
v 1744.500000 -56.984688 2049.729248
v 1744.500000 -69.296463 2039.296509
v 1744.500000 -79.729202 2026.984741
v 1744.500000 43.127716 2058.000000
v 1744.500000 79.729202 2026.984741
v 1744.500000 69.296463 2039.296509
v 1744.500000 56.984688 2049.729248
vn 1.000000 -0.000000 0.000000
vn 1.000000 -0.000000 0.000000
vn 1.000000 -0.000000 0.000000
vn 1.000000 -0.000000 0.000000
vn 1.000000 -0.000000 0.000000
vn 1.000000 -0.000000 0.000000
vn 1.000000 -0.000000 0.000000
vn 1.000000 -0.000000 0.000000
vn 1.000000 -0.000000 0.000000
vn 1.000000 -0.000000 0.000000
vn 1.000000 -0.000000 0.000000
vn 1.000000 -0.000000 0.000000
vn 1.000000 -0.000000 0.000000
vn 1.000000 -0.000000 0.000000
vn 1.000000 -0.000000 0.000000
vn 1.000000 -0.000000 0.000000
vn 1.000000 -0.000000 0.000000
vn 1.000000 -0.000000 0.000000
vn 1.000000 -0.000000 0.000000
vn 1.000000 -0.000000 0.000000
vn 1.000000 -0.000000 0.000000
vn 1.000000 -0.000000 0.000000
vn 1.000000 -0.000000 0.000000
vn 1.000000 -0.000000 0.000000
vn 1.000000 -0.000000 0.000000
vn 1.000000 -0.000000 0.000000
vn 1.000000 -0.000000 0.000000
vn 1.000000 -0.000000 0.000000
vn 1.000000 -0.000000 0.000000
vn 1.000000 -0.000000 0.000000
vn 1.000000 -0.000000 0.000000
vn 1.000000 -0.000000 0.000000
vn 1.000000 -0.000000 0.000000
vn 1.000000 -0.000000 0.000000
vn 1.000000 -0.000000 0.000000
vn 1.000000 -0.000000 0.000000
vn 1.000000 -0.000000 0.000000
vn 1.000000 -0.000000 0.000000
vn 1.000000 -0.000000 0.000000
vn 1.000000 -0.000000 0.000000
vn 1.000000 -0.000000 0.000000
vn 1.000000 -0.000000 0.000000
vn 1.000000 -0.000000 0.000000
vn 1.000000 -0.000000 0.000000
vn 1.000000 -0.000000 0.000000
vn 1.000000 -0.000000 0.000000
vn 1.000000 -0.000000 0.000000
vn 1.000000 -0.000000 0.000000
f 369//369 341//341 344//344
f 370//370 344//344 345//345
f 370//370 369//369 344//344
f 368//368 342//342 341//341
f 368//368 343//343 342//342
f 368//368 341//341 369//369
f 366//366 370//370 345//345
f 367//367 340//340 343//343
f 367//367 343//343 368//368
f 362//362 366//366 345//345
f 339//339 367//367 371//371
f 339//339 340//340 367//367
f 338//338 339//339 371//371
f 346//346 362//362 345//345
f 374//374 338//338 371//371
f 363//363 362//362 346//346
f 337//337 338//338 374//374
f 347//347 363//363 346//346
f 336//336 337//337 374//374
f 373//373 336//336 374//374
f 364//364 363//363 347//347
f 348//348 364//364 347//347
f 335//335 336//336 373//373
f 372//372 335//335 373//373
f 365//365 348//348 349//349
f 365//365 364//364 348//348
f 334//334 335//335 372//372
f 350//350 365//365 349//349
f 361//361 365//365 350//350
f 361//361 350//350 351//351
f 333//333 334//334 372//372
f 333//333 372//372 356//356
f 332//332 333//333 356//356
f 355//355 332//332 356//356
f 352//352 361//361 351//351
f 352//352 357//357 361//361
f 353//353 358//358 357//357
f 353//353 357//357 352//352
f 354//354 358//358 353//353
f 327//327 359//359 358//358
f 327//327 358//358 354//354
f 330//330 355//355 360//360
f 331//331 332//332 355//355
f 331//331 355//355 330//330
f 328//328 360//360 359//359
f 328//328 359//359 327//327
f 329//329 360//360 328//328
f 329//329 330//330 360//360
v 1708.490723 -96.000000 1901.000000
v 1744.500000 -96.000000 1901.000000
v 1744.500000 -90.000000 1895.000000
v 1692.000000 -90.000000 1895.000000
vn 0.000000 -0.707107 -0.707107
vn 0.000000 -0.707107 -0.707107
vn 0.000000 -0.707107 -0.707107
vn 0.000000 -0.707107 -0.707107
f 377//377 375//375 378//378
f 376//376 375//375 377//377
v 1692.000000 -90.000000 2045.000000
v 1702.847656 -90.000000 2027.773315
v 1710.755859 -90.000000 2009.013062
v 1715.321655 -90.000000 1990.414551
v 1716.975342 -90.000000 1972.474854
v 1716.032959 -90.000000 1954.482544
v 1712.514282 -90.000000 1936.813843
v 1706.492188 -90.000000 1919.834961
v 1699.962402 -90.000000 1906.999146
v 1692.000000 -90.000000 1895.000000
v 1676.522217 -90.000000 2045.000000
v 1688.080444 -90.000000 2029.476929
v 1696.821045 -90.000000 2012.208252
v 1702.045044 -90.000000 1995.672729
v 1704.526367 -90.000000 1980.334106
v 1704.880127 -90.000000 1964.799194
v 1703.099731 -90.000000 1949.363770
v 1699.218628 -90.000000 1934.318726
v 1693.309814 -90.000000 1919.947266
v 1685.749634 -90.000000 1906.912842
v 1676.522217 -90.000000 1895.000000
vn 0.000000 -1.000000 0.000000
vn 0.000000 -1.000000 0.000000
vn 0.000000 -1.000000 0.000000
vn 0.000000 -1.000000 0.000000
vn 0.000000 -1.000000 0.000000
vn 0.000000 -1.000000 0.000000
vn 0.000000 -1.000000 0.000000
vn 0.000000 -1.000000 0.000000
vn 0.000000 -1.000000 0.000000
vn 0.000000 -1.000000 0.000000
vn 0.000000 -1.000000 0.000000
vn 0.000000 -1.000000 0.000000
vn 0.000000 -1.000000 0.000000
vn 0.000000 -1.000000 0.000000
vn 0.000000 -1.000000 0.000000
vn 0.000000 -1.000000 0.000000
vn 0.000000 -1.000000 0.000000
vn 0.000000 -1.000000 0.000000
vn 0.000000 -1.000000 0.000000
vn 0.000000 -1.000000 0.000000
vn 0.000000 -1.000000 0.000000
f 390//390 379//379 389//389
f 380//380 379//379 390//390
f 391//391 380//380 390//390
f 381//381 380//380 391//391
f 392//392 381//381 391//391
f 382//382 392//392 393//393
f 382//382 381//381 392//392
f 383//383 393//393 394//394
f 383//383 382//382 393//393
f 384//384 394//394 395//395
f 384//384 383//383 394//394
f 385//385 395//395 396//396
f 385//385 384//384 395//395
f 386//386 396//396 397//397
f 386//386 385//385 396//396
f 387//387 397//397 398//398
f 387//387 386//386 397//397
f 388//388 398//398 399//399
f 388//388 387//387 398//398
v 1592.000000 -92.000000 2081.000000
v 1592.000000 -90.000000 2083.000000
v 1611.274902 -92.000000 2079.313721
v 1629.964233 -92.000000 2074.305908
v 1647.500000 -92.000000 2066.128906
v 1663.349365 -92.000000 2055.031006
v 1677.030884 -92.000000 2041.349365
v 1688.128784 -92.000000 2025.500000
v 1696.305908 -92.000000 2007.964233
v 1701.313721 -92.000000 1989.274902
v 1703.000000 -92.000000 1970.000000
v 1701.313721 -92.000000 1950.725098
v 1696.305908 -92.000000 1932.035767
v 1688.128784 -92.000000 1914.500000
v 1677.030884 -92.000000 1898.650635
v 1663.349365 -92.000000 1884.969116
v 1647.500000 -92.000000 1873.871216
v 1629.964233 -92.000000 1865.694092
v 1611.274902 -92.000000 1860.686279
v 1592.000000 -92.000000 1859.000000
v 1592.000000 -90.000000 1857.000000
v 1611.006714 -90.000000 1858.609985
v 1629.471680 -90.000000 1863.393799
v 1646.869019 -90.000000 1871.215454
v 1662.703003 -90.000000 1881.851807
v 1676.522217 -90.000000 1895.000000
v 1676.522217 -90.000000 2045.000000
v 1688.080444 -90.000000 2029.476929
v 1696.821045 -90.000000 2012.208252
v 1702.045044 -90.000000 1995.672729
v 1704.526367 -90.000000 1980.334106
v 1704.880127 -90.000000 1964.799194
v 1703.099731 -90.000000 1949.363770
v 1699.218628 -90.000000 1934.318726
v 1693.309814 -90.000000 1919.947266
v 1685.749634 -90.000000 1906.912842
v 1662.703003 -90.000000 2058.148193
v 1646.869019 -90.000000 2068.784424
v 1629.471680 -90.000000 2076.606201
v 1611.006714 -90.000000 2081.390137
vn 0.000000 -0.707107 0.707107
vn 0.000000 -0.707107 0.707107
vn 0.122788 -0.707107 0.696364
vn 0.241845 -0.707107 0.664463
vn 0.353553 -0.707107 0.612372
vn 0.454519 -0.707107 0.541675
vn 0.541675 -0.707107 0.454519
vn 0.612372 -0.707107 0.353553
vn 0.664463 -0.707107 0.241845
vn 0.696364 -0.707107 0.122788
vn 0.707107 -0.707107 0.000000
vn 0.696364 -0.707107 -0.122788
vn 0.664463 -0.707107 -0.241845
vn 0.612372 -0.707107 -0.353553
vn 0.541675 -0.707107 -0.454519
vn 0.454519 -0.707107 -0.541675
vn 0.353553 -0.707107 -0.612372
vn 0.241845 -0.707107 -0.664463
vn 0.122788 -0.707107 -0.696364
vn -0.000000 -0.707107 -0.707107
vn 0.000000 -0.707107 -0.707107
vn 0.118936 -0.707107 -0.697033
vn 0.234482 -0.707107 -0.667097
vn 0.343348 -0.707107 -0.618152
vn 0.442429 -0.707107 -0.551594
vn 0.528904 -0.707107 -0.469319
vn 0.528904 -0.707107 0.469319
vn 0.601234 -0.707107 0.372180
vn 0.655926 -0.707107 0.264123
vn 0.688617 -0.707107 0.160646
vn 0.704144 -0.707107 0.064662
vn 0.706357 -0.707107 -0.032545
vn 0.695215 -0.707107 -0.129136
vn 0.670927 -0.707107 -0.223285
vn 0.633954 -0.707107 -0.313213
vn 0.586645 -0.707107 -0.394776
vn 0.442429 -0.707107 0.551594
vn 0.343348 -0.707107 0.618152
vn 0.234482 -0.707107 0.667097
vn 0.118936 -0.707107 0.697033
f 439//439 401//401 400//400
f 439//439 400//400 402//402
f 438//438 402//402 403//403
f 438//438 439//439 402//402
f 437//437 403//403 404//404
f 437//437 438//438 403//403
f 436//436 404//404 405//405
f 436//436 437//437 404//404
f 426//426 436//436 405//405
f 406//406 426//426 405//405
f 427//427 426//426 406//406
f 407//407 427//427 406//406
f 428//428 427//427 407//407
f 408//408 428//428 407//407
f 429//429 428//428 408//408
f 409//409 429//429 408//408
f 430//430 429//429 409//409
f 410//410 430//430 409//409
f 431//431 430//430 410//410
f 411//411 431//431 410//410
f 432//432 431//431 411//411
f 433//433 432//432 411//411
f 412//412 433//433 411//411
f 434//434 433//433 412//412
f 413//413 434//434 412//412
f 435//435 434//434 413//413
f 414//414 435//435 413//413
f 425//425 435//435 414//414
f 415//415 425//425 414//414
f 424//424 425//425 415//415
f 416//416 424//424 415//415
f 423//423 424//424 416//416
f 417//417 423//423 416//416
f 422//422 423//423 417//417
f 418//418 422//422 417//417
f 421//421 422//422 418//418
f 419//419 421//421 418//418
f 420//420 421//421 419//419
v 1592.000000 -92.000000 1859.000000
v 1592.000000 -90.000000 1857.000000
v 1572.725098 -92.000000 1860.686279
v 1554.035767 -92.000000 1865.694092
v 1536.500000 -92.000000 1873.871216
v 1520.650635 -92.000000 1884.969116
v 1506.969116 -92.000000 1898.650635
v 1495.871216 -92.000000 1914.500000
v 1487.694092 -92.000000 1932.035767
v 1482.686279 -92.000000 1950.725098
v 1481.000000 -92.000000 1970.000000
v 1482.686279 -92.000000 1989.274902
v 1487.694092 -92.000000 2007.964233
v 1495.871216 -92.000000 2025.500000
v 1506.969116 -92.000000 2041.349365
v 1520.650635 -92.000000 2055.031006
v 1536.500000 -92.000000 2066.128906
v 1554.035767 -92.000000 2074.305908
v 1572.725098 -92.000000 2079.313721
v 1592.000000 -92.000000 2081.000000
v 1592.000000 -90.000000 2083.000000
v 1572.377808 -90.000000 2081.283203
v 1553.351685 -90.000000 2076.185303
v 1535.500000 -90.000000 2067.860840
v 1519.364990 -90.000000 2056.562988
v 1505.437012 -90.000000 2042.635010
v 1494.139160 -90.000000 2026.500000
v 1485.814697 -90.000000 2008.648315
v 1480.716675 -90.000000 1989.622192
v 1479.000000 -90.000000 1970.000000
v 1480.716675 -90.000000 1950.377808
v 1485.814697 -90.000000 1931.351685
v 1494.139160 -90.000000 1913.500000
v 1505.437012 -90.000000 1897.364990
v 1519.364990 -90.000000 1883.437012
v 1535.500000 -90.000000 1872.139160
v 1553.351685 -90.000000 1863.814697
v 1572.377808 -90.000000 1858.716675
vn 0.000000 -0.707107 -0.707107
vn 0.000000 -0.707107 -0.707107
vn -0.122788 -0.707107 -0.696364
vn -0.241845 -0.707107 -0.664463
vn -0.353553 -0.707107 -0.612372
vn -0.454519 -0.707107 -0.541675
vn -0.541675 -0.707107 -0.454519
vn -0.612372 -0.707107 -0.353553
vn -0.664463 -0.707107 -0.241845
vn -0.696364 -0.707107 -0.122788
vn -0.707107 -0.707107 -0.000000
vn -0.696364 -0.707107 0.122788
vn -0.664463 -0.707107 0.241845
vn -0.612372 -0.707107 0.353553
vn -0.541675 -0.707107 0.454519
vn -0.454519 -0.707107 0.541675
vn -0.353553 -0.707107 0.612372
vn -0.241845 -0.707107 0.664463
vn -0.122788 -0.707107 0.696364
vn -0.000000 -0.707107 0.707107
vn -0.000000 -0.707107 0.707107
vn -0.122788 -0.707107 0.696364
vn -0.241845 -0.707107 0.664463
vn -0.353553 -0.707107 0.612372
vn -0.454519 -0.707107 0.541675
vn -0.541675 -0.707107 0.454519
vn -0.612372 -0.707107 0.353553
vn -0.664463 -0.707107 0.241845
vn -0.696364 -0.707107 0.122788
vn -0.707107 -0.707107 0.000000
vn -0.696364 -0.707107 -0.122788
vn -0.664463 -0.707107 -0.241845
vn -0.612372 -0.707107 -0.353553
vn -0.541675 -0.707107 -0.454519
vn -0.454519 -0.707107 -0.541675
vn -0.353553 -0.707107 -0.612372
vn -0.241845 -0.707107 -0.664463
vn -0.122788 -0.707107 -0.696364
f 442//442 441//441 440//440
f 477//477 441//441 442//442
f 443//443 477//477 442//442
f 476//476 477//477 443//443
f 444//444 476//476 443//443
f 475//475 476//476 444//444
f 445//445 475//475 444//444
f 474//474 475//475 445//445
f 446//446 474//474 445//445
f 473//473 474//474 446//446
f 447//447 473//473 446//446
f 472//472 473//473 447//447
f 448//448 472//472 447//447
f 471//471 472//472 448//448
f 449//449 471//471 448//448
f 470//470 471//471 449//449
f 450//450 470//470 449//449
f 469//469 470//470 450//450
f 451//451 469//469 450//450
f 468//468 469//469 451//451
f 452//452 468//468 451//451
f 467//467 468//468 452//452
f 453//453 467//467 452//452
f 466//466 467//467 453//453
f 465//465 453//453 454//454
f 465//465 466//466 453//453
f 464//464 454//454 455//455
f 464//464 465//465 454//454
f 456//456 464//464 455//455
f 463//463 464//464 456//456
f 457//457 463//463 456//456
f 462//462 463//463 457//457
f 458//458 462//462 457//457
f 461//461 462//462 458//458
f 460//460 461//461 458//458
f 460//460 458//458 459//459
v 1692.000000 -90.000000 2045.000000
v 1744.500000 -90.000000 2045.000000
v 1744.500000 -96.000000 2039.000000
v 1708.490723 -96.000000 2039.000000
vn -0.000000 -0.707107 0.707107
vn -0.000000 -0.707107 0.707107
vn -0.000000 -0.707107 0.707107
vn -0.000000 -0.707107 0.707107
f 479//479 481//481 480//480
f 479//479 478//478 481//481
v 1712.375488 -66.143784 2045.000000
v 1744.500000 -66.143784 2045.000000
v 1744.500000 -57.445797 2051.853516
v 1744.500000 -51.644672 2055.631836
v 1744.500000 -45.596054 2059.000000
v 1722.925171 -45.596054 2059.000000
v 1717.470581 -57.576756 2051.761475
v 1720.336670 -51.755600 2055.564941
vn 0.000000 -0.661438 0.750000
vn 0.000000 -0.661438 0.750000
vn 0.000000 -0.574458 0.818534
vn 0.000000 -0.516447 0.856319
vn 0.000000 -0.455961 0.890000
vn 0.000000 -0.455961 0.890000
vn 0.000000 -0.575767 0.817614
vn 0.000000 -0.517556 0.855649
f 485//485 486//486 487//487
f 485//485 487//487 489//489
f 484//484 489//489 488//488
f 484//484 485//485 489//489
f 483//483 488//488 482//482
f 483//483 484//484 488//488
v 1712.375488 66.143784 2045.000000
v 1717.470459 57.576786 2051.761230
v 1720.336792 51.755516 2055.564941
v 1722.925171 45.596054 2059.000000
v 1722.925171 -45.596054 2059.000000
v 1712.375488 -66.143784 2045.000000
v 1717.470581 -57.576756 2051.761475
v 1720.336670 -51.755600 2055.564941
v 1712.375488 -36.728790 2045.000000
v 1699.000000 -46.094395 2027.250122
v 1699.000000 76.500000 2027.250122
v 1703.516113 76.500000 2033.243286
v 1703.516113 96.500000 2033.243286
v 1707.854126 96.500000 2039.000000
v 1712.375488 90.500000 2045.000000
vn -0.798635 -0.000000 0.601815
vn -0.798635 -0.000000 0.601815
vn -0.798635 -0.000000 0.601815
vn -0.798635 -0.000000 0.601815
vn -0.798635 -0.000000 0.601815
vn -0.798635 -0.000000 0.601815
vn -0.798635 -0.000000 0.601815
vn -0.798635 -0.000000 0.601815
vn -0.798635 -0.000000 0.601815
vn -0.798635 -0.000000 0.601815
vn -0.798635 -0.000000 0.601815
vn -0.798635 -0.000000 0.601815
vn -0.798635 -0.000000 0.601815
vn -0.798635 -0.000000 0.601815
vn -0.798635 -0.000000 0.601815
f 498//498 495//495 496//496
f 498//498 496//496 497//497
f 498//498 497//497 494//494
f 493//493 499//499 498//498
f 493//493 498//498 494//494
f 492//492 499//499 493//493
f 491//491 499//499 492//492
f 501//501 490//490 504//504
f 500//500 491//491 490//490
f 500//500 490//490 501//501
f 500//500 499//499 491//491
f 503//503 501//501 504//504
f 502//502 501//501 503//503
v 1699.000000 -76.500000 2006.331787
v 1697.311646 -76.500000 2010.968872
v 1695.422485 -76.500000 2015.527832
v 1693.336060 -76.500000 2020.000000
v 1699.000000 -76.500000 2020.000000
vn 0.000000 1.000000 0.000000
vn 0.000000 1.000000 0.000000
vn 0.000000 1.000000 0.000000
vn 0.000000 1.000000 0.000000
vn 0.000000 1.000000 0.000000
f 509//509 506//506 507//507
f 509//509 507//507 508//508
f 509//509 505//505 506//506
v 1685.000000 -22.500000 1998.500000
v 1678.927490 -16.427473 1997.845581
v 1672.888794 -10.388819 1995.798584
v 1668.909180 -6.409162 1993.523071
v 1664.839478 -2.339418 1990.144531
v 1662.007446 0.492495 1986.840210
v 1659.673828 2.826120 1983.070435
v 1658.374512 4.125467 1980.165405
v 1657.307129 5.192904 1976.734375
v 1656.712280 5.787778 1973.471313
v 1656.503662 5.996379 1970.454224
v 1656.616333 5.883618 1967.427124
v 1657.044434 5.455574 1964.456055
v 1657.766724 4.733302 1961.597778
v 1658.751831 3.748176 1958.896729
v 1659.963745 2.536224 1956.382446
v 1661.366333 1.133609 1954.071899
v 1663.476807 -0.976853 1951.318359
v 1666.104980 -3.605009 1948.663940
v 1668.929443 -6.429492 1946.463013
v 1671.892700 -9.392672 1944.692871
v 1675.979370 -13.479403 1942.965210
v 1679.872192 -17.372196 1941.965088
v 1682.445679 -19.945629 1941.614746
v 1685.000000 -22.500000 1941.500000
v 1699.000000 -36.500000 1941.500000
v 1699.000000 -36.500000 1998.500000
vn -0.707107 -0.707107 -0.000000
vn -0.707107 -0.707107 -0.000000
vn -0.707107 -0.707107 -0.000000
vn -0.707107 -0.707107 -0.000000
vn -0.707107 -0.707107 -0.000000
vn -0.707107 -0.707107 -0.000000
vn -0.707107 -0.707107 -0.000000
vn -0.707107 -0.707107 -0.000000
vn -0.707107 -0.707107 -0.000000
vn -0.707107 -0.707107 -0.000000
vn -0.707107 -0.707107 -0.000000
vn -0.707107 -0.707107 -0.000000
vn -0.707107 -0.707107 -0.000000
vn -0.707107 -0.707107 -0.000000
vn -0.707107 -0.707107 -0.000000
vn -0.707107 -0.707107 -0.000000
vn -0.707107 -0.707107 -0.000000
vn -0.707107 -0.707107 -0.000000
vn -0.707107 -0.707107 -0.000000
vn -0.707107 -0.707107 -0.000000
vn -0.707107 -0.707107 -0.000000
vn -0.707107 -0.707107 -0.000000
vn -0.707107 -0.707107 -0.000000
vn -0.707107 -0.707107 -0.000000
vn -0.707107 -0.707107 -0.000000
vn -0.707107 -0.707107 -0.000000
vn -0.707107 -0.707107 -0.000000
f 519//519 520//520 521//521
f 519//519 521//521 522//522
f 518//518 522//522 523//523
f 518//518 519//519 522//522
f 517//517 523//523 524//524
f 517//517 518//518 523//523
f 516//516 524//524 525//525
f 516//516 525//525 526//526
f 516//516 517//517 524//524
f 515//515 526//526 527//527
f 515//515 516//516 526//526
f 514//514 527//527 528//528
f 514//514 515//515 527//527
f 513//513 528//528 529//529
f 513//513 529//529 530//530
f 513//513 514//514 528//528
f 512//512 530//530 531//531
f 512//512 513//513 530//530
f 511//511 531//531 532//532
f 511//511 532//532 533//533
f 511//511 512//512 531//531
f 510//510 533//533 534//534
f 510//510 511//511 533//533
f 536//536 534//534 535//535
f 536//536 510//510 534//534
v 1699.000000 -36.500000 1941.500000
v 1699.000000 61.500000 1941.500000
v 1685.000000 61.500000 1941.500000
v 1685.000000 -22.500000 1941.500000
vn 0.000000 -0.000000 -1.000000
vn 0.000000 -0.000000 -1.000000
vn 0.000000 -0.000000 -1.000000
vn 0.000000 -0.000000 -1.000000
f 538//538 540//540 539//539
f 538//538 537//537 540//540
v 1699.000000 61.500000 1930.000000
v 1699.000000 61.500000 1941.500000
v 1685.000000 61.500000 1941.500000
v 1685.000000 61.500000 1998.500000
v 1680.051025 61.500000 1998.067017
v 1675.252441 61.500000 1996.781250
v 1670.750000 61.500000 1994.681763
v 1666.680542 61.500000 1991.832275
v 1663.167725 61.500000 1988.319458
v 1660.318237 61.500000 1984.250000
v 1658.218750 61.500000 1979.747559
v 1656.932983 61.500000 1974.948975
v 1656.500000 61.500000 1970.000000
v 1656.932983 61.500000 1965.051025
v 1658.218750 61.500000 1960.252441
v 1660.318237 61.500000 1955.750000
v 1663.167725 61.500000 1951.680542
v 1666.680542 61.500000 1948.167725
v 1670.750000 61.500000 1945.318237
v 1675.252441 61.500000 1943.218750
v 1680.051025 61.500000 1941.932983
v 1699.000000 61.500000 1998.500000
v 1699.000000 61.500000 2010.000000
v 1685.000000 61.500000 2010.000000
v 1678.803101 61.500000 2009.517090
v 1672.755859 61.500000 2008.079956
v 1667.004272 61.500000 2005.723267
v 1661.687256 61.500000 2002.504028
v 1656.933105 61.500000 1998.500000
v 1635.494263 61.500000 1998.500000
v 1635.494263 61.500000 1941.500000
v 1639.600098 61.500000 1949.065918
v 1642.401367 61.500000 1957.205566
v 1643.821533 61.500000 1965.695923
v 1643.821533 61.500000 1974.304077
v 1642.401367 61.500000 1982.794434
v 1639.600098 61.500000 1990.934082
v 1656.933105 61.500000 1941.500000
v 1661.687256 61.500000 1937.495972
v 1667.004272 61.500000 1934.276733
v 1672.755859 61.500000 1931.920044
v 1678.803101 61.500000 1930.482910
v 1685.000000 61.500000 1930.000000
vn 0.000000 -1.000000 0.000000
vn 0.000000 -1.000000 0.000000
vn 0.000000 -1.000000 0.000000
vn 0.000000 -1.000000 0.000000
vn 0.000000 -1.000000 0.000000
vn 0.000000 -1.000000 0.000000
vn 0.000000 -1.000000 0.000000
vn 0.000000 -1.000000 0.000000
vn 0.000000 -1.000000 0.000000
vn 0.000000 -1.000000 0.000000
vn 0.000000 -1.000000 0.000000
vn 0.000000 -1.000000 0.000000
vn 0.000000 -1.000000 0.000000
vn 0.000000 -1.000000 0.000000
vn 0.000000 -1.000000 0.000000
vn 0.000000 -1.000000 0.000000
vn 0.000000 -1.000000 0.000000
vn 0.000000 -1.000000 0.000000
vn 0.000000 -1.000000 0.000000
vn 0.000000 -1.000000 0.000000
vn 0.000000 -1.000000 0.000000
vn 0.000000 -1.000000 0.000000
vn 0.000000 -1.000000 0.000000
vn 0.000000 -1.000000 0.000000
vn 0.000000 -1.000000 0.000000
vn 0.000000 -1.000000 0.000000
vn 0.000000 -1.000000 0.000000
vn 0.000000 -1.000000 0.000000
vn 0.000000 -1.000000 0.000000
vn 0.000000 -1.000000 0.000000
vn 0.000000 -1.000000 0.000000
vn 0.000000 -1.000000 0.000000
vn 0.000000 -1.000000 0.000000
vn 0.000000 -1.000000 0.000000
vn 0.000000 -1.000000 0.000000
vn 0.000000 -1.000000 0.000000
vn 0.000000 -1.000000 0.000000
vn 0.000000 -1.000000 0.000000
vn 0.000000 -1.000000 0.000000
vn 0.000000 -1.000000 0.000000
vn 0.000000 -1.000000 0.000000
vn 0.000000 -1.000000 0.000000
vn 0.000000 -1.000000 0.000000
f 569//569 570//570 577//577
f 576//576 569//569 577//577
f 548//548 568//568 569//569
f 549//549 548//548 569//569
f 547//547 567//567 568//568
f 547//547 568//568 548//548
f 550//550 569//569 576//576
f 550//550 549//549 569//569
f 546//546 566//566 567//567
f 546//546 567//567 547//547
f 551//551 576//576 575//575
f 551//551 550//550 576//576
f 545//545 565//565 566//566
f 545//545 566//566 546//546
f 552//552 551//551 575//575
f 544//544 564//564 565//565
f 544//544 565//565 545//545
f 553//553 575//575 574//574
f 553//553 552//552 575//575
f 563//563 564//564 544//544
f 554//554 553//553 574//574
f 555//555 574//574 573//573
f 555//555 554//554 574//574
f 562//562 563//563 544//544
f 556//556 555//555 573//573
f 578//578 556//556 573//573
f 578//578 557//557 556//556
f 578//578 572//572 571//571
f 578//578 573//573 572//572
f 558//558 557//557 578//578
f 579//579 558//558 578//578
f 559//559 558//558 579//579
f 580//580 559//559 579//579
f 580//580 560//560 559//559
f 581//581 561//561 560//560
f 581//581 560//560 580//580
f 582//582 561//561 581//581
f 582//582 543//543 561//561
f 583//583 543//543 582//582
f 542//542 543//543 583//583
f 541//541 542//542 583//583
v 1685.000000 61.500000 1930.000000
v 1685.000000 76.500000 1930.000000
v 1699.000000 61.500000 1930.000000
v 1699.000000 76.500000 1930.000000
vn -0.000000 -0.000000 -1.000000
vn -0.000000 -0.000000 -1.000000
vn -0.000000 -0.000000 -1.000000
vn -0.000000 -0.000000 -1.000000
f 587//587 584//584 585//585
f 587//587 586//586 584//584
v 1699.000000 76.500000 1912.749878
v 1699.000000 76.500000 1930.000000
v 1685.000000 76.500000 1930.000000
v 1656.933105 76.500000 1941.500000
v 1661.687256 76.500000 1937.495972
v 1667.004272 76.500000 1934.276733
v 1672.755859 76.500000 1931.920044
v 1678.803101 76.500000 1930.482910
v 1635.494263 76.500000 1941.500000
v 1592.000000 76.500000 1918.000000
v 1600.547363 76.500000 1918.707275
v 1608.862305 76.500000 1920.809937
v 1616.718384 76.500000 1924.250732
v 1623.902100 76.500000 1928.936035
v 1630.218018 76.500000 1934.738403
v 1592.000000 76.500000 2022.000000
v 1582.970337 76.500000 2021.209961
v 1574.214966 76.500000 2018.864014
v 1566.000000 76.500000 2015.033325
v 1558.575073 76.500000 2009.834351
v 1552.165649 76.500000 2003.424927
v 1546.966675 76.500000 1996.000000
v 1543.135986 76.500000 1987.785034
v 1540.790039 76.500000 1979.029663
v 1540.000000 76.500000 1970.000000
v 1540.790039 76.500000 1960.970337
v 1543.135986 76.500000 1952.214966
v 1546.966675 76.500000 1944.000000
v 1552.165649 76.500000 1936.575073
v 1558.575073 76.500000 1930.165649
v 1566.000000 76.500000 1924.966675
v 1574.214966 76.500000 1921.135986
v 1582.970337 76.500000 1918.790039
v 1635.494263 76.500000 1998.500000
v 1630.218018 76.500000 2005.261597
v 1623.902100 76.500000 2011.063965
v 1616.718384 76.500000 2015.749268
v 1608.862305 76.500000 2019.190063
v 1600.547363 76.500000 2021.292725
v 1656.933105 76.500000 1998.500000
v 1685.000000 76.500000 2010.000000
v 1678.803101 76.500000 2009.517090
v 1672.755859 76.500000 2008.079956
v 1667.004272 76.500000 2005.723267
v 1661.687256 76.500000 2002.504028
v 1699.000000 76.500000 2010.000000
v 1699.000000 76.500000 2027.250122
v 1703.516113 76.500000 2033.243286
v 1698.099976 76.500000 2035.500000
v 1592.000000 76.500000 2035.500000
v 1582.753052 76.500000 2034.843994
v 1573.691406 76.500000 2032.889160
v 1564.996460 76.500000 2029.674561
v 1556.842407 76.500000 2025.264771
v 1549.392456 76.500000 2019.747925
v 1528.000000 76.500000 2001.425903
v 1528.000000 76.500000 1938.574097
v 1549.392456 76.500000 1920.252075
v 1556.842407 76.500000 1914.735229
v 1564.996460 76.500000 1910.325439
v 1573.691406 76.500000 1907.110840
v 1582.753052 76.500000 1905.156006
v 1592.000000 76.500000 1904.500000
v 1698.099976 76.500000 1904.500000
v 1703.516113 76.500000 1906.756714
vn 0.000000 -1.000000 0.000000
vn 0.000000 -1.000000 0.000000
vn 0.000000 -1.000000 0.000000
vn 0.000000 -1.000000 0.000000
vn 0.000000 -1.000000 0.000000
vn 0.000000 -1.000000 0.000000
vn 0.000000 -1.000000 0.000000
vn 0.000000 -1.000000 0.000000
vn 0.000000 -1.000000 0.000000
vn 0.000000 -1.000000 0.000000
vn 0.000000 -1.000000 0.000000
vn 0.000000 -1.000000 0.000000
vn 0.000000 -1.000000 0.000000
vn 0.000000 -1.000000 0.000000
vn 0.000000 -1.000000 0.000000
vn 0.000000 -1.000000 0.000000
vn 0.000000 -1.000000 0.000000
vn 0.000000 -1.000000 0.000000
vn 0.000000 -1.000000 0.000000
vn 0.000000 -1.000000 0.000000
vn 0.000000 -1.000000 0.000000
vn 0.000000 -1.000000 0.000000
vn 0.000000 -1.000000 0.000000
vn 0.000000 -1.000000 0.000000
vn 0.000000 -1.000000 0.000000
vn 0.000000 -1.000000 0.000000
vn 0.000000 -1.000000 0.000000
vn 0.000000 -1.000000 0.000000
vn 0.000000 -1.000000 0.000000
vn 0.000000 -1.000000 0.000000
vn 0.000000 -1.000000 0.000000
vn 0.000000 -1.000000 0.000000
vn 0.000000 -1.000000 0.000000
vn 0.000000 -1.000000 0.000000
vn 0.000000 -1.000000 0.000000
vn 0.000000 -1.000000 0.000000
vn 0.000000 -1.000000 0.000000
vn 0.000000 -1.000000 0.000000
vn 0.000000 -1.000000 0.000000
vn 0.000000 -1.000000 0.000000
vn 0.000000 -1.000000 0.000000
vn 0.000000 -1.000000 0.000000
vn 0.000000 -1.000000 0.000000
vn 0.000000 -1.000000 0.000000
vn 0.000000 -1.000000 0.000000
vn 0.000000 -1.000000 0.000000
vn 0.000000 -1.000000 0.000000
vn 0.000000 -1.000000 0.000000
vn 0.000000 -1.000000 0.000000
vn 0.000000 -1.000000 0.000000
vn 0.000000 -1.000000 0.000000
vn 0.000000 -1.000000 0.000000
vn 0.000000 -1.000000 0.000000
vn 0.000000 -1.000000 0.000000
vn 0.000000 -1.000000 0.000000
vn 0.000000 -1.000000 0.000000
vn 0.000000 -1.000000 0.000000
vn 0.000000 -1.000000 0.000000
vn 0.000000 -1.000000 0.000000
vn 0.000000 -1.000000 0.000000
vn 0.000000 -1.000000 0.000000
vn 0.000000 -1.000000 0.000000
vn 0.000000 -1.000000 0.000000
vn 0.000000 -1.000000 0.000000
vn 0.000000 -1.000000 0.000000
f 608//608 642//642 643//643
f 607//607 641//641 642//642
f 607//607 642//642 608//608
f 609//609 608//608 643//643
f 606//606 640//640 641//641
f 606//606 641//641 607//607
f 610//610 609//609 643//643
f 605//605 639//639 640//640
f 605//605 640//640 606//606
f 611//611 610//610 643//643
f 604//604 638//638 639//639
f 604//604 639//639 605//605
f 603//603 637//637 638//638
f 603//603 638//638 604//604
f 612//612 611//611 643//643
f 626//626 637//637 603//603
f 644//644 612//612 643//643
f 644//644 613//613 612//612
f 625//625 637//637 626//626
f 614//614 613//613 644//644
f 624//624 637//637 625//625
f 615//615 614//614 644//644
f 616//616 615//615 644//644
f 645//645 616//616 644//644
f 645//645 617//617 616//616
f 646//646 617//617 645//645
f 646//646 618//618 617//617
f 647//647 619//619 618//618
f 647//647 618//618 646//646
f 627//627 622//622 621//621
f 632//632 622//622 627//627
f 631//631 622//622 632//632
f 631//631 623//623 622//622
f 636//636 637//637 624//624
f 636//636 624//624 623//623
f 630//630 623//623 631//631
f 630//630 636//636 623//623
f 648//648 619//619 647//647
f 648//648 620//620 619//619
f 629//629 636//636 630//630
f 634//634 635//635 636//636
f 634//634 636//636 629//629
f 628//628 634//634 629//629
f 649//649 597//597 620//620
f 649//649 620//620 648//648
f 650//650 598//598 597//597
f 650//650 597//597 649//649
f 599//599 598//598 650//650
f 633//633 634//634 628//628
f 600//600 599//599 650//650
f 591//591 596//596 602//602
f 592//592 591//591 602//602
f 593//593 602//602 601//601
f 593//593 592//592 602//602
f 594//594 593//593 601//601
f 588//588 589//589 590//590
f 588//588 590//590 595//595
f 651//651 595//595 594//594
f 651//651 601//601 600//600
f 651//651 600//600 650//650
f 651//651 594//594 601//601
f 651//651 588//588 595//595
f 652//652 588//588 651//651
v 1699.000000 -76.500000 1920.000000
v 1699.000000 -76.500000 1933.668213
v 1693.336060 -76.500000 1920.000000
v 1695.422485 -76.500000 1924.472168
v 1697.311646 -76.500000 1929.031128
vn 0.000000 1.000000 0.000000
vn 0.000000 1.000000 0.000000
vn 0.000000 1.000000 0.000000
vn 0.000000 1.000000 0.000000
vn 0.000000 1.000000 0.000000
f 656//656 653//653 655//655
f 657//657 653//653 656//656
f 654//654 653//653 657//657
v 1699.000000 61.500000 2010.000000
v 1699.000000 76.500000 2010.000000
v 1685.000000 61.500000 2010.000000
v 1685.000000 76.500000 2010.000000
vn -0.000000 -0.000000 1.000000
vn -0.000000 -0.000000 1.000000
vn -0.000000 -0.000000 1.000000
vn -0.000000 -0.000000 1.000000
f 661//661 658//658 659//659
f 661//661 660//660 658//658
v 1685.000000 -22.500000 1998.500000
v 1685.000000 61.500000 1998.500000
v 1699.000000 61.500000 1998.500000
v 1699.000000 -36.500000 1998.500000
vn -0.000000 -0.000000 1.000000
vn -0.000000 -0.000000 1.000000
vn -0.000000 -0.000000 1.000000
vn -0.000000 -0.000000 1.000000
f 664//664 662//662 665//665
f 663//663 662//662 664//664
usemtl mat_2
v 1592.000000 -60.500000 1887.500000
v 1606.325928 -60.500000 1888.753418
v 1620.216675 -60.500000 1892.475342
v 1633.250000 -60.500000 1898.552856
v 1645.030029 -60.500000 1906.801392
v 1655.198608 -60.500000 1916.969971
v 1663.447144 -60.500000 1928.750000
v 1669.524658 -60.500000 1941.783325
v 1673.246582 -60.500000 1955.674072
v 1674.500000 -60.500000 1970.000000
v 1509.500000 -60.500000 1970.000000
v 1510.753418 -60.500000 1955.674072
v 1514.475342 -60.500000 1941.783325
v 1520.552856 -60.500000 1928.750000
v 1528.801392 -60.500000 1916.969971
v 1538.969971 -60.500000 1906.801392
v 1550.750000 -60.500000 1898.552856
v 1563.783325 -60.500000 1892.475342
v 1577.674072 -60.500000 1888.753418
v 1592.000000 -60.500000 2052.500000
v 1577.674072 -60.500000 2051.246582
v 1563.783325 -60.500000 2047.524658
v 1550.750000 -60.500000 2041.447144
v 1538.969971 -60.500000 2033.198608
v 1528.801392 -60.500000 2023.030029
v 1520.552856 -60.500000 2011.250000
v 1514.475342 -60.500000 1998.216675
v 1510.753418 -60.500000 1984.325928
v 1673.246582 -60.500000 1984.325928
v 1669.524658 -60.500000 1998.216675
v 1663.447144 -60.500000 2011.250000
v 1655.198608 -60.500000 2023.030029
v 1645.030029 -60.500000 2033.198608
v 1633.250000 -60.500000 2041.447144
v 1620.216675 -60.500000 2047.524658
v 1606.325928 -60.500000 2051.246582
vn -0.000000 1.000000 0.000000
vn -0.000000 1.000000 0.000000
vn -0.000000 1.000000 0.000000
vn -0.000000 1.000000 0.000000
vn -0.000000 1.000000 0.000000
vn -0.000000 1.000000 0.000000
vn -0.000000 1.000000 0.000000
vn -0.000000 1.000000 0.000000
vn -0.000000 1.000000 0.000000
vn -0.000000 1.000000 0.000000
vn -0.000000 1.000000 0.000000
vn -0.000000 1.000000 0.000000
vn -0.000000 1.000000 0.000000
vn -0.000000 1.000000 0.000000
vn -0.000000 1.000000 0.000000
vn -0.000000 1.000000 0.000000
vn -0.000000 1.000000 0.000000
vn -0.000000 1.000000 0.000000
vn -0.000000 1.000000 0.000000
vn -0.000000 1.000000 0.000000
vn -0.000000 1.000000 0.000000
vn -0.000000 1.000000 0.000000
vn -0.000000 1.000000 0.000000
vn -0.000000 1.000000 0.000000
vn -0.000000 1.000000 0.000000
vn -0.000000 1.000000 0.000000
vn -0.000000 1.000000 0.000000
vn -0.000000 1.000000 0.000000
vn -0.000000 1.000000 0.000000
vn -0.000000 1.000000 0.000000
vn -0.000000 1.000000 0.000000
vn -0.000000 1.000000 0.000000
vn -0.000000 1.000000 0.000000
vn -0.000000 1.000000 0.000000
vn -0.000000 1.000000 0.000000
vn -0.000000 1.000000 0.000000
f 668//668 670//670 669//669
f 673//673 671//671 670//670
f 673//673 672//672 671//671
f 666//666 668//668 667//667
f 666//666 670//670 668//668
f 696//696 674//674 673//673
f 696//696 675//675 674//674
f 696//696 694//694 675//675
f 696//696 695//695 694//694
f 682//682 684//684 683//683
f 682//682 666//666 684//684
f 681//681 670//670 666//666
f 681//681 666//666 682//682
f 699//699 697//697 696//696
f 699//699 698//698 697//697
f 700//700 673//673 670//670
f 700//700 696//696 673//673
f 700//700 699//699 696//696
f 700//700 670//670 681//681
f 685//685 681//681 680//680
f 685//685 701//701 700//700
f 685//685 700//700 681//681
f 686//686 685//685 680//680
f 691//691 693//693 692//692
f 691//691 676//676 693//693
f 689//689 687//687 686//686
f 689//689 688//688 687//687
f 689//689 686//686 680//680
f 690//690 677//677 676//676
f 690//690 678//678 677//677
f 690//690 679//679 678//678
f 690//690 680//680 679//679
f 690//690 676//676 691//691
f 690//690 689//689 680//680
usemtl mat_1
v 1744.500000 96.500000 1923.833374
v 1703.516113 96.500000 1906.756714
v 1707.854126 96.500000 1901.000000
v 1744.500000 96.500000 1901.000000
vn -0.000000 1.000000 -0.000000
vn -0.000000 1.000000 -0.000000
vn -0.000000 1.000000 -0.000000
vn -0.000000 1.000000 -0.000000
f 702//702 704//704 703//703
f 705//705 704//704 702//702
v 1712.375488 90.500000 1895.000000
v 1744.500000 90.500000 1895.000000
v 1744.500000 96.500000 1901.000000
v 1707.854126 96.500000 1901.000000
vn -0.000000 0.707107 -0.707107
vn -0.000000 0.707107 -0.707107
vn -0.000000 0.707107 -0.707107
vn -0.000000 0.707107 -0.707107
f 708//708 706//706 709//709
f 707//707 706//706 708//708
v 1712.375488 66.143784 1895.000000
v 1744.500000 66.143784 1895.000000
v 1744.500000 90.500000 1895.000000
v 1712.375488 90.500000 1895.000000
vn -0.000000 -0.000000 -1.000000
vn -0.000000 -0.000000 -1.000000
vn -0.000000 -0.000000 -1.000000
vn -0.000000 -0.000000 -1.000000
f 711//711 710//710 713//713
f 712//712 711//711 713//713
v 1722.925171 45.596054 1881.000000
v 1718.648560 55.290165 1886.675415
v 1715.628906 60.899353 1890.682495
v 1712.375488 66.143784 1895.000000
v 1744.500000 66.143784 1895.000000
v 1744.500000 45.596054 1881.000000
v 1744.500000 52.825623 1885.091553
v 1744.500000 59.690655 1889.768921
vn 0.000000 0.455961 -0.890000
vn 0.000000 0.552902 -0.833247
vn 0.000000 0.608994 -0.793175
vn 0.000000 0.661438 -0.750000
vn 0.000000 0.661438 -0.750000
vn 0.000000 0.455961 -0.890000
vn 0.000000 0.528256 -0.849085
vn 0.000000 0.596907 -0.802311
f 720//720 714//714 715//715
f 720//720 719//719 714//714
f 721//721 715//715 716//716
f 721//721 720//720 715//715
f 718//718 716//716 717//717
f 718//718 721//721 716//716
v 1722.925171 45.596054 1881.000000
v 1744.500000 45.596054 1881.000000
v 1722.925171 -45.596054 1881.000000
v 1744.500000 -45.596054 1881.000000
vn -0.000000 -0.000000 -1.000000
vn -0.000000 -0.000000 -1.000000
vn -0.000000 -0.000000 -1.000000
vn -0.000000 -0.000000 -1.000000
f 723//723 724//724 722//722
f 723//723 725//725 724//724
v 1744.500000 96.500000 1923.833374
v 1703.516113 96.500000 1906.756714
v 1703.516113 76.500000 1906.756714
v 1698.099976 76.500000 1904.500000
v 1698.099976 110.000000 1904.500000
v 1744.500000 110.000000 1923.833374
vn 0.384615 0.000000 -0.923077
vn 0.384615 0.000000 -0.923077
vn 0.384615 0.000000 -0.923077
vn 0.384615 0.000000 -0.923077
vn 0.384615 0.000000 -0.923077
vn 0.384615 0.000000 -0.923077
f 727//727 728//728 729//729
f 727//727 731//731 726//726
f 730//730 731//731 727//727
f 730//730 727//727 729//729
v 1744.500000 110.000000 1923.833374
v 1739.500000 115.000000 1927.166626
v 1739.500000 115.000000 2012.833374
v 1744.500000 110.000000 2016.166626
vn 0.707107 0.707107 -0.000000
vn 0.707107 0.707107 -0.000000
vn 0.707107 0.707107 -0.000000
vn 0.707107 0.707107 -0.000000
f 735//735 732//732 733//733
f 734//734 735//735 733//733
v 1703.516113 76.500000 2033.243286
v 1698.099976 76.500000 2035.500000
v 1703.516113 96.500000 2033.243286
v 1744.500000 96.500000 2016.166626
v 1744.500000 110.000000 2016.166626
v 1698.099976 110.000000 2035.500000
vn 0.384615 -0.000000 0.923077
vn 0.384615 -0.000000 0.923077
vn 0.384615 -0.000000 0.923077
vn 0.384615 -0.000000 0.923077
vn 0.384615 -0.000000 0.923077
vn 0.384615 -0.000000 0.923077
f 738//738 737//737 736//736
f 741//741 737//737 738//738
f 740//740 738//738 739//739
f 740//740 741//741 738//738
v 1703.516113 96.500000 2033.243286
v 1744.500000 96.500000 2016.166626
v 1744.500000 96.500000 2039.000000
v 1707.854126 96.500000 2039.000000
vn -0.000000 1.000000 -0.000000
vn -0.000000 1.000000 -0.000000
vn -0.000000 1.000000 -0.000000
vn -0.000000 1.000000 -0.000000
f 743//743 745//745 744//744
f 743//743 742//742 745//745
v 1744.500000 90.500000 2045.000000
v 1712.375488 90.500000 2045.000000
v 1707.854126 96.500000 2039.000000
v 1744.500000 96.500000 2039.000000
vn -0.000000 0.707107 0.707107
vn -0.000000 0.707107 0.707107
vn -0.000000 0.707107 0.707107
vn -0.000000 0.707107 0.707107
f 749//749 747//747 746//746
f 749//749 748//748 747//747
v 1712.375488 66.143784 2045.000000
v 1744.500000 66.143784 2045.000000
v 1712.375488 90.500000 2045.000000
v 1744.500000 90.500000 2045.000000
vn -0.000000 -0.000000 1.000000
vn -0.000000 -0.000000 1.000000
vn -0.000000 -0.000000 1.000000
vn -0.000000 -0.000000 1.000000
f 752//752 750//750 751//751
f 752//752 751//751 753//753
v 1712.375488 66.143784 2045.000000
v 1717.470459 57.576786 2051.761230
v 1720.336792 51.755516 2055.564941
v 1722.925171 45.596054 2059.000000
v 1744.500000 45.596054 2059.000000
v 1744.500000 66.143784 2045.000000
v 1744.500000 59.690655 2050.230957
v 1744.500000 52.825623 2054.908447
vn -0.000000 0.661438 0.750000
vn -0.000000 0.575768 0.817613
vn -0.000000 0.517555 0.855650
vn -0.000000 0.455961 0.890000
vn -0.000000 0.455961 0.890000
vn -0.000000 0.661438 0.750000
vn -0.000000 0.596907 0.802311
vn -0.000000 0.528256 0.849085
f 759//759 754//754 755//755
f 760//760 755//755 756//756
f 760//760 759//759 755//755
f 761//761 756//756 757//757
f 761//761 760//760 756//756
f 758//758 761//761 757//757
v 1722.925171 45.596054 2059.000000
v 1744.500000 45.596054 2059.000000
v 1744.500000 -45.596054 2059.000000
v 1722.925171 -45.596054 2059.000000
vn -0.000000 -0.000000 1.000000
vn -0.000000 -0.000000 1.000000
vn -0.000000 -0.000000 1.000000
vn -0.000000 -0.000000 1.000000
f 763//763 765//765 764//764
f 762//762 765//765 763//763
v 1708.490723 -96.000000 2039.000000
v 1718.680176 -96.000000 2017.782349
v 1725.041626 -96.000000 1995.119385
v 1727.321899 -96.000000 1974.364624
v 1726.651245 -96.000000 1955.854858
v 1723.460449 -96.000000 1937.608887
v 1717.809814 -96.000000 1919.970337
v 1713.520996 -96.000000 1910.302979
v 1708.490723 -96.000000 1901.000000
v 1744.500000 -96.000000 1901.000000
v 1744.500000 -96.000000 2039.000000
vn 0.000000 -1.000000 0.000000
vn 0.000000 -1.000000 0.000000
vn 0.000000 -1.000000 0.000000
vn 0.000000 -1.000000 0.000000
vn 0.000000 -1.000000 0.000000
vn 0.000000 -1.000000 0.000000
vn 0.000000 -1.000000 0.000000
vn 0.000000 -1.000000 0.000000
vn 0.000000 -1.000000 0.000000
vn 0.000000 -1.000000 0.000000
vn 0.000000 -1.000000 0.000000
f 776//776 766//766 767//767
f 768//768 776//776 767//767
f 769//769 776//776 768//768
f 775//775 770//770 771//771
f 775//775 771//771 772//772
f 775//775 772//772 773//773
f 775//775 773//773 774//774
f 775//775 776//776 769//769
f 775//775 769//769 770//770
usemtl mat_2
v 1769.500000 88.000000 1926.872314
v 1744.500000 88.000000 1926.872314
v 1744.500000 88.000000 2013.127686
v 1769.500000 88.000000 2013.127686
vn 0.000000 1.000000 0.000000
vn 0.000000 1.000000 0.000000
vn 0.000000 1.000000 0.000000
vn 0.000000 1.000000 0.000000
f 779//779 777//777 778//778
f 780//780 777//777 779//779
v 1769.500000 88.000000 1926.872314
v 1744.500000 88.000000 1926.872314
v 1769.500000 79.729202 1913.015259
v 1769.500000 69.296463 1900.703491
v 1769.500000 56.984688 1890.270752
v 1769.500000 43.127716 1882.000000
v 1744.500000 43.127716 1882.000000
v 1744.500000 56.984688 1890.270752
v 1744.500000 69.296463 1900.703491
v 1744.500000 79.729202 1913.015259
vn 0.000000 0.897959 -0.440079
vn 0.000000 0.897959 -0.440079
vn 0.000000 0.813563 -0.581476
vn 0.000000 0.707107 -0.707107
vn 0.000000 0.581476 -0.813563
vn 0.000000 0.440079 -0.897959
vn 0.000000 0.440079 -0.897959
vn 0.000000 0.581476 -0.813563
vn 0.000000 0.707107 -0.707107
vn 0.000000 0.813563 -0.581476
f 782//782 781//781 783//783
f 790//790 783//783 784//784
f 790//790 782//782 783//783
f 789//789 784//784 785//785
f 789//789 790//790 784//784
f 788//788 785//785 786//786
f 788//788 789//789 785//785
f 787//787 788//788 786//786
v 1769.500000 -43.127716 1882.000000
v 1744.500000 -43.127716 1882.000000
v 1744.500000 43.127716 1882.000000
v 1769.500000 43.127716 1882.000000
vn 0.000000 0.000000 -1.000000
vn 0.000000 0.000000 -1.000000
vn 0.000000 0.000000 -1.000000
vn 0.000000 0.000000 -1.000000
f 793//793 791//791 792//792
f 793//793 794//794 791//791
v 1769.500000 -88.000000 1926.872314
v 1744.500000 -88.000000 1926.872314
v 1744.500000 -79.729202 1913.015259
v 1744.500000 -69.296463 1900.703491
v 1744.500000 -56.984688 1890.270752
v 1744.500000 -43.127716 1882.000000
v 1769.500000 -43.127716 1882.000000
v 1769.500000 -56.984688 1890.270752
v 1769.500000 -69.296463 1900.703491
v 1769.500000 -79.729202 1913.015259
vn -0.000000 -0.897959 -0.440079
vn -0.000000 -0.897959 -0.440079
vn -0.000000 -0.813563 -0.581476
vn -0.000000 -0.707107 -0.707107
vn -0.000000 -0.581476 -0.813563
vn -0.000000 -0.440079 -0.897959
vn -0.000000 -0.440079 -0.897959
vn -0.000000 -0.581476 -0.813563
vn -0.000000 -0.707107 -0.707107
vn -0.000000 -0.813563 -0.581476
f 800//800 801//801 802//802
f 799//799 802//802 803//803
f 799//799 800//800 802//802
f 798//798 799//799 803//803
f 797//797 803//803 804//804
f 797//797 798//798 803//803
f 796//796 804//804 795//795
f 796//796 797//797 804//804
v 1769.500000 -88.000000 2013.127686
v 1744.500000 -88.000000 2013.127686
v 1744.500000 -88.000000 1926.872314
v 1769.500000 -88.000000 1926.872314
vn 0.000000 -1.000000 -0.000000
vn 0.000000 -1.000000 -0.000000
vn 0.000000 -1.000000 -0.000000
vn 0.000000 -1.000000 -0.000000
f 807//807 805//805 806//806
f 808//808 805//805 807//807
v 1769.500000 -88.000000 2013.127686
v 1744.500000 -88.000000 2013.127686
v 1769.500000 -79.729202 2026.984741
v 1769.500000 -69.296463 2039.296509
v 1769.500000 -56.984688 2049.729248
v 1769.500000 -43.127716 2058.000000
v 1744.500000 -43.127716 2058.000000
v 1744.500000 -56.984688 2049.729248
v 1744.500000 -69.296463 2039.296509
v 1744.500000 -79.729202 2026.984741
vn 0.000000 -0.897959 0.440079
vn 0.000000 -0.897959 0.440079
vn 0.000000 -0.813563 0.581476
vn 0.000000 -0.707107 0.707107
vn 0.000000 -0.581476 0.813563
vn 0.000000 -0.440079 0.897959
vn 0.000000 -0.440079 0.897959
vn 0.000000 -0.581476 0.813563
vn 0.000000 -0.707107 0.707107
vn 0.000000 -0.813563 0.581476
f 818//818 810//810 809//809
f 818//818 809//809 811//811
f 817//817 811//811 812//812
f 817//817 812//812 813//813
f 817//817 818//818 811//811
f 816//816 813//813 814//814
f 816//816 817//817 813//813
f 815//815 816//816 814//814
v 1769.500000 43.127716 2058.000000
v 1744.500000 43.127716 2058.000000
v 1744.500000 -43.127716 2058.000000
v 1769.500000 -43.127716 2058.000000
vn 0.000000 -0.000000 1.000000
vn 0.000000 -0.000000 1.000000
vn 0.000000 -0.000000 1.000000
vn 0.000000 -0.000000 1.000000
f 822//822 819//819 820//820
f 822//822 820//820 821//821
v 1769.500000 43.127716 2058.000000
v 1744.500000 43.127716 2058.000000
v 1769.500000 56.984688 2049.729248
v 1769.500000 69.296463 2039.296509
v 1769.500000 79.729202 2026.984741
v 1769.500000 88.000000 2013.127686
v 1744.500000 88.000000 2013.127686
v 1744.500000 79.729202 2026.984741
v 1744.500000 69.296463 2039.296509
v 1744.500000 56.984688 2049.729248
vn 0.000000 0.440079 0.897959
vn 0.000000 0.440079 0.897959
vn 0.000000 0.581476 0.813563
vn 0.000000 0.707107 0.707107
vn 0.000000 0.813563 0.581476
vn 0.000000 0.897959 0.440079
vn 0.000000 0.897959 0.440079
vn 0.000000 0.813563 0.581476
vn 0.000000 0.707107 0.707107
vn 0.000000 0.581476 0.813563
f 832//832 824//824 823//823
f 832//832 823//823 825//825
f 831//831 825//825 826//826
f 831//831 832//832 825//825
f 830//830 826//826 827//827
f 830//830 831//831 826//826
f 829//829 827//827 828//828
f 829//829 830//830 827//827
usemtl mat_1
v 1708.490723 -96.000000 2039.000000
v 1692.000000 -90.000000 2045.000000
v 1718.680176 -96.000000 2017.782349
v 1725.041626 -96.000000 1995.119385
v 1727.321899 -96.000000 1974.364624
v 1726.651245 -96.000000 1955.854858
v 1723.460449 -96.000000 1937.608887
v 1717.809814 -96.000000 1919.970337
v 1713.520996 -96.000000 1910.302979
v 1708.490723 -96.000000 1901.000000
v 1692.000000 -90.000000 1895.000000
v 1702.847656 -90.000000 2027.773315
v 1710.755859 -90.000000 2009.013062
v 1715.321655 -90.000000 1990.414551
v 1716.975342 -90.000000 1972.474854
v 1716.032959 -90.000000 1954.482544
v 1712.514282 -90.000000 1936.813843
v 1706.492188 -90.000000 1919.834961
v 1699.962402 -90.000000 1906.999146
vn -0.430197 -0.866025 -0.254815
vn -0.400000 -0.866025 -0.300000
vn -0.467827 -0.866025 -0.176458
vn -0.491319 -0.866025 -0.092769
vn -0.499740 -0.866025 -0.016120
vn -0.497264 -0.866025 0.052236
vn -0.485482 -0.866025 0.119614
vn -0.464614 -0.866025 0.184754
vn -0.448775 -0.866025 0.220457
vn -0.430197 -0.866025 0.254815
vn -0.400000 -0.866025 0.300000
vn -0.443392 -0.866025 -0.231093
vn -0.475023 -0.866025 -0.156056
vn -0.493287 -0.866025 -0.081660
vn -0.499902 -0.866025 -0.009901
vn -0.496133 -0.866025 0.062064
vn -0.482058 -0.866025 0.132740
vn -0.457970 -0.866025 0.200658
vn -0.431851 -0.866025 0.252001
f 842//842 851//851 843//843
f 841//841 850//850 851//851
f 841//841 851//851 842//842
f 840//840 850//850 841//841
f 849//849 850//850 840//840
f 839//839 849//849 840//840
f 848//848 849//849 839//839
f 838//838 848//848 839//839
f 847//847 848//848 838//838
f 837//837 847//847 838//838
f 846//846 847//847 837//837
f 836//836 846//846 837//837
f 845//845 846//846 836//836
f 835//835 845//845 836//836
f 844//844 845//845 835//835
f 833//833 844//844 835//835
f 834//834 844//844 833//833
v 1592.000000 -92.000000 2081.000000
v 1611.274902 -92.000000 2079.313721
v 1629.964233 -92.000000 2074.305908
v 1647.500000 -92.000000 2066.128906
v 1663.349365 -92.000000 2055.031006
v 1677.030884 -92.000000 2041.349365
v 1688.128784 -92.000000 2025.500000
v 1696.305908 -92.000000 2007.964233
v 1701.313721 -92.000000 1989.274902
v 1703.000000 -92.000000 1970.000000
v 1481.000000 -92.000000 1970.000000
v 1482.686279 -92.000000 1989.274902
v 1487.694092 -92.000000 2007.964233
v 1495.871216 -92.000000 2025.500000
v 1506.969116 -92.000000 2041.349365
v 1520.650635 -92.000000 2055.031006
v 1536.500000 -92.000000 2066.128906
v 1554.035767 -92.000000 2074.305908
v 1572.725098 -92.000000 2079.313721
v 1592.000000 -92.000000 1859.000000
v 1572.725098 -92.000000 1860.686279
v 1554.035767 -92.000000 1865.694092
v 1536.500000 -92.000000 1873.871216
v 1520.650635 -92.000000 1884.969116
v 1506.969116 -92.000000 1898.650635
v 1495.871216 -92.000000 1914.500000
v 1487.694092 -92.000000 1932.035767
v 1482.686279 -92.000000 1950.725098
v 1701.313721 -92.000000 1950.725098
v 1696.305908 -92.000000 1932.035767
v 1688.128784 -92.000000 1914.500000
v 1677.030884 -92.000000 1898.650635
v 1663.349365 -92.000000 1884.969116
v 1647.500000 -92.000000 1873.871216
v 1629.964233 -92.000000 1865.694092
v 1611.274902 -92.000000 1860.686279
v 1592.000000 -92.000000 1859.500000
v 1609.286011 -92.000000 1860.860474
v 1626.146362 -92.000000 1864.908203
v 1642.165894 -92.000000 1871.543823
v 1656.950317 -92.000000 1880.603638
v 1670.135254 -92.000000 1891.864746
v 1681.396362 -92.000000 1905.049683
v 1690.456177 -92.000000 1919.834106
v 1697.091797 -92.000000 1935.853638
v 1701.139526 -92.000000 1952.713989
v 1702.500000 -92.000000 1970.000000
v 1481.500000 -92.000000 1970.000000
v 1482.860474 -92.000000 1952.713989
v 1486.908203 -92.000000 1935.853638
v 1493.543823 -92.000000 1919.834106
v 1502.603638 -92.000000 1905.049683
v 1513.864746 -92.000000 1891.864746
v 1527.049683 -92.000000 1880.603638
v 1541.834106 -92.000000 1871.543823
v 1557.853638 -92.000000 1864.908203
v 1574.713989 -92.000000 1860.860474
v 1592.000000 -92.000000 2080.500000
v 1574.713989 -92.000000 2079.139648
v 1557.853638 -92.000000 2075.091797
v 1541.834106 -92.000000 2068.456299
v 1527.049683 -92.000000 2059.396484
v 1513.864746 -92.000000 2048.135254
v 1502.603638 -92.000000 2034.950317
v 1493.543823 -92.000000 2020.165894
v 1486.908203 -92.000000 2004.146362
v 1482.860474 -92.000000 1987.286011
v 1701.139526 -92.000000 1987.286011
v 1697.091797 -92.000000 2004.146362
v 1690.456177 -92.000000 2020.165894
v 1681.396362 -92.000000 2034.950317
v 1670.135254 -92.000000 2048.135254
v 1656.950317 -92.000000 2059.396484
v 1642.165894 -92.000000 2068.456299
v 1626.146362 -92.000000 2075.091797
v 1609.286011 -92.000000 2079.139648
vn 0.000000 -1.000000 0.000000
vn 0.000000 -1.000000 0.000000
vn 0.000000 -1.000000 0.000000
vn 0.000000 -1.000000 0.000000
vn 0.000000 -1.000000 0.000000
vn 0.000000 -1.000000 0.000000
vn 0.000000 -1.000000 0.000000
vn 0.000000 -1.000000 0.000000
vn 0.000000 -1.000000 0.000000
vn 0.000000 -1.000000 0.000000
vn 0.000000 -1.000000 0.000000
vn 0.000000 -1.000000 0.000000
vn 0.000000 -1.000000 0.000000
vn 0.000000 -1.000000 0.000000
vn 0.000000 -1.000000 0.000000
vn 0.000000 -1.000000 0.000000
vn 0.000000 -1.000000 0.000000
vn 0.000000 -1.000000 0.000000
vn 0.000000 -1.000000 0.000000
vn 0.000000 -1.000000 0.000000
vn 0.000000 -1.000000 0.000000
vn 0.000000 -1.000000 0.000000
vn 0.000000 -1.000000 0.000000
vn 0.000000 -1.000000 0.000000
vn 0.000000 -1.000000 0.000000
vn 0.000000 -1.000000 0.000000
vn 0.000000 -1.000000 0.000000
vn 0.000000 -1.000000 0.000000
vn 0.000000 -1.000000 0.000000
vn 0.000000 -1.000000 0.000000
vn 0.000000 -1.000000 0.000000
vn 0.000000 -1.000000 0.000000
vn 0.000000 -1.000000 0.000000
vn 0.000000 -1.000000 0.000000
vn 0.000000 -1.000000 0.000000
vn 0.000000 -1.000000 0.000000
vn 0.000000 -1.000000 0.000000
vn 0.000000 -1.000000 0.000000
vn 0.000000 -1.000000 0.000000
vn 0.000000 -1.000000 0.000000
vn 0.000000 -1.000000 0.000000
vn 0.000000 -1.000000 0.000000
vn 0.000000 -1.000000 0.000000
vn 0.000000 -1.000000 0.000000
vn 0.000000 -1.000000 0.000000
vn 0.000000 -1.000000 0.000000
vn 0.000000 -1.000000 0.000000
vn 0.000000 -1.000000 0.000000
vn 0.000000 -1.000000 0.000000
vn 0.000000 -1.000000 0.000000
vn 0.000000 -1.000000 0.000000
vn 0.000000 -1.000000 0.000000
vn 0.000000 -1.000000 0.000000
vn 0.000000 -1.000000 0.000000
vn 0.000000 -1.000000 0.000000
vn 0.000000 -1.000000 0.000000
vn 0.000000 -1.000000 0.000000
vn 0.000000 -1.000000 0.000000
vn 0.000000 -1.000000 0.000000
vn 0.000000 -1.000000 0.000000
vn 0.000000 -1.000000 0.000000
vn 0.000000 -1.000000 0.000000
vn 0.000000 -1.000000 0.000000
vn 0.000000 -1.000000 0.000000
vn 0.000000 -1.000000 0.000000
vn 0.000000 -1.000000 0.000000
vn 0.000000 -1.000000 0.000000
vn 0.000000 -1.000000 0.000000
vn 0.000000 -1.000000 0.000000
vn 0.000000 -1.000000 0.000000
vn 0.000000 -1.000000 0.000000
vn 0.000000 -1.000000 0.000000
vn 0.000000 -1.000000 0.000000
vn 0.000000 -1.000000 0.000000
vn 0.000000 -1.000000 0.000000
vn 0.000000 -1.000000 0.000000
f 915//915 914//914 866//866
f 913//913 867//867 914//914
f 916//916 915//915 865//865
f 912//912 868//868 913//913
f 864//864 916//916 865//865
f 917//917 916//916 864//864
f 911//911 869//869 912//912
f 870//870 869//869 911//911
f 863//863 917//917 864//864
f 918//918 917//917 863//863
f 910//910 870//870 911//911
f 852//852 870//870 910//910
f 862//862 918//918 863//863
f 899//899 918//918 862//862
f 909//909 852//852 910//910
f 900//900 899//899 862//862
f 927//927 852//852 909//909
f 853//853 852//852 927//927
f 879//879 900//900 862//862
f 901//901 900//900 879//879
f 926//926 853//853 927//927
f 854//854 853//853 926//926
f 878//878 901//901 879//879
f 902//902 901//901 878//878
f 925//925 854//854 926//926
f 855//855 854//854 925//925
f 877//877 902//902 878//878
f 903//903 902//902 877//877
f 924//924 855//855 925//925
f 856//856 855//855 924//924
f 904//904 903//903 876//876
f 923//923 856//856 924//924
f 905//905 904//904 875//875
f 922//922 857//857 923//923
f 906//906 905//905 874//874
f 921//921 858//858 922//922
f 907//907 906//906 873//873
f 920//920 859//859 921//921
f 872//872 907//907 873//873
f 908//908 907//907 872//872
f 919//919 860//860 920//920
f 871//871 888//888 908//908
f 871//871 908//908 872//872
f 861//861 860//860 919//919
f 861//861 919//919 898//898
f 897//897 861//861 898//898
f 889//889 888//888 871//871
f 880//880 861//861 897//897
f 887//887 889//889 871//871
f 896//896 880//880 897//897
f 890//890 889//889 887//887
f 886//886 890//890 887//887
f 895//895 881//881 896//896
f 891//891 890//890 886//886
f 885//885 891//891 886//886
f 894//894 882//882 895//895
f 892//892 891//891 885//885
f 883//883 894//894 893//893
f 884//884 892//892 885//885
f 884//884 893//893 892//892
f 857//857 856//856 923//923
f 858//858 857//857 922//922
f 859//859 858//858 921//921
f 860//860 859//859 920//920
f 866//866 865//865 915//915
f 867//867 866//866 914//914
f 868//868 867//867 913//913
f 869//869 868//868 912//912
f 874//874 873//873 906//906
f 875//875 874//874 905//905
f 876//876 875//875 904//904
f 877//877 876//876 903//903
f 881//881 880//880 896//896
f 882//882 881//881 895//895
f 883//883 882//882 894//894
f 884//884 883//883 893//893
v 1685.000000 -22.500000 1941.500000
v 1685.000000 61.500000 1941.500000
v 1685.000000 -22.500000 1998.500000
v 1678.927490 -16.427473 1997.845581
v 1672.888794 -10.388819 1995.798584
v 1668.909180 -6.409162 1993.523071
v 1664.839478 -2.339418 1990.144531
v 1662.007446 0.492495 1986.840210
v 1659.673828 2.826120 1983.070435
v 1658.374512 4.125467 1980.165405
v 1657.307129 5.192904 1976.734375
v 1656.712280 5.787778 1973.471313
v 1656.503662 5.996379 1970.454224
v 1656.616333 5.883618 1967.427124
v 1657.044434 5.455574 1964.456055
v 1657.766724 4.733302 1961.597778
v 1658.751831 3.748176 1958.896729
v 1659.963745 2.536224 1956.382446
v 1661.366333 1.133609 1954.071899
v 1663.476807 -0.976853 1951.318359
v 1666.104980 -3.605009 1948.663940
v 1668.929443 -6.429492 1946.463013
v 1671.892700 -9.392672 1944.692871
v 1675.979370 -13.479403 1942.965210
v 1679.872192 -17.372196 1941.965088
v 1682.445679 -19.945629 1941.614746
v 1685.000000 61.500000 1998.500000
v 1680.051025 61.500000 1998.067017
v 1675.252441 61.500000 1996.781250
v 1670.750000 61.500000 1994.681763
v 1666.680542 61.500000 1991.832275
v 1663.167725 61.500000 1988.319458
v 1660.318237 61.500000 1984.250000
v 1658.218750 61.500000 1979.747559
v 1656.932983 61.500000 1974.948975
v 1656.500000 61.500000 1970.000000
v 1656.932983 61.500000 1965.051025
v 1658.218750 61.500000 1960.252441
v 1660.318237 61.500000 1955.750000
v 1663.167725 61.500000 1951.680542
v 1666.680542 61.500000 1948.167725
v 1670.750000 61.500000 1945.318237
v 1675.252441 61.500000 1943.218750
v 1680.051025 61.500000 1941.932983
vn 0.000000 0.000000 -1.000000
vn 0.000000 0.000000 -1.000000
vn -0.000000 0.000000 1.000000
vn -0.213071 0.000000 0.977037
vn -0.424954 0.000000 0.905215
vn -0.564591 0.000000 0.825371
vn -0.707389 0.000000 0.706825
vn -0.806755 0.000000 0.590887
vn -0.888636 0.000000 0.458613
vn -0.934227 0.000000 0.356679
vn -0.971682 0.000000 0.236293
vn -0.992554 0.000000 0.121802
vn -0.999873 0.000000 0.015935
vn -0.995917 0.000000 -0.090276
vn -0.980898 0.000000 -0.194523
vn -0.955555 0.000000 -0.294814
vn -0.920989 0.000000 -0.389589
vn -0.878464 0.000000 -0.477808
vn -0.829249 0.000000 -0.558879
vn -0.755198 0.000000 -0.655497
vn -0.662982 0.000000 -0.748635
vn -0.563877 0.000000 -0.825859
vn -0.459906 0.000000 -0.887967
vn -0.316512 0.000000 -0.948588
vn -0.179924 0.000000 -0.983681
vn -0.089627 0.000000 -0.995975
vn -0.000000 0.000000 1.000000
vn -0.173648 0.000000 0.984808
vn -0.342020 0.000000 0.939693
vn -0.500000 0.000000 0.866025
vn -0.642788 0.000000 0.766044
vn -0.766044 0.000000 0.642788
vn -0.866025 0.000000 0.500000
vn -0.939693 0.000000 0.342020
vn -0.984808 0.000000 0.173648
vn -1.000000 0.000000 0.000000
vn -0.984808 0.000000 -0.173648
vn -0.939693 0.000000 -0.342020
vn -0.866025 0.000000 -0.500000
vn -0.766044 0.000000 -0.642788
vn -0.642788 0.000000 -0.766044
vn -0.500000 0.000000 -0.866025
vn -0.342020 0.000000 -0.939693
vn -0.173648 0.000000 -0.984808
f 929//929 928//928 953//953
f 971//971 952//952 951//951
f 971//971 953//953 952//952
f 971//971 929//929 953//953
f 970//970 951//951 950//950
f 970//970 971//971 951//951
f 969//969 950//950 949//949
f 969//969 970//970 950//950
f 968//968 948//948 947//947
f 968//968 949//949 948//948
f 968//968 969//969 949//949
f 967//967 947//947 946//946
f 967//967 968//968 947//947
f 966//966 945//945 944//944
f 966//966 946//946 945//945
f 966//966 967//967 946//946
f 965//965 944//944 943//943
f 965//965 966//966 944//944
f 964//964 942//942 941//941
f 964//964 943//943 942//942
f 964//964 965//965 943//943
f 963//963 940//940 939//939
f 963//963 941//941 940//940
f 963//963 964//964 941//941
f 962//962 939//939 938//938
f 962//962 963//963 939//939
f 961//961 962//962 938//938
f 961//961 937//937 936//936
f 961//961 938//938 937//937
f 960//960 961//961 936//936
f 960//960 936//936 935//935
f 959//959 935//935 934//934
f 959//959 960//960 935//935
f 958//958 934//934 933//933
f 958//958 959//959 934//934
f 957//957 933//933 932//932
f 957//957 958//958 933//933
f 956//956 932//932 931//931
f 956//956 957//957 932//932
f 955//955 931//931 930//930
f 955//955 956//956 931//931
f 954//954 955//955 930//930
v 1685.000000 61.500000 2010.000000
v 1678.803101 61.500000 2009.517090
v 1672.755859 61.500000 2008.079956
v 1667.004272 61.500000 2005.723267
v 1661.687256 61.500000 2002.504028
v 1656.933105 61.500000 1998.500000
v 1685.000000 76.500000 2010.000000
v 1678.803101 76.500000 2009.517090
v 1672.755859 76.500000 2008.079956
v 1667.004272 76.500000 2005.723267
v 1661.687256 76.500000 2002.504028
v 1656.933105 76.500000 1998.500000
vn -0.000000 0.000000 1.000000
vn -0.154922 0.000000 0.987927
vn -0.306103 0.000000 0.951998
vn -0.449892 0.000000 0.893083
vn -0.582819 0.000000 0.812602
vn -0.701672 0.000000 0.712500
vn -0.000000 0.000000 1.000000
vn -0.154922 0.000000 0.987927
vn -0.306103 0.000000 0.951998
vn -0.449892 0.000000 0.893083
vn -0.582819 0.000000 0.812602
vn -0.701672 0.000000 0.712500
f 983//983 977//977 976//976
f 982//982 976//976 975//975
f 982//982 983//983 976//976
f 981//981 975//975 974//974
f 981//981 982//982 975//975
f 980//980 974//974 973//973
f 980//980 981//981 974//974
f 979//979 973//973 972//972
f 979//979 980//980 973//973
f 978//978 979//979 972//972
v 1656.933105 61.500000 1998.500000
v 1635.494263 61.500000 1998.500000
v 1635.494263 76.500000 1998.500000
v 1656.933105 76.500000 1998.500000
vn 0.000000 -0.000000 1.000000
vn 0.000000 -0.000000 1.000000
vn 0.000000 -0.000000 1.000000
vn 0.000000 -0.000000 1.000000
f 986//986 985//985 984//984
f 986//986 984//984 987//987
v 1592.000000 53.000000 1918.000000
v 1592.000000 76.500000 1918.000000
v 1600.547363 76.500000 1918.707275
v 1608.862305 76.500000 1920.809937
v 1616.718384 76.500000 1924.250732
v 1623.902100 76.500000 1928.936035
v 1630.218018 76.500000 1934.738403
v 1635.494263 76.500000 1941.500000
v 1635.494263 61.500000 1941.500000
v 1639.600098 61.500000 1949.065918
v 1642.401367 61.500000 1957.205566
v 1643.821533 61.500000 1965.695923
v 1643.821533 61.500000 1974.304077
v 1642.401367 61.500000 1982.794434
v 1639.600098 61.500000 1990.934082
v 1635.494263 61.500000 1998.500000
v 1635.494263 76.500000 1998.500000
v 1630.218018 76.500000 2005.261597
v 1623.902100 76.500000 2011.063965
v 1616.718384 76.500000 2015.749268
v 1608.862305 76.500000 2019.190063
v 1600.547363 76.500000 2021.292725
v 1592.000000 76.500000 2022.000000
v 1592.000000 53.000000 2022.000000
v 1601.029663 53.000000 2021.209961
v 1609.785034 53.000000 2018.864014
v 1618.000000 53.000000 2015.033325
v 1625.424927 53.000000 2009.834351
v 1631.834351 53.000000 2003.424927
v 1637.033325 53.000000 1996.000000
v 1640.864014 53.000000 1987.785034
v 1643.209961 53.000000 1979.029663
v 1644.000000 53.000000 1970.000000
v 1643.209961 53.000000 1960.970337
v 1640.864014 53.000000 1952.214966
v 1637.033325 53.000000 1944.000000
v 1631.834351 53.000000 1936.575073
v 1625.424927 53.000000 1930.165649
v 1618.000000 53.000000 1924.966675
v 1609.785034 53.000000 1921.135986
v 1601.029663 53.000000 1918.790039
vn 0.000000 0.000000 -1.000000
vn 0.000000 0.000000 -1.000000
vn 0.164373 0.000000 -0.986398
vn 0.324274 0.000000 -0.945963
vn 0.475354 0.000000 -0.879795
vn 0.613503 0.000000 -0.789693
vn 0.734962 0.000000 -0.678108
vn 0.836428 0.000000 -0.548077
vn 0.836428 0.000000 -0.548077
vn 0.915386 0.000000 -0.402578
vn 0.969258 0.000000 -0.246046
vn 0.996569 0.000000 -0.082771
vn 0.996569 -0.000000 0.082771
vn 0.969258 -0.000000 0.246046
vn 0.915386 -0.000000 0.402578
vn 0.836428 -0.000000 0.548077
vn 0.836428 -0.000000 0.548077
vn 0.734962 -0.000000 0.678108
vn 0.613503 -0.000000 0.789693
vn 0.475354 -0.000000 0.879795
vn 0.324274 -0.000000 0.945963
vn 0.164373 -0.000000 0.986398
vn 0.000000 -0.000000 1.000000
vn 0.000000 -0.000000 1.000000
vn 0.173648 -0.000000 0.984808
vn 0.342020 -0.000000 0.939693
vn 0.500000 -0.000000 0.866025
vn 0.642788 -0.000000 0.766044
vn 0.766044 -0.000000 0.642788
vn 0.866025 -0.000000 0.500000
vn 0.939693 -0.000000 0.342020
vn 0.984808 -0.000000 0.173648
vn 1.000000 -0.000000 0.000000
vn 0.984808 0.000000 -0.173648
vn 0.939693 0.000000 -0.342020
vn 0.866025 0.000000 -0.500000
vn 0.766044 0.000000 -0.642788
vn 0.642788 0.000000 -0.766044
vn 0.500000 0.000000 -0.866025
vn 0.342020 0.000000 -0.939693
vn 0.173648 0.000000 -0.984808
f 1009//1009 1010//1010 1011//1011
f 1009//1009 1011//1011 1012//1012
f 1008//1008 1012//1012 1013//1013
f 1008//1008 1009//1009 1012//1012
f 1007//1007 1013//1013 1014//1014
f 1007//1007 1008//1008 1013//1013
f 1006//1006 1014//1014 1015//1015
f 1006//1006 1007//1007 1014//1014
f 1003//1003 1016//1016 1017//1017
f 1005//1005 1015//1015 1016//1016
f 1005//1005 1006//1006 1015//1015
f 1005//1005 1016//1016 1003//1003
f 1002//1002 1017//1017 1018//1018
f 1002//1002 1003//1003 1017//1017
f 1004//1004 1005//1005 1003//1003
f 1001//1001 1018//1018 1019//1019
f 1001//1001 1002//1002 1018//1018
f 1000//1000 1019//1019 1020//1020
f 1000//1000 1001//1001 1019//1019
f 999//999 1020//1020 1021//1021
f 999//999 1000//1000 1020//1020
f 998//998 1021//1021 1022//1022
f 998//998 999//999 1021//1021
f 997//997 1022//1022 1023//1023
f 997//997 998//998 1022//1022
f 996//996 1023//1023 1024//1024
f 996//996 997//997 1023//1023
f 994//994 996//996 1024//1024
f 994//994 995//995 996//996
f 994//994 1024//1024 1025//1025
f 993//993 994//994 1025//1025
f 993//993 1025//1025 1026//1026
f 992//992 993//993 1026//1026
f 992//992 1026//1026 1027//1027
f 991//991 992//992 1027//1027
f 991//991 1027//1027 1028//1028
f 990//990 991//991 1028//1028
f 990//990 1028//1028 988//988
f 989//989 990//990 988//988
v 1635.494263 76.500000 1941.500000
v 1656.933105 76.500000 1941.500000
v 1635.494263 61.500000 1941.500000
v 1656.933105 61.500000 1941.500000
vn 0.000000 -0.000000 -1.000000
vn 0.000000 -0.000000 -1.000000
vn 0.000000 -0.000000 -1.000000
vn 0.000000 -0.000000 -1.000000
f 1030//1030 1031//1031 1029//1029
f 1030//1030 1032//1032 1031//1031
v 1685.000000 61.500000 1930.000000
v 1685.000000 76.500000 1930.000000
v 1656.933105 61.500000 1941.500000
v 1661.687256 61.500000 1937.495972
v 1667.004272 61.500000 1934.276733
v 1672.755859 61.500000 1931.920044
v 1678.803101 61.500000 1930.482910
v 1656.933105 76.500000 1941.500000
v 1661.687256 76.500000 1937.495972
v 1667.004272 76.500000 1934.276733
v 1672.755859 76.500000 1931.920044
v 1678.803101 76.500000 1930.482910
vn -0.000000 0.000000 -1.000000
vn -0.000000 0.000000 -1.000000
vn -0.701672 0.000000 -0.712500
vn -0.582819 0.000000 -0.812602
vn -0.449892 0.000000 -0.893083
vn -0.306103 0.000000 -0.951998
vn -0.154922 0.000000 -0.987927
vn -0.701672 0.000000 -0.712500
vn -0.582819 0.000000 -0.812602
vn -0.449892 0.000000 -0.893083
vn -0.306103 0.000000 -0.951998
vn -0.154922 0.000000 -0.987927
f 1034//1034 1033//1033 1039//1039
f 1044//1044 1039//1039 1038//1038
f 1044//1044 1034//1034 1039//1039
f 1043//1043 1038//1038 1037//1037
f 1043//1043 1044//1044 1038//1038
f 1042//1042 1037//1037 1036//1036
f 1042//1042 1043//1043 1037//1037
f 1041//1041 1036//1036 1035//1035
f 1041//1041 1042//1042 1036//1036
f 1040//1040 1041//1041 1035//1035
v 1592.000000 53.000000 2022.000000
v 1592.000000 76.500000 2022.000000
v 1582.970337 76.500000 2021.209961
v 1574.214966 76.500000 2018.864014
v 1566.000000 76.500000 2015.033325
v 1558.575073 76.500000 2009.834351
v 1552.165649 76.500000 2003.424927
v 1546.966675 76.500000 1996.000000
v 1543.135986 76.500000 1987.785034
v 1540.790039 76.500000 1979.029663
v 1540.000000 76.500000 1970.000000
v 1540.790039 76.500000 1960.970337
v 1543.135986 76.500000 1952.214966
v 1546.966675 76.500000 1944.000000
v 1552.165649 76.500000 1936.575073
v 1558.575073 76.500000 1930.165649
v 1566.000000 76.500000 1924.966675
v 1574.214966 76.500000 1921.135986
v 1582.970337 76.500000 1918.790039
v 1592.000000 76.500000 1918.000000
v 1592.000000 53.000000 1918.000000
v 1582.970337 53.000000 1918.790039
v 1574.214966 53.000000 1921.135986
v 1566.000000 53.000000 1924.966675
v 1558.575073 53.000000 1930.165649
v 1552.165649 53.000000 1936.575073
v 1546.966675 53.000000 1944.000000
v 1543.135986 53.000000 1952.214966
v 1540.790039 53.000000 1960.970337
v 1540.000000 53.000000 1970.000000
v 1540.790039 53.000000 1979.029663
v 1543.135986 53.000000 1987.785034
v 1546.966675 53.000000 1996.000000
v 1552.165649 53.000000 2003.424927
v 1558.575073 53.000000 2009.834351
v 1566.000000 53.000000 2015.033325
v 1574.214966 53.000000 2018.864014
v 1582.970337 53.000000 2021.209961
vn -0.000000 0.000000 1.000000
vn -0.000000 0.000000 1.000000
vn -0.173648 0.000000 0.984808
vn -0.342020 0.000000 0.939693
vn -0.500000 0.000000 0.866025
vn -0.642788 0.000000 0.766044
vn -0.766044 0.000000 0.642788
vn -0.866025 0.000000 0.500000
vn -0.939693 0.000000 0.342020
vn -0.984808 0.000000 0.173648
vn -1.000000 0.000000 0.000000
vn -0.984808 0.000000 -0.173648
vn -0.939693 0.000000 -0.342020
vn -0.866025 0.000000 -0.500000
vn -0.766044 0.000000 -0.642788
vn -0.642788 0.000000 -0.766044
vn -0.500000 0.000000 -0.866025
vn -0.342020 0.000000 -0.939693
vn -0.173648 0.000000 -0.984808
vn 0.000000 0.000000 -1.000000
vn 0.000000 0.000000 -1.000000
vn -0.173648 0.000000 -0.984808
vn -0.342020 0.000000 -0.939693
vn -0.500000 0.000000 -0.866025
vn -0.642788 0.000000 -0.766044
vn -0.766044 0.000000 -0.642788
vn -0.866025 0.000000 -0.500000
vn -0.939693 0.000000 -0.342020
vn -0.984808 0.000000 -0.173648
vn -1.000000 0.000000 -0.000000
vn -0.984808 0.000000 0.173648
vn -0.939693 0.000000 0.342020
vn -0.866025 0.000000 0.500000
vn -0.766044 0.000000 0.642788
vn -0.642788 0.000000 0.766044
vn -0.500000 0.000000 0.866025
vn -0.342020 0.000000 0.939693
vn -0.173648 0.000000 0.984808
f 1064//1064 1065//1065 1066//1066
f 1063//1063 1066//1066 1067//1067
f 1063//1063 1064//1064 1066//1066
f 1062//1062 1067//1067 1068//1068
f 1062//1062 1063//1063 1067//1067
f 1061//1061 1068//1068 1069//1069
f 1061//1061 1062//1062 1068//1068
f 1060//1060 1069//1069 1070//1070
f 1060//1060 1061//1061 1069//1069
f 1059//1059 1070//1070 1071//1071
f 1059//1059 1060//1060 1070//1070
f 1058//1058 1071//1071 1072//1072
f 1058//1058 1059//1059 1071//1071
f 1057//1057 1072//1072 1073//1073
f 1057//1057 1058//1058 1072//1072
f 1056//1056 1073//1073 1074//1074
f 1056//1056 1057//1057 1073//1073
f 1055//1055 1074//1074 1075//1075
f 1055//1055 1056//1056 1074//1074
f 1054//1054 1075//1075 1076//1076
f 1054//1054 1055//1055 1075//1075
f 1053//1053 1076//1076 1077//1077
f 1053//1053 1054//1054 1076//1076
f 1052//1052 1077//1077 1078//1078
f 1052//1052 1053//1053 1077//1077
f 1051//1051 1052//1052 1078//1078
f 1050//1050 1078//1078 1079//1079
f 1050//1050 1079//1079 1080//1080
f 1050//1050 1051//1051 1078//1078
f 1049//1049 1050//1050 1080//1080
f 1049//1049 1080//1080 1081//1081
f 1048//1048 1049//1049 1081//1081
f 1047//1047 1048//1048 1081//1081
f 1047//1047 1081//1081 1082//1082
f 1047//1047 1082//1082 1045//1045
f 1046//1046 1047//1047 1045//1045
v 1698.099976 110.000000 2035.500000
v 1698.099976 76.500000 2035.500000
v 1592.000000 110.000000 2035.500000
v 1592.000000 76.500000 2035.500000
vn 0.000000 0.000000 1.000000
vn 0.000000 0.000000 1.000000
vn 0.000000 0.000000 1.000000
vn 0.000000 0.000000 1.000000
f 1084//1084 1085//1085 1086//1086
f 1083//1083 1085//1085 1084//1084
v 1592.000000 110.000000 2035.500000
v 1592.000000 76.500000 2035.500000
v 1582.753052 110.000000 2034.843994
v 1573.691406 110.000000 2032.889160
v 1564.996460 110.000000 2029.674561
v 1556.842407 110.000000 2025.264771
v 1549.392456 110.000000 2019.747925
v 1549.392456 76.500000 2019.747925
v 1582.753052 76.500000 2034.843994
v 1573.691406 76.500000 2032.889160
v 1564.996460 76.500000 2029.674561
v 1556.842407 76.500000 2025.264771
vn 0.000000 0.000000 1.000000
vn 0.000000 0.000000 1.000000
vn -0.141174 0.000000 0.989985
vn -0.279521 0.000000 0.960140
vn -0.412268 0.000000 0.911062
vn -0.536758 0.000000 0.843736
vn -0.650496 0.000000 0.759510
vn -0.650496 0.000000 0.759510
vn -0.141174 0.000000 0.989985
vn -0.279521 0.000000 0.960140
vn -0.412268 0.000000 0.911062
vn -0.536758 0.000000 0.843736
f 1095//1095 1088//1088 1087//1087
f 1095//1095 1087//1087 1089//1089
f 1096//1096 1089//1089 1090//1090
f 1096//1096 1095//1095 1089//1089
f 1097//1097 1090//1090 1091//1091
f 1097//1097 1096//1096 1090//1090
f 1098//1098 1091//1091 1092//1092
f 1098//1098 1097//1097 1091//1091
f 1094//1094 1092//1092 1093//1093
f 1094//1094 1098//1098 1092//1092
v 1549.392456 110.000000 2019.747925
v 1549.392456 76.500000 2019.747925
v 1528.000000 110.000000 2001.425903
v 1528.000000 76.500000 2001.425903
vn -0.650496 0.000000 0.759510
vn -0.650496 0.000000 0.759510
vn -0.650496 0.000000 0.759510
vn -0.650496 0.000000 0.759510
f 1099//1099 1101//1101 1102//1102
f 1099//1099 1102//1102 1100//1100
v 1528.000000 110.000000 2001.425903
v 1528.000000 76.500000 2001.425903
v 1528.000000 110.000000 1938.574097
v 1528.000000 76.500000 1938.574097
vn -1.000000 0.000000 0.000000
vn -1.000000 0.000000 0.000000
vn -1.000000 0.000000 0.000000
vn -1.000000 0.000000 0.000000
f 1103//1103 1105//1105 1106//1106
f 1103//1103 1106//1106 1104//1104
v 1528.000000 110.000000 1938.574097
v 1528.000000 76.500000 1938.574097
v 1549.392456 110.000000 1920.252075
v 1549.392456 76.500000 1920.252075
vn -0.650496 0.000000 -0.759510
vn -0.650496 0.000000 -0.759510
vn -0.650496 0.000000 -0.759510
vn -0.650496 0.000000 -0.759510
f 1109//1109 1110//1110 1108//1108
f 1107//1107 1109//1109 1108//1108
v 1549.392456 110.000000 1920.252075
v 1549.392456 76.500000 1920.252075
v 1556.842407 110.000000 1914.735229
v 1564.996460 110.000000 1910.325439
v 1573.691406 110.000000 1907.110840
v 1582.753052 110.000000 1905.156006
v 1592.000000 110.000000 1904.500000
v 1592.000000 76.500000 1904.500000
v 1556.842407 76.500000 1914.735229
v 1564.996460 76.500000 1910.325439
v 1573.691406 76.500000 1907.110840
v 1582.753052 76.500000 1905.156006
vn -0.650496 -0.000000 -0.759510
vn -0.650496 -0.000000 -0.759510
vn -0.536758 -0.000000 -0.843736
vn -0.412268 -0.000000 -0.911062
vn -0.279521 -0.000000 -0.960140
vn -0.141174 -0.000000 -0.989985
vn -0.000000 -0.000000 -1.000000
vn 0.000000 0.000000 -1.000000
vn -0.536758 -0.000000 -0.843736
vn -0.412268 -0.000000 -0.911062
vn -0.279521 -0.000000 -0.960140
vn -0.141174 -0.000000 -0.989985
f 1112//1112 1111//1111 1113//1113
f 1119//1119 1113//1113 1114//1114
f 1119//1119 1112//1112 1113//1113
f 1120//1120 1114//1114 1115//1115
f 1120//1120 1119//1119 1114//1114
f 1121//1121 1115//1115 1116//1116
f 1121//1121 1120//1120 1115//1115
f 1122//1122 1116//1116 1117//1117
f 1122//1122 1121//1121 1116//1116
f 1118//1118 1122//1122 1117//1117
v 1592.000000 110.000000 1904.500000
v 1592.000000 76.500000 1904.500000
v 1698.099976 110.000000 1904.500000
v 1698.099976 76.500000 1904.500000
vn 0.000000 0.000000 -1.000000
vn 0.000000 0.000000 -1.000000
vn 0.000000 0.000000 -1.000000
vn 0.000000 0.000000 -1.000000
f 1124//1124 1125//1125 1126//1126
f 1123//1123 1125//1125 1124//1124
v 1698.099976 110.000000 1904.500000
v 1697.099976 115.000000 1909.500000
v 1739.500000 115.000000 1927.166626
v 1744.500000 110.000000 1923.833374
vn 0.271964 0.707107 -0.652714
vn 0.271964 0.707107 -0.652714
vn 0.271964 0.707107 -0.652714
vn 0.271964 0.707107 -0.652714
f 1129//1129 1127//1127 1128//1128
f 1129//1129 1130//1130 1127//1127
v 1552.645020 115.000000 2015.950317
v 1561.095581 115.000000 2022.011108
v 1570.459839 115.000000 2026.535522
v 1579.591187 115.000000 2029.213745
v 1585.762329 115.000000 2030.177612
v 1592.000000 115.000000 2030.500000
v 1533.000000 115.000000 1999.125000
v 1533.000000 115.000000 1940.875000
v 1552.645020 115.000000 1924.049683
v 1592.000000 115.000000 1909.500000
v 1581.639160 115.000000 1910.393799
v 1571.583740 115.000000 1913.048950
v 1562.906250 115.000000 1916.954712
v 1557.592285 115.000000 1920.236938
v 1697.099976 115.000000 1909.500000
v 1739.500000 115.000000 1927.166626
v 1739.500000 115.000000 2012.833374
v 1697.099976 115.000000 2030.500000
vn -0.000000 1.000000 -0.000000
vn -0.000000 1.000000 -0.000000
vn -0.000000 1.000000 -0.000000
vn -0.000000 1.000000 -0.000000
vn -0.000000 1.000000 -0.000000
vn -0.000000 1.000000 -0.000000
vn -0.000000 1.000000 -0.000000
vn -0.000000 1.000000 -0.000000
vn -0.000000 1.000000 -0.000000
vn -0.000000 1.000000 -0.000000
vn -0.000000 1.000000 -0.000000
vn -0.000000 1.000000 -0.000000
vn -0.000000 1.000000 -0.000000
vn -0.000000 1.000000 -0.000000
vn -0.000000 1.000000 -0.000000
vn -0.000000 1.000000 -0.000000
vn -0.000000 1.000000 -0.000000
vn -0.000000 1.000000 -0.000000
f 1135//1135 1133//1133 1134//1134
f 1136//1136 1132//1132 1133//1133
f 1136//1136 1133//1133 1135//1135
f 1138//1138 1137//1137 1131//1131
f 1139//1139 1131//1131 1132//1132
f 1139//1139 1138//1138 1131//1131
f 1142//1142 1143//1143 1144//1144
f 1142//1142 1144//1144 1139//1139
f 1141//1141 1132//1132 1136//1136
f 1141//1141 1139//1139 1132//1132
f 1141//1141 1142//1142 1139//1139
f 1140//1140 1136//1136 1148//1148
f 1140//1140 1141//1141 1136//1136
f 1145//1145 1140//1140 1148//1148
f 1146//1146 1148//1148 1147//1147
f 1146//1146 1145//1145 1148//1148
v 1744.500000 110.000000 2016.166626
v 1739.500000 115.000000 2012.833374
v 1697.099976 115.000000 2030.500000
v 1698.099976 110.000000 2035.500000
vn 0.271964 0.707107 0.652714
vn 0.271964 0.707107 0.652714
vn 0.271964 0.707107 0.652714
vn 0.271964 0.707107 0.652714
f 1150//1150 1151//1151 1152//1152
f 1149//1149 1150//1150 1152//1152
usemtl mat_2
v 1769.500000 -88.000000 2013.127686
v 1769.500000 -79.729202 2026.984741
v 1769.500000 -69.296463 2039.296509
v 1769.500000 -56.984688 2049.729248
v 1769.500000 -43.127716 2058.000000
v 1769.500000 -88.000000 1926.872314
v 1769.500000 -43.127716 1882.000000
v 1769.500000 -56.984688 1890.270752
v 1769.500000 -69.296463 1900.703491
v 1769.500000 -79.729202 1913.015259
v 1769.500000 43.127716 1882.000000
v 1769.500000 88.000000 1926.872314
v 1769.500000 79.729202 1913.015259
v 1769.500000 69.296463 1900.703491
v 1769.500000 56.984688 1890.270752
v 1769.500000 88.000000 2013.127686
v 1769.500000 43.127716 2058.000000
v 1769.500000 56.984688 2049.729248
v 1769.500000 69.296463 2039.296509
v 1769.500000 79.729202 2026.984741
v 1769.500000 -0.000000 1890.000000
v 1769.500000 12.514757 1890.984985
v 1769.500000 24.721359 1893.915527
v 1769.500000 36.319241 1898.719482
v 1769.500000 47.022820 1905.278687
v 1769.500000 56.568542 1913.431396
v 1769.500000 64.721359 1922.977173
v 1769.500000 71.280525 1933.680786
v 1769.500000 76.084518 1945.278687
v 1769.500000 79.015068 1957.485229
v 1769.500000 80.000000 1970.000000
v 1769.500000 -80.000000 1970.000000
v 1769.500000 -79.015068 1957.485229
v 1769.500000 -76.084518 1945.278687
v 1769.500000 -71.280525 1933.680786
v 1769.500000 -64.721359 1922.977173
v 1769.500000 -56.568542 1913.431396
v 1769.500000 -47.022820 1905.278687
v 1769.500000 -36.319241 1898.719482
v 1769.500000 -24.721359 1893.915527
v 1769.500000 -12.514757 1890.984985
v 1769.500000 0.000000 2050.000000
v 1769.500000 -13.891854 2048.784668
v 1769.500000 -27.361612 2045.175415
v 1769.500000 -40.000000 2039.281982
v 1769.500000 -51.423008 2031.283569
v 1769.500000 -61.283554 2021.422974
v 1769.500000 -69.282036 2010.000000
v 1769.500000 -75.175407 1997.361572
v 1769.500000 -78.784622 1983.891846
v 1769.500000 78.784622 1983.891846
v 1769.500000 75.175407 1997.361572
v 1769.500000 69.282036 2010.000000
v 1769.500000 61.283554 2021.422974
v 1769.500000 51.423008 2031.283569
v 1769.500000 40.000000 2039.281982
v 1769.500000 27.361612 2045.175415
v 1769.500000 13.891854 2048.784668
vn 1.000000 -0.000000 0.000000
vn 1.000000 -0.000000 0.000000
vn 1.000000 -0.000000 0.000000
vn 1.000000 -0.000000 0.000000
vn 1.000000 -0.000000 0.000000
vn 1.000000 -0.000000 0.000000
vn 1.000000 -0.000000 0.000000
vn 1.000000 -0.000000 0.000000
vn 1.000000 -0.000000 0.000000
vn 1.000000 -0.000000 0.000000
vn 1.000000 -0.000000 0.000000
vn 1.000000 -0.000000 0.000000
vn 1.000000 -0.000000 0.000000
vn 1.000000 -0.000000 0.000000
vn 1.000000 -0.000000 0.000000
vn 1.000000 -0.000000 0.000000
vn 1.000000 -0.000000 0.000000
vn 1.000000 -0.000000 0.000000
vn 1.000000 -0.000000 0.000000
vn 1.000000 -0.000000 0.000000
vn 1.000000 -0.000000 0.000000
vn 1.000000 -0.000000 0.000000
vn 1.000000 -0.000000 0.000000
vn 1.000000 -0.000000 0.000000
vn 1.000000 -0.000000 0.000000
vn 1.000000 -0.000000 0.000000
vn 1.000000 -0.000000 0.000000
vn 1.000000 -0.000000 0.000000
vn 1.000000 -0.000000 0.000000
vn 1.000000 -0.000000 0.000000
vn 1.000000 -0.000000 0.000000
vn 1.000000 -0.000000 0.000000
vn 1.000000 -0.000000 0.000000
vn 1.000000 -0.000000 0.000000
vn 1.000000 -0.000000 0.000000
vn 1.000000 -0.000000 0.000000
vn 1.000000 -0.000000 0.000000
vn 1.000000 -0.000000 0.000000
vn 1.000000 -0.000000 0.000000
vn 1.000000 -0.000000 0.000000
vn 1.000000 -0.000000 0.000000
vn 1.000000 -0.000000 0.000000
vn 1.000000 -0.000000 0.000000
vn 1.000000 -0.000000 0.000000
vn 1.000000 -0.000000 0.000000
vn 1.000000 -0.000000 0.000000
vn 1.000000 -0.000000 0.000000
vn 1.000000 -0.000000 0.000000
vn 1.000000 -0.000000 0.000000
vn 1.000000 -0.000000 0.000000
vn 1.000000 -0.000000 0.000000
vn 1.000000 -0.000000 0.000000
vn 1.000000 -0.000000 0.000000
vn 1.000000 -0.000000 0.000000
vn 1.000000 -0.000000 0.000000
vn 1.000000 -0.000000 0.000000
vn 1.000000 -0.000000 0.000000
vn 1.000000 -0.000000 0.000000
f 1199//1199 1155//1155 1154//1154
f 1198//1198 1156//1156 1155//1155
f 1198//1198 1155//1155 1199//1199
f 1197//1197 1157//1157 1156//1156
f 1197//1197 1156//1156 1198//1198
f 1200//1200 1154//1154 1153//1153
f 1200//1200 1199//1199 1154//1154
f 1196//1196 1157//1157 1197//1197
f 1201//1201 1200//1200 1153//1153
f 1195//1195 1157//1157 1196//1196
f 1202//1202 1201//1201 1153//1153
f 1184//1184 1202//1202 1153//1153
f 1194//1194 1157//1157 1195//1195
f 1158//1158 1185//1185 1184//1184
f 1158//1158 1186//1186 1185//1185
f 1158//1158 1184//1184 1153//1153
f 1169//1169 1210//1210 1209//1209
f 1169//1169 1194//1194 1210//1210
f 1169//1169 1157//1157 1194//1194
f 1187//1187 1186//1186 1158//1158
f 1208//1208 1169//1169 1209//1209
f 1162//1162 1187//1187 1158//1158
f 1170//1170 1169//1169 1208//1208
f 1188//1188 1187//1187 1162//1162
f 1207//1207 1170//1170 1208//1208
f 1161//1161 1188//1188 1162//1162
f 1189//1189 1188//1188 1161//1161
f 1171//1171 1170//1170 1207//1207
f 1206//1206 1171//1171 1207//1207
f 1190//1190 1189//1189 1161//1161
f 1160//1160 1190//1190 1161//1161
f 1172//1172 1171//1171 1206//1206
f 1205//1205 1172//1172 1206//1206
f 1191//1191 1190//1190 1160//1160
f 1159//1159 1191//1191 1160//1160
f 1168//1168 1172//1172 1205//1205
f 1204//1204 1168//1168 1205//1205
f 1192//1192 1191//1191 1159//1159
f 1203//1203 1168//1168 1204//1204
f 1193//1193 1192//1192 1159//1159
f 1173//1173 1193//1193 1159//1159
f 1183//1183 1168//1168 1203//1203
f 1164//1164 1181//1181 1180//1180
f 1164//1164 1182//1182 1181//1181
f 1164//1164 1183//1183 1182//1182
f 1163//1163 1174//1174 1173//1173
f 1163//1163 1175//1175 1174//1174
f 1163//1163 1176//1176 1175//1175
f 1163//1163 1173//1173 1159//1159
f 1165//1165 1180//1180 1179//1179
f 1165//1165 1164//1164 1180//1180
f 1167//1167 1177//1177 1176//1176
f 1167//1167 1176//1176 1163//1163
f 1166//1166 1178//1178 1177//1177
f 1166//1166 1179//1179 1178//1178
f 1166//1166 1165//1165 1179//1179
f 1166//1166 1177//1177 1167//1167
f 1164//1164 1168//1168 1183//1183
v 1592.000000 -92.000000 2080.500000
v 1592.000000 -117.000000 2080.500000
v 1702.500000 -117.000000 1970.000000
v 1700.821289 -117.000000 1989.188110
v 1695.836060 -117.000000 2007.793213
v 1687.695801 -117.000000 2025.250000
v 1676.647949 -117.000000 2041.028076
v 1663.028076 -117.000000 2054.647949
v 1647.250000 -117.000000 2065.695801
v 1629.793213 -117.000000 2073.835938
v 1611.188110 -117.000000 2078.821289
v 1592.000000 -117.000000 1859.500000
v 1611.188110 -117.000000 1861.178711
v 1629.793213 -117.000000 1866.163940
v 1647.250000 -117.000000 1874.304199
v 1663.028076 -117.000000 1885.352051
v 1676.647949 -117.000000 1898.971924
v 1687.695801 -117.000000 1914.750000
v 1695.836060 -117.000000 1932.206787
v 1700.821289 -117.000000 1950.811890
v 1592.000000 -92.000000 1859.500000
v 1609.286011 -92.000000 1860.860474
v 1626.146362 -92.000000 1864.908203
v 1642.165894 -92.000000 1871.543823
v 1656.950317 -92.000000 1880.603638
v 1670.135254 -92.000000 1891.864746
v 1681.396362 -92.000000 1905.049683
v 1690.456177 -92.000000 1919.834106
v 1697.091797 -92.000000 1935.853638
v 1701.139526 -92.000000 1952.713989
v 1702.500000 -92.000000 1970.000000
v 1701.139526 -92.000000 1987.286011
v 1697.091797 -92.000000 2004.146362
v 1690.456177 -92.000000 2020.165894
v 1681.396362 -92.000000 2034.950317
v 1670.135254 -92.000000 2048.135254
v 1656.950317 -92.000000 2059.396484
v 1642.165894 -92.000000 2068.456299
v 1626.146362 -92.000000 2075.091797
v 1609.286011 -92.000000 2079.139648
vn -0.000000 0.000000 1.000000
vn 0.000000 0.000000 1.000000
vn 1.000000 0.000000 -0.000000
vn 0.984808 0.000000 0.173648
vn 0.939693 0.000000 0.342020
vn 0.866025 0.000000 0.500000
vn 0.766044 0.000000 0.642788
vn 0.642788 0.000000 0.766044
vn 0.500000 0.000000 0.866025
vn 0.342020 0.000000 0.939693
vn 0.173648 0.000000 0.984808
vn 0.000000 0.000000 -1.000000
vn 0.173648 0.000000 -0.984808
vn 0.342020 0.000000 -0.939693
vn 0.500000 0.000000 -0.866025
vn 0.642788 0.000000 -0.766044
vn 0.766044 0.000000 -0.642788
vn 0.866025 0.000000 -0.500000
vn 0.939693 0.000000 -0.342020
vn 0.984808 0.000000 -0.173648
vn 0.000000 0.000000 -1.000000
vn 0.156434 0.000000 -0.987688
vn 0.309017 0.000000 -0.951057
vn 0.453990 0.000000 -0.891007
vn 0.587785 0.000000 -0.809017
vn 0.707107 0.000000 -0.707107
vn 0.809017 0.000000 -0.587785
vn 0.891007 0.000000 -0.453990
vn 0.951057 0.000000 -0.309017
vn 0.987688 0.000000 -0.156434
vn 1.000000 0.000000 -0.000000
vn 0.987688 0.000000 0.156434
vn 0.951057 0.000000 0.309017
vn 0.891007 0.000000 0.453990
vn 0.809017 0.000000 0.587785
vn 0.707107 0.000000 0.707107
vn 0.587785 0.000000 0.809017
vn 0.453990 0.000000 0.891007
vn 0.309017 0.000000 0.951057
vn 0.156434 0.000000 0.987688
f 1222//1222 1231//1231 1232//1232
f 1223//1223 1232//1232 1233//1233
f 1223//1223 1222//1222 1232//1232
f 1224//1224 1233//1233 1234//1234
f 1224//1224 1223//1223 1233//1233
f 1225//1225 1234//1234 1235//1235
f 1225//1225 1224//1224 1234//1234
f 1226//1226 1235//1235 1236//1236
f 1226//1226 1225//1225 1235//1235
f 1227//1227 1236//1236 1237//1237
f 1227//1227 1226//1226 1236//1236
f 1228//1228 1237//1237 1238//1238
f 1228//1228 1227//1227 1237//1237
f 1229//1229 1238//1238 1239//1239
f 1229//1229 1228//1228 1238//1238
f 1230//1230 1239//1239 1240//1240
f 1230//1230 1229//1229 1239//1239
f 1213//1213 1240//1240 1241//1241
f 1213//1213 1241//1241 1242//1242
f 1213//1213 1230//1230 1240//1240
f 1214//1214 1242//1242 1243//1243
f 1214//1214 1213//1213 1242//1242
f 1215//1215 1243//1243 1244//1244
f 1215//1215 1214//1214 1243//1243
f 1216//1216 1244//1244 1245//1245
f 1216//1216 1215//1215 1244//1244
f 1217//1217 1245//1245 1246//1246
f 1217//1217 1216//1216 1245//1245
f 1218//1218 1217//1217 1246//1246
f 1218//1218 1246//1246 1247//1247
f 1219//1219 1218//1218 1247//1247
f 1219//1219 1247//1247 1248//1248
f 1220//1220 1219//1219 1248//1248
f 1220//1220 1248//1248 1249//1249
f 1221//1221 1220//1220 1249//1249
f 1221//1221 1249//1249 1250//1250
f 1212//1212 1221//1221 1250//1250
f 1212//1212 1250//1250 1211//1211
v 1592.000000 -92.000000 1859.500000
v 1592.000000 -117.000000 1859.500000
v 1481.500000 -117.000000 1970.000000
v 1483.178711 -117.000000 1950.811890
v 1488.163940 -117.000000 1932.206787
v 1496.304199 -117.000000 1914.750000
v 1507.352051 -117.000000 1898.971924
v 1520.971924 -117.000000 1885.352051
v 1536.750000 -117.000000 1874.304199
v 1554.206787 -117.000000 1866.163940
v 1572.811890 -117.000000 1861.178711
v 1592.000000 -117.000000 2080.500000
v 1572.811890 -117.000000 2078.821289
v 1554.206787 -117.000000 2073.835938
v 1536.750000 -117.000000 2065.695801
v 1520.971924 -117.000000 2054.647949
v 1507.352051 -117.000000 2041.028076
v 1496.304199 -117.000000 2025.250000
v 1488.163940 -117.000000 2007.793213
v 1483.178711 -117.000000 1989.188110
v 1592.000000 -92.000000 2080.500000
v 1574.713989 -92.000000 2079.139648
v 1557.853638 -92.000000 2075.091797
v 1541.834106 -92.000000 2068.456299
v 1527.049683 -92.000000 2059.396484
v 1513.864746 -92.000000 2048.135254
v 1502.603638 -92.000000 2034.950317
v 1493.543823 -92.000000 2020.165894
v 1486.908203 -92.000000 2004.146362
v 1482.860474 -92.000000 1987.286011
v 1481.500000 -92.000000 1970.000000
v 1482.860474 -92.000000 1952.713989
v 1486.908203 -92.000000 1935.853638
v 1493.543823 -92.000000 1919.834106
v 1502.603638 -92.000000 1905.049683
v 1513.864746 -92.000000 1891.864746
v 1527.049683 -92.000000 1880.603638
v 1541.834106 -92.000000 1871.543823
v 1557.853638 -92.000000 1864.908203
v 1574.713989 -92.000000 1860.860474
vn 0.000000 0.000000 -1.000000
vn -0.000000 -0.000000 -1.000000
vn -1.000000 0.000000 0.000000
vn -0.984808 -0.000000 -0.173648
vn -0.939693 -0.000000 -0.342020
vn -0.866025 -0.000000 -0.500000
vn -0.766044 -0.000000 -0.642788
vn -0.642788 -0.000000 -0.766044
vn -0.500000 -0.000000 -0.866025
vn -0.342020 -0.000000 -0.939693
vn -0.173648 -0.000000 -0.984808
vn 0.000000 0.000000 1.000000
vn -0.173648 0.000000 0.984808
vn -0.342020 0.000000 0.939693
vn -0.500000 0.000000 0.866025
vn -0.642788 0.000000 0.766044
vn -0.766044 0.000000 0.642788
vn -0.866025 0.000000 0.500000
vn -0.939693 0.000000 0.342020
vn -0.984808 0.000000 0.173648
vn 0.000000 0.000000 1.000000
vn -0.156434 0.000000 0.987688
vn -0.309017 0.000000 0.951057
vn -0.453990 0.000000 0.891007
vn -0.587785 0.000000 0.809017
vn -0.707107 0.000000 0.707107
vn -0.809017 0.000000 0.587785
vn -0.891007 0.000000 0.453990
vn -0.951057 0.000000 0.309017
vn -0.987688 0.000000 0.156434
vn -1.000000 0.000000 0.000000
vn -0.987688 -0.000000 -0.156434
vn -0.951057 -0.000000 -0.309017
vn -0.891007 -0.000000 -0.453990
vn -0.809017 -0.000000 -0.587785
vn -0.707107 -0.000000 -0.707107
vn -0.587785 -0.000000 -0.809017
vn -0.453990 -0.000000 -0.891007
vn -0.309017 -0.000000 -0.951057
vn -0.156434 -0.000000 -0.987688
f 1262//1262 1271//1271 1272//1272
f 1263//1263 1272//1272 1273//1273
f 1263//1263 1262//1262 1272//1272
f 1264//1264 1273//1273 1274//1274
f 1264//1264 1263//1263 1273//1273
f 1265//1265 1274//1274 1275//1275
f 1265//1265 1264//1264 1274//1274
f 1266//1266 1275//1275 1276//1276
f 1266//1266 1265//1265 1275//1275
f 1267//1267 1276//1276 1277//1277
f 1267//1267 1266//1266 1276//1276
f 1268//1268 1277//1277 1278//1278
f 1268//1268 1267//1267 1277//1277
f 1269//1269 1278//1278 1279//1279
f 1269//1269 1268//1268 1278//1278
f 1270//1270 1279//1279 1280//1280
f 1270//1270 1269//1269 1279//1279
f 1253//1253 1280//1280 1281//1281
f 1253//1253 1281//1281 1282//1282
f 1253//1253 1270//1270 1280//1280
f 1254//1254 1282//1282 1283//1283
f 1254//1254 1253//1253 1282//1282
f 1255//1255 1283//1283 1284//1284
f 1255//1255 1254//1254 1283//1283
f 1256//1256 1284//1284 1285//1285
f 1256//1256 1255//1255 1284//1284
f 1257//1257 1285//1285 1286//1286
f 1257//1257 1256//1256 1285//1285
f 1258//1258 1257//1257 1286//1286
f 1258//1258 1286//1286 1287//1287
f 1259//1259 1258//1258 1287//1287
f 1259//1259 1287//1287 1288//1288
f 1260//1260 1259//1259 1288//1288
f 1260//1260 1288//1288 1289//1289
f 1261//1261 1260//1260 1289//1289
f 1261//1261 1289//1289 1290//1290
f 1252//1252 1261//1261 1290//1290
f 1252//1252 1290//1290 1251//1251
usemtl mat_1
v 1592.000000 53.000000 2022.000000
v 1601.029663 53.000000 2021.209961
v 1609.785034 53.000000 2018.864014
v 1618.000000 53.000000 2015.033325
v 1625.424927 53.000000 2009.834351
v 1631.834351 53.000000 2003.424927
v 1637.033325 53.000000 1996.000000
v 1640.864014 53.000000 1987.785034
v 1643.209961 53.000000 1979.029663
v 1644.000000 53.000000 1970.000000
v 1540.000000 53.000000 1970.000000
v 1540.790039 53.000000 1979.029663
v 1543.135986 53.000000 1987.785034
v 1546.966675 53.000000 1996.000000
v 1552.165649 53.000000 2003.424927
v 1558.575073 53.000000 2009.834351
v 1566.000000 53.000000 2015.033325
v 1574.214966 53.000000 2018.864014
v 1582.970337 53.000000 2021.209961
v 1592.000000 53.000000 1918.000000
v 1582.970337 53.000000 1918.790039
v 1574.214966 53.000000 1921.135986
v 1566.000000 53.000000 1924.966675
v 1558.575073 53.000000 1930.165649
v 1552.165649 53.000000 1936.575073
v 1546.966675 53.000000 1944.000000
v 1543.135986 53.000000 1952.214966
v 1540.790039 53.000000 1960.970337
v 1643.209961 53.000000 1960.970337
v 1640.864014 53.000000 1952.214966
v 1637.033325 53.000000 1944.000000
v 1631.834351 53.000000 1936.575073
v 1625.424927 53.000000 1930.165649
v 1618.000000 53.000000 1924.966675
v 1609.785034 53.000000 1921.135986
v 1601.029663 53.000000 1918.790039
vn 0.000000 -1.000000 0.000000
vn 0.000000 -1.000000 0.000000
vn 0.000000 -1.000000 0.000000
vn 0.000000 -1.000000 0.000000
vn 0.000000 -1.000000 0.000000
vn 0.000000 -1.000000 0.000000
vn 0.000000 -1.000000 0.000000
vn 0.000000 -1.000000 0.000000
vn 0.000000 -1.000000 0.000000
vn 0.000000 -1.000000 0.000000
vn 0.000000 -1.000000 0.000000
vn 0.000000 -1.000000 0.000000
vn 0.000000 -1.000000 0.000000
vn 0.000000 -1.000000 0.000000
vn 0.000000 -1.000000 0.000000
vn 0.000000 -1.000000 0.000000
vn 0.000000 -1.000000 0.000000
vn 0.000000 -1.000000 0.000000
vn 0.000000 -1.000000 0.000000
vn 0.000000 -1.000000 0.000000
vn 0.000000 -1.000000 0.000000
vn 0.000000 -1.000000 0.000000
vn 0.000000 -1.000000 0.000000
vn 0.000000 -1.000000 0.000000
vn 0.000000 -1.000000 0.000000
vn 0.000000 -1.000000 0.000000
vn 0.000000 -1.000000 0.000000
vn 0.000000 -1.000000 0.000000
vn 0.000000 -1.000000 0.000000
vn 0.000000 -1.000000 0.000000
vn 0.000000 -1.000000 0.000000
vn 0.000000 -1.000000 0.000000
vn 0.000000 -1.000000 0.000000
vn 0.000000 -1.000000 0.000000
vn 0.000000 -1.000000 0.000000
vn 0.000000 -1.000000 0.000000
f 1291//1291 1305//1305 1304//1304
f 1291//1291 1306//1306 1305//1305
f 1291//1291 1307//1307 1306//1306
f 1291//1291 1308//1308 1307//1307
f 1291//1291 1309//1309 1308//1308
f 1301//1301 1303//1303 1302//1302
f 1301//1301 1304//1304 1303//1303
f 1318//1318 1304//1304 1301//1301
f 1294//1294 1292//1292 1291//1291
f 1294//1294 1293//1293 1292//1292
f 1294//1294 1291//1291 1304//1304
f 1294//1294 1304//1304 1318//1318
f 1316//1316 1318//1318 1317//1317
f 1316//1316 1294//1294 1318//1318
f 1314//1314 1316//1316 1315//1315
f 1313//1313 1316//1316 1314//1314
f 1298//1298 1295//1295 1294//1294
f 1298//1298 1296//1296 1295//1295
f 1298//1298 1297//1297 1296//1296
f 1299//1299 1298//1298 1294//1294
f 1310//1310 1312//1312 1311//1311
f 1310//1310 1313//1313 1312//1312
f 1319//1319 1300//1300 1299//1299
f 1326//1326 1313//1313 1310//1310
f 1320//1320 1319//1319 1299//1299
f 1322//1322 1321//1321 1320//1320
f 1322//1322 1326//1326 1325//1325
f 1322//1322 1294//1294 1316//1316
f 1322//1322 1316//1316 1313//1313
f 1322//1322 1299//1299 1294//1294
f 1322//1322 1320//1320 1299//1299
f 1322//1322 1313//1313 1326//1326
f 1323//1323 1325//1325 1324//1324
f 1323//1323 1322//1322 1325//1325
v 1592.000000 115.000000 2030.500000
v 1592.000000 110.000000 2035.500000
v 1698.099976 110.000000 2035.500000
v 1697.099976 115.000000 2030.500000
vn -0.000000 0.707107 0.707107
vn -0.000000 0.707107 0.707107
vn -0.000000 0.707107 0.707107
vn -0.000000 0.707107 0.707107
f 1330//1330 1327//1327 1328//1328
f 1329//1329 1330//1330 1328//1328
v 1552.645020 115.000000 2015.950317
v 1549.392456 110.000000 2019.747925
v 1592.000000 110.000000 2035.500000
v 1582.753052 110.000000 2034.843994
v 1573.691406 110.000000 2032.889160
v 1564.996460 110.000000 2029.674561
v 1556.842407 110.000000 2025.264771
v 1592.000000 115.000000 2030.500000
v 1561.095581 115.000000 2022.011108
v 1570.459839 115.000000 2026.535522
v 1579.591187 115.000000 2029.213745
v 1585.762329 115.000000 2030.177612
vn -0.459970 0.707107 0.537054
vn -0.459970 0.707107 0.537054
vn 0.000000 0.707107 0.707107
vn -0.099825 0.707107 0.700025
vn -0.197651 0.707107 0.678921
vn -0.291518 0.707107 0.644218
vn -0.379545 0.707107 0.596612
vn 0.000000 0.707107 0.707107
vn -0.361203 0.707107 0.607892
vn -0.251763 0.707107 0.660769
vn -0.145037 0.707107 0.692072
vn -0.072907 0.707107 0.703338
f 1333//1333 1338//1338 1342//1342
f 1334//1334 1342//1342 1341//1341
f 1334//1334 1333//1333 1342//1342
f 1335//1335 1341//1341 1340//1340
f 1335//1335 1334//1334 1341//1341
f 1336//1336 1340//1340 1339//1339
f 1336//1336 1335//1335 1340//1340
f 1337//1337 1336//1336 1339//1339
f 1331//1331 1337//1337 1339//1339
f 1332//1332 1337//1337 1331//1331
v 1533.000000 115.000000 1999.125000
v 1552.645020 115.000000 2015.950317
v 1528.000000 110.000000 2001.425903
v 1549.392456 110.000000 2019.747925
vn -0.459970 0.707107 0.537054
vn -0.459970 0.707107 0.537054
vn -0.459970 0.707107 0.537054
vn -0.459970 0.707107 0.537054
f 1346//1346 1344//1344 1343//1343
f 1346//1346 1343//1343 1345//1345
v 1533.000000 115.000000 1940.875000
v 1528.000000 110.000000 1938.574097
v 1528.000000 110.000000 2001.425903
v 1533.000000 115.000000 1999.125000
vn -0.707107 0.707107 0.000000
vn -0.707107 0.707107 0.000000
vn -0.707107 0.707107 0.000000
vn -0.707107 0.707107 0.000000
f 1349//1349 1347//1347 1348//1348
f 1349//1349 1350//1350 1347//1347
v 1533.000000 115.000000 1940.875000
v 1528.000000 110.000000 1938.574097
v 1552.645020 115.000000 1924.049683
v 1549.392456 110.000000 1920.252075
vn -0.459970 0.707107 -0.537054
vn -0.459970 0.707107 -0.537054
vn -0.459970 0.707107 -0.537054
vn -0.459970 0.707107 -0.537054
f 1351//1351 1354//1354 1352//1352
f 1353//1353 1354//1354 1351//1351
v 1549.392456 110.000000 1920.252075
v 1552.645020 115.000000 1924.049683
v 1592.000000 115.000000 1909.500000
v 1581.639160 115.000000 1910.393799
v 1571.583740 115.000000 1913.048950
v 1562.906250 115.000000 1916.954712
v 1557.592285 115.000000 1920.236938
v 1592.000000 110.000000 1904.500000
v 1556.842407 110.000000 1914.735229
v 1564.996460 110.000000 1910.325439
v 1573.691406 110.000000 1907.110840
v 1582.753052 110.000000 1905.156006
vn -0.459970 0.707107 -0.537054
vn -0.459970 0.707107 -0.537054
vn 0.000000 0.707107 -0.707107
vn -0.121094 0.707107 -0.696661
vn -0.238611 0.707107 -0.665631
vn -0.340033 0.707107 -0.619982
vn -0.402145 0.707107 -0.581618
vn 0.000000 0.707107 -0.707107
vn -0.379545 0.707107 -0.596612
vn -0.291518 0.707107 -0.644218
vn -0.197651 0.707107 -0.678921
vn -0.099825 0.707107 -0.700025
f 1355//1355 1356//1356 1361//1361
f 1363//1363 1361//1361 1360//1360
f 1363//1363 1355//1355 1361//1361
f 1364//1364 1360//1360 1359//1359
f 1364//1364 1363//1363 1360//1360
f 1365//1365 1359//1359 1358//1358
f 1365//1365 1364//1364 1359//1359
f 1366//1366 1365//1365 1358//1358
f 1357//1357 1366//1366 1358//1358
f 1362//1362 1366//1366 1357//1357
v 1592.000000 115.000000 1909.500000
v 1592.000000 110.000000 1904.500000
v 1697.099976 115.000000 1909.500000
v 1698.099976 110.000000 1904.500000
vn 0.000000 0.707107 -0.707107
vn 0.000000 0.707107 -0.707107
vn 0.000000 0.707107 -0.707107
vn 0.000000 0.707107 -0.707107
f 1369//1369 1368//1368 1367//1367
f 1369//1369 1370//1370 1368//1368
usemtl mat_2
v 1795.500000 0.000000 1890.000000
v 1769.500000 -0.000000 1890.000000
v 1769.500000 12.514757 1890.984985
v 1769.500000 24.721359 1893.915527
v 1769.500000 36.319241 1898.719482
v 1769.500000 47.022820 1905.278687
v 1769.500000 56.568542 1913.431396
v 1769.500000 64.721359 1922.977173
v 1769.500000 71.280525 1933.680786
v 1769.500000 76.084518 1945.278687
v 1769.500000 79.015068 1957.485229
v 1769.500000 80.000000 1970.000000
v 1769.500000 78.784622 1983.891846
v 1769.500000 75.175407 1997.361572
v 1769.500000 69.282036 2010.000000
v 1769.500000 61.283554 2021.422974
v 1769.500000 51.423008 2031.283569
v 1769.500000 40.000000 2039.281982
v 1769.500000 27.361612 2045.175415
v 1769.500000 13.891854 2048.784668
v 1769.500000 0.000000 2050.000000
v 1795.500000 0.000000 2050.000000
v 1795.500000 13.891854 2048.784668
v 1795.500000 27.361612 2045.175415
v 1795.500000 40.000000 2039.281982
v 1795.500000 51.423008 2031.283569
v 1795.500000 61.283554 2021.422974
v 1795.500000 69.282036 2010.000000
v 1795.500000 75.175407 1997.361572
v 1795.500000 78.784622 1983.891846
v 1795.500000 80.000000 1970.000000
v 1795.500000 78.784622 1956.108154
v 1795.500000 75.175407 1942.638428
v 1795.500000 69.282036 1930.000000
v 1795.500000 61.283554 1918.577026
v 1795.500000 51.423008 1908.716431
v 1795.500000 40.000000 1900.718018
v 1795.500000 27.361612 1894.824585
v 1795.500000 13.891854 1891.215332
vn 0.000000 0.000000 -1.000000
vn -0.000000 -0.000000 -1.000000
vn 0.000000 0.156434 -0.987688
vn 0.000000 0.309017 -0.951057
vn 0.000000 0.453990 -0.891007
vn 0.000000 0.587785 -0.809017
vn 0.000000 0.707107 -0.707107
vn 0.000000 0.809017 -0.587785
vn 0.000000 0.891007 -0.453990
vn 0.000000 0.951057 -0.309017
vn 0.000000 0.987688 -0.156434
vn 0.000000 1.000000 0.000000
vn 0.000000 0.984808 0.173648
vn 0.000000 0.939693 0.342020
vn 0.000000 0.866025 0.500000
vn 0.000000 0.766044 0.642788
vn 0.000000 0.642788 0.766044
vn 0.000000 0.500000 0.866025
vn 0.000000 0.342020 0.939693
vn 0.000000 0.173648 0.984808
vn 0.000000 0.000000 1.000000
vn 0.000000 0.000000 1.000000
vn 0.000000 0.173648 0.984808
vn 0.000000 0.342020 0.939693
vn 0.000000 0.500000 0.866025
vn 0.000000 0.642788 0.766044
vn 0.000000 0.766044 0.642788
vn 0.000000 0.866025 0.500000
vn 0.000000 0.939693 0.342020
vn 0.000000 0.984808 0.173648
vn 0.000000 1.000000 0.000000
vn 0.000000 0.984808 -0.173648
vn 0.000000 0.939693 -0.342020
vn 0.000000 0.866025 -0.500000
vn 0.000000 0.766044 -0.642788
vn 0.000000 0.642788 -0.766044
vn 0.000000 0.500000 -0.866025
vn 0.000000 0.342020 -0.939693
vn 0.000000 0.173648 -0.984808
f 1391//1391 1392//1392 1393//1393
f 1390//1390 1393//1393 1394//1394
f 1390//1390 1391//1391 1393//1393
f 1389//1389 1394//1394 1395//1395
f 1389//1389 1390//1390 1394//1394
f 1388//1388 1395//1395 1396//1396
f 1388//1388 1389//1389 1395//1395
f 1387//1387 1396//1396 1397//1397
f 1387//1387 1388//1388 1396//1396
f 1386//1386 1397//1397 1398//1398
f 1386//1386 1387//1387 1397//1397
f 1385//1385 1398//1398 1399//1399
f 1385//1385 1386//1386 1398//1398
f 1384//1384 1399//1399 1400//1400
f 1384//1384 1385//1385 1399//1399
f 1383//1383 1384//1384 1400//1400
f 1382//1382 1400//1400 1401//1401
f 1382//1382 1383//1383 1400//1400
f 1381//1381 1401//1401 1402//1402
f 1381//1381 1382//1382 1401//1401
f 1380//1380 1402//1402 1403//1403
f 1380//1380 1381//1381 1402//1402
f 1379//1379 1403//1403 1404//1404
f 1379//1379 1380//1380 1403//1403
f 1378//1378 1404//1404 1405//1405
f 1378//1378 1379//1379 1404//1404
f 1377//1377 1405//1405 1406//1406
f 1377//1377 1378//1378 1405//1405
f 1376//1376 1377//1377 1406//1406
f 1376//1376 1406//1406 1407//1407
f 1375//1375 1376//1376 1407//1407
f 1375//1375 1407//1407 1408//1408
f 1374//1374 1375//1375 1408//1408
f 1374//1374 1408//1408 1409//1409
f 1373//1373 1374//1374 1409//1409
f 1373//1373 1409//1409 1371//1371
f 1372//1372 1373//1373 1371//1371
v 1795.500000 0.000000 2050.000000
v 1769.500000 0.000000 2050.000000
v 1769.500000 -13.891854 2048.784668
v 1769.500000 -27.361612 2045.175415
v 1769.500000 -40.000000 2039.281982
v 1769.500000 -51.423008 2031.283569
v 1769.500000 -61.283554 2021.422974
v 1769.500000 -69.282036 2010.000000
v 1769.500000 -75.175407 1997.361572
v 1769.500000 -78.784622 1983.891846
v 1769.500000 -80.000000 1970.000000
v 1769.500000 -79.015068 1957.485229
v 1769.500000 -76.084518 1945.278687
v 1769.500000 -71.280525 1933.680786
v 1769.500000 -64.721359 1922.977173
v 1769.500000 -56.568542 1913.431396
v 1769.500000 -47.022820 1905.278687
v 1769.500000 -36.319241 1898.719482
v 1769.500000 -24.721359 1893.915527
v 1769.500000 -12.514757 1890.984985
v 1769.500000 -0.000000 1890.000000
v 1795.500000 0.000000 1890.000000
v 1795.500000 -13.891854 1891.215332
v 1795.500000 -27.361612 1894.824585
v 1795.500000 -40.000000 1900.718018
v 1795.500000 -51.423008 1908.716431
v 1795.500000 -61.283554 1918.577026
v 1795.500000 -69.282036 1930.000000
v 1795.500000 -75.175407 1942.638428
v 1795.500000 -78.784622 1956.108154
v 1795.500000 -80.000000 1970.000000
v 1795.500000 -78.784622 1983.891846
v 1795.500000 -75.175407 1997.361572
v 1795.500000 -69.282036 2010.000000
v 1795.500000 -61.283554 2021.422974
v 1795.500000 -51.423008 2031.283569
v 1795.500000 -40.000000 2039.281982
v 1795.500000 -27.361612 2045.175415
v 1795.500000 -13.891854 2048.784668
vn 0.000000 -0.000000 1.000000
vn 0.000000 -0.000000 1.000000
vn 0.000000 -0.173648 0.984808
vn 0.000000 -0.342020 0.939693
vn 0.000000 -0.500000 0.866025
vn 0.000000 -0.642788 0.766044
vn 0.000000 -0.766044 0.642788
vn 0.000000 -0.866025 0.500000
vn 0.000000 -0.939693 0.342020
vn 0.000000 -0.984808 0.173648
vn -0.000000 -1.000000 -0.000000
vn -0.000000 -0.987688 -0.156434
vn -0.000000 -0.951057 -0.309017
vn -0.000000 -0.891007 -0.453990
vn -0.000000 -0.809017 -0.587785
vn -0.000000 -0.707107 -0.707107
vn -0.000000 -0.587785 -0.809017
vn -0.000000 -0.453990 -0.891007
vn -0.000000 -0.309017 -0.951057
vn -0.000000 -0.156434 -0.987688
vn 0.000000 0.000000 -1.000000
vn 0.000000 0.000000 -1.000000
vn -0.000000 -0.173648 -0.984808
vn -0.000000 -0.342020 -0.939693
vn -0.000000 -0.500000 -0.866025
vn -0.000000 -0.642788 -0.766044
vn -0.000000 -0.766044 -0.642788
vn -0.000000 -0.866025 -0.500000
vn -0.000000 -0.939693 -0.342020
vn -0.000000 -0.984808 -0.173648
vn -0.000000 -1.000000 -0.000000
vn 0.000000 -0.984808 0.173648
vn 0.000000 -0.939693 0.342020
vn 0.000000 -0.866025 0.500000
vn 0.000000 -0.766044 0.642788
vn 0.000000 -0.642788 0.766044
vn 0.000000 -0.500000 0.866025
vn 0.000000 -0.342020 0.939693
vn 0.000000 -0.173648 0.984808
f 1429//1429 1430//1430 1431//1431
f 1429//1429 1431//1431 1432//1432
f 1428//1428 1432//1432 1433//1433
f 1428//1428 1429//1429 1432//1432
f 1427//1427 1433//1433 1434//1434
f 1427//1427 1428//1428 1433//1433
f 1426//1426 1434//1434 1435//1435
f 1426//1426 1427//1427 1434//1434
f 1425//1425 1435//1435 1436//1436
f 1425//1425 1426//1426 1435//1435
f 1424//1424 1436//1436 1437//1437
f 1424//1424 1425//1425 1436//1436
f 1423//1423 1437//1437 1438//1438
f 1423//1423 1424//1424 1437//1437
f 1422//1422 1438//1438 1439//1439
f 1422//1422 1423//1423 1438//1438
f 1421//1421 1439//1439 1440//1440
f 1421//1421 1422//1422 1439//1439
f 1420//1420 1421//1421 1440//1440
f 1419//1419 1440//1440 1441//1441
f 1419//1419 1420//1420 1440//1440
f 1418//1418 1441//1441 1442//1442
f 1418//1418 1419//1419 1441//1441
f 1417//1417 1442//1442 1443//1443
f 1417//1417 1418//1418 1442//1442
f 1416//1416 1443//1443 1444//1444
f 1416//1416 1417//1417 1443//1443
f 1415//1415 1444//1444 1445//1445
f 1415//1415 1416//1416 1444//1444
f 1414//1414 1415//1415 1445//1445
f 1414//1414 1445//1445 1446//1446
f 1413//1413 1414//1414 1446//1446
f 1413//1413 1446//1446 1447//1447
f 1412//1412 1413//1413 1447//1447
f 1412//1412 1447//1447 1448//1448
f 1411//1411 1412//1412 1448//1448
f 1411//1411 1448//1448 1410//1410
v 1702.500000 -117.000000 1970.000000
v 1700.821289 -117.000000 1989.188110
v 1695.836060 -117.000000 2007.793213
v 1687.695801 -117.000000 2025.250000
v 1676.647949 -117.000000 2041.028076
v 1663.028076 -117.000000 2054.647949
v 1647.250000 -117.000000 2065.695801
v 1629.793213 -117.000000 2073.835938
v 1611.188110 -117.000000 2078.821289
v 1592.000000 -117.000000 2080.500000
v 1572.811890 -117.000000 2078.821289
v 1554.206787 -117.000000 2073.835938
v 1536.750000 -117.000000 2065.695801
v 1520.971924 -117.000000 2054.647949
v 1507.352051 -117.000000 2041.028076
v 1496.304199 -117.000000 2025.250000
v 1488.163940 -117.000000 2007.793213
v 1483.178711 -117.000000 1989.188110
v 1481.500000 -117.000000 1970.000000
v 1483.178711 -117.000000 1950.811890
v 1488.163940 -117.000000 1932.206787
v 1496.304199 -117.000000 1914.750000
v 1507.352051 -117.000000 1898.971924
v 1520.971924 -117.000000 1885.352051
v 1536.750000 -117.000000 1874.304199
v 1554.206787 -117.000000 1866.163940
v 1572.811890 -117.000000 1861.178711
v 1592.000000 -117.000000 1859.500000
v 1611.188110 -117.000000 1861.178711
v 1629.793213 -117.000000 1866.163940
v 1647.250000 -117.000000 1874.304199
v 1663.028076 -117.000000 1885.352051
v 1676.647949 -117.000000 1898.971924
v 1687.695801 -117.000000 1914.750000
v 1695.836060 -117.000000 1932.206787
v 1700.821289 -117.000000 1950.811890
v 1702.000000 -117.000000 1970.000000
v 1700.342651 -117.000000 1950.977783
v 1695.420410 -117.000000 1932.527466
v 1688.359009 -117.000000 1916.943970
v 1680.046997 -117.000000 1904.062988
v 1670.024414 -117.000000 1892.461914
v 1658.487305 -117.000000 1882.367554
v 1645.658936 -117.000000 1873.975464
v 1631.787231 -117.000000 1867.447876
v 1617.143311 -117.000000 1862.912109
v 1604.655640 -117.000000 1860.730469
v 1592.000000 -117.000000 1860.000000
v 1572.977783 -117.000000 1861.657349
v 1554.528076 -117.000000 1866.579346
v 1538.944214 -117.000000 1873.640869
v 1526.062988 -117.000000 1881.953003
v 1514.461914 -117.000000 1891.975464
v 1504.367432 -117.000000 1903.512939
v 1495.975220 -117.000000 1916.341675
v 1489.447632 -117.000000 1930.213257
v 1484.911987 -117.000000 1944.857300
v 1482.730469 -117.000000 1957.344604
v 1482.000000 -117.000000 1970.000000
v 1483.657349 -117.000000 1989.022217
v 1488.579590 -117.000000 2007.472534
v 1495.640991 -117.000000 2023.056030
v 1503.953003 -117.000000 2035.937012
v 1513.975586 -117.000000 2047.538086
v 1525.512695 -117.000000 2057.632324
v 1538.341064 -117.000000 2066.024414
v 1552.212769 -117.000000 2072.552246
v 1566.856689 -117.000000 2077.087891
v 1579.344360 -117.000000 2079.269531
v 1592.000000 -117.000000 2080.000000
v 1611.022217 -117.000000 2078.342529
v 1629.471924 -117.000000 2073.420654
v 1645.055786 -117.000000 2066.359131
v 1657.937012 -117.000000 2058.047119
v 1669.538086 -117.000000 2048.024414
v 1679.632568 -117.000000 2036.487061
v 1688.024780 -117.000000 2023.658325
v 1694.552368 -117.000000 2009.786743
v 1699.088013 -117.000000 1995.142700
v 1701.269531 -117.000000 1982.655396
vn 0.000000 -1.000000 0.000000
vn 0.000000 -1.000000 0.000000
vn 0.000000 -1.000000 0.000000
vn 0.000000 -1.000000 0.000000
vn 0.000000 -1.000000 0.000000
vn 0.000000 -1.000000 0.000000
vn 0.000000 -1.000000 0.000000
vn 0.000000 -1.000000 0.000000
vn 0.000000 -1.000000 0.000000
vn 0.000000 -1.000000 0.000000
vn 0.000000 -1.000000 0.000000
vn 0.000000 -1.000000 0.000000
vn 0.000000 -1.000000 0.000000
vn 0.000000 -1.000000 0.000000
vn 0.000000 -1.000000 0.000000
vn 0.000000 -1.000000 0.000000
vn 0.000000 -1.000000 0.000000
vn 0.000000 -1.000000 0.000000
vn 0.000000 -1.000000 0.000000
vn 0.000000 -1.000000 0.000000
vn 0.000000 -1.000000 0.000000
vn 0.000000 -1.000000 0.000000
vn 0.000000 -1.000000 0.000000
vn 0.000000 -1.000000 0.000000
vn 0.000000 -1.000000 0.000000
vn 0.000000 -1.000000 0.000000
vn 0.000000 -1.000000 0.000000
vn 0.000000 -1.000000 0.000000
vn 0.000000 -1.000000 0.000000
vn 0.000000 -1.000000 0.000000
vn 0.000000 -1.000000 0.000000
vn 0.000000 -1.000000 0.000000
vn 0.000000 -1.000000 0.000000
vn 0.000000 -1.000000 0.000000
vn 0.000000 -1.000000 0.000000
vn 0.000000 -1.000000 0.000000
vn 0.000000 -1.000000 0.000000
vn 0.000000 -1.000000 0.000000
vn 0.000000 -1.000000 0.000000
vn 0.000000 -1.000000 0.000000
vn 0.000000 -1.000000 0.000000
vn 0.000000 -1.000000 0.000000
vn 0.000000 -1.000000 0.000000
vn 0.000000 -1.000000 0.000000
vn 0.000000 -1.000000 0.000000
vn 0.000000 -1.000000 0.000000
vn 0.000000 -1.000000 0.000000
vn 0.000000 -1.000000 0.000000
vn 0.000000 -1.000000 0.000000
vn 0.000000 -1.000000 0.000000
vn 0.000000 -1.000000 0.000000
vn 0.000000 -1.000000 0.000000
vn 0.000000 -1.000000 0.000000
vn 0.000000 -1.000000 0.000000
vn 0.000000 -1.000000 0.000000
vn 0.000000 -1.000000 0.000000
vn 0.000000 -1.000000 0.000000
vn 0.000000 -1.000000 0.000000
vn 0.000000 -1.000000 0.000000
vn 0.000000 -1.000000 0.000000
vn 0.000000 -1.000000 0.000000
vn 0.000000 -1.000000 0.000000
vn 0.000000 -1.000000 0.000000
vn 0.000000 -1.000000 0.000000
vn 0.000000 -1.000000 0.000000
vn 0.000000 -1.000000 0.000000
vn 0.000000 -1.000000 0.000000
vn 0.000000 -1.000000 0.000000
vn 0.000000 -1.000000 0.000000
vn 0.000000 -1.000000 0.000000
vn 0.000000 -1.000000 0.000000
vn 0.000000 -1.000000 0.000000
vn 0.000000 -1.000000 0.000000
vn 0.000000 -1.000000 0.000000
vn 0.000000 -1.000000 0.000000
vn 0.000000 -1.000000 0.000000
vn 0.000000 -1.000000 0.000000
vn 0.000000 -1.000000 0.000000
vn 0.000000 -1.000000 0.000000
vn 0.000000 -1.000000 0.000000
f 1513//1513 1462//1462 1512//1512
f 1511//1511 1512//1512 1463//1463
f 1464//1464 1511//1511 1463//1463
f 1461//1461 1462//1462 1513//1513
f 1514//1514 1461//1461 1513//1513
f 1510//1510 1511//1511 1464//1464
f 1515//1515 1461//1461 1514//1514
f 1465//1465 1510//1510 1464//1464
f 1460//1460 1461//1461 1515//1515
f 1509//1509 1510//1510 1465//1465
f 1516//1516 1460//1460 1515//1515
f 1466//1466 1509//1509 1465//1465
f 1508//1508 1509//1509 1466//1466
f 1517//1517 1459//1459 1516//1516
f 1467//1467 1508//1508 1466//1466
f 1507//1507 1508//1508 1467//1467
f 1518//1518 1458//1458 1517//1517
f 1506//1506 1507//1507 1467//1467
f 1468//1468 1506//1506 1467//1467
f 1519//1519 1457//1457 1458//1458
f 1519//1519 1458//1458 1518//1518
f 1505//1505 1506//1506 1468//1468
f 1469//1469 1505//1505 1468//1468
f 1520//1520 1456//1456 1457//1457
f 1520//1520 1457//1457 1519//1519
f 1504//1504 1505//1505 1469//1469
f 1521//1521 1456//1456 1520//1520
f 1470//1470 1504//1504 1469//1469
f 1470//1470 1503//1503 1504//1504
f 1455//1455 1456//1456 1521//1521
f 1522//1522 1455//1455 1521//1521
f 1502//1502 1503//1503 1470//1470
f 1471//1471 1502//1502 1470//1470
f 1454//1454 1455//1455 1522//1522
f 1523//1523 1454//1454 1522//1522
f 1501//1501 1502//1502 1471//1471
f 1524//1524 1453//1453 1523//1523
f 1500//1500 1501//1501 1472//1472
f 1525//1525 1452//1452 1524//1524
f 1499//1499 1500//1500 1473//1473
f 1526//1526 1452//1452 1525//1525
f 1474//1474 1498//1498 1499//1499
f 1474//1474 1499//1499 1473//1473
f 1451//1451 1452//1452 1526//1526
f 1527//1527 1451//1451 1526//1526
f 1475//1475 1498//1498 1474//1474
f 1475//1475 1497//1497 1498//1498
f 1528//1528 1450//1450 1527//1527
f 1449//1449 1528//1528 1485//1485
f 1476//1476 1496//1496 1497//1497
f 1476//1476 1497//1497 1475//1475
f 1495//1495 1496//1496 1476//1476
f 1486//1486 1449//1449 1485//1485
f 1484//1484 1449//1449 1486//1486
f 1477//1477 1495//1495 1476//1476
f 1494//1494 1495//1495 1477//1477
f 1487//1487 1484//1484 1486//1486
f 1483//1483 1484//1484 1487//1487
f 1478//1478 1494//1494 1477//1477
f 1493//1493 1494//1494 1478//1478
f 1488//1488 1483//1483 1487//1487
f 1482//1482 1483//1483 1488//1488
f 1479//1479 1493//1493 1478//1478
f 1479//1479 1492//1492 1493//1493
f 1489//1489 1482//1482 1488//1488
f 1491//1491 1492//1492 1479//1479
f 1480//1480 1491//1491 1479//1479
f 1480//1480 1490//1490 1491//1491
f 1481//1481 1489//1489 1490//1490
f 1449//1449 1450//1450 1528//1528
f 1450//1450 1451//1451 1527//1527
f 1452//1452 1453//1453 1524//1524
f 1453//1453 1454//1454 1523//1523
f 1458//1458 1459//1459 1517//1517
f 1459//1459 1460//1460 1516//1516
f 1462//1462 1463//1463 1512//1512
f 1471//1471 1472//1472 1501//1501
f 1472//1472 1473//1473 1500//1500
f 1480//1480 1481//1481 1490//1490
f 1481//1481 1482//1482 1489//1489
v 1795.500000 0.000000 2050.000000
v 1795.500000 13.891854 2048.784668
v 1795.500000 27.361612 2045.175415
v 1795.500000 40.000000 2039.281982
v 1795.500000 51.423008 2031.283569
v 1795.500000 61.283554 2021.422974
v 1795.500000 69.282036 2010.000000
v 1795.500000 75.175407 1997.361572
v 1795.500000 78.784622 1983.891846
v 1795.500000 80.000000 1970.000000
v 1795.500000 -80.000000 1970.000000
v 1795.500000 -78.784622 1983.891846
v 1795.500000 -75.175407 1997.361572
v 1795.500000 -69.282036 2010.000000
v 1795.500000 -61.283554 2021.422974
v 1795.500000 -51.423008 2031.283569
v 1795.500000 -40.000000 2039.281982
v 1795.500000 -27.361612 2045.175415
v 1795.500000 -13.891854 2048.784668
v 1795.500000 0.000000 1890.000000
v 1795.500000 -13.891854 1891.215332
v 1795.500000 -27.361612 1894.824585
v 1795.500000 -40.000000 1900.718018
v 1795.500000 -51.423008 1908.716431
v 1795.500000 -61.283554 1918.577026
v 1795.500000 -69.282036 1930.000000
v 1795.500000 -75.175407 1942.638428
v 1795.500000 -78.784622 1956.108154
v 1795.500000 78.784622 1956.108154
v 1795.500000 75.175407 1942.638428
v 1795.500000 69.282036 1930.000000
v 1795.500000 61.283554 1918.577026
v 1795.500000 51.423008 1908.716431
v 1795.500000 40.000000 1900.718018
v 1795.500000 27.361612 1894.824585
v 1795.500000 13.891854 1891.215332
v 1795.500000 77.500000 1970.000000
v 1795.500000 76.412392 1957.062500
v 1795.500000 73.180115 1944.487061
v 1795.500000 68.266678 1933.313354
v 1795.500000 62.100494 1923.634521
v 1795.500000 54.572117 1914.971680
v 1795.500000 45.847710 1907.516113
v 1795.500000 36.117996 1901.430908
v 1795.500000 25.595421 1896.848755
v 1795.500000 14.512187 1893.870850
v 1795.500000 7.288395 1892.843506
v 1795.500000 0.000000 1892.500000
v 1795.500000 -12.937436 1893.587524
v 1795.500000 -25.512377 1896.819702
v 1795.500000 -36.686287 1901.733154
v 1795.500000 -46.365486 1907.899414
v 1795.500000 -55.028351 1915.427856
v 1795.500000 -62.484070 1924.152588
v 1795.500000 -68.569473 1933.882568
v 1795.500000 -73.151497 1944.405151
v 1795.500000 -76.129295 1955.488647
v 1795.500000 -77.156563 1962.712036
v 1795.500000 -77.500000 1970.000000
v 1795.500000 -76.412392 1982.937500
v 1795.500000 -73.180115 1995.512939
v 1795.500000 -68.266678 2006.686646
v 1795.500000 -62.100494 2016.365479
v 1795.500000 -54.572117 2025.028320
v 1795.500000 -45.847710 2032.483887
v 1795.500000 -36.117996 2038.569092
v 1795.500000 -25.595421 2043.151245
v 1795.500000 -14.512187 2046.129150
v 1795.500000 -7.288396 2047.156494
v 1795.500000 0.000000 2047.500000
v 1795.500000 12.937437 2046.412476
v 1795.500000 25.512377 2043.180298
v 1795.500000 36.686287 2038.266846
v 1795.500000 46.365486 2032.100586
v 1795.500000 55.028351 2024.572144
v 1795.500000 62.484070 2015.847412
v 1795.500000 68.569473 2006.117432
v 1795.500000 73.151497 1995.594849
v 1795.500000 76.129295 1984.511353
v 1795.500000 77.156563 1977.287964
vn 1.000000 -0.000000 0.000000
vn 1.000000 -0.000000 0.000000
vn 1.000000 -0.000000 0.000000
vn 1.000000 -0.000000 0.000000
vn 1.000000 -0.000000 0.000000
vn 1.000000 -0.000000 0.000000
vn 1.000000 -0.000000 0.000000
vn 1.000000 -0.000000 0.000000
vn 1.000000 -0.000000 0.000000
vn 1.000000 -0.000000 0.000000
vn 1.000000 -0.000000 0.000000
vn 1.000000 -0.000000 0.000000
vn 1.000000 -0.000000 0.000000
vn 1.000000 -0.000000 0.000000
vn 1.000000 -0.000000 0.000000
vn 1.000000 -0.000000 0.000000
vn 1.000000 -0.000000 0.000000
vn 1.000000 -0.000000 0.000000
vn 1.000000 -0.000000 0.000000
vn 1.000000 -0.000000 0.000000
vn 1.000000 -0.000000 0.000000
vn 1.000000 -0.000000 0.000000
vn 1.000000 -0.000000 0.000000
vn 1.000000 -0.000000 0.000000
vn 1.000000 -0.000000 0.000000
vn 1.000000 -0.000000 0.000000
vn 1.000000 -0.000000 0.000000
vn 1.000000 -0.000000 0.000000
vn 1.000000 -0.000000 0.000000
vn 1.000000 -0.000000 0.000000
vn 1.000000 -0.000000 0.000000
vn 1.000000 -0.000000 0.000000
vn 1.000000 -0.000000 0.000000
vn 1.000000 -0.000000 0.000000
vn 1.000000 -0.000000 0.000000
vn 1.000000 -0.000000 0.000000
vn 1.000000 -0.000000 0.000000
vn 1.000000 -0.000000 0.000000
vn 1.000000 -0.000000 0.000000
vn 1.000000 -0.000000 0.000000
vn 1.000000 -0.000000 0.000000
vn 1.000000 -0.000000 0.000000
vn 1.000000 -0.000000 0.000000
vn 1.000000 -0.000000 0.000000
vn 1.000000 -0.000000 0.000000
vn 1.000000 -0.000000 0.000000
vn 1.000000 -0.000000 0.000000
vn 1.000000 -0.000000 0.000000
vn 1.000000 -0.000000 0.000000
vn 1.000000 -0.000000 0.000000
vn 1.000000 -0.000000 0.000000
vn 1.000000 -0.000000 0.000000
vn 1.000000 -0.000000 0.000000
vn 1.000000 -0.000000 0.000000
vn 1.000000 -0.000000 0.000000
vn 1.000000 -0.000000 0.000000
vn 1.000000 -0.000000 0.000000
vn 1.000000 -0.000000 0.000000
vn 1.000000 -0.000000 0.000000
vn 1.000000 -0.000000 0.000000
vn 1.000000 -0.000000 0.000000
vn 1.000000 -0.000000 0.000000
vn 1.000000 -0.000000 0.000000
vn 1.000000 -0.000000 0.000000
vn 1.000000 -0.000000 0.000000
vn 1.000000 -0.000000 0.000000
vn 1.000000 -0.000000 0.000000
vn 1.000000 -0.000000 0.000000
vn 1.000000 -0.000000 0.000000
vn 1.000000 -0.000000 0.000000
vn 1.000000 -0.000000 0.000000
vn 1.000000 -0.000000 0.000000
vn 1.000000 -0.000000 0.000000
vn 1.000000 -0.000000 0.000000
vn 1.000000 -0.000000 0.000000
vn 1.000000 -0.000000 0.000000
vn 1.000000 -0.000000 0.000000
vn 1.000000 -0.000000 0.000000
vn 1.000000 -0.000000 0.000000
vn 1.000000 -0.000000 0.000000
f 1592//1592 1544//1544 1543//1543
f 1591//1591 1543//1543 1542//1542
f 1591//1591 1592//1592 1543//1543
f 1593//1593 1545//1545 1544//1544
f 1593//1593 1544//1544 1592//1592
f 1590//1590 1591//1591 1542//1542
f 1594//1594 1545//1545 1593//1593
f 1546//1546 1545//1545 1594//1594
f 1541//1541 1590//1590 1542//1542
f 1595//1595 1546//1546 1594//1594
f 1589//1589 1590//1590 1541//1541
f 1540//1540 1589//1589 1541//1541
f 1596//1596 1547//1547 1546//1546
f 1596//1596 1546//1546 1595//1595
f 1588//1588 1589//1589 1540//1540
f 1597//1597 1547//1547 1596//1596
f 1529//1529 1547//1547 1597//1597
f 1539//1539 1588//1588 1540//1540
f 1587//1587 1588//1588 1539//1539
f 1598//1598 1529//1529 1597//1597
f 1586//1586 1587//1587 1539//1539
f 1556//1556 1586//1586 1539//1539
f 1599//1599 1530//1530 1529//1529
f 1599//1599 1529//1529 1598//1598
f 1585//1585 1586//1586 1556//1556
f 1555//1555 1585//1585 1556//1556
f 1600//1600 1531//1531 1530//1530
f 1600//1600 1530//1530 1599//1599
f 1584//1584 1585//1585 1555//1555
f 1583//1583 1584//1584 1555//1555
f 1601//1601 1531//1531 1600//1600
f 1532//1532 1531//1531 1601//1601
f 1554//1554 1583//1583 1555//1555
f 1582//1582 1583//1583 1554//1554
f 1602//1602 1532//1532 1601//1601
f 1533//1533 1532//1532 1602//1602
f 1553//1553 1582//1582 1554//1554
f 1581//1581 1582//1582 1553//1553
f 1603//1603 1533//1533 1602//1602
f 1534//1534 1533//1533 1603//1603
f 1552//1552 1581//1581 1553//1553
f 1580//1580 1581//1581 1552//1552
f 1604//1604 1534//1534 1603//1603
f 1535//1535 1534//1534 1604//1604
f 1551//1551 1580//1580 1552//1552
f 1579//1579 1580//1580 1551//1551
f 1605//1605 1535//1535 1604//1604
f 1536//1536 1605//1605 1606//1606
f 1536//1536 1535//1535 1605//1605
f 1550//1550 1578//1578 1579//1579
f 1550//1550 1579//1579 1551//1551
f 1607//1607 1536//1536 1606//1606
f 1537//1537 1536//1536 1607//1607
f 1549//1549 1578//1578 1550//1550
f 1549//1549 1577//1577 1578//1578
f 1608//1608 1537//1537 1607//1607
f 1548//1548 1576//1576 1577//1577
f 1548//1548 1577//1577 1549//1549
f 1538//1538 1608//1608 1565//1565
f 1538//1538 1537//1537 1608//1608
f 1575//1575 1576//1576 1548//1548
f 1566//1566 1538//1538 1565//1565
f 1557//1557 1538//1538 1566//1566
f 1564//1564 1575//1575 1548//1548
f 1564//1564 1574//1574 1575//1575
f 1567//1567 1557//1557 1566//1566
f 1558//1558 1557//1557 1567//1567
f 1563//1563 1574//1574 1564//1564
f 1563//1563 1573//1573 1574//1574
f 1572//1572 1573//1573 1563//1563
f 1568//1568 1558//1558 1567//1567
f 1559//1559 1558//1558 1568//1568
f 1559//1559 1568//1568 1569//1569
f 1562//1562 1572//1572 1563//1563
f 1562//1562 1571//1571 1572//1572
f 1560//1560 1559//1559 1569//1569
f 1560//1560 1569//1569 1570//1570
f 1561//1561 1571//1571 1562//1562
f 1561//1561 1560//1560 1570//1570
f 1561//1561 1570//1570 1571//1571
usemtl mat_1
v 1592.000000 -117.000000 2080.000000
v 1592.000000 -123.000000 2080.000000
v 1702.000000 -123.000000 1970.000000
v 1700.328857 -123.000000 1989.101318
v 1695.366211 -123.000000 2007.622192
v 1687.262817 -123.000000 2025.000000
v 1676.264893 -123.000000 2040.706665
v 1662.706665 -123.000000 2054.264893
v 1647.000000 -123.000000 2065.262695
v 1629.622192 -123.000000 2073.366211
v 1611.101318 -123.000000 2078.328857
v 1592.000000 -123.000000 1860.000000
v 1611.101318 -123.000000 1861.671143
v 1629.622192 -123.000000 1866.633789
v 1647.000000 -123.000000 1874.737183
v 1662.706665 -123.000000 1885.735107
v 1676.264893 -123.000000 1899.293335
v 1687.262817 -123.000000 1915.000000
v 1695.366211 -123.000000 1932.377808
v 1700.328857 -123.000000 1950.898682
v 1592.000000 -117.000000 1860.000000
v 1702.000000 -117.000000 1970.000000
v 1700.342651 -117.000000 1950.977783
v 1695.420410 -117.000000 1932.527466
v 1688.359009 -117.000000 1916.943970
v 1680.046997 -117.000000 1904.062988
v 1670.024414 -117.000000 1892.461914
v 1658.487305 -117.000000 1882.367554
v 1645.658936 -117.000000 1873.975464
v 1631.787231 -117.000000 1867.447876
v 1617.143311 -117.000000 1862.912109
v 1604.655640 -117.000000 1860.730469
v 1611.022217 -117.000000 2078.342529
v 1629.471924 -117.000000 2073.420654
v 1645.055786 -117.000000 2066.359131
v 1657.937012 -117.000000 2058.047119
v 1669.538086 -117.000000 2048.024414
v 1679.632568 -117.000000 2036.487061
v 1688.024780 -117.000000 2023.658325
v 1694.552368 -117.000000 2009.786743
v 1699.088013 -117.000000 1995.142700
v 1701.269531 -117.000000 1982.655396
vn 0.000000 0.000000 1.000000
vn 0.000000 0.000000 1.000000
vn 1.000000 0.000000 -0.000000
vn 0.984808 0.000000 0.173648
vn 0.939693 0.000000 0.342020
vn 0.866025 0.000000 0.500000
vn 0.766044 0.000000 0.642788
vn 0.642788 0.000000 0.766044
vn 0.500000 0.000000 0.866025
vn 0.342020 0.000000 0.939693
vn 0.173648 0.000000 0.984808
vn 0.000000 0.000000 -1.000000
vn 0.173648 0.000000 -0.984808
vn 0.342020 0.000000 -0.939693
vn 0.500000 0.000000 -0.866025
vn 0.642788 0.000000 -0.766044
vn 0.766044 0.000000 -0.642788
vn 0.866025 0.000000 -0.500000
vn 0.939693 0.000000 -0.342020
vn 0.984808 0.000000 -0.173648
vn 0.000000 0.000000 -1.000000
vn 1.000000 0.000000 -0.000000
vn 0.984934 0.000000 -0.172932
vn 0.940189 0.000000 -0.340653
vn 0.875991 0.000000 -0.482327
vn 0.800429 0.000000 -0.599428
vn 0.709321 0.000000 -0.704886
vn 0.604436 0.000000 -0.796654
vn 0.487811 0.000000 -0.872949
vn 0.361712 0.000000 -0.932290
vn 0.228588 0.000000 -0.973523
vn 0.115058 0.000000 -0.993359
vn 0.172930 0.000000 0.984934
vn 0.340649 0.000000 0.940190
vn 0.482324 0.000000 0.875993
vn 0.599427 0.000000 0.800430
vn 0.704887 0.000000 0.709320
vn 0.796656 0.000000 0.604433
vn 0.872952 0.000000 0.487806
vn 0.932293 0.000000 0.361705
vn 0.973526 0.000000 0.228578
vn 0.993359 0.000000 0.115053
f 1620//1620 1629//1629 1640//1640
f 1621//1621 1640//1640 1639//1639
f 1621//1621 1620//1620 1640//1640
f 1622//1622 1639//1639 1638//1638
f 1622//1622 1621//1621 1639//1639
f 1623//1623 1637//1637 1636//1636
f 1623//1623 1638//1638 1637//1637
f 1623//1623 1622//1622 1638//1638
f 1624//1624 1636//1636 1635//1635
f 1624//1624 1623//1623 1636//1636
f 1625//1625 1635//1635 1634//1634
f 1625//1625 1624//1624 1635//1635
f 1626//1626 1634//1634 1633//1633
f 1626//1626 1625//1625 1634//1634
f 1627//1627 1633//1633 1632//1632
f 1627//1627 1626//1626 1633//1633
f 1628//1628 1632//1632 1631//1631
f 1628//1628 1627//1627 1632//1632
f 1611//1611 1631//1631 1630//1630
f 1611//1611 1630//1630 1650//1650
f 1611//1611 1628//1628 1631//1631
f 1612//1612 1650//1650 1649//1649
f 1612//1612 1611//1611 1650//1650
f 1613//1613 1649//1649 1648//1648
f 1613//1613 1612//1612 1649//1649
f 1614//1614 1613//1613 1648//1648
f 1614//1614 1647//1647 1646//1646
f 1614//1614 1648//1648 1647//1647
f 1615//1615 1646//1646 1645//1645
f 1615//1615 1614//1614 1646//1646
f 1616//1616 1615//1615 1645//1645
f 1616//1616 1645//1645 1644//1644
f 1617//1617 1616//1616 1644//1644
f 1617//1617 1644//1644 1643//1643
f 1618//1618 1617//1617 1643//1643
f 1618//1618 1643//1643 1642//1642
f 1619//1619 1618//1618 1642//1642
f 1619//1619 1642//1642 1641//1641
f 1610//1610 1619//1619 1641//1641
f 1610//1610 1641//1641 1609//1609
v 1592.000000 -117.000000 1860.000000
v 1592.000000 -123.000000 1860.000000
v 1482.000000 -123.000000 1970.000000
v 1483.671143 -123.000000 1950.898682
v 1488.633789 -123.000000 1932.377808
v 1496.737183 -123.000000 1915.000000
v 1507.735107 -123.000000 1899.293335
v 1521.293335 -123.000000 1885.735107
v 1537.000000 -123.000000 1874.737183
v 1554.377808 -123.000000 1866.633789
v 1572.898682 -123.000000 1861.671143
v 1592.000000 -123.000000 2080.000000
v 1572.898682 -123.000000 2078.328857
v 1554.377808 -123.000000 2073.366211
v 1537.000000 -123.000000 2065.262695
v 1521.293335 -123.000000 2054.264893
v 1507.735107 -123.000000 2040.706665
v 1496.737183 -123.000000 2025.000000
v 1488.633789 -123.000000 2007.622192
v 1483.671143 -123.000000 1989.101318
v 1592.000000 -117.000000 2080.000000
v 1482.000000 -117.000000 1970.000000
v 1483.657349 -117.000000 1989.022217
v 1488.579590 -117.000000 2007.472534
v 1495.640991 -117.000000 2023.056030
v 1503.953003 -117.000000 2035.937012
v 1513.975586 -117.000000 2047.538086
v 1525.512695 -117.000000 2057.632324
v 1538.341064 -117.000000 2066.024414
v 1552.212769 -117.000000 2072.552246
v 1566.856689 -117.000000 2077.087891
v 1579.344360 -117.000000 2079.269531
v 1572.977783 -117.000000 1861.657349
v 1554.528076 -117.000000 1866.579346
v 1538.944214 -117.000000 1873.640869
v 1526.062988 -117.000000 1881.953003
v 1514.461914 -117.000000 1891.975464
v 1504.367432 -117.000000 1903.512939
v 1495.975220 -117.000000 1916.341675
v 1489.447632 -117.000000 1930.213257
v 1484.911987 -117.000000 1944.857300
v 1482.730469 -117.000000 1957.344604
vn -0.000000 -0.000000 -1.000000
vn -0.000000 -0.000000 -1.000000
vn -1.000000 0.000000 0.000000
vn -0.984808 -0.000000 -0.173648
vn -0.939693 -0.000000 -0.342020
vn -0.866025 -0.000000 -0.500000
vn -0.766044 -0.000000 -0.642788
vn -0.642788 -0.000000 -0.766044
vn -0.500000 -0.000000 -0.866025
vn -0.342020 -0.000000 -0.939693
vn -0.173648 -0.000000 -0.984808
vn 0.000000 0.000000 1.000000
vn -0.173648 0.000000 0.984808
vn -0.342020 0.000000 0.939693
vn -0.500000 0.000000 0.866025
vn -0.642788 0.000000 0.766044
vn -0.766044 0.000000 0.642788
vn -0.866025 0.000000 0.500000
vn -0.939693 0.000000 0.342020
vn -0.984808 0.000000 0.173648
vn 0.000000 0.000000 1.000000
vn -1.000000 0.000000 0.000000
vn -0.984934 0.000000 0.172932
vn -0.940189 0.000000 0.340653
vn -0.875991 0.000000 0.482327
vn -0.800429 0.000000 0.599428
vn -0.709321 0.000000 0.704886
vn -0.604436 0.000000 0.796654
vn -0.487811 0.000000 0.872949
vn -0.361712 0.000000 0.932290
vn -0.228588 0.000000 0.973523
vn -0.115058 0.000000 0.993359
vn -0.172930 -0.000000 -0.984934
vn -0.340649 -0.000000 -0.940190
vn -0.482324 -0.000000 -0.875993
vn -0.599427 -0.000000 -0.800430
vn -0.704887 -0.000000 -0.709320
vn -0.796656 -0.000000 -0.604433
vn -0.872952 -0.000000 -0.487806
vn -0.932293 -0.000000 -0.361705
vn -0.973526 -0.000000 -0.228578
vn -0.993359 -0.000000 -0.115053
f 1662//1662 1671//1671 1682//1682
f 1663//1663 1682//1682 1681//1681
f 1663//1663 1662//1662 1682//1682
f 1664//1664 1681//1681 1680//1680
f 1664//1664 1663//1663 1681//1681
f 1665//1665 1679//1679 1678//1678
f 1665//1665 1680//1680 1679//1679
f 1665//1665 1664//1664 1680//1680
f 1666//1666 1678//1678 1677//1677
f 1666//1666 1665//1665 1678//1678
f 1667//1667 1677//1677 1676//1676
f 1667//1667 1666//1666 1677//1677
f 1668//1668 1676//1676 1675//1675
f 1668//1668 1667//1667 1676//1676
f 1669//1669 1675//1675 1674//1674
f 1669//1669 1668//1668 1675//1675
f 1670//1670 1674//1674 1673//1673
f 1670//1670 1669//1669 1674//1674
f 1653//1653 1673//1673 1672//1672
f 1653//1653 1672//1672 1692//1692
f 1653//1653 1670//1670 1673//1673
f 1654//1654 1692//1692 1691//1691
f 1654//1654 1653//1653 1692//1692
f 1655//1655 1691//1691 1690//1690
f 1655//1655 1654//1654 1691//1691
f 1656//1656 1655//1655 1690//1690
f 1656//1656 1689//1689 1688//1688
f 1656//1656 1690//1690 1689//1689
f 1657//1657 1688//1688 1687//1687
f 1657//1657 1656//1656 1688//1688
f 1658//1658 1657//1657 1687//1687
f 1658//1658 1687//1687 1686//1686
f 1659//1659 1658//1658 1686//1686
f 1659//1659 1686//1686 1685//1685
f 1660//1660 1659//1659 1685//1685
f 1660//1660 1685//1685 1684//1684
f 1661//1661 1660//1660 1684//1684
f 1661//1661 1684//1684 1683//1683
f 1652//1652 1661//1661 1683//1683
f 1652//1652 1683//1683 1651//1651
usemtl mat_2
v 1770.500000 0.000000 2047.500000
v 1795.500000 0.000000 2047.500000
v 1795.500000 12.937437 2046.412476
v 1795.500000 25.512377 2043.180298
v 1795.500000 36.686287 2038.266846
v 1795.500000 46.365486 2032.100586
v 1795.500000 55.028351 2024.572144
v 1795.500000 62.484070 2015.847412
v 1795.500000 68.569473 2006.117432
v 1795.500000 73.151497 1995.594849
v 1795.500000 76.129295 1984.511353
v 1795.500000 77.156563 1977.287964
v 1795.500000 77.500000 1970.000000
v 1795.500000 76.412392 1957.062500
v 1795.500000 73.180115 1944.487061
v 1795.500000 68.266678 1933.313354
v 1795.500000 62.100494 1923.634521
v 1795.500000 54.572117 1914.971680
v 1795.500000 45.847710 1907.516113
v 1795.500000 36.117996 1901.430908
v 1795.500000 25.595421 1896.848755
v 1795.500000 14.512187 1893.870850
v 1795.500000 7.288395 1892.843506
v 1795.500000 0.000000 1892.500000
v 1770.500000 0.000000 1892.500000
v 1770.500000 13.457734 1893.677368
v 1770.500000 26.506561 1897.173828
v 1770.500000 38.750000 1902.883057
v 1770.500000 49.816040 1910.631592
v 1770.500000 59.368443 1920.183960
v 1770.500000 67.116966 1931.250000
v 1770.500000 72.826180 1943.493408
v 1770.500000 76.322601 1956.542236
v 1770.500000 77.500000 1970.000000
v 1770.500000 76.322601 1983.457764
v 1770.500000 72.826180 1996.506592
v 1770.500000 67.116966 2008.750000
v 1770.500000 59.368443 2019.816040
v 1770.500000 49.816040 2029.368408
v 1770.500000 38.750000 2037.116943
v 1770.500000 26.506561 2042.826172
v 1770.500000 13.457734 2046.322632
vn 0.000000 -0.000000 -1.000000
vn 0.000000 -0.000000 -1.000000
vn 0.000000 -0.166936 -0.985968
vn 0.000000 -0.329187 -0.944265
vn 0.000000 -0.473370 -0.880864
vn 0.000000 -0.598264 -0.801299
vn 0.000000 -0.710038 -0.704163
vn 0.000000 -0.806243 -0.591585
vn 0.000000 -0.884767 -0.466034
vn 0.000000 -0.943889 -0.330264
vn 0.000000 -0.982312 -0.187251
vn 0.000000 -0.995568 -0.094042
vn -0.000000 -1.000000 0.000000
vn -0.000000 -0.985967 0.166939
vn -0.000000 -0.944263 0.329193
vn -0.000000 -0.880861 0.473374
vn -0.000000 -0.801298 0.598265
vn -0.000000 -0.704164 0.710037
vn -0.000000 -0.591589 0.806240
vn -0.000000 -0.466041 0.884763
vn -0.000000 -0.330275 0.943885
vn -0.000000 -0.187265 0.982309
vn -0.000000 -0.094050 0.995568
vn -0.000000 -0.000000 1.000000
vn -0.000000 -0.000000 1.000000
vn -0.000000 -0.173648 0.984808
vn -0.000000 -0.342020 0.939693
vn -0.000000 -0.500000 0.866025
vn -0.000000 -0.642788 0.766044
vn -0.000000 -0.766044 0.642788
vn -0.000000 -0.866025 0.500000
vn -0.000000 -0.939693 0.342020
vn -0.000000 -0.984808 0.173648
vn -0.000000 -1.000000 0.000000
vn 0.000000 -0.984808 -0.173648
vn 0.000000 -0.939693 -0.342020
vn 0.000000 -0.866025 -0.500000
vn 0.000000 -0.766044 -0.642788
vn 0.000000 -0.642788 -0.766044
vn 0.000000 -0.500000 -0.866025
vn 0.000000 -0.342020 -0.939693
vn 0.000000 -0.173648 -0.984808
f 1715//1715 1717//1717 1716//1716
f 1715//1715 1718//1718 1717//1717
f 1714//1714 1719//1719 1718//1718
f 1714//1714 1718//1718 1715//1715
f 1713//1713 1719//1719 1714//1714
f 1712//1712 1720//1720 1719//1719
f 1712//1712 1719//1719 1713//1713
f 1711//1711 1721//1721 1720//1720
f 1711//1711 1720//1720 1712//1712
f 1710//1710 1722//1722 1721//1721
f 1710//1710 1721//1721 1711//1711
f 1709//1709 1723//1723 1722//1722
f 1709//1709 1722//1722 1710//1710
f 1708//1708 1724//1724 1723//1723
f 1708//1708 1723//1723 1709//1709
f 1707//1707 1725//1725 1724//1724
f 1707//1707 1724//1724 1708//1708
f 1706//1706 1726//1726 1725//1725
f 1706//1706 1725//1725 1707//1707
f 1705//1705 1726//1726 1706//1706
f 1704//1704 1727//1727 1726//1726
f 1704//1704 1726//1726 1705//1705
f 1703//1703 1728//1728 1727//1727
f 1703//1703 1727//1727 1704//1704
f 1702//1702 1728//1728 1703//1703
f 1701//1701 1729//1729 1728//1728
f 1701//1701 1728//1728 1702//1702
f 1700//1700 1729//1729 1701//1701
f 1700//1700 1730//1730 1729//1729
f 1699//1699 1730//1730 1700//1700
f 1699//1699 1731//1731 1730//1730
f 1698//1698 1731//1731 1699//1699
f 1698//1698 1732//1732 1731//1731
f 1697//1697 1732//1732 1698//1698
f 1697//1697 1733//1733 1732//1732
f 1696//1696 1733//1733 1697//1697
f 1696//1696 1734//1734 1733//1733
f 1695//1695 1734//1734 1696//1696
f 1695//1695 1693//1693 1734//1734
f 1694//1694 1693//1693 1695//1695
v 1770.500000 0.000000 1892.500000
v 1795.500000 0.000000 1892.500000
v 1795.500000 -12.937436 1893.587524
v 1795.500000 -25.512377 1896.819702
v 1795.500000 -36.686287 1901.733154
v 1795.500000 -46.365486 1907.899414
v 1795.500000 -55.028351 1915.427856
v 1795.500000 -62.484070 1924.152588
v 1795.500000 -68.569473 1933.882568
v 1795.500000 -73.151497 1944.405151
v 1795.500000 -76.129295 1955.488647
v 1795.500000 -77.156563 1962.712036
v 1795.500000 -77.500000 1970.000000
v 1795.500000 -76.412392 1982.937500
v 1795.500000 -73.180115 1995.512939
v 1795.500000 -68.266678 2006.686646
v 1795.500000 -62.100494 2016.365479
v 1795.500000 -54.572117 2025.028320
v 1795.500000 -45.847710 2032.483887
v 1795.500000 -36.117996 2038.569092
v 1795.500000 -25.595421 2043.151245
v 1795.500000 -14.512187 2046.129150
v 1795.500000 -7.288396 2047.156494
v 1795.500000 0.000000 2047.500000
v 1770.500000 0.000000 2047.500000
v 1770.500000 -13.457734 2046.322632
v 1770.500000 -26.506561 2042.826172
v 1770.500000 -38.750000 2037.116943
v 1770.500000 -49.816040 2029.368408
v 1770.500000 -59.368443 2019.816040
v 1770.500000 -67.116966 2008.750000
v 1770.500000 -72.826180 1996.506592
v 1770.500000 -76.322601 1983.457764
v 1770.500000 -77.500000 1970.000000
v 1770.500000 -76.322601 1956.542236
v 1770.500000 -72.826180 1943.493408
v 1770.500000 -67.116966 1931.250000
v 1770.500000 -59.368443 1920.183960
v 1770.500000 -49.816040 1910.631592
v 1770.500000 -38.750000 1902.883057
v 1770.500000 -26.506561 1897.173828
v 1770.500000 -13.457734 1893.677368
vn -0.000000 0.000000 1.000000
vn -0.000000 0.000000 1.000000
vn -0.000000 0.166936 0.985968
vn -0.000000 0.329187 0.944265
vn -0.000000 0.473370 0.880864
vn -0.000000 0.598264 0.801299
vn -0.000000 0.710038 0.704163
vn -0.000000 0.806243 0.591585
vn -0.000000 0.884767 0.466034
vn -0.000000 0.943889 0.330264
vn -0.000000 0.982312 0.187251
vn -0.000000 0.995568 0.094042
vn -0.000000 1.000000 -0.000000
vn -0.000000 0.985967 -0.166939
vn -0.000000 0.944263 -0.329193
vn -0.000000 0.880861 -0.473374
vn -0.000000 0.801298 -0.598265
vn -0.000000 0.704164 -0.710037
vn -0.000000 0.591589 -0.806240
vn -0.000000 0.466041 -0.884763
vn -0.000000 0.330275 -0.943885
vn -0.000000 0.187265 -0.982309
vn -0.000000 0.094050 -0.995568
vn -0.000000 -0.000000 -1.000000
vn -0.000000 -0.000000 -1.000000
vn -0.000000 0.173648 -0.984808
vn -0.000000 0.342020 -0.939693
vn -0.000000 0.500000 -0.866025
vn -0.000000 0.642788 -0.766044
vn -0.000000 0.766044 -0.642788
vn -0.000000 0.866025 -0.500000
vn -0.000000 0.939693 -0.342020
vn -0.000000 0.984808 -0.173648
vn -0.000000 1.000000 -0.000000
vn -0.000000 0.984808 0.173648
vn -0.000000 0.939693 0.342020
vn -0.000000 0.866025 0.500000
vn -0.000000 0.766044 0.642788
vn -0.000000 0.642788 0.766044
vn -0.000000 0.500000 0.866025
vn -0.000000 0.342020 0.939693
vn -0.000000 0.173648 0.984808
f 1757//1757 1759//1759 1758//1758
f 1757//1757 1760//1760 1759//1759
f 1756//1756 1761//1761 1760//1760
f 1756//1756 1760//1760 1757//1757
f 1755//1755 1761//1761 1756//1756
f 1754//1754 1762//1762 1761//1761
f 1754//1754 1761//1761 1755//1755
f 1753//1753 1763//1763 1762//1762
f 1753//1753 1762//1762 1754//1754
f 1752//1752 1764//1764 1763//1763
f 1752//1752 1763//1763 1753//1753
f 1751//1751 1765//1765 1764//1764
f 1751//1751 1764//1764 1752//1752
f 1750//1750 1766//1766 1765//1765
f 1750//1750 1765//1765 1751//1751
f 1749//1749 1767//1767 1766//1766
f 1749//1749 1766//1766 1750//1750
f 1748//1748 1768//1768 1767//1767
f 1748//1748 1767//1767 1749//1749
f 1747//1747 1768//1768 1748//1748
f 1746//1746 1769//1769 1768//1768
f 1746//1746 1768//1768 1747//1747
f 1745//1745 1770//1770 1769//1769
f 1745//1745 1769//1769 1746//1746
f 1744//1744 1770//1770 1745//1745
f 1743//1743 1771//1771 1770//1770
f 1743//1743 1770//1770 1744//1744
f 1742//1742 1771//1771 1743//1743
f 1742//1742 1772//1772 1771//1771
f 1741//1741 1772//1772 1742//1742
f 1741//1741 1773//1773 1772//1772
f 1740//1740 1773//1773 1741//1741
f 1740//1740 1774//1774 1773//1773
f 1739//1739 1774//1774 1740//1740
f 1739//1739 1775//1775 1774//1774
f 1738//1738 1775//1775 1739//1739
f 1738//1738 1776//1776 1775//1775
f 1737//1737 1776//1776 1738//1738
f 1737//1737 1735//1735 1776//1776
f 1736//1736 1735//1735 1737//1737
usemtl mat_1
v 1702.000000 -123.000000 1970.000000
v 1700.328857 -123.000000 1989.101318
v 1695.366211 -123.000000 2007.622192
v 1687.262817 -123.000000 2025.000000
v 1676.264893 -123.000000 2040.706665
v 1662.706665 -123.000000 2054.264893
v 1647.000000 -123.000000 2065.262695
v 1629.622192 -123.000000 2073.366211
v 1611.101318 -123.000000 2078.328857
v 1592.000000 -123.000000 2080.000000
v 1572.898682 -123.000000 2078.328857
v 1554.377808 -123.000000 2073.366211
v 1537.000000 -123.000000 2065.262695
v 1521.293335 -123.000000 2054.264893
v 1507.735107 -123.000000 2040.706665
v 1496.737183 -123.000000 2025.000000
v 1488.633789 -123.000000 2007.622192
v 1483.671143 -123.000000 1989.101318
v 1482.000000 -123.000000 1970.000000
v 1483.671143 -123.000000 1950.898682
v 1488.633789 -123.000000 1932.377808
v 1496.737183 -123.000000 1915.000000
v 1507.735107 -123.000000 1899.293335
v 1521.293335 -123.000000 1885.735107
v 1537.000000 -123.000000 1874.737183
v 1554.377808 -123.000000 1866.633789
v 1572.898682 -123.000000 1861.671143
v 1592.000000 -123.000000 1860.000000
v 1611.101318 -123.000000 1861.671143
v 1629.622192 -123.000000 1866.633789
v 1647.000000 -123.000000 1874.737183
v 1662.706665 -123.000000 1885.735107
v 1676.264893 -123.000000 1899.293335
v 1687.262817 -123.000000 1915.000000
v 1695.366211 -123.000000 1932.377808
v 1700.328857 -123.000000 1950.898682
v 1592.000000 -123.000000 1872.000000
v 1609.017578 -123.000000 1873.488892
v 1625.517944 -123.000000 1877.910156
v 1641.000000 -123.000000 1885.129517
v 1654.993164 -123.000000 1894.927612
v 1667.072388 -123.000000 1907.006836
v 1676.870483 -123.000000 1921.000000
v 1684.089844 -123.000000 1936.482056
v 1688.511108 -123.000000 1952.982422
v 1690.000000 -123.000000 1970.000000
v 1494.000000 -123.000000 1970.000000
v 1495.488892 -123.000000 1952.982422
v 1499.910156 -123.000000 1936.482056
v 1507.129517 -123.000000 1921.000000
v 1516.927612 -123.000000 1907.006836
v 1529.006836 -123.000000 1894.927612
v 1543.000000 -123.000000 1885.129517
v 1558.482056 -123.000000 1877.910156
v 1574.982422 -123.000000 1873.488892
v 1592.000000 -123.000000 2068.000000
v 1574.982422 -123.000000 2066.511230
v 1558.482056 -123.000000 2062.089844
v 1543.000000 -123.000000 2054.870605
v 1529.006836 -123.000000 2045.072388
v 1516.927612 -123.000000 2032.993164
v 1507.129517 -123.000000 2019.000000
v 1499.910156 -123.000000 2003.517944
v 1495.488892 -123.000000 1987.017578
v 1688.511108 -123.000000 1987.017578
v 1684.089844 -123.000000 2003.517944
v 1676.870483 -123.000000 2019.000000
v 1667.072388 -123.000000 2032.993164
v 1654.993164 -123.000000 2045.072388
v 1641.000000 -123.000000 2054.870605
v 1625.517944 -123.000000 2062.089844
v 1609.017578 -123.000000 2066.511230
vn 0.000000 -1.000000 0.000000
vn 0.000000 -1.000000 0.000000
vn 0.000000 -1.000000 0.000000
vn 0.000000 -1.000000 0.000000
vn 0.000000 -1.000000 0.000000
vn 0.000000 -1.000000 0.000000
vn 0.000000 -1.000000 0.000000
vn 0.000000 -1.000000 0.000000
vn 0.000000 -1.000000 0.000000
vn 0.000000 -1.000000 0.000000
vn 0.000000 -1.000000 0.000000
vn 0.000000 -1.000000 0.000000
vn 0.000000 -1.000000 0.000000
vn 0.000000 -1.000000 0.000000
vn 0.000000 -1.000000 0.000000
vn 0.000000 -1.000000 0.000000
vn 0.000000 -1.000000 0.000000
vn 0.000000 -1.000000 0.000000
vn 0.000000 -1.000000 0.000000
vn 0.000000 -1.000000 0.000000
vn 0.000000 -1.000000 0.000000
vn 0.000000 -1.000000 0.000000
vn 0.000000 -1.000000 0.000000
vn 0.000000 -1.000000 0.000000
vn 0.000000 -1.000000 0.000000
vn 0.000000 -1.000000 0.000000
vn 0.000000 -1.000000 0.000000
vn 0.000000 -1.000000 0.000000
vn 0.000000 -1.000000 0.000000
vn 0.000000 -1.000000 0.000000
vn 0.000000 -1.000000 0.000000
vn 0.000000 -1.000000 0.000000
vn 0.000000 -1.000000 0.000000
vn 0.000000 -1.000000 0.000000
vn 0.000000 -1.000000 0.000000
vn 0.000000 -1.000000 0.000000
vn 0.000000 -1.000000 0.000000
vn 0.000000 -1.000000 0.000000
vn 0.000000 -1.000000 0.000000
vn 0.000000 -1.000000 0.000000
vn 0.000000 -1.000000 0.000000
vn 0.000000 -1.000000 0.000000
vn 0.000000 -1.000000 0.000000
vn 0.000000 -1.000000 0.000000
vn 0.000000 -1.000000 0.000000
vn 0.000000 -1.000000 0.000000
vn 0.000000 -1.000000 0.000000
vn 0.000000 -1.000000 0.000000
vn 0.000000 -1.000000 0.000000
vn 0.000000 -1.000000 0.000000
vn 0.000000 -1.000000 0.000000
vn 0.000000 -1.000000 0.000000
vn 0.000000 -1.000000 0.000000
vn 0.000000 -1.000000 0.000000
vn 0.000000 -1.000000 0.000000
vn 0.000000 -1.000000 0.000000
vn 0.000000 -1.000000 0.000000
vn 0.000000 -1.000000 0.000000
vn 0.000000 -1.000000 0.000000
vn 0.000000 -1.000000 0.000000
vn 0.000000 -1.000000 0.000000
vn 0.000000 -1.000000 0.000000
vn 0.000000 -1.000000 0.000000
vn 0.000000 -1.000000 0.000000
vn 0.000000 -1.000000 0.000000
vn 0.000000 -1.000000 0.000000
vn 0.000000 -1.000000 0.000000
vn 0.000000 -1.000000 0.000000
vn 0.000000 -1.000000 0.000000
vn 0.000000 -1.000000 0.000000
vn 0.000000 -1.000000 0.000000
vn 0.000000 -1.000000 0.000000
f 1837//1837 1791//1791 1792//1792
f 1836//1836 1790//1790 1791//1791
f 1836//1836 1791//1791 1837//1837
f 1838//1838 1837//1837 1792//1792
f 1835//1835 1788//1788 1789//1789
f 1835//1835 1789//1789 1790//1790
f 1835//1835 1790//1790 1836//1836
f 1839//1839 1792//1792 1793//1793
f 1839//1839 1838//1838 1792//1792
f 1834//1834 1788//1788 1835//1835
f 1840//1840 1793//1793 1794//1794
f 1840//1840 1839//1839 1793//1793
f 1833//1833 1787//1787 1788//1788
f 1833//1833 1788//1788 1834//1834
f 1823//1823 1840//1840 1794//1794
f 1823//1823 1794//1794 1795//1795
f 1832//1832 1787//1787 1833//1833
f 1832//1832 1786//1786 1787//1787
f 1785//1785 1786//1786 1832//1832
f 1824//1824 1795//1795 1796//1796
f 1824//1824 1823//1823 1795//1795
f 1848//1848 1785//1785 1832//1832
f 1825//1825 1824//1824 1796//1796
f 1825//1825 1796//1796 1797//1797
f 1847//1847 1784//1784 1785//1785
f 1847//1847 1785//1785 1848//1848
f 1798//1798 1825//1825 1797//1797
f 1826//1826 1825//1825 1798//1798
f 1846//1846 1783//1783 1784//1784
f 1846//1846 1784//1784 1847//1847
f 1782//1782 1783//1783 1846//1846
f 1827//1827 1798//1798 1799//1799
f 1827//1827 1826//1826 1798//1798
f 1845//1845 1782//1782 1846//1846
f 1828//1828 1827//1827 1799//1799
f 1844//1844 1782//1782 1845//1845
f 1800//1800 1828//1828 1799//1799
f 1781//1781 1782//1782 1844//1844
f 1843//1843 1781//1781 1844//1844
f 1801//1801 1829//1829 1828//1828
f 1801//1801 1828//1828 1800//1800
f 1780//1780 1781//1781 1843//1843
f 1830//1830 1829//1829 1801//1801
f 1842//1842 1780//1780 1843//1843
f 1802//1802 1830//1830 1801//1801
f 1779//1779 1780//1780 1842//1842
f 1841//1841 1779//1779 1842//1842
f 1803//1803 1831//1831 1830//1830
f 1803//1803 1830//1830 1802//1802
f 1778//1778 1779//1779 1841//1841
f 1813//1813 1831//1831 1803//1803
f 1777//1777 1841//1841 1822//1822
f 1777//1777 1778//1778 1841//1841
f 1804//1804 1813//1813 1803//1803
f 1821//1821 1777//1777 1822//1822
f 1812//1812 1777//1777 1821//1821
f 1805//1805 1814//1814 1813//1813
f 1805//1805 1813//1813 1804//1804
f 1811//1811 1820//1820 1819//1819
f 1811//1811 1821//1821 1820//1820
f 1811//1811 1812//1812 1821//1821
f 1806//1806 1815//1815 1814//1814
f 1806//1806 1814//1814 1805//1805
f 1810//1810 1811//1811 1819//1819
f 1807//1807 1816//1816 1815//1815
f 1807//1807 1815//1815 1806//1806
f 1808//1808 1817//1817 1816//1816
f 1808//1808 1818//1818 1817//1817
f 1808//1808 1816//1816 1807//1807
f 1809//1809 1810//1810 1819//1819
f 1809//1809 1818//1818 1808//1808
f 1809//1809 1819//1819 1818//1818
usemtl mat_2
v 1770.500000 0.000000 1892.500000
v 1770.500000 13.457734 1893.677368
v 1770.500000 26.506561 1897.173828
v 1770.500000 38.750000 1902.883057
v 1770.500000 49.816040 1910.631592
v 1770.500000 59.368443 1920.183960
v 1770.500000 67.116966 1931.250000
v 1770.500000 72.826180 1943.493408
v 1770.500000 76.322601 1956.542236
v 1770.500000 77.500000 1970.000000
v 1770.500000 -77.500000 1970.000000
v 1770.500000 -76.322601 1956.542236
v 1770.500000 -72.826180 1943.493408
v 1770.500000 -67.116966 1931.250000
v 1770.500000 -59.368443 1920.183960
v 1770.500000 -49.816040 1910.631592
v 1770.500000 -38.750000 1902.883057
v 1770.500000 -26.506561 1897.173828
v 1770.500000 -13.457734 1893.677368
v 1770.500000 0.000000 2047.500000
v 1770.500000 -13.457734 2046.322632
v 1770.500000 -26.506561 2042.826172
v 1770.500000 -38.750000 2037.116943
v 1770.500000 -49.816040 2029.368408
v 1770.500000 -59.368443 2019.816040
v 1770.500000 -67.116966 2008.750000
v 1770.500000 -72.826180 1996.506592
v 1770.500000 -76.322601 1983.457764
v 1770.500000 76.322601 1983.457764
v 1770.500000 72.826180 1996.506592
v 1770.500000 67.116966 2008.750000
v 1770.500000 59.368443 2019.816040
v 1770.500000 49.816040 2029.368408
v 1770.500000 38.750000 2037.116943
v 1770.500000 26.506561 2042.826172
v 1770.500000 13.457734 2046.322632
vn 1.000000 -0.000000 -0.000000
vn 1.000000 -0.000000 -0.000000
vn 1.000000 -0.000000 -0.000000
vn 1.000000 -0.000000 -0.000000
vn 1.000000 -0.000000 -0.000000
vn 1.000000 -0.000000 -0.000000
vn 1.000000 -0.000000 -0.000000
vn 1.000000 -0.000000 -0.000000
vn 1.000000 -0.000000 -0.000000
vn 1.000000 -0.000000 -0.000000
vn 1.000000 -0.000000 -0.000000
vn 1.000000 -0.000000 -0.000000
vn 1.000000 -0.000000 -0.000000
vn 1.000000 -0.000000 -0.000000
vn 1.000000 -0.000000 -0.000000
vn 1.000000 -0.000000 -0.000000
vn 1.000000 -0.000000 -0.000000
vn 1.000000 -0.000000 -0.000000
vn 1.000000 -0.000000 -0.000000
vn 1.000000 -0.000000 -0.000000
vn 1.000000 -0.000000 -0.000000
vn 1.000000 -0.000000 -0.000000
vn 1.000000 -0.000000 -0.000000
vn 1.000000 -0.000000 -0.000000
vn 1.000000 -0.000000 -0.000000
vn 1.000000 -0.000000 -0.000000
vn 1.000000 -0.000000 -0.000000
vn 1.000000 -0.000000 -0.000000
vn 1.000000 -0.000000 -0.000000
vn 1.000000 -0.000000 -0.000000
vn 1.000000 -0.000000 -0.000000
vn 1.000000 -0.000000 -0.000000
vn 1.000000 -0.000000 -0.000000
vn 1.000000 -0.000000 -0.000000
vn 1.000000 -0.000000 -0.000000
vn 1.000000 -0.000000 -0.000000
f 1859//1859 1860//1860 1861//1861
f 1859//1859 1861//1861 1862//1862
f 1875//1875 1862//1862 1863//1863
f 1875//1875 1876//1876 1859//1859
f 1875//1875 1859//1859 1862//1862
f 1852//1852 1849//1849 1850//1850
f 1852//1852 1850//1850 1851//1851
f 1852//1852 1864//1864 1865//1865
f 1852//1852 1865//1865 1866//1866
f 1852//1852 1866//1866 1867//1867
f 1852//1852 1867//1867 1849//1849
f 1874//1874 1863//1863 1864//1864
f 1874//1874 1875//1875 1863//1863
f 1872//1872 1873//1873 1874//1874
f 1872//1872 1874//1874 1864//1864
f 1855//1855 1852//1852 1853//1853
f 1855//1855 1853//1853 1854//1854
f 1857//1857 1855//1855 1856//1856
f 1869//1869 1870//1870 1871//1871
f 1869//1869 1871//1871 1872//1872
f 1868//1868 1869//1869 1872//1872
f 1878//1878 1857//1857 1858//1858
f 1878//1878 1858//1858 1877//1877
f 1879//1879 1864//1864 1852//1852
f 1879//1879 1852//1852 1855//1855
f 1879//1879 1872//1872 1864//1864
f 1879//1879 1855//1855 1857//1857
f 1879//1879 1857//1857 1878//1878
f 1881//1881 1872//1872 1879//1879
f 1881//1881 1879//1879 1880//1880
f 1881//1881 1882//1882 1883//1883
f 1881//1881 1883//1883 1884//1884
f 1881//1881 1884//1884 1868//1868
f 1881//1881 1868//1868 1872//1872
usemtl mat_1
v 1592.000000 -136.000000 1872.000000
v 1592.000000 -123.000000 1872.000000
v 1609.017578 -123.000000 1873.488892
v 1625.517944 -123.000000 1877.910156
v 1641.000000 -123.000000 1885.129517
v 1654.993164 -123.000000 1894.927612
v 1667.072388 -123.000000 1907.006836
v 1676.870483 -123.000000 1921.000000
v 1684.089844 -123.000000 1936.482056
v 1688.511108 -123.000000 1952.982422
v 1690.000000 -123.000000 1970.000000
v 1688.511108 -123.000000 1987.017578
v 1684.089844 -123.000000 2003.517944
v 1676.870483 -123.000000 2019.000000
v 1667.072388 -123.000000 2032.993164
v 1654.993164 -123.000000 2045.072388
v 1641.000000 -123.000000 2054.870605
v 1625.517944 -123.000000 2062.089844
v 1609.017578 -123.000000 2066.511230
v 1592.000000 -123.000000 2068.000000
v 1592.000000 -136.000000 2068.000000
v 1609.017578 -136.000000 2066.511230
v 1625.517944 -136.000000 2062.089844
v 1641.000000 -136.000000 2054.870605
v 1654.993164 -136.000000 2045.072388
v 1667.072388 -136.000000 2032.993164
v 1676.870483 -136.000000 2019.000000
v 1684.089844 -136.000000 2003.517944
v 1688.511108 -136.000000 1987.017578
v 1690.000000 -136.000000 1970.000000
v 1688.511108 -136.000000 1952.982422
v 1684.089844 -136.000000 1936.482056
v 1676.870483 -136.000000 1921.000000
v 1667.072388 -136.000000 1907.006836
v 1654.993164 -136.000000 1894.927612
v 1641.000000 -136.000000 1885.129517
v 1625.517944 -136.000000 1877.910156
v 1609.017578 -136.000000 1873.488892
vn 0.000000 0.000000 -1.000000
vn 0.000000 0.000000 -1.000000
vn 0.173648 0.000000 -0.984808
vn 0.342020 0.000000 -0.939693
vn 0.500000 0.000000 -0.866025
vn 0.642788 0.000000 -0.766044
vn 0.766044 0.000000 -0.642788
vn 0.866025 0.000000 -0.500000
vn 0.939693 0.000000 -0.342020
vn 0.984808 0.000000 -0.173648
vn 1.000000 -0.000000 0.000000
vn 0.984808 -0.000000 0.173648
vn 0.939693 -0.000000 0.342020
vn 0.866025 -0.000000 0.500000
vn 0.766044 -0.000000 0.642788
vn 0.642788 -0.000000 0.766044
vn 0.500000 -0.000000 0.866025
vn 0.342020 -0.000000 0.939693
vn 0.173648 -0.000000 0.984808
vn 0.000000 -0.000000 1.000000
vn 0.000000 -0.000000 1.000000
vn 0.173648 -0.000000 0.984808
vn 0.342020 -0.000000 0.939693
vn 0.500000 -0.000000 0.866025
vn 0.642788 -0.000000 0.766044
vn 0.766044 -0.000000 0.642788
vn 0.866025 -0.000000 0.500000
vn 0.939693 -0.000000 0.342020
vn 0.984808 -0.000000 0.173648
vn 1.000000 -0.000000 0.000000
vn 0.984808 0.000000 -0.173648
vn 0.939693 0.000000 -0.342020
vn 0.866025 0.000000 -0.500000
vn 0.766044 0.000000 -0.642788
vn 0.642788 0.000000 -0.766044
vn 0.500000 0.000000 -0.866025
vn 0.342020 0.000000 -0.939693
vn 0.173648 0.000000 -0.984808
f 1904//1904 1905//1905 1906//1906
f 1903//1903 1906//1906 1907//1907
f 1903//1903 1904//1904 1906//1906
f 1902//1902 1907//1907 1908//1908
f 1902//1902 1903//1903 1907//1907
f 1901//1901 1908//1908 1909//1909
f 1901//1901 1902//1902 1908//1908
f 1900//1900 1909//1909 1910//1910
f 1900//1900 1901//1901 1909//1909
f 1899//1899 1910//1910 1911//1911
f 1899//1899 1900//1900 1910//1910
f 1898//1898 1911//1911 1912//1912
f 1898//1898 1899//1899 1911//1911
f 1897//1897 1898//1898 1912//1912
f 1896//1896 1912//1912 1913//1913
f 1896//1896 1913//1913 1914//1914
f 1896//1896 1897//1897 1912//1912
f 1895//1895 1896//1896 1914//1914
f 1894//1894 1914//1914 1915//1915
f 1894//1894 1915//1915 1916//1916
f 1894//1894 1895//1895 1914//1914
f 1893//1893 1894//1894 1916//1916
f 1892//1892 1916//1916 1917//1917
f 1892//1892 1917//1917 1918//1918
f 1892//1892 1893//1893 1916//1916
f 1891//1891 1892//1892 1918//1918
f 1890//1890 1918//1918 1919//1919
f 1890//1890 1919//1919 1920//1920
f 1890//1890 1891//1891 1918//1918
f 1889//1889 1920//1920 1921//1921
f 1889//1889 1890//1890 1920//1920
f 1888//1888 1889//1889 1921//1921
f 1887//1887 1888//1888 1921//1921
f 1887//1887 1921//1921 1922//1922
f 1887//1887 1922//1922 1885//1885
f 1886//1886 1887//1887 1885//1885
v 1592.000000 -136.000000 2068.000000
v 1592.000000 -123.000000 2068.000000
v 1574.982422 -123.000000 2066.511230
v 1558.482056 -123.000000 2062.089844
v 1543.000000 -123.000000 2054.870605
v 1529.006836 -123.000000 2045.072388
v 1516.927612 -123.000000 2032.993164
v 1507.129517 -123.000000 2019.000000
v 1499.910156 -123.000000 2003.517944
v 1495.488892 -123.000000 1987.017578
v 1494.000000 -123.000000 1970.000000
v 1495.488892 -123.000000 1952.982422
v 1499.910156 -123.000000 1936.482056
v 1507.129517 -123.000000 1921.000000
v 1516.927612 -123.000000 1907.006836
v 1529.006836 -123.000000 1894.927612
v 1543.000000 -123.000000 1885.129517
v 1558.482056 -123.000000 1877.910156
v 1574.982422 -123.000000 1873.488892
v 1592.000000 -123.000000 1872.000000
v 1592.000000 -136.000000 1872.000000
v 1574.982422 -136.000000 1873.488892
v 1558.482056 -136.000000 1877.910156
v 1543.000000 -136.000000 1885.129517
v 1529.006836 -136.000000 1894.927612
v 1516.927612 -136.000000 1907.006836
v 1507.129517 -136.000000 1921.000000
v 1499.910156 -136.000000 1936.482056
v 1495.488892 -136.000000 1952.982422
v 1494.000000 -136.000000 1970.000000
v 1495.488892 -136.000000 1987.017578
v 1499.910156 -136.000000 2003.517944
v 1507.129517 -136.000000 2019.000000
v 1516.927612 -136.000000 2032.993164
v 1529.006836 -136.000000 2045.072388
v 1543.000000 -136.000000 2054.870605
v 1558.482056 -136.000000 2062.089844
v 1574.982422 -136.000000 2066.511230
vn -0.000000 0.000000 1.000000
vn -0.000000 0.000000 1.000000
vn -0.173648 0.000000 0.984808
vn -0.342020 0.000000 0.939693
vn -0.500000 0.000000 0.866025
vn -0.642788 0.000000 0.766044
vn -0.766044 0.000000 0.642788
vn -0.866025 0.000000 0.500000
vn -0.939693 0.000000 0.342020
vn -0.984808 0.000000 0.173648
vn -1.000000 0.000000 -0.000000
vn -0.984808 0.000000 -0.173648
vn -0.939693 0.000000 -0.342020
vn -0.866025 0.000000 -0.500000
vn -0.766044 0.000000 -0.642788
vn -0.642788 0.000000 -0.766044
vn -0.500000 0.000000 -0.866025
vn -0.342020 0.000000 -0.939693
vn -0.173648 0.000000 -0.984808
vn 0.000000 0.000000 -1.000000
vn 0.000000 0.000000 -1.000000
vn -0.173648 0.000000 -0.984808
vn -0.342020 0.000000 -0.939693
vn -0.500000 0.000000 -0.866025
vn -0.642788 0.000000 -0.766044
vn -0.766044 0.000000 -0.642788
vn -0.866025 0.000000 -0.500000
vn -0.939693 0.000000 -0.342020
vn -0.984808 0.000000 -0.173648
vn -1.000000 0.000000 -0.000000
vn -0.984808 0.000000 0.173648
vn -0.939693 0.000000 0.342020
vn -0.866025 0.000000 0.500000
vn -0.766044 0.000000 0.642788
vn -0.642788 0.000000 0.766044
vn -0.500000 0.000000 0.866025
vn -0.342020 0.000000 0.939693
vn -0.173648 0.000000 0.984808
f 1942//1942 1943//1943 1944//1944
f 1941//1941 1944//1944 1945//1945
f 1941//1941 1942//1942 1944//1944
f 1940//1940 1945//1945 1946//1946
f 1940//1940 1941//1941 1945//1945
f 1939//1939 1946//1946 1947//1947
f 1939//1939 1940//1940 1946//1946
f 1938//1938 1947//1947 1948//1948
f 1938//1938 1939//1939 1947//1947
f 1937//1937 1948//1948 1949//1949
f 1937//1937 1938//1938 1948//1948
f 1936//1936 1949//1949 1950//1950
f 1936//1936 1937//1937 1949//1949
f 1935//1935 1950//1950 1951//1951
f 1935//1935 1936//1936 1950//1950
f 1934//1934 1951//1951 1952//1952
f 1934//1934 1935//1935 1951//1951
f 1933//1933 1934//1934 1952//1952
f 1932//1932 1952//1952 1953//1953
f 1932//1932 1953//1953 1954//1954
f 1932//1932 1933//1933 1952//1952
f 1931//1931 1932//1932 1954//1954
f 1930//1930 1954//1954 1955//1955
f 1930//1930 1955//1955 1956//1956
f 1930//1930 1931//1931 1954//1954
f 1929//1929 1930//1930 1956//1956
f 1928//1928 1956//1956 1957//1957
f 1928//1928 1957//1957 1958//1958
f 1928//1928 1929//1929 1956//1956
f 1927//1927 1928//1928 1958//1958
f 1926//1926 1927//1927 1958//1958
f 1926//1926 1958//1958 1959//1959
f 1925//1925 1926//1926 1959//1959
f 1925//1925 1959//1959 1960//1960
f 1924//1924 1925//1925 1960//1960
f 1924//1924 1960//1960 1923//1923
v 1592.000000 -144.142136 2059.857910
v 1592.000000 -136.000000 2068.000000
v 1607.603638 -144.142136 2058.492676
v 1622.733154 -144.142136 2054.438721
v 1636.928955 -144.142136 2047.819214
v 1649.759521 -144.142136 2038.835083
v 1660.835083 -144.142136 2027.759521
v 1669.819214 -144.142136 2014.928955
v 1676.438721 -144.142136 2000.733154
v 1680.492676 -144.142136 1985.603638
v 1681.857910 -144.142136 1970.000000
v 1680.492676 -144.142136 1954.396362
v 1676.438721 -144.142136 1939.266846
v 1669.819214 -144.142136 1925.071045
v 1660.835083 -144.142136 1912.240479
v 1649.759521 -144.142136 1901.164917
v 1636.928955 -144.142136 1892.180786
v 1622.733154 -144.142136 1885.561279
v 1607.603638 -144.142136 1881.507324
v 1592.000000 -144.142136 1880.142090
v 1592.000000 -136.000000 1872.000000
v 1690.000000 -136.000000 1970.000000
v 1688.511108 -136.000000 1952.982422
v 1684.089844 -136.000000 1936.482056
v 1676.870483 -136.000000 1921.000000
v 1667.072388 -136.000000 1907.006836
v 1654.993164 -136.000000 1894.927612
v 1641.000000 -136.000000 1885.129517
v 1625.517944 -136.000000 1877.910156
v 1609.017578 -136.000000 1873.488892
v 1609.017578 -136.000000 2066.511230
v 1625.517944 -136.000000 2062.089844
v 1641.000000 -136.000000 2054.870605
v 1654.993164 -136.000000 2045.072388
v 1667.072388 -136.000000 2032.993164
v 1676.870483 -136.000000 2019.000000
v 1684.089844 -136.000000 2003.517944
v 1688.511108 -136.000000 1987.017578
vn 0.000000 -0.707107 0.707107
vn 0.000000 -0.707107 0.707107
vn 0.122788 -0.707107 0.696364
vn 0.241845 -0.707107 0.664463
vn 0.353553 -0.707107 0.612372
vn 0.454519 -0.707107 0.541675
vn 0.541675 -0.707107 0.454519
vn 0.612372 -0.707107 0.353553
vn 0.664463 -0.707107 0.241845
vn 0.696364 -0.707107 0.122788
vn 0.707107 -0.707107 0.000000
vn 0.696364 -0.707107 -0.122788
vn 0.664463 -0.707107 -0.241845
vn 0.612372 -0.707107 -0.353553
vn 0.541675 -0.707107 -0.454519
vn 0.454519 -0.707107 -0.541675
vn 0.353553 -0.707107 -0.612372
vn 0.241845 -0.707107 -0.664463
vn 0.122788 -0.707107 -0.696364
vn -0.000000 -0.707107 -0.707107
vn 0.000000 -0.707107 -0.707107
vn 0.707107 -0.707107 0.000000
vn 0.696364 -0.707107 -0.122788
vn 0.664463 -0.707107 -0.241845
vn 0.612372 -0.707107 -0.353553
vn 0.541675 -0.707107 -0.454519
vn 0.454519 -0.707107 -0.541675
vn 0.353553 -0.707107 -0.612372
vn 0.241845 -0.707107 -0.664463
vn 0.122788 -0.707107 -0.696364
vn 0.122788 -0.707107 0.696364
vn 0.241845 -0.707107 0.664463
vn 0.353553 -0.707107 0.612372
vn 0.454519 -0.707107 0.541675
vn 0.541675 -0.707107 0.454519
vn 0.612372 -0.707107 0.353553
vn 0.664463 -0.707107 0.241845
vn 0.696364 -0.707107 0.122788
f 1991//1991 1962//1962 1961//1961
f 1991//1991 1961//1961 1963//1963
f 1992//1992 1963//1963 1964//1964
f 1992//1992 1991//1991 1963//1963
f 1993//1993 1964//1964 1965//1965
f 1993//1993 1992//1992 1964//1964
f 1994//1994 1965//1965 1966//1966
f 1994//1994 1993//1993 1965//1965
f 1995//1995 1966//1966 1967//1967
f 1995//1995 1994//1994 1966//1966
f 1968//1968 1995//1995 1967//1967
f 1996//1996 1995//1995 1968//1968
f 1969//1969 1996//1996 1968//1968
f 1997//1997 1996//1996 1969//1969
f 1998//1998 1969//1969 1970//1970
f 1998//1998 1997//1997 1969//1969
f 1982//1982 1970//1970 1971//1971
f 1982//1982 1998//1998 1970//1970
f 1972//1972 1982//1982 1971//1971
f 1983//1983 1982//1982 1972//1972
f 1984//1984 1972//1972 1973//1973
f 1984//1984 1983//1983 1972//1972
f 1985//1985 1973//1973 1974//1974
f 1985//1985 1984//1984 1973//1973
f 1975//1975 1985//1985 1974//1974
f 1986//1986 1985//1985 1975//1975
f 1976//1976 1986//1986 1975//1975
f 1987//1987 1986//1986 1976//1976
f 1988//1988 1987//1987 1976//1976
f 1988//1988 1976//1976 1977//1977
f 1989//1989 1988//1988 1977//1977
f 1989//1989 1977//1977 1978//1978
f 1990//1990 1989//1989 1978//1978
f 1990//1990 1978//1978 1979//1979
f 1980//1980 1990//1990 1979//1979
f 1981//1981 1990//1990 1980//1980
v 1592.000000 -144.142136 1880.142090
v 1592.000000 -136.000000 1872.000000
v 1576.396362 -144.142136 1881.507324
v 1561.266846 -144.142136 1885.561279
v 1547.071045 -144.142136 1892.180786
v 1534.240479 -144.142136 1901.164917
v 1523.164917 -144.142136 1912.240479
v 1514.180786 -144.142136 1925.071045
v 1507.561279 -144.142136 1939.266846
v 1503.507324 -144.142136 1954.396362
v 1502.142090 -144.142136 1970.000000
v 1503.507324 -144.142136 1985.603638
v 1507.561279 -144.142136 2000.733154
v 1514.180786 -144.142136 2014.928955
v 1523.164917 -144.142136 2027.759521
v 1534.240479 -144.142136 2038.835083
v 1547.071045 -144.142136 2047.819214
v 1561.266846 -144.142136 2054.438721
v 1576.396362 -144.142136 2058.492676
v 1592.000000 -144.142136 2059.857910
v 1592.000000 -136.000000 2068.000000
v 1494.000000 -136.000000 1970.000000
v 1495.488892 -136.000000 1987.017578
v 1499.910156 -136.000000 2003.517944
v 1507.129517 -136.000000 2019.000000
v 1516.927612 -136.000000 2032.993164
v 1529.006836 -136.000000 2045.072388
v 1543.000000 -136.000000 2054.870605
v 1558.482056 -136.000000 2062.089844
v 1574.982422 -136.000000 2066.511230
v 1574.982422 -136.000000 1873.488892
v 1558.482056 -136.000000 1877.910156
v 1543.000000 -136.000000 1885.129517
v 1529.006836 -136.000000 1894.927612
v 1516.927612 -136.000000 1907.006836
v 1507.129517 -136.000000 1921.000000
v 1499.910156 -136.000000 1936.482056
v 1495.488892 -136.000000 1952.982422
vn 0.000000 -0.707107 -0.707107
vn 0.000000 -0.707107 -0.707107
vn -0.122788 -0.707107 -0.696364
vn -0.241845 -0.707107 -0.664463
vn -0.353553 -0.707107 -0.612372
vn -0.454519 -0.707107 -0.541675
vn -0.541675 -0.707107 -0.454519
vn -0.612372 -0.707107 -0.353553
vn -0.664463 -0.707107 -0.241845
vn -0.696364 -0.707107 -0.122788
vn -0.707107 -0.707107 -0.000000
vn -0.696364 -0.707107 0.122788
vn -0.664463 -0.707107 0.241845
vn -0.612372 -0.707107 0.353553
vn -0.541675 -0.707107 0.454519
vn -0.454519 -0.707107 0.541675
vn -0.353553 -0.707107 0.612372
vn -0.241845 -0.707107 0.664463
vn -0.122788 -0.707107 0.696364
vn -0.000000 -0.707107 0.707107
vn -0.000000 -0.707107 0.707107
vn -0.707107 -0.707107 -0.000000
vn -0.696364 -0.707107 0.122788
vn -0.664463 -0.707107 0.241845
vn -0.612372 -0.707107 0.353553
vn -0.541675 -0.707107 0.454519
vn -0.454519 -0.707107 0.541675
vn -0.353553 -0.707107 0.612372
vn -0.241845 -0.707107 0.664463
vn -0.122788 -0.707107 0.696364
vn -0.122788 -0.707107 -0.696364
vn -0.241845 -0.707107 -0.664463
vn -0.353553 -0.707107 -0.612372
vn -0.454519 -0.707107 -0.541675
vn -0.541675 -0.707107 -0.454519
vn -0.612372 -0.707107 -0.353553
vn -0.664463 -0.707107 -0.241845
vn -0.696364 -0.707107 -0.122788
f 2001//2001 2000//2000 1999//1999
f 2029//2029 2000//2000 2001//2001
f 2030//2030 2001//2001 2002//2002
f 2030//2030 2029//2029 2001//2001
f 2031//2031 2002//2002 2003//2003
f 2031//2031 2030//2030 2002//2002
f 2032//2032 2003//2003 2004//2004
f 2032//2032 2031//2031 2003//2003
f 2033//2033 2004//2004 2005//2005
f 2033//2033 2032//2032 2004//2004
f 2034//2034 2005//2005 2006//2006
f 2034//2034 2033//2033 2005//2005
f 2035//2035 2006//2006 2007//2007
f 2035//2035 2034//2034 2006//2006
f 2036//2036 2007//2007 2008//2008
f 2036//2036 2035//2035 2007//2007
f 2009//2009 2036//2036 2008//2008
f 2020//2020 2036//2036 2009//2009
f 2021//2021 2009//2009 2010//2010
f 2021//2021 2020//2020 2009//2009
f 2022//2022 2010//2010 2011//2011
f 2022//2022 2021//2021 2010//2010
f 2023//2023 2011//2011 2012//2012
f 2023//2023 2022//2022 2011//2011
f 2013//2013 2023//2023 2012//2012
f 2024//2024 2023//2023 2013//2013
f 2025//2025 2013//2013 2014//2014
f 2025//2025 2024//2024 2013//2013
f 2015//2015 2025//2025 2014//2014
f 2026//2026 2025//2025 2015//2015
f 2027//2027 2026//2026 2015//2015
f 2027//2027 2015//2015 2016//2016
f 2017//2017 2027//2027 2016//2016
f 2028//2028 2027//2027 2017//2017
f 2018//2018 2028//2028 2017//2017
f 2019//2019 2028//2028 2018//2018
v 1592.000000 -144.142136 2059.857910
v 1592.000000 -146.180344 2057.471436
v 1592.000000 -147.820129 2054.795654
v 1592.000000 -149.021133 2051.895996
v 1592.000000 -149.753769 2048.844482
v 1592.000000 -150.000000 2045.715698
v 1667.715698 -150.000000 1970.000000
v 1666.565430 -150.000000 1983.147949
v 1663.149536 -150.000000 1995.896362
v 1657.571777 -150.000000 2007.857910
v 1650.001587 -150.000000 2018.669189
v 1640.669189 -150.000000 2028.001587
v 1629.857910 -150.000000 2035.571777
v 1617.896362 -150.000000 2041.149536
v 1605.147949 -150.000000 2044.565430
v 1592.000000 -150.000000 1894.284302
v 1605.147949 -150.000000 1895.434570
v 1617.896362 -150.000000 1898.850464
v 1629.857910 -150.000000 1904.428223
v 1640.669189 -150.000000 1911.998413
v 1650.001587 -150.000000 1921.330811
v 1657.571777 -150.000000 1932.142090
v 1663.149536 -150.000000 1944.103638
v 1666.565430 -150.000000 1956.852051
v 1592.000000 -144.142136 1880.142090
v 1592.000000 -146.180344 1882.528564
v 1592.000000 -147.820129 1885.204468
v 1592.000000 -149.021133 1888.103882
v 1592.000000 -149.753769 1891.155640
v 1681.857910 -144.142136 1970.000000
v 1680.492676 -144.142136 1954.396362
v 1676.438721 -144.142136 1939.266846
v 1669.819214 -144.142136 1925.071045
v 1660.835083 -144.142136 1912.240479
v 1649.759521 -144.142136 1901.164917
v 1636.928955 -144.142136 1892.180786
v 1622.733154 -144.142136 1885.561279
v 1607.603638 -144.142136 1881.507324
v 1607.603638 -144.142136 2058.492676
v 1622.733154 -144.142136 2054.438721
v 1636.928955 -144.142136 2047.819214
v 1649.759521 -144.142136 2038.835083
v 1660.835083 -144.142136 2027.759521
v 1669.819214 -144.142136 2014.928955
v 1676.438721 -144.142136 2000.733154
v 1680.492676 -144.142136 1985.603638
v 1607.189209 -146.180344 1883.857422
v 1606.724609 -147.820129 1886.492676
v 1606.221069 -149.021133 1889.348145
v 1605.691162 -149.753769 1892.353394
v 1621.916992 -146.180344 1887.803711
v 1621.001831 -147.820129 1890.318237
v 1620.010132 -149.021133 1893.042847
v 1618.966431 -149.753769 1895.910522
v 1635.735718 -146.180344 1894.247559
v 1634.397827 -147.820129 1896.564941
v 1632.947998 -149.021133 1899.075928
v 1631.422241 -149.753769 1901.718750
v 1648.225586 -146.180344 1902.993042
v 1646.505493 -147.820129 1905.042847
v 1644.641724 -149.021133 1907.263916
v 1642.680176 -149.753769 1909.601685
v 1659.006958 -146.180344 1913.774414
v 1656.957153 -147.820129 1915.494507
v 1654.736084 -149.021133 1917.358276
v 1652.398315 -149.753769 1919.319824
v 1667.752441 -146.180344 1926.264282
v 1665.435059 -147.820129 1927.602173
v 1662.924072 -149.021133 1929.052002
v 1660.281250 -149.753769 1930.577759
v 1674.196289 -146.180344 1940.083008
v 1671.681763 -147.820129 1940.998169
v 1668.957153 -149.021133 1941.989868
v 1666.089478 -149.753769 1943.033569
v 1678.142578 -146.180344 1954.810791
v 1675.507324 -147.820129 1955.275391
v 1672.651855 -149.021133 1955.778931
v 1669.646606 -149.753769 1956.308838
v 1679.471436 -146.180344 1970.000000
v 1676.795532 -147.820129 1970.000000
v 1673.896118 -149.021133 1970.000000
v 1670.844360 -149.753769 1970.000000
v 1678.142578 -146.180344 1985.189209
v 1675.507324 -147.820129 1984.724609
v 1672.651855 -149.021133 1984.221069
v 1669.646606 -149.753769 1983.691162
v 1674.196289 -146.180344 1999.916992
v 1671.681763 -147.820129 1999.001831
v 1668.957153 -149.021133 1998.010132
v 1666.089478 -149.753769 1996.966431
v 1667.752441 -146.180344 2013.735718
v 1665.435059 -147.820129 2012.397827
v 1662.924072 -149.021133 2010.947998
v 1660.281250 -149.753769 2009.422241
v 1659.006958 -146.180344 2026.225586
v 1656.957153 -147.820129 2024.505493
v 1654.736084 -149.021133 2022.641724
v 1652.398315 -149.753769 2020.680176
v 1648.225586 -146.180344 2037.006958
v 1646.505493 -147.820129 2034.957153
v 1644.641724 -149.021133 2032.736084
v 1642.680176 -149.753769 2030.398315
v 1635.735718 -146.180344 2045.752441
v 1634.397827 -147.820129 2043.435059
v 1632.947998 -149.021133 2040.924072
v 1631.422241 -149.753769 2038.281250
v 1621.916992 -146.180344 2052.196289
v 1621.001831 -147.820129 2049.681641
v 1620.010132 -149.021133 2046.957153
v 1618.966431 -149.753769 2044.089478
v 1607.189209 -146.180344 2056.142578
v 1606.724609 -147.820129 2053.507324
v 1606.221069 -149.021133 2050.651855
v 1605.691162 -149.753769 2047.646606
vn 0.000000 -0.707107 0.707107
vn 0.000000 -0.809017 0.587785
vn 0.000000 -0.891007 0.453990
vn 0.000000 -0.951057 0.309017
vn 0.000000 -0.987688 0.156434
vn 0.000000 -1.000000 -0.000000
vn -0.000000 -1.000000 0.000000
vn -0.000000 -1.000000 -0.000000
vn -0.000000 -1.000000 -0.000000
vn -0.000000 -1.000000 -0.000000
vn -0.000000 -1.000000 -0.000000
vn -0.000000 -1.000000 -0.000000
vn -0.000000 -1.000000 -0.000000
vn -0.000000 -1.000000 -0.000000
vn -0.000000 -1.000000 -0.000000
vn 0.000000 -1.000000 0.000000
vn -0.000000 -1.000000 0.000000
vn -0.000000 -1.000000 0.000000
vn -0.000000 -1.000000 0.000000
vn -0.000000 -1.000000 0.000000
vn -0.000000 -1.000000 0.000000
vn -0.000000 -1.000000 0.000000
vn -0.000000 -1.000000 0.000000
vn -0.000000 -1.000000 0.000000
vn 0.000000 -0.707107 -0.707107
vn 0.000000 -0.809017 -0.587785
vn 0.000000 -0.891007 -0.453990
vn 0.000000 -0.951057 -0.309017
vn 0.000000 -0.987688 -0.156434
vn 0.707107 -0.707107 0.000000
vn 0.696364 -0.707107 -0.122788
vn 0.664463 -0.707107 -0.241845
vn 0.612372 -0.707107 -0.353553
vn 0.541675 -0.707107 -0.454519
vn 0.454519 -0.707107 -0.541675
vn 0.353553 -0.707107 -0.612372
vn 0.241845 -0.707107 -0.664463
vn 0.122788 -0.707107 -0.696364
vn 0.122788 -0.707107 0.696364
vn 0.241845 -0.707107 0.664463
vn 0.353553 -0.707107 0.612372
vn 0.454519 -0.707107 0.541675
vn 0.541675 -0.707107 0.454519
vn 0.612372 -0.707107 0.353553
vn 0.664463 -0.707107 0.241845
vn 0.696364 -0.707107 0.122788
vn 0.102068 -0.809017 -0.578855
vn 0.078835 -0.891007 -0.447093
vn 0.053660 -0.951057 -0.304322
vn 0.027165 -0.987688 -0.154058
vn 0.201034 -0.809017 -0.552337
vn 0.155274 -0.891007 -0.426612
vn 0.105690 -0.951057 -0.290381
vn 0.053504 -0.987688 -0.147000
vn 0.293893 -0.809017 -0.509037
vn 0.226995 -0.891007 -0.393167
vn 0.154509 -0.951057 -0.267617
vn 0.078217 -0.987688 -0.135476
vn 0.377821 -0.809017 -0.450270
vn 0.291819 -0.891007 -0.347777
vn 0.198632 -0.951057 -0.236721
vn 0.100554 -0.987688 -0.119836
vn 0.450270 -0.809017 -0.377821
vn 0.347777 -0.891007 -0.291819
vn 0.236721 -0.951057 -0.198632
vn 0.119836 -0.987688 -0.100554
vn 0.509037 -0.809017 -0.293893
vn 0.393167 -0.891007 -0.226995
vn 0.267617 -0.951057 -0.154509
vn 0.135476 -0.987688 -0.078217
vn 0.552337 -0.809017 -0.201034
vn 0.426612 -0.891007 -0.155274
vn 0.290381 -0.951057 -0.105690
vn 0.147000 -0.987688 -0.053504
vn 0.578855 -0.809017 -0.102068
vn 0.447093 -0.891007 -0.078835
vn 0.304322 -0.951057 -0.053660
vn 0.154058 -0.987688 -0.027165
vn 0.587785 -0.809017 0.000000
vn 0.453990 -0.891007 0.000000
vn 0.309017 -0.951057 0.000000
vn 0.156434 -0.987688 0.000000
vn 0.578855 -0.809017 0.102068
vn 0.447093 -0.891007 0.078835
vn 0.304322 -0.951057 0.053660
vn 0.154058 -0.987688 0.027165
vn 0.552337 -0.809017 0.201034
vn 0.426612 -0.891007 0.155274
vn 0.290381 -0.951057 0.105690
vn 0.147000 -0.987688 0.053504
vn 0.509037 -0.809017 0.293893
vn 0.393167 -0.891007 0.226995
vn 0.267617 -0.951057 0.154509
vn 0.135476 -0.987688 0.078217
vn 0.450270 -0.809017 0.377821
vn 0.347777 -0.891007 0.291819
vn 0.236721 -0.951057 0.198632
vn 0.119836 -0.987688 0.100554
vn 0.377821 -0.809017 0.450270
vn 0.291819 -0.891007 0.347777
vn 0.198632 -0.951057 0.236721
vn 0.100554 -0.987688 0.119836
vn 0.293893 -0.809017 0.509037
vn 0.226995 -0.891007 0.393167
vn 0.154509 -0.951057 0.267617
vn 0.078217 -0.987688 0.135476
vn 0.201034 -0.809017 0.552337
vn 0.155274 -0.891007 0.426612
vn 0.105690 -0.951057 0.290381
vn 0.053504 -0.987688 0.147000
vn 0.102068 -0.809017 0.578855
vn 0.078835 -0.891007 0.447093
vn 0.053660 -0.951057 0.304322
vn 0.027165 -0.987688 0.154058
f 2053//2053 2052//2052 2065//2065
f 2083//2083 2062//2062 2061//2061
f 2083//2083 2061//2061 2074//2074
f 2084//2084 2063//2063 2062//2062
f 2084//2084 2062//2062 2083//2083
f 2085//2085 2064//2064 2063//2063
f 2085//2085 2063//2063 2084//2084
f 2086//2086 2065//2065 2064//2064
f 2086//2086 2053//2053 2065//2065
f 2086//2086 2064//2064 2085//2085
f 2087//2087 2083//2083 2074//2074
f 2087//2087 2074//2074 2073//2073
f 2088//2088 2084//2084 2083//2083
f 2088//2088 2083//2083 2087//2087
f 2088//2088 2085//2085 2084//2084
f 2089//2089 2085//2085 2088//2088
f 2090//2090 2054//2054 2053//2053
f 2090//2090 2085//2085 2089//2089
f 2090//2090 2053//2053 2086//2086
f 2090//2090 2086//2086 2085//2085
f 2091//2091 2073//2073 2072//2072
f 2091//2091 2087//2087 2073//2073
f 2092//2092 2088//2088 2087//2087
f 2092//2092 2087//2087 2091//2091
f 2093//2093 2088//2088 2092//2092
f 2093//2093 2089//2089 2088//2088
f 2094//2094 2055//2055 2054//2054
f 2094//2094 2056//2056 2055//2055
f 2094//2094 2054//2054 2090//2090
f 2094//2094 2089//2089 2093//2093
f 2094//2094 2090//2090 2089//2089
f 2095//2095 2091//2091 2072//2072
f 2095//2095 2072//2072 2071//2071
f 2096//2096 2091//2091 2095//2095
f 2096//2096 2092//2092 2091//2091
f 2097//2097 2094//2094 2093//2093
f 2097//2097 2093//2093 2092//2092
f 2097//2097 2092//2092 2096//2096
f 2098//2098 2056//2056 2094//2094
f 2098//2098 2094//2094 2097//2097
f 2099//2099 2095//2095 2071//2071
f 2099//2099 2071//2071 2070//2070
f 2100//2100 2095//2095 2099//2099
f 2100//2100 2096//2096 2095//2095
f 2101//2101 2096//2096 2100//2100
f 2101//2101 2097//2097 2096//2096
f 2102//2102 2057//2057 2056//2056
f 2102//2102 2058//2058 2057//2057
f 2102//2102 2097//2097 2101//2101
f 2102//2102 2056//2056 2098//2098
f 2102//2102 2098//2098 2097//2097
f 2103//2103 2100//2100 2099//2099
f 2103//2103 2070//2070 2069//2069
f 2103//2103 2099//2099 2070//2070
f 2104//2104 2100//2100 2103//2103
f 2105//2105 2101//2101 2100//2100
f 2105//2105 2100//2100 2104//2104
f 2106//2106 2059//2059 2058//2058
f 2106//2106 2102//2102 2101//2101
f 2106//2106 2101//2101 2105//2105
f 2106//2106 2058//2058 2102//2102
f 2107//2107 2069//2069 2068//2068
f 2107//2107 2103//2103 2069//2069
f 2108//2108 2104//2104 2103//2103
f 2108//2108 2105//2105 2104//2104
f 2108//2108 2103//2103 2107//2107
f 2109//2109 2106//2106 2105//2105
f 2109//2109 2105//2105 2108//2108
f 2110//2110 2060//2060 2059//2059
f 2110//2110 2059//2059 2106//2106
f 2110//2110 2106//2106 2109//2109
f 2111//2111 2068//2068 2067//2067
f 2111//2111 2107//2107 2068//2068
f 2112//2112 2108//2108 2107//2107
f 2112//2112 2107//2107 2111//2111
f 2113//2113 2109//2109 2108//2108
f 2113//2113 2108//2108 2112//2112
f 2114//2114 2060//2060 2110//2110
f 2114//2114 2110//2110 2109//2109
f 2114//2114 2109//2109 2113//2113
f 2115//2115 2067//2067 2066//2066
f 2115//2115 2112//2112 2111//2111
f 2115//2115 2111//2111 2067//2067
f 2116//2116 2112//2112 2115//2115
f 2117//2117 2113//2113 2112//2112
f 2117//2117 2112//2112 2116//2116
f 2118//2118 2043//2043 2060//2060
f 2118//2118 2060//2060 2114//2114
f 2118//2118 2114//2114 2113//2113
f 2118//2118 2113//2113 2117//2117
f 2119//2119 2082//2082 2081//2081
f 2119//2119 2066//2066 2082//2082
f 2119//2119 2115//2115 2066//2066
f 2120//2120 2116//2116 2115//2115
f 2120//2120 2115//2115 2119//2119
f 2121//2121 2117//2117 2116//2116
f 2121//2121 2116//2116 2120//2120
f 2122//2122 2117//2117 2121//2121
f 2122//2122 2044//2044 2043//2043
f 2122//2122 2045//2045 2044//2044
f 2122//2122 2043//2043 2118//2118
f 2122//2122 2118//2118 2117//2117
f 2123//2123 2119//2119 2081//2081
f 2124//2124 2120//2120 2119//2119
f 2124//2124 2121//2121 2120//2120
f 2124//2124 2119//2119 2123//2123
f 2125//2125 2121//2121 2124//2124
f 2125//2125 2122//2122 2121//2121
f 2126//2126 2045//2045 2122//2122
f 2126//2126 2122//2122 2125//2125
f 2127//2127 2123//2123 2081//2081
f 2127//2127 2080//2080 2079//2079
f 2127//2127 2081//2081 2080//2080
f 2128//2128 2123//2123 2127//2127
f 2128//2128 2124//2124 2123//2123
f 2128//2128 2125//2125 2124//2124
f 2129//2129 2125//2125 2128//2128
f 2130//2130 2046//2046 2045//2045
f 2130//2130 2047//2047 2046//2046
f 2130//2130 2045//2045 2126//2126
f 2130//2130 2126//2126 2125//2125
f 2130//2130 2125//2125 2129//2129
f 2131//2131 2127//2127 2079//2079
f 2131//2131 2079//2079 2078//2078
f 2131//2131 2128//2128 2127//2127
f 2132//2132 2128//2128 2131//2131
f 2133//2133 2129//2129 2128//2128
f 2133//2133 2130//2130 2129//2129
f 2133//2133 2128//2128 2132//2132
f 2134//2134 2047//2047 2130//2130
f 2134//2134 2130//2130 2133//2133
f 2135//2135 2131//2131 2078//2078
f 2136//2136 2132//2132 2131//2131
f 2136//2136 2131//2131 2135//2135
f 2137//2137 2133//2133 2132//2132
f 2137//2137 2132//2132 2136//2136
f 2138//2138 2048//2048 2047//2047
f 2138//2138 2049//2049 2048//2048
f 2138//2138 2133//2133 2137//2137
f 2138//2138 2047//2047 2134//2134
f 2138//2138 2134//2134 2133//2133
f 2139//2139 2077//2077 2076//2076
f 2139//2139 2078//2078 2077//2077
f 2139//2139 2135//2135 2078//2078
f 2140//2140 2136//2136 2135//2135
f 2140//2140 2135//2135 2139//2139
f 2141//2141 2137//2137 2136//2136
f 2141//2141 2138//2138 2137//2137
f 2141//2141 2136//2136 2140//2140
f 2142//2142 2049//2049 2138//2138
f 2142//2142 2138//2138 2141//2141
f 2143//2143 2139//2139 2076//2076
f 2144//2144 2140//2140 2139//2139
f 2144//2144 2139//2139 2143//2143
f 2145//2145 2141//2141 2140//2140
f 2145//2145 2140//2140 2144//2144
f 2146//2146 2050//2050 2049//2049
f 2146//2146 2049//2049 2142//2142
f 2146//2146 2142//2142 2141//2141
f 2146//2146 2141//2141 2145//2145
f 2147//2147 2037//2037 2038//2038
f 2147//2147 2038//2038 2039//2039
f 2147//2147 2075//2075 2037//2037
f 2147//2147 2076//2076 2075//2075
f 2147//2147 2143//2143 2076//2076
f 2148//2148 2144//2144 2143//2143
f 2148//2148 2147//2147 2039//2039
f 2148//2148 2143//2143 2147//2147
f 2149//2149 2039//2039 2040//2040
f 2149//2149 2040//2040 2041//2041
f 2149//2149 2145//2145 2144//2144
f 2149//2149 2144//2144 2148//2148
f 2149//2149 2146//2146 2145//2145
f 2149//2149 2148//2148 2039//2039
f 2150//2150 2041//2041 2042//2042
f 2150//2150 2051//2051 2050//2050
f 2150//2150 2042//2042 2051//2051
f 2150//2150 2149//2149 2041//2041
f 2150//2150 2050//2050 2146//2146
f 2150//2150 2146//2146 2149//2149
v 1592.000000 -144.142136 1880.142090
v 1592.000000 -146.180344 1882.528564
v 1592.000000 -147.820129 1885.204468
v 1592.000000 -149.021133 1888.103882
v 1592.000000 -149.753769 1891.155640
v 1592.000000 -150.000000 1894.284302
v 1516.284302 -150.000000 1970.000000
v 1517.434570 -150.000000 1956.852051
v 1520.850464 -150.000000 1944.103638
v 1526.428223 -150.000000 1932.142090
v 1533.998413 -150.000000 1921.330811
v 1543.330811 -150.000000 1911.998413
v 1554.142090 -150.000000 1904.428223
v 1566.103638 -150.000000 1898.850464
v 1578.852051 -150.000000 1895.434570
v 1592.000000 -150.000000 2045.715698
v 1578.852051 -150.000000 2044.565430
v 1566.103638 -150.000000 2041.149536
v 1554.142090 -150.000000 2035.571777
v 1543.330811 -150.000000 2028.001587
v 1533.998413 -150.000000 2018.669189
v 1526.428223 -150.000000 2007.857910
v 1520.850464 -150.000000 1995.896362
v 1517.434570 -150.000000 1983.147949
v 1592.000000 -144.142136 2059.857910
v 1592.000000 -146.180344 2057.471436
v 1592.000000 -147.820129 2054.795654
v 1592.000000 -149.021133 2051.895996
v 1592.000000 -149.753769 2048.844482
v 1502.142090 -144.142136 1970.000000
v 1503.507324 -144.142136 1985.603638
v 1507.561279 -144.142136 2000.733154
v 1514.180786 -144.142136 2014.928955
v 1523.164917 -144.142136 2027.759521
v 1534.240479 -144.142136 2038.835083
v 1547.071045 -144.142136 2047.819214
v 1561.266846 -144.142136 2054.438721
v 1576.396362 -144.142136 2058.492676
v 1576.396362 -144.142136 1881.507324
v 1561.266846 -144.142136 1885.561279
v 1547.071045 -144.142136 1892.180786
v 1534.240479 -144.142136 1901.164917
v 1523.164917 -144.142136 1912.240479
v 1514.180786 -144.142136 1925.071045
v 1507.561279 -144.142136 1939.266846
v 1503.507324 -144.142136 1954.396362
v 1576.810791 -146.180344 2056.142578
v 1577.275391 -147.820129 2053.507324
v 1577.778931 -149.021133 2050.651855
v 1578.308838 -149.753769 2047.646606
v 1562.083008 -146.180344 2052.196289
v 1562.998169 -147.820129 2049.681641
v 1563.989868 -149.021133 2046.957153
v 1565.033569 -149.753769 2044.089478
v 1548.264282 -146.180344 2045.752441
v 1549.602173 -147.820129 2043.435059
v 1551.052002 -149.021133 2040.924072
v 1552.577759 -149.753769 2038.281250
v 1535.774414 -146.180344 2037.006958
v 1537.494507 -147.820129 2034.957153
v 1539.358276 -149.021133 2032.736084
v 1541.319824 -149.753769 2030.398315
v 1524.993042 -146.180344 2026.225586
v 1527.042847 -147.820129 2024.505493
v 1529.263916 -149.021133 2022.641724
v 1531.601685 -149.753769 2020.680176
v 1516.247559 -146.180344 2013.735718
v 1518.564941 -147.820129 2012.397827
v 1521.075928 -149.021133 2010.947998
v 1523.718750 -149.753769 2009.422241
v 1509.803711 -146.180344 1999.916992
v 1512.318237 -147.820129 1999.001831
v 1515.042847 -149.021133 1998.010132
v 1517.910522 -149.753769 1996.966431
v 1505.857422 -146.180344 1985.189209
v 1508.492676 -147.820129 1984.724609
v 1511.348145 -149.021133 1984.221069
v 1514.353394 -149.753769 1983.691162
v 1504.528564 -146.180344 1970.000000
v 1507.204468 -147.820129 1970.000000
v 1510.103882 -149.021133 1970.000000
v 1513.155640 -149.753769 1970.000000
v 1505.857422 -146.180344 1954.810791
v 1508.492676 -147.820129 1955.275391
v 1511.348145 -149.021133 1955.778931
v 1514.353394 -149.753769 1956.308838
v 1509.803711 -146.180344 1940.083008
v 1512.318237 -147.820129 1940.998169
v 1515.042847 -149.021133 1941.989868
v 1517.910522 -149.753769 1943.033569
v 1516.247559 -146.180344 1926.264282
v 1518.564941 -147.820129 1927.602173
v 1521.075928 -149.021133 1929.052002
v 1523.718750 -149.753769 1930.577759
v 1524.993042 -146.180344 1913.774414
v 1527.042847 -147.820129 1915.494507
v 1529.263916 -149.021133 1917.358276
v 1531.601685 -149.753769 1919.319824
v 1535.774414 -146.180344 1902.993042
v 1537.494507 -147.820129 1905.042847
v 1539.358276 -149.021133 1907.263916
v 1541.319824 -149.753769 1909.601685
v 1548.264282 -146.180344 1894.247559
v 1549.602173 -147.820129 1896.564941
v 1551.052002 -149.021133 1899.075928
v 1552.577759 -149.753769 1901.718750
v 1562.083008 -146.180344 1887.803711
v 1562.998169 -147.820129 1890.318237
v 1563.989868 -149.021133 1893.042847
v 1565.033569 -149.753769 1895.910522
v 1576.810791 -146.180344 1883.857422
v 1577.275391 -147.820129 1886.492676
v 1577.778931 -149.021133 1889.348145
v 1578.308838 -149.753769 1892.353394
vn -0.000000 -0.707107 -0.707107
vn -0.000000 -0.809017 -0.587785
vn -0.000000 -0.891007 -0.453990
vn -0.000000 -0.951057 -0.309017
vn -0.000000 -0.987688 -0.156434
vn 0.000000 -1.000000 0.000000
vn 0.000000 -1.000000 -0.000000
vn 0.000000 -1.000000 0.000000
vn 0.000000 -1.000000 0.000000
vn 0.000000 -1.000000 0.000000
vn 0.000000 -1.000000 0.000000
vn 0.000000 -1.000000 0.000000
vn 0.000000 -1.000000 0.000000
vn 0.000000 -1.000000 0.000000
vn 0.000000 -1.000000 0.000000
vn -0.000000 -1.000000 -0.000000
vn 0.000000 -1.000000 -0.000000
vn 0.000000 -1.000000 -0.000000
vn 0.000000 -1.000000 -0.000000
vn 0.000000 -1.000000 -0.000000
vn 0.000000 -1.000000 -0.000000
vn 0.000000 -1.000000 -0.000000
vn 0.000000 -1.000000 -0.000000
vn 0.000000 -1.000000 -0.000000
vn 0.000000 -0.707107 0.707107
vn 0.000000 -0.809017 0.587785
vn 0.000000 -0.891007 0.453990
vn 0.000000 -0.951057 0.309017
vn 0.000000 -0.987688 0.156434
vn -0.707107 -0.707107 0.000000
vn -0.696364 -0.707107 0.122788
vn -0.664463 -0.707107 0.241845
vn -0.612372 -0.707107 0.353553
vn -0.541675 -0.707107 0.454519
vn -0.454519 -0.707107 0.541675
vn -0.353553 -0.707107 0.612372
vn -0.241845 -0.707107 0.664463
vn -0.122788 -0.707107 0.696364
vn -0.122788 -0.707107 -0.696364
vn -0.241845 -0.707107 -0.664463
vn -0.353553 -0.707107 -0.612372
vn -0.454519 -0.707107 -0.541675
vn -0.541675 -0.707107 -0.454519
vn -0.612372 -0.707107 -0.353553
vn -0.664463 -0.707107 -0.241845
vn -0.696364 -0.707107 -0.122788
vn -0.102068 -0.809017 0.578855
vn -0.078835 -0.891007 0.447093
vn -0.053660 -0.951057 0.304322
vn -0.027165 -0.987688 0.154058
vn -0.201034 -0.809017 0.552337
vn -0.155274 -0.891007 0.426612
vn -0.105690 -0.951057 0.290381
vn -0.053504 -0.987688 0.147000
vn -0.293893 -0.809017 0.509037
vn -0.226995 -0.891007 0.393167
vn -0.154509 -0.951057 0.267617
vn -0.078217 -0.987688 0.135476
vn -0.377821 -0.809017 0.450270
vn -0.291819 -0.891007 0.347777
vn -0.198632 -0.951057 0.236721
vn -0.100554 -0.987688 0.119836
vn -0.450270 -0.809017 0.377821
vn -0.347777 -0.891007 0.291819
vn -0.236721 -0.951057 0.198632
vn -0.119836 -0.987688 0.100554
vn -0.509037 -0.809017 0.293893
vn -0.393167 -0.891007 0.226995
vn -0.267617 -0.951057 0.154509
vn -0.135476 -0.987688 0.078217
vn -0.552337 -0.809017 0.201034
vn -0.426612 -0.891007 0.155274
vn -0.290381 -0.951057 0.105690
vn -0.147000 -0.987688 0.053504
vn -0.578855 -0.809017 0.102068
vn -0.447093 -0.891007 0.078835
vn -0.304322 -0.951057 0.053660
vn -0.154058 -0.987688 0.027165
vn -0.587785 -0.809017 0.000000
vn -0.453990 -0.891007 0.000000
vn -0.309017 -0.951057 0.000000
vn -0.156434 -0.987688 0.000000
vn -0.578855 -0.809017 -0.102068
vn -0.447093 -0.891007 -0.078835
vn -0.304322 -0.951057 -0.053660
vn -0.154058 -0.987688 -0.027165
vn -0.552337 -0.809017 -0.201034
vn -0.426612 -0.891007 -0.155274
vn -0.290381 -0.951057 -0.105690
vn -0.147000 -0.987688 -0.053504
vn -0.509037 -0.809017 -0.293893
vn -0.393167 -0.891007 -0.226995
vn -0.267617 -0.951057 -0.154509
vn -0.135476 -0.987688 -0.078217
vn -0.450270 -0.809017 -0.377821
vn -0.347777 -0.891007 -0.291819
vn -0.236721 -0.951057 -0.198632
vn -0.119836 -0.987688 -0.100554
vn -0.377821 -0.809017 -0.450270
vn -0.291819 -0.891007 -0.347777
vn -0.198632 -0.951057 -0.236721
vn -0.100554 -0.987688 -0.119836
vn -0.293893 -0.809017 -0.509037
vn -0.226995 -0.891007 -0.393167
vn -0.154509 -0.951057 -0.267617
vn -0.078217 -0.987688 -0.135476
vn -0.201034 -0.809017 -0.552337
vn -0.155274 -0.891007 -0.426612
vn -0.105690 -0.951057 -0.290381
vn -0.053504 -0.987688 -0.147000
vn -0.102068 -0.809017 -0.578855
vn -0.078835 -0.891007 -0.447093
vn -0.053660 -0.951057 -0.304322
vn -0.027165 -0.987688 -0.154058
f 2167//2167 2166//2166 2179//2179
f 2156//2156 2165//2165 2155//2155
f 2197//2197 2176//2176 2175//2175
f 2197//2197 2175//2175 2188//2188
f 2198//2198 2177//2177 2176//2176
f 2198//2198 2176//2176 2197//2197
f 2199//2199 2178//2178 2177//2177
f 2199//2199 2177//2177 2198//2198
f 2200//2200 2179//2179 2178//2178
f 2200//2200 2167//2167 2179//2179
f 2200//2200 2178//2178 2199//2199
f 2201//2201 2197//2197 2188//2188
f 2201//2201 2198//2198 2197//2197
f 2201//2201 2188//2188 2187//2187
f 2202//2202 2198//2198 2201//2201
f 2203//2203 2198//2198 2202//2202
f 2203//2203 2199//2199 2198//2198
f 2204//2204 2168//2168 2167//2167
f 2204//2204 2169//2169 2168//2168
f 2204//2204 2199//2199 2203//2203
f 2204//2204 2167//2167 2200//2200
f 2204//2204 2200//2200 2199//2199
f 2205//2205 2187//2187 2186//2186
f 2205//2205 2201//2201 2187//2187
f 2206//2206 2202//2202 2201//2201
f 2206//2206 2201//2201 2205//2205
f 2207//2207 2202//2202 2206//2206
f 2207//2207 2204//2204 2203//2203
f 2207//2207 2203//2203 2202//2202
f 2208//2208 2204//2204 2207//2207
f 2208//2208 2169//2169 2204//2204
f 2209//2209 2186//2186 2185//2185
f 2209//2209 2205//2205 2186//2186
f 2210//2210 2205//2205 2209//2209
f 2210//2210 2206//2206 2205//2205
f 2211//2211 2206//2206 2210//2210
f 2211//2211 2207//2207 2206//2206
f 2212//2212 2170//2170 2169//2169
f 2212//2212 2208//2208 2207//2207
f 2212//2212 2169//2169 2208//2208
f 2212//2212 2207//2207 2211//2211
f 2213//2213 2185//2185 2184//2184
f 2213//2213 2209//2209 2185//2185
f 2214//2214 2211//2211 2210//2210
f 2214//2214 2210//2210 2209//2209
f 2214//2214 2209//2209 2213//2213
f 2215//2215 2211//2211 2214//2214
f 2216//2216 2171//2171 2170//2170
f 2216//2216 2211//2211 2215//2215
f 2216//2216 2170//2170 2212//2212
f 2216//2216 2212//2212 2211//2211
f 2217//2217 2184//2184 2183//2183
f 2217//2217 2213//2213 2184//2184
f 2218//2218 2213//2213 2217//2217
f 2218//2218 2214//2214 2213//2213
f 2219//2219 2214//2214 2218//2218
f 2219//2219 2215//2215 2214//2214
f 2220//2220 2172//2172 2171//2171
f 2220//2220 2215//2215 2219//2219
f 2220//2220 2216//2216 2215//2215
f 2220//2220 2171//2171 2216//2216
f 2221//2221 2217//2217 2183//2183
f 2221//2221 2183//2183 2182//2182
f 2222//2222 2218//2218 2217//2217
f 2222//2222 2217//2217 2221//2221
f 2223//2223 2219//2219 2218//2218
f 2223//2223 2218//2218 2222//2222
f 2223//2223 2220//2220 2219//2219
f 2224//2224 2173//2173 2172//2172
f 2224//2224 2220//2220 2223//2223
f 2224//2224 2172//2172 2220//2220
f 2225//2225 2182//2182 2181//2181
f 2225//2225 2221//2221 2182//2182
f 2226//2226 2222//2222 2221//2221
f 2226//2226 2221//2221 2225//2225
f 2227//2227 2223//2223 2222//2222
f 2227//2227 2222//2222 2226//2226
f 2228//2228 2174//2174 2173//2173
f 2228//2228 2173//2173 2224//2224
f 2228//2228 2223//2223 2227//2227
f 2228//2228 2224//2224 2223//2223
f 2229//2229 2181//2181 2180//2180
f 2229//2229 2225//2225 2181//2181
f 2230//2230 2226//2226 2225//2225
f 2230//2230 2227//2227 2226//2226
f 2230//2230 2225//2225 2229//2229
f 2231//2231 2227//2227 2230//2230
f 2232//2232 2157//2157 2174//2174
f 2232//2232 2174//2174 2228//2228
f 2232//2232 2228//2228 2227//2227
f 2232//2232 2227//2227 2231//2231
f 2233//2233 2229//2229 2180//2180
f 2233//2233 2180//2180 2196//2196
f 2234//2234 2230//2230 2229//2229
f 2234//2234 2229//2229 2233//2233
f 2235//2235 2230//2230 2234//2234
f 2235//2235 2231//2231 2230//2230
f 2236//2236 2231//2231 2235//2235
f 2236//2236 2158//2158 2157//2157
f 2236//2236 2157//2157 2232//2232
f 2236//2236 2232//2232 2231//2231
f 2237//2237 2196//2196 2195//2195
f 2237//2237 2233//2233 2196//2196
f 2238//2238 2234//2234 2233//2233
f 2238//2238 2233//2233 2237//2237
f 2239//2239 2235//2235 2234//2234
f 2239//2239 2236//2236 2235//2235
f 2239//2239 2234//2234 2238//2238
f 2240//2240 2236//2236 2239//2239
f 2240//2240 2159//2159 2158//2158
f 2240//2240 2160//2160 2159//2159
f 2240//2240 2158//2158 2236//2236
f 2241//2241 2237//2237 2195//2195
f 2241//2241 2195//2195 2194//2194
f 2242//2242 2237//2237 2241//2241
f 2242//2242 2238//2238 2237//2237
f 2243//2243 2239//2239 2238//2238
f 2243//2243 2238//2238 2242//2242
f 2244//2244 2240//2240 2239//2239
f 2244//2244 2239//2239 2243//2243
f 2244//2244 2160//2160 2240//2240
f 2245//2245 2242//2242 2241//2241
f 2245//2245 2241//2241 2194//2194
f 2245//2245 2194//2194 2193//2193
f 2246//2246 2242//2242 2245//2245
f 2247//2247 2243//2243 2242//2242
f 2247//2247 2242//2242 2246//2246
f 2248//2248 2161//2161 2160//2160
f 2248//2248 2243//2243 2247//2247
f 2248//2248 2160//2160 2244//2244
f 2248//2248 2244//2244 2243//2243
f 2249//2249 2245//2245 2193//2193
f 2249//2249 2193//2193 2192//2192
f 2250//2250 2245//2245 2249//2249
f 2250//2250 2246//2246 2245//2245
f 2250//2250 2247//2247 2246//2246
f 2251//2251 2247//2247 2250//2250
f 2252//2252 2162//2162 2161//2161
f 2252//2252 2163//2163 2162//2162
f 2252//2252 2161//2161 2248//2248
f 2252//2252 2248//2248 2247//2247
f 2252//2252 2247//2247 2251//2251
f 2253//2253 2192//2192 2191//2191
f 2253//2253 2249//2249 2192//2192
f 2254//2254 2250//2250 2249//2249
f 2254//2254 2249//2249 2253//2253
f 2255//2255 2251//2251 2250//2250
f 2255//2255 2252//2252 2251//2251
f 2255//2255 2250//2250 2254//2254
f 2256//2256 2163//2163 2252//2252
f 2256//2256 2252//2252 2255//2255
f 2257//2257 2191//2191 2190//2190
f 2257//2257 2253//2253 2191//2191
f 2258//2258 2254//2254 2253//2253
f 2258//2258 2253//2253 2257//2257
f 2259//2259 2254//2254 2258//2258
f 2259//2259 2255//2255 2254//2254
f 2260//2260 2164//2164 2163//2163
f 2260//2260 2165//2165 2164//2164
f 2260//2260 2163//2163 2256//2256
f 2260//2260 2256//2256 2255//2255
f 2260//2260 2255//2255 2259//2259
f 2261//2261 2151//2151 2152//2152
f 2261//2261 2189//2189 2151//2151
f 2261//2261 2190//2190 2189//2189
f 2261//2261 2257//2257 2190//2190
f 2262//2262 2152//2152 2153//2153
f 2262//2262 2258//2258 2257//2257
f 2262//2262 2261//2261 2152//2152
f 2262//2262 2257//2257 2261//2261
f 2263//2263 2153//2153 2154//2154
f 2263//2263 2258//2258 2262//2262
f 2263//2263 2259//2259 2258//2258
f 2263//2263 2260//2260 2259//2259
f 2263//2263 2262//2262 2153//2153
f 2264//2264 2154//2154 2155//2155
f 2264//2264 2165//2165 2260//2260
f 2264//2264 2263//2263 2154//2154
f 2264//2264 2260//2260 2263//2263
f 2264//2264 2155//2155 2165//2165
v 1667.715698 -150.000000 1970.000000
v 1666.565430 -150.000000 1983.147949
v 1663.149536 -150.000000 1995.896362
v 1657.571777 -150.000000 2007.857910
v 1650.001587 -150.000000 2018.669189
v 1640.669189 -150.000000 2028.001587
v 1629.857910 -150.000000 2035.571777
v 1617.896362 -150.000000 2041.149536
v 1605.147949 -150.000000 2044.565430
v 1592.000000 -150.000000 2045.715698
v 1578.852051 -150.000000 2044.565430
v 1566.103638 -150.000000 2041.149536
v 1554.142090 -150.000000 2035.571777
v 1543.330811 -150.000000 2028.001587
v 1533.998413 -150.000000 2018.669189
v 1526.428223 -150.000000 2007.857910
v 1520.850464 -150.000000 1995.896362
v 1517.434570 -150.000000 1983.147949
v 1516.284302 -150.000000 1970.000000
v 1517.434570 -150.000000 1956.852051
v 1520.850464 -150.000000 1944.103638
v 1526.428223 -150.000000 1932.142090
v 1533.998413 -150.000000 1921.330811
v 1543.330811 -150.000000 1911.998413
v 1554.142090 -150.000000 1904.428223
v 1566.103638 -150.000000 1898.850464
v 1578.852051 -150.000000 1895.434570
v 1592.000000 -150.000000 1894.284302
v 1605.147949 -150.000000 1895.434570
v 1617.896362 -150.000000 1898.850464
v 1629.857910 -150.000000 1904.428223
v 1640.669189 -150.000000 1911.998413
v 1650.001587 -150.000000 1921.330811
v 1657.571777 -150.000000 1932.142090
v 1663.149536 -150.000000 1944.103638
v 1666.565430 -150.000000 1956.852051
vn 0.000000 -1.000000 0.000000
vn 0.000000 -1.000000 0.000000
vn 0.000000 -1.000000 0.000000
vn 0.000000 -1.000000 0.000000
vn 0.000000 -1.000000 0.000000
vn 0.000000 -1.000000 0.000000
vn 0.000000 -1.000000 0.000000
vn 0.000000 -1.000000 0.000000
vn 0.000000 -1.000000 0.000000
vn 0.000000 -1.000000 0.000000
vn 0.000000 -1.000000 0.000000
vn 0.000000 -1.000000 0.000000
vn 0.000000 -1.000000 0.000000
vn 0.000000 -1.000000 0.000000
vn 0.000000 -1.000000 0.000000
vn 0.000000 -1.000000 0.000000
vn 0.000000 -1.000000 0.000000
vn 0.000000 -1.000000 0.000000
vn 0.000000 -1.000000 0.000000
vn 0.000000 -1.000000 0.000000
vn 0.000000 -1.000000 0.000000
vn 0.000000 -1.000000 0.000000
vn 0.000000 -1.000000 0.000000
vn 0.000000 -1.000000 0.000000
vn 0.000000 -1.000000 0.000000
vn 0.000000 -1.000000 0.000000
vn 0.000000 -1.000000 0.000000
vn 0.000000 -1.000000 0.000000
vn 0.000000 -1.000000 0.000000
vn 0.000000 -1.000000 0.000000
vn 0.000000 -1.000000 0.000000
vn 0.000000 -1.000000 0.000000
vn 0.000000 -1.000000 0.000000
vn 0.000000 -1.000000 0.000000
vn 0.000000 -1.000000 0.000000
vn 0.000000 -1.000000 0.000000
f 2280//2280 2278//2278 2279//2279
f 2276//2276 2277//2277 2278//2278
f 2276//2276 2278//2278 2280//2280
f 2282//2282 2280//2280 2281//2281
f 2284//2284 2282//2282 2283//2283
f 2273//2273 2274//2274 2275//2275
f 2273//2273 2275//2275 2276//2276
f 2273//2273 2276//2276 2280//2280
f 2286//2286 2284//2284 2285//2285
f 2270//2270 2271//2271 2272//2272
f 2270//2270 2272//2272 2273//2273
f 2288//2288 2286//2286 2287//2287
f 2269//2269 2270//2270 2273//2273
f 2268//2268 2282//2282 2284//2284
f 2268//2268 2280//2280 2282//2282
f 2268//2268 2273//2273 2280//2280
f 2268//2268 2269//2269 2273//2273
f 2291//2291 2288//2288 2289//2289
f 2291//2291 2289//2289 2290//2290
f 2291//2291 2286//2286 2288//2288
f 2299//2299 2265//2265 2266//2266
f 2299//2299 2266//2266 2267//2267
f 2299//2299 2267//2267 2268//2268
f 2299//2299 2300//2300 2265//2265
f 2299//2299 2284//2284 2286//2286
f 2299//2299 2268//2268 2284//2284
f 2294//2294 2292//2292 2293//2293
f 2295//2295 2292//2292 2294//2294
f 2295//2295 2291//2291 2292//2292
f 2297//2297 2299//2299 2286//2286
f 2297//2297 2295//2295 2296//2296
f 2297//2297 2298//2298 2299//2299
f 2297//2297 2286//2286 2291//2291
f 2297//2297 2291//2291 2295//2295
