# Exported by Open CASCADE Technology [dev.opencascade.org]
#  Vertices: 7536
#     Faces: 7396
# Author:
# Originating system: SolidWorks 2022
# Organization:
# Comments: STEP AP214
mtllib 机器人底座.mtl
g Íä¹Ü»úÆ÷ÈËµ××ù/3D_R-2000iC_165F_210F»úÆ÷ÈËµ××ù(Ä¬ÈÏ_°´¼Ó¹¤_)
usemtl mat_1
v 270.000000 220.250000 -1.275000
v 270.000000 218.975006 0.000000
v 270.000000 241.024994 0.000000
v 268.085541 240.857498 0.000000
v 266.229218 240.360107 0.000000
v 264.487488 239.547928 0.000000
v 262.913269 238.445633 0.000000
v 261.554352 237.086731 0.000000
v 260.452057 235.512497 0.000000
v 259.639893 233.770767 0.000000
v 259.142487 231.914474 0.000000
v 258.975006 230.000000 0.000000
v 259.142487 228.085526 0.000000
v 259.639893 226.229233 0.000000
v 260.452057 224.487503 0.000000
v 261.554352 222.913269 0.000000
v 262.913269 221.554367 0.000000
v 264.487488 220.452072 0.000000
v 266.229218 219.639893 0.000000
v 268.085541 219.142502 0.000000
v 270.000000 239.750000 -1.275000
v 268.306915 239.601883 -1.275000
v 266.665314 239.162003 -1.275000
v 265.125000 238.443741 -1.275000
v 263.732819 237.468933 -1.275000
v 262.531067 236.267181 -1.275000
v 261.556244 234.875000 -1.275000
v 260.837982 233.334702 -1.275000
v 260.398132 231.693069 -1.275000
v 260.250000 230.000000 -1.275000
v 260.398132 228.306931 -1.275000
v 260.837982 226.665298 -1.275000
v 261.556244 225.125000 -1.275000
v 262.531067 223.732819 -1.275000
v 263.732819 222.531067 -1.275000
v 265.125000 221.556259 -1.275000
v 266.665314 220.837997 -1.275000
v 268.306915 220.398117 -1.275000
vn 0.000000 0.707107 0.707107
vn 0.000000 0.707107 0.707107
vn -0.000000 -0.707107 0.707107
vn 0.122788 -0.696364 0.707107
vn 0.241845 -0.664463 0.707107
vn 0.353553 -0.612372 0.707107
vn 0.454519 -0.541675 0.707107
vn 0.541675 -0.454519 0.707107
vn 0.612372 -0.353553 0.707107
vn 0.664463 -0.241845 0.707107
vn 0.696364 -0.122788 0.707107
vn 0.707107 -0.000000 0.707107
vn 0.696364 0.122788 0.707107
vn 0.664463 0.241845 0.707107
vn 0.612372 0.353553 0.707107
vn 0.541675 0.454519 0.707107
vn 0.454519 0.541675 0.707107
vn 0.353553 0.612372 0.707107
vn 0.241845 0.664463 0.707107
vn 0.122788 0.696364 0.707107
vn -0.000000 -0.707107 0.707107
vn 0.122788 -0.696364 0.707107
vn 0.241845 -0.664463 0.707107
vn 0.353553 -0.612372 0.707107
vn 0.454519 -0.541675 0.707107
vn 0.541675 -0.454519 0.707107
vn 0.612372 -0.353553 0.707107
vn 0.664463 -0.241845 0.707107
vn 0.696364 -0.122788 0.707107
vn 0.707107 -0.000000 0.707107
vn 0.696364 0.122788 0.707107
vn 0.664463 0.241845 0.707107
vn 0.612372 0.353553 0.707107
vn 0.541675 0.454519 0.707107
vn 0.454519 0.541675 0.707107
vn 0.353553 0.612372 0.707107
vn 0.241845 0.664463 0.707107
vn 0.122788 0.696364 0.707107
f 4//4 21//21 3//3
f 4//4 22//22 21//21
f 5//5 23//23 22//22
f 5//5 22//22 4//4
f 6//6 24//24 23//23
f 6//6 23//23 5//5
f 7//7 25//25 24//24
f 7//7 24//24 6//6
f 26//26 25//25 7//7
f 8//8 26//26 7//7
f 9//9 27//27 26//26
f 9//9 26//26 8//8
f 10//10 28//28 27//27
f 10//10 27//27 9//9
f 11//11 29//29 28//28
f 11//11 28//28 10//10
f 12//12 30//30 29//29
f 12//12 29//29 11//11
f 31//31 30//30 12//12
f 13//13 31//31 12//12
f 14//14 32//32 31//31
f 14//14 31//31 13//13
f 15//15 33//33 32//32
f 15//15 32//32 14//14
f 16//16 34//34 33//33
f 16//16 33//33 15//15
f 35//35 34//34 16//16
f 17//17 35//35 16//16
f 18//18 35//35 17//17
f 18//18 36//36 35//35
f 37//37 36//36 18//18
f 19//19 37//37 18//18
f 20//20 37//37 19//19
f 20//20 38//38 37//37
f 1//1 38//38 20//20
f 2//2 1//1 20//20
v 270.000000 220.250000 -30.000000
v 270.000000 220.250000 -1.275000
v 270.000000 239.750000 -1.275000
v 268.306915 239.601883 -1.275000
v 266.665314 239.162003 -1.275000
v 265.125000 238.443741 -1.275000
v 263.732819 237.468933 -1.275000
v 262.531067 236.267181 -1.275000
v 261.556244 234.875000 -1.275000
v 260.837982 233.334702 -1.275000
v 260.398132 231.693069 -1.275000
v 260.250000 230.000000 -1.275000
v 260.398132 228.306931 -1.275000
v 260.837982 226.665298 -1.275000
v 261.556244 225.125000 -1.275000
v 262.531067 223.732819 -1.275000
v 263.732819 222.531067 -1.275000
v 265.125000 221.556259 -1.275000
v 266.665314 220.837997 -1.275000
v 268.306915 220.398117 -1.275000
v 270.000000 239.750000 -30.000000
v 268.306915 220.398117 -30.000000
v 266.665314 220.837997 -30.000000
v 265.125000 221.556259 -30.000000
v 263.732819 222.531067 -30.000000
v 262.531067 223.732819 -30.000000
v 261.556244 225.125000 -30.000000
v 260.837982 226.665298 -30.000000
v 260.398132 228.306931 -30.000000
v 260.250000 230.000000 -30.000000
v 260.398132 231.693069 -30.000000
v 260.837982 233.334702 -30.000000
v 261.556244 234.875000 -30.000000
v 262.531067 236.267181 -30.000000
v 263.732819 237.468933 -30.000000
v 265.125000 238.443741 -30.000000
v 266.665314 239.162003 -30.000000
v 268.306915 239.601883 -30.000000
vn 0.000000 1.000000 0.000000
vn 0.000000 1.000000 0.000000
vn -0.000000 -1.000000 -0.000000
vn 0.173648 -0.984808 -0.000000
vn 0.342020 -0.939693 -0.000000
vn 0.500000 -0.866025 -0.000000
vn 0.642788 -0.766044 -0.000000
vn 0.766044 -0.642788 -0.000000
vn 0.866025 -0.500000 -0.000000
vn 0.939693 -0.342020 -0.000000
vn 0.984808 -0.173648 -0.000000
vn 1.000000 -0.000000 -0.000000
vn 0.984808 0.173648 0.000000
vn 0.939693 0.342020 0.000000
vn 0.866025 0.500000 0.000000
vn 0.766044 0.642788 0.000000
vn 0.642788 0.766044 0.000000
vn 0.500000 0.866025 0.000000
vn 0.342020 0.939693 0.000000
vn 0.173648 0.984808 0.000000
vn -0.000000 -1.000000 -0.000000
vn 0.173648 0.984808 0.000000
vn 0.342020 0.939693 0.000000
vn 0.500000 0.866025 0.000000
vn 0.642788 0.766044 0.000000
vn 0.766044 0.642788 0.000000
vn 0.866025 0.500000 0.000000
vn 0.939693 0.342020 0.000000
vn 0.984808 0.173648 0.000000
vn 1.000000 0.000000 0.000000
vn 0.984808 -0.173648 -0.000000
vn 0.939693 -0.342020 -0.000000
vn 0.866025 -0.500000 -0.000000
vn 0.766044 -0.642788 -0.000000
vn 0.642788 -0.766044 -0.000000
vn 0.500000 -0.866025 -0.000000
vn 0.342020 -0.939693 -0.000000
vn 0.173648 -0.984808 -0.000000
f 42//42 59//59 41//41
f 42//42 76//76 59//59
f 43//43 75//75 76//76
f 43//43 76//76 42//42
f 44//44 74//74 75//75
f 44//44 75//75 43//43
f 45//45 73//73 74//74
f 45//45 74//74 44//44
f 46//46 72//72 73//73
f 46//46 73//73 45//45
f 47//47 71//71 72//72
f 47//47 72//72 46//46
f 48//48 70//70 71//71
f 48//48 71//71 47//47
f 49//49 69//69 70//70
f 49//49 70//70 48//48
f 50//50 68//68 69//69
f 50//50 69//69 49//49
f 51//51 67//67 68//68
f 51//51 68//68 50//50
f 52//52 66//66 67//67
f 52//52 67//67 51//51
f 53//53 65//65 66//66
f 53//53 66//66 52//52
f 54//54 64//64 65//65
f 54//54 65//65 53//53
f 55//55 63//63 64//64
f 55//55 64//64 54//54
f 56//56 63//63 55//55
f 56//56 62//62 63//63
f 57//57 62//62 56//56
f 57//57 61//61 62//62
f 58//58 61//61 57//57
f 58//58 60//60 61//61
f 40//40 60//60 58//58
f 40//40 39//39 60//60
v 270.000000 -239.750000 -1.275000
v 270.000000 -241.024994 -0.000000
v 270.000000 -218.975006 -0.000000
v 268.085541 -219.142502 -0.000000
v 266.229218 -219.639893 -0.000000
v 264.487488 -220.452072 -0.000000
v 262.913269 -221.554367 -0.000000
v 261.554352 -222.913269 -0.000000
v 260.452057 -224.487503 -0.000000
v 259.639893 -226.229233 -0.000000
v 259.142487 -228.085526 -0.000000
v 258.975006 -230.000000 -0.000000
v 259.142487 -231.914474 -0.000000
v 259.639893 -233.770767 -0.000000
v 260.452057 -235.512497 -0.000000
v 261.554352 -237.086731 -0.000000
v 262.913269 -238.445633 -0.000000
v 264.487488 -239.547928 -0.000000
v 266.229218 -240.360107 -0.000000
v 268.085541 -240.857498 -0.000000
v 270.000000 -220.250000 -1.275000
v 268.306915 -220.398117 -1.275000
v 266.665314 -220.837997 -1.275000
v 265.125000 -221.556259 -1.275000
v 263.732819 -222.531067 -1.275000
v 262.531067 -223.732819 -1.275000
v 261.556244 -225.125000 -1.275000
v 260.837982 -226.665298 -1.275000
v 260.398132 -228.306931 -1.275000
v 260.250000 -230.000000 -1.275000
v 260.398132 -231.693069 -1.275000
v 260.837982 -233.334702 -1.275000
v 261.556244 -234.875000 -1.275000
v 262.531067 -236.267181 -1.275000
v 263.732819 -237.468933 -1.275000
v 265.125000 -238.443741 -1.275000
v 266.665314 -239.162003 -1.275000
v 268.306915 -239.601883 -1.275000
vn 0.000000 0.707107 0.707107
vn 0.000000 0.707107 0.707107
vn -0.000000 -0.707107 0.707107
vn 0.122788 -0.696364 0.707107
vn 0.241845 -0.664463 0.707107
vn 0.353553 -0.612372 0.707107
vn 0.454519 -0.541675 0.707107
vn 0.541675 -0.454519 0.707107
vn 0.612372 -0.353553 0.707107
vn 0.664463 -0.241845 0.707107
vn 0.696364 -0.122788 0.707107
vn 0.707107 -0.000000 0.707107
vn 0.696364 0.122788 0.707107
vn 0.664463 0.241845 0.707107
vn 0.612372 0.353553 0.707107
vn 0.541675 0.454519 0.707107
vn 0.454519 0.541675 0.707107
vn 0.353553 0.612372 0.707107
vn 0.241845 0.664463 0.707107
vn 0.122788 0.696364 0.707107
vn -0.000000 -0.707107 0.707107
vn 0.122788 -0.696364 0.707107
vn 0.241845 -0.664463 0.707107
vn 0.353553 -0.612372 0.707107
vn 0.454519 -0.541675 0.707107
vn 0.541675 -0.454519 0.707107
vn 0.612372 -0.353553 0.707107
vn 0.664463 -0.241845 0.707107
vn 0.696364 -0.122788 0.707107
vn 0.707107 -0.000000 0.707107
vn 0.696364 0.122788 0.707107
vn 0.664463 0.241845 0.707107
vn 0.612372 0.353553 0.707107
vn 0.541675 0.454519 0.707107
vn 0.454519 0.541675 0.707107
vn 0.353553 0.612372 0.707107
vn 0.241845 0.664463 0.707107
vn 0.122788 0.696364 0.707107
f 98//98 97//97 79//79
f 80//80 98//98 79//79
f 81//81 99//99 98//98
f 81//81 98//98 80//80
f 82//82 100//100 99//99
f 82//82 99//99 81//81
f 83//83 101//101 100//100
f 83//83 100//100 82//82
f 84//84 102//102 101//101
f 84//84 101//101 83//83
f 85//85 103//103 102//102
f 85//85 102//102 84//84
f 86//86 104//104 103//103
f 86//86 103//103 85//85
f 87//87 105//105 104//104
f 87//87 104//104 86//86
f 88//88 106//106 105//105
f 88//88 105//105 87//87
f 89//89 107//107 106//106
f 89//89 106//106 88//88
f 108//108 107//107 89//89
f 90//90 108//108 89//89
f 91//91 109//109 108//108
f 91//91 108//108 90//90
f 92//92 110//110 109//109
f 92//92 109//109 91//91
f 93//93 111//111 110//110
f 93//93 110//110 92//92
f 94//94 112//112 111//111
f 94//94 111//111 93//93
f 113//113 112//112 94//94
f 95//95 113//113 94//94
f 114//114 113//113 95//95
f 96//96 114//114 95//95
f 78//78 114//114 96//96
f 78//78 77//77 114//114
v 270.000000 -239.750000 -30.000000
v 270.000000 -239.750000 -1.275000
v 270.000000 -220.250000 -1.275000
v 268.306915 -220.398117 -1.275000
v 266.665314 -220.837997 -1.275000
v 265.125000 -221.556259 -1.275000
v 263.732819 -222.531067 -1.275000
v 262.531067 -223.732819 -1.275000
v 261.556244 -225.125000 -1.275000
v 260.837982 -226.665298 -1.275000
v 260.398132 -228.306931 -1.275000
v 260.250000 -230.000000 -1.275000
v 260.398132 -231.693069 -1.275000
v 260.837982 -233.334702 -1.275000
v 261.556244 -234.875000 -1.275000
v 262.531067 -236.267181 -1.275000
v 263.732819 -237.468933 -1.275000
v 265.125000 -238.443741 -1.275000
v 266.665314 -239.162003 -1.275000
v 268.306915 -239.601883 -1.275000
v 270.000000 -220.250000 -30.000000
v 268.306915 -239.601883 -30.000000
v 266.665314 -239.162003 -30.000000
v 265.125000 -238.443741 -30.000000
v 263.732819 -237.468933 -30.000000
v 262.531067 -236.267181 -30.000000
v 261.556244 -234.875000 -30.000000
v 260.837982 -233.334702 -30.000000
v 260.398132 -231.693069 -30.000000
v 260.250000 -230.000000 -30.000000
v 260.398132 -228.306931 -30.000000
v 260.837982 -226.665298 -30.000000
v 261.556244 -225.125000 -30.000000
v 262.531067 -223.732819 -30.000000
v 263.732819 -222.531067 -30.000000
v 265.125000 -221.556259 -30.000000
v 266.665314 -220.837997 -30.000000
v 268.306915 -220.398117 -30.000000
vn 0.000000 1.000000 0.000000
vn 0.000000 1.000000 0.000000
vn -0.000000 -1.000000 -0.000000
vn 0.173648 -0.984808 -0.000000
vn 0.342020 -0.939693 -0.000000
vn 0.500000 -0.866025 -0.000000
vn 0.642788 -0.766044 -0.000000
vn 0.766044 -0.642788 -0.000000
vn 0.866025 -0.500000 -0.000000
vn 0.939693 -0.342020 -0.000000
vn 0.984808 -0.173648 -0.000000
vn 1.000000 -0.000000 -0.000000
vn 0.984808 0.173648 0.000000
vn 0.939693 0.342020 0.000000
vn 0.866025 0.500000 0.000000
vn 0.766044 0.642788 0.000000
vn 0.642788 0.766044 0.000000
vn 0.500000 0.866025 0.000000
vn 0.342020 0.939693 0.000000
vn 0.173648 0.984808 0.000000
vn -0.000000 -1.000000 -0.000000
vn 0.173648 0.984808 0.000000
vn 0.342020 0.939693 0.000000
vn 0.500000 0.866025 0.000000
vn 0.642788 0.766044 0.000000
vn 0.766044 0.642788 0.000000
vn 0.866025 0.500000 0.000000
vn 0.939693 0.342020 0.000000
vn 0.984808 0.173648 0.000000
vn 1.000000 0.000000 0.000000
vn 0.984808 -0.173648 -0.000000
vn 0.939693 -0.342020 -0.000000
vn 0.866025 -0.500000 -0.000000
vn 0.766044 -0.642788 -0.000000
vn 0.642788 -0.766044 -0.000000
vn 0.500000 -0.866025 -0.000000
vn 0.342020 -0.939693 -0.000000
vn 0.173648 -0.984808 -0.000000
f 118//118 135//135 117//117
f 118//118 152//152 135//135
f 119//119 151//151 152//152
f 119//119 152//152 118//118
f 120//120 150//150 151//151
f 120//120 151//151 119//119
f 121//121 149//149 150//150
f 121//121 150//150 120//120
f 122//122 148//148 149//149
f 122//122 149//149 121//121
f 123//123 147//147 148//148
f 123//123 148//148 122//122
f 124//124 146//146 147//147
f 124//124 147//147 123//123
f 125//125 145//145 146//146
f 125//125 146//146 124//124
f 126//126 144//144 145//145
f 126//126 145//145 125//125
f 127//127 143//143 144//144
f 127//127 144//144 126//126
f 128//128 142//142 143//143
f 128//128 143//143 127//127
f 129//129 141//141 142//142
f 129//129 142//142 128//128
f 130//130 140//140 141//141
f 130//130 141//141 129//129
f 131//131 139//139 140//140
f 131//131 140//140 130//130
f 132//132 139//139 131//131
f 132//132 138//138 139//139
f 133//133 138//138 132//132
f 133//133 137//137 138//138
f 134//134 137//137 133//133
f 134//134 136//136 137//137
f 116//116 136//136 134//134
f 116//116 115//115 136//136
v -270.000000 -239.750000 -1.275000
v -270.000000 -241.024994 -0.000000
v -270.000000 -218.975006 -0.000000
v -271.914459 -219.142502 -0.000000
v -273.770782 -219.639893 -0.000000
v -275.512512 -220.452072 -0.000000
v -277.086731 -221.554367 -0.000000
v -278.445648 -222.913269 -0.000000
v -279.547943 -224.487503 -0.000000
v -280.360107 -226.229233 -0.000000
v -280.857513 -228.085526 -0.000000
v -281.024994 -230.000000 -0.000000
v -280.857513 -231.914474 -0.000000
v -280.360107 -233.770767 -0.000000
v -279.547943 -235.512497 -0.000000
v -278.445648 -237.086731 -0.000000
v -277.086731 -238.445633 -0.000000
v -275.512512 -239.547928 -0.000000
v -273.770782 -240.360107 -0.000000
v -271.914459 -240.857498 -0.000000
v -270.000000 -220.250000 -1.275000
v -271.693085 -220.398117 -1.275000
v -273.334686 -220.837997 -1.275000
v -274.875000 -221.556259 -1.275000
v -276.267181 -222.531067 -1.275000
v -277.468933 -223.732819 -1.275000
v -278.443756 -225.125000 -1.275000
v -279.162018 -226.665298 -1.275000
v -279.601868 -228.306931 -1.275000
v -279.750000 -230.000000 -1.275000
v -279.601868 -231.693069 -1.275000
v -279.162018 -233.334702 -1.275000
v -278.443756 -234.875000 -1.275000
v -277.468933 -236.267181 -1.275000
v -276.267181 -237.468933 -1.275000
v -274.875000 -238.443741 -1.275000
v -273.334686 -239.162003 -1.275000
v -271.693085 -239.601883 -1.275000
vn 0.000000 0.707107 0.707107
vn 0.000000 0.707107 0.707107
vn -0.000000 -0.707107 0.707107
vn 0.122788 -0.696364 0.707107
vn 0.241845 -0.664463 0.707107
vn 0.353553 -0.612372 0.707107
vn 0.454519 -0.541675 0.707107
vn 0.541675 -0.454519 0.707107
vn 0.612372 -0.353553 0.707107
vn 0.664463 -0.241845 0.707107
vn 0.696364 -0.122788 0.707107
vn 0.707107 -0.000000 0.707107
vn 0.696364 0.122788 0.707107
vn 0.664463 0.241845 0.707107
vn 0.612372 0.353553 0.707107
vn 0.541675 0.454519 0.707107
vn 0.454519 0.541675 0.707107
vn 0.353553 0.612372 0.707107
vn 0.241845 0.664463 0.707107
vn 0.122788 0.696364 0.707107
vn -0.000000 -0.707107 0.707107
vn 0.122788 -0.696364 0.707107
vn 0.241845 -0.664463 0.707107
vn 0.353553 -0.612372 0.707107
vn 0.454519 -0.541675 0.707107
vn 0.541675 -0.454519 0.707107
vn 0.612372 -0.353553 0.707107
vn 0.664463 -0.241845 0.707107
vn 0.696364 -0.122788 0.707107
vn 0.707107 -0.000000 0.707107
vn 0.696364 0.122788 0.707107
vn 0.664463 0.241845 0.707107
vn 0.612372 0.353553 0.707107
vn 0.541675 0.454519 0.707107
vn 0.454519 0.541675 0.707107
vn 0.353553 0.612372 0.707107
vn 0.241845 0.664463 0.707107
vn 0.122788 0.696364 0.707107
f 174//174 173//173 155//155
f 156//156 174//174 155//155
f 157//157 175//175 174//174
f 157//157 174//174 156//156
f 158//158 176//176 175//175
f 158//158 175//175 157//157
f 159//159 177//177 176//176
f 159//159 176//176 158//158
f 160//160 178//178 177//177
f 160//160 177//177 159//159
f 161//161 179//179 178//178
f 161//161 178//178 160//160
f 162//162 180//180 179//179
f 162//162 179//179 161//161
f 163//163 181//181 180//180
f 163//163 180//180 162//162
f 164//164 182//182 181//181
f 164//164 181//181 163//163
f 165//165 183//183 182//182
f 165//165 182//182 164//164
f 184//184 183//183 165//165
f 166//166 184//184 165//165
f 167//167 185//185 184//184
f 167//167 184//184 166//166
f 168//168 186//186 185//185
f 168//168 185//185 167//167
f 169//169 187//187 186//186
f 169//169 186//186 168//168
f 170//170 188//188 187//187
f 170//170 187//187 169//169
f 189//189 188//188 170//170
f 171//171 189//189 170//170
f 190//190 189//189 171//171
f 172//172 190//190 171//171
f 154//154 190//190 172//172
f 154//154 153//153 190//190
v -270.000000 -239.750000 -30.000000
v -270.000000 -239.750000 -1.275000
v -270.000000 -220.250000 -1.275000
v -271.693085 -220.398117 -1.275000
v -273.334686 -220.837997 -1.275000
v -274.875000 -221.556259 -1.275000
v -276.267181 -222.531067 -1.275000
v -277.468933 -223.732819 -1.275000
v -278.443756 -225.125000 -1.275000
v -279.162018 -226.665298 -1.275000
v -279.601868 -228.306931 -1.275000
v -279.750000 -230.000000 -1.275000
v -279.601868 -231.693069 -1.275000
v -279.162018 -233.334702 -1.275000
v -278.443756 -234.875000 -1.275000
v -277.468933 -236.267181 -1.275000
v -276.267181 -237.468933 -1.275000
v -274.875000 -238.443741 -1.275000
v -273.334686 -239.162003 -1.275000
v -271.693085 -239.601883 -1.275000
v -270.000000 -220.250000 -30.000000
v -271.693085 -239.601883 -30.000000
v -273.334686 -239.162003 -30.000000
v -274.875000 -238.443741 -30.000000
v -276.267181 -237.468933 -30.000000
v -277.468933 -236.267181 -30.000000
v -278.443756 -234.875000 -30.000000
v -279.162018 -233.334702 -30.000000
v -279.601868 -231.693069 -30.000000
v -279.750000 -230.000000 -30.000000
v -279.601868 -228.306931 -30.000000
v -279.162018 -226.665298 -30.000000
v -278.443756 -225.125000 -30.000000
v -277.468933 -223.732819 -30.000000
v -276.267181 -222.531067 -30.000000
v -274.875000 -221.556259 -30.000000
v -273.334686 -220.837997 -30.000000
v -271.693085 -220.398117 -30.000000
vn 0.000000 1.000000 0.000000
vn 0.000000 1.000000 0.000000
vn -0.000000 -1.000000 -0.000000
vn 0.173648 -0.984808 -0.000000
vn 0.342020 -0.939693 -0.000000
vn 0.500000 -0.866025 -0.000000
vn 0.642788 -0.766044 -0.000000
vn 0.766044 -0.642788 -0.000000
vn 0.866025 -0.500000 -0.000000
vn 0.939693 -0.342020 -0.000000
vn 0.984808 -0.173648 -0.000000
vn 1.000000 -0.000000 -0.000000
vn 0.984808 0.173648 0.000000
vn 0.939693 0.342020 0.000000
vn 0.866025 0.500000 0.000000
vn 0.766044 0.642788 0.000000
vn 0.642788 0.766044 0.000000
vn 0.500000 0.866025 0.000000
vn 0.342020 0.939693 0.000000
vn 0.173648 0.984808 0.000000
vn -0.000000 -1.000000 -0.000000
vn 0.173648 0.984808 0.000000
vn 0.342020 0.939693 0.000000
vn 0.500000 0.866025 0.000000
vn 0.642788 0.766044 0.000000
vn 0.766044 0.642788 0.000000
vn 0.866025 0.500000 0.000000
vn 0.939693 0.342020 0.000000
vn 0.984808 0.173648 0.000000
vn 1.000000 0.000000 0.000000
vn 0.984808 -0.173648 -0.000000
vn 0.939693 -0.342020 -0.000000
vn 0.866025 -0.500000 -0.000000
vn 0.766044 -0.642788 -0.000000
vn 0.642788 -0.766044 -0.000000
vn 0.500000 -0.866025 -0.000000
vn 0.342020 -0.939693 -0.000000
vn 0.173648 -0.984808 -0.000000
f 194//194 211//211 193//193
f 194//194 228//228 211//211
f 195//195 227//227 228//228
f 195//195 228//228 194//194
f 196//196 226//226 227//227
f 196//196 227//227 195//195
f 197//197 225//225 226//226
f 197//197 226//226 196//196
f 198//198 224//224 225//225
f 198//198 225//225 197//197
f 199//199 223//223 224//224
f 199//199 224//224 198//198
f 200//200 222//222 223//223
f 200//200 223//223 199//199
f 201//201 221//221 222//222
f 201//201 222//222 200//200
f 202//202 220//220 221//221
f 202//202 221//221 201//201
f 203//203 219//219 220//220
f 203//203 220//220 202//202
f 204//204 218//218 219//219
f 204//204 219//219 203//203
f 205//205 217//217 218//218
f 205//205 218//218 204//204
f 206//206 216//216 217//217
f 206//206 217//217 205//205
f 207//207 215//215 216//216
f 207//207 216//216 206//206
f 208//208 215//215 207//207
f 208//208 214//214 215//215
f 209//209 214//214 208//208
f 209//209 213//213 214//214
f 210//210 213//213 209//209
f 210//210 212//212 213//213
f 192//192 212//212 210//210
f 192//192 191//191 212//212
v -270.000000 220.250000 -1.275000
v -270.000000 218.975006 0.000000
v -270.000000 241.024994 0.000000
v -271.914459 240.857498 0.000000
v -273.770782 240.360107 0.000000
v -275.512512 239.547928 0.000000
v -277.086731 238.445633 0.000000
v -278.445648 237.086731 0.000000
v -279.547943 235.512497 0.000000
v -280.360107 233.770767 0.000000
v -280.857513 231.914474 0.000000
v -281.024994 230.000000 0.000000
v -280.857513 228.085526 0.000000
v -280.360107 226.229233 0.000000
v -279.547943 224.487503 0.000000
v -278.445648 222.913269 0.000000
v -277.086731 221.554367 0.000000
v -275.512512 220.452072 0.000000
v -273.770782 219.639893 0.000000
v -271.914459 219.142502 0.000000
v -270.000000 239.750000 -1.275000
v -271.693085 239.601883 -1.275000
v -273.334686 239.162003 -1.275000
v -274.875000 238.443741 -1.275000
v -276.267181 237.468933 -1.275000
v -277.468933 236.267181 -1.275000
v -278.443756 234.875000 -1.275000
v -279.162018 233.334702 -1.275000
v -279.601868 231.693069 -1.275000
v -279.750000 230.000000 -1.275000
v -279.601868 228.306931 -1.275000
v -279.162018 226.665298 -1.275000
v -278.443756 225.125000 -1.275000
v -277.468933 223.732819 -1.275000
v -276.267181 222.531067 -1.275000
v -274.875000 221.556259 -1.275000
v -273.334686 220.837997 -1.275000
v -271.693085 220.398117 -1.275000
vn 0.000000 0.707107 0.707107
vn 0.000000 0.707107 0.707107
vn -0.000000 -0.707107 0.707107
vn 0.122788 -0.696364 0.707107
vn 0.241845 -0.664463 0.707107
vn 0.353553 -0.612372 0.707107
vn 0.454519 -0.541675 0.707107
vn 0.541675 -0.454519 0.707107
vn 0.612372 -0.353553 0.707107
vn 0.664463 -0.241845 0.707107
vn 0.696364 -0.122788 0.707107
vn 0.707107 -0.000000 0.707107
vn 0.696364 0.122788 0.707107
vn 0.664463 0.241845 0.707107
vn 0.612372 0.353553 0.707107
vn 0.541675 0.454519 0.707107
vn 0.454519 0.541675 0.707107
vn 0.353553 0.612372 0.707107
vn 0.241845 0.664463 0.707107
vn 0.122788 0.696364 0.707107
vn -0.000000 -0.707107 0.707107
vn 0.122788 -0.696364 0.707107
vn 0.241845 -0.664463 0.707107
vn 0.353553 -0.612372 0.707107
vn 0.454519 -0.541675 0.707107
vn 0.541675 -0.454519 0.707107
vn 0.612372 -0.353553 0.707107
vn 0.664463 -0.241845 0.707107
vn 0.696364 -0.122788 0.707107
vn 0.707107 -0.000000 0.707107
vn 0.696364 0.122788 0.707107
vn 0.664463 0.241845 0.707107
vn 0.612372 0.353553 0.707107
vn 0.541675 0.454519 0.707107
vn 0.454519 0.541675 0.707107
vn 0.353553 0.612372 0.707107
vn 0.241845 0.664463 0.707107
vn 0.122788 0.696364 0.707107
f 232//232 249//249 231//231
f 232//232 250//250 249//249
f 233//233 251//251 250//250
f 233//233 250//250 232//232
f 234//234 252//252 251//251
f 234//234 251//251 233//233
f 235//235 253//253 252//252
f 235//235 252//252 234//234
f 254//254 253//253 235//235
f 236//236 254//254 235//235
f 237//237 255//255 254//254
f 237//237 254//254 236//236
f 238//238 256//256 255//255
f 238//238 255//255 237//237
f 239//239 257//257 256//256
f 239//239 256//256 238//238
f 240//240 258//258 257//257
f 240//240 257//257 239//239
f 259//259 258//258 240//240
f 241//241 259//259 240//240
f 242//242 260//260 259//259
f 242//242 259//259 241//241
f 243//243 261//261 260//260
f 243//243 260//260 242//242
f 244//244 262//262 261//261
f 244//244 261//261 243//243
f 263//263 262//262 244//244
f 245//245 263//263 244//244
f 246//246 263//263 245//245
f 246//246 264//264 263//263
f 265//265 264//264 246//246
f 247//247 265//265 246//246
f 248//248 265//265 247//247
f 248//248 266//266 265//265
f 229//229 266//266 248//248
f 230//230 229//229 248//248
v -270.000000 220.250000 -30.000000
v -270.000000 220.250000 -1.275000
v -270.000000 239.750000 -1.275000
v -271.693085 239.601883 -1.275000
v -273.334686 239.162003 -1.275000
v -274.875000 238.443741 -1.275000
v -276.267181 237.468933 -1.275000
v -277.468933 236.267181 -1.275000
v -278.443756 234.875000 -1.275000
v -279.162018 233.334702 -1.275000
v -279.601868 231.693069 -1.275000
v -279.750000 230.000000 -1.275000
v -279.601868 228.306931 -1.275000
v -279.162018 226.665298 -1.275000
v -278.443756 225.125000 -1.275000
v -277.468933 223.732819 -1.275000
v -276.267181 222.531067 -1.275000
v -274.875000 221.556259 -1.275000
v -273.334686 220.837997 -1.275000
v -271.693085 220.398117 -1.275000
v -270.000000 239.750000 -30.000000
v -271.693085 220.398117 -30.000000
v -273.334686 220.837997 -30.000000
v -274.875000 221.556259 -30.000000
v -276.267181 222.531067 -30.000000
v -277.468933 223.732819 -30.000000
v -278.443756 225.125000 -30.000000
v -279.162018 226.665298 -30.000000
v -279.601868 228.306931 -30.000000
v -279.750000 230.000000 -30.000000
v -279.601868 231.693069 -30.000000
v -279.162018 233.334702 -30.000000
v -278.443756 234.875000 -30.000000
v -277.468933 236.267181 -30.000000
v -276.267181 237.468933 -30.000000
v -274.875000 238.443741 -30.000000
v -273.334686 239.162003 -30.000000
v -271.693085 239.601883 -30.000000
vn 0.000000 1.000000 0.000000
vn 0.000000 1.000000 0.000000
vn -0.000000 -1.000000 -0.000000
vn 0.173648 -0.984808 -0.000000
vn 0.342020 -0.939693 -0.000000
vn 0.500000 -0.866025 -0.000000
vn 0.642788 -0.766044 -0.000000
vn 0.766044 -0.642788 -0.000000
vn 0.866025 -0.500000 -0.000000
vn 0.939693 -0.342020 -0.000000
vn 0.984808 -0.173648 -0.000000
vn 1.000000 -0.000000 -0.000000
vn 0.984808 0.173648 0.000000
vn 0.939693 0.342020 0.000000
vn 0.866025 0.500000 0.000000
vn 0.766044 0.642788 0.000000
vn 0.642788 0.766044 0.000000
vn 0.500000 0.866025 0.000000
vn 0.342020 0.939693 0.000000
vn 0.173648 0.984808 0.000000
vn -0.000000 -1.000000 -0.000000
vn 0.173648 0.984808 0.000000
vn 0.342020 0.939693 0.000000
vn 0.500000 0.866025 0.000000
vn 0.642788 0.766044 0.000000
vn 0.766044 0.642788 0.000000
vn 0.866025 0.500000 0.000000
vn 0.939693 0.342020 0.000000
vn 0.984808 0.173648 0.000000
vn 1.000000 0.000000 0.000000
vn 0.984808 -0.173648 -0.000000
vn 0.939693 -0.342020 -0.000000
vn 0.866025 -0.500000 -0.000000
vn 0.766044 -0.642788 -0.000000
vn 0.642788 -0.766044 -0.000000
vn 0.500000 -0.866025 -0.000000
vn 0.342020 -0.939693 -0.000000
vn 0.173648 -0.984808 -0.000000
f 270//270 287//287 269//269
f 270//270 304//304 287//287
f 271//271 303//303 304//304
f 271//271 304//304 270//270
f 272//272 302//302 303//303
f 272//272 303//303 271//271
f 273//273 301//301 302//302
f 273//273 302//302 272//272
f 274//274 300//300 301//301
f 274//274 301//301 273//273
f 275//275 299//299 300//300
f 275//275 300//300 274//274
f 276//276 298//298 299//299
f 276//276 299//299 275//275
f 277//277 297//297 298//298
f 277//277 298//298 276//276
f 278//278 296//296 297//297
f 278//278 297//297 277//277
f 279//279 295//295 296//296
f 279//279 296//296 278//278
f 280//280 294//294 295//295
f 280//280 295//295 279//279
f 281//281 293//293 294//294
f 281//281 294//294 280//280
f 282//282 292//292 293//293
f 282//282 293//293 281//281
f 283//283 291//291 292//292
f 283//283 292//292 282//282
f 284//284 291//291 283//283
f 284//284 290//290 291//291
f 285//285 290//290 284//284
f 285//285 289//289 290//290
f 286//286 289//289 285//285
f 286//286 288//288 289//289
f 268//268 288//288 286//286
f 268//268 267//267 288//288
v 230.000000 260.250000 -1.275000
v 230.000000 258.975006 0.000000
v 230.000000 281.024994 0.000000
v 228.085526 280.857513 0.000000
v 226.229233 280.360107 0.000000
v 224.487503 279.547943 0.000000
v 222.913269 278.445648 0.000000
v 221.554367 277.086731 0.000000
v 220.452072 275.512512 0.000000
v 219.639893 273.770782 0.000000
v 219.142502 271.914459 0.000000
v 218.975006 270.000000 0.000000
v 219.142502 268.085541 0.000000
v 219.639893 266.229218 0.000000
v 220.452072 264.487488 0.000000
v 221.554367 262.913269 0.000000
v 222.913269 261.554352 0.000000
v 224.487503 260.452057 0.000000
v 226.229233 259.639893 0.000000
v 228.085526 259.142487 0.000000
v 230.000000 279.750000 -1.275000
v 228.306931 279.601868 -1.275000
v 226.665298 279.162018 -1.275000
v 225.125000 278.443756 -1.275000
v 223.732819 277.468933 -1.275000
v 222.531067 276.267181 -1.275000
v 221.556259 274.875000 -1.275000
v 220.837997 273.334686 -1.275000
v 220.398117 271.693085 -1.275000
v 220.250000 270.000000 -1.275000
v 220.398117 268.306915 -1.275000
v 220.837997 266.665314 -1.275000
v 221.556259 265.125000 -1.275000
v 222.531067 263.732819 -1.275000
v 223.732819 262.531067 -1.275000
v 225.125000 261.556244 -1.275000
v 226.665298 260.837982 -1.275000
v 228.306931 260.398132 -1.275000
vn 0.000000 0.707107 0.707107
vn 0.000000 0.707107 0.707107
vn -0.000000 -0.707107 0.707107
vn 0.122788 -0.696364 0.707107
vn 0.241845 -0.664463 0.707107
vn 0.353553 -0.612372 0.707107
vn 0.454519 -0.541675 0.707107
vn 0.541675 -0.454519 0.707107
vn 0.612372 -0.353553 0.707107
vn 0.664463 -0.241845 0.707107
vn 0.696364 -0.122788 0.707107
vn 0.707107 -0.000000 0.707107
vn 0.696364 0.122788 0.707107
vn 0.664463 0.241845 0.707107
vn 0.612372 0.353553 0.707107
vn 0.541675 0.454519 0.707107
vn 0.454519 0.541675 0.707107
vn 0.353553 0.612372 0.707107
vn 0.241845 0.664463 0.707107
vn 0.122788 0.696364 0.707107
vn -0.000000 -0.707107 0.707107
vn 0.122788 -0.696364 0.707107
vn 0.241845 -0.664463 0.707107
vn 0.353553 -0.612372 0.707107
vn 0.454519 -0.541675 0.707107
vn 0.541675 -0.454519 0.707107
vn 0.612372 -0.353553 0.707107
vn 0.664463 -0.241845 0.707107
vn 0.696364 -0.122788 0.707107
vn 0.707107 -0.000000 0.707107
vn 0.696364 0.122788 0.707107
vn 0.664463 0.241845 0.707107
vn 0.612372 0.353553 0.707107
vn 0.541675 0.454519 0.707107
vn 0.454519 0.541675 0.707107
vn 0.353553 0.612372 0.707107
vn 0.241845 0.664463 0.707107
vn 0.122788 0.696364 0.707107
f 326//326 325//325 307//307
f 308//308 326//326 307//307
f 309//309 327//327 326//326
f 309//309 326//326 308//308
f 310//310 328//328 327//327
f 310//310 327//327 309//309
f 311//311 329//329 328//328
f 311//311 328//328 310//310
f 330//330 329//329 311//311
f 312//312 330//330 311//311
f 313//313 331//331 330//330
f 313//313 330//330 312//312
f 314//314 332//332 331//331
f 314//314 331//331 313//313
f 315//315 333//333 332//332
f 315//315 332//332 314//314
f 316//316 334//334 333//333
f 316//316 333//333 315//315
f 335//335 334//334 316//316
f 317//317 335//335 316//316
f 318//318 336//336 335//335
f 318//318 335//335 317//317
f 319//319 337//337 336//336
f 319//319 336//336 318//318
f 320//320 338//338 337//337
f 320//320 337//337 319//319
f 339//339 338//338 320//320
f 321//321 339//339 320//320
f 322//322 339//339 321//321
f 322//322 340//340 339//339
f 341//341 340//340 322//322
f 323//323 341//341 322//322
f 324//324 341//341 323//323
f 324//324 342//342 341//341
f 306//306 342//342 324//324
f 306//306 305//305 342//342
v 230.000000 260.250000 -30.000000
v 230.000000 260.250000 -1.275000
v 230.000000 279.750000 -1.275000
v 228.306931 279.601868 -1.275000
v 226.665298 279.162018 -1.275000
v 225.125000 278.443756 -1.275000
v 223.732819 277.468933 -1.275000
v 222.531067 276.267181 -1.275000
v 221.556259 274.875000 -1.275000
v 220.837997 273.334686 -1.275000
v 220.398117 271.693085 -1.275000
v 220.250000 270.000000 -1.275000
v 220.398117 268.306915 -1.275000
v 220.837997 266.665314 -1.275000
v 221.556259 265.125000 -1.275000
v 222.531067 263.732819 -1.275000
v 223.732819 262.531067 -1.275000
v 225.125000 261.556244 -1.275000
v 226.665298 260.837982 -1.275000
v 228.306931 260.398132 -1.275000
v 230.000000 279.750000 -30.000000
v 228.306931 260.398132 -30.000000
v 226.665298 260.837982 -30.000000
v 225.125000 261.556244 -30.000000
v 223.732819 262.531067 -30.000000
v 222.531067 263.732819 -30.000000
v 221.556259 265.125000 -30.000000
v 220.837997 266.665314 -30.000000
v 220.398117 268.306915 -30.000000
v 220.250000 270.000000 -30.000000
v 220.398117 271.693085 -30.000000
v 220.837997 273.334686 -30.000000
v 221.556259 274.875000 -30.000000
v 222.531067 276.267181 -30.000000
v 223.732819 277.468933 -30.000000
v 225.125000 278.443756 -30.000000
v 226.665298 279.162018 -30.000000
v 228.306931 279.601868 -30.000000
vn 0.000000 1.000000 0.000000
vn 0.000000 1.000000 0.000000
vn -0.000000 -1.000000 -0.000000
vn 0.173648 -0.984808 -0.000000
vn 0.342020 -0.939693 -0.000000
vn 0.500000 -0.866025 -0.000000
vn 0.642788 -0.766044 -0.000000
vn 0.766044 -0.642788 -0.000000
vn 0.866025 -0.500000 -0.000000
vn 0.939693 -0.342020 -0.000000
vn 0.984808 -0.173648 -0.000000
vn 1.000000 -0.000000 -0.000000
vn 0.984808 0.173648 0.000000
vn 0.939693 0.342020 0.000000
vn 0.866025 0.500000 0.000000
vn 0.766044 0.642788 0.000000
vn 0.642788 0.766044 0.000000
vn 0.500000 0.866025 0.000000
vn 0.342020 0.939693 0.000000
vn 0.173648 0.984808 0.000000
vn -0.000000 -1.000000 -0.000000
vn 0.173648 0.984808 0.000000
vn 0.342020 0.939693 0.000000
vn 0.500000 0.866025 0.000000
vn 0.642788 0.766044 0.000000
vn 0.766044 0.642788 0.000000
vn 0.866025 0.500000 0.000000
vn 0.939693 0.342020 0.000000
vn 0.984808 0.173648 0.000000
vn 1.000000 0.000000 0.000000
vn 0.984808 -0.173648 -0.000000
vn 0.939693 -0.342020 -0.000000
vn 0.866025 -0.500000 -0.000000
vn 0.766044 -0.642788 -0.000000
vn 0.642788 -0.766044 -0.000000
vn 0.500000 -0.866025 -0.000000
vn 0.342020 -0.939693 -0.000000
vn 0.173648 -0.984808 -0.000000
f 346//346 363//363 345//345
f 346//346 380//380 363//363
f 347//347 379//379 380//380
f 347//347 380//380 346//346
f 348//348 378//378 379//379
f 348//348 379//379 347//347
f 349//349 377//377 378//378
f 349//349 378//378 348//348
f 350//350 376//376 377//377
f 350//350 377//377 349//349
f 351//351 375//375 376//376
f 351//351 376//376 350//350
f 352//352 374//374 375//375
f 352//352 375//375 351//351
f 353//353 373//373 374//374
f 353//353 374//374 352//352
f 354//354 372//372 373//373
f 354//354 373//373 353//353
f 355//355 371//371 372//372
f 355//355 372//372 354//354
f 356//356 370//370 371//371
f 356//356 371//371 355//355
f 357//357 369//369 370//370
f 357//357 370//370 356//356
f 358//358 368//368 369//369
f 358//358 369//369 357//357
f 359//359 367//367 368//368
f 359//359 368//368 358//358
f 360//360 367//367 359//359
f 360//360 366//366 367//367
f 361//361 366//366 360//360
f 361//361 365//365 366//366
f 362//362 365//365 361//361
f 362//362 364//364 365//365
f 344//344 364//364 362//362
f 344//344 343//343 364//364
v 230.000000 -279.750000 -1.275000
v 230.000000 -281.024994 -0.000000
v 230.000000 -258.975006 -0.000000
v 228.085526 -259.142487 -0.000000
v 226.229233 -259.639893 -0.000000
v 224.487503 -260.452057 -0.000000
v 222.913269 -261.554352 -0.000000
v 221.554367 -262.913269 -0.000000
v 220.452072 -264.487488 -0.000000
v 219.639893 -266.229218 -0.000000
v 219.142502 -268.085541 -0.000000
v 218.975006 -270.000000 -0.000000
v 219.142502 -271.914459 -0.000000
v 219.639893 -273.770782 -0.000000
v 220.452072 -275.512512 -0.000000
v 221.554367 -277.086731 -0.000000
v 222.913269 -278.445648 -0.000000
v 224.487503 -279.547943 -0.000000
v 226.229233 -280.360107 -0.000000
v 228.085526 -280.857513 -0.000000
v 230.000000 -260.250000 -1.275000
v 228.306931 -260.398132 -1.275000
v 226.665298 -260.837982 -1.275000
v 225.125000 -261.556244 -1.275000
v 223.732819 -262.531067 -1.275000
v 222.531067 -263.732819 -1.275000
v 221.556259 -265.125000 -1.275000
v 220.837997 -266.665314 -1.275000
v 220.398117 -268.306915 -1.275000
v 220.250000 -270.000000 -1.275000
v 220.398117 -271.693085 -1.275000
v 220.837997 -273.334686 -1.275000
v 221.556259 -274.875000 -1.275000
v 222.531067 -276.267181 -1.275000
v 223.732819 -277.468933 -1.275000
v 225.125000 -278.443756 -1.275000
v 226.665298 -279.162018 -1.275000
v 228.306931 -279.601868 -1.275000
vn 0.000000 0.707107 0.707107
vn 0.000000 0.707107 0.707107
vn -0.000000 -0.707107 0.707107
vn 0.122788 -0.696364 0.707107
vn 0.241845 -0.664463 0.707107
vn 0.353553 -0.612372 0.707107
vn 0.454519 -0.541675 0.707107
vn 0.541675 -0.454519 0.707107
vn 0.612372 -0.353553 0.707107
vn 0.664463 -0.241845 0.707107
vn 0.696364 -0.122788 0.707107
vn 0.707107 -0.000000 0.707107
vn 0.696364 0.122788 0.707107
vn 0.664463 0.241845 0.707107
vn 0.612372 0.353553 0.707107
vn 0.541675 0.454519 0.707107
vn 0.454519 0.541675 0.707107
vn 0.353553 0.612372 0.707107
vn 0.241845 0.664463 0.707107
vn 0.122788 0.696364 0.707107
vn -0.000000 -0.707107 0.707107
vn 0.122788 -0.696364 0.707107
vn 0.241845 -0.664463 0.707107
vn 0.353553 -0.612372 0.707107
vn 0.454519 -0.541675 0.707107
vn 0.541675 -0.454519 0.707107
vn 0.612372 -0.353553 0.707107
vn 0.664463 -0.241845 0.707107
vn 0.696364 -0.122788 0.707107
vn 0.707107 -0.000000 0.707107
vn 0.696364 0.122788 0.707107
vn 0.664463 0.241845 0.707107
vn 0.612372 0.353553 0.707107
vn 0.541675 0.454519 0.707107
vn 0.454519 0.541675 0.707107
vn 0.353553 0.612372 0.707107
vn 0.241845 0.664463 0.707107
vn 0.122788 0.696364 0.707107
f 402//402 401//401 383//383
f 384//384 402//402 383//383
f 385//385 403//403 402//402
f 385//385 402//402 384//384
f 386//386 404//404 403//403
f 386//386 403//403 385//385
f 387//387 405//405 404//404
f 387//387 404//404 386//386
f 406//406 405//405 387//387
f 388//388 406//406 387//387
f 389//389 407//407 406//406
f 389//389 406//406 388//388
f 390//390 408//408 407//407
f 390//390 407//407 389//389
f 391//391 409//409 408//408
f 391//391 408//408 390//390
f 392//392 410//410 409//409
f 392//392 409//409 391//391
f 411//411 410//410 392//392
f 393//393 411//411 392//392
f 394//394 412//412 411//411
f 394//394 411//411 393//393
f 395//395 413//413 412//412
f 395//395 412//412 394//394
f 396//396 414//414 413//413
f 396//396 413//413 395//395
f 415//415 414//414 396//396
f 397//397 415//415 396//396
f 398//398 415//415 397//397
f 398//398 416//416 415//415
f 417//417 416//416 398//398
f 399//399 417//417 398//398
f 400//400 417//417 399//399
f 400//400 418//418 417//417
f 382//382 418//418 400//400
f 382//382 381//381 418//418
v 230.000000 -279.750000 -30.000000
v 230.000000 -279.750000 -1.275000
v 230.000000 -260.250000 -1.275000
v 228.306931 -260.398132 -1.275000
v 226.665298 -260.837982 -1.275000
v 225.125000 -261.556244 -1.275000
v 223.732819 -262.531067 -1.275000
v 222.531067 -263.732819 -1.275000
v 221.556259 -265.125000 -1.275000
v 220.837997 -266.665314 -1.275000
v 220.398117 -268.306915 -1.275000
v 220.250000 -270.000000 -1.275000
v 220.398117 -271.693085 -1.275000
v 220.837997 -273.334686 -1.275000
v 221.556259 -274.875000 -1.275000
v 222.531067 -276.267181 -1.275000
v 223.732819 -277.468933 -1.275000
v 225.125000 -278.443756 -1.275000
v 226.665298 -279.162018 -1.275000
v 228.306931 -279.601868 -1.275000
v 230.000000 -260.250000 -30.000000
v 228.306931 -279.601868 -30.000000
v 226.665298 -279.162018 -30.000000
v 225.125000 -278.443756 -30.000000
v 223.732819 -277.468933 -30.000000
v 222.531067 -276.267181 -30.000000
v 221.556259 -274.875000 -30.000000
v 220.837997 -273.334686 -30.000000
v 220.398117 -271.693085 -30.000000
v 220.250000 -270.000000 -30.000000
v 220.398117 -268.306915 -30.000000
v 220.837997 -266.665314 -30.000000
v 221.556259 -265.125000 -30.000000
v 222.531067 -263.732819 -30.000000
v 223.732819 -262.531067 -30.000000
v 225.125000 -261.556244 -30.000000
v 226.665298 -260.837982 -30.000000
v 228.306931 -260.398132 -30.000000
vn 0.000000 1.000000 0.000000
vn 0.000000 1.000000 0.000000
vn -0.000000 -1.000000 -0.000000
vn 0.173648 -0.984808 -0.000000
vn 0.342020 -0.939693 -0.000000
vn 0.500000 -0.866025 -0.000000
vn 0.642788 -0.766044 -0.000000
vn 0.766044 -0.642788 -0.000000
vn 0.866025 -0.500000 -0.000000
vn 0.939693 -0.342020 -0.000000
vn 0.984808 -0.173648 -0.000000
vn 1.000000 -0.000000 -0.000000
vn 0.984808 0.173648 0.000000
vn 0.939693 0.342020 0.000000
vn 0.866025 0.500000 0.000000
vn 0.766044 0.642788 0.000000
vn 0.642788 0.766044 0.000000
vn 0.500000 0.866025 0.000000
vn 0.342020 0.939693 0.000000
vn 0.173648 0.984808 0.000000
vn -0.000000 -1.000000 -0.000000
vn 0.173648 0.984808 0.000000
vn 0.342020 0.939693 0.000000
vn 0.500000 0.866025 0.000000
vn 0.642788 0.766044 0.000000
vn 0.766044 0.642788 0.000000
vn 0.866025 0.500000 0.000000
vn 0.939693 0.342020 0.000000
vn 0.984808 0.173648 0.000000
vn 1.000000 0.000000 0.000000
vn 0.984808 -0.173648 -0.000000
vn 0.939693 -0.342020 -0.000000
vn 0.866025 -0.500000 -0.000000
vn 0.766044 -0.642788 -0.000000
vn 0.642788 -0.766044 -0.000000
vn 0.500000 -0.866025 -0.000000
vn 0.342020 -0.939693 -0.000000
vn 0.173648 -0.984808 -0.000000
f 422//422 439//439 421//421
f 422//422 456//456 439//439
f 423//423 455//455 456//456
f 423//423 456//456 422//422
f 424//424 454//454 455//455
f 424//424 455//455 423//423
f 425//425 453//453 454//454
f 425//425 454//454 424//424
f 426//426 452//452 453//453
f 426//426 453//453 425//425
f 427//427 451//451 452//452
f 427//427 452//452 426//426
f 428//428 450//450 451//451
f 428//428 451//451 427//427
f 429//429 449//449 450//450
f 429//429 450//450 428//428
f 430//430 448//448 449//449
f 430//430 449//449 429//429
f 431//431 447//447 448//448
f 431//431 448//448 430//430
f 432//432 446//446 447//447
f 432//432 447//447 431//431
f 433//433 445//445 446//446
f 433//433 446//446 432//432
f 434//434 444//444 445//445
f 434//434 445//445 433//433
f 435//435 443//443 444//444
f 435//435 444//444 434//434
f 436//436 443//443 435//435
f 436//436 442//442 443//443
f 437//437 442//442 436//436
f 437//437 441//441 442//442
f 438//438 441//441 437//437
f 438//438 440//440 441//441
f 420//420 440//440 438//438
f 420//420 419//419 440//440
v -230.000000 -279.750000 -1.275000
v -230.000000 -281.024994 -0.000000
v -230.000000 -258.975006 -0.000000
v -231.914474 -259.142487 -0.000000
v -233.770767 -259.639893 -0.000000
v -235.512497 -260.452057 -0.000000
v -237.086731 -261.554352 -0.000000
v -238.445633 -262.913269 -0.000000
v -239.547928 -264.487488 -0.000000
v -240.360107 -266.229218 -0.000000
v -240.857498 -268.085541 -0.000000
v -241.024994 -270.000000 -0.000000
v -240.857498 -271.914459 -0.000000
v -240.360107 -273.770782 -0.000000
v -239.547928 -275.512512 -0.000000
v -238.445633 -277.086731 -0.000000
v -237.086731 -278.445648 -0.000000
v -235.512497 -279.547943 -0.000000
v -233.770767 -280.360107 -0.000000
v -231.914474 -280.857513 -0.000000
v -230.000000 -260.250000 -1.275000
v -231.693069 -260.398132 -1.275000
v -233.334702 -260.837982 -1.275000
v -234.875000 -261.556244 -1.275000
v -236.267181 -262.531067 -1.275000
v -237.468933 -263.732819 -1.275000
v -238.443741 -265.125000 -1.275000
v -239.162003 -266.665314 -1.275000
v -239.601883 -268.306915 -1.275000
v -239.750000 -270.000000 -1.275000
v -239.601883 -271.693085 -1.275000
v -239.162003 -273.334686 -1.275000
v -238.443741 -274.875000 -1.275000
v -237.468933 -276.267181 -1.275000
v -236.267181 -277.468933 -1.275000
v -234.875000 -278.443756 -1.275000
v -233.334702 -279.162018 -1.275000
v -231.693069 -279.601868 -1.275000
vn 0.000000 0.707107 0.707107
vn 0.000000 0.707107 0.707107
vn -0.000000 -0.707107 0.707107
vn 0.122788 -0.696364 0.707107
vn 0.241845 -0.664463 0.707107
vn 0.353553 -0.612372 0.707107
vn 0.454519 -0.541675 0.707107
vn 0.541675 -0.454519 0.707107
vn 0.612372 -0.353553 0.707107
vn 0.664463 -0.241845 0.707107
vn 0.696364 -0.122788 0.707107
vn 0.707107 -0.000000 0.707107
vn 0.696364 0.122788 0.707107
vn 0.664463 0.241845 0.707107
vn 0.612372 0.353553 0.707107
vn 0.541675 0.454519 0.707107
vn 0.454519 0.541675 0.707107
vn 0.353553 0.612372 0.707107
vn 0.241845 0.664463 0.707107
vn 0.122788 0.696364 0.707107
vn -0.000000 -0.707107 0.707107
vn 0.122788 -0.696364 0.707107
vn 0.241845 -0.664463 0.707107
vn 0.353553 -0.612372 0.707107
vn 0.454519 -0.541675 0.707107
vn 0.541675 -0.454519 0.707107
vn 0.612372 -0.353553 0.707107
vn 0.664463 -0.241845 0.707107
vn 0.696364 -0.122788 0.707107
vn 0.707107 -0.000000 0.707107
vn 0.696364 0.122788 0.707107
vn 0.664463 0.241845 0.707107
vn 0.612372 0.353553 0.707107
vn 0.541675 0.454519 0.707107
vn 0.454519 0.541675 0.707107
vn 0.353553 0.612372 0.707107
vn 0.241845 0.664463 0.707107
vn 0.122788 0.696364 0.707107
f 478//478 477//477 459//459
f 460//460 478//478 459//459
f 461//461 479//479 478//478
f 461//461 478//478 460//460
f 462//462 480//480 479//479
f 462//462 479//479 461//461
f 463//463 481//481 480//480
f 463//463 480//480 462//462
f 482//482 481//481 463//463
f 464//464 482//482 463//463
f 465//465 483//483 482//482
f 465//465 482//482 464//464
f 466//466 484//484 483//483
f 466//466 483//483 465//465
f 467//467 485//485 484//484
f 467//467 484//484 466//466
f 468//468 486//486 485//485
f 468//468 485//485 467//467
f 487//487 486//486 468//468
f 469//469 487//487 468//468
f 470//470 488//488 487//487
f 470//470 487//487 469//469
f 471//471 489//489 488//488
f 471//471 488//488 470//470
f 472//472 490//490 489//489
f 472//472 489//489 471//471
f 491//491 490//490 472//472
f 473//473 491//491 472//472
f 474//474 491//491 473//473
f 474//474 492//492 491//491
f 493//493 492//492 474//474
f 475//475 493//493 474//474
f 476//476 493//493 475//475
f 476//476 494//494 493//493
f 458//458 494//494 476//476
f 458//458 457//457 494//494
v -230.000000 -279.750000 -30.000000
v -230.000000 -279.750000 -1.275000
v -230.000000 -260.250000 -1.275000
v -231.693069 -260.398132 -1.275000
v -233.334702 -260.837982 -1.275000
v -234.875000 -261.556244 -1.275000
v -236.267181 -262.531067 -1.275000
v -237.468933 -263.732819 -1.275000
v -238.443741 -265.125000 -1.275000
v -239.162003 -266.665314 -1.275000
v -239.601883 -268.306915 -1.275000
v -239.750000 -270.000000 -1.275000
v -239.601883 -271.693085 -1.275000
v -239.162003 -273.334686 -1.275000
v -238.443741 -274.875000 -1.275000
v -237.468933 -276.267181 -1.275000
v -236.267181 -277.468933 -1.275000
v -234.875000 -278.443756 -1.275000
v -233.334702 -279.162018 -1.275000
v -231.693069 -279.601868 -1.275000
v -230.000000 -260.250000 -30.000000
v -231.693069 -279.601868 -30.000000
v -233.334702 -279.162018 -30.000000
v -234.875000 -278.443756 -30.000000
v -236.267181 -277.468933 -30.000000
v -237.468933 -276.267181 -30.000000
v -238.443741 -274.875000 -30.000000
v -239.162003 -273.334686 -30.000000
v -239.601883 -271.693085 -30.000000
v -239.750000 -270.000000 -30.000000
v -239.601883 -268.306915 -30.000000
v -239.162003 -266.665314 -30.000000
v -238.443741 -265.125000 -30.000000
v -237.468933 -263.732819 -30.000000
v -236.267181 -262.531067 -30.000000
v -234.875000 -261.556244 -30.000000
v -233.334702 -260.837982 -30.000000
v -231.693069 -260.398132 -30.000000
vn 0.000000 1.000000 0.000000
vn 0.000000 1.000000 0.000000
vn -0.000000 -1.000000 -0.000000
vn 0.173648 -0.984808 -0.000000
vn 0.342020 -0.939693 -0.000000
vn 0.500000 -0.866025 -0.000000
vn 0.642788 -0.766044 -0.000000
vn 0.766044 -0.642788 -0.000000
vn 0.866025 -0.500000 -0.000000
vn 0.939693 -0.342020 -0.000000
vn 0.984808 -0.173648 -0.000000
vn 1.000000 -0.000000 -0.000000
vn 0.984808 0.173648 0.000000
vn 0.939693 0.342020 0.000000
vn 0.866025 0.500000 0.000000
vn 0.766044 0.642788 0.000000
vn 0.642788 0.766044 0.000000
vn 0.500000 0.866025 0.000000
vn 0.342020 0.939693 0.000000
vn 0.173648 0.984808 0.000000
vn -0.000000 -1.000000 -0.000000
vn 0.173648 0.984808 0.000000
vn 0.342020 0.939693 0.000000
vn 0.500000 0.866025 0.000000
vn 0.642788 0.766044 0.000000
vn 0.766044 0.642788 0.000000
vn 0.866025 0.500000 0.000000
vn 0.939693 0.342020 0.000000
vn 0.984808 0.173648 0.000000
vn 1.000000 0.000000 0.000000
vn 0.984808 -0.173648 -0.000000
vn 0.939693 -0.342020 -0.000000
vn 0.866025 -0.500000 -0.000000
vn 0.766044 -0.642788 -0.000000
vn 0.642788 -0.766044 -0.000000
vn 0.500000 -0.866025 -0.000000
vn 0.342020 -0.939693 -0.000000
vn 0.173648 -0.984808 -0.000000
f 498//498 515//515 497//497
f 498//498 532//532 515//515
f 499//499 531//531 532//532
f 499//499 532//532 498//498
f 500//500 530//530 531//531
f 500//500 531//531 499//499
f 501//501 529//529 530//530
f 501//501 530//530 500//500
f 502//502 528//528 529//529
f 502//502 529//529 501//501
f 503//503 527//527 528//528
f 503//503 528//528 502//502
f 504//504 526//526 527//527
f 504//504 527//527 503//503
f 505//505 525//525 526//526
f 505//505 526//526 504//504
f 506//506 524//524 525//525
f 506//506 525//525 505//505
f 507//507 523//523 524//524
f 507//507 524//524 506//506
f 508//508 522//522 523//523
f 508//508 523//523 507//507
f 509//509 521//521 522//522
f 509//509 522//522 508//508
f 510//510 520//520 521//521
f 510//510 521//521 509//509
f 511//511 519//519 520//520
f 511//511 520//520 510//510
f 512//512 519//519 511//511
f 512//512 518//518 519//519
f 513//513 518//518 512//512
f 513//513 517//517 518//518
f 514//514 517//517 513//513
f 514//514 516//516 517//517
f 496//496 516//516 514//514
f 496//496 495//495 516//516
v -230.000000 260.250000 -1.275000
v -230.000000 258.975006 0.000000
v -230.000000 281.024994 0.000000
v -231.914474 280.857513 0.000000
v -233.770767 280.360107 0.000000
v -235.512497 279.547943 0.000000
v -237.086731 278.445648 0.000000
v -238.445633 277.086731 0.000000
v -239.547928 275.512512 0.000000
v -240.360107 273.770782 0.000000
v -240.857498 271.914459 0.000000
v -241.024994 270.000000 0.000000
v -240.857498 268.085541 0.000000
v -240.360107 266.229218 0.000000
v -239.547928 264.487488 0.000000
v -238.445633 262.913269 0.000000
v -237.086731 261.554352 0.000000
v -235.512497 260.452057 0.000000
v -233.770767 259.639893 0.000000
v -231.914474 259.142487 0.000000
v -230.000000 279.750000 -1.275000
v -231.693069 279.601868 -1.275000
v -233.334702 279.162018 -1.275000
v -234.875000 278.443756 -1.275000
v -236.267181 277.468933 -1.275000
v -237.468933 276.267181 -1.275000
v -238.443741 274.875000 -1.275000
v -239.162003 273.334686 -1.275000
v -239.601883 271.693085 -1.275000
v -239.750000 270.000000 -1.275000
v -239.601883 268.306915 -1.275000
v -239.162003 266.665314 -1.275000
v -238.443741 265.125000 -1.275000
v -237.468933 263.732819 -1.275000
v -236.267181 262.531067 -1.275000
v -234.875000 261.556244 -1.275000
v -233.334702 260.837982 -1.275000
v -231.693069 260.398132 -1.275000
vn 0.000000 0.707107 0.707107
vn 0.000000 0.707107 0.707107
vn -0.000000 -0.707107 0.707107
vn 0.122788 -0.696364 0.707107
vn 0.241845 -0.664463 0.707107
vn 0.353553 -0.612372 0.707107
vn 0.454519 -0.541675 0.707107
vn 0.541675 -0.454519 0.707107
vn 0.612372 -0.353553 0.707107
vn 0.664463 -0.241845 0.707107
vn 0.696364 -0.122788 0.707107
vn 0.707107 -0.000000 0.707107
vn 0.696364 0.122788 0.707107
vn 0.664463 0.241845 0.707107
vn 0.612372 0.353553 0.707107
vn 0.541675 0.454519 0.707107
vn 0.454519 0.541675 0.707107
vn 0.353553 0.612372 0.707107
vn 0.241845 0.664463 0.707107
vn 0.122788 0.696364 0.707107
vn -0.000000 -0.707107 0.707107
vn 0.122788 -0.696364 0.707107
vn 0.241845 -0.664463 0.707107
vn 0.353553 -0.612372 0.707107
vn 0.454519 -0.541675 0.707107
vn 0.541675 -0.454519 0.707107
vn 0.612372 -0.353553 0.707107
vn 0.664463 -0.241845 0.707107
vn 0.696364 -0.122788 0.707107
vn 0.707107 -0.000000 0.707107
vn 0.696364 0.122788 0.707107
vn 0.664463 0.241845 0.707107
vn 0.612372 0.353553 0.707107
vn 0.541675 0.454519 0.707107
vn 0.454519 0.541675 0.707107
vn 0.353553 0.612372 0.707107
vn 0.241845 0.664463 0.707107
vn 0.122788 0.696364 0.707107
f 554//554 553//553 535//535
f 536//536 554//554 535//535
f 537//537 555//555 554//554
f 537//537 554//554 536//536
f 538//538 556//556 555//555
f 538//538 555//555 537//537
f 539//539 557//557 556//556
f 539//539 556//556 538//538
f 558//558 557//557 539//539
f 540//540 558//558 539//539
f 541//541 559//559 558//558
f 541//541 558//558 540//540
f 542//542 560//560 559//559
f 542//542 559//559 541//541
f 543//543 561//561 560//560
f 543//543 560//560 542//542
f 544//544 562//562 561//561
f 544//544 561//561 543//543
f 563//563 562//562 544//544
f 545//545 563//563 544//544
f 546//546 564//564 563//563
f 546//546 563//563 545//545
f 547//547 565//565 564//564
f 547//547 564//564 546//546
f 548//548 566//566 565//565
f 548//548 565//565 547//547
f 567//567 566//566 548//548
f 549//549 567//567 548//548
f 550//550 567//567 549//549
f 550//550 568//568 567//567
f 569//569 568//568 550//550
f 551//551 569//569 550//550
f 552//552 569//569 551//551
f 552//552 570//570 569//569
f 534//534 570//570 552//552
f 534//534 533//533 570//570
v -230.000000 260.250000 -30.000000
v -230.000000 260.250000 -1.275000
v -230.000000 279.750000 -1.275000
v -231.693069 279.601868 -1.275000
v -233.334702 279.162018 -1.275000
v -234.875000 278.443756 -1.275000
v -236.267181 277.468933 -1.275000
v -237.468933 276.267181 -1.275000
v -238.443741 274.875000 -1.275000
v -239.162003 273.334686 -1.275000
v -239.601883 271.693085 -1.275000
v -239.750000 270.000000 -1.275000
v -239.601883 268.306915 -1.275000
v -239.162003 266.665314 -1.275000
v -238.443741 265.125000 -1.275000
v -237.468933 263.732819 -1.275000
v -236.267181 262.531067 -1.275000
v -234.875000 261.556244 -1.275000
v -233.334702 260.837982 -1.275000
v -231.693069 260.398132 -1.275000
v -230.000000 279.750000 -30.000000
v -231.693069 260.398132 -30.000000
v -233.334702 260.837982 -30.000000
v -234.875000 261.556244 -30.000000
v -236.267181 262.531067 -30.000000
v -237.468933 263.732819 -30.000000
v -238.443741 265.125000 -30.000000
v -239.162003 266.665314 -30.000000
v -239.601883 268.306915 -30.000000
v -239.750000 270.000000 -30.000000
v -239.601883 271.693085 -30.000000
v -239.162003 273.334686 -30.000000
v -238.443741 274.875000 -30.000000
v -237.468933 276.267181 -30.000000
v -236.267181 277.468933 -30.000000
v -234.875000 278.443756 -30.000000
v -233.334702 279.162018 -30.000000
v -231.693069 279.601868 -30.000000
vn 0.000000 1.000000 0.000000
vn 0.000000 1.000000 0.000000
vn -0.000000 -1.000000 -0.000000
vn 0.173648 -0.984808 -0.000000
vn 0.342020 -0.939693 -0.000000
vn 0.500000 -0.866025 -0.000000
vn 0.642788 -0.766044 -0.000000
vn 0.766044 -0.642788 -0.000000
vn 0.866025 -0.500000 -0.000000
vn 0.939693 -0.342020 -0.000000
vn 0.984808 -0.173648 -0.000000
vn 1.000000 -0.000000 -0.000000
vn 0.984808 0.173648 0.000000
vn 0.939693 0.342020 0.000000
vn 0.866025 0.500000 0.000000
vn 0.766044 0.642788 0.000000
vn 0.642788 0.766044 0.000000
vn 0.500000 0.866025 0.000000
vn 0.342020 0.939693 0.000000
vn 0.173648 0.984808 0.000000
vn -0.000000 -1.000000 -0.000000
vn 0.173648 0.984808 0.000000
vn 0.342020 0.939693 0.000000
vn 0.500000 0.866025 0.000000
vn 0.642788 0.766044 0.000000
vn 0.766044 0.642788 0.000000
vn 0.866025 0.500000 0.000000
vn 0.939693 0.342020 0.000000
vn 0.984808 0.173648 0.000000
vn 1.000000 0.000000 0.000000
vn 0.984808 -0.173648 -0.000000
vn 0.939693 -0.342020 -0.000000
vn 0.866025 -0.500000 -0.000000
vn 0.766044 -0.642788 -0.000000
vn 0.642788 -0.766044 -0.000000
vn 0.500000 -0.866025 -0.000000
vn 0.342020 -0.939693 -0.000000
vn 0.173648 -0.984808 -0.000000
f 574//574 591//591 573//573
f 574//574 608//608 591//591
f 575//575 607//607 608//608
f 575//575 608//608 574//574
f 576//576 606//606 607//607
f 576//576 607//607 575//575
f 577//577 605//605 606//606
f 577//577 606//606 576//576
f 578//578 604//604 605//605
f 578//578 605//605 577//577
f 579//579 603//603 604//604
f 579//579 604//604 578//578
f 580//580 602//602 603//603
f 580//580 603//603 579//579
f 581//581 601//601 602//602
f 581//581 602//602 580//580
f 582//582 600//600 601//601
f 582//582 601//601 581//581
f 583//583 599//599 600//600
f 583//583 600//600 582//582
f 584//584 598//598 599//599
f 584//584 599//599 583//583
f 585//585 597//597 598//598
f 585//585 598//598 584//584
f 586//586 596//596 597//597
f 586//586 597//597 585//585
f 587//587 595//595 596//596
f 587//587 596//596 586//586
f 588//588 595//595 587//587
f 588//588 594//594 595//595
f 589//589 594//594 588//588
f 589//589 593//593 594//594
f 590//590 593//593 589//589
f 590//590 592//592 593//593
f 572//572 592//592 590//590
f 572//572 571//571 592//592
v -295.000000 350.000000 0.000000
v -296.736481 349.848083 0.000000
v -298.420197 349.396912 0.000000
v -300.000000 348.660248 0.000000
v -301.427887 347.660431 0.000000
v -302.660431 346.427887 0.000000
v -303.660248 345.000000 0.000000
v -304.396912 343.420197 0.000000
v -304.848083 341.736481 0.000000
v -305.000000 340.000000 0.000000
v 295.000000 350.000000 0.000000
v 305.000000 340.000000 0.000000
v 304.848083 341.736481 0.000000
v 304.396912 343.420197 0.000000
v 303.660248 345.000000 0.000000
v 302.660431 346.427887 0.000000
v 301.427887 347.660431 0.000000
v 300.000000 348.660248 0.000000
v 298.420197 349.396912 0.000000
v 296.736481 349.848083 0.000000
v 305.000000 -340.000000 -0.000000
v 295.000000 -350.000000 -0.000000
v 296.736481 -349.848083 -0.000000
v 298.420197 -349.396912 -0.000000
v 300.000000 -348.660248 -0.000000
v 301.427887 -347.660431 -0.000000
v 302.660431 -346.427887 -0.000000
v 303.660248 -345.000000 -0.000000
v 304.396912 -343.420197 -0.000000
v 304.848083 -341.736481 -0.000000
v -295.000000 -350.000000 -0.000000
v -305.000000 -340.000000 -0.000000
v -304.848083 -341.736481 -0.000000
v -304.396912 -343.420197 -0.000000
v -303.660248 -345.000000 -0.000000
v -302.660431 -346.427887 -0.000000
v -301.427887 -347.660431 -0.000000
v -300.000000 -348.660248 -0.000000
v -298.420197 -349.396912 -0.000000
v -296.736481 -349.848083 -0.000000
v 270.000000 241.024994 0.000000
v 268.085541 240.857498 0.000000
v 266.229218 240.360107 0.000000
v 264.487488 239.547928 0.000000
v 262.913269 238.445633 0.000000
v 261.554352 237.086731 0.000000
v 260.452057 235.512497 0.000000
v 259.639893 233.770767 0.000000
v 259.142487 231.914474 0.000000
v 258.975006 230.000000 0.000000
v 259.142487 228.085526 0.000000
v 259.639893 226.229233 0.000000
v 260.452057 224.487503 0.000000
v 261.554352 222.913269 0.000000
v 262.913269 221.554367 0.000000
v 264.487488 220.452072 0.000000
v 266.229218 219.639893 0.000000
v 268.085541 219.142502 0.000000
v 270.000000 218.975006 0.000000
v 271.914459 219.142502 0.000000
v 273.770782 219.639893 0.000000
v 275.512512 220.452072 0.000000
v 277.086731 221.554367 0.000000
v 278.445648 222.913269 0.000000
v 279.547943 224.487503 0.000000
v 280.360107 226.229233 0.000000
v 280.857513 228.085526 0.000000
v 281.024994 230.000000 0.000000
v 280.857513 231.914474 0.000000
v 280.360107 233.770767 0.000000
v 279.547943 235.512497 0.000000
v 278.445648 237.086731 0.000000
v 277.086731 238.445633 0.000000
v 275.512512 239.547928 0.000000
v 273.770782 240.360107 0.000000
v 271.914459 240.857498 0.000000
v 270.000000 -218.975006 -0.000000
v 268.085541 -219.142502 -0.000000
v 266.229218 -219.639893 -0.000000
v 264.487488 -220.452072 -0.000000
v 262.913269 -221.554367 -0.000000
v 261.554352 -222.913269 -0.000000
v 260.452057 -224.487503 -0.000000
v 259.639893 -226.229233 -0.000000
v 259.142487 -228.085526 -0.000000
v 258.975006 -230.000000 -0.000000
v 259.142487 -231.914474 -0.000000
v 259.639893 -233.770767 -0.000000
v 260.452057 -235.512497 -0.000000
v 261.554352 -237.086731 -0.000000
v 262.913269 -238.445633 -0.000000
v 264.487488 -239.547928 -0.000000
v 266.229218 -240.360107 -0.000000
v 268.085541 -240.857498 -0.000000
v 270.000000 -241.024994 -0.000000
v 271.914459 -240.857498 -0.000000
v 273.770782 -240.360107 -0.000000
v 275.512512 -239.547928 -0.000000
v 277.086731 -238.445633 -0.000000
v 278.445648 -237.086731 -0.000000
v 279.547943 -235.512497 -0.000000
v 280.360107 -233.770767 -0.000000
v 280.857513 -231.914474 -0.000000
v 281.024994 -230.000000 -0.000000
v 280.857513 -228.085526 -0.000000
v 280.360107 -226.229233 -0.000000
v 279.547943 -224.487503 -0.000000
v 278.445648 -222.913269 -0.000000
v 277.086731 -221.554367 -0.000000
v 275.512512 -220.452072 -0.000000
v 273.770782 -219.639893 -0.000000
v 271.914459 -219.142502 -0.000000
v -270.000000 241.024994 0.000000
v -271.914459 240.857498 0.000000
v -273.770782 240.360107 0.000000
v -275.512512 239.547928 0.000000
v -277.086731 238.445633 0.000000
v -278.445648 237.086731 0.000000
v -279.547943 235.512497 0.000000
v -280.360107 233.770767 0.000000
v -280.857513 231.914474 0.000000
v -281.024994 230.000000 0.000000
v -280.857513 228.085526 0.000000
v -280.360107 226.229233 0.000000
v -279.547943 224.487503 0.000000
v -278.445648 222.913269 0.000000
v -277.086731 221.554367 0.000000
v -275.512512 220.452072 0.000000
v -273.770782 219.639893 0.000000
v -271.914459 219.142502 0.000000
v -270.000000 218.975006 0.000000
v -268.085541 219.142502 0.000000
v -266.229218 219.639893 0.000000
v -264.487488 220.452072 0.000000
v -262.913269 221.554367 0.000000
v -261.554352 222.913269 0.000000
v -260.452057 224.487503 0.000000
v -259.639893 226.229233 0.000000
v -259.142487 228.085526 0.000000
v -258.975006 230.000000 0.000000
v -259.142487 231.914474 0.000000
v -259.639893 233.770767 0.000000
v -260.452057 235.512497 0.000000
v -261.554352 237.086731 0.000000
v -262.913269 238.445633 0.000000
v -264.487488 239.547928 0.000000
v -266.229218 240.360107 0.000000
v -268.085541 240.857498 0.000000
v 230.000000 281.024994 0.000000
v 228.085526 280.857513 0.000000
v 226.229233 280.360107 0.000000
v 224.487503 279.547943 0.000000
v 222.913269 278.445648 0.000000
v 221.554367 277.086731 0.000000
v 220.452072 275.512512 0.000000
v 219.639893 273.770782 0.000000
v 219.142502 271.914459 0.000000
v 218.975006 270.000000 0.000000
v 219.142502 268.085541 0.000000
v 219.639893 266.229218 0.000000
v 220.452072 264.487488 0.000000
v 221.554367 262.913269 0.000000
v 222.913269 261.554352 0.000000
v 224.487503 260.452057 0.000000
v 226.229233 259.639893 0.000000
v 228.085526 259.142487 0.000000
v 230.000000 258.975006 0.000000
v 231.914474 259.142487 0.000000
v 233.770767 259.639893 0.000000
v 235.512497 260.452057 0.000000
v 237.086731 261.554352 0.000000
v 238.445633 262.913269 0.000000
v 239.547928 264.487488 0.000000
v 240.360107 266.229218 0.000000
v 240.857498 268.085541 0.000000
v 241.024994 270.000000 0.000000
v 240.857498 271.914459 0.000000
v 240.360107 273.770782 0.000000
v 239.547928 275.512512 0.000000
v 238.445633 277.086731 0.000000
v 237.086731 278.445648 0.000000
v 235.512497 279.547943 0.000000
v 233.770767 280.360107 0.000000
v 231.914474 280.857513 0.000000
v 230.000000 -258.975006 -0.000000
v 228.085526 -259.142487 -0.000000
v 226.229233 -259.639893 -0.000000
v 224.487503 -260.452057 -0.000000
v 222.913269 -261.554352 -0.000000
v 221.554367 -262.913269 -0.000000
v 220.452072 -264.487488 -0.000000
v 219.639893 -266.229218 -0.000000
v 219.142502 -268.085541 -0.000000
v 218.975006 -270.000000 -0.000000
v 219.142502 -271.914459 -0.000000
v 219.639893 -273.770782 -0.000000
v 220.452072 -275.512512 -0.000000
v 221.554367 -277.086731 -0.000000
v 222.913269 -278.445648 -0.000000
v 224.487503 -279.547943 -0.000000
v 226.229233 -280.360107 -0.000000
v 228.085526 -280.857513 -0.000000
v 230.000000 -281.024994 -0.000000
v 231.914474 -280.857513 -0.000000
v 233.770767 -280.360107 -0.000000
v 235.512497 -279.547943 -0.000000
v 237.086731 -278.445648 -0.000000
v 238.445633 -277.086731 -0.000000
v 239.547928 -275.512512 -0.000000
v 240.360107 -273.770782 -0.000000
v 240.857498 -271.914459 -0.000000
v 241.024994 -270.000000 -0.000000
v 240.857498 -268.085541 -0.000000
v 240.360107 -266.229218 -0.000000
v 239.547928 -264.487488 -0.000000
v 238.445633 -262.913269 -0.000000
v 237.086731 -261.554352 -0.000000
v 235.512497 -260.452057 -0.000000
v 233.770767 -259.639893 -0.000000
v 231.914474 -259.142487 -0.000000
v -230.000000 -258.975006 -0.000000
v -231.914474 -259.142487 -0.000000
v -233.770767 -259.639893 -0.000000
v -235.512497 -260.452057 -0.000000
v -237.086731 -261.554352 -0.000000
v -238.445633 -262.913269 -0.000000
v -239.547928 -264.487488 -0.000000
v -240.360107 -266.229218 -0.000000
v -240.857498 -268.085541 -0.000000
v -241.024994 -270.000000 -0.000000
v -240.857498 -271.914459 -0.000000
v -240.360107 -273.770782 -0.000000
v -239.547928 -275.512512 -0.000000
v -238.445633 -277.086731 -0.000000
v -237.086731 -278.445648 -0.000000
v -235.512497 -279.547943 -0.000000
v -233.770767 -280.360107 -0.000000
v -231.914474 -280.857513 -0.000000
v -230.000000 -281.024994 -0.000000
v -228.085526 -280.857513 -0.000000
v -226.229233 -280.360107 -0.000000
v -224.487503 -279.547943 -0.000000
v -222.913269 -278.445648 -0.000000
v -221.554367 -277.086731 -0.000000
v -220.452072 -275.512512 -0.000000
v -219.639893 -273.770782 -0.000000
v -219.142502 -271.914459 -0.000000
v -218.975006 -270.000000 -0.000000
v -219.142502 -268.085541 -0.000000
v -219.639893 -266.229218 -0.000000
v -220.452072 -264.487488 -0.000000
v -221.554367 -262.913269 -0.000000
v -222.913269 -261.554352 -0.000000
v -224.487503 -260.452057 -0.000000
v -226.229233 -259.639893 -0.000000
v -228.085526 -259.142487 -0.000000
v -230.000000 281.024994 0.000000
v -231.914474 280.857513 0.000000
v -233.770767 280.360107 0.000000
v -235.512497 279.547943 0.000000
v -237.086731 278.445648 0.000000
v -238.445633 277.086731 0.000000
v -239.547928 275.512512 0.000000
v -240.360107 273.770782 0.000000
v -240.857498 271.914459 0.000000
v -241.024994 270.000000 0.000000
v -240.857498 268.085541 0.000000
v -240.360107 266.229218 0.000000
v -239.547928 264.487488 0.000000
v -238.445633 262.913269 0.000000
v -237.086731 261.554352 0.000000
v -235.512497 260.452057 0.000000
v -233.770767 259.639893 0.000000
v -231.914474 259.142487 0.000000
v -230.000000 258.975006 0.000000
v -228.085526 259.142487 0.000000
v -226.229233 259.639893 0.000000
v -224.487503 260.452057 0.000000
v -222.913269 261.554352 0.000000
v -221.554367 262.913269 0.000000
v -220.452072 264.487488 0.000000
v -219.639893 266.229218 0.000000
v -219.142502 268.085541 0.000000
v -218.975006 270.000000 0.000000
v -219.142502 271.914459 0.000000
v -219.639893 273.770782 0.000000
v -220.452072 275.512512 0.000000
v -221.554367 277.086731 0.000000
v -222.913269 278.445648 0.000000
v -224.487503 279.547943 0.000000
v -226.229233 280.360107 0.000000
v -228.085526 280.857513 0.000000
v -270.000000 -218.975006 -0.000000
v -271.914459 -219.142502 -0.000000
v -273.770782 -219.639893 -0.000000
v -275.512512 -220.452072 -0.000000
v -277.086731 -221.554367 -0.000000
v -278.445648 -222.913269 -0.000000
v -279.547943 -224.487503 -0.000000
v -280.360107 -226.229233 -0.000000
v -280.857513 -228.085526 -0.000000
v -281.024994 -230.000000 -0.000000
v -280.857513 -231.914474 -0.000000
v -280.360107 -233.770767 -0.000000
v -279.547943 -235.512497 -0.000000
v -278.445648 -237.086731 -0.000000
v -277.086731 -238.445633 -0.000000
v -275.512512 -239.547928 -0.000000
v -273.770782 -240.360107 -0.000000
v -271.914459 -240.857498 -0.000000
v -270.000000 -241.024994 -0.000000
v -268.085541 -240.857498 -0.000000
v -266.229218 -240.360107 -0.000000
v -264.487488 -239.547928 -0.000000
v -262.913269 -238.445633 -0.000000
v -261.554352 -237.086731 -0.000000
v -260.452057 -235.512497 -0.000000
v -259.639893 -233.770767 -0.000000
v -259.142487 -231.914474 -0.000000
v -258.975006 -230.000000 -0.000000
v -259.142487 -228.085526 -0.000000
v -259.639893 -226.229233 -0.000000
v -260.452057 -224.487503 -0.000000
v -261.554352 -222.913269 -0.000000
v -262.913269 -221.554367 -0.000000
v -264.487488 -220.452072 -0.000000
v -266.229218 -219.639893 -0.000000
v -268.085541 -219.142502 -0.000000
vn -0.000000 -0.000000 1.000000
vn -0.000000 -0.000000 1.000000
vn -0.000000 -0.000000 1.000000
vn -0.000000 -0.000000 1.000000
vn -0.000000 -0.000000 1.000000
vn -0.000000 -0.000000 1.000000
vn -0.000000 -0.000000 1.000000
vn -0.000000 -0.000000 1.000000
vn -0.000000 -0.000000 1.000000
vn -0.000000 -0.000000 1.000000
vn -0.000000 -0.000000 1.000000
vn -0.000000 -0.000000 1.000000
vn -0.000000 -0.000000 1.000000
vn -0.000000 -0.000000 1.000000
vn -0.000000 -0.000000 1.000000
vn -0.000000 -0.000000 1.000000
vn -0.000000 -0.000000 1.000000
vn -0.000000 -0.000000 1.000000
vn -0.000000 -0.000000 1.000000
vn -0.000000 -0.000000 1.000000
vn -0.000000 -0.000000 1.000000
vn -0.000000 -0.000000 1.000000
vn -0.000000 -0.000000 1.000000
vn -0.000000 -0.000000 1.000000
vn -0.000000 -0.000000 1.000000
vn -0.000000 -0.000000 1.000000
vn -0.000000 -0.000000 1.000000
vn -0.000000 -0.000000 1.000000
vn -0.000000 -0.000000 1.000000
vn -0.000000 -0.000000 1.000000
vn -0.000000 -0.000000 1.000000
vn -0.000000 -0.000000 1.000000
vn -0.000000 -0.000000 1.000000
vn -0.000000 -0.000000 1.000000
vn -0.000000 -0.000000 1.000000
vn -0.000000 -0.000000 1.000000
vn -0.000000 -0.000000 1.000000
vn -0.000000 -0.000000 1.000000
vn -0.000000 -0.000000 1.000000
vn -0.000000 -0.000000 1.000000
vn -0.000000 -0.000000 1.000000
vn -0.000000 -0.000000 1.000000
vn -0.000000 -0.000000 1.000000
vn -0.000000 -0.000000 1.000000
vn -0.000000 -0.000000 1.000000
vn -0.000000 -0.000000 1.000000
vn -0.000000 -0.000000 1.000000
vn -0.000000 -0.000000 1.000000
vn -0.000000 -0.000000 1.000000
vn -0.000000 -0.000000 1.000000
vn -0.000000 -0.000000 1.000000
vn -0.000000 -0.000000 1.000000
vn -0.000000 -0.000000 1.000000
vn -0.000000 -0.000000 1.000000
vn -0.000000 -0.000000 1.000000
vn -0.000000 -0.000000 1.000000
vn -0.000000 -0.000000 1.000000
vn -0.000000 -0.000000 1.000000
vn -0.000000 -0.000000 1.000000
vn -0.000000 -0.000000 1.000000
vn -0.000000 -0.000000 1.000000
vn -0.000000 -0.000000 1.000000
vn -0.000000 -0.000000 1.000000
vn -0.000000 -0.000000 1.000000
vn -0.000000 -0.000000 1.000000
vn -0.000000 -0.000000 1.000000
vn -0.000000 -0.000000 1.000000
vn -0.000000 -0.000000 1.000000
vn -0.000000 -0.000000 1.000000
vn -0.000000 -0.000000 1.000000
vn -0.000000 -0.000000 1.000000
vn -0.000000 -0.000000 1.000000
vn -0.000000 -0.000000 1.000000
vn -0.000000 -0.000000 1.000000
vn -0.000000 -0.000000 1.000000
vn -0.000000 -0.000000 1.000000
vn -0.000000 -0.000000 1.000000
vn -0.000000 -0.000000 1.000000
vn -0.000000 -0.000000 1.000000
vn -0.000000 -0.000000 1.000000
vn -0.000000 -0.000000 1.000000
vn -0.000000 -0.000000 1.000000
vn -0.000000 -0.000000 1.000000
vn -0.000000 -0.000000 1.000000
vn -0.000000 -0.000000 1.000000
vn -0.000000 -0.000000 1.000000
vn -0.000000 -0.000000 1.000000
vn -0.000000 -0.000000 1.000000
vn -0.000000 -0.000000 1.000000
vn -0.000000 -0.000000 1.000000
vn -0.000000 -0.000000 1.000000
vn -0.000000 -0.000000 1.000000
vn -0.000000 -0.000000 1.000000
vn -0.000000 -0.000000 1.000000
vn -0.000000 -0.000000 1.000000
vn -0.000000 -0.000000 1.000000
vn -0.000000 -0.000000 1.000000
vn -0.000000 -0.000000 1.000000
vn -0.000000 -0.000000 1.000000
vn -0.000000 -0.000000 1.000000
vn -0.000000 -0.000000 1.000000
vn -0.000000 -0.000000 1.000000
vn -0.000000 -0.000000 1.000000
vn -0.000000 -0.000000 1.000000
vn -0.000000 -0.000000 1.000000
vn -0.000000 -0.000000 1.000000
vn -0.000000 -0.000000 1.000000
vn -0.000000 -0.000000 1.000000
vn -0.000000 -0.000000 1.000000
vn -0.000000 -0.000000 1.000000
vn -0.000000 -0.000000 1.000000
vn -0.000000 -0.000000 1.000000
vn -0.000000 -0.000000 1.000000
vn -0.000000 -0.000000 1.000000
vn -0.000000 -0.000000 1.000000
vn -0.000000 -0.000000 1.000000
vn -0.000000 -0.000000 1.000000
vn -0.000000 -0.000000 1.000000
vn -0.000000 -0.000000 1.000000
vn -0.000000 -0.000000 1.000000
vn -0.000000 -0.000000 1.000000
vn -0.000000 -0.000000 1.000000
vn -0.000000 -0.000000 1.000000
vn -0.000000 -0.000000 1.000000
vn -0.000000 -0.000000 1.000000
vn -0.000000 -0.000000 1.000000
vn -0.000000 -0.000000 1.000000
vn -0.000000 -0.000000 1.000000
vn -0.000000 -0.000000 1.000000
vn -0.000000 -0.000000 1.000000
vn -0.000000 -0.000000 1.000000
vn -0.000000 -0.000000 1.000000
vn -0.000000 -0.000000 1.000000
vn -0.000000 -0.000000 1.000000
vn -0.000000 -0.000000 1.000000
vn -0.000000 -0.000000 1.000000
vn -0.000000 -0.000000 1.000000
vn -0.000000 -0.000000 1.000000
vn -0.000000 -0.000000 1.000000
vn -0.000000 -0.000000 1.000000
vn -0.000000 -0.000000 1.000000
vn -0.000000 -0.000000 1.000000
vn -0.000000 -0.000000 1.000000
vn -0.000000 -0.000000 1.000000
vn -0.000000 -0.000000 1.000000
vn -0.000000 -0.000000 1.000000
vn -0.000000 -0.000000 1.000000
vn -0.000000 -0.000000 1.000000
vn -0.000000 -0.000000 1.000000
vn -0.000000 -0.000000 1.000000
vn -0.000000 -0.000000 1.000000
vn -0.000000 -0.000000 1.000000
vn -0.000000 -0.000000 1.000000
vn -0.000000 -0.000000 1.000000
vn -0.000000 -0.000000 1.000000
vn -0.000000 -0.000000 1.000000
vn -0.000000 -0.000000 1.000000
vn -0.000000 -0.000000 1.000000
vn -0.000000 -0.000000 1.000000
vn -0.000000 -0.000000 1.000000
vn -0.000000 -0.000000 1.000000
vn -0.000000 -0.000000 1.000000
vn -0.000000 -0.000000 1.000000
vn -0.000000 -0.000000 1.000000
vn -0.000000 -0.000000 1.000000
vn -0.000000 -0.000000 1.000000
vn -0.000000 -0.000000 1.000000
vn -0.000000 -0.000000 1.000000
vn -0.000000 -0.000000 1.000000
vn -0.000000 -0.000000 1.000000
vn -0.000000 -0.000000 1.000000
vn -0.000000 -0.000000 1.000000
vn -0.000000 -0.000000 1.000000
vn -0.000000 -0.000000 1.000000
vn -0.000000 -0.000000 1.000000
vn -0.000000 -0.000000 1.000000
vn -0.000000 -0.000000 1.000000
vn -0.000000 -0.000000 1.000000
vn -0.000000 -0.000000 1.000000
vn -0.000000 -0.000000 1.000000
vn -0.000000 -0.000000 1.000000
vn -0.000000 -0.000000 1.000000
vn -0.000000 -0.000000 1.000000
vn -0.000000 -0.000000 1.000000
vn -0.000000 -0.000000 1.000000
vn -0.000000 -0.000000 1.000000
vn -0.000000 -0.000000 1.000000
vn -0.000000 -0.000000 1.000000
vn -0.000000 -0.000000 1.000000
vn -0.000000 -0.000000 1.000000
vn -0.000000 -0.000000 1.000000
vn -0.000000 -0.000000 1.000000
vn -0.000000 -0.000000 1.000000
vn -0.000000 -0.000000 1.000000
vn -0.000000 -0.000000 1.000000
vn -0.000000 -0.000000 1.000000
vn -0.000000 -0.000000 1.000000
vn -0.000000 -0.000000 1.000000
vn -0.000000 -0.000000 1.000000
vn -0.000000 -0.000000 1.000000
vn -0.000000 -0.000000 1.000000
vn -0.000000 -0.000000 1.000000
vn -0.000000 -0.000000 1.000000
vn -0.000000 -0.000000 1.000000
vn -0.000000 -0.000000 1.000000
vn -0.000000 -0.000000 1.000000
vn -0.000000 -0.000000 1.000000
vn -0.000000 -0.000000 1.000000
vn -0.000000 -0.000000 1.000000
vn -0.000000 -0.000000 1.000000
vn -0.000000 -0.000000 1.000000
vn -0.000000 -0.000000 1.000000
vn -0.000000 -0.000000 1.000000
vn -0.000000 -0.000000 1.000000
vn -0.000000 -0.000000 1.000000
vn -0.000000 -0.000000 1.000000
vn -0.000000 -0.000000 1.000000
vn -0.000000 -0.000000 1.000000
vn -0.000000 -0.000000 1.000000
vn -0.000000 -0.000000 1.000000
vn -0.000000 -0.000000 1.000000
vn -0.000000 -0.000000 1.000000
vn -0.000000 -0.000000 1.000000
vn -0.000000 -0.000000 1.000000
vn -0.000000 -0.000000 1.000000
vn -0.000000 -0.000000 1.000000
vn -0.000000 -0.000000 1.000000
vn -0.000000 -0.000000 1.000000
vn -0.000000 -0.000000 1.000000
vn -0.000000 -0.000000 1.000000
vn -0.000000 -0.000000 1.000000
vn -0.000000 -0.000000 1.000000
vn -0.000000 -0.000000 1.000000
vn -0.000000 -0.000000 1.000000
vn -0.000000 -0.000000 1.000000
vn -0.000000 -0.000000 1.000000
vn -0.000000 -0.000000 1.000000
vn -0.000000 -0.000000 1.000000
vn -0.000000 -0.000000 1.000000
vn -0.000000 -0.000000 1.000000
vn -0.000000 -0.000000 1.000000
vn -0.000000 -0.000000 1.000000
vn -0.000000 -0.000000 1.000000
vn -0.000000 -0.000000 1.000000
vn -0.000000 -0.000000 1.000000
vn -0.000000 -0.000000 1.000000
vn -0.000000 -0.000000 1.000000
vn -0.000000 -0.000000 1.000000
vn -0.000000 -0.000000 1.000000
vn -0.000000 -0.000000 1.000000
vn -0.000000 -0.000000 1.000000
vn -0.000000 -0.000000 1.000000
vn -0.000000 -0.000000 1.000000
vn -0.000000 -0.000000 1.000000
vn -0.000000 -0.000000 1.000000
vn -0.000000 -0.000000 1.000000
vn -0.000000 -0.000000 1.000000
vn -0.000000 -0.000000 1.000000
vn -0.000000 -0.000000 1.000000
vn -0.000000 -0.000000 1.000000
vn -0.000000 -0.000000 1.000000
vn -0.000000 -0.000000 1.000000
vn -0.000000 -0.000000 1.000000
vn -0.000000 -0.000000 1.000000
vn -0.000000 -0.000000 1.000000
vn -0.000000 -0.000000 1.000000
vn -0.000000 -0.000000 1.000000
vn -0.000000 -0.000000 1.000000
vn -0.000000 -0.000000 1.000000
vn -0.000000 -0.000000 1.000000
vn -0.000000 -0.000000 1.000000
vn -0.000000 -0.000000 1.000000
vn -0.000000 -0.000000 1.000000
vn -0.000000 -0.000000 1.000000
vn -0.000000 -0.000000 1.000000
vn -0.000000 -0.000000 1.000000
vn -0.000000 -0.000000 1.000000
vn -0.000000 -0.000000 1.000000
vn -0.000000 -0.000000 1.000000
vn -0.000000 -0.000000 1.000000
vn -0.000000 -0.000000 1.000000
vn -0.000000 -0.000000 1.000000
vn -0.000000 -0.000000 1.000000
vn -0.000000 -0.000000 1.000000
vn -0.000000 -0.000000 1.000000
vn -0.000000 -0.000000 1.000000
vn -0.000000 -0.000000 1.000000
vn -0.000000 -0.000000 1.000000
vn -0.000000 -0.000000 1.000000
vn -0.000000 -0.000000 1.000000
vn -0.000000 -0.000000 1.000000
vn -0.000000 -0.000000 1.000000
vn -0.000000 -0.000000 1.000000
vn -0.000000 -0.000000 1.000000
vn -0.000000 -0.000000 1.000000
vn -0.000000 -0.000000 1.000000
vn -0.000000 -0.000000 1.000000
vn -0.000000 -0.000000 1.000000
vn -0.000000 -0.000000 1.000000
vn -0.000000 -0.000000 1.000000
vn -0.000000 -0.000000 1.000000
vn -0.000000 -0.000000 1.000000
vn -0.000000 -0.000000 1.000000
vn -0.000000 -0.000000 1.000000
vn -0.000000 -0.000000 1.000000
vn -0.000000 -0.000000 1.000000
vn -0.000000 -0.000000 1.000000
vn -0.000000 -0.000000 1.000000
vn -0.000000 -0.000000 1.000000
vn -0.000000 -0.000000 1.000000
vn -0.000000 -0.000000 1.000000
vn -0.000000 -0.000000 1.000000
vn -0.000000 -0.000000 1.000000
vn -0.000000 -0.000000 1.000000
vn -0.000000 -0.000000 1.000000
vn -0.000000 -0.000000 1.000000
vn -0.000000 -0.000000 1.000000
vn -0.000000 -0.000000 1.000000
vn -0.000000 -0.000000 1.000000
vn -0.000000 -0.000000 1.000000
vn -0.000000 -0.000000 1.000000
vn -0.000000 -0.000000 1.000000
vn -0.000000 -0.000000 1.000000
vn -0.000000 -0.000000 1.000000
vn -0.000000 -0.000000 1.000000
vn -0.000000 -0.000000 1.000000
vn -0.000000 -0.000000 1.000000
vn -0.000000 -0.000000 1.000000
f 646//646 644//644 645//645
f 647//647 644//644 646//646
f 641//641 642//642 643//643
f 641//641 643//643 644//644
f 641//641 647//647 648//648
f 641//641 644//644 647//647
f 639//639 640//640 641//641
f 639//639 641//641 648//648
f 843//843 640//640 639//639
f 843//843 842//842 640//640
f 915//915 914//914 640//640
f 844//844 843//843 639//639
f 841//841 640//640 842//842
f 916//916 915//915 640//640
f 913//913 640//640 914//914
f 845//845 844//844 639//639
f 840//840 640//640 841//841
f 917//917 916//916 640//640
f 917//917 640//640 840//840
f 912//912 640//640 913//913
f 846//846 845//845 639//639
f 918//918 917//917 840//840
f 839//839 918//918 840//840
f 911//911 640//640 912//912
f 838//838 918//918 839//839
f 847//847 846//846 639//639
f 919//919 918//918 838//838
f 910//910 640//640 911//911
f 848//848 847//847 639//639
f 909//909 640//640 910//910
f 920//920 838//838 837//837
f 920//920 919//919 838//838
f 921//921 837//837 836//836
f 921//921 920//920 837//837
f 849//849 848//848 639//639
f 850//850 849//849 639//639
f 835//835 921//921 836//836
f 835//835 922//922 921//921
f 851//851 850//850 639//639
f 923//923 922//922 835//835
f 923//923 835//835 834//834
f 833//833 924//924 923//923
f 833//833 923//923 834//834
f 925//925 924//924 833//833
f 832//832 925//925 833//833
f 926//926 925//925 832//832
f 926//926 832//832 831//831
f 927//927 831//831 830//830
f 927//927 926//926 831//831
f 829//829 928//928 927//927
f 829//829 927//927 830//830
f 864//864 929//929 928//928
f 864//864 928//928 829//829
f 863//863 930//930 929//929
f 863//863 929//929 864//864
f 862//862 931//931 930//930
f 862//862 930//930 863//863
f 861//861 932//932 931//931
f 861//861 931//931 862//862
f 806//806 852//852 851//851
f 807//807 806//806 851//851
f 734//734 906//906 905//905
f 734//734 907//907 906//906
f 735//735 734//734 905//905
f 736//736 735//735 905//905
f 736//736 905//905 904//904
f 733//733 907//907 734//734
f 805//805 853//853 852//852
f 805//805 852//852 806//806
f 630//630 851//851 639//639
f 630//630 807//807 851//851
f 630//630 808//808 807//807
f 737//737 736//736 904//904
f 737//737 904//904 903//903
f 809//809 808//808 630//630
f 804//804 854//854 853//853
f 804//804 853//853 805//805
f 732//732 907//907 733//733
f 732//732 908//908 907//907
f 738//738 737//737 903//903
f 738//738 902//902 901//901
f 738//738 903//903 902//902
f 810//810 809//809 630//630
f 803//803 855//855 854//854
f 803//803 854//854 804//804
f 731//731 908//908 732//732
f 731//731 909//909 908//908
f 802//802 856//856 855//855
f 802//802 855//855 803//803
f 811//811 810//810 630//630
f 739//739 738//738 901//901
f 632//632 630//630 631//631
f 740//740 901//901 936//936
f 740//740 739//739 901//901
f 801//801 856//856 802//802
f 801//801 857//857 856//856
f 812//812 811//811 630//630
f 741//741 936//936 935//935
f 741//741 740//740 936//936
f 813//813 812//812 630//630
f 800//800 858//858 857//857
f 800//800 857//857 801//801
f 634//634 632//632 633//633
f 742//742 741//741 935//935
f 742//742 935//935 934//934
f 799//799 858//858 800//800
f 799//799 859//859 858//858
f 814//814 813//813 630//630
f 635//635 632//632 634//634
f 798//798 860//860 859//859
f 798//798 859//859 799//799
f 743//743 934//934 933//933
f 743//743 742//742 934//934
f 815//815 814//814 630//630
f 637//637 635//635 636//636
f 637//637 632//632 635//635
f 744//744 933//933 932//932
f 744//744 743//743 933//933
f 797//797 861//861 860//860
f 797//797 860//860 798//798
f 629//629 816//816 815//815
f 629//629 817//817 816//816
f 629//629 630//630 632//632
f 629//629 637//637 638//638
f 629//629 815//815 630//630
f 629//629 632//632 637//637
f 818//818 817//817 629//629
f 879//879 753//753 752//752
f 699//699 825//825 824//824
f 699//699 698//698 825//825
f 878//878 753//753 879//879
f 877//877 753//753 878//878
f 877//877 754//754 753//753
f 880//880 752//752 751//751
f 880//880 879//879 752//752
f 700//700 824//824 823//823
f 700//700 699//699 824//824
f 697//697 826//826 825//825
f 697//697 825//825 698//698
f 881//881 880//880 751//751
f 881//881 751//751 750//750
f 701//701 822//822 821//821
f 701//701 823//823 822//822
f 701//701 700//700 823//823
f 876//876 755//755 754//754
f 876//876 756//756 755//755
f 876//876 754//754 877//877
f 696//696 827//827 826//826
f 696//696 826//826 697//697
f 882//882 749//749 748//748
f 882//882 750//750 749//749
f 882//882 881//881 750//750
f 695//695 828//828 827//827
f 695//695 827//827 696//696
f 702//702 821//821 820//820
f 702//702 701//701 821//821
f 875//875 721//721 756//756
f 875//875 756//756 876//876
f 874//874 721//721 875//875
f 883//883 882//882 748//748
f 694//694 793//793 828//828
f 694//694 828//828 695//695
f 694//694 794//794 793//793
f 703//703 702//702 820//820
f 873//873 722//722 721//721
f 873//873 723//723 722//722
f 873//873 721//721 874//874
f 884//884 883//883 748//748
f 884//884 747//747 746//746
f 884//884 748//748 747//747
f 693//693 794//794 694//694
f 704//704 820//820 819//819
f 704//704 703//703 820//820
f 872//872 723//723 873//873
f 885//885 884//884 746//746
f 705//705 819//819 818//818
f 705//705 704//704 819//819
f 705//705 818//818 629//629
f 692//692 795//795 794//794
f 692//692 796//796 795//795
f 692//692 794//794 693//693
f 618//618 724//724 723//723
f 618//618 725//725 724//724
f 618//618 726//726 725//725
f 618//618 727//727 726//726
f 618//618 728//728 727//727
f 618//618 729//729 728//728
f 618//618 730//730 729//729
f 618//618 731//731 730//730
f 618//618 909//909 731//731
f 618//618 723//723 872//872
f 618//618 640//640 909//909
f 886//886 885//885 746//746
f 886//886 746//746 745//745
f 691//691 796//796 692//692
f 691//691 797//797 796//796
f 706//706 705//705 629//629
f 871//871 618//618 872//872
f 887//887 745//745 744//744
f 887//887 744//744 932//932
f 887//887 932//932 861//861
f 887//887 886//886 745//745
f 870//870 618//618 871//871
f 690//690 797//797 691//691
f 707//707 706//706 629//629
f 708//708 707//707 629//629
f 869//869 618//618 870//870
f 614//614 615//615 616//616
f 709//709 708//708 629//629
f 710//710 709//709 629//629
f 612//612 613//613 614//614
f 612//612 614//614 616//616
f 711//711 710//710 629//629
f 611//611 612//612 616//616
f 712//712 711//711 629//629
f 610//610 616//616 617//617
f 610//610 611//611 616//616
f 609//609 617//617 618//618
f 609//609 618//618 869//869
f 609//609 610//610 617//617
f 609//609 866//866 865//865
f 609//609 867//867 866//866
f 609//609 868//868 867//867
f 609//609 869//869 868//868
f 609//609 900//900 899//899
f 609//609 865//865 900//900
f 898//898 609//609 899//899
f 897//897 609//609 898//898
f 662//662 887//887 861//861
f 662//662 797//797 690//690
f 662//662 861//861 797//797
f 662//662 690//690 689//689
f 771//771 887//887 662//662
f 771//771 888//888 887//887
f 771//771 770//770 888//888
f 663//663 662//662 689//689
f 769//769 889//889 888//888
f 769//769 890//890 889//889
f 769//769 888//888 770//770
f 661//661 771//771 662//662
f 661//661 772//772 771//771
f 664//664 689//689 688//688
f 664//664 663//663 689//689
f 665//665 664//664 688//688
f 665//665 688//688 687//687
f 768//768 890//890 769//769
f 660//660 773//773 772//772
f 660//660 772//772 661//661
f 666//666 665//665 687//687
f 666//666 686//686 685//685
f 666//666 687//687 686//686
f 767//767 890//890 768//768
f 767//767 891//891 890//890
f 659//659 773//773 660//660
f 659//659 774//774 773//773
f 766//766 891//891 767//767
f 766//766 892//892 891//891
f 766//766 893//893 892//892
f 658//658 774//774 659//659
f 658//658 775//775 774//774
f 667//667 666//666 685//685
f 765//765 893//893 766//766
f 657//657 775//775 658//658
f 657//657 776//776 775//775
f 668//668 685//685 720//720
f 668//668 667//667 685//685
f 764//764 893//893 765//765
f 764//764 894//894 893//893
f 764//764 895//895 894//894
f 669//669 668//668 720//720
f 669//669 720//720 719//719
f 656//656 776//776 657//657
f 656//656 777//777 776//776
f 763//763 895//895 764//764
f 763//763 896//896 895//895
f 655//655 778//778 777//777
f 655//655 777//777 656//656
f 670//670 719//719 718//718
f 670//670 669//669 719//719
f 762//762 896//896 763//763
f 654//654 779//779 778//778
f 654//654 778//778 655//655
f 671//671 717//717 716//716
f 671//671 718//718 717//717
f 671//671 670//670 718//718
f 672//672 671//671 716//716
f 761//761 609//609 897//897
f 761//761 896//896 762//762
f 761//761 897//897 896//896
f 780//780 779//779 654//654
f 653//653 780//780 654//654
f 673//673 716//716 715//715
f 673//673 672//672 716//716
f 652//652 781//781 780//780
f 652//652 780//780 653//653
f 782//782 781//781 652//652
f 782//782 652//652 651//651
f 650//650 782//782 651//651
f 783//783 782//782 650//650
f 649//649 783//783 650//650
f 784//784 783//783 649//649
f 684//684 784//784 649//649
f 785//785 784//784 684//684
f 786//786 785//785 684//684
f 786//786 684//684 683//683
f 619//619 758//758 757//757
f 619//619 759//759 758//758
f 619//619 760//760 759//759
f 619//619 761//761 760//760
f 619//619 609//609 761//761
f 619//619 790//790 789//789
f 619//619 791//791 790//790
f 619//619 792//792 791//791
f 619//619 757//757 792//792
f 620//620 619//619 789//789
f 620//620 786//786 683//683
f 620//620 677//677 676//676
f 620//620 678//678 677//677
f 620//620 679//679 678//678
f 620//620 680//680 679//679
f 620//620 681//681 680//680
f 620//620 682//682 681//681
f 620//620 683//683 682//682
f 620//620 787//787 786//786
f 620//620 788//788 787//787
f 620//620 789//789 788//788
f 627//627 628//628 619//619
f 623//623 620//620 621//621
f 623//623 621//621 622//622
f 623//623 619//619 620//620
f 623//623 627//627 619//619
f 624//624 626//626 627//627
f 624//624 627//627 623//623
f 625//625 626//626 624//624
f 620//620 712//712 629//629
f 620//620 713//713 712//712
f 620//620 714//714 713//713
f 620//620 715//715 714//714
f 620//620 676//676 715//715
f 676//676 675//675 715//715
f 675//675 674//674 715//715
f 674//674 673//673 715//715
v -295.000000 350.000000 -30.000000
v -295.000000 350.000000 0.000000
v 295.000000 350.000000 -30.000000
v 295.000000 350.000000 0.000000
vn 0.000000 1.000000 0.000000
vn 0.000000 1.000000 0.000000
vn 0.000000 1.000000 0.000000
vn 0.000000 1.000000 0.000000
f 938//938 940//940 939//939
f 937//937 938//938 939//939
v 305.000000 340.000000 -30.000000
v 305.000000 340.000000 0.000000
v 305.000000 -340.000000 -30.000000
v 305.000000 -340.000000 -0.000000
vn 1.000000 -0.000000 -0.000000
vn 1.000000 -0.000000 -0.000000
vn 1.000000 -0.000000 -0.000000
vn 1.000000 -0.000000 -0.000000
f 941//941 944//944 943//943
f 942//942 944//944 941//941
v 295.000000 -350.000000 -30.000000
v 295.000000 -350.000000 -0.000000
v -295.000000 -350.000000 -30.000000
v -295.000000 -350.000000 -0.000000
vn -0.000000 -1.000000 -0.000000
vn -0.000000 -1.000000 -0.000000
vn -0.000000 -1.000000 -0.000000
vn -0.000000 -1.000000 -0.000000
f 946//946 948//948 947//947
f 945//945 946//946 947//947
v -305.000000 340.000000 0.000000
v -305.000000 340.000000 -30.000000
v -305.000000 -340.000000 -0.000000
v -305.000000 -340.000000 -30.000000
vn -1.000000 0.000000 -0.000000
vn -1.000000 0.000000 -0.000000
vn -1.000000 0.000000 -0.000000
vn -1.000000 0.000000 -0.000000
f 949//949 952//952 951//951
f 950//950 952//952 949//949
v 295.000000 -350.000000 -30.000000
v -295.000000 -350.000000 -30.000000
v -296.736481 -349.848083 -30.000000
v -298.420197 -349.396912 -30.000000
v -300.000000 -348.660248 -30.000000
v -301.427887 -347.660431 -30.000000
v -302.660431 -346.427887 -30.000000
v -303.660248 -345.000000 -30.000000
v -304.396912 -343.420197 -30.000000
v -304.848083 -341.736481 -30.000000
v -305.000000 -340.000000 -30.000000
v -305.000000 340.000000 -30.000000
v -304.848083 341.736481 -30.000000
v -304.396912 343.420197 -30.000000
v -303.660248 345.000000 -30.000000
v -302.660431 346.427887 -30.000000
v -301.427887 347.660431 -30.000000
v -300.000000 348.660248 -30.000000
v -298.420197 349.396912 -30.000000
v -296.736481 349.848083 -30.000000
v -295.000000 350.000000 -30.000000
v 295.000000 350.000000 -30.000000
v 296.736481 349.848083 -30.000000
v 298.420197 349.396912 -30.000000
v 300.000000 348.660248 -30.000000
v 301.427887 347.660431 -30.000000
v 302.660431 346.427887 -30.000000
v 303.660248 345.000000 -30.000000
v 304.396912 343.420197 -30.000000
v 304.848083 341.736481 -30.000000
v 305.000000 340.000000 -30.000000
v 305.000000 -340.000000 -30.000000
v 304.848083 -341.736481 -30.000000
v 304.396912 -343.420197 -30.000000
v 303.660248 -345.000000 -30.000000
v 302.660431 -346.427887 -30.000000
v 301.427887 -347.660431 -30.000000
v 300.000000 -348.660248 -30.000000
v 298.420197 -349.396912 -30.000000
v 296.736481 -349.848083 -30.000000
v 270.000000 220.250000 -30.000000
v 268.306915 220.398117 -30.000000
v 266.665314 220.837997 -30.000000
v 265.125000 221.556259 -30.000000
v 263.732819 222.531067 -30.000000
v 262.531067 223.732819 -30.000000
v 261.556244 225.125000 -30.000000
v 260.837982 226.665298 -30.000000
v 260.398132 228.306931 -30.000000
v 260.250000 230.000000 -30.000000
v 260.398132 231.693069 -30.000000
v 260.837982 233.334702 -30.000000
v 261.556244 234.875000 -30.000000
v 262.531067 236.267181 -30.000000
v 263.732819 237.468933 -30.000000
v 265.125000 238.443741 -30.000000
v 266.665314 239.162003 -30.000000
v 268.306915 239.601883 -30.000000
v 270.000000 239.750000 -30.000000
v 271.693085 239.601883 -30.000000
v 273.334686 239.162003 -30.000000
v 274.875000 238.443741 -30.000000
v 276.267181 237.468933 -30.000000
v 277.468933 236.267181 -30.000000
v 278.443756 234.875000 -30.000000
v 279.162018 233.334702 -30.000000
v 279.601868 231.693069 -30.000000
v 279.750000 230.000000 -30.000000
v 279.601868 228.306931 -30.000000
v 279.162018 226.665298 -30.000000
v 278.443756 225.125000 -30.000000
v 277.468933 223.732819 -30.000000
v 276.267181 222.531067 -30.000000
v 274.875000 221.556259 -30.000000
v 273.334686 220.837997 -30.000000
v 271.693085 220.398117 -30.000000
v 270.000000 -239.750000 -30.000000
v 268.306915 -239.601883 -30.000000
v 266.665314 -239.162003 -30.000000
v 265.125000 -238.443741 -30.000000
v 263.732819 -237.468933 -30.000000
v 262.531067 -236.267181 -30.000000
v 261.556244 -234.875000 -30.000000
v 260.837982 -233.334702 -30.000000
v 260.398132 -231.693069 -30.000000
v 260.250000 -230.000000 -30.000000
v 260.398132 -228.306931 -30.000000
v 260.837982 -226.665298 -30.000000
v 261.556244 -225.125000 -30.000000
v 262.531067 -223.732819 -30.000000
v 263.732819 -222.531067 -30.000000
v 265.125000 -221.556259 -30.000000
v 266.665314 -220.837997 -30.000000
v 268.306915 -220.398117 -30.000000
v 270.000000 -220.250000 -30.000000
v 271.693085 -220.398117 -30.000000
v 273.334686 -220.837997 -30.000000
v 274.875000 -221.556259 -30.000000
v 276.267181 -222.531067 -30.000000
v 277.468933 -223.732819 -30.000000
v 278.443756 -225.125000 -30.000000
v 279.162018 -226.665298 -30.000000
v 279.601868 -228.306931 -30.000000
v 279.750000 -230.000000 -30.000000
v 279.601868 -231.693069 -30.000000
v 279.162018 -233.334702 -30.000000
v 278.443756 -234.875000 -30.000000
v 277.468933 -236.267181 -30.000000
v 276.267181 -237.468933 -30.000000
v 274.875000 -238.443741 -30.000000
v 273.334686 -239.162003 -30.000000
v 271.693085 -239.601883 -30.000000
v -270.000000 -239.750000 -30.000000
v -271.693085 -239.601883 -30.000000
v -273.334686 -239.162003 -30.000000
v -274.875000 -238.443741 -30.000000
v -276.267181 -237.468933 -30.000000
v -277.468933 -236.267181 -30.000000
v -278.443756 -234.875000 -30.000000
v -279.162018 -233.334702 -30.000000
v -279.601868 -231.693069 -30.000000
v -279.750000 -230.000000 -30.000000
v -279.601868 -228.306931 -30.000000
v -279.162018 -226.665298 -30.000000
v -278.443756 -225.125000 -30.000000
v -277.468933 -223.732819 -30.000000
v -276.267181 -222.531067 -30.000000
v -274.875000 -221.556259 -30.000000
v -273.334686 -220.837997 -30.000000
v -271.693085 -220.398117 -30.000000
v -270.000000 -220.250000 -30.000000
v -268.306915 -220.398117 -30.000000
v -266.665314 -220.837997 -30.000000
v -265.125000 -221.556259 -30.000000
v -263.732819 -222.531067 -30.000000
v -262.531067 -223.732819 -30.000000
v -261.556244 -225.125000 -30.000000
v -260.837982 -226.665298 -30.000000
v -260.398132 -228.306931 -30.000000
v -260.250000 -230.000000 -30.000000
v -260.398132 -231.693069 -30.000000
v -260.837982 -233.334702 -30.000000
v -261.556244 -234.875000 -30.000000
v -262.531067 -236.267181 -30.000000
v -263.732819 -237.468933 -30.000000
v -265.125000 -238.443741 -30.000000
v -266.665314 -239.162003 -30.000000
v -268.306915 -239.601883 -30.000000
v -270.000000 220.250000 -30.000000
v -271.693085 220.398117 -30.000000
v -273.334686 220.837997 -30.000000
v -274.875000 221.556259 -30.000000
v -276.267181 222.531067 -30.000000
v -277.468933 223.732819 -30.000000
v -278.443756 225.125000 -30.000000
v -279.162018 226.665298 -30.000000
v -279.601868 228.306931 -30.000000
v -279.750000 230.000000 -30.000000
v -279.601868 231.693069 -30.000000
v -279.162018 233.334702 -30.000000
v -278.443756 234.875000 -30.000000
v -277.468933 236.267181 -30.000000
v -276.267181 237.468933 -30.000000
v -274.875000 238.443741 -30.000000
v -273.334686 239.162003 -30.000000
v -271.693085 239.601883 -30.000000
v -270.000000 239.750000 -30.000000
v -268.306915 239.601883 -30.000000
v -266.665314 239.162003 -30.000000
v -265.125000 238.443741 -30.000000
v -263.732819 237.468933 -30.000000
v -262.531067 236.267181 -30.000000
v -261.556244 234.875000 -30.000000
v -260.837982 233.334702 -30.000000
v -260.398132 231.693069 -30.000000
v -260.250000 230.000000 -30.000000
v -260.398132 228.306931 -30.000000
v -260.837982 226.665298 -30.000000
v -261.556244 225.125000 -30.000000
v -262.531067 223.732819 -30.000000
v -263.732819 222.531067 -30.000000
v -265.125000 221.556259 -30.000000
v -266.665314 220.837997 -30.000000
v -268.306915 220.398117 -30.000000
v 230.000000 260.250000 -30.000000
v 228.306931 260.398132 -30.000000
v 226.665298 260.837982 -30.000000
v 225.125000 261.556244 -30.000000
v 223.732819 262.531067 -30.000000
v 222.531067 263.732819 -30.000000
v 221.556259 265.125000 -30.000000
v 220.837997 266.665314 -30.000000
v 220.398117 268.306915 -30.000000
v 220.250000 270.000000 -30.000000
v 220.398117 271.693085 -30.000000
v 220.837997 273.334686 -30.000000
v 221.556259 274.875000 -30.000000
v 222.531067 276.267181 -30.000000
v 223.732819 277.468933 -30.000000
v 225.125000 278.443756 -30.000000
v 226.665298 279.162018 -30.000000
v 228.306931 279.601868 -30.000000
v 230.000000 279.750000 -30.000000
v 231.693069 279.601868 -30.000000
v 233.334702 279.162018 -30.000000
v 234.875000 278.443756 -30.000000
v 236.267181 277.468933 -30.000000
v 237.468933 276.267181 -30.000000
v 238.443741 274.875000 -30.000000
v 239.162003 273.334686 -30.000000
v 239.601883 271.693085 -30.000000
v 239.750000 270.000000 -30.000000
v 239.601883 268.306915 -30.000000
v 239.162003 266.665314 -30.000000
v 238.443741 265.125000 -30.000000
v 237.468933 263.732819 -30.000000
v 236.267181 262.531067 -30.000000
v 234.875000 261.556244 -30.000000
v 233.334702 260.837982 -30.000000
v 231.693069 260.398132 -30.000000
v 230.000000 -279.750000 -30.000000
v 228.306931 -279.601868 -30.000000
v 226.665298 -279.162018 -30.000000
v 225.125000 -278.443756 -30.000000
v 223.732819 -277.468933 -30.000000
v 222.531067 -276.267181 -30.000000
v 221.556259 -274.875000 -30.000000
v 220.837997 -273.334686 -30.000000
v 220.398117 -271.693085 -30.000000
v 220.250000 -270.000000 -30.000000
v 220.398117 -268.306915 -30.000000
v 220.837997 -266.665314 -30.000000
v 221.556259 -265.125000 -30.000000
v 222.531067 -263.732819 -30.000000
v 223.732819 -262.531067 -30.000000
v 225.125000 -261.556244 -30.000000
v 226.665298 -260.837982 -30.000000
v 228.306931 -260.398132 -30.000000
v 230.000000 -260.250000 -30.000000
v 231.693069 -260.398132 -30.000000
v 233.334702 -260.837982 -30.000000
v 234.875000 -261.556244 -30.000000
v 236.267181 -262.531067 -30.000000
v 237.468933 -263.732819 -30.000000
v 238.443741 -265.125000 -30.000000
v 239.162003 -266.665314 -30.000000
v 239.601883 -268.306915 -30.000000
v 239.750000 -270.000000 -30.000000
v 239.601883 -271.693085 -30.000000
v 239.162003 -273.334686 -30.000000
v 238.443741 -274.875000 -30.000000
v 237.468933 -276.267181 -30.000000
v 236.267181 -277.468933 -30.000000
v 234.875000 -278.443756 -30.000000
v 233.334702 -279.162018 -30.000000
v 231.693069 -279.601868 -30.000000
v -230.000000 -279.750000 -30.000000
v -231.693069 -279.601868 -30.000000
v -233.334702 -279.162018 -30.000000
v -234.875000 -278.443756 -30.000000
v -236.267181 -277.468933 -30.000000
v -237.468933 -276.267181 -30.000000
v -238.443741 -274.875000 -30.000000
v -239.162003 -273.334686 -30.000000
v -239.601883 -271.693085 -30.000000
v -239.750000 -270.000000 -30.000000
v -239.601883 -268.306915 -30.000000
v -239.162003 -266.665314 -30.000000
v -238.443741 -265.125000 -30.000000
v -237.468933 -263.732819 -30.000000
v -236.267181 -262.531067 -30.000000
v -234.875000 -261.556244 -30.000000
v -233.334702 -260.837982 -30.000000
v -231.693069 -260.398132 -30.000000
v -230.000000 -260.250000 -30.000000
v -228.306931 -260.398132 -30.000000
v -226.665298 -260.837982 -30.000000
v -225.125000 -261.556244 -30.000000
v -223.732819 -262.531067 -30.000000
v -222.531067 -263.732819 -30.000000
v -221.556259 -265.125000 -30.000000
v -220.837997 -266.665314 -30.000000
v -220.398117 -268.306915 -30.000000
v -220.250000 -270.000000 -30.000000
v -220.398117 -271.693085 -30.000000
v -220.837997 -273.334686 -30.000000
v -221.556259 -274.875000 -30.000000
v -222.531067 -276.267181 -30.000000
v -223.732819 -277.468933 -30.000000
v -225.125000 -278.443756 -30.000000
v -226.665298 -279.162018 -30.000000
v -228.306931 -279.601868 -30.000000
v -230.000000 260.250000 -30.000000
v -231.693069 260.398132 -30.000000
v -233.334702 260.837982 -30.000000
v -234.875000 261.556244 -30.000000
v -236.267181 262.531067 -30.000000
v -237.468933 263.732819 -30.000000
v -238.443741 265.125000 -30.000000
v -239.162003 266.665314 -30.000000
v -239.601883 268.306915 -30.000000
v -239.750000 270.000000 -30.000000
v -239.601883 271.693085 -30.000000
v -239.162003 273.334686 -30.000000
v -238.443741 274.875000 -30.000000
v -237.468933 276.267181 -30.000000
v -236.267181 277.468933 -30.000000
v -234.875000 278.443756 -30.000000
v -233.334702 279.162018 -30.000000
v -231.693069 279.601868 -30.000000
v -230.000000 279.750000 -30.000000
v -228.306931 279.601868 -30.000000
v -226.665298 279.162018 -30.000000
v -225.125000 278.443756 -30.000000
v -223.732819 277.468933 -30.000000
v -222.531067 276.267181 -30.000000
v -221.556259 274.875000 -30.000000
v -220.837997 273.334686 -30.000000
v -220.398117 271.693085 -30.000000
v -220.250000 270.000000 -30.000000
v -220.398117 268.306915 -30.000000
v -220.837997 266.665314 -30.000000
v -221.556259 265.125000 -30.000000
v -222.531067 263.732819 -30.000000
v -223.732819 262.531067 -30.000000
v -225.125000 261.556244 -30.000000
v -226.665298 260.837982 -30.000000
v -228.306931 260.398132 -30.000000
vn 0.000000 0.000000 -1.000000
vn 0.000000 0.000000 -1.000000
vn 0.000000 0.000000 -1.000000
vn 0.000000 0.000000 -1.000000
vn 0.000000 0.000000 -1.000000
vn 0.000000 0.000000 -1.000000
vn 0.000000 0.000000 -1.000000
vn 0.000000 0.000000 -1.000000
vn 0.000000 0.000000 -1.000000
vn 0.000000 0.000000 -1.000000
vn 0.000000 0.000000 -1.000000
vn 0.000000 0.000000 -1.000000
vn 0.000000 0.000000 -1.000000
vn 0.000000 0.000000 -1.000000
vn 0.000000 0.000000 -1.000000
vn 0.000000 0.000000 -1.000000
vn 0.000000 0.000000 -1.000000
vn 0.000000 0.000000 -1.000000
vn 0.000000 0.000000 -1.000000
vn 0.000000 0.000000 -1.000000
vn 0.000000 0.000000 -1.000000
vn 0.000000 0.000000 -1.000000
vn 0.000000 0.000000 -1.000000
vn 0.000000 0.000000 -1.000000
vn 0.000000 0.000000 -1.000000
vn 0.000000 0.000000 -1.000000
vn 0.000000 0.000000 -1.000000
vn 0.000000 0.000000 -1.000000
vn 0.000000 0.000000 -1.000000
vn 0.000000 0.000000 -1.000000
vn 0.000000 0.000000 -1.000000
vn 0.000000 0.000000 -1.000000
vn 0.000000 0.000000 -1.000000
vn 0.000000 0.000000 -1.000000
vn 0.000000 0.000000 -1.000000
vn 0.000000 0.000000 -1.000000
vn 0.000000 0.000000 -1.000000
vn 0.000000 0.000000 -1.000000
vn 0.000000 0.000000 -1.000000
vn 0.000000 0.000000 -1.000000
vn 0.000000 0.000000 -1.000000
vn 0.000000 0.000000 -1.000000
vn 0.000000 0.000000 -1.000000
vn 0.000000 0.000000 -1.000000
vn 0.000000 0.000000 -1.000000
vn 0.000000 0.000000 -1.000000
vn 0.000000 0.000000 -1.000000
vn 0.000000 0.000000 -1.000000
vn 0.000000 0.000000 -1.000000
vn 0.000000 0.000000 -1.000000
vn 0.000000 0.000000 -1.000000
vn 0.000000 0.000000 -1.000000
vn 0.000000 0.000000 -1.000000
vn 0.000000 0.000000 -1.000000
vn 0.000000 0.000000 -1.000000
vn 0.000000 0.000000 -1.000000
vn 0.000000 0.000000 -1.000000
vn 0.000000 0.000000 -1.000000
vn 0.000000 0.000000 -1.000000
vn 0.000000 0.000000 -1.000000
vn 0.000000 0.000000 -1.000000
vn 0.000000 0.000000 -1.000000
vn 0.000000 0.000000 -1.000000
vn 0.000000 0.000000 -1.000000
vn 0.000000 0.000000 -1.000000
vn 0.000000 0.000000 -1.000000
vn 0.000000 0.000000 -1.000000
vn 0.000000 0.000000 -1.000000
vn 0.000000 0.000000 -1.000000
vn 0.000000 0.000000 -1.000000
vn 0.000000 0.000000 -1.000000
vn 0.000000 0.000000 -1.000000
vn 0.000000 0.000000 -1.000000
vn 0.000000 0.000000 -1.000000
vn 0.000000 0.000000 -1.000000
vn 0.000000 0.000000 -1.000000
vn 0.000000 0.000000 -1.000000
vn 0.000000 0.000000 -1.000000
vn 0.000000 0.000000 -1.000000
vn 0.000000 0.000000 -1.000000
vn 0.000000 0.000000 -1.000000
vn 0.000000 0.000000 -1.000000
vn 0.000000 0.000000 -1.000000
vn 0.000000 0.000000 -1.000000
vn 0.000000 0.000000 -1.000000
vn 0.000000 0.000000 -1.000000
vn 0.000000 0.000000 -1.000000
vn 0.000000 0.000000 -1.000000
vn 0.000000 0.000000 -1.000000
vn 0.000000 0.000000 -1.000000
vn 0.000000 0.000000 -1.000000
vn 0.000000 0.000000 -1.000000
vn 0.000000 0.000000 -1.000000
vn 0.000000 0.000000 -1.000000
vn 0.000000 0.000000 -1.000000
vn 0.000000 0.000000 -1.000000
vn 0.000000 0.000000 -1.000000
vn 0.000000 0.000000 -1.000000
vn 0.000000 0.000000 -1.000000
vn 0.000000 0.000000 -1.000000
vn 0.000000 0.000000 -1.000000
vn 0.000000 0.000000 -1.000000
vn 0.000000 0.000000 -1.000000
vn 0.000000 0.000000 -1.000000
vn 0.000000 0.000000 -1.000000
vn 0.000000 0.000000 -1.000000
vn 0.000000 0.000000 -1.000000
vn 0.000000 0.000000 -1.000000
vn 0.000000 0.000000 -1.000000
vn 0.000000 0.000000 -1.000000
vn 0.000000 0.000000 -1.000000
vn 0.000000 0.000000 -1.000000
vn 0.000000 0.000000 -1.000000
vn 0.000000 0.000000 -1.000000
vn 0.000000 0.000000 -1.000000
vn 0.000000 0.000000 -1.000000
vn 0.000000 0.000000 -1.000000
vn 0.000000 0.000000 -1.000000
vn 0.000000 0.000000 -1.000000
vn 0.000000 0.000000 -1.000000
vn 0.000000 0.000000 -1.000000
vn 0.000000 0.000000 -1.000000
vn 0.000000 0.000000 -1.000000
vn 0.000000 0.000000 -1.000000
vn 0.000000 0.000000 -1.000000
vn 0.000000 0.000000 -1.000000
vn 0.000000 0.000000 -1.000000
vn 0.000000 0.000000 -1.000000
vn 0.000000 0.000000 -1.000000
vn 0.000000 0.000000 -1.000000
vn 0.000000 0.000000 -1.000000
vn 0.000000 0.000000 -1.000000
vn 0.000000 0.000000 -1.000000
vn 0.000000 0.000000 -1.000000
vn 0.000000 0.000000 -1.000000
vn 0.000000 0.000000 -1.000000
vn 0.000000 0.000000 -1.000000
vn 0.000000 0.000000 -1.000000
vn 0.000000 0.000000 -1.000000
vn 0.000000 0.000000 -1.000000
vn 0.000000 0.000000 -1.000000
vn 0.000000 0.000000 -1.000000
vn 0.000000 0.000000 -1.000000
vn 0.000000 0.000000 -1.000000
vn 0.000000 0.000000 -1.000000
vn 0.000000 0.000000 -1.000000
vn 0.000000 0.000000 -1.000000
vn 0.000000 0.000000 -1.000000
vn 0.000000 0.000000 -1.000000
vn 0.000000 0.000000 -1.000000
vn 0.000000 0.000000 -1.000000
vn 0.000000 0.000000 -1.000000
vn 0.000000 0.000000 -1.000000
vn 0.000000 0.000000 -1.000000
vn 0.000000 0.000000 -1.000000
vn 0.000000 0.000000 -1.000000
vn 0.000000 0.000000 -1.000000
vn 0.000000 0.000000 -1.000000
vn 0.000000 0.000000 -1.000000
vn 0.000000 0.000000 -1.000000
vn 0.000000 0.000000 -1.000000
vn 0.000000 0.000000 -1.000000
vn 0.000000 0.000000 -1.000000
vn 0.000000 0.000000 -1.000000
vn 0.000000 0.000000 -1.000000
vn 0.000000 0.000000 -1.000000
vn 0.000000 0.000000 -1.000000
vn 0.000000 0.000000 -1.000000
vn 0.000000 0.000000 -1.000000
vn 0.000000 0.000000 -1.000000
vn 0.000000 0.000000 -1.000000
vn 0.000000 0.000000 -1.000000
vn 0.000000 0.000000 -1.000000
vn 0.000000 0.000000 -1.000000
vn 0.000000 0.000000 -1.000000
vn 0.000000 0.000000 -1.000000
vn 0.000000 0.000000 -1.000000
vn 0.000000 0.000000 -1.000000
vn 0.000000 0.000000 -1.000000
vn 0.000000 0.000000 -1.000000
vn 0.000000 0.000000 -1.000000
vn 0.000000 0.000000 -1.000000
vn 0.000000 0.000000 -1.000000
vn 0.000000 0.000000 -1.000000
vn 0.000000 0.000000 -1.000000
vn 0.000000 0.000000 -1.000000
vn 0.000000 0.000000 -1.000000
vn 0.000000 0.000000 -1.000000
vn 0.000000 0.000000 -1.000000
vn 0.000000 0.000000 -1.000000
vn 0.000000 0.000000 -1.000000
vn 0.000000 0.000000 -1.000000
vn 0.000000 0.000000 -1.000000
vn 0.000000 0.000000 -1.000000
vn 0.000000 0.000000 -1.000000
vn 0.000000 0.000000 -1.000000
vn 0.000000 0.000000 -1.000000
vn 0.000000 0.000000 -1.000000
vn 0.000000 0.000000 -1.000000
vn 0.000000 0.000000 -1.000000
vn 0.000000 0.000000 -1.000000
vn 0.000000 0.000000 -1.000000
vn 0.000000 0.000000 -1.000000
vn 0.000000 0.000000 -1.000000
vn 0.000000 0.000000 -1.000000
vn 0.000000 0.000000 -1.000000
vn 0.000000 0.000000 -1.000000
vn 0.000000 0.000000 -1.000000
vn 0.000000 0.000000 -1.000000
vn 0.000000 0.000000 -1.000000
vn 0.000000 0.000000 -1.000000
vn 0.000000 0.000000 -1.000000
vn 0.000000 0.000000 -1.000000
vn 0.000000 0.000000 -1.000000
vn 0.000000 0.000000 -1.000000
vn 0.000000 0.000000 -1.000000
vn 0.000000 0.000000 -1.000000
vn 0.000000 0.000000 -1.000000
vn 0.000000 0.000000 -1.000000
vn 0.000000 0.000000 -1.000000
vn 0.000000 0.000000 -1.000000
vn 0.000000 0.000000 -1.000000
vn 0.000000 0.000000 -1.000000
vn 0.000000 0.000000 -1.000000
vn 0.000000 0.000000 -1.000000
vn 0.000000 0.000000 -1.000000
vn 0.000000 0.000000 -1.000000
vn 0.000000 0.000000 -1.000000
vn 0.000000 0.000000 -1.000000
vn 0.000000 0.000000 -1.000000
vn 0.000000 0.000000 -1.000000
vn 0.000000 0.000000 -1.000000
vn 0.000000 0.000000 -1.000000
vn 0.000000 0.000000 -1.000000
vn 0.000000 0.000000 -1.000000
vn 0.000000 0.000000 -1.000000
vn 0.000000 0.000000 -1.000000
vn 0.000000 0.000000 -1.000000
vn 0.000000 0.000000 -1.000000
vn 0.000000 0.000000 -1.000000
vn 0.000000 0.000000 -1.000000
vn 0.000000 0.000000 -1.000000
vn 0.000000 0.000000 -1.000000
vn 0.000000 0.000000 -1.000000
vn 0.000000 0.000000 -1.000000
vn 0.000000 0.000000 -1.000000
vn 0.000000 0.000000 -1.000000
vn 0.000000 0.000000 -1.000000
vn 0.000000 0.000000 -1.000000
vn 0.000000 0.000000 -1.000000
vn 0.000000 0.000000 -1.000000
vn 0.000000 0.000000 -1.000000
vn 0.000000 0.000000 -1.000000
vn 0.000000 0.000000 -1.000000
vn 0.000000 0.000000 -1.000000
vn 0.000000 0.000000 -1.000000
vn 0.000000 0.000000 -1.000000
vn 0.000000 0.000000 -1.000000
vn 0.000000 0.000000 -1.000000
vn 0.000000 0.000000 -1.000000
vn 0.000000 0.000000 -1.000000
vn 0.000000 0.000000 -1.000000
vn 0.000000 0.000000 -1.000000
vn 0.000000 0.000000 -1.000000
vn 0.000000 0.000000 -1.000000
vn 0.000000 0.000000 -1.000000
vn 0.000000 0.000000 -1.000000
vn 0.000000 0.000000 -1.000000
vn 0.000000 0.000000 -1.000000
vn 0.000000 0.000000 -1.000000
vn 0.000000 0.000000 -1.000000
vn 0.000000 0.000000 -1.000000
vn 0.000000 0.000000 -1.000000
vn 0.000000 0.000000 -1.000000
vn 0.000000 0.000000 -1.000000
vn 0.000000 0.000000 -1.000000
vn 0.000000 0.000000 -1.000000
vn 0.000000 0.000000 -1.000000
vn 0.000000 0.000000 -1.000000
vn 0.000000 0.000000 -1.000000
vn 0.000000 0.000000 -1.000000
vn 0.000000 0.000000 -1.000000
vn 0.000000 0.000000 -1.000000
vn 0.000000 0.000000 -1.000000
vn 0.000000 0.000000 -1.000000
vn 0.000000 0.000000 -1.000000
vn 0.000000 0.000000 -1.000000
vn 0.000000 0.000000 -1.000000
vn 0.000000 0.000000 -1.000000
vn 0.000000 0.000000 -1.000000
vn 0.000000 0.000000 -1.000000
vn 0.000000 0.000000 -1.000000
vn 0.000000 0.000000 -1.000000
vn 0.000000 0.000000 -1.000000
vn 0.000000 0.000000 -1.000000
vn 0.000000 0.000000 -1.000000
vn 0.000000 0.000000 -1.000000
vn 0.000000 0.000000 -1.000000
vn 0.000000 0.000000 -1.000000
vn 0.000000 0.000000 -1.000000
vn 0.000000 0.000000 -1.000000
vn 0.000000 0.000000 -1.000000
vn 0.000000 0.000000 -1.000000
vn 0.000000 0.000000 -1.000000
vn 0.000000 0.000000 -1.000000
vn 0.000000 0.000000 -1.000000
vn 0.000000 0.000000 -1.000000
vn 0.000000 0.000000 -1.000000
vn 0.000000 0.000000 -1.000000
vn 0.000000 0.000000 -1.000000
vn 0.000000 0.000000 -1.000000
vn 0.000000 0.000000 -1.000000
vn 0.000000 0.000000 -1.000000
vn 0.000000 0.000000 -1.000000
vn 0.000000 0.000000 -1.000000
vn 0.000000 0.000000 -1.000000
vn 0.000000 0.000000 -1.000000
vn 0.000000 0.000000 -1.000000
vn 0.000000 0.000000 -1.000000
vn 0.000000 0.000000 -1.000000
vn 0.000000 0.000000 -1.000000
vn 0.000000 0.000000 -1.000000
vn 0.000000 0.000000 -1.000000
vn 0.000000 0.000000 -1.000000
vn 0.000000 0.000000 -1.000000
vn 0.000000 0.000000 -1.000000
vn 0.000000 0.000000 -1.000000
vn 0.000000 0.000000 -1.000000
f 960//960 958//958 959//959
f 961//961 958//958 960//960
f 955//955 956//956 957//957
f 955//955 957//957 958//958
f 955//955 961//961 962//962
f 955//955 958//958 961//961
f 963//963 955//955 962//962
f 954//954 955//955 963//963
f 1069//1069 963//963 1070//1070
f 1213//1213 954//954 963//963
f 1213//1213 963//963 1214//1214
f 1212//1212 954//954 1213//1213
f 1071//1071 1070//1070 963//963
f 1068//1068 963//963 1069//1069
f 1215//1215 1214//1214 963//963
f 1072//1072 1071//1071 963//963
f 1067//1067 963//963 1068//1068
f 1216//1216 1215//1215 963//963
f 1216//1216 963//963 1067//1067
f 1211//1211 954//954 1212//1212
f 1073//1073 1072//1072 963//963
f 1066//1066 1217//1217 1216//1216
f 1066//1066 1216//1216 1067//1067
f 1210//1210 954//954 1211//1211
f 1074//1074 1073//1073 963//963
f 1209//1209 954//954 1210//1210
f 1065//1065 1218//1218 1217//1217
f 1065//1065 1217//1217 1066//1066
f 1075//1075 1074//1074 963//963
f 1100//1100 1219//1219 1218//1218
f 1100//1100 1218//1218 1065//1065
f 1244//1244 954//954 1209//1209
f 1243//1243 954//954 1244//1244
f 1099//1099 1220//1220 1219//1219
f 1099//1099 1219//1219 1100//1100
f 1221//1221 1220//1220 1099//1099
f 1098//1098 1221//1221 1099//1099
f 1242//1242 954//954 1243//1243
f 1241//1241 954//954 1242//1242
f 1097//1097 1221//1221 1098//1098
f 1097//1097 1222//1222 1221//1221
f 1096//1096 1223//1223 1222//1222
f 1096//1096 1222//1222 1097//1097
f 1095//1095 1223//1223 1096//1096
f 1095//1095 1224//1224 1223//1223
f 1094//1094 1224//1224 1095//1095
f 1094//1094 1225//1225 1224//1224
f 1093//1093 1225//1225 1094//1094
f 1093//1093 1226//1226 1225//1225
f 1092//1092 1226//1226 1093//1093
f 1092//1092 1227//1227 1226//1226
f 1091//1091 1227//1227 1092//1092
f 1091//1091 1228//1228 1227//1227
f 1090//1090 1228//1228 1091//1091
f 1090//1090 1229//1229 1228//1228
f 1230//1230 1090//1090 1089//1089
f 1230//1230 1229//1229 1090//1090
f 1088//1088 1230//1230 1089//1089
f 1231//1231 1230//1230 1088//1088
f 1177//1177 953//953 954//954
f 1177//1177 954//954 1241//1241
f 1177//1177 1241//1241 1240//1240
f 1178//1178 1177//1177 1240//1240
f 1105//1105 1079//1079 1078//1078
f 1105//1105 1078//1078 1106//1106
f 1104//1104 1079//1079 1105//1105
f 1104//1104 1080//1080 1079//1079
f 1104//1104 1081//1081 1080//1080
f 1107//1107 1078//1078 1077//1077
f 1107//1107 1106//1106 1078//1078
f 1176//1176 953//953 1177//1177
f 1179//1179 1240//1240 1239//1239
f 1179//1179 1178//1178 1240//1240
f 1108//1108 1077//1077 1076//1076
f 1108//1108 1107//1107 1077//1077
f 1103//1103 1082//1082 1081//1081
f 1103//1103 1081//1081 1104//1104
f 1175//1175 953//953 1176//1176
f 1180//1180 1179//1179 1239//1239
f 1180//1180 1239//1239 1238//1238
f 1102//1102 1082//1082 1103//1103
f 1174//1174 953//953 1175//1175
f 1109//1109 1076//1076 1075//1075
f 1109//1109 1108//1108 1076//1076
f 1181//1181 1180//1180 1238//1238
f 1181//1181 1238//1238 1237//1237
f 1173//1173 953//953 1174//1174
f 1101//1101 1083//1083 1082//1082
f 1101//1101 1084//1084 1083//1083
f 1101//1101 1082//1082 1102//1102
f 1182//1182 1181//1181 1237//1237
f 1182//1182 1237//1237 1236//1236
f 1208//1208 953//953 1173//1173
f 1136//1136 1084//1084 1101//1101
f 1183//1183 1182//1182 1236//1236
f 1183//1183 1236//1236 1235//1235
f 989//989 990//990 991//991
f 1184//1184 1183//1183 1235//1235
f 1184//1184 1235//1235 1234//1234
f 1135//1135 1084//1084 1136//1136
f 1135//1135 1085//1085 1084//1084
f 1135//1135 1086//1086 1085//1085
f 1207//1207 953//953 1208//1208
f 988//988 991//991 992//992
f 988//988 989//989 991//991
f 988//988 992//992 953//953
f 1134//1134 1086//1086 1135//1135
f 1185//1185 1184//1184 1234//1234
f 1185//1185 1234//1234 1233//1233
f 1206//1206 953//953 1207//1207
f 1205//1205 953//953 1206//1206
f 1133//1133 1087//1087 1086//1086
f 1133//1133 1086//1086 1134//1134
f 1186//1186 1185//1185 1233//1233
f 1186//1186 1232//1232 1231//1231
f 1186//1186 1233//1233 1232//1232
f 986//986 987//987 988//988
f 986//986 988//988 953//953
f 1132//1132 1088//1088 1087//1087
f 1132//1132 1087//1087 1133//1133
f 1187//1187 1186//1186 1231//1231
f 985//985 986//986 953//953
f 984//984 1204//1204 1203//1203
f 984//984 1205//1205 1204//1204
f 984//984 953//953 1205//1205
f 984//984 985//985 953//953
f 1202//1202 984//984 1203//1203
f 1249//1249 1124//1124 1123//1123
f 1250//1250 1249//1249 1123//1123
f 1250//1250 1123//1123 1122//1122
f 1034//1034 1195//1195 1194//1194
f 1034//1034 1196//1196 1195//1195
f 1033//1033 1196//1196 1034//1034
f 1248//1248 1124//1124 1249//1249
f 1248//1248 1125//1125 1124//1124
f 1251//1251 1250//1250 1122//1122
f 1032//1032 1197//1197 1196//1196
f 1032//1032 1196//1196 1033//1033
f 1035//1035 1034//1034 1194//1194
f 1036//1036 1194//1194 1193//1193
f 1036//1036 1035//1035 1194//1194
f 1252//1252 1251//1251 1122//1122
f 1252//1252 1122//1122 1121//1121
f 1031//1031 1198//1198 1197//1197
f 1031//1031 1199//1199 1198//1198
f 1031//1031 1197//1197 1032//1032
f 1247//1247 1125//1125 1248//1248
f 1247//1247 1126//1126 1125//1125
f 1246//1246 1126//1126 1247//1247
f 1246//1246 1127//1127 1126//1126
f 1253//1253 1121//1121 1120//1120
f 1253//1253 1252//1252 1121//1121
f 1037//1037 1036//1036 1193//1193
f 1037//1037 1193//1193 1192//1192
f 1030//1030 1199//1199 1031//1031
f 1245//1245 1127//1127 1246//1246
f 1245//1245 1128//1128 1127//1127
f 1038//1038 1037//1037 1192//1192
f 1038//1038 1192//1192 1191//1191
f 1254//1254 1120//1120 1119//1119
f 1254//1254 1253//1253 1120//1120
f 1029//1029 1200//1200 1199//1199
f 1029//1029 1199//1199 1030//1030
f 1255//1255 1118//1118 1117//1117
f 1255//1255 1119//1119 1118//1118
f 1255//1255 1254//1254 1119//1119
f 1039//1039 1190//1190 1189//1189
f 1039//1039 1191//1191 1190//1190
f 1039//1039 1038//1038 1191//1191
f 1064//1064 1201//1201 1200//1200
f 1064//1064 1200//1200 1029//1029
f 1280//1280 1128//1128 1245//1245
f 1280//1280 1129//1129 1128//1128
f 1256//1256 1255//1255 1117//1117
f 1040//1040 1189//1189 1188//1188
f 1040//1040 1039//1039 1189//1189
f 1279//1279 1129//1129 1280//1280
f 1279//1279 1130//1130 1129//1129
f 1279//1279 1131//1131 1130//1130
f 1063//1063 984//984 1202//1202
f 1063//1063 1202//1202 1201//1201
f 1063//1063 1201//1201 1064//1064
f 964//964 1109//1109 1075//1075
f 964//964 1256//1256 1117//1117
f 964//964 1110//1110 1109//1109
f 964//964 1111//1111 1110//1110
f 964//964 1112//1112 1111//1111
f 964//964 1113//1113 1112//1112
f 964//964 1114//1114 1113//1113
f 964//964 1115//1115 1114//1114
f 964//964 1116//1116 1115//1115
f 964//964 1117//1117 1116//1116
f 964//964 1075//1075 963//963
f 1257//1257 1256//1256 964//964
f 1278//1278 1131//1131 1279//1279
f 1278//1278 1132//1132 1131//1131
f 1041//1041 1188//1188 1187//1187
f 1041//1041 1040//1040 1188//1188
f 1062//1062 984//984 1063//1063
f 1258//1258 1257//1257 964//964
f 1277//1277 1132//1132 1278//1278
f 1277//1277 1088//1088 1132//1132
f 1042//1042 1041//1041 1187//1187
f 1042//1042 1187//1187 1231//1231
f 1042//1042 1231//1231 1088//1088
f 1061//1061 984//984 1062//1062
f 1259//1259 1258//1258 964//964
f 1060//1060 984//984 1061//1061
f 1059//1059 984//984 1060//1060
f 968//968 966//966 967//967
f 1058//1058 984//984 1059//1059
f 1057//1057 984//984 1058//1058
f 970//970 968//968 969//969
f 970//970 966//966 968//968
f 1056//1056 984//984 1057//1057
f 971//971 966//966 970//970
f 972//972 965//965 966//966
f 972//972 966//966 971//971
f 973//973 1260//1260 1259//1259
f 973//973 1261//1261 1260//1260
f 973//973 1262//1262 1261//1261
f 973//973 1263//1263 1262//1262
f 973//973 1264//1264 1263//1263
f 973//973 1265//1265 1264//1264
f 973//973 1266//1266 1265//1265
f 973//973 1267//1267 1266//1266
f 973//973 964//964 965//965
f 973//973 965//965 972//972
f 973//973 1259//1259 964//964
f 997//997 1043//1043 1042//1042
f 998//998 997//997 1042//1042
f 1141//1141 998//998 1042//1042
f 1141//1141 1088//1088 1277//1277
f 1141//1141 1042//1042 1088//1088
f 1142//1142 1277//1277 1276//1276
f 1142//1142 1141//1141 1277//1277
f 996//996 1043//1043 997//997
f 996//996 1044//1044 1043//1043
f 996//996 1045//1045 1044//1044
f 999//999 998//998 1141//1141
f 999//999 1141//1141 1140//1140
f 1143//1143 1275//1275 1274//1274
f 1143//1143 1276//1276 1275//1275
f 1143//1143 1142//1142 1276//1276
f 995//995 1045//1045 996//996
f 995//995 1046//1046 1045//1045
f 1144//1144 1143//1143 1274//1274
f 1000//1000 1140//1140 1139//1139
f 1000//1000 999//999 1140//1140
f 994//994 1046//1046 995//995
f 1145//1145 1274//1274 1273//1273
f 1145//1145 1144//1144 1274//1274
f 1001//1001 1000//1000 1139//1139
f 1001//1001 1139//1139 1138//1138
f 993//993 1046//1046 994//994
f 993//993 1047//1047 1046//1046
f 1137//1137 1001//1001 1138//1138
f 1146//1146 1145//1145 1273//1273
f 1146//1146 1272//1272 1271//1271
f 1146//1146 1273//1273 1272//1272
f 1002//1002 1001//1001 1137//1137
f 1028//1028 1047//1047 993//993
f 1028//1028 1048//1048 1047//1047
f 1147//1147 1146//1146 1271//1271
f 1172//1172 1002//1002 1137//1137
f 1172//1172 1003//1003 1002//1002
f 1027//1027 1048//1048 1028//1028
f 1027//1027 1049//1049 1048//1048
f 1148//1148 1271//1271 1270//1270
f 1148//1148 1147//1147 1271//1271
f 1171//1171 1004//1004 1003//1003
f 1171//1171 1003//1003 1172//1172
f 1026//1026 1049//1049 1027//1027
f 1026//1026 1050//1050 1049//1049
f 1149//1149 1269//1269 1268//1268
f 1149//1149 1270//1270 1269//1269
f 1149//1149 1148//1148 1270//1270
f 1005//1005 1004//1004 1171//1171
f 1170//1170 1005//1005 1171//1171
f 1025//1025 1050//1050 1026//1026
f 1025//1025 1051//1051 1050//1050
f 1025//1025 1052//1052 1051//1051
f 1150//1150 1149//1149 1268//1268
f 1150//1150 1268//1268 1267//1267
f 1169//1169 1006//1006 1005//1005
f 1169//1169 1005//1005 1170//1170
f 1024//1024 1052//1052 1025//1025
f 1151//1151 1150//1150 1267//1267
f 1007//1007 1169//1169 1168//1168
f 1007//1007 1006//1006 1169//1169
f 1023//1023 1052//1052 1024//1024
f 1023//1023 1053//1053 1052//1052
f 1008//1008 1168//1168 1167//1167
f 1008//1008 1007//1007 1168//1168
f 1009//1009 1008//1008 1167//1167
f 1009//1009 1167//1167 1166//1166
f 1010//1010 1166//1166 1165//1165
f 1010//1010 1009//1009 1166//1166
f 1011//1011 1165//1165 1164//1164
f 1011//1011 1010//1010 1165//1165
f 1012//1012 1164//1164 1163//1163
f 1012//1012 1011//1011 1164//1164
f 1013//1013 1163//1163 1162//1162
f 1013//1013 1012//1012 1163//1163
f 974//974 1155//1155 1154//1154
f 974//974 1156//1156 1155//1155
f 974//974 1157//1157 1156//1156
f 974//974 1158//1158 1157//1157
f 974//974 1159//1159 1158//1158
f 974//974 1151//1151 1267//1267
f 974//974 1267//1267 973//973
f 974//974 1152//1152 1151//1151
f 974//974 1153//1153 1152//1152
f 974//974 1154//1154 1153//1153
f 983//983 1160//1160 1159//1159
f 983//983 1161//1161 1160//1160
f 983//983 1162//1162 1161//1161
f 983//983 1013//1013 1162//1162
f 983//983 1159//1159 974//974
f 983//983 1014//1014 1013//1013
f 983//983 1015//1015 1014//1014
f 983//983 1016//1016 1015//1015
f 983//983 1017//1017 1016//1016
f 983//983 1018//1018 1017//1017
f 983//983 1019//1019 1018//1018
f 983//983 1020//1020 1019//1019
f 976//976 974//974 975//975
f 981//981 982//982 983//983
f 981//981 983//983 974//974
f 981//981 974//974 976//976
f 978//978 976//976 977//977
f 978//978 980//980 981//981
f 978//978 981//981 976//976
f 979//979 980//980 978//978
f 983//983 984//984 1056//1056
f 983//983 1056//1056 1055//1055
f 983//983 1055//1055 1054//1054
f 983//983 1054//1054 1053//1053
f 983//983 1053//1053 1020//1020
f 1020//1020 1053//1053 1021//1021
f 1021//1021 1053//1053 1022//1022
f 1022//1022 1053//1053 1023//1023
v -295.000000 -350.000000 -30.000000
v -296.736481 -349.848083 -30.000000
v -298.420197 -349.396912 -30.000000
v -300.000000 -348.660248 -30.000000
v -301.427887 -347.660431 -30.000000
v -302.660431 -346.427887 -30.000000
v -303.660248 -345.000000 -30.000000
v -304.396912 -343.420197 -30.000000
v -304.848083 -341.736481 -30.000000
v -305.000000 -340.000000 -30.000000
v -295.000000 -350.000000 -0.000000
v -305.000000 -340.000000 -0.000000
v -304.848083 -341.736481 -0.000000
v -304.396912 -343.420197 -0.000000
v -303.660248 -345.000000 -0.000000
v -302.660431 -346.427887 -0.000000
v -301.427887 -347.660431 -0.000000
v -300.000000 -348.660248 -0.000000
v -298.420197 -349.396912 -0.000000
v -296.736481 -349.848083 -0.000000
vn -0.000000 -1.000000 -0.000000
vn -0.173648 -0.984808 -0.000000
vn -0.342020 -0.939693 -0.000000
vn -0.500000 -0.866025 -0.000000
vn -0.642788 -0.766044 -0.000000
vn -0.766044 -0.642788 -0.000000
vn -0.866025 -0.500000 -0.000000
vn -0.939693 -0.342020 -0.000000
vn -0.984808 -0.173648 -0.000000
vn -1.000000 0.000000 0.000000
vn -0.000000 -1.000000 -0.000000
vn -1.000000 0.000000 0.000000
vn -0.984808 -0.173648 -0.000000
vn -0.939693 -0.342020 -0.000000
vn -0.866025 -0.500000 -0.000000
vn -0.766044 -0.642788 -0.000000
vn -0.642788 -0.766044 -0.000000
vn -0.500000 -0.866025 -0.000000
vn -0.342020 -0.939693 -0.000000
vn -0.173648 -0.984808 -0.000000
f 1293//1293 1290//1290 1289//1289
f 1293//1293 1292//1292 1290//1290
f 1294//1294 1289//1289 1288//1288
f 1294//1294 1293//1293 1289//1289
f 1295//1295 1288//1288 1287//1287
f 1295//1295 1294//1294 1288//1288
f 1296//1296 1287//1287 1286//1286
f 1296//1296 1295//1295 1287//1287
f 1297//1297 1286//1286 1285//1285
f 1297//1297 1296//1296 1286//1286
f 1298//1298 1285//1285 1284//1284
f 1298//1298 1297//1297 1285//1285
f 1299//1299 1284//1284 1283//1283
f 1299//1299 1298//1298 1284//1284
f 1300//1300 1283//1283 1282//1282
f 1300//1300 1299//1299 1283//1283
f 1291//1291 1282//1282 1281//1281
f 1291//1291 1300//1300 1282//1282
v 305.000000 -340.000000 -30.000000
v 304.848083 -341.736481 -30.000000
v 304.396912 -343.420197 -30.000000
v 303.660248 -345.000000 -30.000000
v 302.660431 -346.427887 -30.000000
v 301.427887 -347.660431 -30.000000
v 300.000000 -348.660248 -30.000000
v 298.420197 -349.396912 -30.000000
v 296.736481 -349.848083 -30.000000
v 295.000000 -350.000000 -30.000000
v 305.000000 -340.000000 -0.000000
v 295.000000 -350.000000 -0.000000
v 296.736481 -349.848083 -0.000000
v 298.420197 -349.396912 -0.000000
v 300.000000 -348.660248 -0.000000
v 301.427887 -347.660431 -0.000000
v 302.660431 -346.427887 -0.000000
v 303.660248 -345.000000 -0.000000
v 304.396912 -343.420197 -0.000000
v 304.848083 -341.736481 -0.000000
vn 1.000000 -0.000000 -0.000000
vn 0.984808 -0.173648 -0.000000
vn 0.939693 -0.342020 -0.000000
vn 0.866025 -0.500000 -0.000000
vn 0.766044 -0.642788 -0.000000
vn 0.642788 -0.766044 -0.000000
vn 0.500000 -0.866025 -0.000000
vn 0.342020 -0.939693 -0.000000
vn 0.173648 -0.984808 -0.000000
vn -0.000000 -1.000000 -0.000000
vn 1.000000 -0.000000 -0.000000
vn -0.000000 -1.000000 -0.000000
vn 0.173648 -0.984808 -0.000000
vn 0.342020 -0.939693 -0.000000
vn 0.500000 -0.866025 -0.000000
vn 0.642788 -0.766044 -0.000000
vn 0.766044 -0.642788 -0.000000
vn 0.866025 -0.500000 -0.000000
vn 0.939693 -0.342020 -0.000000
vn 0.984808 -0.173648 -0.000000
f 1313//1313 1310//1310 1309//1309
f 1313//1313 1312//1312 1310//1310
f 1314//1314 1309//1309 1308//1308
f 1314//1314 1313//1313 1309//1309
f 1315//1315 1308//1308 1307//1307
f 1315//1315 1314//1314 1308//1308
f 1316//1316 1307//1307 1306//1306
f 1316//1316 1315//1315 1307//1307
f 1317//1317 1306//1306 1305//1305
f 1317//1317 1316//1316 1306//1306
f 1318//1318 1305//1305 1304//1304
f 1318//1318 1317//1317 1305//1305
f 1319//1319 1304//1304 1303//1303
f 1319//1319 1318//1318 1304//1304
f 1320//1320 1303//1303 1302//1302
f 1320//1320 1319//1319 1303//1303
f 1311//1311 1302//1302 1301//1301
f 1311//1311 1320//1320 1302//1302
v 295.000000 350.000000 -30.000000
v 296.736481 349.848083 -30.000000
v 298.420197 349.396912 -30.000000
v 300.000000 348.660248 -30.000000
v 301.427887 347.660431 -30.000000
v 302.660431 346.427887 -30.000000
v 303.660248 345.000000 -30.000000
v 304.396912 343.420197 -30.000000
v 304.848083 341.736481 -30.000000
v 305.000000 340.000000 -30.000000
v 295.000000 350.000000 0.000000
v 305.000000 340.000000 0.000000
v 304.848083 341.736481 0.000000
v 304.396912 343.420197 0.000000
v 303.660248 345.000000 0.000000
v 302.660431 346.427887 0.000000
v 301.427887 347.660431 0.000000
v 300.000000 348.660248 0.000000
v 298.420197 349.396912 0.000000
v 296.736481 349.848083 0.000000
vn 0.000000 1.000000 0.000000
vn 0.173648 0.984808 0.000000
vn 0.342020 0.939693 0.000000
vn 0.500000 0.866025 0.000000
vn 0.642788 0.766044 0.000000
vn 0.766044 0.642788 0.000000
vn 0.866025 0.500000 0.000000
vn 0.939693 0.342020 0.000000
vn 0.984808 0.173648 0.000000
vn 1.000000 -0.000000 -0.000000
vn 0.000000 1.000000 0.000000
vn 1.000000 -0.000000 -0.000000
vn 0.984808 0.173648 0.000000
vn 0.939693 0.342020 0.000000
vn 0.866025 0.500000 0.000000
vn 0.766044 0.642788 0.000000
vn 0.642788 0.766044 0.000000
vn 0.500000 0.866025 0.000000
vn 0.342020 0.939693 0.000000
vn 0.173648 0.984808 0.000000
f 1333//1333 1330//1330 1329//1329
f 1333//1333 1332//1332 1330//1330
f 1334//1334 1329//1329 1328//1328
f 1334//1334 1333//1333 1329//1329
f 1335//1335 1328//1328 1327//1327
f 1335//1335 1334//1334 1328//1328
f 1336//1336 1327//1327 1326//1326
f 1336//1336 1335//1335 1327//1327
f 1337//1337 1326//1326 1325//1325
f 1337//1337 1336//1336 1326//1326
f 1338//1338 1325//1325 1324//1324
f 1338//1338 1337//1337 1325//1325
f 1339//1339 1324//1324 1323//1323
f 1339//1339 1338//1338 1324//1324
f 1340//1340 1323//1323 1322//1322
f 1340//1340 1339//1339 1323//1323
f 1331//1331 1322//1322 1321//1321
f 1331//1331 1340//1340 1322//1322
v -305.000000 340.000000 -30.000000
v -304.848083 341.736481 -30.000000
v -304.396912 343.420197 -30.000000
v -303.660248 345.000000 -30.000000
v -302.660431 346.427887 -30.000000
v -301.427887 347.660431 -30.000000
v -300.000000 348.660248 -30.000000
v -298.420197 349.396912 -30.000000
v -296.736481 349.848083 -30.000000
v -295.000000 350.000000 -30.000000
v -305.000000 340.000000 0.000000
v -295.000000 350.000000 0.000000
v -296.736481 349.848083 0.000000
v -298.420197 349.396912 0.000000
v -300.000000 348.660248 0.000000
v -301.427887 347.660431 0.000000
v -302.660431 346.427887 0.000000
v -303.660248 345.000000 0.000000
v -304.396912 343.420197 0.000000
v -304.848083 341.736481 0.000000
vn -1.000000 0.000000 0.000000
vn -0.984808 0.173648 0.000000
vn -0.939693 0.342020 0.000000
vn -0.866025 0.500000 0.000000
vn -0.766044 0.642788 0.000000
vn -0.642788 0.766044 0.000000
vn -0.500000 0.866025 0.000000
vn -0.342020 0.939693 0.000000
vn -0.173648 0.984808 0.000000
vn 0.000000 1.000000 0.000000
vn -1.000000 0.000000 0.000000
vn 0.000000 1.000000 0.000000
vn -0.173648 0.984808 0.000000
vn -0.342020 0.939693 0.000000
vn -0.500000 0.866025 0.000000
vn -0.642788 0.766044 0.000000
vn -0.766044 0.642788 0.000000
vn -0.866025 0.500000 0.000000
vn -0.939693 0.342020 0.000000
vn -0.984808 0.173648 0.000000
f 1352//1352 1350//1350 1349//1349
f 1353//1353 1352//1352 1349//1349
f 1354//1354 1349//1349 1348//1348
f 1354//1354 1353//1353 1349//1349
f 1355//1355 1348//1348 1347//1347
f 1355//1355 1354//1354 1348//1348
f 1356//1356 1347//1347 1346//1346
f 1356//1356 1355//1355 1347//1347
f 1357//1357 1345//1345 1344//1344
f 1357//1357 1346//1346 1345//1345
f 1357//1357 1356//1356 1346//1346
f 1358//1358 1357//1357 1344//1344
f 1359//1359 1344//1344 1343//1343
f 1359//1359 1358//1358 1344//1344
f 1360//1360 1342//1342 1341//1341
f 1360//1360 1343//1343 1342//1342
f 1360//1360 1359//1359 1343//1343
f 1351//1351 1360//1360 1341//1341
v -230.000000 260.250000 -1.275000
v -228.306931 260.398132 -1.275000
v -226.665298 260.837982 -1.275000
v -225.125000 261.556244 -1.275000
v -223.732819 262.531067 -1.275000
v -222.531067 263.732819 -1.275000
v -221.556259 265.125000 -1.275000
v -220.837997 266.665314 -1.275000
v -220.398117 268.306915 -1.275000
v -220.250000 270.000000 -1.275000
v -220.398117 271.693085 -1.275000
v -220.837997 273.334686 -1.275000
v -221.556259 274.875000 -1.275000
v -222.531067 276.267181 -1.275000
v -223.732819 277.468933 -1.275000
v -225.125000 278.443756 -1.275000
v -226.665298 279.162018 -1.275000
v -228.306931 279.601868 -1.275000
v -230.000000 279.750000 -1.275000
v -230.000000 260.250000 -30.000000
v -230.000000 279.750000 -30.000000
v -228.306931 279.601868 -30.000000
v -226.665298 279.162018 -30.000000
v -225.125000 278.443756 -30.000000
v -223.732819 277.468933 -30.000000
v -222.531067 276.267181 -30.000000
v -221.556259 274.875000 -30.000000
v -220.837997 273.334686 -30.000000
v -220.398117 271.693085 -30.000000
v -220.250000 270.000000 -30.000000
v -220.398117 268.306915 -30.000000
v -220.837997 266.665314 -30.000000
v -221.556259 265.125000 -30.000000
v -222.531067 263.732819 -30.000000
v -223.732819 262.531067 -30.000000
v -225.125000 261.556244 -30.000000
v -226.665298 260.837982 -30.000000
v -228.306931 260.398132 -30.000000
vn 0.000000 1.000000 0.000000
vn -0.173648 0.984808 0.000000
vn -0.342020 0.939693 0.000000
vn -0.500000 0.866025 0.000000
vn -0.642788 0.766044 0.000000
vn -0.766044 0.642788 0.000000
vn -0.866025 0.500000 0.000000
vn -0.939693 0.342020 0.000000
vn -0.984808 0.173648 0.000000
vn -1.000000 0.000000 0.000000
vn -0.984808 -0.173648 -0.000000
vn -0.939693 -0.342020 -0.000000
vn -0.866025 -0.500000 -0.000000
vn -0.766044 -0.642788 -0.000000
vn -0.642788 -0.766044 -0.000000
vn -0.500000 -0.866025 -0.000000
vn -0.342020 -0.939693 -0.000000
vn -0.173648 -0.984808 -0.000000
vn -0.000000 -1.000000 -0.000000
vn 0.000000 1.000000 0.000000
vn -0.000000 -1.000000 -0.000000
vn -0.173648 -0.984808 -0.000000
vn -0.342020 -0.939693 -0.000000
vn -0.500000 -0.866025 -0.000000
vn -0.642788 -0.766044 -0.000000
vn -0.766044 -0.642788 -0.000000
vn -0.866025 -0.500000 -0.000000
vn -0.939693 -0.342020 -0.000000
vn -0.984808 -0.173648 -0.000000
vn -1.000000 -0.000000 -0.000000
vn -0.984808 0.173648 0.000000
vn -0.939693 0.342020 0.000000
vn -0.866025 0.500000 0.000000
vn -0.766044 0.642788 0.000000
vn -0.642788 0.766044 0.000000
vn -0.500000 0.866025 0.000000
vn -0.342020 0.939693 0.000000
vn -0.173648 0.984808 0.000000
f 1362//1362 1380//1380 1361//1361
f 1362//1362 1398//1398 1380//1380
f 1363//1363 1397//1397 1398//1398
f 1363//1363 1398//1398 1362//1362
f 1364//1364 1396//1396 1397//1397
f 1364//1364 1397//1397 1363//1363
f 1365//1365 1395//1395 1396//1396
f 1365//1365 1396//1396 1364//1364
f 1366//1366 1394//1394 1395//1395
f 1366//1366 1395//1395 1365//1365
f 1367//1367 1393//1393 1394//1394
f 1367//1367 1394//1394 1366//1366
f 1368//1368 1392//1392 1393//1393
f 1368//1368 1393//1393 1367//1367
f 1369//1369 1391//1391 1392//1392
f 1369//1369 1392//1392 1368//1368
f 1370//1370 1390//1390 1391//1391
f 1370//1370 1391//1391 1369//1369
f 1371//1371 1389//1389 1390//1390
f 1371//1371 1390//1390 1370//1370
f 1372//1372 1388//1388 1389//1389
f 1372//1372 1389//1389 1371//1371
f 1373//1373 1387//1387 1388//1388
f 1373//1373 1388//1388 1372//1372
f 1374//1374 1385//1385 1386//1386
f 1374//1374 1386//1386 1387//1387
f 1374//1374 1387//1387 1373//1373
f 1375//1375 1385//1385 1374//1374
f 1376//1376 1385//1385 1375//1375
f 1376//1376 1384//1384 1385//1385
f 1377//1377 1384//1384 1376//1376
f 1377//1377 1383//1383 1384//1384
f 1378//1378 1383//1383 1377//1377
f 1378//1378 1382//1382 1383//1383
f 1379//1379 1382//1382 1378//1378
f 1379//1379 1381//1381 1382//1382
v -230.000000 258.975006 0.000000
v -228.085526 259.142487 0.000000
v -226.229233 259.639893 0.000000
v -224.487503 260.452057 0.000000
v -222.913269 261.554352 0.000000
v -221.554367 262.913269 0.000000
v -220.452072 264.487488 0.000000
v -219.639893 266.229218 0.000000
v -219.142502 268.085541 0.000000
v -218.975006 270.000000 0.000000
v -219.142502 271.914459 0.000000
v -219.639893 273.770782 0.000000
v -220.452072 275.512512 0.000000
v -221.554367 277.086731 0.000000
v -222.913269 278.445648 0.000000
v -224.487503 279.547943 0.000000
v -226.229233 280.360107 0.000000
v -228.085526 280.857513 0.000000
v -230.000000 281.024994 0.000000
v -230.000000 260.250000 -1.275000
v -228.306931 260.398132 -1.275000
v -226.665298 260.837982 -1.275000
v -225.125000 261.556244 -1.275000
v -223.732819 262.531067 -1.275000
v -222.531067 263.732819 -1.275000
v -221.556259 265.125000 -1.275000
v -220.837997 266.665314 -1.275000
v -220.398117 268.306915 -1.275000
v -220.250000 270.000000 -1.275000
v -220.398117 271.693085 -1.275000
v -220.837997 273.334686 -1.275000
v -221.556259 274.875000 -1.275000
v -222.531067 276.267181 -1.275000
v -223.732819 277.468933 -1.275000
v -225.125000 278.443756 -1.275000
v -226.665298 279.162018 -1.275000
v -228.306931 279.601868 -1.275000
v -230.000000 279.750000 -1.275000
vn 0.000000 0.707107 0.707107
vn -0.122788 0.696364 0.707107
vn -0.241845 0.664463 0.707107
vn -0.353553 0.612372 0.707107
vn -0.454519 0.541675 0.707107
vn -0.541675 0.454519 0.707107
vn -0.612372 0.353553 0.707107
vn -0.664463 0.241845 0.707107
vn -0.696364 0.122788 0.707107
vn -0.707107 -0.000000 0.707107
vn -0.696364 -0.122788 0.707107
vn -0.664463 -0.241845 0.707107
vn -0.612372 -0.353553 0.707107
vn -0.541675 -0.454519 0.707107
vn -0.454519 -0.541675 0.707107
vn -0.353553 -0.612372 0.707107
vn -0.241845 -0.664463 0.707107
vn -0.122788 -0.696364 0.707107
vn -0.000000 -0.707107 0.707107
vn 0.000000 0.707107 0.707107
vn -0.122788 0.696364 0.707107
vn -0.241845 0.664463 0.707107
vn -0.353553 0.612372 0.707107
vn -0.454519 0.541675 0.707107
vn -0.541675 0.454519 0.707107
vn -0.612372 0.353553 0.707107
vn -0.664463 0.241845 0.707107
vn -0.696364 0.122788 0.707107
vn -0.707107 -0.000000 0.707107
vn -0.696364 -0.122788 0.707107
vn -0.664463 -0.241845 0.707107
vn -0.612372 -0.353553 0.707107
vn -0.541675 -0.454519 0.707107
vn -0.454519 -0.541675 0.707107
vn -0.353553 -0.612372 0.707107
vn -0.241845 -0.664463 0.707107
vn -0.122788 -0.696364 0.707107
vn -0.000000 -0.707107 0.707107
f 1419//1419 1418//1418 1399//1399
f 1400//1400 1419//1419 1399//1399
f 1401//1401 1420//1420 1419//1419
f 1401//1401 1419//1419 1400//1400
f 1402//1402 1421//1421 1420//1420
f 1402//1402 1420//1420 1401//1401
f 1403//1403 1422//1422 1421//1421
f 1403//1403 1421//1421 1402//1402
f 1404//1404 1423//1423 1422//1422
f 1404//1404 1422//1422 1403//1403
f 1424//1424 1423//1423 1404//1404
f 1405//1405 1424//1424 1404//1404
f 1406//1406 1425//1425 1424//1424
f 1406//1406 1424//1424 1405//1405
f 1407//1407 1426//1426 1425//1425
f 1407//1407 1425//1425 1406//1406
f 1408//1408 1427//1427 1426//1426
f 1408//1408 1426//1426 1407//1407
f 1409//1409 1428//1428 1427//1427
f 1409//1409 1427//1427 1408//1408
f 1429//1429 1428//1428 1409//1409
f 1410//1410 1429//1429 1409//1409
f 1411//1411 1430//1430 1429//1429
f 1411//1411 1429//1429 1410//1410
f 1412//1412 1431//1431 1430//1430
f 1412//1412 1430//1430 1411//1411
f 1413//1413 1432//1432 1431//1431
f 1413//1413 1431//1431 1412//1412
f 1414//1414 1433//1433 1432//1432
f 1414//1414 1432//1432 1413//1413
f 1415//1415 1433//1433 1414//1414
f 1415//1415 1434//1434 1433//1433
f 1435//1435 1434//1434 1415//1415
f 1416//1416 1435//1435 1415//1415
f 1417//1417 1435//1435 1416//1416
f 1417//1417 1436//1436 1435//1435
v -230.000000 -279.750000 -1.275000
v -228.306931 -279.601868 -1.275000
v -226.665298 -279.162018 -1.275000
v -225.125000 -278.443756 -1.275000
v -223.732819 -277.468933 -1.275000
v -222.531067 -276.267181 -1.275000
v -221.556259 -274.875000 -1.275000
v -220.837997 -273.334686 -1.275000
v -220.398117 -271.693085 -1.275000
v -220.250000 -270.000000 -1.275000
v -220.398117 -268.306915 -1.275000
v -220.837997 -266.665314 -1.275000
v -221.556259 -265.125000 -1.275000
v -222.531067 -263.732819 -1.275000
v -223.732819 -262.531067 -1.275000
v -225.125000 -261.556244 -1.275000
v -226.665298 -260.837982 -1.275000
v -228.306931 -260.398132 -1.275000
v -230.000000 -260.250000 -1.275000
v -230.000000 -279.750000 -30.000000
v -230.000000 -260.250000 -30.000000
v -228.306931 -260.398132 -30.000000
v -226.665298 -260.837982 -30.000000
v -225.125000 -261.556244 -30.000000
v -223.732819 -262.531067 -30.000000
v -222.531067 -263.732819 -30.000000
v -221.556259 -265.125000 -30.000000
v -220.837997 -266.665314 -30.000000
v -220.398117 -268.306915 -30.000000
v -220.250000 -270.000000 -30.000000
v -220.398117 -271.693085 -30.000000
v -220.837997 -273.334686 -30.000000
v -221.556259 -274.875000 -30.000000
v -222.531067 -276.267181 -30.000000
v -223.732819 -277.468933 -30.000000
v -225.125000 -278.443756 -30.000000
v -226.665298 -279.162018 -30.000000
v -228.306931 -279.601868 -30.000000
vn 0.000000 1.000000 0.000000
vn -0.173648 0.984808 0.000000
vn -0.342020 0.939693 0.000000
vn -0.500000 0.866025 0.000000
vn -0.642788 0.766044 0.000000
vn -0.766044 0.642788 0.000000
vn -0.866025 0.500000 0.000000
vn -0.939693 0.342020 0.000000
vn -0.984808 0.173648 0.000000
vn -1.000000 0.000000 0.000000
vn -0.984808 -0.173648 -0.000000
vn -0.939693 -0.342020 -0.000000
vn -0.866025 -0.500000 -0.000000
vn -0.766044 -0.642788 -0.000000
vn -0.642788 -0.766044 -0.000000
vn -0.500000 -0.866025 -0.000000
vn -0.342020 -0.939693 -0.000000
vn -0.173648 -0.984808 -0.000000
vn -0.000000 -1.000000 -0.000000
vn 0.000000 1.000000 0.000000
vn -0.000000 -1.000000 -0.000000
vn -0.173648 -0.984808 -0.000000
vn -0.342020 -0.939693 -0.000000
vn -0.500000 -0.866025 -0.000000
vn -0.642788 -0.766044 -0.000000
vn -0.766044 -0.642788 -0.000000
vn -0.866025 -0.500000 -0.000000
vn -0.939693 -0.342020 -0.000000
vn -0.984808 -0.173648 -0.000000
vn -1.000000 -0.000000 -0.000000
vn -0.984808 0.173648 0.000000
vn -0.939693 0.342020 0.000000
vn -0.866025 0.500000 0.000000
vn -0.766044 0.642788 0.000000
vn -0.642788 0.766044 0.000000
vn -0.500000 0.866025 0.000000
vn -0.342020 0.939693 0.000000
vn -0.173648 0.984808 0.000000
f 1438//1438 1456//1456 1437//1437
f 1438//1438 1474//1474 1456//1456
f 1439//1439 1473//1473 1474//1474
f 1439//1439 1474//1474 1438//1438
f 1440//1440 1472//1472 1473//1473
f 1440//1440 1473//1473 1439//1439
f 1441//1441 1471//1471 1472//1472
f 1441//1441 1472//1472 1440//1440
f 1442//1442 1470//1470 1471//1471
f 1442//1442 1471//1471 1441//1441
f 1443//1443 1469//1469 1470//1470
f 1443//1443 1470//1470 1442//1442
f 1444//1444 1468//1468 1469//1469
f 1444//1444 1469//1469 1443//1443
f 1445//1445 1467//1467 1468//1468
f 1445//1445 1468//1468 1444//1444
f 1446//1446 1466//1466 1467//1467
f 1446//1446 1467//1467 1445//1445
f 1447//1447 1465//1465 1466//1466
f 1447//1447 1466//1466 1446//1446
f 1448//1448 1464//1464 1465//1465
f 1448//1448 1465//1465 1447//1447
f 1449//1449 1463//1463 1464//1464
f 1449//1449 1464//1464 1448//1448
f 1450//1450 1461//1461 1462//1462
f 1450//1450 1462//1462 1463//1463
f 1450//1450 1463//1463 1449//1449
f 1451//1451 1461//1461 1450//1450
f 1452//1452 1461//1461 1451//1451
f 1452//1452 1460//1460 1461//1461
f 1453//1453 1460//1460 1452//1452
f 1453//1453 1459//1459 1460//1460
f 1454//1454 1459//1459 1453//1453
f 1454//1454 1458//1458 1459//1459
f 1455//1455 1458//1458 1454//1454
f 1455//1455 1457//1457 1458//1458
v -230.000000 -281.024994 -0.000000
v -228.085526 -280.857513 -0.000000
v -226.229233 -280.360107 -0.000000
v -224.487503 -279.547943 -0.000000
v -222.913269 -278.445648 -0.000000
v -221.554367 -277.086731 -0.000000
v -220.452072 -275.512512 -0.000000
v -219.639893 -273.770782 -0.000000
v -219.142502 -271.914459 -0.000000
v -218.975006 -270.000000 -0.000000
v -219.142502 -268.085541 -0.000000
v -219.639893 -266.229218 -0.000000
v -220.452072 -264.487488 -0.000000
v -221.554367 -262.913269 -0.000000
v -222.913269 -261.554352 -0.000000
v -224.487503 -260.452057 -0.000000
v -226.229233 -259.639893 -0.000000
v -228.085526 -259.142487 -0.000000
v -230.000000 -258.975006 -0.000000
v -230.000000 -279.750000 -1.275000
v -228.306931 -279.601868 -1.275000
v -226.665298 -279.162018 -1.275000
v -225.125000 -278.443756 -1.275000
v -223.732819 -277.468933 -1.275000
v -222.531067 -276.267181 -1.275000
v -221.556259 -274.875000 -1.275000
v -220.837997 -273.334686 -1.275000
v -220.398117 -271.693085 -1.275000
v -220.250000 -270.000000 -1.275000
v -220.398117 -268.306915 -1.275000
v -220.837997 -266.665314 -1.275000
v -221.556259 -265.125000 -1.275000
v -222.531067 -263.732819 -1.275000
v -223.732819 -262.531067 -1.275000
v -225.125000 -261.556244 -1.275000
v -226.665298 -260.837982 -1.275000
v -228.306931 -260.398132 -1.275000
v -230.000000 -260.250000 -1.275000
vn 0.000000 0.707107 0.707107
vn -0.122788 0.696364 0.707107
vn -0.241845 0.664463 0.707107
vn -0.353553 0.612372 0.707107
vn -0.454519 0.541675 0.707107
vn -0.541675 0.454519 0.707107
vn -0.612372 0.353553 0.707107
vn -0.664463 0.241845 0.707107
vn -0.696364 0.122788 0.707107
vn -0.707107 -0.000000 0.707107
vn -0.696364 -0.122788 0.707107
vn -0.664463 -0.241845 0.707107
vn -0.612372 -0.353553 0.707107
vn -0.541675 -0.454519 0.707107
vn -0.454519 -0.541675 0.707107
vn -0.353553 -0.612372 0.707107
vn -0.241845 -0.664463 0.707107
vn -0.122788 -0.696364 0.707107
vn -0.000000 -0.707107 0.707107
vn 0.000000 0.707107 0.707107
vn -0.122788 0.696364 0.707107
vn -0.241845 0.664463 0.707107
vn -0.353553 0.612372 0.707107
vn -0.454519 0.541675 0.707107
vn -0.541675 0.454519 0.707107
vn -0.612372 0.353553 0.707107
vn -0.664463 0.241845 0.707107
vn -0.696364 0.122788 0.707107
vn -0.707107 -0.000000 0.707107
vn -0.696364 -0.122788 0.707107
vn -0.664463 -0.241845 0.707107
vn -0.612372 -0.353553 0.707107
vn -0.541675 -0.454519 0.707107
vn -0.454519 -0.541675 0.707107
vn -0.353553 -0.612372 0.707107
vn -0.241845 -0.664463 0.707107
vn -0.122788 -0.696364 0.707107
vn -0.000000 -0.707107 0.707107
f 1495//1495 1494//1494 1475//1475
f 1476//1476 1495//1495 1475//1475
f 1477//1477 1496//1496 1495//1495
f 1477//1477 1495//1495 1476//1476
f 1478//1478 1497//1497 1496//1496
f 1478//1478 1496//1496 1477//1477
f 1479//1479 1498//1498 1497//1497
f 1479//1479 1497//1497 1478//1478
f 1480//1480 1499//1499 1498//1498
f 1480//1480 1498//1498 1479//1479
f 1481//1481 1500//1500 1499//1499
f 1481//1481 1499//1499 1480//1480
f 1482//1482 1501//1501 1500//1500
f 1482//1482 1500//1500 1481//1481
f 1483//1483 1502//1502 1501//1501
f 1483//1483 1501//1501 1482//1482
f 1484//1484 1503//1503 1502//1502
f 1484//1484 1502//1502 1483//1483
f 1485//1485 1504//1504 1503//1503
f 1485//1485 1503//1503 1484//1484
f 1486//1486 1505//1505 1504//1504
f 1486//1486 1504//1504 1485//1485
f 1487//1487 1506//1506 1505//1505
f 1487//1487 1505//1505 1486//1486
f 1488//1488 1507//1507 1506//1506
f 1488//1488 1506//1506 1487//1487
f 1489//1489 1508//1508 1507//1507
f 1489//1489 1507//1507 1488//1488
f 1509//1509 1508//1508 1489//1489
f 1490//1490 1509//1509 1489//1489
f 1510//1510 1509//1509 1490//1490
f 1491//1491 1510//1510 1490//1490
f 1492//1492 1510//1510 1491//1491
f 1492//1492 1511//1511 1510//1510
f 1493//1493 1511//1511 1492//1492
f 1493//1493 1512//1512 1511//1511
v 230.000000 -279.750000 -1.275000
v 231.693069 -279.601868 -1.275000
v 233.334702 -279.162018 -1.275000
v 234.875000 -278.443756 -1.275000
v 236.267181 -277.468933 -1.275000
v 237.468933 -276.267181 -1.275000
v 238.443741 -274.875000 -1.275000
v 239.162003 -273.334686 -1.275000
v 239.601883 -271.693085 -1.275000
v 239.750000 -270.000000 -1.275000
v 239.601883 -268.306915 -1.275000
v 239.162003 -266.665314 -1.275000
v 238.443741 -265.125000 -1.275000
v 237.468933 -263.732819 -1.275000
v 236.267181 -262.531067 -1.275000
v 234.875000 -261.556244 -1.275000
v 233.334702 -260.837982 -1.275000
v 231.693069 -260.398132 -1.275000
v 230.000000 -260.250000 -1.275000
v 230.000000 -279.750000 -30.000000
v 230.000000 -260.250000 -30.000000
v 231.693069 -260.398132 -30.000000
v 233.334702 -260.837982 -30.000000
v 234.875000 -261.556244 -30.000000
v 236.267181 -262.531067 -30.000000
v 237.468933 -263.732819 -30.000000
v 238.443741 -265.125000 -30.000000
v 239.162003 -266.665314 -30.000000
v 239.601883 -268.306915 -30.000000
v 239.750000 -270.000000 -30.000000
v 239.601883 -271.693085 -30.000000
v 239.162003 -273.334686 -30.000000
v 238.443741 -274.875000 -30.000000
v 237.468933 -276.267181 -30.000000
v 236.267181 -277.468933 -30.000000
v 234.875000 -278.443756 -30.000000
v 233.334702 -279.162018 -30.000000
v 231.693069 -279.601868 -30.000000
vn 0.000000 1.000000 0.000000
vn -0.173648 0.984808 0.000000
vn -0.342020 0.939693 0.000000
vn -0.500000 0.866025 0.000000
vn -0.642788 0.766044 0.000000
vn -0.766044 0.642788 0.000000
vn -0.866025 0.500000 0.000000
vn -0.939693 0.342020 0.000000
vn -0.984808 0.173648 0.000000
vn -1.000000 0.000000 0.000000
vn -0.984808 -0.173648 -0.000000
vn -0.939693 -0.342020 -0.000000
vn -0.866025 -0.500000 -0.000000
vn -0.766044 -0.642788 -0.000000
vn -0.642788 -0.766044 -0.000000
vn -0.500000 -0.866025 -0.000000
vn -0.342020 -0.939693 -0.000000
vn -0.173648 -0.984808 -0.000000
vn -0.000000 -1.000000 -0.000000
vn 0.000000 1.000000 0.000000
vn -0.000000 -1.000000 -0.000000
vn -0.173648 -0.984808 -0.000000
vn -0.342020 -0.939693 -0.000000
vn -0.500000 -0.866025 -0.000000
vn -0.642788 -0.766044 -0.000000
vn -0.766044 -0.642788 -0.000000
vn -0.866025 -0.500000 -0.000000
vn -0.939693 -0.342020 -0.000000
vn -0.984808 -0.173648 -0.000000
vn -1.000000 -0.000000 -0.000000
vn -0.984808 0.173648 0.000000
vn -0.939693 0.342020 0.000000
vn -0.866025 0.500000 0.000000
vn -0.766044 0.642788 0.000000
vn -0.642788 0.766044 0.000000
vn -0.500000 0.866025 0.000000
vn -0.342020 0.939693 0.000000
vn -0.173648 0.984808 0.000000
f 1514//1514 1532//1532 1513//1513
f 1514//1514 1550//1550 1532//1532
f 1515//1515 1549//1549 1550//1550
f 1515//1515 1550//1550 1514//1514
f 1516//1516 1548//1548 1549//1549
f 1516//1516 1549//1549 1515//1515
f 1517//1517 1547//1547 1548//1548
f 1517//1517 1548//1548 1516//1516
f 1518//1518 1546//1546 1547//1547
f 1518//1518 1547//1547 1517//1517
f 1519//1519 1545//1545 1546//1546
f 1519//1519 1546//1546 1518//1518
f 1520//1520 1544//1544 1545//1545
f 1520//1520 1545//1545 1519//1519
f 1521//1521 1543//1543 1544//1544
f 1521//1521 1544//1544 1520//1520
f 1522//1522 1542//1542 1543//1543
f 1522//1522 1543//1543 1521//1521
f 1523//1523 1541//1541 1542//1542
f 1523//1523 1542//1542 1522//1522
f 1524//1524 1540//1540 1541//1541
f 1524//1524 1541//1541 1523//1523
f 1525//1525 1539//1539 1540//1540
f 1525//1525 1540//1540 1524//1524
f 1526//1526 1537//1537 1538//1538
f 1526//1526 1538//1538 1539//1539
f 1526//1526 1539//1539 1525//1525
f 1527//1527 1537//1537 1526//1526
f 1528//1528 1537//1537 1527//1527
f 1528//1528 1536//1536 1537//1537
f 1529//1529 1536//1536 1528//1528
f 1529//1529 1535//1535 1536//1536
f 1530//1530 1535//1535 1529//1529
f 1530//1530 1534//1534 1535//1535
f 1531//1531 1534//1534 1530//1530
f 1531//1531 1533//1533 1534//1534
v 230.000000 -281.024994 -0.000000
v 231.914474 -280.857513 -0.000000
v 233.770767 -280.360107 -0.000000
v 235.512497 -279.547943 -0.000000
v 237.086731 -278.445648 -0.000000
v 238.445633 -277.086731 -0.000000
v 239.547928 -275.512512 -0.000000
v 240.360107 -273.770782 -0.000000
v 240.857498 -271.914459 -0.000000
v 241.024994 -270.000000 -0.000000
v 240.857498 -268.085541 -0.000000
v 240.360107 -266.229218 -0.000000
v 239.547928 -264.487488 -0.000000
v 238.445633 -262.913269 -0.000000
v 237.086731 -261.554352 -0.000000
v 235.512497 -260.452057 -0.000000
v 233.770767 -259.639893 -0.000000
v 231.914474 -259.142487 -0.000000
v 230.000000 -258.975006 -0.000000
v 230.000000 -279.750000 -1.275000
v 231.693069 -279.601868 -1.275000
v 233.334702 -279.162018 -1.275000
v 234.875000 -278.443756 -1.275000
v 236.267181 -277.468933 -1.275000
v 237.468933 -276.267181 -1.275000
v 238.443741 -274.875000 -1.275000
v 239.162003 -273.334686 -1.275000
v 239.601883 -271.693085 -1.275000
v 239.750000 -270.000000 -1.275000
v 239.601883 -268.306915 -1.275000
v 239.162003 -266.665314 -1.275000
v 238.443741 -265.125000 -1.275000
v 237.468933 -263.732819 -1.275000
v 236.267181 -262.531067 -1.275000
v 234.875000 -261.556244 -1.275000
v 233.334702 -260.837982 -1.275000
v 231.693069 -260.398132 -1.275000
v 230.000000 -260.250000 -1.275000
vn 0.000000 0.707107 0.707107
vn -0.122788 0.696364 0.707107
vn -0.241845 0.664463 0.707107
vn -0.353553 0.612372 0.707107
vn -0.454519 0.541675 0.707107
vn -0.541675 0.454519 0.707107
vn -0.612372 0.353553 0.707107
vn -0.664463 0.241845 0.707107
vn -0.696364 0.122788 0.707107
vn -0.707107 -0.000000 0.707107
vn -0.696364 -0.122788 0.707107
vn -0.664463 -0.241845 0.707107
vn -0.612372 -0.353553 0.707107
vn -0.541675 -0.454519 0.707107
vn -0.454519 -0.541675 0.707107
vn -0.353553 -0.612372 0.707107
vn -0.241845 -0.664463 0.707107
vn -0.122788 -0.696364 0.707107
vn -0.000000 -0.707107 0.707107
vn 0.000000 0.707107 0.707107
vn -0.122788 0.696364 0.707107
vn -0.241845 0.664463 0.707107
vn -0.353553 0.612372 0.707107
vn -0.454519 0.541675 0.707107
vn -0.541675 0.454519 0.707107
vn -0.612372 0.353553 0.707107
vn -0.664463 0.241845 0.707107
vn -0.696364 0.122788 0.707107
vn -0.707107 -0.000000 0.707107
vn -0.696364 -0.122788 0.707107
vn -0.664463 -0.241845 0.707107
vn -0.612372 -0.353553 0.707107
vn -0.541675 -0.454519 0.707107
vn -0.454519 -0.541675 0.707107
vn -0.353553 -0.612372 0.707107
vn -0.241845 -0.664463 0.707107
vn -0.122788 -0.696364 0.707107
vn -0.000000 -0.707107 0.707107
f 1571//1571 1570//1570 1551//1551
f 1552//1552 1571//1571 1551//1551
f 1553//1553 1572//1572 1571//1571
f 1553//1553 1571//1571 1552//1552
f 1554//1554 1573//1573 1572//1572
f 1554//1554 1572//1572 1553//1553
f 1555//1555 1574//1574 1573//1573
f 1555//1555 1573//1573 1554//1554
f 1556//1556 1575//1575 1574//1574
f 1556//1556 1574//1574 1555//1555
f 1557//1557 1576//1576 1575//1575
f 1557//1557 1575//1575 1556//1556
f 1558//1558 1577//1577 1576//1576
f 1558//1558 1576//1576 1557//1557
f 1559//1559 1578//1578 1577//1577
f 1559//1559 1577//1577 1558//1558
f 1560//1560 1579//1579 1578//1578
f 1560//1560 1578//1578 1559//1559
f 1561//1561 1580//1580 1579//1579
f 1561//1561 1579//1579 1560//1560
f 1562//1562 1581//1581 1580//1580
f 1562//1562 1580//1580 1561//1561
f 1563//1563 1582//1582 1581//1581
f 1563//1563 1581//1581 1562//1562
f 1564//1564 1583//1583 1582//1582
f 1564//1564 1582//1582 1563//1563
f 1565//1565 1584//1584 1583//1583
f 1565//1565 1583//1583 1564//1564
f 1585//1585 1584//1584 1565//1565
f 1566//1566 1585//1585 1565//1565
f 1586//1586 1585//1585 1566//1566
f 1567//1567 1586//1586 1566//1566
f 1568//1568 1586//1586 1567//1567
f 1568//1568 1587//1587 1586//1586
f 1569//1569 1587//1587 1568//1568
f 1569//1569 1588//1588 1587//1587
v 230.000000 260.250000 -1.275000
v 231.693069 260.398132 -1.275000
v 233.334702 260.837982 -1.275000
v 234.875000 261.556244 -1.275000
v 236.267181 262.531067 -1.275000
v 237.468933 263.732819 -1.275000
v 238.443741 265.125000 -1.275000
v 239.162003 266.665314 -1.275000
v 239.601883 268.306915 -1.275000
v 239.750000 270.000000 -1.275000
v 239.601883 271.693085 -1.275000
v 239.162003 273.334686 -1.275000
v 238.443741 274.875000 -1.275000
v 237.468933 276.267181 -1.275000
v 236.267181 277.468933 -1.275000
v 234.875000 278.443756 -1.275000
v 233.334702 279.162018 -1.275000
v 231.693069 279.601868 -1.275000
v 230.000000 279.750000 -1.275000
v 230.000000 260.250000 -30.000000
v 230.000000 279.750000 -30.000000
v 231.693069 279.601868 -30.000000
v 233.334702 279.162018 -30.000000
v 234.875000 278.443756 -30.000000
v 236.267181 277.468933 -30.000000
v 237.468933 276.267181 -30.000000
v 238.443741 274.875000 -30.000000
v 239.162003 273.334686 -30.000000
v 239.601883 271.693085 -30.000000
v 239.750000 270.000000 -30.000000
v 239.601883 268.306915 -30.000000
v 239.162003 266.665314 -30.000000
v 238.443741 265.125000 -30.000000
v 237.468933 263.732819 -30.000000
v 236.267181 262.531067 -30.000000
v 234.875000 261.556244 -30.000000
v 233.334702 260.837982 -30.000000
v 231.693069 260.398132 -30.000000
vn 0.000000 1.000000 0.000000
vn -0.173648 0.984808 0.000000
vn -0.342020 0.939693 0.000000
vn -0.500000 0.866025 0.000000
vn -0.642788 0.766044 0.000000
vn -0.766044 0.642788 0.000000
vn -0.866025 0.500000 0.000000
vn -0.939693 0.342020 0.000000
vn -0.984808 0.173648 0.000000
vn -1.000000 0.000000 0.000000
vn -0.984808 -0.173648 -0.000000
vn -0.939693 -0.342020 -0.000000
vn -0.866025 -0.500000 -0.000000
vn -0.766044 -0.642788 -0.000000
vn -0.642788 -0.766044 -0.000000
vn -0.500000 -0.866025 -0.000000
vn -0.342020 -0.939693 -0.000000
vn -0.173648 -0.984808 -0.000000
vn -0.000000 -1.000000 -0.000000
vn 0.000000 1.000000 0.000000
vn -0.000000 -1.000000 -0.000000
vn -0.173648 -0.984808 -0.000000
vn -0.342020 -0.939693 -0.000000
vn -0.500000 -0.866025 -0.000000
vn -0.642788 -0.766044 -0.000000
vn -0.766044 -0.642788 -0.000000
vn -0.866025 -0.500000 -0.000000
vn -0.939693 -0.342020 -0.000000
vn -0.984808 -0.173648 -0.000000
vn -1.000000 -0.000000 -0.000000
vn -0.984808 0.173648 0.000000
vn -0.939693 0.342020 0.000000
vn -0.866025 0.500000 0.000000
vn -0.766044 0.642788 0.000000
vn -0.642788 0.766044 0.000000
vn -0.500000 0.866025 0.000000
vn -0.342020 0.939693 0.000000
vn -0.173648 0.984808 0.000000
f 1590//1590 1608//1608 1589//1589
f 1590//1590 1626//1626 1608//1608
f 1591//1591 1625//1625 1626//1626
f 1591//1591 1626//1626 1590//1590
f 1592//1592 1624//1624 1625//1625
f 1592//1592 1625//1625 1591//1591
f 1593//1593 1623//1623 1624//1624
f 1593//1593 1624//1624 1592//1592
f 1594//1594 1622//1622 1623//1623
f 1594//1594 1623//1623 1593//1593
f 1595//1595 1621//1621 1622//1622
f 1595//1595 1622//1622 1594//1594
f 1596//1596 1620//1620 1621//1621
f 1596//1596 1621//1621 1595//1595
f 1597//1597 1619//1619 1620//1620
f 1597//1597 1620//1620 1596//1596
f 1598//1598 1618//1618 1619//1619
f 1598//1598 1619//1619 1597//1597
f 1599//1599 1617//1617 1618//1618
f 1599//1599 1618//1618 1598//1598
f 1600//1600 1616//1616 1617//1617
f 1600//1600 1617//1617 1599//1599
f 1601//1601 1615//1615 1616//1616
f 1601//1601 1616//1616 1600//1600
f 1602//1602 1613//1613 1614//1614
f 1602//1602 1614//1614 1615//1615
f 1602//1602 1615//1615 1601//1601
f 1603//1603 1613//1613 1602//1602
f 1604//1604 1613//1613 1603//1603
f 1604//1604 1612//1612 1613//1613
f 1605//1605 1612//1612 1604//1604
f 1605//1605 1611//1611 1612//1612
f 1606//1606 1611//1611 1605//1605
f 1606//1606 1610//1610 1611//1611
f 1607//1607 1610//1610 1606//1606
f 1607//1607 1609//1609 1610//1610
v 230.000000 258.975006 0.000000
v 231.914474 259.142487 0.000000
v 233.770767 259.639893 0.000000
v 235.512497 260.452057 0.000000
v 237.086731 261.554352 0.000000
v 238.445633 262.913269 0.000000
v 239.547928 264.487488 0.000000
v 240.360107 266.229218 0.000000
v 240.857498 268.085541 0.000000
v 241.024994 270.000000 0.000000
v 240.857498 271.914459 0.000000
v 240.360107 273.770782 0.000000
v 239.547928 275.512512 0.000000
v 238.445633 277.086731 0.000000
v 237.086731 278.445648 0.000000
v 235.512497 279.547943 0.000000
v 233.770767 280.360107 0.000000
v 231.914474 280.857513 0.000000
v 230.000000 281.024994 0.000000
v 230.000000 260.250000 -1.275000
v 231.693069 260.398132 -1.275000
v 233.334702 260.837982 -1.275000
v 234.875000 261.556244 -1.275000
v 236.267181 262.531067 -1.275000
v 237.468933 263.732819 -1.275000
v 238.443741 265.125000 -1.275000
v 239.162003 266.665314 -1.275000
v 239.601883 268.306915 -1.275000
v 239.750000 270.000000 -1.275000
v 239.601883 271.693085 -1.275000
v 239.162003 273.334686 -1.275000
v 238.443741 274.875000 -1.275000
v 237.468933 276.267181 -1.275000
v 236.267181 277.468933 -1.275000
v 234.875000 278.443756 -1.275000
v 233.334702 279.162018 -1.275000
v 231.693069 279.601868 -1.275000
v 230.000000 279.750000 -1.275000
vn 0.000000 0.707107 0.707107
vn -0.122788 0.696364 0.707107
vn -0.241845 0.664463 0.707107
vn -0.353553 0.612372 0.707107
vn -0.454519 0.541675 0.707107
vn -0.541675 0.454519 0.707107
vn -0.612372 0.353553 0.707107
vn -0.664463 0.241845 0.707107
vn -0.696364 0.122788 0.707107
vn -0.707107 -0.000000 0.707107
vn -0.696364 -0.122788 0.707107
vn -0.664463 -0.241845 0.707107
vn -0.612372 -0.353553 0.707107
vn -0.541675 -0.454519 0.707107
vn -0.454519 -0.541675 0.707107
vn -0.353553 -0.612372 0.707107
vn -0.241845 -0.664463 0.707107
vn -0.122788 -0.696364 0.707107
vn -0.000000 -0.707107 0.707107
vn 0.000000 0.707107 0.707107
vn -0.122788 0.696364 0.707107
vn -0.241845 0.664463 0.707107
vn -0.353553 0.612372 0.707107
vn -0.454519 0.541675 0.707107
vn -0.541675 0.454519 0.707107
vn -0.612372 0.353553 0.707107
vn -0.664463 0.241845 0.707107
vn -0.696364 0.122788 0.707107
vn -0.707107 -0.000000 0.707107
vn -0.696364 -0.122788 0.707107
vn -0.664463 -0.241845 0.707107
vn -0.612372 -0.353553 0.707107
vn -0.541675 -0.454519 0.707107
vn -0.454519 -0.541675 0.707107
vn -0.353553 -0.612372 0.707107
vn -0.241845 -0.664463 0.707107
vn -0.122788 -0.696364 0.707107
vn -0.000000 -0.707107 0.707107
f 1647//1647 1646//1646 1627//1627
f 1628//1628 1647//1647 1627//1627
f 1629//1629 1648//1648 1647//1647
f 1629//1629 1647//1647 1628//1628
f 1630//1630 1649//1649 1648//1648
f 1630//1630 1648//1648 1629//1629
f 1631//1631 1650//1650 1649//1649
f 1631//1631 1649//1649 1630//1630
f 1632//1632 1651//1651 1650//1650
f 1632//1632 1650//1650 1631//1631
f 1652//1652 1651//1651 1632//1632
f 1633//1633 1652//1652 1632//1632
f 1634//1634 1653//1653 1652//1652
f 1634//1634 1652//1652 1633//1633
f 1635//1635 1654//1654 1653//1653
f 1635//1635 1653//1653 1634//1634
f 1636//1636 1655//1655 1654//1654
f 1636//1636 1654//1654 1635//1635
f 1637//1637 1656//1656 1655//1655
f 1637//1637 1655//1655 1636//1636
f 1657//1657 1656//1656 1637//1637
f 1638//1638 1657//1657 1637//1637
f 1639//1639 1658//1658 1657//1657
f 1639//1639 1657//1657 1638//1638
f 1640//1640 1659//1659 1658//1658
f 1640//1640 1658//1658 1639//1639
f 1641//1641 1660//1660 1659//1659
f 1641//1641 1659//1659 1640//1640
f 1642//1642 1661//1661 1660//1660
f 1642//1642 1660//1660 1641//1641
f 1643//1643 1661//1661 1642//1642
f 1643//1643 1662//1662 1661//1661
f 1663//1663 1662//1662 1643//1643
f 1644//1644 1663//1663 1643//1643
f 1645//1645 1663//1663 1644//1644
f 1645//1645 1664//1664 1663//1663
v -270.000000 220.250000 -1.275000
v -268.306915 220.398117 -1.275000
v -266.665314 220.837997 -1.275000
v -265.125000 221.556259 -1.275000
v -263.732819 222.531067 -1.275000
v -262.531067 223.732819 -1.275000
v -261.556244 225.125000 -1.275000
v -260.837982 226.665298 -1.275000
v -260.398132 228.306931 -1.275000
v -260.250000 230.000000 -1.275000
v -260.398132 231.693069 -1.275000
v -260.837982 233.334702 -1.275000
v -261.556244 234.875000 -1.275000
v -262.531067 236.267181 -1.275000
v -263.732819 237.468933 -1.275000
v -265.125000 238.443741 -1.275000
v -266.665314 239.162003 -1.275000
v -268.306915 239.601883 -1.275000
v -270.000000 239.750000 -1.275000
v -270.000000 220.250000 -30.000000
v -270.000000 239.750000 -30.000000
v -268.306915 239.601883 -30.000000
v -266.665314 239.162003 -30.000000
v -265.125000 238.443741 -30.000000
v -263.732819 237.468933 -30.000000
v -262.531067 236.267181 -30.000000
v -261.556244 234.875000 -30.000000
v -260.837982 233.334702 -30.000000
v -260.398132 231.693069 -30.000000
v -260.250000 230.000000 -30.000000
v -260.398132 228.306931 -30.000000
v -260.837982 226.665298 -30.000000
v -261.556244 225.125000 -30.000000
v -262.531067 223.732819 -30.000000
v -263.732819 222.531067 -30.000000
v -265.125000 221.556259 -30.000000
v -266.665314 220.837997 -30.000000
v -268.306915 220.398117 -30.000000
vn 0.000000 1.000000 0.000000
vn -0.173648 0.984808 0.000000
vn -0.342020 0.939693 0.000000
vn -0.500000 0.866025 0.000000
vn -0.642788 0.766044 0.000000
vn -0.766044 0.642788 0.000000
vn -0.866025 0.500000 0.000000
vn -0.939693 0.342020 0.000000
vn -0.984808 0.173648 0.000000
vn -1.000000 0.000000 0.000000
vn -0.984808 -0.173648 -0.000000
vn -0.939693 -0.342020 -0.000000
vn -0.866025 -0.500000 -0.000000
vn -0.766044 -0.642788 -0.000000
vn -0.642788 -0.766044 -0.000000
vn -0.500000 -0.866025 -0.000000
vn -0.342020 -0.939693 -0.000000
vn -0.173648 -0.984808 -0.000000
vn -0.000000 -1.000000 -0.000000
vn 0.000000 1.000000 0.000000
vn -0.000000 -1.000000 -0.000000
vn -0.173648 -0.984808 -0.000000
vn -0.342020 -0.939693 -0.000000
vn -0.500000 -0.866025 -0.000000
vn -0.642788 -0.766044 -0.000000
vn -0.766044 -0.642788 -0.000000
vn -0.866025 -0.500000 -0.000000
vn -0.939693 -0.342020 -0.000000
vn -0.984808 -0.173648 -0.000000
vn -1.000000 -0.000000 -0.000000
vn -0.984808 0.173648 0.000000
vn -0.939693 0.342020 0.000000
vn -0.866025 0.500000 0.000000
vn -0.766044 0.642788 0.000000
vn -0.642788 0.766044 0.000000
vn -0.500000 0.866025 0.000000
vn -0.342020 0.939693 0.000000
vn -0.173648 0.984808 0.000000
f 1666//1666 1684//1684 1665//1665
f 1666//1666 1702//1702 1684//1684
f 1667//1667 1701//1701 1702//1702
f 1667//1667 1702//1702 1666//1666
f 1668//1668 1700//1700 1701//1701
f 1668//1668 1701//1701 1667//1667
f 1669//1669 1699//1699 1700//1700
f 1669//1669 1700//1700 1668//1668
f 1670//1670 1698//1698 1699//1699
f 1670//1670 1699//1699 1669//1669
f 1671//1671 1697//1697 1698//1698
f 1671//1671 1698//1698 1670//1670
f 1672//1672 1696//1696 1697//1697
f 1672//1672 1697//1697 1671//1671
f 1673//1673 1695//1695 1696//1696
f 1673//1673 1696//1696 1672//1672
f 1674//1674 1694//1694 1695//1695
f 1674//1674 1695//1695 1673//1673
f 1675//1675 1693//1693 1694//1694
f 1675//1675 1694//1694 1674//1674
f 1676//1676 1692//1692 1693//1693
f 1676//1676 1693//1693 1675//1675
f 1677//1677 1691//1691 1692//1692
f 1677//1677 1692//1692 1676//1676
f 1678//1678 1689//1689 1690//1690
f 1678//1678 1690//1690 1691//1691
f 1678//1678 1691//1691 1677//1677
f 1679//1679 1689//1689 1678//1678
f 1680//1680 1689//1689 1679//1679
f 1680//1680 1688//1688 1689//1689
f 1681//1681 1688//1688 1680//1680
f 1681//1681 1687//1687 1688//1688
f 1682//1682 1687//1687 1681//1681
f 1682//1682 1686//1686 1687//1687
f 1683//1683 1686//1686 1682//1682
f 1683//1683 1685//1685 1686//1686
v -270.000000 218.975006 0.000000
v -268.085541 219.142502 0.000000
v -266.229218 219.639893 0.000000
v -264.487488 220.452072 0.000000
v -262.913269 221.554367 0.000000
v -261.554352 222.913269 0.000000
v -260.452057 224.487503 0.000000
v -259.639893 226.229233 0.000000
v -259.142487 228.085526 0.000000
v -258.975006 230.000000 0.000000
v -259.142487 231.914474 0.000000
v -259.639893 233.770767 0.000000
v -260.452057 235.512497 0.000000
v -261.554352 237.086731 0.000000
v -262.913269 238.445633 0.000000
v -264.487488 239.547928 0.000000
v -266.229218 240.360107 0.000000
v -268.085541 240.857498 0.000000
v -270.000000 241.024994 0.000000
v -270.000000 220.250000 -1.275000
v -268.306915 220.398117 -1.275000
v -266.665314 220.837997 -1.275000
v -265.125000 221.556259 -1.275000
v -263.732819 222.531067 -1.275000
v -262.531067 223.732819 -1.275000
v -261.556244 225.125000 -1.275000
v -260.837982 226.665298 -1.275000
v -260.398132 228.306931 -1.275000
v -260.250000 230.000000 -1.275000
v -260.398132 231.693069 -1.275000
v -260.837982 233.334702 -1.275000
v -261.556244 234.875000 -1.275000
v -262.531067 236.267181 -1.275000
v -263.732819 237.468933 -1.275000
v -265.125000 238.443741 -1.275000
v -266.665314 239.162003 -1.275000
v -268.306915 239.601883 -1.275000
v -270.000000 239.750000 -1.275000
vn 0.000000 0.707107 0.707107
vn -0.122788 0.696364 0.707107
vn -0.241845 0.664463 0.707107
vn -0.353553 0.612372 0.707107
vn -0.454519 0.541675 0.707107
vn -0.541675 0.454519 0.707107
vn -0.612372 0.353553 0.707107
vn -0.664463 0.241845 0.707107
vn -0.696364 0.122788 0.707107
vn -0.707107 -0.000000 0.707107
vn -0.696364 -0.122788 0.707107
vn -0.664463 -0.241845 0.707107
vn -0.612372 -0.353553 0.707107
vn -0.541675 -0.454519 0.707107
vn -0.454519 -0.541675 0.707107
vn -0.353553 -0.612372 0.707107
vn -0.241845 -0.664463 0.707107
vn -0.122788 -0.696364 0.707107
vn -0.000000 -0.707107 0.707107
vn 0.000000 0.707107 0.707107
vn -0.122788 0.696364 0.707107
vn -0.241845 0.664463 0.707107
vn -0.353553 0.612372 0.707107
vn -0.454519 0.541675 0.707107
vn -0.541675 0.454519 0.707107
vn -0.612372 0.353553 0.707107
vn -0.664463 0.241845 0.707107
vn -0.696364 0.122788 0.707107
vn -0.707107 -0.000000 0.707107
vn -0.696364 -0.122788 0.707107
vn -0.664463 -0.241845 0.707107
vn -0.612372 -0.353553 0.707107
vn -0.541675 -0.454519 0.707107
vn -0.454519 -0.541675 0.707107
vn -0.353553 -0.612372 0.707107
vn -0.241845 -0.664463 0.707107
vn -0.122788 -0.696364 0.707107
vn -0.000000 -0.707107 0.707107
f 1723//1723 1722//1722 1703//1703
f 1704//1704 1723//1723 1703//1703
f 1705//1705 1724//1724 1723//1723
f 1705//1705 1723//1723 1704//1704
f 1706//1706 1725//1725 1724//1724
f 1706//1706 1724//1724 1705//1705
f 1726//1726 1725//1725 1706//1706
f 1707//1707 1726//1726 1706//1706
f 1708//1708 1727//1727 1726//1726
f 1708//1708 1726//1726 1707//1707
f 1709//1709 1728//1728 1727//1727
f 1709//1709 1727//1727 1708//1708
f 1729//1729 1728//1728 1709//1709
f 1710//1710 1729//1729 1709//1709
f 1711//1711 1730//1730 1729//1729
f 1711//1711 1729//1729 1710//1710
f 1712//1712 1731//1731 1730//1730
f 1712//1712 1730//1730 1711//1711
f 1713//1713 1732//1732 1731//1731
f 1713//1713 1731//1731 1712//1712
f 1714//1714 1733//1733 1732//1732
f 1714//1714 1732//1732 1713//1713
f 1734//1734 1733//1733 1714//1714
f 1715//1715 1734//1734 1714//1714
f 1735//1735 1734//1734 1715//1715
f 1716//1716 1735//1735 1715//1715
f 1717//1717 1736//1736 1735//1735
f 1717//1717 1735//1735 1716//1716
f 1718//1718 1737//1737 1736//1736
f 1718//1718 1736//1736 1717//1717
f 1719//1719 1737//1737 1718//1718
f 1719//1719 1738//1738 1737//1737
f 1739//1739 1738//1738 1719//1719
f 1720//1720 1739//1739 1719//1719
f 1740//1740 1739//1739 1720//1720
f 1721//1721 1740//1740 1720//1720
v -270.000000 -239.750000 -1.275000
v -268.306915 -239.601883 -1.275000
v -266.665314 -239.162003 -1.275000
v -265.125000 -238.443741 -1.275000
v -263.732819 -237.468933 -1.275000
v -262.531067 -236.267181 -1.275000
v -261.556244 -234.875000 -1.275000
v -260.837982 -233.334702 -1.275000
v -260.398132 -231.693069 -1.275000
v -260.250000 -230.000000 -1.275000
v -260.398132 -228.306931 -1.275000
v -260.837982 -226.665298 -1.275000
v -261.556244 -225.125000 -1.275000
v -262.531067 -223.732819 -1.275000
v -263.732819 -222.531067 -1.275000
v -265.125000 -221.556259 -1.275000
v -266.665314 -220.837997 -1.275000
v -268.306915 -220.398117 -1.275000
v -270.000000 -220.250000 -1.275000
v -270.000000 -239.750000 -30.000000
v -270.000000 -220.250000 -30.000000
v -268.306915 -220.398117 -30.000000
v -266.665314 -220.837997 -30.000000
v -265.125000 -221.556259 -30.000000
v -263.732819 -222.531067 -30.000000
v -262.531067 -223.732819 -30.000000
v -261.556244 -225.125000 -30.000000
v -260.837982 -226.665298 -30.000000
v -260.398132 -228.306931 -30.000000
v -260.250000 -230.000000 -30.000000
v -260.398132 -231.693069 -30.000000
v -260.837982 -233.334702 -30.000000
v -261.556244 -234.875000 -30.000000
v -262.531067 -236.267181 -30.000000
v -263.732819 -237.468933 -30.000000
v -265.125000 -238.443741 -30.000000
v -266.665314 -239.162003 -30.000000
v -268.306915 -239.601883 -30.000000
vn 0.000000 1.000000 0.000000
vn -0.173648 0.984808 0.000000
vn -0.342020 0.939693 0.000000
vn -0.500000 0.866025 0.000000
vn -0.642788 0.766044 0.000000
vn -0.766044 0.642788 0.000000
vn -0.866025 0.500000 0.000000
vn -0.939693 0.342020 0.000000
vn -0.984808 0.173648 0.000000
vn -1.000000 0.000000 0.000000
vn -0.984808 -0.173648 -0.000000
vn -0.939693 -0.342020 -0.000000
vn -0.866025 -0.500000 -0.000000
vn -0.766044 -0.642788 -0.000000
vn -0.642788 -0.766044 -0.000000
vn -0.500000 -0.866025 -0.000000
vn -0.342020 -0.939693 -0.000000
vn -0.173648 -0.984808 -0.000000
vn -0.000000 -1.000000 -0.000000
vn 0.000000 1.000000 0.000000
vn -0.000000 -1.000000 -0.000000
vn -0.173648 -0.984808 -0.000000
vn -0.342020 -0.939693 -0.000000
vn -0.500000 -0.866025 -0.000000
vn -0.642788 -0.766044 -0.000000
vn -0.766044 -0.642788 -0.000000
vn -0.866025 -0.500000 -0.000000
vn -0.939693 -0.342020 -0.000000
vn -0.984808 -0.173648 -0.000000
vn -1.000000 -0.000000 -0.000000
vn -0.984808 0.173648 0.000000
vn -0.939693 0.342020 0.000000
vn -0.866025 0.500000 0.000000
vn -0.766044 0.642788 0.000000
vn -0.642788 0.766044 0.000000
vn -0.500000 0.866025 0.000000
vn -0.342020 0.939693 0.000000
vn -0.173648 0.984808 0.000000
f 1742//1742 1760//1760 1741//1741
f 1742//1742 1778//1778 1760//1760
f 1743//1743 1777//1777 1778//1778
f 1743//1743 1778//1778 1742//1742
f 1744//1744 1776//1776 1777//1777
f 1744//1744 1777//1777 1743//1743
f 1745//1745 1775//1775 1776//1776
f 1745//1745 1776//1776 1744//1744
f 1746//1746 1774//1774 1775//1775
f 1746//1746 1775//1775 1745//1745
f 1747//1747 1773//1773 1774//1774
f 1747//1747 1774//1774 1746//1746
f 1748//1748 1772//1772 1773//1773
f 1748//1748 1773//1773 1747//1747
f 1749//1749 1771//1771 1772//1772
f 1749//1749 1772//1772 1748//1748
f 1750//1750 1770//1770 1771//1771
f 1750//1750 1771//1771 1749//1749
f 1751//1751 1769//1769 1770//1770
f 1751//1751 1770//1770 1750//1750
f 1752//1752 1768//1768 1769//1769
f 1752//1752 1769//1769 1751//1751
f 1753//1753 1767//1767 1768//1768
f 1753//1753 1768//1768 1752//1752
f 1754//1754 1765//1765 1766//1766
f 1754//1754 1766//1766 1767//1767
f 1754//1754 1767//1767 1753//1753
f 1755//1755 1765//1765 1754//1754
f 1756//1756 1765//1765 1755//1755
f 1756//1756 1764//1764 1765//1765
f 1757//1757 1764//1764 1756//1756
f 1757//1757 1763//1763 1764//1764
f 1758//1758 1763//1763 1757//1757
f 1758//1758 1762//1762 1763//1763
f 1759//1759 1762//1762 1758//1758
f 1759//1759 1761//1761 1762//1762
v -270.000000 -241.024994 -0.000000
v -268.085541 -240.857498 -0.000000
v -266.229218 -240.360107 -0.000000
v -264.487488 -239.547928 -0.000000
v -262.913269 -238.445633 -0.000000
v -261.554352 -237.086731 -0.000000
v -260.452057 -235.512497 -0.000000
v -259.639893 -233.770767 -0.000000
v -259.142487 -231.914474 -0.000000
v -258.975006 -230.000000 -0.000000
v -259.142487 -228.085526 -0.000000
v -259.639893 -226.229233 -0.000000
v -260.452057 -224.487503 -0.000000
v -261.554352 -222.913269 -0.000000
v -262.913269 -221.554367 -0.000000
v -264.487488 -220.452072 -0.000000
v -266.229218 -219.639893 -0.000000
v -268.085541 -219.142502 -0.000000
v -270.000000 -218.975006 -0.000000
v -270.000000 -239.750000 -1.275000
v -268.306915 -239.601883 -1.275000
v -266.665314 -239.162003 -1.275000
v -265.125000 -238.443741 -1.275000
v -263.732819 -237.468933 -1.275000
v -262.531067 -236.267181 -1.275000
v -261.556244 -234.875000 -1.275000
v -260.837982 -233.334702 -1.275000
v -260.398132 -231.693069 -1.275000
v -260.250000 -230.000000 -1.275000
v -260.398132 -228.306931 -1.275000
v -260.837982 -226.665298 -1.275000
v -261.556244 -225.125000 -1.275000
v -262.531067 -223.732819 -1.275000
v -263.732819 -222.531067 -1.275000
v -265.125000 -221.556259 -1.275000
v -266.665314 -220.837997 -1.275000
v -268.306915 -220.398117 -1.275000
v -270.000000 -220.250000 -1.275000
vn 0.000000 0.707107 0.707107
vn -0.122788 0.696364 0.707107
vn -0.241845 0.664463 0.707107
vn -0.353553 0.612372 0.707107
vn -0.454519 0.541675 0.707107
vn -0.541675 0.454519 0.707107
vn -0.612372 0.353553 0.707107
vn -0.664463 0.241845 0.707107
vn -0.696364 0.122788 0.707107
vn -0.707107 -0.000000 0.707107
vn -0.696364 -0.122788 0.707107
vn -0.664463 -0.241845 0.707107
vn -0.612372 -0.353553 0.707107
vn -0.541675 -0.454519 0.707107
vn -0.454519 -0.541675 0.707107
vn -0.353553 -0.612372 0.707107
vn -0.241845 -0.664463 0.707107
vn -0.122788 -0.696364 0.707107
vn -0.000000 -0.707107 0.707107
vn 0.000000 0.707107 0.707107
vn -0.122788 0.696364 0.707107
vn -0.241845 0.664463 0.707107
vn -0.353553 0.612372 0.707107
vn -0.454519 0.541675 0.707107
vn -0.541675 0.454519 0.707107
vn -0.612372 0.353553 0.707107
vn -0.664463 0.241845 0.707107
vn -0.696364 0.122788 0.707107
vn -0.707107 -0.000000 0.707107
vn -0.696364 -0.122788 0.707107
vn -0.664463 -0.241845 0.707107
vn -0.612372 -0.353553 0.707107
vn -0.541675 -0.454519 0.707107
vn -0.454519 -0.541675 0.707107
vn -0.353553 -0.612372 0.707107
vn -0.241845 -0.664463 0.707107
vn -0.122788 -0.696364 0.707107
vn -0.000000 -0.707107 0.707107
f 1780//1780 1798//1798 1779//1779
f 1780//1780 1799//1799 1798//1798
f 1781//1781 1800//1800 1799//1799
f 1781//1781 1799//1799 1780//1780
f 1782//1782 1801//1801 1800//1800
f 1782//1782 1800//1800 1781//1781
f 1783//1783 1802//1802 1801//1801
f 1783//1783 1801//1801 1782//1782
f 1784//1784 1803//1803 1802//1802
f 1784//1784 1802//1802 1783//1783
f 1785//1785 1804//1804 1803//1803
f 1785//1785 1803//1803 1784//1784
f 1786//1786 1805//1805 1804//1804
f 1786//1786 1804//1804 1785//1785
f 1787//1787 1806//1806 1805//1805
f 1787//1787 1805//1805 1786//1786
f 1788//1788 1807//1807 1806//1806
f 1788//1788 1806//1806 1787//1787
f 1789//1789 1808//1808 1807//1807
f 1789//1789 1807//1807 1788//1788
f 1790//1790 1809//1809 1808//1808
f 1790//1790 1808//1808 1789//1789
f 1791//1791 1810//1810 1809//1809
f 1791//1791 1809//1809 1790//1790
f 1811//1811 1810//1810 1791//1791
f 1792//1792 1811//1811 1791//1791
f 1793//1793 1812//1812 1811//1811
f 1793//1793 1811//1811 1792//1792
f 1794//1794 1813//1813 1812//1812
f 1794//1794 1812//1812 1793//1793
f 1795//1795 1813//1813 1794//1794
f 1795//1795 1814//1814 1813//1813
f 1815//1815 1814//1814 1795//1795
f 1796//1796 1815//1815 1795//1795
f 1816//1816 1815//1815 1796//1796
f 1797//1797 1816//1816 1796//1796
v 270.000000 -239.750000 -1.275000
v 271.693085 -239.601883 -1.275000
v 273.334686 -239.162003 -1.275000
v 274.875000 -238.443741 -1.275000
v 276.267181 -237.468933 -1.275000
v 277.468933 -236.267181 -1.275000
v 278.443756 -234.875000 -1.275000
v 279.162018 -233.334702 -1.275000
v 279.601868 -231.693069 -1.275000
v 279.750000 -230.000000 -1.275000
v 279.601868 -228.306931 -1.275000
v 279.162018 -226.665298 -1.275000
v 278.443756 -225.125000 -1.275000
v 277.468933 -223.732819 -1.275000
v 276.267181 -222.531067 -1.275000
v 274.875000 -221.556259 -1.275000
v 273.334686 -220.837997 -1.275000
v 271.693085 -220.398117 -1.275000
v 270.000000 -220.250000 -1.275000
v 270.000000 -239.750000 -30.000000
v 270.000000 -220.250000 -30.000000
v 271.693085 -220.398117 -30.000000
v 273.334686 -220.837997 -30.000000
v 274.875000 -221.556259 -30.000000
v 276.267181 -222.531067 -30.000000
v 277.468933 -223.732819 -30.000000
v 278.443756 -225.125000 -30.000000
v 279.162018 -226.665298 -30.000000
v 279.601868 -228.306931 -30.000000
v 279.750000 -230.000000 -30.000000
v 279.601868 -231.693069 -30.000000
v 279.162018 -233.334702 -30.000000
v 278.443756 -234.875000 -30.000000
v 277.468933 -236.267181 -30.000000
v 276.267181 -237.468933 -30.000000
v 274.875000 -238.443741 -30.000000
v 273.334686 -239.162003 -30.000000
v 271.693085 -239.601883 -30.000000
vn 0.000000 1.000000 0.000000
vn -0.173648 0.984808 0.000000
vn -0.342020 0.939693 0.000000
vn -0.500000 0.866025 0.000000
vn -0.642788 0.766044 0.000000
vn -0.766044 0.642788 0.000000
vn -0.866025 0.500000 0.000000
vn -0.939693 0.342020 0.000000
vn -0.984808 0.173648 0.000000
vn -1.000000 0.000000 0.000000
vn -0.984808 -0.173648 -0.000000
vn -0.939693 -0.342020 -0.000000
vn -0.866025 -0.500000 -0.000000
vn -0.766044 -0.642788 -0.000000
vn -0.642788 -0.766044 -0.000000
vn -0.500000 -0.866025 -0.000000
vn -0.342020 -0.939693 -0.000000
vn -0.173648 -0.984808 -0.000000
vn -0.000000 -1.000000 -0.000000
vn 0.000000 1.000000 0.000000
vn -0.000000 -1.000000 -0.000000
vn -0.173648 -0.984808 -0.000000
vn -0.342020 -0.939693 -0.000000
vn -0.500000 -0.866025 -0.000000
vn -0.642788 -0.766044 -0.000000
vn -0.766044 -0.642788 -0.000000
vn -0.866025 -0.500000 -0.000000
vn -0.939693 -0.342020 -0.000000
vn -0.984808 -0.173648 -0.000000
vn -1.000000 -0.000000 -0.000000
vn -0.984808 0.173648 0.000000
vn -0.939693 0.342020 0.000000
vn -0.866025 0.500000 0.000000
vn -0.766044 0.642788 0.000000
vn -0.642788 0.766044 0.000000
vn -0.500000 0.866025 0.000000
vn -0.342020 0.939693 0.000000
vn -0.173648 0.984808 0.000000
f 1818//1818 1836//1836 1817//1817
f 1818//1818 1854//1854 1836//1836
f 1819//1819 1853//1853 1854//1854
f 1819//1819 1854//1854 1818//1818
f 1820//1820 1852//1852 1853//1853
f 1820//1820 1853//1853 1819//1819
f 1821//1821 1851//1851 1852//1852
f 1821//1821 1852//1852 1820//1820
f 1822//1822 1850//1850 1851//1851
f 1822//1822 1851//1851 1821//1821
f 1823//1823 1849//1849 1850//1850
f 1823//1823 1850//1850 1822//1822
f 1824//1824 1848//1848 1849//1849
f 1824//1824 1849//1849 1823//1823
f 1825//1825 1847//1847 1848//1848
f 1825//1825 1848//1848 1824//1824
f 1826//1826 1846//1846 1847//1847
f 1826//1826 1847//1847 1825//1825
f 1827//1827 1845//1845 1846//1846
f 1827//1827 1846//1846 1826//1826
f 1828//1828 1844//1844 1845//1845
f 1828//1828 1845//1845 1827//1827
f 1829//1829 1843//1843 1844//1844
f 1829//1829 1844//1844 1828//1828
f 1830//1830 1841//1841 1842//1842
f 1830//1830 1842//1842 1843//1843
f 1830//1830 1843//1843 1829//1829
f 1831//1831 1841//1841 1830//1830
f 1832//1832 1841//1841 1831//1831
f 1832//1832 1840//1840 1841//1841
f 1833//1833 1840//1840 1832//1832
f 1833//1833 1839//1839 1840//1840
f 1834//1834 1839//1839 1833//1833
f 1834//1834 1838//1838 1839//1839
f 1835//1835 1838//1838 1834//1834
f 1835//1835 1837//1837 1838//1838
v 270.000000 -241.024994 -0.000000
v 271.914459 -240.857498 -0.000000
v 273.770782 -240.360107 -0.000000
v 275.512512 -239.547928 -0.000000
v 277.086731 -238.445633 -0.000000
v 278.445648 -237.086731 -0.000000
v 279.547943 -235.512497 -0.000000
v 280.360107 -233.770767 -0.000000
v 280.857513 -231.914474 -0.000000
v 281.024994 -230.000000 -0.000000
v 280.857513 -228.085526 -0.000000
v 280.360107 -226.229233 -0.000000
v 279.547943 -224.487503 -0.000000
v 278.445648 -222.913269 -0.000000
v 277.086731 -221.554367 -0.000000
v 275.512512 -220.452072 -0.000000
v 273.770782 -219.639893 -0.000000
v 271.914459 -219.142502 -0.000000
v 270.000000 -218.975006 -0.000000
v 270.000000 -239.750000 -1.275000
v 271.693085 -239.601883 -1.275000
v 273.334686 -239.162003 -1.275000
v 274.875000 -238.443741 -1.275000
v 276.267181 -237.468933 -1.275000
v 277.468933 -236.267181 -1.275000
v 278.443756 -234.875000 -1.275000
v 279.162018 -233.334702 -1.275000
v 279.601868 -231.693069 -1.275000
v 279.750000 -230.000000 -1.275000
v 279.601868 -228.306931 -1.275000
v 279.162018 -226.665298 -1.275000
v 278.443756 -225.125000 -1.275000
v 277.468933 -223.732819 -1.275000
v 276.267181 -222.531067 -1.275000
v 274.875000 -221.556259 -1.275000
v 273.334686 -220.837997 -1.275000
v 271.693085 -220.398117 -1.275000
v 270.000000 -220.250000 -1.275000
vn 0.000000 0.707107 0.707107
vn -0.122788 0.696364 0.707107
vn -0.241845 0.664463 0.707107
vn -0.353553 0.612372 0.707107
vn -0.454519 0.541675 0.707107
vn -0.541675 0.454519 0.707107
vn -0.612372 0.353553 0.707107
vn -0.664463 0.241845 0.707107
vn -0.696364 0.122788 0.707107
vn -0.707107 -0.000000 0.707107
vn -0.696364 -0.122788 0.707107
vn -0.664463 -0.241845 0.707107
vn -0.612372 -0.353553 0.707107
vn -0.541675 -0.454519 0.707107
vn -0.454519 -0.541675 0.707107
vn -0.353553 -0.612372 0.707107
vn -0.241845 -0.664463 0.707107
vn -0.122788 -0.696364 0.707107
vn -0.000000 -0.707107 0.707107
vn 0.000000 0.707107 0.707107
vn -0.122788 0.696364 0.707107
vn -0.241845 0.664463 0.707107
vn -0.353553 0.612372 0.707107
vn -0.454519 0.541675 0.707107
vn -0.541675 0.454519 0.707107
vn -0.612372 0.353553 0.707107
vn -0.664463 0.241845 0.707107
vn -0.696364 0.122788 0.707107
vn -0.707107 -0.000000 0.707107
vn -0.696364 -0.122788 0.707107
vn -0.664463 -0.241845 0.707107
vn -0.612372 -0.353553 0.707107
vn -0.541675 -0.454519 0.707107
vn -0.454519 -0.541675 0.707107
vn -0.353553 -0.612372 0.707107
vn -0.241845 -0.664463 0.707107
vn -0.122788 -0.696364 0.707107
vn -0.000000 -0.707107 0.707107
f 1856//1856 1874//1874 1855//1855
f 1856//1856 1875//1875 1874//1874
f 1857//1857 1876//1876 1875//1875
f 1857//1857 1875//1875 1856//1856
f 1858//1858 1877//1877 1876//1876
f 1858//1858 1876//1876 1857//1857
f 1859//1859 1878//1878 1877//1877
f 1859//1859 1877//1877 1858//1858
f 1860//1860 1879//1879 1878//1878
f 1860//1860 1878//1878 1859//1859
f 1861//1861 1880//1880 1879//1879
f 1861//1861 1879//1879 1860//1860
f 1862//1862 1881//1881 1880//1880
f 1862//1862 1880//1880 1861//1861
f 1863//1863 1882//1882 1881//1881
f 1863//1863 1881//1881 1862//1862
f 1864//1864 1883//1883 1882//1882
f 1864//1864 1882//1882 1863//1863
f 1865//1865 1884//1884 1883//1883
f 1865//1865 1883//1883 1864//1864
f 1866//1866 1885//1885 1884//1884
f 1866//1866 1884//1884 1865//1865
f 1867//1867 1886//1886 1885//1885
f 1867//1867 1885//1885 1866//1866
f 1887//1887 1886//1886 1867//1867
f 1868//1868 1887//1887 1867//1867
f 1869//1869 1888//1888 1887//1887
f 1869//1869 1887//1887 1868//1868
f 1870//1870 1889//1889 1888//1888
f 1870//1870 1888//1888 1869//1869
f 1871//1871 1889//1889 1870//1870
f 1871//1871 1890//1890 1889//1889
f 1891//1891 1890//1890 1871//1871
f 1872//1872 1891//1891 1871//1871
f 1892//1892 1891//1891 1872//1872
f 1873//1873 1892//1892 1872//1872
v 270.000000 220.250000 -1.275000
v 271.693085 220.398117 -1.275000
v 273.334686 220.837997 -1.275000
v 274.875000 221.556259 -1.275000
v 276.267181 222.531067 -1.275000
v 277.468933 223.732819 -1.275000
v 278.443756 225.125000 -1.275000
v 279.162018 226.665298 -1.275000
v 279.601868 228.306931 -1.275000
v 279.750000 230.000000 -1.275000
v 279.601868 231.693069 -1.275000
v 279.162018 233.334702 -1.275000
v 278.443756 234.875000 -1.275000
v 277.468933 236.267181 -1.275000
v 276.267181 237.468933 -1.275000
v 274.875000 238.443741 -1.275000
v 273.334686 239.162003 -1.275000
v 271.693085 239.601883 -1.275000
v 270.000000 239.750000 -1.275000
v 270.000000 220.250000 -30.000000
v 270.000000 239.750000 -30.000000
v 271.693085 239.601883 -30.000000
v 273.334686 239.162003 -30.000000
v 274.875000 238.443741 -30.000000
v 276.267181 237.468933 -30.000000
v 277.468933 236.267181 -30.000000
v 278.443756 234.875000 -30.000000
v 279.162018 233.334702 -30.000000
v 279.601868 231.693069 -30.000000
v 279.750000 230.000000 -30.000000
v 279.601868 228.306931 -30.000000
v 279.162018 226.665298 -30.000000
v 278.443756 225.125000 -30.000000
v 277.468933 223.732819 -30.000000
v 276.267181 222.531067 -30.000000
v 274.875000 221.556259 -30.000000
v 273.334686 220.837997 -30.000000
v 271.693085 220.398117 -30.000000
vn 0.000000 1.000000 0.000000
vn -0.173648 0.984808 0.000000
vn -0.342020 0.939693 0.000000
vn -0.500000 0.866025 0.000000
vn -0.642788 0.766044 0.000000
vn -0.766044 0.642788 0.000000
vn -0.866025 0.500000 0.000000
vn -0.939693 0.342020 0.000000
vn -0.984808 0.173648 0.000000
vn -1.000000 0.000000 0.000000
vn -0.984808 -0.173648 -0.000000
vn -0.939693 -0.342020 -0.000000
vn -0.866025 -0.500000 -0.000000
vn -0.766044 -0.642788 -0.000000
vn -0.642788 -0.766044 -0.000000
vn -0.500000 -0.866025 -0.000000
vn -0.342020 -0.939693 -0.000000
vn -0.173648 -0.984808 -0.000000
vn -0.000000 -1.000000 -0.000000
vn 0.000000 1.000000 0.000000
vn -0.000000 -1.000000 -0.000000
vn -0.173648 -0.984808 -0.000000
vn -0.342020 -0.939693 -0.000000
vn -0.500000 -0.866025 -0.000000
vn -0.642788 -0.766044 -0.000000
vn -0.766044 -0.642788 -0.000000
vn -0.866025 -0.500000 -0.000000
vn -0.939693 -0.342020 -0.000000
vn -0.984808 -0.173648 -0.000000
vn -1.000000 -0.000000 -0.000000
vn -0.984808 0.173648 0.000000
vn -0.939693 0.342020 0.000000
vn -0.866025 0.500000 0.000000
vn -0.766044 0.642788 0.000000
vn -0.642788 0.766044 0.000000
vn -0.500000 0.866025 0.000000
vn -0.342020 0.939693 0.000000
vn -0.173648 0.984808 0.000000
f 1894//1894 1912//1912 1893//1893
f 1894//1894 1930//1930 1912//1912
f 1895//1895 1929//1929 1930//1930
f 1895//1895 1930//1930 1894//1894
f 1896//1896 1928//1928 1929//1929
f 1896//1896 1929//1929 1895//1895
f 1897//1897 1927//1927 1928//1928
f 1897//1897 1928//1928 1896//1896
f 1898//1898 1926//1926 1927//1927
f 1898//1898 1927//1927 1897//1897
f 1899//1899 1925//1925 1926//1926
f 1899//1899 1926//1926 1898//1898
f 1900//1900 1924//1924 1925//1925
f 1900//1900 1925//1925 1899//1899
f 1901//1901 1923//1923 1924//1924
f 1901//1901 1924//1924 1900//1900
f 1902//1902 1922//1922 1923//1923
f 1902//1902 1923//1923 1901//1901
f 1903//1903 1921//1921 1922//1922
f 1903//1903 1922//1922 1902//1902
f 1904//1904 1920//1920 1921//1921
f 1904//1904 1921//1921 1903//1903
f 1905//1905 1919//1919 1920//1920
f 1905//1905 1920//1920 1904//1904
f 1906//1906 1917//1917 1918//1918
f 1906//1906 1918//1918 1919//1919
f 1906//1906 1919//1919 1905//1905
f 1907//1907 1917//1917 1906//1906
f 1908//1908 1917//1917 1907//1907
f 1908//1908 1916//1916 1917//1917
f 1909//1909 1916//1916 1908//1908
f 1909//1909 1915//1915 1916//1916
f 1910//1910 1915//1915 1909//1909
f 1910//1910 1914//1914 1915//1915
f 1911//1911 1914//1914 1910//1910
f 1911//1911 1913//1913 1914//1914
v 270.000000 218.975006 0.000000
v 271.914459 219.142502 0.000000
v 273.770782 219.639893 0.000000
v 275.512512 220.452072 0.000000
v 277.086731 221.554367 0.000000
v 278.445648 222.913269 0.000000
v 279.547943 224.487503 0.000000
v 280.360107 226.229233 0.000000
v 280.857513 228.085526 0.000000
v 281.024994 230.000000 0.000000
v 280.857513 231.914474 0.000000
v 280.360107 233.770767 0.000000
v 279.547943 235.512497 0.000000
v 278.445648 237.086731 0.000000
v 277.086731 238.445633 0.000000
v 275.512512 239.547928 0.000000
v 273.770782 240.360107 0.000000
v 271.914459 240.857498 0.000000
v 270.000000 241.024994 0.000000
v 270.000000 220.250000 -1.275000
v 271.693085 220.398117 -1.275000
v 273.334686 220.837997 -1.275000
v 274.875000 221.556259 -1.275000
v 276.267181 222.531067 -1.275000
v 277.468933 223.732819 -1.275000
v 278.443756 225.125000 -1.275000
v 279.162018 226.665298 -1.275000
v 279.601868 228.306931 -1.275000
v 279.750000 230.000000 -1.275000
v 279.601868 231.693069 -1.275000
v 279.162018 233.334702 -1.275000
v 278.443756 234.875000 -1.275000
v 277.468933 236.267181 -1.275000
v 276.267181 237.468933 -1.275000
v 274.875000 238.443741 -1.275000
v 273.334686 239.162003 -1.275000
v 271.693085 239.601883 -1.275000
v 270.000000 239.750000 -1.275000
vn 0.000000 0.707107 0.707107
vn -0.122788 0.696364 0.707107
vn -0.241845 0.664463 0.707107
vn -0.353553 0.612372 0.707107
vn -0.454519 0.541675 0.707107
vn -0.541675 0.454519 0.707107
vn -0.612372 0.353553 0.707107
vn -0.664463 0.241845 0.707107
vn -0.696364 0.122788 0.707107
vn -0.707107 -0.000000 0.707107
vn -0.696364 -0.122788 0.707107
vn -0.664463 -0.241845 0.707107
vn -0.612372 -0.353553 0.707107
vn -0.541675 -0.454519 0.707107
vn -0.454519 -0.541675 0.707107
vn -0.353553 -0.612372 0.707107
vn -0.241845 -0.664463 0.707107
vn -0.122788 -0.696364 0.707107
vn -0.000000 -0.707107 0.707107
vn 0.000000 0.707107 0.707107
vn -0.122788 0.696364 0.707107
vn -0.241845 0.664463 0.707107
vn -0.353553 0.612372 0.707107
vn -0.454519 0.541675 0.707107
vn -0.541675 0.454519 0.707107
vn -0.612372 0.353553 0.707107
vn -0.664463 0.241845 0.707107
vn -0.696364 0.122788 0.707107
vn -0.707107 -0.000000 0.707107
vn -0.696364 -0.122788 0.707107
vn -0.664463 -0.241845 0.707107
vn -0.612372 -0.353553 0.707107
vn -0.541675 -0.454519 0.707107
vn -0.454519 -0.541675 0.707107
vn -0.353553 -0.612372 0.707107
vn -0.241845 -0.664463 0.707107
vn -0.122788 -0.696364 0.707107
vn -0.000000 -0.707107 0.707107
f 1951//1951 1950//1950 1931//1931
f 1932//1932 1951//1951 1931//1931
f 1933//1933 1952//1952 1951//1951
f 1933//1933 1951//1951 1932//1932
f 1934//1934 1953//1953 1952//1952
f 1934//1934 1952//1952 1933//1933
f 1954//1954 1953//1953 1934//1934
f 1935//1935 1954//1954 1934//1934
f 1936//1936 1955//1955 1954//1954
f 1936//1936 1954//1954 1935//1935
f 1937//1937 1956//1956 1955//1955
f 1937//1937 1955//1955 1936//1936
f 1957//1957 1956//1956 1937//1937
f 1938//1938 1957//1957 1937//1937
f 1939//1939 1958//1958 1957//1957
f 1939//1939 1957//1957 1938//1938
f 1940//1940 1959//1959 1958//1958
f 1940//1940 1958//1958 1939//1939
f 1941//1941 1960//1960 1959//1959
f 1941//1941 1959//1959 1940//1940
f 1942//1942 1961//1961 1960//1960
f 1942//1942 1960//1960 1941//1941
f 1962//1962 1961//1961 1942//1942
f 1943//1943 1962//1962 1942//1942
f 1963//1963 1962//1962 1943//1943
f 1944//1944 1963//1963 1943//1943
f 1945//1945 1964//1964 1963//1963
f 1945//1945 1963//1963 1944//1944
f 1946//1946 1965//1965 1964//1964
f 1946//1946 1964//1964 1945//1945
f 1947//1947 1965//1965 1946//1946
f 1947//1947 1966//1966 1965//1965
f 1967//1967 1966//1966 1947//1947
f 1948//1948 1967//1967 1947//1947
f 1968//1968 1967//1967 1948//1948
f 1949//1949 1968//1968 1948//1948
usemtl mat_2
v 412.000000 400.000000 -700.000000
v 412.000000 400.000000 -670.000000
v 388.000000 400.000000 -670.000000
v 388.182312 397.916229 -670.000000
v 388.723694 395.895752 -670.000000
v 389.607697 394.000000 -670.000000
v 390.807465 392.286560 -670.000000
v 392.286560 390.807465 -670.000000
v 394.000000 389.607697 -670.000000
v 395.895752 388.723694 -670.000000
v 397.916229 388.182312 -670.000000
v 400.000000 388.000000 -670.000000
v 402.083771 388.182312 -670.000000
v 404.104248 388.723694 -670.000000
v 406.000000 389.607697 -670.000000
v 407.713440 390.807465 -670.000000
v 409.192535 392.286560 -670.000000
v 410.392303 394.000000 -670.000000
v 411.276306 395.895752 -670.000000
v 411.817688 397.916229 -670.000000
v 388.000000 400.000000 -700.000000
v 411.817688 397.916229 -700.000000
v 411.276306 395.895752 -700.000000
v 410.392303 394.000000 -700.000000
v 409.192535 392.286560 -700.000000
v 407.713440 390.807465 -700.000000
v 406.000000 389.607697 -700.000000
v 404.104248 388.723694 -700.000000
v 402.083771 388.182312 -700.000000
v 400.000000 388.000000 -700.000000
v 397.916229 388.182312 -700.000000
v 395.895752 388.723694 -700.000000
v 394.000000 389.607697 -700.000000
v 392.286560 390.807465 -700.000000
v 390.807465 392.286560 -700.000000
v 389.607697 394.000000 -700.000000
v 388.723694 395.895752 -700.000000
v 388.182312 397.916229 -700.000000
vn -1.000000 0.000000 0.000000
vn -1.000000 0.000000 0.000000
vn 1.000000 -0.000000 -0.000000
vn 0.984808 0.173648 0.000000
vn 0.939693 0.342020 0.000000
vn 0.866025 0.500000 0.000000
vn 0.766044 0.642788 0.000000
vn 0.642788 0.766044 0.000000
vn 0.500000 0.866025 0.000000
vn 0.342020 0.939693 0.000000
vn 0.173648 0.984808 0.000000
vn 0.000000 1.000000 0.000000
vn -0.173648 0.984808 0.000000
vn -0.342020 0.939693 0.000000
vn -0.500000 0.866025 0.000000
vn -0.642788 0.766044 0.000000
vn -0.766044 0.642788 0.000000
vn -0.866025 0.500000 0.000000
vn -0.939693 0.342020 0.000000
vn -0.984808 0.173648 0.000000
vn 1.000000 -0.000000 -0.000000
vn -0.984808 0.173648 0.000000
vn -0.939693 0.342020 0.000000
vn -0.866025 0.500000 0.000000
vn -0.766044 0.642788 0.000000
vn -0.642788 0.766044 0.000000
vn -0.500000 0.866025 0.000000
vn -0.342020 0.939693 0.000000
vn -0.173648 0.984808 0.000000
vn -0.000000 1.000000 0.000000
vn 0.173648 0.984808 0.000000
vn 0.342020 0.939693 0.000000
vn 0.500000 0.866025 0.000000
vn 0.642788 0.766044 0.000000
vn 0.766044 0.642788 0.000000
vn 0.866025 0.500000 0.000000
vn 0.939693 0.342020 0.000000
vn 0.984808 0.173648 0.000000
f 1972//1972 1989//1989 1971//1971
f 1972//1972 2006//2006 1989//1989
f 1973//1973 2005//2005 2006//2006
f 1973//1973 2006//2006 1972//1972
f 1974//1974 2004//2004 2005//2005
f 1974//1974 2005//2005 1973//1973
f 1975//1975 2003//2003 2004//2004
f 1975//1975 2004//2004 1974//1974
f 1976//1976 2002//2002 2003//2003
f 1976//1976 2003//2003 1975//1975
f 1977//1977 2001//2001 2002//2002
f 1977//1977 2002//2002 1976//1976
f 1978//1978 2000//2000 2001//2001
f 1978//1978 2001//2001 1977//1977
f 1979//1979 1999//1999 2000//2000
f 1979//1979 2000//2000 1978//1978
f 1980//1980 1998//1998 1999//1999
f 1980//1980 1999//1999 1979//1979
f 1981//1981 1997//1997 1998//1998
f 1981//1981 1998//1998 1980//1980
f 1982//1982 1996//1996 1997//1997
f 1982//1982 1997//1997 1981//1981
f 1983//1983 1995//1995 1996//1996
f 1983//1983 1996//1996 1982//1982
f 1984//1984 1994//1994 1995//1995
f 1984//1984 1995//1995 1983//1983
f 1985//1985 1993//1993 1994//1994
f 1985//1985 1994//1994 1984//1984
f 1986//1986 1993//1993 1985//1985
f 1986//1986 1992//1992 1993//1993
f 1987//1987 1992//1992 1986//1986
f 1987//1987 1991//1991 1992//1992
f 1988//1988 1991//1991 1987//1987
f 1988//1988 1990//1990 1991//1991
f 1970//1970 1990//1990 1988//1988
f 1970//1970 1969//1969 1990//1990
v 412.000000 175.000000 -700.000000
v 412.000000 175.000000 -670.000000
v 388.000000 175.000000 -670.000000
v 388.182312 172.916229 -670.000000
v 388.723694 170.895752 -670.000000
v 389.607697 169.000000 -670.000000
v 390.807465 167.286545 -670.000000
v 392.286560 165.807465 -670.000000
v 394.000000 164.607697 -670.000000
v 395.895752 163.723694 -670.000000
v 397.916229 163.182312 -670.000000
v 400.000000 163.000000 -670.000000
v 402.083771 163.182312 -670.000000
v 404.104248 163.723694 -670.000000
v 406.000000 164.607697 -670.000000
v 407.713440 165.807465 -670.000000
v 409.192535 167.286545 -670.000000
v 410.392303 169.000000 -670.000000
v 411.276306 170.895752 -670.000000
v 411.817688 172.916229 -670.000000
v 388.000000 175.000000 -700.000000
v 411.817688 172.916229 -700.000000
v 411.276306 170.895752 -700.000000
v 410.392303 169.000000 -700.000000
v 409.192535 167.286545 -700.000000
v 407.713440 165.807465 -700.000000
v 406.000000 164.607697 -700.000000
v 404.104248 163.723694 -700.000000
v 402.083771 163.182312 -700.000000
v 400.000000 163.000000 -700.000000
v 397.916229 163.182312 -700.000000
v 395.895752 163.723694 -700.000000
v 394.000000 164.607697 -700.000000
v 392.286560 165.807465 -700.000000
v 390.807465 167.286545 -700.000000
v 389.607697 169.000000 -700.000000
v 388.723694 170.895752 -700.000000
v 388.182312 172.916229 -700.000000
vn -1.000000 0.000000 0.000000
vn -1.000000 0.000000 0.000000
vn 1.000000 -0.000000 -0.000000
vn 0.984808 0.173648 0.000000
vn 0.939693 0.342020 0.000000
vn 0.866025 0.500000 0.000000
vn 0.766044 0.642788 0.000000
vn 0.642788 0.766044 0.000000
vn 0.500000 0.866025 0.000000
vn 0.342020 0.939693 0.000000
vn 0.173648 0.984808 0.000000
vn 0.000000 1.000000 0.000000
vn -0.173648 0.984808 0.000000
vn -0.342020 0.939693 0.000000
vn -0.500000 0.866025 0.000000
vn -0.642788 0.766044 0.000000
vn -0.766044 0.642788 0.000000
vn -0.866025 0.500000 0.000000
vn -0.939693 0.342020 0.000000
vn -0.984808 0.173648 0.000000
vn 1.000000 -0.000000 -0.000000
vn -0.984808 0.173648 0.000000
vn -0.939693 0.342020 0.000000
vn -0.866025 0.500000 0.000000
vn -0.766044 0.642788 0.000000
vn -0.642788 0.766044 0.000000
vn -0.500000 0.866025 0.000000
vn -0.342020 0.939693 0.000000
vn -0.173648 0.984808 0.000000
vn -0.000000 1.000000 0.000000
vn 0.173648 0.984808 0.000000
vn 0.342020 0.939693 0.000000
vn 0.500000 0.866025 0.000000
vn 0.642788 0.766044 0.000000
vn 0.766044 0.642788 0.000000
vn 0.866025 0.500000 0.000000
vn 0.939693 0.342020 0.000000
vn 0.984808 0.173648 0.000000
f 2010//2010 2027//2027 2009//2009
f 2010//2010 2044//2044 2027//2027
f 2011//2011 2043//2043 2044//2044
f 2011//2011 2044//2044 2010//2010
f 2012//2012 2042//2042 2043//2043
f 2012//2012 2043//2043 2011//2011
f 2013//2013 2041//2041 2042//2042
f 2013//2013 2042//2042 2012//2012
f 2014//2014 2040//2040 2041//2041
f 2014//2014 2041//2041 2013//2013
f 2015//2015 2039//2039 2040//2040
f 2015//2015 2040//2040 2014//2014
f 2016//2016 2038//2038 2039//2039
f 2016//2016 2039//2039 2015//2015
f 2017//2017 2037//2037 2038//2038
f 2017//2017 2038//2038 2016//2016
f 2018//2018 2036//2036 2037//2037
f 2018//2018 2037//2037 2017//2017
f 2019//2019 2035//2035 2036//2036
f 2019//2019 2036//2036 2018//2018
f 2020//2020 2034//2034 2035//2035
f 2020//2020 2035//2035 2019//2019
f 2021//2021 2033//2033 2034//2034
f 2021//2021 2034//2034 2020//2020
f 2022//2022 2032//2032 2033//2033
f 2022//2022 2033//2033 2021//2021
f 2023//2023 2031//2031 2032//2032
f 2023//2023 2032//2032 2022//2022
f 2024//2024 2031//2031 2023//2023
f 2024//2024 2030//2030 2031//2031
f 2025//2025 2030//2030 2024//2024
f 2025//2025 2029//2029 2030//2030
f 2026//2026 2029//2029 2025//2025
f 2026//2026 2028//2028 2029//2029
f 2008//2008 2028//2028 2026//2026
f 2008//2008 2007//2007 2028//2028
v 412.000000 -175.000000 -700.000000
v 412.000000 -175.000000 -670.000000
v 388.000000 -175.000000 -670.000000
v 388.182312 -177.083771 -670.000000
v 388.723694 -179.104248 -670.000000
v 389.607697 -181.000000 -670.000000
v 390.807465 -182.713455 -670.000000
v 392.286560 -184.192535 -670.000000
v 394.000000 -185.392303 -670.000000
v 395.895752 -186.276306 -670.000000
v 397.916229 -186.817688 -670.000000
v 400.000000 -187.000000 -670.000000
v 402.083771 -186.817688 -670.000000
v 404.104248 -186.276306 -670.000000
v 406.000000 -185.392303 -670.000000
v 407.713440 -184.192535 -670.000000
v 409.192535 -182.713455 -670.000000
v 410.392303 -181.000000 -670.000000
v 411.276306 -179.104248 -670.000000
v 411.817688 -177.083771 -670.000000
v 388.000000 -175.000000 -700.000000
v 411.817688 -177.083771 -700.000000
v 411.276306 -179.104248 -700.000000
v 410.392303 -181.000000 -700.000000
v 409.192535 -182.713455 -700.000000
v 407.713440 -184.192535 -700.000000
v 406.000000 -185.392303 -700.000000
v 404.104248 -186.276306 -700.000000
v 402.083771 -186.817688 -700.000000
v 400.000000 -187.000000 -700.000000
v 397.916229 -186.817688 -700.000000
v 395.895752 -186.276306 -700.000000
v 394.000000 -185.392303 -700.000000
v 392.286560 -184.192535 -700.000000
v 390.807465 -182.713455 -700.000000
v 389.607697 -181.000000 -700.000000
v 388.723694 -179.104248 -700.000000
v 388.182312 -177.083771 -700.000000
vn -1.000000 0.000000 0.000000
vn -1.000000 0.000000 0.000000
vn 1.000000 -0.000000 -0.000000
vn 0.984808 0.173648 0.000000
vn 0.939693 0.342020 0.000000
vn 0.866025 0.500000 0.000000
vn 0.766044 0.642788 0.000000
vn 0.642788 0.766044 0.000000
vn 0.500000 0.866025 0.000000
vn 0.342020 0.939693 0.000000
vn 0.173648 0.984808 0.000000
vn 0.000000 1.000000 0.000000
vn -0.173648 0.984808 0.000000
vn -0.342020 0.939693 0.000000
vn -0.500000 0.866025 0.000000
vn -0.642788 0.766044 0.000000
vn -0.766044 0.642788 0.000000
vn -0.866025 0.500000 0.000000
vn -0.939693 0.342020 0.000000
vn -0.984808 0.173648 0.000000
vn 1.000000 -0.000000 -0.000000
vn -0.984808 0.173648 0.000000
vn -0.939693 0.342020 0.000000
vn -0.866025 0.500000 0.000000
vn -0.766044 0.642788 0.000000
vn -0.642788 0.766044 0.000000
vn -0.500000 0.866025 0.000000
vn -0.342020 0.939693 0.000000
vn -0.173648 0.984808 0.000000
vn -0.000000 1.000000 0.000000
vn 0.173648 0.984808 0.000000
vn 0.342020 0.939693 0.000000
vn 0.500000 0.866025 0.000000
vn 0.642788 0.766044 0.000000
vn 0.766044 0.642788 0.000000
vn 0.866025 0.500000 0.000000
vn 0.939693 0.342020 0.000000
vn 0.984808 0.173648 0.000000
f 2048//2048 2065//2065 2047//2047
f 2048//2048 2082//2082 2065//2065
f 2049//2049 2081//2081 2082//2082
f 2049//2049 2082//2082 2048//2048
f 2050//2050 2080//2080 2081//2081
f 2050//2050 2081//2081 2049//2049
f 2051//2051 2079//2079 2080//2080
f 2051//2051 2080//2080 2050//2050
f 2052//2052 2078//2078 2079//2079
f 2052//2052 2079//2079 2051//2051
f 2053//2053 2077//2077 2078//2078
f 2053//2053 2078//2078 2052//2052
f 2054//2054 2076//2076 2077//2077
f 2054//2054 2077//2077 2053//2053
f 2055//2055 2075//2075 2076//2076
f 2055//2055 2076//2076 2054//2054
f 2056//2056 2074//2074 2075//2075
f 2056//2056 2075//2075 2055//2055
f 2057//2057 2073//2073 2074//2074
f 2057//2057 2074//2074 2056//2056
f 2058//2058 2072//2072 2073//2073
f 2058//2058 2073//2073 2057//2057
f 2059//2059 2071//2071 2072//2072
f 2059//2059 2072//2072 2058//2058
f 2060//2060 2070//2070 2071//2071
f 2060//2060 2071//2071 2059//2059
f 2061//2061 2069//2069 2070//2070
f 2061//2061 2070//2070 2060//2060
f 2062//2062 2069//2069 2061//2061
f 2062//2062 2068//2068 2069//2069
f 2063//2063 2068//2068 2062//2062
f 2063//2063 2067//2067 2068//2068
f 2064//2064 2067//2067 2063//2063
f 2064//2064 2066//2066 2067//2067
f 2046//2046 2066//2066 2064//2064
f 2046//2046 2045//2045 2066//2066
v 412.000000 -400.000000 -700.000000
v 412.000000 -400.000000 -670.000000
v 388.000000 -400.000000 -670.000000
v 388.182312 -402.083771 -670.000000
v 388.723694 -404.104248 -670.000000
v 389.607697 -406.000000 -670.000000
v 390.807465 -407.713440 -670.000000
v 392.286560 -409.192535 -670.000000
v 394.000000 -410.392303 -670.000000
v 395.895752 -411.276306 -670.000000
v 397.916229 -411.817688 -670.000000
v 400.000000 -412.000000 -670.000000
v 402.083771 -411.817688 -670.000000
v 404.104248 -411.276306 -670.000000
v 406.000000 -410.392303 -670.000000
v 407.713440 -409.192535 -670.000000
v 409.192535 -407.713440 -670.000000
v 410.392303 -406.000000 -670.000000
v 411.276306 -404.104248 -670.000000
v 411.817688 -402.083771 -670.000000
v 388.000000 -400.000000 -700.000000
v 411.817688 -402.083771 -700.000000
v 411.276306 -404.104248 -700.000000
v 410.392303 -406.000000 -700.000000
v 409.192535 -407.713440 -700.000000
v 407.713440 -409.192535 -700.000000
v 406.000000 -410.392303 -700.000000
v 404.104248 -411.276306 -700.000000
v 402.083771 -411.817688 -700.000000
v 400.000000 -412.000000 -700.000000
v 397.916229 -411.817688 -700.000000
v 395.895752 -411.276306 -700.000000
v 394.000000 -410.392303 -700.000000
v 392.286560 -409.192535 -700.000000
v 390.807465 -407.713440 -700.000000
v 389.607697 -406.000000 -700.000000
v 388.723694 -404.104248 -700.000000
v 388.182312 -402.083771 -700.000000
vn -1.000000 0.000000 0.000000
vn -1.000000 0.000000 0.000000
vn 1.000000 -0.000000 -0.000000
vn 0.984808 0.173648 0.000000
vn 0.939693 0.342020 0.000000
vn 0.866025 0.500000 0.000000
vn 0.766044 0.642788 0.000000
vn 0.642788 0.766044 0.000000
vn 0.500000 0.866025 0.000000
vn 0.342020 0.939693 0.000000
vn 0.173648 0.984808 0.000000
vn 0.000000 1.000000 0.000000
vn -0.173648 0.984808 0.000000
vn -0.342020 0.939693 0.000000
vn -0.500000 0.866025 0.000000
vn -0.642788 0.766044 0.000000
vn -0.766044 0.642788 0.000000
vn -0.866025 0.500000 0.000000
vn -0.939693 0.342020 0.000000
vn -0.984808 0.173648 0.000000
vn 1.000000 -0.000000 -0.000000
vn -0.984808 0.173648 0.000000
vn -0.939693 0.342020 0.000000
vn -0.866025 0.500000 0.000000
vn -0.766044 0.642788 0.000000
vn -0.642788 0.766044 0.000000
vn -0.500000 0.866025 0.000000
vn -0.342020 0.939693 0.000000
vn -0.173648 0.984808 0.000000
vn -0.000000 1.000000 0.000000
vn 0.173648 0.984808 0.000000
vn 0.342020 0.939693 0.000000
vn 0.500000 0.866025 0.000000
vn 0.642788 0.766044 0.000000
vn 0.766044 0.642788 0.000000
vn 0.866025 0.500000 0.000000
vn 0.939693 0.342020 0.000000
vn 0.984808 0.173648 0.000000
f 2086//2086 2103//2103 2085//2085
f 2086//2086 2120//2120 2103//2103
f 2087//2087 2119//2119 2120//2120
f 2087//2087 2120//2120 2086//2086
f 2088//2088 2118//2118 2119//2119
f 2088//2088 2119//2119 2087//2087
f 2089//2089 2117//2117 2118//2118
f 2089//2089 2118//2118 2088//2088
f 2090//2090 2116//2116 2117//2117
f 2090//2090 2117//2117 2089//2089
f 2091//2091 2115//2115 2116//2116
f 2091//2091 2116//2116 2090//2090
f 2092//2092 2114//2114 2115//2115
f 2092//2092 2115//2115 2091//2091
f 2093//2093 2113//2113 2114//2114
f 2093//2093 2114//2114 2092//2092
f 2094//2094 2112//2112 2113//2113
f 2094//2094 2113//2113 2093//2093
f 2095//2095 2111//2111 2112//2112
f 2095//2095 2112//2112 2094//2094
f 2096//2096 2110//2110 2111//2111
f 2096//2096 2111//2111 2095//2095
f 2097//2097 2109//2109 2110//2110
f 2097//2097 2110//2110 2096//2096
f 2098//2098 2108//2108 2109//2109
f 2098//2098 2109//2109 2097//2097
f 2099//2099 2107//2107 2108//2108
f 2099//2099 2108//2108 2098//2098
f 2100//2100 2107//2107 2099//2099
f 2100//2100 2106//2106 2107//2107
f 2101//2101 2106//2106 2100//2100
f 2101//2101 2105//2105 2106//2106
f 2102//2102 2105//2105 2101//2101
f 2102//2102 2104//2104 2105//2105
f 2084//2084 2104//2104 2102//2102
f 2084//2084 2083//2083 2104//2104
v 187.000000 -400.000000 -700.000000
v 187.000000 -400.000000 -670.000000
v 163.000000 -400.000000 -670.000000
v 163.182312 -402.083771 -670.000000
v 163.723694 -404.104248 -670.000000
v 164.607697 -406.000000 -670.000000
v 165.807465 -407.713440 -670.000000
v 167.286545 -409.192535 -670.000000
v 169.000000 -410.392303 -670.000000
v 170.895752 -411.276306 -670.000000
v 172.916229 -411.817688 -670.000000
v 175.000000 -412.000000 -670.000000
v 177.083771 -411.817688 -670.000000
v 179.104248 -411.276306 -670.000000
v 181.000000 -410.392303 -670.000000
v 182.713455 -409.192535 -670.000000
v 184.192535 -407.713440 -670.000000
v 185.392303 -406.000000 -670.000000
v 186.276306 -404.104248 -670.000000
v 186.817688 -402.083771 -670.000000
v 163.000000 -400.000000 -700.000000
v 186.817688 -402.083771 -700.000000
v 186.276306 -404.104248 -700.000000
v 185.392303 -406.000000 -700.000000
v 184.192535 -407.713440 -700.000000
v 182.713455 -409.192535 -700.000000
v 181.000000 -410.392303 -700.000000
v 179.104248 -411.276306 -700.000000
v 177.083771 -411.817688 -700.000000
v 175.000000 -412.000000 -700.000000
v 172.916229 -411.817688 -700.000000
v 170.895752 -411.276306 -700.000000
v 169.000000 -410.392303 -700.000000
v 167.286545 -409.192535 -700.000000
v 165.807465 -407.713440 -700.000000
v 164.607697 -406.000000 -700.000000
v 163.723694 -404.104248 -700.000000
v 163.182312 -402.083771 -700.000000
vn -1.000000 0.000000 0.000000
vn -1.000000 0.000000 0.000000
vn 1.000000 -0.000000 -0.000000
vn 0.984808 0.173648 0.000000
vn 0.939693 0.342020 0.000000
vn 0.866025 0.500000 0.000000
vn 0.766044 0.642788 0.000000
vn 0.642788 0.766044 0.000000
vn 0.500000 0.866025 0.000000
vn 0.342020 0.939693 0.000000
vn 0.173648 0.984808 0.000000
vn 0.000000 1.000000 0.000000
vn -0.173648 0.984808 0.000000
vn -0.342020 0.939693 0.000000
vn -0.500000 0.866025 0.000000
vn -0.642788 0.766044 0.000000
vn -0.766044 0.642788 0.000000
vn -0.866025 0.500000 0.000000
vn -0.939693 0.342020 0.000000
vn -0.984808 0.173648 0.000000
vn 1.000000 -0.000000 -0.000000
vn -0.984808 0.173648 0.000000
vn -0.939693 0.342020 0.000000
vn -0.866025 0.500000 0.000000
vn -0.766044 0.642788 0.000000
vn -0.642788 0.766044 0.000000
vn -0.500000 0.866025 0.000000
vn -0.342020 0.939693 0.000000
vn -0.173648 0.984808 0.000000
vn -0.000000 1.000000 0.000000
vn 0.173648 0.984808 0.000000
vn 0.342020 0.939693 0.000000
vn 0.500000 0.866025 0.000000
vn 0.642788 0.766044 0.000000
vn 0.766044 0.642788 0.000000
vn 0.866025 0.500000 0.000000
vn 0.939693 0.342020 0.000000
vn 0.984808 0.173648 0.000000
f 2124//2124 2141//2141 2123//2123
f 2124//2124 2158//2158 2141//2141
f 2125//2125 2157//2157 2158//2158
f 2125//2125 2158//2158 2124//2124
f 2126//2126 2156//2156 2157//2157
f 2126//2126 2157//2157 2125//2125
f 2127//2127 2155//2155 2156//2156
f 2127//2127 2156//2156 2126//2126
f 2128//2128 2154//2154 2155//2155
f 2128//2128 2155//2155 2127//2127
f 2129//2129 2153//2153 2154//2154
f 2129//2129 2154//2154 2128//2128
f 2130//2130 2152//2152 2153//2153
f 2130//2130 2153//2153 2129//2129
f 2131//2131 2151//2151 2152//2152
f 2131//2131 2152//2152 2130//2130
f 2132//2132 2150//2150 2151//2151
f 2132//2132 2151//2151 2131//2131
f 2133//2133 2149//2149 2150//2150
f 2133//2133 2150//2150 2132//2132
f 2134//2134 2148//2148 2149//2149
f 2134//2134 2149//2149 2133//2133
f 2135//2135 2147//2147 2148//2148
f 2135//2135 2148//2148 2134//2134
f 2136//2136 2146//2146 2147//2147
f 2136//2136 2147//2147 2135//2135
f 2137//2137 2145//2145 2146//2146
f 2137//2137 2146//2146 2136//2136
f 2138//2138 2145//2145 2137//2137
f 2138//2138 2144//2144 2145//2145
f 2139//2139 2144//2144 2138//2138
f 2139//2139 2143//2143 2144//2144
f 2140//2140 2143//2143 2139//2139
f 2140//2140 2142//2142 2143//2143
f 2122//2122 2142//2142 2140//2140
f 2122//2122 2121//2121 2142//2142
v -163.000000 -400.000000 -700.000000
v -163.000000 -400.000000 -670.000000
v -187.000000 -400.000000 -670.000000
v -186.817688 -402.083771 -670.000000
v -186.276306 -404.104248 -670.000000
v -185.392303 -406.000000 -670.000000
v -184.192535 -407.713440 -670.000000
v -182.713455 -409.192535 -670.000000
v -181.000000 -410.392303 -670.000000
v -179.104248 -411.276306 -670.000000
v -177.083771 -411.817688 -670.000000
v -175.000000 -412.000000 -670.000000
v -172.916229 -411.817688 -670.000000
v -170.895752 -411.276306 -670.000000
v -169.000000 -410.392303 -670.000000
v -167.286545 -409.192535 -670.000000
v -165.807465 -407.713440 -670.000000
v -164.607697 -406.000000 -670.000000
v -163.723694 -404.104248 -670.000000
v -163.182312 -402.083771 -670.000000
v -187.000000 -400.000000 -700.000000
v -163.182312 -402.083771 -700.000000
v -163.723694 -404.104248 -700.000000
v -164.607697 -406.000000 -700.000000
v -165.807465 -407.713440 -700.000000
v -167.286545 -409.192535 -700.000000
v -169.000000 -410.392303 -700.000000
v -170.895752 -411.276306 -700.000000
v -172.916229 -411.817688 -700.000000
v -175.000000 -412.000000 -700.000000
v -177.083771 -411.817688 -700.000000
v -179.104248 -411.276306 -700.000000
v -181.000000 -410.392303 -700.000000
v -182.713455 -409.192535 -700.000000
v -184.192535 -407.713440 -700.000000
v -185.392303 -406.000000 -700.000000
v -186.276306 -404.104248 -700.000000
v -186.817688 -402.083771 -700.000000
vn -1.000000 0.000000 0.000000
vn -1.000000 0.000000 0.000000
vn 1.000000 -0.000000 -0.000000
vn 0.984808 0.173648 0.000000
vn 0.939693 0.342020 0.000000
vn 0.866025 0.500000 0.000000
vn 0.766044 0.642788 0.000000
vn 0.642788 0.766044 0.000000
vn 0.500000 0.866025 0.000000
vn 0.342020 0.939693 0.000000
vn 0.173648 0.984808 0.000000
vn 0.000000 1.000000 0.000000
vn -0.173648 0.984808 0.000000
vn -0.342020 0.939693 0.000000
vn -0.500000 0.866025 0.000000
vn -0.642788 0.766044 0.000000
vn -0.766044 0.642788 0.000000
vn -0.866025 0.500000 0.000000
vn -0.939693 0.342020 0.000000
vn -0.984808 0.173648 0.000000
vn 1.000000 -0.000000 -0.000000
vn -0.984808 0.173648 0.000000
vn -0.939693 0.342020 0.000000
vn -0.866025 0.500000 0.000000
vn -0.766044 0.642788 0.000000
vn -0.642788 0.766044 0.000000
vn -0.500000 0.866025 0.000000
vn -0.342020 0.939693 0.000000
vn -0.173648 0.984808 0.000000
vn -0.000000 1.000000 0.000000
vn 0.173648 0.984808 0.000000
vn 0.342020 0.939693 0.000000
vn 0.500000 0.866025 0.000000
vn 0.642788 0.766044 0.000000
vn 0.766044 0.642788 0.000000
vn 0.866025 0.500000 0.000000
vn 0.939693 0.342020 0.000000
vn 0.984808 0.173648 0.000000
f 2162//2162 2179//2179 2161//2161
f 2162//2162 2196//2196 2179//2179
f 2163//2163 2195//2195 2196//2196
f 2163//2163 2196//2196 2162//2162
f 2164//2164 2194//2194 2195//2195
f 2164//2164 2195//2195 2163//2163
f 2165//2165 2193//2193 2194//2194
f 2165//2165 2194//2194 2164//2164
f 2166//2166 2192//2192 2193//2193
f 2166//2166 2193//2193 2165//2165
f 2167//2167 2191//2191 2192//2192
f 2167//2167 2192//2192 2166//2166
f 2168//2168 2190//2190 2191//2191
f 2168//2168 2191//2191 2167//2167
f 2169//2169 2189//2189 2190//2190
f 2169//2169 2190//2190 2168//2168
f 2170//2170 2188//2188 2189//2189
f 2170//2170 2189//2189 2169//2169
f 2171//2171 2187//2187 2188//2188
f 2171//2171 2188//2188 2170//2170
f 2172//2172 2186//2186 2187//2187
f 2172//2172 2187//2187 2171//2171
f 2173//2173 2185//2185 2186//2186
f 2173//2173 2186//2186 2172//2172
f 2174//2174 2184//2184 2185//2185
f 2174//2174 2185//2185 2173//2173
f 2175//2175 2183//2183 2184//2184
f 2175//2175 2184//2184 2174//2174
f 2176//2176 2183//2183 2175//2175
f 2176//2176 2182//2182 2183//2183
f 2177//2177 2182//2182 2176//2176
f 2177//2177 2181//2181 2182//2182
f 2178//2178 2181//2181 2177//2177
f 2178//2178 2180//2180 2181//2181
f 2160//2160 2180//2180 2178//2178
f 2160//2160 2159//2159 2180//2180
v -388.000000 -400.000000 -700.000000
v -388.000000 -400.000000 -670.000000
v -412.000000 -400.000000 -670.000000
v -411.817688 -402.083771 -670.000000
v -411.276306 -404.104248 -670.000000
v -410.392303 -406.000000 -670.000000
v -409.192535 -407.713440 -670.000000
v -407.713440 -409.192535 -670.000000
v -406.000000 -410.392303 -670.000000
v -404.104248 -411.276306 -670.000000
v -402.083771 -411.817688 -670.000000
v -400.000000 -412.000000 -670.000000
v -397.916229 -411.817688 -670.000000
v -395.895752 -411.276306 -670.000000
v -394.000000 -410.392303 -670.000000
v -392.286560 -409.192535 -670.000000
v -390.807465 -407.713440 -670.000000
v -389.607697 -406.000000 -670.000000
v -388.723694 -404.104248 -670.000000
v -388.182312 -402.083771 -670.000000
v -412.000000 -400.000000 -700.000000
v -388.182312 -402.083771 -700.000000
v -388.723694 -404.104248 -700.000000
v -389.607697 -406.000000 -700.000000
v -390.807465 -407.713440 -700.000000
v -392.286560 -409.192535 -700.000000
v -394.000000 -410.392303 -700.000000
v -395.895752 -411.276306 -700.000000
v -397.916229 -411.817688 -700.000000
v -400.000000 -412.000000 -700.000000
v -402.083771 -411.817688 -700.000000
v -404.104248 -411.276306 -700.000000
v -406.000000 -410.392303 -700.000000
v -407.713440 -409.192535 -700.000000
v -409.192535 -407.713440 -700.000000
v -410.392303 -406.000000 -700.000000
v -411.276306 -404.104248 -700.000000
v -411.817688 -402.083771 -700.000000
vn -1.000000 0.000000 0.000000
vn -1.000000 0.000000 0.000000
vn 1.000000 -0.000000 -0.000000
vn 0.984808 0.173648 0.000000
vn 0.939693 0.342020 0.000000
vn 0.866025 0.500000 0.000000
vn 0.766044 0.642788 0.000000
vn 0.642788 0.766044 0.000000
vn 0.500000 0.866025 0.000000
vn 0.342020 0.939693 0.000000
vn 0.173648 0.984808 0.000000
vn 0.000000 1.000000 0.000000
vn -0.173648 0.984808 0.000000
vn -0.342020 0.939693 0.000000
vn -0.500000 0.866025 0.000000
vn -0.642788 0.766044 0.000000
vn -0.766044 0.642788 0.000000
vn -0.866025 0.500000 0.000000
vn -0.939693 0.342020 0.000000
vn -0.984808 0.173648 0.000000
vn 1.000000 -0.000000 -0.000000
vn -0.984808 0.173648 0.000000
vn -0.939693 0.342020 0.000000
vn -0.866025 0.500000 0.000000
vn -0.766044 0.642788 0.000000
vn -0.642788 0.766044 0.000000
vn -0.500000 0.866025 0.000000
vn -0.342020 0.939693 0.000000
vn -0.173648 0.984808 0.000000
vn -0.000000 1.000000 0.000000
vn 0.173648 0.984808 0.000000
vn 0.342020 0.939693 0.000000
vn 0.500000 0.866025 0.000000
vn 0.642788 0.766044 0.000000
vn 0.766044 0.642788 0.000000
vn 0.866025 0.500000 0.000000
vn 0.939693 0.342020 0.000000
vn 0.984808 0.173648 0.000000
f 2200//2200 2217//2217 2199//2199
f 2200//2200 2234//2234 2217//2217
f 2201//2201 2233//2233 2234//2234
f 2201//2201 2234//2234 2200//2200
f 2202//2202 2232//2232 2233//2233
f 2202//2202 2233//2233 2201//2201
f 2203//2203 2231//2231 2232//2232
f 2203//2203 2232//2232 2202//2202
f 2204//2204 2230//2230 2231//2231
f 2204//2204 2231//2231 2203//2203
f 2205//2205 2229//2229 2230//2230
f 2205//2205 2230//2230 2204//2204
f 2206//2206 2228//2228 2229//2229
f 2206//2206 2229//2229 2205//2205
f 2207//2207 2227//2227 2228//2228
f 2207//2207 2228//2228 2206//2206
f 2208//2208 2226//2226 2227//2227
f 2208//2208 2227//2227 2207//2207
f 2209//2209 2225//2225 2226//2226
f 2209//2209 2226//2226 2208//2208
f 2210//2210 2224//2224 2225//2225
f 2210//2210 2225//2225 2209//2209
f 2211//2211 2223//2223 2224//2224
f 2211//2211 2224//2224 2210//2210
f 2212//2212 2222//2222 2223//2223
f 2212//2212 2223//2223 2211//2211
f 2213//2213 2221//2221 2222//2222
f 2213//2213 2222//2222 2212//2212
f 2214//2214 2221//2221 2213//2213
f 2214//2214 2220//2220 2221//2221
f 2215//2215 2220//2220 2214//2214
f 2215//2215 2219//2219 2220//2220
f 2216//2216 2219//2219 2215//2215
f 2216//2216 2218//2218 2219//2219
f 2198//2198 2218//2218 2216//2216
f 2198//2198 2197//2197 2218//2218
v -388.000000 -175.000000 -700.000000
v -388.000000 -175.000000 -670.000000
v -412.000000 -175.000000 -670.000000
v -411.817688 -177.083771 -670.000000
v -411.276306 -179.104248 -670.000000
v -410.392303 -181.000000 -670.000000
v -409.192535 -182.713455 -670.000000
v -407.713440 -184.192535 -670.000000
v -406.000000 -185.392303 -670.000000
v -404.104248 -186.276306 -670.000000
v -402.083771 -186.817688 -670.000000
v -400.000000 -187.000000 -670.000000
v -397.916229 -186.817688 -670.000000
v -395.895752 -186.276306 -670.000000
v -394.000000 -185.392303 -670.000000
v -392.286560 -184.192535 -670.000000
v -390.807465 -182.713455 -670.000000
v -389.607697 -181.000000 -670.000000
v -388.723694 -179.104248 -670.000000
v -388.182312 -177.083771 -670.000000
v -412.000000 -175.000000 -700.000000
v -388.182312 -177.083771 -700.000000
v -388.723694 -179.104248 -700.000000
v -389.607697 -181.000000 -700.000000
v -390.807465 -182.713455 -700.000000
v -392.286560 -184.192535 -700.000000
v -394.000000 -185.392303 -700.000000
v -395.895752 -186.276306 -700.000000
v -397.916229 -186.817688 -700.000000
v -400.000000 -187.000000 -700.000000
v -402.083771 -186.817688 -700.000000
v -404.104248 -186.276306 -700.000000
v -406.000000 -185.392303 -700.000000
v -407.713440 -184.192535 -700.000000
v -409.192535 -182.713455 -700.000000
v -410.392303 -181.000000 -700.000000
v -411.276306 -179.104248 -700.000000
v -411.817688 -177.083771 -700.000000
vn -1.000000 0.000000 0.000000
vn -1.000000 0.000000 0.000000
vn 1.000000 -0.000000 -0.000000
vn 0.984808 0.173648 0.000000
vn 0.939693 0.342020 0.000000
vn 0.866025 0.500000 0.000000
vn 0.766044 0.642788 0.000000
vn 0.642788 0.766044 0.000000
vn 0.500000 0.866025 0.000000
vn 0.342020 0.939693 0.000000
vn 0.173648 0.984808 0.000000
vn 0.000000 1.000000 0.000000
vn -0.173648 0.984808 0.000000
vn -0.342020 0.939693 0.000000
vn -0.500000 0.866025 0.000000
vn -0.642788 0.766044 0.000000
vn -0.766044 0.642788 0.000000
vn -0.866025 0.500000 0.000000
vn -0.939693 0.342020 0.000000
vn -0.984808 0.173648 0.000000
vn 1.000000 -0.000000 -0.000000
vn -0.984808 0.173648 0.000000
vn -0.939693 0.342020 0.000000
vn -0.866025 0.500000 0.000000
vn -0.766044 0.642788 0.000000
vn -0.642788 0.766044 0.000000
vn -0.500000 0.866025 0.000000
vn -0.342020 0.939693 0.000000
vn -0.173648 0.984808 0.000000
vn -0.000000 1.000000 0.000000
vn 0.173648 0.984808 0.000000
vn 0.342020 0.939693 0.000000
vn 0.500000 0.866025 0.000000
vn 0.642788 0.766044 0.000000
vn 0.766044 0.642788 0.000000
vn 0.866025 0.500000 0.000000
vn 0.939693 0.342020 0.000000
vn 0.984808 0.173648 0.000000
f 2238//2238 2255//2255 2237//2237
f 2238//2238 2272//2272 2255//2255
f 2239//2239 2271//2271 2272//2272
f 2239//2239 2272//2272 2238//2238
f 2240//2240 2270//2270 2271//2271
f 2240//2240 2271//2271 2239//2239
f 2241//2241 2269//2269 2270//2270
f 2241//2241 2270//2270 2240//2240
f 2242//2242 2268//2268 2269//2269
f 2242//2242 2269//2269 2241//2241
f 2243//2243 2267//2267 2268//2268
f 2243//2243 2268//2268 2242//2242
f 2244//2244 2266//2266 2267//2267
f 2244//2244 2267//2267 2243//2243
f 2245//2245 2265//2265 2266//2266
f 2245//2245 2266//2266 2244//2244
f 2246//2246 2264//2264 2265//2265
f 2246//2246 2265//2265 2245//2245
f 2247//2247 2263//2263 2264//2264
f 2247//2247 2264//2264 2246//2246
f 2248//2248 2262//2262 2263//2263
f 2248//2248 2263//2263 2247//2247
f 2249//2249 2261//2261 2262//2262
f 2249//2249 2262//2262 2248//2248
f 2250//2250 2260//2260 2261//2261
f 2250//2250 2261//2261 2249//2249
f 2251//2251 2259//2259 2260//2260
f 2251//2251 2260//2260 2250//2250
f 2252//2252 2259//2259 2251//2251
f 2252//2252 2258//2258 2259//2259
f 2253//2253 2258//2258 2252//2252
f 2253//2253 2257//2257 2258//2258
f 2254//2254 2257//2257 2253//2253
f 2254//2254 2256//2256 2257//2257
f 2236//2236 2256//2256 2254//2254
f 2236//2236 2235//2235 2256//2256
v -388.000000 175.000000 -700.000000
v -388.000000 175.000000 -670.000000
v -412.000000 175.000000 -670.000000
v -411.817688 172.916229 -670.000000
v -411.276306 170.895752 -670.000000
v -410.392303 169.000000 -670.000000
v -409.192535 167.286545 -670.000000
v -407.713440 165.807465 -670.000000
v -406.000000 164.607697 -670.000000
v -404.104248 163.723694 -670.000000
v -402.083771 163.182312 -670.000000
v -400.000000 163.000000 -670.000000
v -397.916229 163.182312 -670.000000
v -395.895752 163.723694 -670.000000
v -394.000000 164.607697 -670.000000
v -392.286560 165.807465 -670.000000
v -390.807465 167.286545 -670.000000
v -389.607697 169.000000 -670.000000
v -388.723694 170.895752 -670.000000
v -388.182312 172.916229 -670.000000
v -412.000000 175.000000 -700.000000
v -388.182312 172.916229 -700.000000
v -388.723694 170.895752 -700.000000
v -389.607697 169.000000 -700.000000
v -390.807465 167.286545 -700.000000
v -392.286560 165.807465 -700.000000
v -394.000000 164.607697 -700.000000
v -395.895752 163.723694 -700.000000
v -397.916229 163.182312 -700.000000
v -400.000000 163.000000 -700.000000
v -402.083771 163.182312 -700.000000
v -404.104248 163.723694 -700.000000
v -406.000000 164.607697 -700.000000
v -407.713440 165.807465 -700.000000
v -409.192535 167.286545 -700.000000
v -410.392303 169.000000 -700.000000
v -411.276306 170.895752 -700.000000
v -411.817688 172.916229 -700.000000
vn -1.000000 0.000000 0.000000
vn -1.000000 0.000000 0.000000
vn 1.000000 -0.000000 -0.000000
vn 0.984808 0.173648 0.000000
vn 0.939693 0.342020 0.000000
vn 0.866025 0.500000 0.000000
vn 0.766044 0.642788 0.000000
vn 0.642788 0.766044 0.000000
vn 0.500000 0.866025 0.000000
vn 0.342020 0.939693 0.000000
vn 0.173648 0.984808 0.000000
vn 0.000000 1.000000 0.000000
vn -0.173648 0.984808 0.000000
vn -0.342020 0.939693 0.000000
vn -0.500000 0.866025 0.000000
vn -0.642788 0.766044 0.000000
vn -0.766044 0.642788 0.000000
vn -0.866025 0.500000 0.000000
vn -0.939693 0.342020 0.000000
vn -0.984808 0.173648 0.000000
vn 1.000000 -0.000000 -0.000000
vn -0.984808 0.173648 0.000000
vn -0.939693 0.342020 0.000000
vn -0.866025 0.500000 0.000000
vn -0.766044 0.642788 0.000000
vn -0.642788 0.766044 0.000000
vn -0.500000 0.866025 0.000000
vn -0.342020 0.939693 0.000000
vn -0.173648 0.984808 0.000000
vn -0.000000 1.000000 0.000000
vn 0.173648 0.984808 0.000000
vn 0.342020 0.939693 0.000000
vn 0.500000 0.866025 0.000000
vn 0.642788 0.766044 0.000000
vn 0.766044 0.642788 0.000000
vn 0.866025 0.500000 0.000000
vn 0.939693 0.342020 0.000000
vn 0.984808 0.173648 0.000000
f 2276//2276 2293//2293 2275//2275
f 2276//2276 2310//2310 2293//2293
f 2277//2277 2309//2309 2310//2310
f 2277//2277 2310//2310 2276//2276
f 2278//2278 2308//2308 2309//2309
f 2278//2278 2309//2309 2277//2277
f 2279//2279 2307//2307 2308//2308
f 2279//2279 2308//2308 2278//2278
f 2280//2280 2306//2306 2307//2307
f 2280//2280 2307//2307 2279//2279
f 2281//2281 2305//2305 2306//2306
f 2281//2281 2306//2306 2280//2280
f 2282//2282 2304//2304 2305//2305
f 2282//2282 2305//2305 2281//2281
f 2283//2283 2303//2303 2304//2304
f 2283//2283 2304//2304 2282//2282
f 2284//2284 2302//2302 2303//2303
f 2284//2284 2303//2303 2283//2283
f 2285//2285 2301//2301 2302//2302
f 2285//2285 2302//2302 2284//2284
f 2286//2286 2300//2300 2301//2301
f 2286//2286 2301//2301 2285//2285
f 2287//2287 2299//2299 2300//2300
f 2287//2287 2300//2300 2286//2286
f 2288//2288 2298//2298 2299//2299
f 2288//2288 2299//2299 2287//2287
f 2289//2289 2297//2297 2298//2298
f 2289//2289 2298//2298 2288//2288
f 2290//2290 2297//2297 2289//2289
f 2290//2290 2296//2296 2297//2297
f 2291//2291 2296//2296 2290//2290
f 2291//2291 2295//2295 2296//2296
f 2292//2292 2295//2295 2291//2291
f 2292//2292 2294//2294 2295//2295
f 2274//2274 2294//2294 2292//2292
f 2274//2274 2273//2273 2294//2294
v -388.000000 400.000000 -700.000000
v -388.000000 400.000000 -670.000000
v -412.000000 400.000000 -670.000000
v -411.817688 397.916229 -670.000000
v -411.276306 395.895752 -670.000000
v -410.392303 394.000000 -670.000000
v -409.192535 392.286560 -670.000000
v -407.713440 390.807465 -670.000000
v -406.000000 389.607697 -670.000000
v -404.104248 388.723694 -670.000000
v -402.083771 388.182312 -670.000000
v -400.000000 388.000000 -670.000000
v -397.916229 388.182312 -670.000000
v -395.895752 388.723694 -670.000000
v -394.000000 389.607697 -670.000000
v -392.286560 390.807465 -670.000000
v -390.807465 392.286560 -670.000000
v -389.607697 394.000000 -670.000000
v -388.723694 395.895752 -670.000000
v -388.182312 397.916229 -670.000000
v -412.000000 400.000000 -700.000000
v -388.182312 397.916229 -700.000000
v -388.723694 395.895752 -700.000000
v -389.607697 394.000000 -700.000000
v -390.807465 392.286560 -700.000000
v -392.286560 390.807465 -700.000000
v -394.000000 389.607697 -700.000000
v -395.895752 388.723694 -700.000000
v -397.916229 388.182312 -700.000000
v -400.000000 388.000000 -700.000000
v -402.083771 388.182312 -700.000000
v -404.104248 388.723694 -700.000000
v -406.000000 389.607697 -700.000000
v -407.713440 390.807465 -700.000000
v -409.192535 392.286560 -700.000000
v -410.392303 394.000000 -700.000000
v -411.276306 395.895752 -700.000000
v -411.817688 397.916229 -700.000000
vn -1.000000 0.000000 0.000000
vn -1.000000 0.000000 0.000000
vn 1.000000 -0.000000 -0.000000
vn 0.984808 0.173648 0.000000
vn 0.939693 0.342020 0.000000
vn 0.866025 0.500000 0.000000
vn 0.766044 0.642788 0.000000
vn 0.642788 0.766044 0.000000
vn 0.500000 0.866025 0.000000
vn 0.342020 0.939693 0.000000
vn 0.173648 0.984808 0.000000
vn 0.000000 1.000000 0.000000
vn -0.173648 0.984808 0.000000
vn -0.342020 0.939693 0.000000
vn -0.500000 0.866025 0.000000
vn -0.642788 0.766044 0.000000
vn -0.766044 0.642788 0.000000
vn -0.866025 0.500000 0.000000
vn -0.939693 0.342020 0.000000
vn -0.984808 0.173648 0.000000
vn 1.000000 -0.000000 -0.000000
vn -0.984808 0.173648 0.000000
vn -0.939693 0.342020 0.000000
vn -0.866025 0.500000 0.000000
vn -0.766044 0.642788 0.000000
vn -0.642788 0.766044 0.000000
vn -0.500000 0.866025 0.000000
vn -0.342020 0.939693 0.000000
vn -0.173648 0.984808 0.000000
vn -0.000000 1.000000 0.000000
vn 0.173648 0.984808 0.000000
vn 0.342020 0.939693 0.000000
vn 0.500000 0.866025 0.000000
vn 0.642788 0.766044 0.000000
vn 0.766044 0.642788 0.000000
vn 0.866025 0.500000 0.000000
vn 0.939693 0.342020 0.000000
vn 0.984808 0.173648 0.000000
f 2314//2314 2331//2331 2313//2313
f 2314//2314 2348//2348 2331//2331
f 2315//2315 2347//2347 2348//2348
f 2315//2315 2348//2348 2314//2314
f 2316//2316 2346//2346 2347//2347
f 2316//2316 2347//2347 2315//2315
f 2317//2317 2345//2345 2346//2346
f 2317//2317 2346//2346 2316//2316
f 2318//2318 2344//2344 2345//2345
f 2318//2318 2345//2345 2317//2317
f 2319//2319 2343//2343 2344//2344
f 2319//2319 2344//2344 2318//2318
f 2320//2320 2342//2342 2343//2343
f 2320//2320 2343//2343 2319//2319
f 2321//2321 2341//2341 2342//2342
f 2321//2321 2342//2342 2320//2320
f 2322//2322 2340//2340 2341//2341
f 2322//2322 2341//2341 2321//2321
f 2323//2323 2339//2339 2340//2340
f 2323//2323 2340//2340 2322//2322
f 2324//2324 2338//2338 2339//2339
f 2324//2324 2339//2339 2323//2323
f 2325//2325 2337//2337 2338//2338
f 2325//2325 2338//2338 2324//2324
f 2326//2326 2336//2336 2337//2337
f 2326//2326 2337//2337 2325//2325
f 2327//2327 2335//2335 2336//2336
f 2327//2327 2336//2336 2326//2326
f 2328//2328 2335//2335 2327//2327
f 2328//2328 2334//2334 2335//2335
f 2329//2329 2334//2334 2328//2328
f 2329//2329 2333//2333 2334//2334
f 2330//2330 2333//2333 2329//2329
f 2330//2330 2332//2332 2333//2333
f 2312//2312 2332//2332 2330//2330
f 2312//2312 2311//2311 2332//2332
v -163.000000 400.000000 -700.000000
v -163.000000 400.000000 -670.000000
v -187.000000 400.000000 -670.000000
v -186.817688 397.916229 -670.000000
v -186.276306 395.895752 -670.000000
v -185.392303 394.000000 -670.000000
v -184.192535 392.286560 -670.000000
v -182.713455 390.807465 -670.000000
v -181.000000 389.607697 -670.000000
v -179.104248 388.723694 -670.000000
v -177.083771 388.182312 -670.000000
v -175.000000 388.000000 -670.000000
v -172.916229 388.182312 -670.000000
v -170.895752 388.723694 -670.000000
v -169.000000 389.607697 -670.000000
v -167.286545 390.807465 -670.000000
v -165.807465 392.286560 -670.000000
v -164.607697 394.000000 -670.000000
v -163.723694 395.895752 -670.000000
v -163.182312 397.916229 -670.000000
v -187.000000 400.000000 -700.000000
v -163.182312 397.916229 -700.000000
v -163.723694 395.895752 -700.000000
v -164.607697 394.000000 -700.000000
v -165.807465 392.286560 -700.000000
v -167.286545 390.807465 -700.000000
v -169.000000 389.607697 -700.000000
v -170.895752 388.723694 -700.000000
v -172.916229 388.182312 -700.000000
v -175.000000 388.000000 -700.000000
v -177.083771 388.182312 -700.000000
v -179.104248 388.723694 -700.000000
v -181.000000 389.607697 -700.000000
v -182.713455 390.807465 -700.000000
v -184.192535 392.286560 -700.000000
v -185.392303 394.000000 -700.000000
v -186.276306 395.895752 -700.000000
v -186.817688 397.916229 -700.000000
vn -1.000000 0.000000 0.000000
vn -1.000000 0.000000 0.000000
vn 1.000000 -0.000000 -0.000000
vn 0.984808 0.173648 0.000000
vn 0.939693 0.342020 0.000000
vn 0.866025 0.500000 0.000000
vn 0.766044 0.642788 0.000000
vn 0.642788 0.766044 0.000000
vn 0.500000 0.866025 0.000000
vn 0.342020 0.939693 0.000000
vn 0.173648 0.984808 0.000000
vn 0.000000 1.000000 0.000000
vn -0.173648 0.984808 0.000000
vn -0.342020 0.939693 0.000000
vn -0.500000 0.866025 0.000000
vn -0.642788 0.766044 0.000000
vn -0.766044 0.642788 0.000000
vn -0.866025 0.500000 0.000000
vn -0.939693 0.342020 0.000000
vn -0.984808 0.173648 0.000000
vn 1.000000 -0.000000 -0.000000
vn -0.984808 0.173648 0.000000
vn -0.939693 0.342020 0.000000
vn -0.866025 0.500000 0.000000
vn -0.766044 0.642788 0.000000
vn -0.642788 0.766044 0.000000
vn -0.500000 0.866025 0.000000
vn -0.342020 0.939693 0.000000
vn -0.173648 0.984808 0.000000
vn -0.000000 1.000000 0.000000
vn 0.173648 0.984808 0.000000
vn 0.342020 0.939693 0.000000
vn 0.500000 0.866025 0.000000
vn 0.642788 0.766044 0.000000
vn 0.766044 0.642788 0.000000
vn 0.866025 0.500000 0.000000
vn 0.939693 0.342020 0.000000
vn 0.984808 0.173648 0.000000
f 2352//2352 2369//2369 2351//2351
f 2352//2352 2386//2386 2369//2369
f 2353//2353 2385//2385 2386//2386
f 2353//2353 2386//2386 2352//2352
f 2354//2354 2384//2384 2385//2385
f 2354//2354 2385//2385 2353//2353
f 2355//2355 2383//2383 2384//2384
f 2355//2355 2384//2384 2354//2354
f 2356//2356 2382//2382 2383//2383
f 2356//2356 2383//2383 2355//2355
f 2357//2357 2381//2381 2382//2382
f 2357//2357 2382//2382 2356//2356
f 2358//2358 2380//2380 2381//2381
f 2358//2358 2381//2381 2357//2357
f 2359//2359 2379//2379 2380//2380
f 2359//2359 2380//2380 2358//2358
f 2360//2360 2378//2378 2379//2379
f 2360//2360 2379//2379 2359//2359
f 2361//2361 2377//2377 2378//2378
f 2361//2361 2378//2378 2360//2360
f 2362//2362 2376//2376 2377//2377
f 2362//2362 2377//2377 2361//2361
f 2363//2363 2375//2375 2376//2376
f 2363//2363 2376//2376 2362//2362
f 2364//2364 2374//2374 2375//2375
f 2364//2364 2375//2375 2363//2363
f 2365//2365 2373//2373 2374//2374
f 2365//2365 2374//2374 2364//2364
f 2366//2366 2373//2373 2365//2365
f 2366//2366 2372//2372 2373//2373
f 2367//2367 2372//2372 2366//2366
f 2367//2367 2371//2371 2372//2372
f 2368//2368 2371//2371 2367//2367
f 2368//2368 2370//2370 2371//2371
f 2350//2350 2370//2370 2368//2368
f 2350//2350 2349//2349 2370//2370
v 187.000000 400.000000 -700.000000
v 187.000000 400.000000 -670.000000
v 163.000000 400.000000 -670.000000
v 163.182312 397.916229 -670.000000
v 163.723694 395.895752 -670.000000
v 164.607697 394.000000 -670.000000
v 165.807465 392.286560 -670.000000
v 167.286545 390.807465 -670.000000
v 169.000000 389.607697 -670.000000
v 170.895752 388.723694 -670.000000
v 172.916229 388.182312 -670.000000
v 175.000000 388.000000 -670.000000
v 177.083771 388.182312 -670.000000
v 179.104248 388.723694 -670.000000
v 181.000000 389.607697 -670.000000
v 182.713455 390.807465 -670.000000
v 184.192535 392.286560 -670.000000
v 185.392303 394.000000 -670.000000
v 186.276306 395.895752 -670.000000
v 186.817688 397.916229 -670.000000
v 163.000000 400.000000 -700.000000
v 186.817688 397.916229 -700.000000
v 186.276306 395.895752 -700.000000
v 185.392303 394.000000 -700.000000
v 184.192535 392.286560 -700.000000
v 182.713455 390.807465 -700.000000
v 181.000000 389.607697 -700.000000
v 179.104248 388.723694 -700.000000
v 177.083771 388.182312 -700.000000
v 175.000000 388.000000 -700.000000
v 172.916229 388.182312 -700.000000
v 170.895752 388.723694 -700.000000
v 169.000000 389.607697 -700.000000
v 167.286545 390.807465 -700.000000
v 165.807465 392.286560 -700.000000
v 164.607697 394.000000 -700.000000
v 163.723694 395.895752 -700.000000
v 163.182312 397.916229 -700.000000
vn -1.000000 0.000000 0.000000
vn -1.000000 0.000000 0.000000
vn 1.000000 -0.000000 -0.000000
vn 0.984808 0.173648 0.000000
vn 0.939693 0.342020 0.000000
vn 0.866025 0.500000 0.000000
vn 0.766044 0.642788 0.000000
vn 0.642788 0.766044 0.000000
vn 0.500000 0.866025 0.000000
vn 0.342020 0.939693 0.000000
vn 0.173648 0.984808 0.000000
vn 0.000000 1.000000 0.000000
vn -0.173648 0.984808 0.000000
vn -0.342020 0.939693 0.000000
vn -0.500000 0.866025 0.000000
vn -0.642788 0.766044 0.000000
vn -0.766044 0.642788 0.000000
vn -0.866025 0.500000 0.000000
vn -0.939693 0.342020 0.000000
vn -0.984808 0.173648 0.000000
vn 1.000000 -0.000000 -0.000000
vn -0.984808 0.173648 0.000000
vn -0.939693 0.342020 0.000000
vn -0.866025 0.500000 0.000000
vn -0.766044 0.642788 0.000000
vn -0.642788 0.766044 0.000000
vn -0.500000 0.866025 0.000000
vn -0.342020 0.939693 0.000000
vn -0.173648 0.984808 0.000000
vn -0.000000 1.000000 0.000000
vn 0.173648 0.984808 0.000000
vn 0.342020 0.939693 0.000000
vn 0.500000 0.866025 0.000000
vn 0.642788 0.766044 0.000000
vn 0.766044 0.642788 0.000000
vn 0.866025 0.500000 0.000000
vn 0.939693 0.342020 0.000000
vn 0.984808 0.173648 0.000000
f 2390//2390 2407//2407 2389//2389
f 2390//2390 2424//2424 2407//2407
f 2391//2391 2423//2423 2424//2424
f 2391//2391 2424//2424 2390//2390
f 2392//2392 2422//2422 2423//2423
f 2392//2392 2423//2423 2391//2391
f 2393//2393 2421//2421 2422//2422
f 2393//2393 2422//2422 2392//2392
f 2394//2394 2420//2420 2421//2421
f 2394//2394 2421//2421 2393//2393
f 2395//2395 2419//2419 2420//2420
f 2395//2395 2420//2420 2394//2394
f 2396//2396 2418//2418 2419//2419
f 2396//2396 2419//2419 2395//2395
f 2397//2397 2417//2417 2418//2418
f 2397//2397 2418//2418 2396//2396
f 2398//2398 2416//2416 2417//2417
f 2398//2398 2417//2417 2397//2397
f 2399//2399 2415//2415 2416//2416
f 2399//2399 2416//2416 2398//2398
f 2400//2400 2414//2414 2415//2415
f 2400//2400 2415//2415 2399//2399
f 2401//2401 2413//2413 2414//2414
f 2401//2401 2414//2414 2400//2400
f 2402//2402 2412//2412 2413//2413
f 2402//2402 2413//2413 2401//2401
f 2403//2403 2411//2411 2412//2412
f 2403//2403 2412//2412 2402//2402
f 2404//2404 2411//2411 2403//2403
f 2404//2404 2410//2410 2411//2411
f 2405//2405 2410//2410 2404//2404
f 2405//2405 2409//2409 2410//2410
f 2406//2406 2409//2409 2405//2405
f 2406//2406 2408//2408 2409//2409
f 2388//2388 2408//2408 2406//2406
f 2388//2388 2387//2387 2408//2408
usemtl mat_1
v 440.000000 -450.000000 -670.000000
v 450.000000 -440.000000 -670.000000
v -440.000000 -450.000000 -670.000000
v -450.000000 -440.000000 -670.000000
v -450.000000 440.000000 -670.000000
v -440.000000 450.000000 -670.000000
v 440.000000 450.000000 -670.000000
v 450.000000 440.000000 -670.000000
v 388.000000 400.000000 -670.000000
v 388.182312 397.916229 -670.000000
v 388.723694 395.895752 -670.000000
v 389.607697 394.000000 -670.000000
v 390.807465 392.286560 -670.000000
v 392.286560 390.807465 -670.000000
v 394.000000 389.607697 -670.000000
v 395.895752 388.723694 -670.000000
v 397.916229 388.182312 -670.000000
v 400.000000 388.000000 -670.000000
v 402.083771 388.182312 -670.000000
v 404.104248 388.723694 -670.000000
v 406.000000 389.607697 -670.000000
v 407.713440 390.807465 -670.000000
v 409.192535 392.286560 -670.000000
v 410.392303 394.000000 -670.000000
v 411.276306 395.895752 -670.000000
v 411.817688 397.916229 -670.000000
v 412.000000 400.000000 -670.000000
v 411.817688 402.083771 -670.000000
v 411.276306 404.104248 -670.000000
v 410.392303 406.000000 -670.000000
v 409.192535 407.713440 -670.000000
v 407.713440 409.192535 -670.000000
v 406.000000 410.392303 -670.000000
v 404.104248 411.276306 -670.000000
v 402.083771 411.817688 -670.000000
v 400.000000 412.000000 -670.000000
v 397.916229 411.817688 -670.000000
v 395.895752 411.276306 -670.000000
v 394.000000 410.392303 -670.000000
v 392.286560 409.192535 -670.000000
v 390.807465 407.713440 -670.000000
v 389.607697 406.000000 -670.000000
v 388.723694 404.104248 -670.000000
v 388.182312 402.083771 -670.000000
v 388.000000 175.000000 -670.000000
v 388.182312 172.916229 -670.000000
v 388.723694 170.895752 -670.000000
v 389.607697 169.000000 -670.000000
v 390.807465 167.286545 -670.000000
v 392.286560 165.807465 -670.000000
v 394.000000 164.607697 -670.000000
v 395.895752 163.723694 -670.000000
v 397.916229 163.182312 -670.000000
v 400.000000 163.000000 -670.000000
v 402.083771 163.182312 -670.000000
v 404.104248 163.723694 -670.000000
v 406.000000 164.607697 -670.000000
v 407.713440 165.807465 -670.000000
v 409.192535 167.286545 -670.000000
v 410.392303 169.000000 -670.000000
v 411.276306 170.895752 -670.000000
v 411.817688 172.916229 -670.000000
v 412.000000 175.000000 -670.000000
v 411.817688 177.083771 -670.000000
v 411.276306 179.104248 -670.000000
v 410.392303 181.000000 -670.000000
v 409.192535 182.713455 -670.000000
v 407.713440 184.192535 -670.000000
v 406.000000 185.392303 -670.000000
v 404.104248 186.276306 -670.000000
v 402.083771 186.817688 -670.000000
v 400.000000 187.000000 -670.000000
v 397.916229 186.817688 -670.000000
v 395.895752 186.276306 -670.000000
v 394.000000 185.392303 -670.000000
v 392.286560 184.192535 -670.000000
v 390.807465 182.713455 -670.000000
v 389.607697 181.000000 -670.000000
v 388.723694 179.104248 -670.000000
v 388.182312 177.083771 -670.000000
v 388.000000 -400.000000 -670.000000
v 388.182312 -402.083771 -670.000000
v 388.723694 -404.104248 -670.000000
v 389.607697 -406.000000 -670.000000
v 390.807465 -407.713440 -670.000000
v 392.286560 -409.192535 -670.000000
v 394.000000 -410.392303 -670.000000
v 395.895752 -411.276306 -670.000000
v 397.916229 -411.817688 -670.000000
v 400.000000 -412.000000 -670.000000
v 402.083771 -411.817688 -670.000000
v 404.104248 -411.276306 -670.000000
v 406.000000 -410.392303 -670.000000
v 407.713440 -409.192535 -670.000000
v 409.192535 -407.713440 -670.000000
v 410.392303 -406.000000 -670.000000
v 411.276306 -404.104248 -670.000000
v 411.817688 -402.083771 -670.000000
v 412.000000 -400.000000 -670.000000
v 411.817688 -397.916229 -670.000000
v 411.276306 -395.895752 -670.000000
v 410.392303 -394.000000 -670.000000
v 409.192535 -392.286560 -670.000000
v 407.713440 -390.807465 -670.000000
v 406.000000 -389.607697 -670.000000
v 404.104248 -388.723694 -670.000000
v 402.083771 -388.182312 -670.000000
v 400.000000 -388.000000 -670.000000
v 397.916229 -388.182312 -670.000000
v 395.895752 -388.723694 -670.000000
v 394.000000 -389.607697 -670.000000
v 392.286560 -390.807465 -670.000000
v 390.807465 -392.286560 -670.000000
v 389.607697 -394.000000 -670.000000
v 388.723694 -395.895752 -670.000000
v 388.182312 -397.916229 -670.000000
v 163.000000 -400.000000 -670.000000
v 163.182312 -402.083771 -670.000000
v 163.723694 -404.104248 -670.000000
v 164.607697 -406.000000 -670.000000
v 165.807465 -407.713440 -670.000000
v 167.286545 -409.192535 -670.000000
v 169.000000 -410.392303 -670.000000
v 170.895752 -411.276306 -670.000000
v 172.916229 -411.817688 -670.000000
v 175.000000 -412.000000 -670.000000
v 177.083771 -411.817688 -670.000000
v 179.104248 -411.276306 -670.000000
v 181.000000 -410.392303 -670.000000
v 182.713455 -409.192535 -670.000000
v 184.192535 -407.713440 -670.000000
v 185.392303 -406.000000 -670.000000
v 186.276306 -404.104248 -670.000000
v 186.817688 -402.083771 -670.000000
v 187.000000 -400.000000 -670.000000
v 186.817688 -397.916229 -670.000000
v 186.276306 -395.895752 -670.000000
v 185.392303 -394.000000 -670.000000
v 184.192535 -392.286560 -670.000000
v 182.713455 -390.807465 -670.000000
v 181.000000 -389.607697 -670.000000
v 179.104248 -388.723694 -670.000000
v 177.083771 -388.182312 -670.000000
v 175.000000 -388.000000 -670.000000
v 172.916229 -388.182312 -670.000000
v 170.895752 -388.723694 -670.000000
v 169.000000 -389.607697 -670.000000
v 167.286545 -390.807465 -670.000000
v 165.807465 -392.286560 -670.000000
v 164.607697 -394.000000 -670.000000
v 163.723694 -395.895752 -670.000000
v 163.182312 -397.916229 -670.000000
v -412.000000 -400.000000 -670.000000
v -411.817688 -402.083771 -670.000000
v -411.276306 -404.104248 -670.000000
v -410.392303 -406.000000 -670.000000
v -409.192535 -407.713440 -670.000000
v -407.713440 -409.192535 -670.000000
v -406.000000 -410.392303 -670.000000
v -404.104248 -411.276306 -670.000000
v -402.083771 -411.817688 -670.000000
v -400.000000 -412.000000 -670.000000
v -397.916229 -411.817688 -670.000000
v -395.895752 -411.276306 -670.000000
v -394.000000 -410.392303 -670.000000
v -392.286560 -409.192535 -670.000000
v -390.807465 -407.713440 -670.000000
v -389.607697 -406.000000 -670.000000
v -388.723694 -404.104248 -670.000000
v -388.182312 -402.083771 -670.000000
v -388.000000 -400.000000 -670.000000
v -388.182312 -397.916229 -670.000000
v -388.723694 -395.895752 -670.000000
v -389.607697 -394.000000 -670.000000
v -390.807465 -392.286560 -670.000000
v -392.286560 -390.807465 -670.000000
v -394.000000 -389.607697 -670.000000
v -395.895752 -388.723694 -670.000000
v -397.916229 -388.182312 -670.000000
v -400.000000 -388.000000 -670.000000
v -402.083771 -388.182312 -670.000000
v -404.104248 -388.723694 -670.000000
v -406.000000 -389.607697 -670.000000
v -407.713440 -390.807465 -670.000000
v -409.192535 -392.286560 -670.000000
v -410.392303 -394.000000 -670.000000
v -411.276306 -395.895752 -670.000000
v -411.817688 -397.916229 -670.000000
v -412.000000 -175.000000 -670.000000
v -411.817688 -177.083771 -670.000000
v -411.276306 -179.104248 -670.000000
v -410.392303 -181.000000 -670.000000
v -409.192535 -182.713455 -670.000000
v -407.713440 -184.192535 -670.000000
v -406.000000 -185.392303 -670.000000
v -404.104248 -186.276306 -670.000000
v -402.083771 -186.817688 -670.000000
v -400.000000 -187.000000 -670.000000
v -397.916229 -186.817688 -670.000000
v -395.895752 -186.276306 -670.000000
v -394.000000 -185.392303 -670.000000
v -392.286560 -184.192535 -670.000000
v -390.807465 -182.713455 -670.000000
v -389.607697 -181.000000 -670.000000
v -388.723694 -179.104248 -670.000000
v -388.182312 -177.083771 -670.000000
v -388.000000 -175.000000 -670.000000
v -388.182312 -172.916229 -670.000000
v -388.723694 -170.895752 -670.000000
v -389.607697 -169.000000 -670.000000
v -390.807465 -167.286545 -670.000000
v -392.286560 -165.807465 -670.000000
v -394.000000 -164.607697 -670.000000
v -395.895752 -163.723694 -670.000000
v -397.916229 -163.182312 -670.000000
v -400.000000 -163.000000 -670.000000
v -402.083771 -163.182312 -670.000000
v -404.104248 -163.723694 -670.000000
v -406.000000 -164.607697 -670.000000
v -407.713440 -165.807465 -670.000000
v -409.192535 -167.286545 -670.000000
v -410.392303 -169.000000 -670.000000
v -411.276306 -170.895752 -670.000000
v -411.817688 -172.916229 -670.000000
v -412.000000 175.000000 -670.000000
v -411.817688 172.916229 -670.000000
v -411.276306 170.895752 -670.000000
v -410.392303 169.000000 -670.000000
v -409.192535 167.286545 -670.000000
v -407.713440 165.807465 -670.000000
v -406.000000 164.607697 -670.000000
v -404.104248 163.723694 -670.000000
v -402.083771 163.182312 -670.000000
v -400.000000 163.000000 -670.000000
v -397.916229 163.182312 -670.000000
v -395.895752 163.723694 -670.000000
v -394.000000 164.607697 -670.000000
v -392.286560 165.807465 -670.000000
v -390.807465 167.286545 -670.000000
v -389.607697 169.000000 -670.000000
v -388.723694 170.895752 -670.000000
v -388.182312 172.916229 -670.000000
v -388.000000 175.000000 -670.000000
v -388.182312 177.083771 -670.000000
v -388.723694 179.104248 -670.000000
v -389.607697 181.000000 -670.000000
v -390.807465 182.713455 -670.000000
v -392.286560 184.192535 -670.000000
v -394.000000 185.392303 -670.000000
v -395.895752 186.276306 -670.000000
v -397.916229 186.817688 -670.000000
v -400.000000 187.000000 -670.000000
v -402.083771 186.817688 -670.000000
v -404.104248 186.276306 -670.000000
v -406.000000 185.392303 -670.000000
v -407.713440 184.192535 -670.000000
v -409.192535 182.713455 -670.000000
v -410.392303 181.000000 -670.000000
v -411.276306 179.104248 -670.000000
v -411.817688 177.083771 -670.000000
v -412.000000 400.000000 -670.000000
v -411.817688 397.916229 -670.000000
v -411.276306 395.895752 -670.000000
v -410.392303 394.000000 -670.000000
v -409.192535 392.286560 -670.000000
v -407.713440 390.807465 -670.000000
v -406.000000 389.607697 -670.000000
v -404.104248 388.723694 -670.000000
v -402.083771 388.182312 -670.000000
v -400.000000 388.000000 -670.000000
v -397.916229 388.182312 -670.000000
v -395.895752 388.723694 -670.000000
v -394.000000 389.607697 -670.000000
v -392.286560 390.807465 -670.000000
v -390.807465 392.286560 -670.000000
v -389.607697 394.000000 -670.000000
v -388.723694 395.895752 -670.000000
v -388.182312 397.916229 -670.000000
v -388.000000 400.000000 -670.000000
v -388.182312 402.083771 -670.000000
v -388.723694 404.104248 -670.000000
v -389.607697 406.000000 -670.000000
v -390.807465 407.713440 -670.000000
v -392.286560 409.192535 -670.000000
v -394.000000 410.392303 -670.000000
v -395.895752 411.276306 -670.000000
v -397.916229 411.817688 -670.000000
v -400.000000 412.000000 -670.000000
v -402.083771 411.817688 -670.000000
v -404.104248 411.276306 -670.000000
v -406.000000 410.392303 -670.000000
v -407.713440 409.192535 -670.000000
v -409.192535 407.713440 -670.000000
v -410.392303 406.000000 -670.000000
v -411.276306 404.104248 -670.000000
v -411.817688 402.083771 -670.000000
v -187.000000 400.000000 -670.000000
v -186.817688 397.916229 -670.000000
v -186.276306 395.895752 -670.000000
v -185.392303 394.000000 -670.000000
v -184.192535 392.286560 -670.000000
v -182.713455 390.807465 -670.000000
v -181.000000 389.607697 -670.000000
v -179.104248 388.723694 -670.000000
v -177.083771 388.182312 -670.000000
v -175.000000 388.000000 -670.000000
v -172.916229 388.182312 -670.000000
v -170.895752 388.723694 -670.000000
v -169.000000 389.607697 -670.000000
v -167.286545 390.807465 -670.000000
v -165.807465 392.286560 -670.000000
v -164.607697 394.000000 -670.000000
v -163.723694 395.895752 -670.000000
v -163.182312 397.916229 -670.000000
v -163.000000 400.000000 -670.000000
v -163.182312 402.083771 -670.000000
v -163.723694 404.104248 -670.000000
v -164.607697 406.000000 -670.000000
v -165.807465 407.713440 -670.000000
v -167.286545 409.192535 -670.000000
v -169.000000 410.392303 -670.000000
v -170.895752 411.276306 -670.000000
v -172.916229 411.817688 -670.000000
v -175.000000 412.000000 -670.000000
v -177.083771 411.817688 -670.000000
v -179.104248 411.276306 -670.000000
v -181.000000 410.392303 -670.000000
v -182.713455 409.192535 -670.000000
v -184.192535 407.713440 -670.000000
v -185.392303 406.000000 -670.000000
v -186.276306 404.104248 -670.000000
v -186.817688 402.083771 -670.000000
v 163.000000 400.000000 -670.000000
v 163.182312 397.916229 -670.000000
v 163.723694 395.895752 -670.000000
v 164.607697 394.000000 -670.000000
v 165.807465 392.286560 -670.000000
v 167.286545 390.807465 -670.000000
v 169.000000 389.607697 -670.000000
v 170.895752 388.723694 -670.000000
v 172.916229 388.182312 -670.000000
v 175.000000 388.000000 -670.000000
v 177.083771 388.182312 -670.000000
v 179.104248 388.723694 -670.000000
v 181.000000 389.607697 -670.000000
v 182.713455 390.807465 -670.000000
v 184.192535 392.286560 -670.000000
v 185.392303 394.000000 -670.000000
v 186.276306 395.895752 -670.000000
v 186.817688 397.916229 -670.000000
v 187.000000 400.000000 -670.000000
v 186.817688 402.083771 -670.000000
v 186.276306 404.104248 -670.000000
v 185.392303 406.000000 -670.000000
v 184.192535 407.713440 -670.000000
v 182.713455 409.192535 -670.000000
v 181.000000 410.392303 -670.000000
v 179.104248 411.276306 -670.000000
v 177.083771 411.817688 -670.000000
v 175.000000 412.000000 -670.000000
v 172.916229 411.817688 -670.000000
v 170.895752 411.276306 -670.000000
v 169.000000 410.392303 -670.000000
v 167.286545 409.192535 -670.000000
v 165.807465 407.713440 -670.000000
v 164.607697 406.000000 -670.000000
v 163.723694 404.104248 -670.000000
v 163.182312 402.083771 -670.000000
v 7.000000 280.000000 -670.000000
v -7.000000 280.000000 -670.000000
v -7.000000 200.000000 -670.000000
v -200.000000 200.000000 -670.000000
v -200.000000 7.000000 -670.000000
v -280.000000 7.000000 -670.000000
v -280.000000 -7.000000 -670.000000
v -200.000000 -7.000000 -670.000000
v -200.000000 -200.000000 -670.000000
v -7.000000 -200.000000 -670.000000
v -7.000000 -280.000000 -670.000000
v 7.000000 -280.000000 -670.000000
v 7.000000 -200.000000 -670.000000
v 200.000000 -200.000000 -670.000000
v 200.000000 -7.000000 -670.000000
v 280.000000 -7.000000 -670.000000
v 280.000000 7.000000 -670.000000
v 200.000000 7.000000 -670.000000
v 200.000000 200.000000 -670.000000
v 7.000000 200.000000 -670.000000
v -187.000000 -400.000000 -670.000000
v -186.817688 -402.083771 -670.000000
v -186.276306 -404.104248 -670.000000
v -185.392303 -406.000000 -670.000000
v -184.192535 -407.713440 -670.000000
v -182.713455 -409.192535 -670.000000
v -181.000000 -410.392303 -670.000000
v -179.104248 -411.276306 -670.000000
v -177.083771 -411.817688 -670.000000
v -175.000000 -412.000000 -670.000000
v -172.916229 -411.817688 -670.000000
v -170.895752 -411.276306 -670.000000
v -169.000000 -410.392303 -670.000000
v -167.286545 -409.192535 -670.000000
v -165.807465 -407.713440 -670.000000
v -164.607697 -406.000000 -670.000000
v -163.723694 -404.104248 -670.000000
v -163.182312 -402.083771 -670.000000
v -163.000000 -400.000000 -670.000000
v -163.182312 -397.916229 -670.000000
v -163.723694 -395.895752 -670.000000
v -164.607697 -394.000000 -670.000000
v -165.807465 -392.286560 -670.000000
v -167.286545 -390.807465 -670.000000
v -169.000000 -389.607697 -670.000000
v -170.895752 -388.723694 -670.000000
v -172.916229 -388.182312 -670.000000
v -175.000000 -388.000000 -670.000000
v -177.083771 -388.182312 -670.000000
v -179.104248 -388.723694 -670.000000
v -181.000000 -389.607697 -670.000000
v -182.713455 -390.807465 -670.000000
v -184.192535 -392.286560 -670.000000
v -185.392303 -394.000000 -670.000000
v -186.276306 -395.895752 -670.000000
v -186.817688 -397.916229 -670.000000
v 388.000000 -175.000000 -670.000000
v 388.182312 -177.083771 -670.000000
v 388.723694 -179.104248 -670.000000
v 389.607697 -181.000000 -670.000000
v 390.807465 -182.713455 -670.000000
v 392.286560 -184.192535 -670.000000
v 394.000000 -185.392303 -670.000000
v 395.895752 -186.276306 -670.000000
v 397.916229 -186.817688 -670.000000
v 400.000000 -187.000000 -670.000000
v 402.083771 -186.817688 -670.000000
v 404.104248 -186.276306 -670.000000
v 406.000000 -185.392303 -670.000000
v 407.713440 -184.192535 -670.000000
v 409.192535 -182.713455 -670.000000
v 410.392303 -181.000000 -670.000000
v 411.276306 -179.104248 -670.000000
v 411.817688 -177.083771 -670.000000
v 412.000000 -175.000000 -670.000000
v 411.817688 -172.916229 -670.000000
v 411.276306 -170.895752 -670.000000
v 410.392303 -169.000000 -670.000000
v 409.192535 -167.286545 -670.000000
v 407.713440 -165.807465 -670.000000
v 406.000000 -164.607697 -670.000000
v 404.104248 -163.723694 -670.000000
v 402.083771 -163.182312 -670.000000
v 400.000000 -163.000000 -670.000000
v 397.916229 -163.182312 -670.000000
v 395.895752 -163.723694 -670.000000
v 394.000000 -164.607697 -670.000000
v 392.286560 -165.807465 -670.000000
v 390.807465 -167.286545 -670.000000
v 389.607697 -169.000000 -670.000000
v 388.723694 -170.895752 -670.000000
v 388.182312 -172.916229 -670.000000
vn -0.000000 -0.000000 1.000000
vn -0.000000 -0.000000 1.000000
vn -0.000000 -0.000000 1.000000
vn -0.000000 -0.000000 1.000000
vn -0.000000 -0.000000 1.000000
vn -0.000000 -0.000000 1.000000
vn -0.000000 -0.000000 1.000000
vn -0.000000 -0.000000 1.000000
vn -0.000000 -0.000000 1.000000
vn -0.000000 -0.000000 1.000000
vn -0.000000 -0.000000 1.000000
vn -0.000000 -0.000000 1.000000
vn -0.000000 -0.000000 1.000000
vn -0.000000 -0.000000 1.000000
vn -0.000000 -0.000000 1.000000
vn -0.000000 -0.000000 1.000000
vn -0.000000 -0.000000 1.000000
vn -0.000000 -0.000000 1.000000
vn -0.000000 -0.000000 1.000000
vn -0.000000 -0.000000 1.000000
vn -0.000000 -0.000000 1.000000
vn -0.000000 -0.000000 1.000000
vn -0.000000 -0.000000 1.000000
vn -0.000000 -0.000000 1.000000
vn -0.000000 -0.000000 1.000000
vn -0.000000 -0.000000 1.000000
vn -0.000000 -0.000000 1.000000
vn -0.000000 -0.000000 1.000000
vn -0.000000 -0.000000 1.000000
vn -0.000000 -0.000000 1.000000
vn -0.000000 -0.000000 1.000000
vn -0.000000 -0.000000 1.000000
vn -0.000000 -0.000000 1.000000
vn -0.000000 -0.000000 1.000000
vn -0.000000 -0.000000 1.000000
vn -0.000000 -0.000000 1.000000
vn -0.000000 -0.000000 1.000000
vn -0.000000 -0.000000 1.000000
vn -0.000000 -0.000000 1.000000
vn -0.000000 -0.000000 1.000000
vn -0.000000 -0.000000 1.000000
vn -0.000000 -0.000000 1.000000
vn -0.000000 -0.000000 1.000000
vn -0.000000 -0.000000 1.000000
vn -0.000000 -0.000000 1.000000
vn -0.000000 -0.000000 1.000000
vn -0.000000 -0.000000 1.000000
vn -0.000000 -0.000000 1.000000
vn -0.000000 -0.000000 1.000000
vn -0.000000 -0.000000 1.000000
vn -0.000000 -0.000000 1.000000
vn -0.000000 -0.000000 1.000000
vn -0.000000 -0.000000 1.000000
vn -0.000000 -0.000000 1.000000
vn -0.000000 -0.000000 1.000000
vn -0.000000 -0.000000 1.000000
vn -0.000000 -0.000000 1.000000
vn -0.000000 -0.000000 1.000000
vn -0.000000 -0.000000 1.000000
vn -0.000000 -0.000000 1.000000
vn -0.000000 -0.000000 1.000000
vn -0.000000 -0.000000 1.000000
vn -0.000000 -0.000000 1.000000
vn -0.000000 -0.000000 1.000000
vn -0.000000 -0.000000 1.000000
vn -0.000000 -0.000000 1.000000
vn -0.000000 -0.000000 1.000000
vn -0.000000 -0.000000 1.000000
vn -0.000000 -0.000000 1.000000
vn -0.000000 -0.000000 1.000000
vn -0.000000 -0.000000 1.000000
vn -0.000000 -0.000000 1.000000
vn -0.000000 -0.000000 1.000000
vn -0.000000 -0.000000 1.000000
vn -0.000000 -0.000000 1.000000
vn -0.000000 -0.000000 1.000000
vn -0.000000 -0.000000 1.000000
vn -0.000000 -0.000000 1.000000
vn -0.000000 -0.000000 1.000000
vn -0.000000 -0.000000 1.000000
vn -0.000000 -0.000000 1.000000
vn -0.000000 -0.000000 1.000000
vn -0.000000 -0.000000 1.000000
vn -0.000000 -0.000000 1.000000
vn -0.000000 -0.000000 1.000000
vn -0.000000 -0.000000 1.000000
vn -0.000000 -0.000000 1.000000
vn -0.000000 -0.000000 1.000000
vn -0.000000 -0.000000 1.000000
vn -0.000000 -0.000000 1.000000
vn -0.000000 -0.000000 1.000000
vn -0.000000 -0.000000 1.000000
vn -0.000000 -0.000000 1.000000
vn -0.000000 -0.000000 1.000000
vn -0.000000 -0.000000 1.000000
vn -0.000000 -0.000000 1.000000
vn -0.000000 -0.000000 1.000000
vn -0.000000 -0.000000 1.000000
vn -0.000000 -0.000000 1.000000
vn -0.000000 -0.000000 1.000000
vn -0.000000 -0.000000 1.000000
vn -0.000000 -0.000000 1.000000
vn -0.000000 -0.000000 1.000000
vn -0.000000 -0.000000 1.000000
vn -0.000000 -0.000000 1.000000
vn -0.000000 -0.000000 1.000000
vn -0.000000 -0.000000 1.000000
vn -0.000000 -0.000000 1.000000
vn -0.000000 -0.000000 1.000000
vn -0.000000 -0.000000 1.000000
vn -0.000000 -0.000000 1.000000
vn -0.000000 -0.000000 1.000000
vn -0.000000 -0.000000 1.000000
vn -0.000000 -0.000000 1.000000
vn -0.000000 -0.000000 1.000000
vn -0.000000 -0.000000 1.000000
vn -0.000000 -0.000000 1.000000
vn -0.000000 -0.000000 1.000000
vn -0.000000 -0.000000 1.000000
vn -0.000000 -0.000000 1.000000
vn -0.000000 -0.000000 1.000000
vn -0.000000 -0.000000 1.000000
vn -0.000000 -0.000000 1.000000
vn -0.000000 -0.000000 1.000000
vn -0.000000 -0.000000 1.000000
vn -0.000000 -0.000000 1.000000
vn -0.000000 -0.000000 1.000000
vn -0.000000 -0.000000 1.000000
vn -0.000000 -0.000000 1.000000
vn -0.000000 -0.000000 1.000000
vn -0.000000 -0.000000 1.000000
vn -0.000000 -0.000000 1.000000
vn -0.000000 -0.000000 1.000000
vn -0.000000 -0.000000 1.000000
vn -0.000000 -0.000000 1.000000
vn -0.000000 -0.000000 1.000000
vn -0.000000 -0.000000 1.000000
vn -0.000000 -0.000000 1.000000
vn -0.000000 -0.000000 1.000000
vn -0.000000 -0.000000 1.000000
vn -0.000000 -0.000000 1.000000
vn -0.000000 -0.000000 1.000000
vn -0.000000 -0.000000 1.000000
vn -0.000000 -0.000000 1.000000
vn -0.000000 -0.000000 1.000000
vn -0.000000 -0.000000 1.000000
vn -0.000000 -0.000000 1.000000
vn -0.000000 -0.000000 1.000000
vn -0.000000 -0.000000 1.000000
vn -0.000000 -0.000000 1.000000
vn -0.000000 -0.000000 1.000000
vn -0.000000 -0.000000 1.000000
vn -0.000000 -0.000000 1.000000
vn -0.000000 -0.000000 1.000000
vn -0.000000 -0.000000 1.000000
vn -0.000000 -0.000000 1.000000
vn -0.000000 -0.000000 1.000000
vn -0.000000 -0.000000 1.000000
vn -0.000000 -0.000000 1.000000
vn -0.000000 -0.000000 1.000000
vn -0.000000 -0.000000 1.000000
vn -0.000000 -0.000000 1.000000
vn -0.000000 -0.000000 1.000000
vn -0.000000 -0.000000 1.000000
vn -0.000000 -0.000000 1.000000
vn -0.000000 -0.000000 1.000000
vn -0.000000 -0.000000 1.000000
vn -0.000000 -0.000000 1.000000
vn -0.000000 -0.000000 1.000000
vn -0.000000 -0.000000 1.000000
vn -0.000000 -0.000000 1.000000
vn -0.000000 -0.000000 1.000000
vn -0.000000 -0.000000 1.000000
vn -0.000000 -0.000000 1.000000
vn -0.000000 -0.000000 1.000000
vn -0.000000 -0.000000 1.000000
vn -0.000000 -0.000000 1.000000
vn -0.000000 -0.000000 1.000000
vn -0.000000 -0.000000 1.000000
vn -0.000000 -0.000000 1.000000
vn -0.000000 -0.000000 1.000000
vn -0.000000 -0.000000 1.000000
vn -0.000000 -0.000000 1.000000
vn -0.000000 -0.000000 1.000000
vn -0.000000 -0.000000 1.000000
vn -0.000000 -0.000000 1.000000
vn -0.000000 -0.000000 1.000000
vn -0.000000 -0.000000 1.000000
vn -0.000000 -0.000000 1.000000
vn -0.000000 -0.000000 1.000000
vn -0.000000 -0.000000 1.000000
vn -0.000000 -0.000000 1.000000
vn -0.000000 -0.000000 1.000000
vn -0.000000 -0.000000 1.000000
vn -0.000000 -0.000000 1.000000
vn -0.000000 -0.000000 1.000000
vn -0.000000 -0.000000 1.000000
vn -0.000000 -0.000000 1.000000
vn -0.000000 -0.000000 1.000000
vn -0.000000 -0.000000 1.000000
vn -0.000000 -0.000000 1.000000
vn -0.000000 -0.000000 1.000000
vn -0.000000 -0.000000 1.000000
vn -0.000000 -0.000000 1.000000
vn -0.000000 -0.000000 1.000000
vn -0.000000 -0.000000 1.000000
vn -0.000000 -0.000000 1.000000
vn -0.000000 -0.000000 1.000000
vn -0.000000 -0.000000 1.000000
vn -0.000000 -0.000000 1.000000
vn -0.000000 -0.000000 1.000000
vn -0.000000 -0.000000 1.000000
vn -0.000000 -0.000000 1.000000
vn -0.000000 -0.000000 1.000000
vn -0.000000 -0.000000 1.000000
vn -0.000000 -0.000000 1.000000
vn -0.000000 -0.000000 1.000000
vn -0.000000 -0.000000 1.000000
vn -0.000000 -0.000000 1.000000
vn -0.000000 -0.000000 1.000000
vn -0.000000 -0.000000 1.000000
vn -0.000000 -0.000000 1.000000
vn -0.000000 -0.000000 1.000000
vn -0.000000 -0.000000 1.000000
vn -0.000000 -0.000000 1.000000
vn -0.000000 -0.000000 1.000000
vn -0.000000 -0.000000 1.000000
vn -0.000000 -0.000000 1.000000
vn -0.000000 -0.000000 1.000000
vn -0.000000 -0.000000 1.000000
vn -0.000000 -0.000000 1.000000
vn -0.000000 -0.000000 1.000000
vn -0.000000 -0.000000 1.000000
vn -0.000000 -0.000000 1.000000
vn -0.000000 -0.000000 1.000000
vn -0.000000 -0.000000 1.000000
vn -0.000000 -0.000000 1.000000
vn -0.000000 -0.000000 1.000000
vn -0.000000 -0.000000 1.000000
vn -0.000000 -0.000000 1.000000
vn -0.000000 -0.000000 1.000000
vn -0.000000 -0.000000 1.000000
vn -0.000000 -0.000000 1.000000
vn -0.000000 -0.000000 1.000000
vn -0.000000 -0.000000 1.000000
vn -0.000000 -0.000000 1.000000
vn -0.000000 -0.000000 1.000000
vn -0.000000 -0.000000 1.000000
vn -0.000000 -0.000000 1.000000
vn -0.000000 -0.000000 1.000000
vn -0.000000 -0.000000 1.000000
vn -0.000000 -0.000000 1.000000
vn -0.000000 -0.000000 1.000000
vn -0.000000 -0.000000 1.000000
vn -0.000000 -0.000000 1.000000
vn -0.000000 -0.000000 1.000000
vn -0.000000 -0.000000 1.000000
vn -0.000000 -0.000000 1.000000
vn -0.000000 -0.000000 1.000000
vn -0.000000 -0.000000 1.000000
vn -0.000000 -0.000000 1.000000
vn -0.000000 -0.000000 1.000000
vn -0.000000 -0.000000 1.000000
vn -0.000000 -0.000000 1.000000
vn -0.000000 -0.000000 1.000000
vn -0.000000 -0.000000 1.000000
vn -0.000000 -0.000000 1.000000
vn -0.000000 -0.000000 1.000000
vn -0.000000 -0.000000 1.000000
vn -0.000000 -0.000000 1.000000
vn -0.000000 -0.000000 1.000000
vn -0.000000 -0.000000 1.000000
vn -0.000000 -0.000000 1.000000
vn -0.000000 -0.000000 1.000000
vn -0.000000 -0.000000 1.000000
vn -0.000000 -0.000000 1.000000
vn -0.000000 -0.000000 1.000000
vn -0.000000 -0.000000 1.000000
vn -0.000000 -0.000000 1.000000
vn -0.000000 -0.000000 1.000000
vn -0.000000 -0.000000 1.000000
vn -0.000000 -0.000000 1.000000
vn -0.000000 -0.000000 1.000000
vn -0.000000 -0.000000 1.000000
vn -0.000000 -0.000000 1.000000
vn -0.000000 -0.000000 1.000000
vn -0.000000 -0.000000 1.000000
vn -0.000000 -0.000000 1.000000
vn -0.000000 -0.000000 1.000000
vn -0.000000 -0.000000 1.000000
vn -0.000000 -0.000000 1.000000
vn -0.000000 -0.000000 1.000000
vn -0.000000 -0.000000 1.000000
vn -0.000000 -0.000000 1.000000
vn -0.000000 -0.000000 1.000000
vn -0.000000 -0.000000 1.000000
vn -0.000000 -0.000000 1.000000
vn -0.000000 -0.000000 1.000000
vn -0.000000 -0.000000 1.000000
vn -0.000000 -0.000000 1.000000
vn -0.000000 -0.000000 1.000000
vn -0.000000 -0.000000 1.000000
vn -0.000000 -0.000000 1.000000
vn -0.000000 -0.000000 1.000000
vn -0.000000 -0.000000 1.000000
vn -0.000000 -0.000000 1.000000
vn -0.000000 -0.000000 1.000000
vn -0.000000 -0.000000 1.000000
vn -0.000000 -0.000000 1.000000
vn -0.000000 -0.000000 1.000000
vn -0.000000 -0.000000 1.000000
vn -0.000000 -0.000000 1.000000
vn -0.000000 -0.000000 1.000000
vn -0.000000 -0.000000 1.000000
vn -0.000000 -0.000000 1.000000
vn -0.000000 -0.000000 1.000000
vn -0.000000 -0.000000 1.000000
vn -0.000000 -0.000000 1.000000
vn -0.000000 -0.000000 1.000000
vn -0.000000 -0.000000 1.000000
vn -0.000000 -0.000000 1.000000
vn -0.000000 -0.000000 1.000000
vn -0.000000 -0.000000 1.000000
vn -0.000000 -0.000000 1.000000
vn -0.000000 -0.000000 1.000000
vn -0.000000 -0.000000 1.000000
vn -0.000000 -0.000000 1.000000
vn -0.000000 -0.000000 1.000000
vn -0.000000 -0.000000 1.000000
vn -0.000000 -0.000000 1.000000
vn -0.000000 -0.000000 1.000000
vn -0.000000 -0.000000 1.000000
vn -0.000000 -0.000000 1.000000
vn -0.000000 -0.000000 1.000000
vn -0.000000 -0.000000 1.000000
vn -0.000000 -0.000000 1.000000
vn -0.000000 -0.000000 1.000000
vn -0.000000 -0.000000 1.000000
vn -0.000000 -0.000000 1.000000
vn -0.000000 -0.000000 1.000000
vn -0.000000 -0.000000 1.000000
vn -0.000000 -0.000000 1.000000
vn -0.000000 -0.000000 1.000000
vn -0.000000 -0.000000 1.000000
vn -0.000000 -0.000000 1.000000
vn -0.000000 -0.000000 1.000000
vn -0.000000 -0.000000 1.000000
vn -0.000000 -0.000000 1.000000
vn -0.000000 -0.000000 1.000000
vn -0.000000 -0.000000 1.000000
vn -0.000000 -0.000000 1.000000
vn -0.000000 -0.000000 1.000000
vn -0.000000 -0.000000 1.000000
vn -0.000000 -0.000000 1.000000
vn -0.000000 -0.000000 1.000000
vn -0.000000 -0.000000 1.000000
vn -0.000000 -0.000000 1.000000
vn -0.000000 -0.000000 1.000000
vn -0.000000 -0.000000 1.000000
vn -0.000000 -0.000000 1.000000
vn -0.000000 -0.000000 1.000000
vn -0.000000 -0.000000 1.000000
vn -0.000000 -0.000000 1.000000
vn -0.000000 -0.000000 1.000000
vn -0.000000 -0.000000 1.000000
vn -0.000000 -0.000000 1.000000
vn -0.000000 -0.000000 1.000000
vn -0.000000 -0.000000 1.000000
vn -0.000000 -0.000000 1.000000
vn -0.000000 -0.000000 1.000000
vn -0.000000 -0.000000 1.000000
vn -0.000000 -0.000000 1.000000
vn -0.000000 -0.000000 1.000000
vn -0.000000 -0.000000 1.000000
vn -0.000000 -0.000000 1.000000
vn -0.000000 -0.000000 1.000000
vn -0.000000 -0.000000 1.000000
vn -0.000000 -0.000000 1.000000
vn -0.000000 -0.000000 1.000000
vn -0.000000 -0.000000 1.000000
vn -0.000000 -0.000000 1.000000
vn -0.000000 -0.000000 1.000000
vn -0.000000 -0.000000 1.000000
vn -0.000000 -0.000000 1.000000
vn -0.000000 -0.000000 1.000000
vn -0.000000 -0.000000 1.000000
vn -0.000000 -0.000000 1.000000
vn -0.000000 -0.000000 1.000000
vn -0.000000 -0.000000 1.000000
vn -0.000000 -0.000000 1.000000
vn -0.000000 -0.000000 1.000000
vn -0.000000 -0.000000 1.000000
vn -0.000000 -0.000000 1.000000
vn -0.000000 -0.000000 1.000000
vn -0.000000 -0.000000 1.000000
vn -0.000000 -0.000000 1.000000
vn -0.000000 -0.000000 1.000000
vn -0.000000 -0.000000 1.000000
vn -0.000000 -0.000000 1.000000
vn -0.000000 -0.000000 1.000000
vn -0.000000 -0.000000 1.000000
vn -0.000000 -0.000000 1.000000
vn -0.000000 -0.000000 1.000000
vn -0.000000 -0.000000 1.000000
vn -0.000000 -0.000000 1.000000
vn -0.000000 -0.000000 1.000000
vn -0.000000 -0.000000 1.000000
vn -0.000000 -0.000000 1.000000
vn -0.000000 -0.000000 1.000000
vn -0.000000 -0.000000 1.000000
vn -0.000000 -0.000000 1.000000
vn -0.000000 -0.000000 1.000000
vn -0.000000 -0.000000 1.000000
vn -0.000000 -0.000000 1.000000
vn -0.000000 -0.000000 1.000000
vn -0.000000 -0.000000 1.000000
vn -0.000000 -0.000000 1.000000
vn -0.000000 -0.000000 1.000000
vn -0.000000 -0.000000 1.000000
vn -0.000000 -0.000000 1.000000
vn -0.000000 -0.000000 1.000000
vn -0.000000 -0.000000 1.000000
vn -0.000000 -0.000000 1.000000
vn -0.000000 -0.000000 1.000000
vn -0.000000 -0.000000 1.000000
vn -0.000000 -0.000000 1.000000
vn -0.000000 -0.000000 1.000000
vn -0.000000 -0.000000 1.000000
vn -0.000000 -0.000000 1.000000
vn -0.000000 -0.000000 1.000000
vn -0.000000 -0.000000 1.000000
vn -0.000000 -0.000000 1.000000
vn -0.000000 -0.000000 1.000000
vn -0.000000 -0.000000 1.000000
vn -0.000000 -0.000000 1.000000
vn -0.000000 -0.000000 1.000000
vn -0.000000 -0.000000 1.000000
vn -0.000000 -0.000000 1.000000
vn -0.000000 -0.000000 1.000000
vn -0.000000 -0.000000 1.000000
vn -0.000000 -0.000000 1.000000
vn -0.000000 -0.000000 1.000000
vn -0.000000 -0.000000 1.000000
vn -0.000000 -0.000000 1.000000
vn -0.000000 -0.000000 1.000000
vn -0.000000 -0.000000 1.000000
vn -0.000000 -0.000000 1.000000
vn -0.000000 -0.000000 1.000000
vn -0.000000 -0.000000 1.000000
vn -0.000000 -0.000000 1.000000
vn -0.000000 -0.000000 1.000000
vn -0.000000 -0.000000 1.000000
vn -0.000000 -0.000000 1.000000
vn -0.000000 -0.000000 1.000000
vn -0.000000 -0.000000 1.000000
vn -0.000000 -0.000000 1.000000
vn -0.000000 -0.000000 1.000000
vn -0.000000 -0.000000 1.000000
vn -0.000000 -0.000000 1.000000
vn -0.000000 -0.000000 1.000000
f 2581//2581 2428//2428 2427//2427
f 2581//2581 2427//2427 2582//2582
f 2583//2583 2582//2582 2427//2427
f 2580//2580 2428//2428 2581//2581
f 2579//2579 2428//2428 2580//2580
f 2584//2584 2583//2583 2427//2427
f 2578//2578 2428//2428 2579//2579
f 2585//2585 2584//2584 2427//2427
f 2586//2586 2585//2585 2427//2427
f 2577//2577 2428//2428 2578//2578
f 2587//2587 2586//2586 2427//2427
f 2612//2612 2428//2428 2577//2577
f 2588//2588 2587//2587 2427//2427
f 2611//2611 2428//2428 2612//2612
f 2589//2589 2588//2588 2427//2427
f 2610//2610 2428//2428 2611//2611
f 2618//2618 2609//2609 2608//2608
f 2818//2818 2817//2817 2591//2591
f 2818//2818 2591//2591 2590//2590
f 2617//2617 2609//2609 2618//2618
f 2819//2819 2818//2818 2590//2590
f 2819//2819 2590//2590 2589//2589
f 2819//2819 2589//2589 2427//2427
f 2816//2816 2591//2591 2817//2817
f 2816//2816 2592//2592 2591//2591
f 2816//2816 2593//2593 2592//2592
f 2619//2619 2618//2618 2608//2608
f 2619//2619 2608//2608 2607//2607
f 2616//2616 2609//2609 2617//2617
f 2616//2616 2610//2610 2609//2609
f 2616//2616 2428//2428 2610//2610
f 2820//2820 2819//2819 2427//2427
f 2615//2615 2428//2428 2616//2616
f 2815//2815 2593//2593 2816//2816
f 2620//2620 2619//2619 2607//2607
f 2620//2620 2607//2607 2606//2606
f 2821//2821 2820//2820 2427//2427
f 2614//2614 2428//2428 2615//2615
f 2814//2814 2593//2593 2815//2815
f 2814//2814 2594//2594 2593//2593
f 2621//2621 2620//2620 2606//2606
f 2621//2621 2606//2606 2605//2605
f 2813//2813 2594//2594 2814//2814
f 2813//2813 2595//2595 2594//2594
f 2813//2813 2596//2596 2595//2595
f 2822//2822 2821//2821 2427//2427
f 2613//2613 2428//2428 2614//2614
f 2622//2622 2621//2621 2605//2605
f 2622//2622 2605//2605 2604//2604
f 2848//2848 2596//2596 2813//2813
f 2848//2848 2597//2597 2596//2596
f 2623//2623 2622//2622 2604//2604
f 2623//2623 2603//2603 2602//2602
f 2623//2623 2604//2604 2603//2603
f 2624//2624 2623//2623 2602//2602
f 2847//2847 2597//2597 2848//2848
f 2625//2625 2602//2602 2601//2601
f 2625//2625 2624//2624 2602//2602
f 2846//2846 2597//2597 2847//2847
f 2846//2846 2598//2598 2597//2597
f 2626//2626 2601//2601 2600//2600
f 2626//2626 2625//2625 2601//2601
f 2845//2845 2599//2599 2598//2598
f 2845//2845 2598//2598 2846//2846
f 2801//2801 2627//2627 2626//2626
f 2801//2801 2628//2628 2627//2627
f 2801//2801 2629//2629 2628//2628
f 2801//2801 2630//2630 2629//2629
f 2801//2801 2631//2631 2630//2630
f 2801//2801 2599//2599 2845//2845
f 2801//2801 2632//2632 2631//2631
f 2801//2801 2633//2633 2632//2632
f 2801//2801 2839//2839 2838//2838
f 2801//2801 2840//2840 2839//2839
f 2801//2801 2841//2841 2840//2840
f 2801//2801 2842//2842 2841//2841
f 2801//2801 2843//2843 2842//2842
f 2801//2801 2844//2844 2843//2843
f 2801//2801 2845//2845 2844//2844
f 2801//2801 2600//2600 2599//2599
f 2801//2801 2626//2626 2600//2600
f 2803//2803 2830//2830 2829//2829
f 2803//2803 2831//2831 2830//2830
f 2803//2803 2832//2832 2831//2831
f 2803//2803 2833//2833 2832//2832
f 2803//2803 2834//2834 2833//2833
f 2803//2803 2835//2835 2834//2834
f 2803//2803 2836//2836 2835//2835
f 2803//2803 2837//2837 2836//2836
f 2803//2803 2838//2838 2837//2837
f 2803//2803 2801//2801 2838//2838
f 2799//2799 2634//2634 2633//2633
f 2799//2799 2635//2635 2634//2634
f 2799//2799 2636//2636 2635//2635
f 2799//2799 2637//2637 2636//2636
f 2799//2799 2638//2638 2637//2637
f 2799//2799 2639//2639 2638//2638
f 2799//2799 2640//2640 2639//2639
f 2799//2799 2641//2641 2640//2640
f 2799//2799 2642//2642 2641//2641
f 2799//2799 2633//2633 2801//2801
f 2545//2545 2827//2827 2826//2826
f 2545//2545 2828//2828 2827//2827
f 2654//2654 2645//2645 2644//2644
f 2653//2653 2645//2645 2654//2654
f 2546//2546 2545//2545 2826//2826
f 2546//2546 2826//2826 2825//2825
f 2544//2544 2828//2828 2545//2545
f 2547//2547 2546//2546 2825//2825
f 2547//2547 2825//2825 2824//2824
f 2652//2652 2646//2646 2645//2645
f 2652//2652 2645//2645 2653//2653
f 2655//2655 2644//2644 2643//2643
f 2655//2655 2654//2654 2644//2644
f 2548//2548 2547//2547 2824//2824
f 2543//2543 2829//2829 2828//2828
f 2543//2543 2803//2803 2829//2829
f 2543//2543 2804//2804 2803//2803
f 2543//2543 2828//2828 2544//2544
f 2651//2651 2646//2646 2652//2652
f 2651//2651 2647//2647 2646//2646
f 2656//2656 2643//2643 2642//2642
f 2656//2656 2642//2642 2799//2799
f 2656//2656 2799//2799 2798//2798
f 2656//2656 2655//2655 2643//2643
f 2549//2549 2548//2548 2824//2824
f 2549//2549 2824//2824 2823//2823
f 2650//2650 2648//2648 2647//2647
f 2650//2650 2647//2647 2651//2651
f 2542//2542 2804//2804 2543//2543
f 2657//2657 2656//2656 2798//2798
f 2541//2541 2804//2804 2542//2542
f 2649//2649 2613//2613 2648//2648
f 2649//2649 2648//2648 2650//2650
f 2658//2658 2657//2657 2798//2798
f 2576//2576 2804//2804 2541//2541
f 2659//2659 2658//2658 2798//2798
f 2660//2660 2659//2659 2798//2798
f 2575//2575 2804//2804 2576//2576
f 2574//2574 2804//2804 2575//2575
f 2661//2661 2660//2660 2798//2798
f 2573//2573 2804//2804 2574//2574
f 2662//2662 2661//2661 2798//2798
f 2572//2572 2804//2804 2573//2573
f 2663//2663 2662//2662 2798//2798
f 2571//2571 2804//2804 2572//2572
f 2664//2664 2663//2663 2798//2798
f 2570//2570 2804//2804 2571//2571
f 2665//2665 2664//2664 2798//2798
f 2802//2802 2801//2801 2803//2803
f 2800//2800 2799//2799 2801//2801
f 2510//2510 2509//2509 2555//2555
f 2510//2510 2555//2555 2554//2554
f 2689//2689 2680//2680 2690//2690
f 2689//2689 2681//2681 2680//2680
f 2508//2508 2555//2555 2509//2509
f 2508//2508 2556//2556 2555//2555
f 2511//2511 2554//2554 2553//2553
f 2511//2511 2510//2510 2554//2554
f 2688//2688 2681//2681 2689//2689
f 2688//2688 2682//2682 2681//2681
f 2691//2691 2679//2679 2678//2678
f 2691//2691 2690//2690 2680//2680
f 2691//2691 2680//2680 2679//2679
f 2507//2507 2557//2557 2556//2556
f 2507//2507 2556//2556 2508//2508
f 2692//2692 2691//2691 2678//2678
f 2506//2506 2558//2558 2557//2557
f 2506//2506 2559//2559 2558//2558
f 2506//2506 2557//2557 2507//2507
f 2693//2693 2677//2677 2676//2676
f 2693//2693 2678//2678 2677//2677
f 2693//2693 2692//2692 2678//2678
f 2505//2505 2559//2559 2506//2506
f 2694//2694 2693//2693 2676//2676
f 2425//2425 2511//2511 2553//2553
f 2425//2425 2551//2551 2550//2550
f 2425//2425 2552//2552 2551//2551
f 2425//2425 2553//2553 2552//2552
f 2425//2425 2512//2512 2511//2511
f 2425//2425 2513//2513 2512//2512
f 2425//2425 2514//2514 2513//2513
f 2429//2429 2613//2613 2649//2649
f 2429//2429 2682//2682 2688//2688
f 2429//2429 2683//2683 2682//2682
f 2429//2429 2684//2684 2683//2683
f 2429//2429 2649//2649 2684//2684
f 2429//2429 2686//2686 2685//2685
f 2429//2429 2687//2687 2686//2686
f 2429//2429 2688//2688 2687//2687
f 2429//2429 2428//2428 2613//2613
f 2515//2515 2514//2514 2425//2425
f 2540//2540 2560//2560 2559//2559
f 2540//2540 2559//2559 2505//2505
f 2695//2695 2676//2676 2675//2675
f 2695//2695 2694//2694 2676//2676
f 2720//2720 2429//2429 2685//2685
f 2516//2516 2515//2515 2425//2425
f 2539//2539 2561//2561 2560//2560
f 2539//2539 2560//2560 2540//2540
f 2696//2696 2674//2674 2673//2673
f 2696//2696 2675//2675 2674//2674
f 2696//2696 2695//2695 2675//2675
f 2719//2719 2429//2429 2720//2720
f 2517//2517 2516//2516 2425//2425
f 2538//2538 2561//2561 2539//2539
f 2538//2538 2562//2562 2561//2561
f 2538//2538 2563//2563 2562//2562
f 2697//2697 2673//2673 2672//2672
f 2697//2697 2696//2696 2673//2673
f 2718//2718 2429//2429 2719//2719
f 2537//2537 2563//2563 2538//2538
f 2717//2717 2429//2429 2718//2718
f 2518//2518 2517//2517 2425//2425
f 2698//2698 2697//2697 2672//2672
f 2806//2806 2563//2563 2537//2537
f 2806//2806 2564//2564 2563//2563
f 2806//2806 2565//2565 2564//2564
f 2806//2806 2566//2566 2565//2565
f 2806//2806 2567//2567 2566//2566
f 2806//2806 2568//2568 2567//2567
f 2806//2806 2569//2569 2568//2568
f 2806//2806 2570//2570 2569//2569
f 2806//2806 2805//2805 2804//2804
f 2806//2806 2804//2804 2570//2570
f 2796//2796 2666//2666 2665//2665
f 2796//2796 2667//2667 2666//2666
f 2796//2796 2668//2668 2667//2667
f 2796//2796 2669//2669 2668//2668
f 2796//2796 2670//2670 2669//2669
f 2796//2796 2671//2671 2670//2670
f 2796//2796 2672//2672 2671//2671
f 2796//2796 2698//2698 2672//2672
f 2796//2796 2798//2798 2797//2797
f 2796//2796 2665//2665 2798//2798
f 2536//2536 2806//2806 2537//2537
f 2699//2699 2698//2698 2796//2796
f 2426//2426 2518//2518 2425//2425
f 2426//2426 2519//2519 2518//2518
f 2426//2426 2520//2520 2519//2519
f 2426//2426 2521//2521 2520//2520
f 2426//2426 2522//2522 2521//2521
f 2430//2430 2429//2429 2717//2717
f 2430//2430 2714//2714 2713//2713
f 2430//2430 2715//2715 2714//2714
f 2430//2430 2716//2716 2715//2715
f 2430//2430 2717//2717 2716//2716
f 2523//2523 2522//2522 2426//2426
f 2712//2712 2430//2430 2713//2713
f 2524//2524 2523//2523 2426//2426
f 2711//2711 2430//2430 2712//2712
f 2525//2525 2524//2524 2426//2426
f 2710//2710 2430//2430 2711//2711
f 2526//2526 2525//2525 2426//2426
f 2709//2709 2430//2430 2710//2710
f 2854//2854 2853//2853 2806//2806
f 2854//2854 2806//2806 2536//2536
f 2725//2725 2699//2699 2796//2796
f 2725//2725 2700//2700 2699//2699
f 2725//2725 2796//2796 2726//2726
f 2852//2852 2806//2806 2853//2853
f 2855//2855 2854//2854 2536//2536
f 2855//2855 2536//2536 2535//2535
f 2724//2724 2701//2701 2700//2700
f 2724//2724 2700//2700 2725//2725
f 2727//2727 2726//2726 2796//2796
f 2728//2728 2727//2727 2796//2796
f 2856//2856 2535//2535 2534//2534
f 2856//2856 2855//2855 2535//2535
f 2851//2851 2806//2806 2852//2852
f 2723//2723 2701//2701 2724//2724
f 2850//2850 2806//2806 2851//2851
f 2857//2857 2533//2533 2532//2532
f 2857//2857 2534//2534 2533//2533
f 2857//2857 2856//2856 2534//2534
f 2722//2722 2701//2701 2723//2723
f 2722//2722 2702//2702 2701//2701
f 2722//2722 2703//2703 2702//2702
f 2729//2729 2728//2728 2796//2796
f 2721//2721 2703//2703 2722//2722
f 2730//2730 2729//2729 2796//2796
f 2849//2849 2806//2806 2850//2850
f 2858//2858 2532//2532 2531//2531
f 2858//2858 2857//2857 2532//2532
f 2859//2859 2858//2858 2531//2531
f 2884//2884 2806//2806 2849//2849
f 2731//2731 2730//2730 2796//2796
f 2756//2756 2703//2703 2721//2721
f 2756//2756 2704//2704 2703//2703
f 2756//2756 2705//2705 2704//2704
f 2732//2732 2731//2731 2796//2796
f 2860//2860 2530//2530 2529//2529
f 2860//2860 2531//2531 2530//2530
f 2860//2860 2859//2859 2531//2531
f 2883//2883 2806//2806 2884//2884
f 2755//2755 2705//2705 2756//2756
f 2861//2861 2860//2860 2529//2529
f 2754//2754 2705//2705 2755//2755
f 2754//2754 2706//2706 2705//2705
f 2754//2754 2707//2707 2706//2706
f 2862//2862 2528//2528 2527//2527
f 2862//2862 2529//2529 2528//2528
f 2862//2862 2861//2861 2529//2529
f 2753//2753 2707//2707 2754//2754
f 2863//2863 2527//2527 2526//2526
f 2863//2863 2862//2862 2527//2527
f 2752//2752 2707//2707 2753//2753
f 2752//2752 2708//2708 2707//2707
f 2864//2864 2863//2863 2526//2526
f 2864//2864 2526//2526 2426//2426
f 2751//2751 2430//2430 2709//2709
f 2751//2751 2709//2709 2708//2708
f 2751//2751 2708//2708 2752//2752
f 2865//2865 2864//2864 2426//2426
f 2750//2750 2430//2430 2751//2751
f 2866//2866 2865//2865 2426//2426
f 2749//2749 2430//2430 2750//2750
f 2748//2748 2430//2430 2749//2749
f 2808//2808 2875//2875 2874//2874
f 2808//2808 2876//2876 2875//2875
f 2808//2808 2877//2877 2876//2876
f 2808//2808 2878//2878 2877//2877
f 2808//2808 2879//2879 2878//2878
f 2808//2808 2880//2880 2879//2879
f 2808//2808 2881//2881 2880//2880
f 2808//2808 2882//2882 2881//2881
f 2808//2808 2883//2883 2882//2882
f 2808//2808 2806//2806 2883//2883
f 2808//2808 2807//2807 2806//2806
f 2794//2794 2733//2733 2732//2732
f 2794//2794 2734//2734 2733//2733
f 2794//2794 2735//2735 2734//2734
f 2794//2794 2736//2736 2735//2735
f 2794//2794 2737//2737 2736//2736
f 2794//2794 2738//2738 2737//2737
f 2794//2794 2739//2739 2738//2738
f 2794//2794 2740//2740 2739//2739
f 2794//2794 2741//2741 2740//2740
f 2794//2794 2732//2732 2796//2796
f 2794//2794 2796//2796 2795//2795
f 2809//2809 2808//2808 2874//2874
f 2811//2811 2810//2810 2809//2809
f 2811//2811 2793//2793 2812//2812
f 2474//2474 2473//2473 2809//2809
f 2762//2762 2761//2761 2793//2793
f 2472//2472 2809//2809 2473//2473
f 2475//2475 2474//2474 2809//2809
f 2760//2760 2793//2793 2761//2761
f 2763//2763 2762//2762 2793//2793
f 2764//2764 2793//2793 2811//2811
f 2764//2764 2763//2763 2793//2793
f 2471//2471 2811//2811 2809//2809
f 2471//2471 2809//2809 2472//2472
f 2476//2476 2475//2475 2809//2809
f 2759//2759 2793//2793 2760//2760
f 2765//2765 2764//2764 2811//2811
f 2470//2470 2811//2811 2471//2471
f 2477//2477 2476//2476 2809//2809
f 2758//2758 2793//2793 2759//2759
f 2757//2757 2793//2793 2758//2758
f 2766//2766 2765//2765 2811//2811
f 2469//2469 2811//2811 2470//2470
f 2478//2478 2477//2477 2809//2809
f 2504//2504 2811//2811 2469//2469
f 2479//2479 2478//2478 2809//2809
f 2767//2767 2766//2766 2811//2811
f 2792//2792 2793//2793 2757//2757
f 2503//2503 2811//2811 2504//2504
f 2768//2768 2767//2767 2811//2811
f 2480//2480 2479//2479 2809//2809
f 2480//2480 2809//2809 2874//2874
f 2791//2791 2741//2741 2794//2794
f 2791//2791 2794//2794 2793//2793
f 2791//2791 2793//2793 2792//2792
f 2502//2502 2811//2811 2503//2503
f 2481//2481 2873//2873 2872//2872
f 2481//2481 2874//2874 2873//2873
f 2481//2481 2480//2480 2874//2874
f 2769//2769 2768//2768 2811//2811
f 2790//2790 2742//2742 2741//2741
f 2790//2790 2743//2743 2742//2742
f 2790//2790 2741//2741 2791//2791
f 2501//2501 2811//2811 2502//2502
f 2789//2789 2743//2743 2790//2790
f 2482//2482 2481//2481 2872//2872
f 2770//2770 2769//2769 2811//2811
f 2500//2500 2811//2811 2501//2501
f 2483//2483 2482//2482 2872//2872
f 2483//2483 2872//2872 2871//2871
f 2771//2771 2770//2770 2811//2811
f 2788//2788 2744//2744 2743//2743
f 2788//2788 2745//2745 2744//2744
f 2788//2788 2743//2743 2789//2789
f 2484//2484 2483//2483 2871//2871
f 2484//2484 2871//2871 2870//2870
f 2787//2787 2745//2745 2788//2788
f 2485//2485 2484//2484 2870//2870
f 2485//2485 2870//2870 2869//2869
f 2786//2786 2746//2746 2745//2745
f 2786//2786 2745//2745 2787//2787
f 2785//2785 2747//2747 2746//2746
f 2785//2785 2746//2746 2786//2786
f 2437//2437 2771//2771 2811//2811
f 2437//2437 2772//2772 2771//2771
f 2438//2438 2811//2811 2500//2500
f 2438//2438 2437//2437 2811//2811
f 2436//2436 2773//2773 2772//2772
f 2436//2436 2772//2772 2437//2437
f 2439//2439 2438//2438 2500//2500
f 2439//2439 2499//2499 2498//2498
f 2439//2439 2500//2500 2499//2499
f 2440//2440 2439//2439 2498//2498
f 2435//2435 2773//2773 2436//2436
f 2441//2441 2498//2498 2497//2497
f 2441//2441 2440//2440 2498//2498
f 2434//2434 2774//2774 2773//2773
f 2434//2434 2775//2775 2774//2774
f 2434//2434 2773//2773 2435//2435
f 2442//2442 2441//2441 2497//2497
f 2442//2442 2497//2497 2496//2496
f 2433//2433 2775//2775 2434//2434
f 2443//2443 2442//2442 2496//2496
f 2443//2443 2496//2496 2495//2495
f 2468//2468 2776//2776 2775//2775
f 2468//2468 2775//2775 2433//2433
f 2444//2444 2443//2443 2495//2495
f 2444//2444 2495//2495 2494//2494
f 2467//2467 2776//2776 2468//2468
f 2467//2467 2777//2777 2776//2776
f 2467//2467 2778//2778 2777//2777
f 2445//2445 2444//2444 2494//2494
f 2445//2445 2493//2493 2492//2492
f 2445//2445 2494//2494 2493//2493
f 2466//2466 2778//2778 2467//2467
f 2465//2465 2778//2778 2466//2466
f 2465//2465 2779//2779 2778//2778
f 2446//2446 2445//2445 2492//2492
f 2446//2446 2492//2492 2491//2491
f 2464//2464 2780//2780 2779//2779
f 2464//2464 2781//2781 2780//2780
f 2464//2464 2779//2779 2465//2465
f 2447//2447 2446//2446 2491//2491
f 2463//2463 2781//2781 2464//2464
f 2448//2448 2447//2447 2491//2491
f 2448//2448 2491//2491 2490//2490
f 2432//2432 2449//2449 2448//2448
f 2432//2432 2450//2450 2449//2449
f 2432//2432 2451//2451 2450//2450
f 2432//2432 2452//2452 2451//2451
f 2432//2432 2453//2453 2452//2452
f 2432//2432 2454//2454 2453//2453
f 2432//2432 2455//2455 2454//2454
f 2432//2432 2456//2456 2455//2455
f 2432//2432 2448//2448 2490//2490
f 2432//2432 2489//2489 2488//2488
f 2432//2432 2490//2490 2489//2489
f 2431//2431 2781//2781 2463//2463
f 2431//2431 2457//2457 2456//2456
f 2431//2431 2458//2458 2457//2457
f 2431//2431 2459//2459 2458//2458
f 2431//2431 2460//2460 2459//2459
f 2431//2431 2461//2461 2460//2460
f 2431//2431 2462//2462 2461//2461
f 2431//2431 2463//2463 2462//2462
f 2431//2431 2456//2456 2432//2432
f 2431//2431 2782//2782 2781//2781
f 2431//2431 2783//2783 2782//2782
f 2431//2431 2784//2784 2783//2783
f 2425//2425 2822//2822 2427//2427
f 2425//2425 2823//2823 2822//2822
f 2425//2425 2550//2550 2823//2823
f 2550//2550 2549//2549 2823//2823
f 2430//2430 2784//2784 2431//2431
f 2430//2430 2785//2785 2784//2784
f 2430//2430 2748//2748 2785//2785
f 2748//2748 2747//2747 2785//2785
f 2432//2432 2867//2867 2426//2426
f 2867//2867 2866//2866 2426//2426
f 2432//2432 2868//2868 2867//2867
f 2432//2432 2869//2869 2868//2868
f 2432//2432 2487//2487 2869//2869
f 2487//2487 2486//2486 2869//2869
f 2486//2486 2485//2485 2869//2869
f 2432//2432 2488//2488 2487//2487
v 186.000000 -186.000000 -668.000000
v 186.000000 186.000000 -668.000000
v -186.000000 -186.000000 -668.000000
v -186.000000 186.000000 -668.000000
vn -0.000000 -0.000000 1.000000
vn -0.000000 -0.000000 1.000000
vn -0.000000 -0.000000 1.000000
vn -0.000000 -0.000000 1.000000
f 2886//2886 2887//2887 2885//2885
f 2886//2886 2888//2888 2887//2887
v 200.000000 200.000000 -670.000000
v 7.000000 200.000000 -670.000000
v 200.000000 200.000000 -30.000000
v 7.000000 200.000000 -30.000000
vn -0.000000 1.000000 0.000000
vn -0.000000 1.000000 0.000000
vn -0.000000 1.000000 0.000000
vn -0.000000 1.000000 0.000000
f 2890//2890 2891//2891 2889//2889
f 2890//2890 2892//2892 2891//2891
v -7.000000 200.000000 -30.000000
v -200.000000 200.000000 -30.000000
v -200.000000 200.000000 -670.000000
v -7.000000 200.000000 -670.000000
vn -0.000000 1.000000 0.000000
vn -0.000000 1.000000 0.000000
vn -0.000000 1.000000 0.000000
vn -0.000000 1.000000 0.000000
f 2895//2895 2894//2894 2893//2893
f 2895//2895 2893//2893 2896//2896
v -186.000000 186.000000 -30.000000
v -186.000000 186.000000 -668.000000
v 186.000000 186.000000 -668.000000
v 186.000000 186.000000 -30.000000
vn 0.000000 -1.000000 -0.000000
vn 0.000000 -1.000000 -0.000000
vn 0.000000 -1.000000 -0.000000
vn 0.000000 -1.000000 -0.000000
f 2898//2898 2899//2899 2900//2900
f 2898//2898 2900//2900 2897//2897
v -200.000000 200.000000 -670.000000
v -200.000000 7.000000 -670.000000
v -200.000000 200.000000 -30.000000
v -200.000000 7.000000 -30.000000
vn -1.000000 0.000000 -0.000000
vn -1.000000 0.000000 -0.000000
vn -1.000000 0.000000 -0.000000
vn -1.000000 0.000000 -0.000000
f 2901//2901 2904//2904 2903//2903
f 2901//2901 2902//2902 2904//2904
v -200.000000 -7.000000 -30.000000
v -200.000000 -200.000000 -30.000000
v -200.000000 -200.000000 -670.000000
v -200.000000 -7.000000 -670.000000
vn -1.000000 0.000000 -0.000000
vn -1.000000 0.000000 -0.000000
vn -1.000000 0.000000 -0.000000
vn -1.000000 0.000000 -0.000000
f 2907//2907 2906//2906 2905//2905
f 2908//2908 2907//2907 2905//2905
v -186.000000 -186.000000 -30.000000
v -186.000000 -186.000000 -668.000000
v -186.000000 186.000000 -668.000000
v -186.000000 186.000000 -30.000000
vn 1.000000 -0.000000 0.000000
vn 1.000000 -0.000000 0.000000
vn 1.000000 -0.000000 0.000000
vn 1.000000 -0.000000 0.000000
f 2911//2911 2909//2909 2910//2910
f 2911//2911 2912//2912 2909//2909
v 200.000000 -200.000000 -670.000000
v 200.000000 -7.000000 -670.000000
v 200.000000 -200.000000 -30.000000
v 200.000000 -7.000000 -30.000000
vn 1.000000 -0.000000 -0.000000
vn 1.000000 -0.000000 -0.000000
vn 1.000000 -0.000000 -0.000000
vn 1.000000 -0.000000 -0.000000
f 2915//2915 2913//2913 2914//2914
f 2916//2916 2915//2915 2914//2914
v 200.000000 7.000000 -30.000000
v 200.000000 200.000000 -30.000000
v 200.000000 200.000000 -670.000000
v 200.000000 7.000000 -670.000000
vn 1.000000 -0.000000 -0.000000
vn 1.000000 -0.000000 -0.000000
vn 1.000000 -0.000000 -0.000000
vn 1.000000 -0.000000 -0.000000
f 2917//2917 2920//2920 2919//2919
f 2918//2918 2917//2917 2919//2919
v 186.000000 186.000000 -30.000000
v 186.000000 186.000000 -668.000000
v 186.000000 -186.000000 -668.000000
v 186.000000 -186.000000 -30.000000
vn -1.000000 0.000000 0.000000
vn -1.000000 0.000000 0.000000
vn -1.000000 0.000000 0.000000
vn -1.000000 0.000000 0.000000
f 2921//2921 2922//2922 2923//2923
f 2921//2921 2923//2923 2924//2924
v -200.000000 -200.000000 -670.000000
v -7.000000 -200.000000 -670.000000
v -200.000000 -200.000000 -30.000000
v -7.000000 -200.000000 -30.000000
vn 0.000000 -1.000000 -0.000000
vn 0.000000 -1.000000 -0.000000
vn 0.000000 -1.000000 -0.000000
vn 0.000000 -1.000000 -0.000000
f 2926//2926 2927//2927 2925//2925
f 2926//2926 2928//2928 2927//2927
v 7.000000 -200.000000 -30.000000
v 200.000000 -200.000000 -30.000000
v 200.000000 -200.000000 -670.000000
v 7.000000 -200.000000 -670.000000
vn 0.000000 -1.000000 -0.000000
vn 0.000000 -1.000000 -0.000000
vn 0.000000 -1.000000 -0.000000
vn 0.000000 -1.000000 -0.000000
f 2931//2931 2930//2930 2929//2929
f 2931//2931 2929//2929 2932//2932
v 186.000000 -186.000000 -30.000000
v 186.000000 -186.000000 -668.000000
v -186.000000 -186.000000 -668.000000
v -186.000000 -186.000000 -30.000000
vn -0.000000 1.000000 0.000000
vn -0.000000 1.000000 0.000000
vn -0.000000 1.000000 0.000000
vn -0.000000 1.000000 0.000000
f 2934//2934 2935//2935 2936//2936
f 2934//2934 2936//2936 2933//2933
usemtl mat_2
v 440.000000 -450.000000 -700.000000
v -440.000000 -450.000000 -700.000000
v 440.000000 -450.000000 -670.000000
v -440.000000 -450.000000 -670.000000
vn -0.000000 -1.000000 -0.000000
vn -0.000000 -1.000000 -0.000000
vn -0.000000 -1.000000 -0.000000
vn -0.000000 -1.000000 -0.000000
f 2937//2937 2940//2940 2938//2938
f 2939//2939 2940//2940 2937//2937
v 450.000000 440.000000 -700.000000
v 450.000000 -440.000000 -700.000000
v 450.000000 440.000000 -670.000000
v 450.000000 -440.000000 -670.000000
vn 1.000000 -0.000000 -0.000000
vn 1.000000 -0.000000 -0.000000
vn 1.000000 -0.000000 -0.000000
vn 1.000000 -0.000000 -0.000000
f 2941//2941 2944//2944 2942//2942
f 2943//2943 2944//2944 2941//2941
v 440.000000 450.000000 -670.000000
v -440.000000 450.000000 -670.000000
v 440.000000 450.000000 -700.000000
v -440.000000 450.000000 -700.000000
vn 0.000000 1.000000 0.000000
vn 0.000000 1.000000 0.000000
vn 0.000000 1.000000 0.000000
vn 0.000000 1.000000 0.000000
f 2948//2948 2945//2945 2947//2947
f 2946//2946 2945//2945 2948//2948
v -450.000000 -440.000000 -700.000000
v -450.000000 440.000000 -700.000000
v -450.000000 -440.000000 -670.000000
v -450.000000 440.000000 -670.000000
vn -1.000000 0.000000 0.000000
vn -1.000000 0.000000 0.000000
vn -1.000000 0.000000 0.000000
vn -1.000000 0.000000 0.000000
f 2949//2949 2952//2952 2950//2950
f 2951//2951 2952//2952 2949//2949
usemtl mat_1
v -440.000000 450.000000 -700.000000
v 440.000000 450.000000 -700.000000
v 450.000000 440.000000 -700.000000
v 450.000000 -440.000000 -700.000000
v 440.000000 -450.000000 -700.000000
v -440.000000 -450.000000 -700.000000
v -450.000000 -440.000000 -700.000000
v -450.000000 440.000000 -700.000000
v 412.000000 400.000000 -700.000000
v 411.817688 397.916229 -700.000000
v 411.276306 395.895752 -700.000000
v 410.392303 394.000000 -700.000000
v 409.192535 392.286560 -700.000000
v 407.713440 390.807465 -700.000000
v 406.000000 389.607697 -700.000000
v 404.104248 388.723694 -700.000000
v 402.083771 388.182312 -700.000000
v 400.000000 388.000000 -700.000000
v 397.916229 388.182312 -700.000000
v 395.895752 388.723694 -700.000000
v 394.000000 389.607697 -700.000000
v 392.286560 390.807465 -700.000000
v 390.807465 392.286560 -700.000000
v 389.607697 394.000000 -700.000000
v 388.723694 395.895752 -700.000000
v 388.182312 397.916229 -700.000000
v 388.000000 400.000000 -700.000000
v 388.182312 402.083771 -700.000000
v 388.723694 404.104248 -700.000000
v 389.607697 406.000000 -700.000000
v 390.807465 407.713440 -700.000000
v 392.286560 409.192535 -700.000000
v 394.000000 410.392303 -700.000000
v 395.895752 411.276306 -700.000000
v 397.916229 411.817688 -700.000000
v 400.000000 412.000000 -700.000000
v 402.083771 411.817688 -700.000000
v 404.104248 411.276306 -700.000000
v 406.000000 410.392303 -700.000000
v 407.713440 409.192535 -700.000000
v 409.192535 407.713440 -700.000000
v 410.392303 406.000000 -700.000000
v 411.276306 404.104248 -700.000000
v 411.817688 402.083771 -700.000000
v 412.000000 175.000000 -700.000000
v 411.817688 172.916229 -700.000000
v 411.276306 170.895752 -700.000000
v 410.392303 169.000000 -700.000000
v 409.192535 167.286545 -700.000000
v 407.713440 165.807465 -700.000000
v 406.000000 164.607697 -700.000000
v 404.104248 163.723694 -700.000000
v 402.083771 163.182312 -700.000000
v 400.000000 163.000000 -700.000000
v 397.916229 163.182312 -700.000000
v 395.895752 163.723694 -700.000000
v 394.000000 164.607697 -700.000000
v 392.286560 165.807465 -700.000000
v 390.807465 167.286545 -700.000000
v 389.607697 169.000000 -700.000000
v 388.723694 170.895752 -700.000000
v 388.182312 172.916229 -700.000000
v 388.000000 175.000000 -700.000000
v 388.182312 177.083771 -700.000000
v 388.723694 179.104248 -700.000000
v 389.607697 181.000000 -700.000000
v 390.807465 182.713455 -700.000000
v 392.286560 184.192535 -700.000000
v 394.000000 185.392303 -700.000000
v 395.895752 186.276306 -700.000000
v 397.916229 186.817688 -700.000000
v 400.000000 187.000000 -700.000000
v 402.083771 186.817688 -700.000000
v 404.104248 186.276306 -700.000000
v 406.000000 185.392303 -700.000000
v 407.713440 184.192535 -700.000000
v 409.192535 182.713455 -700.000000
v 410.392303 181.000000 -700.000000
v 411.276306 179.104248 -700.000000
v 411.817688 177.083771 -700.000000
v 412.000000 -175.000000 -700.000000
v 411.817688 -177.083771 -700.000000
v 411.276306 -179.104248 -700.000000
v 410.392303 -181.000000 -700.000000
v 409.192535 -182.713455 -700.000000
v 407.713440 -184.192535 -700.000000
v 406.000000 -185.392303 -700.000000
v 404.104248 -186.276306 -700.000000
v 402.083771 -186.817688 -700.000000
v 400.000000 -187.000000 -700.000000
v 397.916229 -186.817688 -700.000000
v 395.895752 -186.276306 -700.000000
v 394.000000 -185.392303 -700.000000
v 392.286560 -184.192535 -700.000000
v 390.807465 -182.713455 -700.000000
v 389.607697 -181.000000 -700.000000
v 388.723694 -179.104248 -700.000000
v 388.182312 -177.083771 -700.000000
v 388.000000 -175.000000 -700.000000
v 388.182312 -172.916229 -700.000000
v 388.723694 -170.895752 -700.000000
v 389.607697 -169.000000 -700.000000
v 390.807465 -167.286545 -700.000000
v 392.286560 -165.807465 -700.000000
v 394.000000 -164.607697 -700.000000
v 395.895752 -163.723694 -700.000000
v 397.916229 -163.182312 -700.000000
v 400.000000 -163.000000 -700.000000
v 402.083771 -163.182312 -700.000000
v 404.104248 -163.723694 -700.000000
v 406.000000 -164.607697 -700.000000
v 407.713440 -165.807465 -700.000000
v 409.192535 -167.286545 -700.000000
v 410.392303 -169.000000 -700.000000
v 411.276306 -170.895752 -700.000000
v 411.817688 -172.916229 -700.000000
v 412.000000 -400.000000 -700.000000
v 411.817688 -402.083771 -700.000000
v 411.276306 -404.104248 -700.000000
v 410.392303 -406.000000 -700.000000
v 409.192535 -407.713440 -700.000000
v 407.713440 -409.192535 -700.000000
v 406.000000 -410.392303 -700.000000
v 404.104248 -411.276306 -700.000000
v 402.083771 -411.817688 -700.000000
v 400.000000 -412.000000 -700.000000
v 397.916229 -411.817688 -700.000000
v 395.895752 -411.276306 -700.000000
v 394.000000 -410.392303 -700.000000
v 392.286560 -409.192535 -700.000000
v 390.807465 -407.713440 -700.000000
v 389.607697 -406.000000 -700.000000
v 388.723694 -404.104248 -700.000000
v 388.182312 -402.083771 -700.000000
v 388.000000 -400.000000 -700.000000
v 388.182312 -397.916229 -700.000000
v 388.723694 -395.895752 -700.000000
v 389.607697 -394.000000 -700.000000
v 390.807465 -392.286560 -700.000000
v 392.286560 -390.807465 -700.000000
v 394.000000 -389.607697 -700.000000
v 395.895752 -388.723694 -700.000000
v 397.916229 -388.182312 -700.000000
v 400.000000 -388.000000 -700.000000
v 402.083771 -388.182312 -700.000000
v 404.104248 -388.723694 -700.000000
v 406.000000 -389.607697 -700.000000
v 407.713440 -390.807465 -700.000000
v 409.192535 -392.286560 -700.000000
v 410.392303 -394.000000 -700.000000
v 411.276306 -395.895752 -700.000000
v 411.817688 -397.916229 -700.000000
v 187.000000 -400.000000 -700.000000
v 186.817688 -402.083771 -700.000000
v 186.276306 -404.104248 -700.000000
v 185.392303 -406.000000 -700.000000
v 184.192535 -407.713440 -700.000000
v 182.713455 -409.192535 -700.000000
v 181.000000 -410.392303 -700.000000
v 179.104248 -411.276306 -700.000000
v 177.083771 -411.817688 -700.000000
v 175.000000 -412.000000 -700.000000
v 172.916229 -411.817688 -700.000000
v 170.895752 -411.276306 -700.000000
v 169.000000 -410.392303 -700.000000
v 167.286545 -409.192535 -700.000000
v 165.807465 -407.713440 -700.000000
v 164.607697 -406.000000 -700.000000
v 163.723694 -404.104248 -700.000000
v 163.182312 -402.083771 -700.000000
v 163.000000 -400.000000 -700.000000
v 163.182312 -397.916229 -700.000000
v 163.723694 -395.895752 -700.000000
v 164.607697 -394.000000 -700.000000
v 165.807465 -392.286560 -700.000000
v 167.286545 -390.807465 -700.000000
v 169.000000 -389.607697 -700.000000
v 170.895752 -388.723694 -700.000000
v 172.916229 -388.182312 -700.000000
v 175.000000 -388.000000 -700.000000
v 177.083771 -388.182312 -700.000000
v 179.104248 -388.723694 -700.000000
v 181.000000 -389.607697 -700.000000
v 182.713455 -390.807465 -700.000000
v 184.192535 -392.286560 -700.000000
v 185.392303 -394.000000 -700.000000
v 186.276306 -395.895752 -700.000000
v 186.817688 -397.916229 -700.000000
v -163.000000 -400.000000 -700.000000
v -163.182312 -402.083771 -700.000000
v -163.723694 -404.104248 -700.000000
v -164.607697 -406.000000 -700.000000
v -165.807465 -407.713440 -700.000000
v -167.286545 -409.192535 -700.000000
v -169.000000 -410.392303 -700.000000
v -170.895752 -411.276306 -700.000000
v -172.916229 -411.817688 -700.000000
v -175.000000 -412.000000 -700.000000
v -177.083771 -411.817688 -700.000000
v -179.104248 -411.276306 -700.000000
v -181.000000 -410.392303 -700.000000
v -182.713455 -409.192535 -700.000000
v -184.192535 -407.713440 -700.000000
v -185.392303 -406.000000 -700.000000
v -186.276306 -404.104248 -700.000000
v -186.817688 -402.083771 -700.000000
v -187.000000 -400.000000 -700.000000
v -186.817688 -397.916229 -700.000000
v -186.276306 -395.895752 -700.000000
v -185.392303 -394.000000 -700.000000
v -184.192535 -392.286560 -700.000000
v -182.713455 -390.807465 -700.000000
v -181.000000 -389.607697 -700.000000
v -179.104248 -388.723694 -700.000000
v -177.083771 -388.182312 -700.000000
v -175.000000 -388.000000 -700.000000
v -172.916229 -388.182312 -700.000000
v -170.895752 -388.723694 -700.000000
v -169.000000 -389.607697 -700.000000
v -167.286545 -390.807465 -700.000000
v -165.807465 -392.286560 -700.000000
v -164.607697 -394.000000 -700.000000
v -163.723694 -395.895752 -700.000000
v -163.182312 -397.916229 -700.000000
v -388.000000 -400.000000 -700.000000
v -388.182312 -402.083771 -700.000000
v -388.723694 -404.104248 -700.000000
v -389.607697 -406.000000 -700.000000
v -390.807465 -407.713440 -700.000000
v -392.286560 -409.192535 -700.000000
v -394.000000 -410.392303 -700.000000
v -395.895752 -411.276306 -700.000000
v -397.916229 -411.817688 -700.000000
v -400.000000 -412.000000 -700.000000
v -402.083771 -411.817688 -700.000000
v -404.104248 -411.276306 -700.000000
v -406.000000 -410.392303 -700.000000
v -407.713440 -409.192535 -700.000000
v -409.192535 -407.713440 -700.000000
v -410.392303 -406.000000 -700.000000
v -411.276306 -404.104248 -700.000000
v -411.817688 -402.083771 -700.000000
v -412.000000 -400.000000 -700.000000
v -411.817688 -397.916229 -700.000000
v -411.276306 -395.895752 -700.000000
v -410.392303 -394.000000 -700.000000
v -409.192535 -392.286560 -700.000000
v -407.713440 -390.807465 -700.000000
v -406.000000 -389.607697 -700.000000
v -404.104248 -388.723694 -700.000000
v -402.083771 -388.182312 -700.000000
v -400.000000 -388.000000 -700.000000
v -397.916229 -388.182312 -700.000000
v -395.895752 -388.723694 -700.000000
v -394.000000 -389.607697 -700.000000
v -392.286560 -390.807465 -700.000000
v -390.807465 -392.286560 -700.000000
v -389.607697 -394.000000 -700.000000
v -388.723694 -395.895752 -700.000000
v -388.182312 -397.916229 -700.000000
v -388.000000 -175.000000 -700.000000
v -388.182312 -177.083771 -700.000000
v -388.723694 -179.104248 -700.000000
v -389.607697 -181.000000 -700.000000
v -390.807465 -182.713455 -700.000000
v -392.286560 -184.192535 -700.000000
v -394.000000 -185.392303 -700.000000
v -395.895752 -186.276306 -700.000000
v -397.916229 -186.817688 -700.000000
v -400.000000 -187.000000 -700.000000
v -402.083771 -186.817688 -700.000000
v -404.104248 -186.276306 -700.000000
v -406.000000 -185.392303 -700.000000
v -407.713440 -184.192535 -700.000000
v -409.192535 -182.713455 -700.000000
v -410.392303 -181.000000 -700.000000
v -411.276306 -179.104248 -700.000000
v -411.817688 -177.083771 -700.000000
v -412.000000 -175.000000 -700.000000
v -411.817688 -172.916229 -700.000000
v -411.276306 -170.895752 -700.000000
v -410.392303 -169.000000 -700.000000
v -409.192535 -167.286545 -700.000000
v -407.713440 -165.807465 -700.000000
v -406.000000 -164.607697 -700.000000
v -404.104248 -163.723694 -700.000000
v -402.083771 -163.182312 -700.000000
v -400.000000 -163.000000 -700.000000
v -397.916229 -163.182312 -700.000000
v -395.895752 -163.723694 -700.000000
v -394.000000 -164.607697 -700.000000
v -392.286560 -165.807465 -700.000000
v -390.807465 -167.286545 -700.000000
v -389.607697 -169.000000 -700.000000
v -388.723694 -170.895752 -700.000000
v -388.182312 -172.916229 -700.000000
v -388.000000 175.000000 -700.000000
v -388.182312 172.916229 -700.000000
v -388.723694 170.895752 -700.000000
v -389.607697 169.000000 -700.000000
v -390.807465 167.286545 -700.000000
v -392.286560 165.807465 -700.000000
v -394.000000 164.607697 -700.000000
v -395.895752 163.723694 -700.000000
v -397.916229 163.182312 -700.000000
v -400.000000 163.000000 -700.000000
v -402.083771 163.182312 -700.000000
v -404.104248 163.723694 -700.000000
v -406.000000 164.607697 -700.000000
v -407.713440 165.807465 -700.000000
v -409.192535 167.286545 -700.000000
v -410.392303 169.000000 -700.000000
v -411.276306 170.895752 -700.000000
v -411.817688 172.916229 -700.000000
v -412.000000 175.000000 -700.000000
v -411.817688 177.083771 -700.000000
v -411.276306 179.104248 -700.000000
v -410.392303 181.000000 -700.000000
v -409.192535 182.713455 -700.000000
v -407.713440 184.192535 -700.000000
v -406.000000 185.392303 -700.000000
v -404.104248 186.276306 -700.000000
v -402.083771 186.817688 -700.000000
v -400.000000 187.000000 -700.000000
v -397.916229 186.817688 -700.000000
v -395.895752 186.276306 -700.000000
v -394.000000 185.392303 -700.000000
v -392.286560 184.192535 -700.000000
v -390.807465 182.713455 -700.000000
v -389.607697 181.000000 -700.000000
v -388.723694 179.104248 -700.000000
v -388.182312 177.083771 -700.000000
v -388.000000 400.000000 -700.000000
v -388.182312 397.916229 -700.000000
v -388.723694 395.895752 -700.000000
v -389.607697 394.000000 -700.000000
v -390.807465 392.286560 -700.000000
v -392.286560 390.807465 -700.000000
v -394.000000 389.607697 -700.000000
v -395.895752 388.723694 -700.000000
v -397.916229 388.182312 -700.000000
v -400.000000 388.000000 -700.000000
v -402.083771 388.182312 -700.000000
v -404.104248 388.723694 -700.000000
v -406.000000 389.607697 -700.000000
v -407.713440 390.807465 -700.000000
v -409.192535 392.286560 -700.000000
v -410.392303 394.000000 -700.000000
v -411.276306 395.895752 -700.000000
v -411.817688 397.916229 -700.000000
v -412.000000 400.000000 -700.000000
v -411.817688 402.083771 -700.000000
v -411.276306 404.104248 -700.000000
v -410.392303 406.000000 -700.000000
v -409.192535 407.713440 -700.000000
v -407.713440 409.192535 -700.000000
v -406.000000 410.392303 -700.000000
v -404.104248 411.276306 -700.000000
v -402.083771 411.817688 -700.000000
v -400.000000 412.000000 -700.000000
v -397.916229 411.817688 -700.000000
v -395.895752 411.276306 -700.000000
v -394.000000 410.392303 -700.000000
v -392.286560 409.192535 -700.000000
v -390.807465 407.713440 -700.000000
v -389.607697 406.000000 -700.000000
v -388.723694 404.104248 -700.000000
v -388.182312 402.083771 -700.000000
v -163.000000 400.000000 -700.000000
v -163.182312 397.916229 -700.000000
v -163.723694 395.895752 -700.000000
v -164.607697 394.000000 -700.000000
v -165.807465 392.286560 -700.000000
v -167.286545 390.807465 -700.000000
v -169.000000 389.607697 -700.000000
v -170.895752 388.723694 -700.000000
v -172.916229 388.182312 -700.000000
v -175.000000 388.000000 -700.000000
v -177.083771 388.182312 -700.000000
v -179.104248 388.723694 -700.000000
v -181.000000 389.607697 -700.000000
v -182.713455 390.807465 -700.000000
v -184.192535 392.286560 -700.000000
v -185.392303 394.000000 -700.000000
v -186.276306 395.895752 -700.000000
v -186.817688 397.916229 -700.000000
v -187.000000 400.000000 -700.000000
v -186.817688 402.083771 -700.000000
v -186.276306 404.104248 -700.000000
v -185.392303 406.000000 -700.000000
v -184.192535 407.713440 -700.000000
v -182.713455 409.192535 -700.000000
v -181.000000 410.392303 -700.000000
v -179.104248 411.276306 -700.000000
v -177.083771 411.817688 -700.000000
v -175.000000 412.000000 -700.000000
v -172.916229 411.817688 -700.000000
v -170.895752 411.276306 -700.000000
v -169.000000 410.392303 -700.000000
v -167.286545 409.192535 -700.000000
v -165.807465 407.713440 -700.000000
v -164.607697 406.000000 -700.000000
v -163.723694 404.104248 -700.000000
v -163.182312 402.083771 -700.000000
v 187.000000 400.000000 -700.000000
v 186.817688 397.916229 -700.000000
v 186.276306 395.895752 -700.000000
v 185.392303 394.000000 -700.000000
v 184.192535 392.286560 -700.000000
v 182.713455 390.807465 -700.000000
v 181.000000 389.607697 -700.000000
v 179.104248 388.723694 -700.000000
v 177.083771 388.182312 -700.000000
v 175.000000 388.000000 -700.000000
v 172.916229 388.182312 -700.000000
v 170.895752 388.723694 -700.000000
v 169.000000 389.607697 -700.000000
v 167.286545 390.807465 -700.000000
v 165.807465 392.286560 -700.000000
v 164.607697 394.000000 -700.000000
v 163.723694 395.895752 -700.000000
v 163.182312 397.916229 -700.000000
v 163.000000 400.000000 -700.000000
v 163.182312 402.083771 -700.000000
v 163.723694 404.104248 -700.000000
v 164.607697 406.000000 -700.000000
v 165.807465 407.713440 -700.000000
v 167.286545 409.192535 -700.000000
v 169.000000 410.392303 -700.000000
v 170.895752 411.276306 -700.000000
v 172.916229 411.817688 -700.000000
v 175.000000 412.000000 -700.000000
v 177.083771 411.817688 -700.000000
v 179.104248 411.276306 -700.000000
v 181.000000 410.392303 -700.000000
v 182.713455 409.192535 -700.000000
v 184.192535 407.713440 -700.000000
v 185.392303 406.000000 -700.000000
v 186.276306 404.104248 -700.000000
v 186.817688 402.083771 -700.000000
vn 0.000000 0.000000 -1.000000
vn 0.000000 0.000000 -1.000000
vn 0.000000 0.000000 -1.000000
vn 0.000000 0.000000 -1.000000
vn 0.000000 0.000000 -1.000000
vn 0.000000 0.000000 -1.000000
vn 0.000000 0.000000 -1.000000
vn 0.000000 0.000000 -1.000000
vn 0.000000 0.000000 -1.000000
vn 0.000000 0.000000 -1.000000
vn 0.000000 0.000000 -1.000000
vn 0.000000 0.000000 -1.000000
vn 0.000000 0.000000 -1.000000
vn 0.000000 0.000000 -1.000000
vn 0.000000 0.000000 -1.000000
vn 0.000000 0.000000 -1.000000
vn 0.000000 0.000000 -1.000000
vn 0.000000 0.000000 -1.000000
vn 0.000000 0.000000 -1.000000
vn 0.000000 0.000000 -1.000000
vn 0.000000 0.000000 -1.000000
vn 0.000000 0.000000 -1.000000
vn 0.000000 0.000000 -1.000000
vn 0.000000 0.000000 -1.000000
vn 0.000000 0.000000 -1.000000
vn 0.000000 0.000000 -1.000000
vn 0.000000 0.000000 -1.000000
vn 0.000000 0.000000 -1.000000
vn 0.000000 0.000000 -1.000000
vn 0.000000 0.000000 -1.000000
vn 0.000000 0.000000 -1.000000
vn 0.000000 0.000000 -1.000000
vn 0.000000 0.000000 -1.000000
vn 0.000000 0.000000 -1.000000
vn 0.000000 0.000000 -1.000000
vn 0.000000 0.000000 -1.000000
vn 0.000000 0.000000 -1.000000
vn 0.000000 0.000000 -1.000000
vn 0.000000 0.000000 -1.000000
vn 0.000000 0.000000 -1.000000
vn 0.000000 0.000000 -1.000000
vn 0.000000 0.000000 -1.000000
vn 0.000000 0.000000 -1.000000
vn 0.000000 0.000000 -1.000000
vn 0.000000 0.000000 -1.000000
vn 0.000000 0.000000 -1.000000
vn 0.000000 0.000000 -1.000000
vn 0.000000 0.000000 -1.000000
vn 0.000000 0.000000 -1.000000
vn 0.000000 0.000000 -1.000000
vn 0.000000 0.000000 -1.000000
vn 0.000000 0.000000 -1.000000
vn 0.000000 0.000000 -1.000000
vn 0.000000 0.000000 -1.000000
vn 0.000000 0.000000 -1.000000
vn 0.000000 0.000000 -1.000000
vn 0.000000 0.000000 -1.000000
vn 0.000000 0.000000 -1.000000
vn 0.000000 0.000000 -1.000000
vn 0.000000 0.000000 -1.000000
vn 0.000000 0.000000 -1.000000
vn 0.000000 0.000000 -1.000000
vn 0.000000 0.000000 -1.000000
vn 0.000000 0.000000 -1.000000
vn 0.000000 0.000000 -1.000000
vn 0.000000 0.000000 -1.000000
vn 0.000000 0.000000 -1.000000
vn 0.000000 0.000000 -1.000000
vn 0.000000 0.000000 -1.000000
vn 0.000000 0.000000 -1.000000
vn 0.000000 0.000000 -1.000000
vn 0.000000 0.000000 -1.000000
vn 0.000000 0.000000 -1.000000
vn 0.000000 0.000000 -1.000000
vn 0.000000 0.000000 -1.000000
vn 0.000000 0.000000 -1.000000
vn 0.000000 0.000000 -1.000000
vn 0.000000 0.000000 -1.000000
vn 0.000000 0.000000 -1.000000
vn 0.000000 0.000000 -1.000000
vn 0.000000 0.000000 -1.000000
vn 0.000000 0.000000 -1.000000
vn 0.000000 0.000000 -1.000000
vn 0.000000 0.000000 -1.000000
vn 0.000000 0.000000 -1.000000
vn 0.000000 0.000000 -1.000000
vn 0.000000 0.000000 -1.000000
vn 0.000000 0.000000 -1.000000
vn 0.000000 0.000000 -1.000000
vn 0.000000 0.000000 -1.000000
vn 0.000000 0.000000 -1.000000
vn 0.000000 0.000000 -1.000000
vn 0.000000 0.000000 -1.000000
vn 0.000000 0.000000 -1.000000
vn 0.000000 0.000000 -1.000000
vn 0.000000 0.000000 -1.000000
vn 0.000000 0.000000 -1.000000
vn 0.000000 0.000000 -1.000000
vn 0.000000 0.000000 -1.000000
vn 0.000000 0.000000 -1.000000
vn 0.000000 0.000000 -1.000000
vn 0.000000 0.000000 -1.000000
vn 0.000000 0.000000 -1.000000
vn 0.000000 0.000000 -1.000000
vn 0.000000 0.000000 -1.000000
vn 0.000000 0.000000 -1.000000
vn 0.000000 0.000000 -1.000000
vn 0.000000 0.000000 -1.000000
vn 0.000000 0.000000 -1.000000
vn 0.000000 0.000000 -1.000000
vn 0.000000 0.000000 -1.000000
vn 0.000000 0.000000 -1.000000
vn 0.000000 0.000000 -1.000000
vn 0.000000 0.000000 -1.000000
vn 0.000000 0.000000 -1.000000
vn 0.000000 0.000000 -1.000000
vn 0.000000 0.000000 -1.000000
vn 0.000000 0.000000 -1.000000
vn 0.000000 0.000000 -1.000000
vn 0.000000 0.000000 -1.000000
vn 0.000000 0.000000 -1.000000
vn 0.000000 0.000000 -1.000000
vn 0.000000 0.000000 -1.000000
vn 0.000000 0.000000 -1.000000
vn 0.000000 0.000000 -1.000000
vn 0.000000 0.000000 -1.000000
vn 0.000000 0.000000 -1.000000
vn 0.000000 0.000000 -1.000000
vn 0.000000 0.000000 -1.000000
vn 0.000000 0.000000 -1.000000
vn 0.000000 0.000000 -1.000000
vn 0.000000 0.000000 -1.000000
vn 0.000000 0.000000 -1.000000
vn 0.000000 0.000000 -1.000000
vn 0.000000 0.000000 -1.000000
vn 0.000000 0.000000 -1.000000
vn 0.000000 0.000000 -1.000000
vn 0.000000 0.000000 -1.000000
vn 0.000000 0.000000 -1.000000
vn 0.000000 0.000000 -1.000000
vn 0.000000 0.000000 -1.000000
vn 0.000000 0.000000 -1.000000
vn 0.000000 0.000000 -1.000000
vn 0.000000 0.000000 -1.000000
vn 0.000000 0.000000 -1.000000
vn 0.000000 0.000000 -1.000000
vn 0.000000 0.000000 -1.000000
vn 0.000000 0.000000 -1.000000
vn 0.000000 0.000000 -1.000000
vn 0.000000 0.000000 -1.000000
vn 0.000000 0.000000 -1.000000
vn 0.000000 0.000000 -1.000000
vn 0.000000 0.000000 -1.000000
vn 0.000000 0.000000 -1.000000
vn 0.000000 0.000000 -1.000000
vn 0.000000 0.000000 -1.000000
vn 0.000000 0.000000 -1.000000
vn 0.000000 0.000000 -1.000000
vn 0.000000 0.000000 -1.000000
vn 0.000000 0.000000 -1.000000
vn 0.000000 0.000000 -1.000000
vn 0.000000 0.000000 -1.000000
vn 0.000000 0.000000 -1.000000
vn 0.000000 0.000000 -1.000000
vn 0.000000 0.000000 -1.000000
vn 0.000000 0.000000 -1.000000
vn 0.000000 0.000000 -1.000000
vn 0.000000 0.000000 -1.000000
vn 0.000000 0.000000 -1.000000
vn 0.000000 0.000000 -1.000000
vn 0.000000 0.000000 -1.000000
vn 0.000000 0.000000 -1.000000
vn 0.000000 0.000000 -1.000000
vn 0.000000 0.000000 -1.000000
vn 0.000000 0.000000 -1.000000
vn 0.000000 0.000000 -1.000000
vn 0.000000 0.000000 -1.000000
vn 0.000000 0.000000 -1.000000
vn 0.000000 0.000000 -1.000000
vn 0.000000 0.000000 -1.000000
vn 0.000000 0.000000 -1.000000
vn 0.000000 0.000000 -1.000000
vn 0.000000 0.000000 -1.000000
vn 0.000000 0.000000 -1.000000
vn 0.000000 0.000000 -1.000000
vn 0.000000 0.000000 -1.000000
vn 0.000000 0.000000 -1.000000
vn 0.000000 0.000000 -1.000000
vn 0.000000 0.000000 -1.000000
vn 0.000000 0.000000 -1.000000
vn 0.000000 0.000000 -1.000000
vn 0.000000 0.000000 -1.000000
vn 0.000000 0.000000 -1.000000
vn 0.000000 0.000000 -1.000000
vn 0.000000 0.000000 -1.000000
vn 0.000000 0.000000 -1.000000
vn 0.000000 0.000000 -1.000000
vn 0.000000 0.000000 -1.000000
vn 0.000000 0.000000 -1.000000
vn 0.000000 0.000000 -1.000000
vn 0.000000 0.000000 -1.000000
vn 0.000000 0.000000 -1.000000
vn 0.000000 0.000000 -1.000000
vn 0.000000 0.000000 -1.000000
vn 0.000000 0.000000 -1.000000
vn 0.000000 0.000000 -1.000000
vn 0.000000 0.000000 -1.000000
vn 0.000000 0.000000 -1.000000
vn 0.000000 0.000000 -1.000000
vn 0.000000 0.000000 -1.000000
vn 0.000000 0.000000 -1.000000
vn 0.000000 0.000000 -1.000000
vn 0.000000 0.000000 -1.000000
vn 0.000000 0.000000 -1.000000
vn 0.000000 0.000000 -1.000000
vn 0.000000 0.000000 -1.000000
vn 0.000000 0.000000 -1.000000
vn 0.000000 0.000000 -1.000000
vn 0.000000 0.000000 -1.000000
vn 0.000000 0.000000 -1.000000
vn 0.000000 0.000000 -1.000000
vn 0.000000 0.000000 -1.000000
vn 0.000000 0.000000 -1.000000
vn 0.000000 0.000000 -1.000000
vn 0.000000 0.000000 -1.000000
vn 0.000000 0.000000 -1.000000
vn 0.000000 0.000000 -1.000000
vn 0.000000 0.000000 -1.000000
vn 0.000000 0.000000 -1.000000
vn 0.000000 0.000000 -1.000000
vn 0.000000 0.000000 -1.000000
vn 0.000000 0.000000 -1.000000
vn 0.000000 0.000000 -1.000000
vn 0.000000 0.000000 -1.000000
vn 0.000000 0.000000 -1.000000
vn 0.000000 0.000000 -1.000000
vn 0.000000 0.000000 -1.000000
vn 0.000000 0.000000 -1.000000
vn 0.000000 0.000000 -1.000000
vn 0.000000 0.000000 -1.000000
vn 0.000000 0.000000 -1.000000
vn 0.000000 0.000000 -1.000000
vn 0.000000 0.000000 -1.000000
vn 0.000000 0.000000 -1.000000
vn 0.000000 0.000000 -1.000000
vn 0.000000 0.000000 -1.000000
vn 0.000000 0.000000 -1.000000
vn 0.000000 0.000000 -1.000000
vn 0.000000 0.000000 -1.000000
vn 0.000000 0.000000 -1.000000
vn 0.000000 0.000000 -1.000000
vn 0.000000 0.000000 -1.000000
vn 0.000000 0.000000 -1.000000
vn 0.000000 0.000000 -1.000000
vn 0.000000 0.000000 -1.000000
vn 0.000000 0.000000 -1.000000
vn 0.000000 0.000000 -1.000000
vn 0.000000 0.000000 -1.000000
vn 0.000000 0.000000 -1.000000
vn 0.000000 0.000000 -1.000000
vn 0.000000 0.000000 -1.000000
vn 0.000000 0.000000 -1.000000
vn 0.000000 0.000000 -1.000000
vn 0.000000 0.000000 -1.000000
vn 0.000000 0.000000 -1.000000
vn 0.000000 0.000000 -1.000000
vn 0.000000 0.000000 -1.000000
vn 0.000000 0.000000 -1.000000
vn 0.000000 0.000000 -1.000000
vn 0.000000 0.000000 -1.000000
vn 0.000000 0.000000 -1.000000
vn 0.000000 0.000000 -1.000000
vn 0.000000 0.000000 -1.000000
vn 0.000000 0.000000 -1.000000
vn 0.000000 0.000000 -1.000000
vn 0.000000 0.000000 -1.000000
vn 0.000000 0.000000 -1.000000
vn 0.000000 0.000000 -1.000000
vn 0.000000 0.000000 -1.000000
vn 0.000000 0.000000 -1.000000
vn 0.000000 0.000000 -1.000000
vn 0.000000 0.000000 -1.000000
vn 0.000000 0.000000 -1.000000
vn 0.000000 0.000000 -1.000000
vn 0.000000 0.000000 -1.000000
vn 0.000000 0.000000 -1.000000
vn 0.000000 0.000000 -1.000000
vn 0.000000 0.000000 -1.000000
vn 0.000000 0.000000 -1.000000
vn 0.000000 0.000000 -1.000000
vn 0.000000 0.000000 -1.000000
vn 0.000000 0.000000 -1.000000
vn 0.000000 0.000000 -1.000000
vn 0.000000 0.000000 -1.000000
vn 0.000000 0.000000 -1.000000
vn 0.000000 0.000000 -1.000000
vn 0.000000 0.000000 -1.000000
vn 0.000000 0.000000 -1.000000
vn 0.000000 0.000000 -1.000000
vn 0.000000 0.000000 -1.000000
vn 0.000000 0.000000 -1.000000
vn 0.000000 0.000000 -1.000000
vn 0.000000 0.000000 -1.000000
vn 0.000000 0.000000 -1.000000
vn 0.000000 0.000000 -1.000000
vn 0.000000 0.000000 -1.000000
vn 0.000000 0.000000 -1.000000
vn 0.000000 0.000000 -1.000000
vn 0.000000 0.000000 -1.000000
vn 0.000000 0.000000 -1.000000
vn 0.000000 0.000000 -1.000000
vn 0.000000 0.000000 -1.000000
vn 0.000000 0.000000 -1.000000
vn 0.000000 0.000000 -1.000000
vn 0.000000 0.000000 -1.000000
vn 0.000000 0.000000 -1.000000
vn 0.000000 0.000000 -1.000000
vn 0.000000 0.000000 -1.000000
vn 0.000000 0.000000 -1.000000
vn 0.000000 0.000000 -1.000000
vn 0.000000 0.000000 -1.000000
vn 0.000000 0.000000 -1.000000
vn 0.000000 0.000000 -1.000000
vn 0.000000 0.000000 -1.000000
vn 0.000000 0.000000 -1.000000
vn 0.000000 0.000000 -1.000000
vn 0.000000 0.000000 -1.000000
vn 0.000000 0.000000 -1.000000
vn 0.000000 0.000000 -1.000000
vn 0.000000 0.000000 -1.000000
vn 0.000000 0.000000 -1.000000
vn 0.000000 0.000000 -1.000000
vn 0.000000 0.000000 -1.000000
vn 0.000000 0.000000 -1.000000
vn 0.000000 0.000000 -1.000000
vn 0.000000 0.000000 -1.000000
vn 0.000000 0.000000 -1.000000
vn 0.000000 0.000000 -1.000000
vn 0.000000 0.000000 -1.000000
vn 0.000000 0.000000 -1.000000
vn 0.000000 0.000000 -1.000000
vn 0.000000 0.000000 -1.000000
vn 0.000000 0.000000 -1.000000
vn 0.000000 0.000000 -1.000000
vn 0.000000 0.000000 -1.000000
vn 0.000000 0.000000 -1.000000
vn 0.000000 0.000000 -1.000000
vn 0.000000 0.000000 -1.000000
vn 0.000000 0.000000 -1.000000
vn 0.000000 0.000000 -1.000000
vn 0.000000 0.000000 -1.000000
vn 0.000000 0.000000 -1.000000
vn 0.000000 0.000000 -1.000000
vn 0.000000 0.000000 -1.000000
vn 0.000000 0.000000 -1.000000
vn 0.000000 0.000000 -1.000000
vn 0.000000 0.000000 -1.000000
vn 0.000000 0.000000 -1.000000
vn 0.000000 0.000000 -1.000000
vn 0.000000 0.000000 -1.000000
vn 0.000000 0.000000 -1.000000
vn 0.000000 0.000000 -1.000000
vn 0.000000 0.000000 -1.000000
vn 0.000000 0.000000 -1.000000
vn 0.000000 0.000000 -1.000000
vn 0.000000 0.000000 -1.000000
vn 0.000000 0.000000 -1.000000
vn 0.000000 0.000000 -1.000000
vn 0.000000 0.000000 -1.000000
vn 0.000000 0.000000 -1.000000
vn 0.000000 0.000000 -1.000000
vn 0.000000 0.000000 -1.000000
vn 0.000000 0.000000 -1.000000
vn 0.000000 0.000000 -1.000000
vn 0.000000 0.000000 -1.000000
vn 0.000000 0.000000 -1.000000
vn 0.000000 0.000000 -1.000000
vn 0.000000 0.000000 -1.000000
vn 0.000000 0.000000 -1.000000
vn 0.000000 0.000000 -1.000000
vn 0.000000 0.000000 -1.000000
vn 0.000000 0.000000 -1.000000
vn 0.000000 0.000000 -1.000000
vn 0.000000 0.000000 -1.000000
vn 0.000000 0.000000 -1.000000
vn 0.000000 0.000000 -1.000000
vn 0.000000 0.000000 -1.000000
vn 0.000000 0.000000 -1.000000
vn 0.000000 0.000000 -1.000000
vn 0.000000 0.000000 -1.000000
vn 0.000000 0.000000 -1.000000
vn 0.000000 0.000000 -1.000000
vn 0.000000 0.000000 -1.000000
vn 0.000000 0.000000 -1.000000
vn 0.000000 0.000000 -1.000000
vn 0.000000 0.000000 -1.000000
vn 0.000000 0.000000 -1.000000
vn 0.000000 0.000000 -1.000000
vn 0.000000 0.000000 -1.000000
vn 0.000000 0.000000 -1.000000
vn 0.000000 0.000000 -1.000000
vn 0.000000 0.000000 -1.000000
vn 0.000000 0.000000 -1.000000
vn 0.000000 0.000000 -1.000000
vn 0.000000 0.000000 -1.000000
vn 0.000000 0.000000 -1.000000
vn 0.000000 0.000000 -1.000000
vn 0.000000 0.000000 -1.000000
vn 0.000000 0.000000 -1.000000
vn 0.000000 0.000000 -1.000000
vn 0.000000 0.000000 -1.000000
vn 0.000000 0.000000 -1.000000
vn 0.000000 0.000000 -1.000000
vn 0.000000 0.000000 -1.000000
vn 0.000000 0.000000 -1.000000
vn 0.000000 0.000000 -1.000000
vn 0.000000 0.000000 -1.000000
vn 0.000000 0.000000 -1.000000
vn 0.000000 0.000000 -1.000000
vn 0.000000 0.000000 -1.000000
vn 0.000000 0.000000 -1.000000
vn 0.000000 0.000000 -1.000000
vn 0.000000 0.000000 -1.000000
vn 0.000000 0.000000 -1.000000
vn 0.000000 0.000000 -1.000000
vn 0.000000 0.000000 -1.000000
vn 0.000000 0.000000 -1.000000
vn 0.000000 0.000000 -1.000000
vn 0.000000 0.000000 -1.000000
vn 0.000000 0.000000 -1.000000
vn 0.000000 0.000000 -1.000000
vn 0.000000 0.000000 -1.000000
vn 0.000000 0.000000 -1.000000
vn 0.000000 0.000000 -1.000000
vn 0.000000 0.000000 -1.000000
vn 0.000000 0.000000 -1.000000
vn 0.000000 0.000000 -1.000000
vn 0.000000 0.000000 -1.000000
vn 0.000000 0.000000 -1.000000
vn 0.000000 0.000000 -1.000000
f 3191//3191 2958//2958 2959//2959
f 3190//3190 2958//2958 3191//3191
f 3192//3192 3191//3191 2959//2959
f 3189//3189 2958//2958 3190//3190
f 3193//3193 3192//3192 2959//2959
f 3188//3188 2958//2958 3189//3189
f 3187//3187 2958//2958 3188//3188
f 3194//3194 3193//3193 2959//2959
f 3186//3186 2958//2958 3187//3187
f 3195//3195 3194//3194 2959//2959
f 3196//3196 3195//3195 2959//2959
f 3185//3185 2958//2958 3186//3186
f 3184//3184 2958//2958 3185//3185
f 3197//3197 3196//3196 2959//2959
f 3183//3183 2958//2958 3184//3184
f 3198//3198 3197//3197 2959//2959
f 3154//3154 3183//3183 3182//3182
f 3155//3155 3154//3154 3182//3182
f 3155//3155 3182//3182 3181//3181
f 3227//3227 3200//3200 3199//3199
f 3226//3226 3201//3201 3200//3200
f 3226//3226 3200//3200 3227//3227
f 3156//3156 3180//3180 3179//3179
f 3156//3156 3181//3181 3180//3180
f 3156//3156 3155//3155 3181//3181
f 3153//3153 3183//3183 3154//3154
f 3153//3153 2958//2958 3183//3183
f 3225//3225 3201//3201 3226//3226
f 3225//3225 3202//3202 3201//3201
f 3228//3228 3227//3227 3199//3199
f 3228//3228 3199//3199 3198//3198
f 3228//3228 3198//3198 2959//2959
f 3157//3157 3156//3156 3179//3179
f 3152//3152 2958//2958 3153//3153
f 3229//3229 3228//3228 2959//2959
f 3224//3224 3203//3203 3202//3202
f 3224//3224 3202//3202 3225//3225
f 3151//3151 2958//2958 3152//3152
f 3158//3158 3179//3179 3178//3178
f 3158//3158 3157//3157 3179//3179
f 3230//3230 3229//3229 2959//2959
f 3223//3223 3203//3203 3224//3224
f 3159//3159 3158//3158 3178//3178
f 3159//3159 3178//3178 3177//3177
f 3150//3150 2958//2958 3151//3151
f 3231//3231 3230//3230 2959//2959
f 3222//3222 3203//3203 3223//3223
f 3222//3222 3204//3204 3203//3203
f 3222//3222 3205//3205 3204//3204
f 3160//3160 3159//3159 3177//3177
f 3160//3160 3177//3177 3212//3212
f 3221//3221 3205//3205 3222//3222
f 3161//3161 3212//3212 3211//3211
f 3161//3161 3160//3160 3212//3212
f 3220//3220 3205//3205 3221//3221
f 3220//3220 3206//3206 3205//3205
f 3162//3162 3161//3161 3211//3211
f 3162//3162 3211//3211 3210//3210
f 3219//3219 3207//3207 3206//3206
f 3219//3219 3206//3206 3220//3220
f 3163//3163 3162//3162 3210//3210
f 3163//3163 3210//3210 3209//3209
f 3218//3218 3208//3208 3207//3207
f 3218//3218 3209//3209 3208//3208
f 3218//3218 3207//3207 3219//3219
f 3218//3218 3163//3163 3209//3209
f 3217//3217 3164//3164 3163//3163
f 3217//3217 3163//3163 3218//3218
f 3216//3216 3165//3165 3164//3164
f 3216//3216 3164//3164 3217//3217
f 3166//3166 3165//3165 3216//3216
f 3215//3215 3166//3166 3216//3216
f 3214//3214 3166//3166 3215//3215
f 3214//3214 3167//3167 3166//3166
f 3213//3213 3167//3167 3214//3214
f 3213//3213 3168//3168 3167//3167
f 3169//3169 3168//3168 3213//3213
f 3248//3248 3169//3169 3213//3213
f 3247//3247 3170//3170 3169//3169
f 3247//3247 3169//3169 3248//3248
f 3119//3119 3146//3146 3145//3145
f 3118//3118 3146//3146 3119//3119
f 3262//3262 3236//3236 3235//3235
f 3262//3262 3235//3235 3263//3263
f 3117//3117 3146//3146 3118//3118
f 3117//3117 3147//3147 3146//3146
f 3117//3117 3148//3148 3147//3147
f 3120//3120 3119//3119 3145//3145
f 3120//3120 3145//3145 3144//3144
f 3264//3264 3235//3235 3234//3234
f 3264//3264 3263//3263 3235//3235
f 3261//3261 3236//3236 3262//3262
f 3261//3261 3237//3237 3236//3236
f 3116//3116 3148//3148 3117//3117
f 3121//3121 3120//3120 3144//3144
f 3121//3121 3144//3144 3143//3143
f 3260//3260 3237//3237 3261//3261
f 3260//3260 3238//3238 3237//3237
f 3265//3265 3264//3264 3234//3234
f 3265//3265 3234//3234 3233//3233
f 3115//3115 3148//3148 3116//3116
f 3115//3115 3149//3149 3148//3148
f 3122//3122 3121//3121 3143//3143
f 3122//3122 3143//3143 3142//3142
f 3266//3266 3233//3233 3232//3232
f 3266//3266 3265//3265 3233//3233
f 3259//3259 3238//3238 3260//3260
f 3259//3259 3239//3239 3238//3238
f 3259//3259 3240//3240 3239//3239
f 3123//3123 3142//3142 3141//3141
f 3123//3123 3122//3122 3142//3142
f 3267//3267 3232//3232 3231//3231
f 3267//3267 3266//3266 3232//3232
f 3258//3258 3240//3240 3259//3259
f 3124//3124 3141//3141 3176//3176
f 3124//3124 3123//3123 3141//3141
f 3257//3257 3241//3241 3240//3240
f 3257//3257 3240//3240 3258//3258
f 3125//3125 3175//3175 3174//3174
f 3125//3125 3176//3176 3175//3175
f 3125//3125 3124//3124 3176//3176
f 3256//3256 3241//3241 3257//3257
f 3256//3256 3242//3242 3241//3241
f 3126//3126 3125//3125 3174//3174
f 3255//3255 3242//3242 3256//3256
f 3255//3255 3243//3243 3242//3242
f 3127//3127 3126//3126 3174//3174
f 3127//3127 3173//3173 3172//3172
f 3127//3127 3174//3174 3173//3173
f 3254//3254 3244//3244 3243//3243
f 3254//3254 3243//3243 3255//3255
f 3128//3128 3127//3127 3172//3172
f 3253//3253 3244//3244 3254//3254
f 3253//3253 3245//3245 3244//3244
f 3129//3129 3172//3172 3171//3171
f 3129//3129 3128//3128 3172//3172
f 3252//3252 3245//3245 3253//3253
f 3252//3252 3246//3246 3245//3245
f 3251//3251 3246//3246 3252//3252
f 3251//3251 3247//3247 3246//3246
f 3130//3130 3171//3171 3170//3170
f 3130//3130 3129//3129 3171//3171
f 3082//3082 3110//3110 3109//3109
f 3082//3082 3111//3111 3110//3110
f 3083//3083 3082//3082 3109//3109
f 3298//3298 3272//3272 3271//3271
f 3298//3298 3271//3271 3299//3299
f 3084//3084 3083//3083 3109//3109
f 3084//3084 3109//3109 3108//3108
f 3081//3081 3111//3111 3082//3082
f 3297//3297 3272//3272 3298//3298
f 3297//3297 3273//3273 3272//3272
f 3300//3300 3271//3271 3270//3270
f 3300//3300 3299//3299 3271//3271
f 3085//3085 3084//3084 3108//3108
f 3085//3085 3108//3108 3107//3107
f 3296//3296 3274//3274 3273//3273
f 3296//3296 3273//3273 3297//3297
f 3086//3086 3107//3107 3106//3106
f 3086//3086 3085//3085 3107//3107
f 3295//3295 3274//3274 3296//3296
f 3295//3295 3275//3275 3274//3274
f 3295//3295 3276//3276 3275//3275
f 3087//3087 3086//3086 3106//3106
f 3087//3087 3106//3106 3105//3105
f 3294//3294 3276//3276 3295//3295
f 2957//2957 3111//3111 3081//3081
f 2957//2957 3079//3079 3078//3078
f 2957//2957 3080//3080 3079//3079
f 2957//2957 3081//3081 3080//3080
f 2957//2957 3112//3112 3111//3111
f 2957//2957 3113//3113 3112//3112
f 2957//2957 3114//3114 3113//3113
f 2960//2960 3268//3268 3267//3267
f 2960//2960 3269//3269 3268//3268
f 2960//2960 3270//3270 3269//3269
f 2960//2960 3301//3301 3300//3300
f 2960//2960 3302//3302 3301//3301
f 2960//2960 3231//3231 2959//2959
f 2960//2960 3303//3303 3302//3302
f 2960//2960 3267//3267 3231//3231
f 2960//2960 3300//3300 3270//3270
f 3088//3088 3087//3087 3105//3105
f 3088//3088 3105//3105 3140//3140
f 3304//3304 3303//3303 2960//2960
f 3077//3077 2957//2957 3078//3078
f 3293//3293 3276//3276 3294//3294
f 3293//3293 3277//3277 3276//3276
f 3089//3089 3088//3088 3140//3140
f 3089//3089 3140//3140 3139//3139
f 3076//3076 2957//2957 3077//3077
f 3292//3292 3278//3278 3277//3277
f 3292//3292 3279//3279 3278//3278
f 3292//3292 3277//3277 3293//3293
f 3305//3305 3304//3304 2960//2960
f 3090//3090 3089//3089 3139//3139
f 3090//3090 3138//3138 3137//3137
f 3090//3090 3139//3139 3138//3138
f 3075//3075 2957//2957 3076//3076
f 3306//3306 3305//3305 2960//2960
f 3291//3291 3280//3280 3279//3279
f 3291//3291 3279//3279 3292//3292
f 3091//3091 3090//3090 3137//3137
f 3307//3307 3306//3306 2960//2960
f 3074//3074 2957//2957 3075//3075
f 3290//3290 3280//3280 3291//3291
f 3092//3092 3091//3091 3137//3137
f 3308//3308 3307//3307 2960//2960
f 3289//3289 3280//3280 3290//3290
f 2956//2956 3071//3071 3070//3070
f 2956//2956 3072//3072 3071//3071
f 2956//2956 3073//3073 3072//3072
f 2956//2956 3074//3074 3073//3073
f 2956//2956 2957//2957 3074//3074
f 2953//2953 3309//3309 3308//3308
f 2953//2953 3310//3310 3309//3309
f 2953//2953 3311//3311 3310//3310
f 2953//2953 3308//3308 2960//2960
f 3069//3069 2956//2956 3070//3070
f 3312//3312 3311//3311 2953//2953
f 3104//3104 2956//2956 3069//3069
f 3313//3313 3312//3312 2953//2953
f 3103//3103 2956//2956 3104//3104
f 3314//3314 3313//3313 2953//2953
f 3102//3102 2956//2956 3103//3103
f 3315//3315 3314//3314 2953//2953
f 3047//3047 3092//3092 3137//3137
f 3047//3047 3046//3046 3092//3092
f 3047//3047 3137//3137 3136//3136
f 3334//3334 3281//3281 3280//3280
f 3335//3335 3289//3289 3288//3288
f 3335//3335 3334//3334 3280//3280
f 3335//3335 3280//3280 3289//3289
f 3048//3048 3047//3047 3136//3136
f 3048//3048 3135//3135 3134//3134
f 3048//3048 3136//3136 3135//3135
f 3045//3045 3092//3092 3046//3046
f 3045//3045 3093//3093 3092//3092
f 3336//3336 3288//3288 3287//3287
f 3336//3336 3335//3335 3288//3288
f 3333//3333 3282//3282 3281//3281
f 3333//3333 3281//3281 3334//3334
f 3044//3044 3094//3094 3093//3093
f 3044//3044 3095//3095 3094//3094
f 3044//3044 3093//3093 3045//3045
f 3332//3332 3283//3283 3282//3282
f 3332//3332 3284//3284 3283//3283
f 3332//3332 3282//3282 3333//3333
f 3049//3049 3048//3048 3134//3134
f 3337//3337 3336//3336 3287//3287
f 3043//3043 3096//3096 3095//3095
f 3043//3043 3095//3095 3044//3044
f 3050//3050 3049//3049 3134//3134
f 3050//3050 3134//3134 3133//3133
f 3338//3338 3337//3337 3287//3287
f 3338//3338 3287//3287 3286//3286
f 3331//3331 3284//3284 3332//3332
f 3042//3042 3096//3096 3043//3043
f 3330//3330 3249//3249 3284//3284
f 3330//3330 3284//3284 3331//3331
f 3339//3339 3286//3286 3285//3285
f 3339//3339 3338//3338 3286//3286
f 3339//3339 3285//3285 3320//3320
f 3051//3051 3050//3050 3133//3133
f 3051//3051 3133//3133 3132//3132
f 3052//3052 3131//3131 3130//3130
f 3052//3052 3132//3132 3131//3131
f 3052//3052 3051//3051 3132//3132
f 3041//3041 3097//3097 3096//3096
f 3041//3041 3096//3096 3042//3042
f 3340//3340 3320//3320 3319//3319
f 3340//3340 3339//3339 3320//3320
f 3329//3329 3249//3249 3330//3330
f 3329//3329 3250//3250 3249//3249
f 3053//3053 3052//3052 3130//3130
f 3053//3053 3170//3170 3247//3247
f 3053//3053 3130//3130 3170//3170
f 3040//3040 3098//3098 3097//3097
f 3040//3040 3099//3099 3098//3098
f 3040//3040 3097//3097 3041//3041
f 3328//3328 3250//3250 3329//3329
f 3328//3328 3247//3247 3251//3251
f 3328//3328 3251//3251 3250//3250
f 3341//3341 3340//3340 3319//3319
f 3039//3039 3099//3099 3040//3040
f 3342//3342 3341//3341 3319//3319
f 3342//3342 3318//3318 3317//3317
f 3342//3342 3319//3319 3318//3318
f 3038//3038 3099//3099 3039//3039
f 3038//3038 3100//3100 3099//3099
f 3038//3038 3101//3101 3100//3100
f 3343//3343 3342//3342 3317//3317
f 3343//3343 3317//3317 3316//3316
f 3037//3037 3101//3101 3038//3038
f 3344//3344 3343//3343 3316//3316
f 3036//3036 3101//3101 3037//3037
f 3036//3036 2956//2956 3102//3102
f 3036//3036 3102//3102 3101//3101
f 3345//3345 3315//3315 2953//2953
f 3345//3345 3316//3316 3315//3315
f 3345//3345 3344//3344 3316//3316
f 3035//3035 2956//2956 3036//3036
f 3346//3346 3345//3345 2953//2953
f 3034//3034 2956//2956 3035//3035
f 3347//3347 3346//3346 2953//2953
f 3348//3348 3347//3347 2953//2953
f 3371//3371 3325//3325 3324//3324
f 3371//3371 3326//3326 3325//3325
f 3370//3370 3326//3326 3371//3371
f 3011//3011 3056//3056 3055//3055
f 3011//3011 3010//3010 3056//3056
f 3009//3009 3057//3057 3056//3056
f 3009//3009 3058//3058 3057//3057
f 3009//3009 3056//3056 3010//3010
f 3012//3012 3054//3054 3053//3053
f 3012//3012 3055//3055 3054//3054
f 3012//3012 3011//3011 3055//3055
f 3369//3369 3327//3327 3326//3326
f 3369//3369 3328//3328 3327//3327
f 3369//3369 3326//3326 3370//3370
f 3372//3372 3371//3371 3324//3324
f 3372//3372 3324//3324 3323//3323
f 3368//3368 3328//3328 3369//3369
f 3008//3008 3059//3059 3058//3058
f 3008//3008 3058//3058 3009//3009
f 3013//3013 3247//3247 3328//3328
f 3013//3013 3012//3012 3053//3053
f 3013//3013 3053//3053 3247//3247
f 3013//3013 3328//3328 3368//3368
f 3373//3373 3323//3323 3322//3322
f 3373//3373 3372//3372 3323//3323
f 3374//3374 3373//3373 3322//3322
f 3007//3007 3059//3059 3008//3008
f 3014//3014 3013//3013 3368//3368
f 3014//3014 3368//3368 3367//3367
f 3375//3375 3374//3374 3322//3322
f 3375//3375 3322//3322 3321//3321
f 3006//3006 3060//3060 3059//3059
f 3006//3006 3061//3061 3060//3060
f 3006//3006 3059//3059 3007//3007
f 3015//3015 3014//3014 3367//3367
f 3015//3015 3367//3367 3366//3366
f 3376//3376 3321//3321 3356//3356
f 3376//3376 3375//3375 3321//3321
f 3376//3376 3356//3356 3355//3355
f 3005//3005 3061//3061 3006//3006
f 3365//3365 3015//3015 3366//3366
f 3365//3365 3016//3016 3015//3015
f 3364//3364 3016//3016 3365//3365
f 3364//3364 3017//3017 3016//3016
f 3004//3004 3062//3062 3061//3061
f 3004//3004 3061//3061 3005//3005
f 3377//3377 3376//3376 3355//3355
f 3003//3003 3063//3063 3062//3062
f 3003//3003 3064//3064 3063//3063
f 3003//3003 3062//3062 3004//3004
f 3363//3363 3017//3017 3364//3364
f 3363//3363 3018//3018 3017//3017
f 3378//3378 3377//3377 3355//3355
f 3378//3378 3355//3355 3354//3354
f 3379//3379 3378//3378 3354//3354
f 3379//3379 3354//3354 3353//3353
f 3002//3002 3064//3064 3003//3003
f 3362//3362 3018//3018 3363//3363
f 3362//3362 3019//3019 3018//3018
f 3380//3380 3379//3379 3353//3353
f 3380//3380 3352//3352 3351//3351
f 3380//3380 3353//3353 3352//3352
f 3001//3001 3065//3065 3064//3064
f 3001//3001 3066//3066 3065//3065
f 3001//3001 3064//3064 3002//3002
f 3361//3361 3020//3020 3019//3019
f 3361//3361 3019//3019 3362//3362
f 3000//3000 3066//3066 3001//3001
f 3381//3381 3380//3380 3351//3351
f 2999//2999 3067//3067 3066//3066
f 2999//2999 3066//3066 3000//3000
f 3382//3382 3381//3381 3351//3351
f 3382//3382 3351//3351 3350//3350
f 3383//3383 3382//3382 3350//3350
f 3383//3383 3350//3350 3349//3349
f 2975//2975 3361//3361 3360//3360
f 2975//2975 3020//3020 3361//3361
f 2975//2975 2974//2974 3020//3020
f 2973//2973 3021//3021 3020//3020
f 2973//2973 3020//3020 2974//2974
f 2976//2976 3360//3360 3359//3359
f 2976//2976 2975//2975 3360//3360
f 2972//2972 3021//3021 2973//2973
f 2972//2972 3022//3022 3021//3021
f 2972//2972 3023//3023 3022//3022
f 2977//2977 2976//2976 3359//3359
f 2971//2971 3023//3023 2972//2972
f 2978//2978 3358//3358 3357//3357
f 2978//2978 3359//3359 3358//3358
f 2978//2978 2977//2977 3359//3359
f 2970//2970 3023//3023 2971//2971
f 2970//2970 3024//3024 3023//3023
f 2979//2979 2978//2978 3357//3357
f 2980//2980 3392//3392 3391//3391
f 2980//2980 3357//3357 3392//3392
f 2980//2980 2979//2979 3357//3357
f 2969//2969 3024//3024 2970//2970
f 2969//2969 3025//3025 3024//3024
f 2968//2968 3025//3025 2969//2969
f 2968//2968 3026//3026 3025//3025
f 2981//2981 3391//3391 3390//3390
f 2981//2981 2980//2980 3391//3391
f 2982//2982 2981//2981 3390//3390
f 2967//2967 3027//3027 3026//3026
f 2967//2967 3028//3028 3027//3027
f 2967//2967 3026//3026 2968//2968
f 2983//2983 3390//3390 3389//3389
f 2983//2983 2982//2982 3390//3390
f 2966//2966 3028//3028 2967//2967
f 2984//2984 2983//2983 3389//3389
f 2984//2984 3389//3389 3388//3388
f 2965//2965 3028//3028 2966//2966
f 2965//2965 3029//3029 3028//3028
f 2985//2985 2984//2984 3388//3388
f 2985//2985 3388//3388 3387//3387
f 2964//2964 3029//3029 2965//2965
f 2964//2964 3030//3030 3029//3029
f 2954//2954 3385//3385 3384//3384
f 2954//2954 3386//3386 3385//3385
f 2954//2954 3387//3387 3386//3386
f 2954//2954 2986//2986 2985//2985
f 2954//2954 2987//2987 2986//2986
f 2954//2954 2988//2988 2987//2987
f 2954//2954 2989//2989 2988//2988
f 2954//2954 2990//2990 2989//2989
f 2954//2954 2991//2991 2990//2990
f 2954//2954 2992//2992 2991//2991
f 2954//2954 2985//2985 3387//3387
f 2955//2955 2962//2962 2961//2961
f 2955//2955 2963//2963 2962//2962
f 2955//2955 2964//2964 2963//2963
f 2955//2955 2993//2993 2992//2992
f 2955//2955 2994//2994 2993//2993
f 2955//2955 2995//2995 2994//2994
f 2955//2955 2996//2996 2995//2995
f 2955//2955 2961//2961 2996//2996
f 2955//2955 2992//2992 2954//2954
f 2955//2955 3031//3031 3030//3030
f 2955//2955 3032//3032 3031//3031
f 2955//2955 3030//3030 2964//2964
f 2953//2953 2954//2954 3384//3384
f 2953//2953 3384//3384 3383//3383
f 2953//2953 3383//3383 3348//3348
f 3348//3348 3383//3383 3349//3349
f 2955//2955 2956//2956 3033//3033
f 3033//3033 2956//2956 3034//3034
f 2955//2955 3033//3033 3068//3068
f 2955//2955 3068//3068 3067//3067
f 2955//2955 3067//3067 2997//2997
f 2997//2997 3067//3067 2998//2998
f 2998//2998 3067//3067 2999//2999
f 2955//2955 2997//2997 3032//3032
f 2957//2957 2958//2958 3150//3150
f 2957//2957 3150//3150 3149//3149
f 2957//2957 3149//3149 3114//3114
f 3114//3114 3149//3149 3115//3115
v 200.000000 200.000000 -30.000000
v 7.000000 200.000000 -30.000000
v 7.000000 280.000000 -30.000000
v -7.000000 280.000000 -30.000000
v -7.000000 200.000000 -30.000000
v -200.000000 200.000000 -30.000000
v -200.000000 7.000000 -30.000000
v -280.000000 7.000000 -30.000000
v -280.000000 -7.000000 -30.000000
v -200.000000 -7.000000 -30.000000
v -200.000000 -200.000000 -30.000000
v -7.000000 -200.000000 -30.000000
v -7.000000 -280.000000 -30.000000
v 7.000000 -280.000000 -30.000000
v 7.000000 -200.000000 -30.000000
v 200.000000 -200.000000 -30.000000
v 200.000000 -7.000000 -30.000000
v 280.000000 -7.000000 -30.000000
v 280.000000 7.000000 -30.000000
v 200.000000 7.000000 -30.000000
v -186.000000 186.000000 -30.000000
v -186.000000 -186.000000 -30.000000
v 186.000000 186.000000 -30.000000
v 186.000000 -186.000000 -30.000000
vn -0.000000 -0.000000 1.000000
vn -0.000000 -0.000000 1.000000
vn -0.000000 -0.000000 1.000000
vn -0.000000 -0.000000 1.000000
vn -0.000000 -0.000000 1.000000
vn -0.000000 -0.000000 1.000000
vn -0.000000 -0.000000 1.000000
vn -0.000000 -0.000000 1.000000
vn -0.000000 -0.000000 1.000000
vn -0.000000 -0.000000 1.000000
vn -0.000000 -0.000000 1.000000
vn -0.000000 -0.000000 1.000000
vn -0.000000 -0.000000 1.000000
vn -0.000000 -0.000000 1.000000
vn -0.000000 -0.000000 1.000000
vn -0.000000 -0.000000 1.000000
vn -0.000000 -0.000000 1.000000
vn -0.000000 -0.000000 1.000000
vn -0.000000 -0.000000 1.000000
vn -0.000000 -0.000000 1.000000
vn -0.000000 -0.000000 1.000000
vn -0.000000 -0.000000 1.000000
vn -0.000000 -0.000000 1.000000
vn -0.000000 -0.000000 1.000000
f 3402//3402 3399//3399 3400//3400
f 3402//3402 3400//3400 3401//3401
f 3394//3394 3395//3395 3396//3396
f 3394//3394 3396//3396 3397//3397
f 3406//3406 3404//3404 3405//3405
f 3406//3406 3407//3407 3404//3404
f 3410//3410 3411//3411 3412//3412
f 3410//3410 3412//3412 3409//3409
f 3393//3393 3394//3394 3415//3415
f 3397//3397 3398//3398 3413//3413
f 3398//3398 3399//3399 3413//3413
f 3402//3402 3403//3403 3414//3414
f 3403//3403 3404//3404 3414//3414
f 3407//3407 3408//3408 3416//3416
f 3408//3408 3409//3409 3416//3416
f 3412//3412 3393//3393 3415//3415
f 3414//3414 3413//3413 3399//3399
f 3414//3414 3399//3399 3402//3402
f 3413//3413 3415//3415 3397//3397
f 3397//3397 3415//3415 3394//3394
f 3415//3415 3416//3416 3409//3409
f 3415//3415 3409//3409 3412//3412
f 3416//3416 3414//3414 3404//3404
f 3416//3416 3404//3404 3407//3407
v -7.000000 -280.000000 -30.000000
v -7.000000 -280.000000 -670.000000
v -7.000000 -200.000000 -670.000000
v -7.000000 -200.000000 -30.000000
vn -1.000000 0.000000 -0.000000
vn -1.000000 0.000000 -0.000000
vn -1.000000 0.000000 -0.000000
vn -1.000000 0.000000 -0.000000
f 3418//3418 3417//3417 3420//3420
f 3419//3419 3418//3418 3420//3420
v 7.000000 -280.000000 -30.000000
v 7.000000 -280.000000 -670.000000
v 7.000000 -200.000000 -30.000000
v 7.000000 -200.000000 -670.000000
vn 1.000000 -0.000000 -0.000000
vn 1.000000 -0.000000 -0.000000
vn 1.000000 -0.000000 -0.000000
vn 1.000000 -0.000000 -0.000000
f 3421//3421 3422//3422 3424//3424
f 3423//3423 3421//3421 3424//3424
v -7.000000 -280.000000 -30.000000
v -7.000000 -280.000000 -670.000000
v 7.000000 -280.000000 -30.000000
v 7.000000 -280.000000 -670.000000
vn -0.000000 -1.000000 -0.000000
vn -0.000000 -1.000000 -0.000000
vn -0.000000 -1.000000 -0.000000
vn -0.000000 -1.000000 -0.000000
f 3427//3427 3425//3425 3426//3426
f 3427//3427 3426//3426 3428//3428
v 280.000000 -7.000000 -30.000000
v 280.000000 -7.000000 -670.000000
v 200.000000 -7.000000 -670.000000
v 200.000000 -7.000000 -30.000000
vn -0.000000 -1.000000 -0.000000
vn -0.000000 -1.000000 -0.000000
vn -0.000000 -1.000000 -0.000000
vn -0.000000 -1.000000 -0.000000
f 3431//3431 3429//3429 3432//3432
f 3430//3430 3429//3429 3431//3431
v 280.000000 7.000000 -30.000000
v 280.000000 7.000000 -670.000000
v 200.000000 7.000000 -30.000000
v 200.000000 7.000000 -670.000000
vn 0.000000 1.000000 0.000000
vn 0.000000 1.000000 0.000000
vn 0.000000 1.000000 0.000000
vn 0.000000 1.000000 0.000000
f 3436//3436 3433//3433 3434//3434
f 3436//3436 3435//3435 3433//3433
v 280.000000 -7.000000 -30.000000
v 280.000000 -7.000000 -670.000000
v 280.000000 7.000000 -30.000000
v 280.000000 7.000000 -670.000000
vn 1.000000 -0.000000 -0.000000
vn 1.000000 -0.000000 -0.000000
vn 1.000000 -0.000000 -0.000000
vn 1.000000 -0.000000 -0.000000
f 3438//3438 3439//3439 3437//3437
f 3438//3438 3440//3440 3439//3439
v -280.000000 7.000000 -30.000000
v -280.000000 7.000000 -670.000000
v -200.000000 7.000000 -670.000000
v -200.000000 7.000000 -30.000000
vn 0.000000 1.000000 0.000000
vn 0.000000 1.000000 0.000000
vn 0.000000 1.000000 0.000000
vn 0.000000 1.000000 0.000000
f 3442//3442 3441//3441 3444//3444
f 3443//3443 3442//3442 3444//3444
v -280.000000 -7.000000 -30.000000
v -280.000000 -7.000000 -670.000000
v -200.000000 -7.000000 -30.000000
v -200.000000 -7.000000 -670.000000
vn -0.000000 -1.000000 -0.000000
vn -0.000000 -1.000000 -0.000000
vn -0.000000 -1.000000 -0.000000
vn -0.000000 -1.000000 -0.000000
f 3445//3445 3446//3446 3448//3448
f 3447//3447 3445//3445 3448//3448
v -280.000000 7.000000 -30.000000
v -280.000000 7.000000 -670.000000
v -280.000000 -7.000000 -30.000000
v -280.000000 -7.000000 -670.000000
vn -1.000000 0.000000 0.000000
vn -1.000000 0.000000 0.000000
vn -1.000000 0.000000 0.000000
vn -1.000000 0.000000 0.000000
f 3451//3451 3449//3449 3450//3450
f 3451//3451 3450//3450 3452//3452
v 7.000000 280.000000 -30.000000
v 7.000000 280.000000 -670.000000
v 7.000000 200.000000 -670.000000
v 7.000000 200.000000 -30.000000
vn 1.000000 -0.000000 0.000000
vn 1.000000 -0.000000 0.000000
vn 1.000000 -0.000000 0.000000
vn 1.000000 -0.000000 0.000000
f 3455//3455 3453//3453 3456//3456
f 3454//3454 3453//3453 3455//3455
v -7.000000 280.000000 -30.000000
v -7.000000 280.000000 -670.000000
v -7.000000 200.000000 -30.000000
v -7.000000 200.000000 -670.000000
vn -1.000000 0.000000 -0.000000
vn -1.000000 0.000000 -0.000000
vn -1.000000 0.000000 -0.000000
vn -1.000000 0.000000 -0.000000
f 3458//3458 3459//3459 3457//3457
f 3460//3460 3459//3459 3458//3458
v 7.000000 280.000000 -30.000000
v 7.000000 280.000000 -670.000000
v -7.000000 280.000000 -30.000000
v -7.000000 280.000000 -670.000000
vn 0.000000 1.000000 0.000000
vn 0.000000 1.000000 0.000000
vn 0.000000 1.000000 0.000000
vn 0.000000 1.000000 0.000000
f 3462//3462 3463//3463 3461//3461
f 3462//3462 3464//3464 3463//3463
usemtl mat_2
v 187.000000 400.000000 -670.000000
v 186.817688 402.083771 -670.000000
v 186.276306 404.104248 -670.000000
v 185.392303 406.000000 -670.000000
v 184.192535 407.713440 -670.000000
v 182.713455 409.192535 -670.000000
v 181.000000 410.392303 -670.000000
v 179.104248 411.276306 -670.000000
v 177.083771 411.817688 -670.000000
v 175.000000 412.000000 -670.000000
v 172.916229 411.817688 -670.000000
v 170.895752 411.276306 -670.000000
v 169.000000 410.392303 -670.000000
v 167.286545 409.192535 -670.000000
v 165.807465 407.713440 -670.000000
v 164.607697 406.000000 -670.000000
v 163.723694 404.104248 -670.000000
v 163.182312 402.083771 -670.000000
v 163.000000 400.000000 -670.000000
v 187.000000 400.000000 -700.000000
v 163.000000 400.000000 -700.000000
v 163.182312 402.083771 -700.000000
v 163.723694 404.104248 -700.000000
v 164.607697 406.000000 -700.000000
v 165.807465 407.713440 -700.000000
v 167.286545 409.192535 -700.000000
v 169.000000 410.392303 -700.000000
v 170.895752 411.276306 -700.000000
v 172.916229 411.817688 -700.000000
v 175.000000 412.000000 -700.000000
v 177.083771 411.817688 -700.000000
v 179.104248 411.276306 -700.000000
v 181.000000 410.392303 -700.000000
v 182.713455 409.192535 -700.000000
v 184.192535 407.713440 -700.000000
v 185.392303 406.000000 -700.000000
v 186.276306 404.104248 -700.000000
v 186.817688 402.083771 -700.000000
vn -1.000000 0.000000 -0.000000
vn -0.984808 -0.173648 -0.000000
vn -0.939693 -0.342020 -0.000000
vn -0.866025 -0.500000 -0.000000
vn -0.766044 -0.642788 -0.000000
vn -0.642788 -0.766044 -0.000000
vn -0.500000 -0.866025 -0.000000
vn -0.342020 -0.939693 -0.000000
vn -0.173648 -0.984808 -0.000000
vn -0.000000 -1.000000 -0.000000
vn 0.173648 -0.984808 -0.000000
vn 0.342020 -0.939693 -0.000000
vn 0.500000 -0.866025 -0.000000
vn 0.642788 -0.766044 -0.000000
vn 0.766044 -0.642788 -0.000000
vn 0.866025 -0.500000 -0.000000
vn 0.939693 -0.342020 -0.000000
vn 0.984808 -0.173648 -0.000000
vn 1.000000 -0.000000 -0.000000
vn -1.000000 0.000000 -0.000000
vn 1.000000 -0.000000 -0.000000
vn 0.984808 -0.173648 -0.000000
vn 0.939693 -0.342020 -0.000000
vn 0.866025 -0.500000 -0.000000
vn 0.766044 -0.642788 -0.000000
vn 0.642788 -0.766044 -0.000000
vn 0.500000 -0.866025 -0.000000
vn 0.342020 -0.939693 -0.000000
vn 0.173648 -0.984808 -0.000000
vn -0.000000 -1.000000 -0.000000
vn -0.173648 -0.984808 -0.000000
vn -0.342020 -0.939693 -0.000000
vn -0.500000 -0.866025 -0.000000
vn -0.642788 -0.766044 -0.000000
vn -0.766044 -0.642788 -0.000000
vn -0.866025 -0.500000 -0.000000
vn -0.939693 -0.342020 -0.000000
vn -0.984808 -0.173648 -0.000000
f 3466//3466 3484//3484 3465//3465
f 3466//3466 3502//3502 3484//3484
f 3467//3467 3501//3501 3502//3502
f 3467//3467 3502//3502 3466//3466
f 3468//3468 3500//3500 3501//3501
f 3468//3468 3501//3501 3467//3467
f 3469//3469 3499//3499 3500//3500
f 3469//3469 3500//3500 3468//3468
f 3470//3470 3498//3498 3499//3499
f 3470//3470 3499//3499 3469//3469
f 3471//3471 3497//3497 3498//3498
f 3471//3471 3498//3498 3470//3470
f 3472//3472 3496//3496 3497//3497
f 3472//3472 3497//3497 3471//3471
f 3473//3473 3495//3495 3496//3496
f 3473//3473 3496//3496 3472//3472
f 3474//3474 3494//3494 3495//3495
f 3474//3474 3495//3495 3473//3473
f 3475//3475 3493//3493 3494//3494
f 3475//3475 3494//3494 3474//3474
f 3476//3476 3492//3492 3493//3493
f 3476//3476 3493//3493 3475//3475
f 3477//3477 3491//3491 3492//3492
f 3477//3477 3492//3492 3476//3476
f 3478//3478 3490//3490 3491//3491
f 3478//3478 3491//3491 3477//3477
f 3479//3479 3489//3489 3490//3490
f 3479//3479 3490//3490 3478//3478
f 3480//3480 3489//3489 3479//3479
f 3480//3480 3488//3488 3489//3489
f 3481//3481 3488//3488 3480//3480
f 3481//3481 3487//3487 3488//3488
f 3482//3482 3487//3487 3481//3481
f 3482//3482 3486//3486 3487//3487
f 3483//3483 3486//3486 3482//3482
f 3483//3483 3485//3485 3486//3486
v -163.000000 400.000000 -670.000000
v -163.182312 402.083771 -670.000000
v -163.723694 404.104248 -670.000000
v -164.607697 406.000000 -670.000000
v -165.807465 407.713440 -670.000000
v -167.286545 409.192535 -670.000000
v -169.000000 410.392303 -670.000000
v -170.895752 411.276306 -670.000000
v -172.916229 411.817688 -670.000000
v -175.000000 412.000000 -670.000000
v -177.083771 411.817688 -670.000000
v -179.104248 411.276306 -670.000000
v -181.000000 410.392303 -670.000000
v -182.713455 409.192535 -670.000000
v -184.192535 407.713440 -670.000000
v -185.392303 406.000000 -670.000000
v -186.276306 404.104248 -670.000000
v -186.817688 402.083771 -670.000000
v -187.000000 400.000000 -670.000000
v -163.000000 400.000000 -700.000000
v -187.000000 400.000000 -700.000000
v -186.817688 402.083771 -700.000000
v -186.276306 404.104248 -700.000000
v -185.392303 406.000000 -700.000000
v -184.192535 407.713440 -700.000000
v -182.713455 409.192535 -700.000000
v -181.000000 410.392303 -700.000000
v -179.104248 411.276306 -700.000000
v -177.083771 411.817688 -700.000000
v -175.000000 412.000000 -700.000000
v -172.916229 411.817688 -700.000000
v -170.895752 411.276306 -700.000000
v -169.000000 410.392303 -700.000000
v -167.286545 409.192535 -700.000000
v -165.807465 407.713440 -700.000000
v -164.607697 406.000000 -700.000000
v -163.723694 404.104248 -700.000000
v -163.182312 402.083771 -700.000000
vn -1.000000 0.000000 -0.000000
vn -0.984808 -0.173648 -0.000000
vn -0.939693 -0.342020 -0.000000
vn -0.866025 -0.500000 -0.000000
vn -0.766044 -0.642788 -0.000000
vn -0.642788 -0.766044 -0.000000
vn -0.500000 -0.866025 -0.000000
vn -0.342020 -0.939693 -0.000000
vn -0.173648 -0.984808 -0.000000
vn -0.000000 -1.000000 -0.000000
vn 0.173648 -0.984808 -0.000000
vn 0.342020 -0.939693 -0.000000
vn 0.500000 -0.866025 -0.000000
vn 0.642788 -0.766044 -0.000000
vn 0.766044 -0.642788 -0.000000
vn 0.866025 -0.500000 -0.000000
vn 0.939693 -0.342020 -0.000000
vn 0.984808 -0.173648 -0.000000
vn 1.000000 -0.000000 -0.000000
vn -1.000000 0.000000 -0.000000
vn 1.000000 -0.000000 -0.000000
vn 0.984808 -0.173648 -0.000000
vn 0.939693 -0.342020 -0.000000
vn 0.866025 -0.500000 -0.000000
vn 0.766044 -0.642788 -0.000000
vn 0.642788 -0.766044 -0.000000
vn 0.500000 -0.866025 -0.000000
vn 0.342020 -0.939693 -0.000000
vn 0.173648 -0.984808 -0.000000
vn -0.000000 -1.000000 -0.000000
vn -0.173648 -0.984808 -0.000000
vn -0.342020 -0.939693 -0.000000
vn -0.500000 -0.866025 -0.000000
vn -0.642788 -0.766044 -0.000000
vn -0.766044 -0.642788 -0.000000
vn -0.866025 -0.500000 -0.000000
vn -0.939693 -0.342020 -0.000000
vn -0.984808 -0.173648 -0.000000
f 3504//3504 3522//3522 3503//3503
f 3504//3504 3540//3540 3522//3522
f 3505//3505 3539//3539 3540//3540
f 3505//3505 3540//3540 3504//3504
f 3506//3506 3538//3538 3539//3539
f 3506//3506 3539//3539 3505//3505
f 3507//3507 3537//3537 3538//3538
f 3507//3507 3538//3538 3506//3506
f 3508//3508 3536//3536 3537//3537
f 3508//3508 3537//3537 3507//3507
f 3509//3509 3535//3535 3536//3536
f 3509//3509 3536//3536 3508//3508
f 3510//3510 3534//3534 3535//3535
f 3510//3510 3535//3535 3509//3509
f 3511//3511 3533//3533 3534//3534
f 3511//3511 3534//3534 3510//3510
f 3512//3512 3532//3532 3533//3533
f 3512//3512 3533//3533 3511//3511
f 3513//3513 3531//3531 3532//3532
f 3513//3513 3532//3532 3512//3512
f 3514//3514 3530//3530 3531//3531
f 3514//3514 3531//3531 3513//3513
f 3515//3515 3529//3529 3530//3530
f 3515//3515 3530//3530 3514//3514
f 3516//3516 3528//3528 3529//3529
f 3516//3516 3529//3529 3515//3515
f 3517//3517 3527//3527 3528//3528
f 3517//3517 3528//3528 3516//3516
f 3518//3518 3527//3527 3517//3517
f 3518//3518 3526//3526 3527//3527
f 3519//3519 3526//3526 3518//3518
f 3519//3519 3525//3525 3526//3526
f 3520//3520 3525//3525 3519//3519
f 3520//3520 3524//3524 3525//3525
f 3521//3521 3524//3524 3520//3520
f 3521//3521 3523//3523 3524//3524
v -388.000000 400.000000 -670.000000
v -388.182312 402.083771 -670.000000
v -388.723694 404.104248 -670.000000
v -389.607697 406.000000 -670.000000
v -390.807465 407.713440 -670.000000
v -392.286560 409.192535 -670.000000
v -394.000000 410.392303 -670.000000
v -395.895752 411.276306 -670.000000
v -397.916229 411.817688 -670.000000
v -400.000000 412.000000 -670.000000
v -402.083771 411.817688 -670.000000
v -404.104248 411.276306 -670.000000
v -406.000000 410.392303 -670.000000
v -407.713440 409.192535 -670.000000
v -409.192535 407.713440 -670.000000
v -410.392303 406.000000 -670.000000
v -411.276306 404.104248 -670.000000
v -411.817688 402.083771 -670.000000
v -412.000000 400.000000 -670.000000
v -388.000000 400.000000 -700.000000
v -412.000000 400.000000 -700.000000
v -411.817688 402.083771 -700.000000
v -411.276306 404.104248 -700.000000
v -410.392303 406.000000 -700.000000
v -409.192535 407.713440 -700.000000
v -407.713440 409.192535 -700.000000
v -406.000000 410.392303 -700.000000
v -404.104248 411.276306 -700.000000
v -402.083771 411.817688 -700.000000
v -400.000000 412.000000 -700.000000
v -397.916229 411.817688 -700.000000
v -395.895752 411.276306 -700.000000
v -394.000000 410.392303 -700.000000
v -392.286560 409.192535 -700.000000
v -390.807465 407.713440 -700.000000
v -389.607697 406.000000 -700.000000
v -388.723694 404.104248 -700.000000
v -388.182312 402.083771 -700.000000
vn -1.000000 0.000000 -0.000000
vn -0.984808 -0.173648 -0.000000
vn -0.939693 -0.342020 -0.000000
vn -0.866025 -0.500000 -0.000000
vn -0.766044 -0.642788 -0.000000
vn -0.642788 -0.766044 -0.000000
vn -0.500000 -0.866025 -0.000000
vn -0.342020 -0.939693 -0.000000
vn -0.173648 -0.984808 -0.000000
vn -0.000000 -1.000000 -0.000000
vn 0.173648 -0.984808 -0.000000
vn 0.342020 -0.939693 -0.000000
vn 0.500000 -0.866025 -0.000000
vn 0.642788 -0.766044 -0.000000
vn 0.766044 -0.642788 -0.000000
vn 0.866025 -0.500000 -0.000000
vn 0.939693 -0.342020 -0.000000
vn 0.984808 -0.173648 -0.000000
vn 1.000000 -0.000000 -0.000000
vn -1.000000 0.000000 -0.000000
vn 1.000000 -0.000000 -0.000000
vn 0.984808 -0.173648 -0.000000
vn 0.939693 -0.342020 -0.000000
vn 0.866025 -0.500000 -0.000000
vn 0.766044 -0.642788 -0.000000
vn 0.642788 -0.766044 -0.000000
vn 0.500000 -0.866025 -0.000000
vn 0.342020 -0.939693 -0.000000
vn 0.173648 -0.984808 -0.000000
vn -0.000000 -1.000000 -0.000000
vn -0.173648 -0.984808 -0.000000
vn -0.342020 -0.939693 -0.000000
vn -0.500000 -0.866025 -0.000000
vn -0.642788 -0.766044 -0.000000
vn -0.766044 -0.642788 -0.000000
vn -0.866025 -0.500000 -0.000000
vn -0.939693 -0.342020 -0.000000
vn -0.984808 -0.173648 -0.000000
f 3542//3542 3560//3560 3541//3541
f 3542//3542 3578//3578 3560//3560
f 3543//3543 3577//3577 3578//3578
f 3543//3543 3578//3578 3542//3542
f 3544//3544 3576//3576 3577//3577
f 3544//3544 3577//3577 3543//3543
f 3545//3545 3575//3575 3576//3576
f 3545//3545 3576//3576 3544//3544
f 3546//3546 3574//3574 3575//3575
f 3546//3546 3575//3575 3545//3545
f 3547//3547 3573//3573 3574//3574
f 3547//3547 3574//3574 3546//3546
f 3548//3548 3572//3572 3573//3573
f 3548//3548 3573//3573 3547//3547
f 3549//3549 3571//3571 3572//3572
f 3549//3549 3572//3572 3548//3548
f 3550//3550 3570//3570 3571//3571
f 3550//3550 3571//3571 3549//3549
f 3551//3551 3569//3569 3570//3570
f 3551//3551 3570//3570 3550//3550
f 3552//3552 3568//3568 3569//3569
f 3552//3552 3569//3569 3551//3551
f 3553//3553 3567//3567 3568//3568
f 3553//3553 3568//3568 3552//3552
f 3554//3554 3566//3566 3567//3567
f 3554//3554 3567//3567 3553//3553
f 3555//3555 3565//3565 3566//3566
f 3555//3555 3566//3566 3554//3554
f 3556//3556 3565//3565 3555//3555
f 3556//3556 3564//3564 3565//3565
f 3557//3557 3564//3564 3556//3556
f 3557//3557 3563//3563 3564//3564
f 3558//3558 3563//3563 3557//3557
f 3558//3558 3562//3562 3563//3563
f 3559//3559 3562//3562 3558//3558
f 3559//3559 3561//3561 3562//3562
v -388.000000 175.000000 -670.000000
v -388.182312 177.083771 -670.000000
v -388.723694 179.104248 -670.000000
v -389.607697 181.000000 -670.000000
v -390.807465 182.713455 -670.000000
v -392.286560 184.192535 -670.000000
v -394.000000 185.392303 -670.000000
v -395.895752 186.276306 -670.000000
v -397.916229 186.817688 -670.000000
v -400.000000 187.000000 -670.000000
v -402.083771 186.817688 -670.000000
v -404.104248 186.276306 -670.000000
v -406.000000 185.392303 -670.000000
v -407.713440 184.192535 -670.000000
v -409.192535 182.713455 -670.000000
v -410.392303 181.000000 -670.000000
v -411.276306 179.104248 -670.000000
v -411.817688 177.083771 -670.000000
v -412.000000 175.000000 -670.000000
v -388.000000 175.000000 -700.000000
v -412.000000 175.000000 -700.000000
v -411.817688 177.083771 -700.000000
v -411.276306 179.104248 -700.000000
v -410.392303 181.000000 -700.000000
v -409.192535 182.713455 -700.000000
v -407.713440 184.192535 -700.000000
v -406.000000 185.392303 -700.000000
v -404.104248 186.276306 -700.000000
v -402.083771 186.817688 -700.000000
v -400.000000 187.000000 -700.000000
v -397.916229 186.817688 -700.000000
v -395.895752 186.276306 -700.000000
v -394.000000 185.392303 -700.000000
v -392.286560 184.192535 -700.000000
v -390.807465 182.713455 -700.000000
v -389.607697 181.000000 -700.000000
v -388.723694 179.104248 -700.000000
v -388.182312 177.083771 -700.000000
vn -1.000000 0.000000 -0.000000
vn -0.984808 -0.173648 -0.000000
vn -0.939693 -0.342020 -0.000000
vn -0.866025 -0.500000 -0.000000
vn -0.766044 -0.642788 -0.000000
vn -0.642788 -0.766044 -0.000000
vn -0.500000 -0.866025 -0.000000
vn -0.342020 -0.939693 -0.000000
vn -0.173648 -0.984808 -0.000000
vn -0.000000 -1.000000 -0.000000
vn 0.173648 -0.984808 -0.000000
vn 0.342020 -0.939693 -0.000000
vn 0.500000 -0.866025 -0.000000
vn 0.642788 -0.766044 -0.000000
vn 0.766044 -0.642788 -0.000000
vn 0.866025 -0.500000 -0.000000
vn 0.939693 -0.342020 -0.000000
vn 0.984808 -0.173648 -0.000000
vn 1.000000 -0.000000 -0.000000
vn -1.000000 0.000000 -0.000000
vn 1.000000 -0.000000 -0.000000
vn 0.984808 -0.173648 -0.000000
vn 0.939693 -0.342020 -0.000000
vn 0.866025 -0.500000 -0.000000
vn 0.766044 -0.642788 -0.000000
vn 0.642788 -0.766044 -0.000000
vn 0.500000 -0.866025 -0.000000
vn 0.342020 -0.939693 -0.000000
vn 0.173648 -0.984808 -0.000000
vn -0.000000 -1.000000 -0.000000
vn -0.173648 -0.984808 -0.000000
vn -0.342020 -0.939693 -0.000000
vn -0.500000 -0.866025 -0.000000
vn -0.642788 -0.766044 -0.000000
vn -0.766044 -0.642788 -0.000000
vn -0.866025 -0.500000 -0.000000
vn -0.939693 -0.342020 -0.000000
vn -0.984808 -0.173648 -0.000000
f 3580//3580 3598//3598 3579//3579
f 3580//3580 3616//3616 3598//3598
f 3581//3581 3615//3615 3616//3616
f 3581//3581 3616//3616 3580//3580
f 3582//3582 3614//3614 3615//3615
f 3582//3582 3615//3615 3581//3581
f 3583//3583 3613//3613 3614//3614
f 3583//3583 3614//3614 3582//3582
f 3584//3584 3612//3612 3613//3613
f 3584//3584 3613//3613 3583//3583
f 3585//3585 3611//3611 3612//3612
f 3585//3585 3612//3612 3584//3584
f 3586//3586 3610//3610 3611//3611
f 3586//3586 3611//3611 3585//3585
f 3587//3587 3609//3609 3610//3610
f 3587//3587 3610//3610 3586//3586
f 3588//3588 3608//3608 3609//3609
f 3588//3588 3609//3609 3587//3587
f 3589//3589 3607//3607 3608//3608
f 3589//3589 3608//3608 3588//3588
f 3590//3590 3606//3606 3607//3607
f 3590//3590 3607//3607 3589//3589
f 3591//3591 3605//3605 3606//3606
f 3591//3591 3606//3606 3590//3590
f 3592//3592 3604//3604 3605//3605
f 3592//3592 3605//3605 3591//3591
f 3593//3593 3603//3603 3604//3604
f 3593//3593 3604//3604 3592//3592
f 3594//3594 3603//3603 3593//3593
f 3594//3594 3602//3602 3603//3603
f 3595//3595 3602//3602 3594//3594
f 3595//3595 3601//3601 3602//3602
f 3596//3596 3601//3601 3595//3595
f 3596//3596 3600//3600 3601//3601
f 3597//3597 3600//3600 3596//3596
f 3597//3597 3599//3599 3600//3600
v -388.000000 -175.000000 -670.000000
v -388.182312 -172.916229 -670.000000
v -388.723694 -170.895752 -670.000000
v -389.607697 -169.000000 -670.000000
v -390.807465 -167.286545 -670.000000
v -392.286560 -165.807465 -670.000000
v -394.000000 -164.607697 -670.000000
v -395.895752 -163.723694 -670.000000
v -397.916229 -163.182312 -670.000000
v -400.000000 -163.000000 -670.000000
v -402.083771 -163.182312 -670.000000
v -404.104248 -163.723694 -670.000000
v -406.000000 -164.607697 -670.000000
v -407.713440 -165.807465 -670.000000
v -409.192535 -167.286545 -670.000000
v -410.392303 -169.000000 -670.000000
v -411.276306 -170.895752 -670.000000
v -411.817688 -172.916229 -670.000000
v -412.000000 -175.000000 -670.000000
v -388.000000 -175.000000 -700.000000
v -412.000000 -175.000000 -700.000000
v -411.817688 -172.916229 -700.000000
v -411.276306 -170.895752 -700.000000
v -410.392303 -169.000000 -700.000000
v -409.192535 -167.286545 -700.000000
v -407.713440 -165.807465 -700.000000
v -406.000000 -164.607697 -700.000000
v -404.104248 -163.723694 -700.000000
v -402.083771 -163.182312 -700.000000
v -400.000000 -163.000000 -700.000000
v -397.916229 -163.182312 -700.000000
v -395.895752 -163.723694 -700.000000
v -394.000000 -164.607697 -700.000000
v -392.286560 -165.807465 -700.000000
v -390.807465 -167.286545 -700.000000
v -389.607697 -169.000000 -700.000000
v -388.723694 -170.895752 -700.000000
v -388.182312 -172.916229 -700.000000
vn -1.000000 0.000000 -0.000000
vn -0.984808 -0.173648 -0.000000
vn -0.939693 -0.342020 -0.000000
vn -0.866025 -0.500000 -0.000000
vn -0.766044 -0.642788 -0.000000
vn -0.642788 -0.766044 -0.000000
vn -0.500000 -0.866025 -0.000000
vn -0.342020 -0.939693 -0.000000
vn -0.173648 -0.984808 -0.000000
vn -0.000000 -1.000000 -0.000000
vn 0.173648 -0.984808 -0.000000
vn 0.342020 -0.939693 -0.000000
vn 0.500000 -0.866025 -0.000000
vn 0.642788 -0.766044 -0.000000
vn 0.766044 -0.642788 -0.000000
vn 0.866025 -0.500000 -0.000000
vn 0.939693 -0.342020 -0.000000
vn 0.984808 -0.173648 -0.000000
vn 1.000000 -0.000000 -0.000000
vn -1.000000 0.000000 -0.000000
vn 1.000000 -0.000000 -0.000000
vn 0.984808 -0.173648 -0.000000
vn 0.939693 -0.342020 -0.000000
vn 0.866025 -0.500000 -0.000000
vn 0.766044 -0.642788 -0.000000
vn 0.642788 -0.766044 -0.000000
vn 0.500000 -0.866025 -0.000000
vn 0.342020 -0.939693 -0.000000
vn 0.173648 -0.984808 -0.000000
vn -0.000000 -1.000000 -0.000000
vn -0.173648 -0.984808 -0.000000
vn -0.342020 -0.939693 -0.000000
vn -0.500000 -0.866025 -0.000000
vn -0.642788 -0.766044 -0.000000
vn -0.766044 -0.642788 -0.000000
vn -0.866025 -0.500000 -0.000000
vn -0.939693 -0.342020 -0.000000
vn -0.984808 -0.173648 -0.000000
f 3618//3618 3636//3636 3617//3617
f 3618//3618 3654//3654 3636//3636
f 3619//3619 3653//3653 3654//3654
f 3619//3619 3654//3654 3618//3618
f 3620//3620 3652//3652 3653//3653
f 3620//3620 3653//3653 3619//3619
f 3621//3621 3651//3651 3652//3652
f 3621//3621 3652//3652 3620//3620
f 3622//3622 3650//3650 3651//3651
f 3622//3622 3651//3651 3621//3621
f 3623//3623 3649//3649 3650//3650
f 3623//3623 3650//3650 3622//3622
f 3624//3624 3648//3648 3649//3649
f 3624//3624 3649//3649 3623//3623
f 3625//3625 3647//3647 3648//3648
f 3625//3625 3648//3648 3624//3624
f 3626//3626 3646//3646 3647//3647
f 3626//3626 3647//3647 3625//3625
f 3627//3627 3645//3645 3646//3646
f 3627//3627 3646//3646 3626//3626
f 3628//3628 3644//3644 3645//3645
f 3628//3628 3645//3645 3627//3627
f 3629//3629 3643//3643 3644//3644
f 3629//3629 3644//3644 3628//3628
f 3630//3630 3642//3642 3643//3643
f 3630//3630 3643//3643 3629//3629
f 3631//3631 3641//3641 3642//3642
f 3631//3631 3642//3642 3630//3630
f 3632//3632 3641//3641 3631//3631
f 3632//3632 3640//3640 3641//3641
f 3633//3633 3640//3640 3632//3632
f 3633//3633 3639//3639 3640//3640
f 3634//3634 3639//3639 3633//3633
f 3634//3634 3638//3638 3639//3639
f 3635//3635 3638//3638 3634//3634
f 3635//3635 3637//3637 3638//3638
v -388.000000 -400.000000 -670.000000
v -388.182312 -397.916229 -670.000000
v -388.723694 -395.895752 -670.000000
v -389.607697 -394.000000 -670.000000
v -390.807465 -392.286560 -670.000000
v -392.286560 -390.807465 -670.000000
v -394.000000 -389.607697 -670.000000
v -395.895752 -388.723694 -670.000000
v -397.916229 -388.182312 -670.000000
v -400.000000 -388.000000 -670.000000
v -402.083771 -388.182312 -670.000000
v -404.104248 -388.723694 -670.000000
v -406.000000 -389.607697 -670.000000
v -407.713440 -390.807465 -670.000000
v -409.192535 -392.286560 -670.000000
v -410.392303 -394.000000 -670.000000
v -411.276306 -395.895752 -670.000000
v -411.817688 -397.916229 -670.000000
v -412.000000 -400.000000 -670.000000
v -388.000000 -400.000000 -700.000000
v -412.000000 -400.000000 -700.000000
v -411.817688 -397.916229 -700.000000
v -411.276306 -395.895752 -700.000000
v -410.392303 -394.000000 -700.000000
v -409.192535 -392.286560 -700.000000
v -407.713440 -390.807465 -700.000000
v -406.000000 -389.607697 -700.000000
v -404.104248 -388.723694 -700.000000
v -402.083771 -388.182312 -700.000000
v -400.000000 -388.000000 -700.000000
v -397.916229 -388.182312 -700.000000
v -395.895752 -388.723694 -700.000000
v -394.000000 -389.607697 -700.000000
v -392.286560 -390.807465 -700.000000
v -390.807465 -392.286560 -700.000000
v -389.607697 -394.000000 -700.000000
v -388.723694 -395.895752 -700.000000
v -388.182312 -397.916229 -700.000000
vn -1.000000 0.000000 -0.000000
vn -0.984808 -0.173648 -0.000000
vn -0.939693 -0.342020 -0.000000
vn -0.866025 -0.500000 -0.000000
vn -0.766044 -0.642788 -0.000000
vn -0.642788 -0.766044 -0.000000
vn -0.500000 -0.866025 -0.000000
vn -0.342020 -0.939693 -0.000000
vn -0.173648 -0.984808 -0.000000
vn -0.000000 -1.000000 -0.000000
vn 0.173648 -0.984808 -0.000000
vn 0.342020 -0.939693 -0.000000
vn 0.500000 -0.866025 -0.000000
vn 0.642788 -0.766044 -0.000000
vn 0.766044 -0.642788 -0.000000
vn 0.866025 -0.500000 -0.000000
vn 0.939693 -0.342020 -0.000000
vn 0.984808 -0.173648 -0.000000
vn 1.000000 -0.000000 -0.000000
vn -1.000000 0.000000 -0.000000
vn 1.000000 -0.000000 -0.000000
vn 0.984808 -0.173648 -0.000000
vn 0.939693 -0.342020 -0.000000
vn 0.866025 -0.500000 -0.000000
vn 0.766044 -0.642788 -0.000000
vn 0.642788 -0.766044 -0.000000
vn 0.500000 -0.866025 -0.000000
vn 0.342020 -0.939693 -0.000000
vn 0.173648 -0.984808 -0.000000
vn -0.000000 -1.000000 -0.000000
vn -0.173648 -0.984808 -0.000000
vn -0.342020 -0.939693 -0.000000
vn -0.500000 -0.866025 -0.000000
vn -0.642788 -0.766044 -0.000000
vn -0.766044 -0.642788 -0.000000
vn -0.866025 -0.500000 -0.000000
vn -0.939693 -0.342020 -0.000000
vn -0.984808 -0.173648 -0.000000
f 3656//3656 3674//3674 3655//3655
f 3656//3656 3692//3692 3674//3674
f 3657//3657 3691//3691 3692//3692
f 3657//3657 3692//3692 3656//3656
f 3658//3658 3690//3690 3691//3691
f 3658//3658 3691//3691 3657//3657
f 3659//3659 3689//3689 3690//3690
f 3659//3659 3690//3690 3658//3658
f 3660//3660 3688//3688 3689//3689
f 3660//3660 3689//3689 3659//3659
f 3661//3661 3687//3687 3688//3688
f 3661//3661 3688//3688 3660//3660
f 3662//3662 3686//3686 3687//3687
f 3662//3662 3687//3687 3661//3661
f 3663//3663 3685//3685 3686//3686
f 3663//3663 3686//3686 3662//3662
f 3664//3664 3684//3684 3685//3685
f 3664//3664 3685//3685 3663//3663
f 3665//3665 3683//3683 3684//3684
f 3665//3665 3684//3684 3664//3664
f 3666//3666 3682//3682 3683//3683
f 3666//3666 3683//3683 3665//3665
f 3667//3667 3681//3681 3682//3682
f 3667//3667 3682//3682 3666//3666
f 3668//3668 3680//3680 3681//3681
f 3668//3668 3681//3681 3667//3667
f 3669//3669 3679//3679 3680//3680
f 3669//3669 3680//3680 3668//3668
f 3670//3670 3679//3679 3669//3669
f 3670//3670 3678//3678 3679//3679
f 3671//3671 3678//3678 3670//3670
f 3671//3671 3677//3677 3678//3678
f 3672//3672 3677//3677 3671//3671
f 3672//3672 3676//3676 3677//3677
f 3673//3673 3676//3676 3672//3672
f 3673//3673 3675//3675 3676//3676
v -163.000000 -400.000000 -670.000000
v -163.182312 -397.916229 -670.000000
v -163.723694 -395.895752 -670.000000
v -164.607697 -394.000000 -670.000000
v -165.807465 -392.286560 -670.000000
v -167.286545 -390.807465 -670.000000
v -169.000000 -389.607697 -670.000000
v -170.895752 -388.723694 -670.000000
v -172.916229 -388.182312 -670.000000
v -175.000000 -388.000000 -670.000000
v -177.083771 -388.182312 -670.000000
v -179.104248 -388.723694 -670.000000
v -181.000000 -389.607697 -670.000000
v -182.713455 -390.807465 -670.000000
v -184.192535 -392.286560 -670.000000
v -185.392303 -394.000000 -670.000000
v -186.276306 -395.895752 -670.000000
v -186.817688 -397.916229 -670.000000
v -187.000000 -400.000000 -670.000000
v -163.000000 -400.000000 -700.000000
v -187.000000 -400.000000 -700.000000
v -186.817688 -397.916229 -700.000000
v -186.276306 -395.895752 -700.000000
v -185.392303 -394.000000 -700.000000
v -184.192535 -392.286560 -700.000000
v -182.713455 -390.807465 -700.000000
v -181.000000 -389.607697 -700.000000
v -179.104248 -388.723694 -700.000000
v -177.083771 -388.182312 -700.000000
v -175.000000 -388.000000 -700.000000
v -172.916229 -388.182312 -700.000000
v -170.895752 -388.723694 -700.000000
v -169.000000 -389.607697 -700.000000
v -167.286545 -390.807465 -700.000000
v -165.807465 -392.286560 -700.000000
v -164.607697 -394.000000 -700.000000
v -163.723694 -395.895752 -700.000000
v -163.182312 -397.916229 -700.000000
vn -1.000000 0.000000 -0.000000
vn -0.984808 -0.173648 -0.000000
vn -0.939693 -0.342020 -0.000000
vn -0.866025 -0.500000 -0.000000
vn -0.766044 -0.642788 -0.000000
vn -0.642788 -0.766044 -0.000000
vn -0.500000 -0.866025 -0.000000
vn -0.342020 -0.939693 -0.000000
vn -0.173648 -0.984808 -0.000000
vn -0.000000 -1.000000 -0.000000
vn 0.173648 -0.984808 -0.000000
vn 0.342020 -0.939693 -0.000000
vn 0.500000 -0.866025 -0.000000
vn 0.642788 -0.766044 -0.000000
vn 0.766044 -0.642788 -0.000000
vn 0.866025 -0.500000 -0.000000
vn 0.939693 -0.342020 -0.000000
vn 0.984808 -0.173648 -0.000000
vn 1.000000 -0.000000 -0.000000
vn -1.000000 0.000000 -0.000000
vn 1.000000 -0.000000 -0.000000
vn 0.984808 -0.173648 -0.000000
vn 0.939693 -0.342020 -0.000000
vn 0.866025 -0.500000 -0.000000
vn 0.766044 -0.642788 -0.000000
vn 0.642788 -0.766044 -0.000000
vn 0.500000 -0.866025 -0.000000
vn 0.342020 -0.939693 -0.000000
vn 0.173648 -0.984808 -0.000000
vn -0.000000 -1.000000 -0.000000
vn -0.173648 -0.984808 -0.000000
vn -0.342020 -0.939693 -0.000000
vn -0.500000 -0.866025 -0.000000
vn -0.642788 -0.766044 -0.000000
vn -0.766044 -0.642788 -0.000000
vn -0.866025 -0.500000 -0.000000
vn -0.939693 -0.342020 -0.000000
vn -0.984808 -0.173648 -0.000000
f 3694//3694 3712//3712 3693//3693
f 3694//3694 3730//3730 3712//3712
f 3695//3695 3729//3729 3730//3730
f 3695//3695 3730//3730 3694//3694
f 3696//3696 3728//3728 3729//3729
f 3696//3696 3729//3729 3695//3695
f 3697//3697 3727//3727 3728//3728
f 3697//3697 3728//3728 3696//3696
f 3698//3698 3726//3726 3727//3727
f 3698//3698 3727//3727 3697//3697
f 3699//3699 3725//3725 3726//3726
f 3699//3699 3726//3726 3698//3698
f 3700//3700 3724//3724 3725//3725
f 3700//3700 3725//3725 3699//3699
f 3701//3701 3723//3723 3724//3724
f 3701//3701 3724//3724 3700//3700
f 3702//3702 3722//3722 3723//3723
f 3702//3702 3723//3723 3701//3701
f 3703//3703 3721//3721 3722//3722
f 3703//3703 3722//3722 3702//3702
f 3704//3704 3720//3720 3721//3721
f 3704//3704 3721//3721 3703//3703
f 3705//3705 3719//3719 3720//3720
f 3705//3705 3720//3720 3704//3704
f 3706//3706 3718//3718 3719//3719
f 3706//3706 3719//3719 3705//3705
f 3707//3707 3717//3717 3718//3718
f 3707//3707 3718//3718 3706//3706
f 3708//3708 3717//3717 3707//3707
f 3708//3708 3716//3716 3717//3717
f 3709//3709 3716//3716 3708//3708
f 3709//3709 3715//3715 3716//3716
f 3710//3710 3715//3715 3709//3709
f 3710//3710 3714//3714 3715//3715
f 3711//3711 3714//3714 3710//3710
f 3711//3711 3713//3713 3714//3714
v 187.000000 -400.000000 -670.000000
v 186.817688 -397.916229 -670.000000
v 186.276306 -395.895752 -670.000000
v 185.392303 -394.000000 -670.000000
v 184.192535 -392.286560 -670.000000
v 182.713455 -390.807465 -670.000000
v 181.000000 -389.607697 -670.000000
v 179.104248 -388.723694 -670.000000
v 177.083771 -388.182312 -670.000000
v 175.000000 -388.000000 -670.000000
v 172.916229 -388.182312 -670.000000
v 170.895752 -388.723694 -670.000000
v 169.000000 -389.607697 -670.000000
v 167.286545 -390.807465 -670.000000
v 165.807465 -392.286560 -670.000000
v 164.607697 -394.000000 -670.000000
v 163.723694 -395.895752 -670.000000
v 163.182312 -397.916229 -670.000000
v 163.000000 -400.000000 -670.000000
v 187.000000 -400.000000 -700.000000
v 163.000000 -400.000000 -700.000000
v 163.182312 -397.916229 -700.000000
v 163.723694 -395.895752 -700.000000
v 164.607697 -394.000000 -700.000000
v 165.807465 -392.286560 -700.000000
v 167.286545 -390.807465 -700.000000
v 169.000000 -389.607697 -700.000000
v 170.895752 -388.723694 -700.000000
v 172.916229 -388.182312 -700.000000
v 175.000000 -388.000000 -700.000000
v 177.083771 -388.182312 -700.000000
v 179.104248 -388.723694 -700.000000
v 181.000000 -389.607697 -700.000000
v 182.713455 -390.807465 -700.000000
v 184.192535 -392.286560 -700.000000
v 185.392303 -394.000000 -700.000000
v 186.276306 -395.895752 -700.000000
v 186.817688 -397.916229 -700.000000
vn -1.000000 0.000000 -0.000000
vn -0.984808 -0.173648 -0.000000
vn -0.939693 -0.342020 -0.000000
vn -0.866025 -0.500000 -0.000000
vn -0.766044 -0.642788 -0.000000
vn -0.642788 -0.766044 -0.000000
vn -0.500000 -0.866025 -0.000000
vn -0.342020 -0.939693 -0.000000
vn -0.173648 -0.984808 -0.000000
vn -0.000000 -1.000000 -0.000000
vn 0.173648 -0.984808 -0.000000
vn 0.342020 -0.939693 -0.000000
vn 0.500000 -0.866025 -0.000000
vn 0.642788 -0.766044 -0.000000
vn 0.766044 -0.642788 -0.000000
vn 0.866025 -0.500000 -0.000000
vn 0.939693 -0.342020 -0.000000
vn 0.984808 -0.173648 -0.000000
vn 1.000000 -0.000000 -0.000000
vn -1.000000 0.000000 -0.000000
vn 1.000000 -0.000000 -0.000000
vn 0.984808 -0.173648 -0.000000
vn 0.939693 -0.342020 -0.000000
vn 0.866025 -0.500000 -0.000000
vn 0.766044 -0.642788 -0.000000
vn 0.642788 -0.766044 -0.000000
vn 0.500000 -0.866025 -0.000000
vn 0.342020 -0.939693 -0.000000
vn 0.173648 -0.984808 -0.000000
vn -0.000000 -1.000000 -0.000000
vn -0.173648 -0.984808 -0.000000
vn -0.342020 -0.939693 -0.000000
vn -0.500000 -0.866025 -0.000000
vn -0.642788 -0.766044 -0.000000
vn -0.766044 -0.642788 -0.000000
vn -0.866025 -0.500000 -0.000000
vn -0.939693 -0.342020 -0.000000
vn -0.984808 -0.173648 -0.000000
f 3732//3732 3750//3750 3731//3731
f 3732//3732 3768//3768 3750//3750
f 3733//3733 3767//3767 3768//3768
f 3733//3733 3768//3768 3732//3732
f 3734//3734 3766//3766 3767//3767
f 3734//3734 3767//3767 3733//3733
f 3735//3735 3765//3765 3766//3766
f 3735//3735 3766//3766 3734//3734
f 3736//3736 3764//3764 3765//3765
f 3736//3736 3765//3765 3735//3735
f 3737//3737 3763//3763 3764//3764
f 3737//3737 3764//3764 3736//3736
f 3738//3738 3762//3762 3763//3763
f 3738//3738 3763//3763 3737//3737
f 3739//3739 3761//3761 3762//3762
f 3739//3739 3762//3762 3738//3738
f 3740//3740 3760//3760 3761//3761
f 3740//3740 3761//3761 3739//3739
f 3741//3741 3759//3759 3760//3760
f 3741//3741 3760//3760 3740//3740
f 3742//3742 3758//3758 3759//3759
f 3742//3742 3759//3759 3741//3741
f 3743//3743 3757//3757 3758//3758
f 3743//3743 3758//3758 3742//3742
f 3744//3744 3756//3756 3757//3757
f 3744//3744 3757//3757 3743//3743
f 3745//3745 3755//3755 3756//3756
f 3745//3745 3756//3756 3744//3744
f 3746//3746 3755//3755 3745//3745
f 3746//3746 3754//3754 3755//3755
f 3747//3747 3754//3754 3746//3746
f 3747//3747 3753//3753 3754//3754
f 3748//3748 3753//3753 3747//3747
f 3748//3748 3752//3752 3753//3753
f 3749//3749 3752//3752 3748//3748
f 3749//3749 3751//3751 3752//3752
v 412.000000 -400.000000 -670.000000
v 411.817688 -397.916229 -670.000000
v 411.276306 -395.895752 -670.000000
v 410.392303 -394.000000 -670.000000
v 409.192535 -392.286560 -670.000000
v 407.713440 -390.807465 -670.000000
v 406.000000 -389.607697 -670.000000
v 404.104248 -388.723694 -670.000000
v 402.083771 -388.182312 -670.000000
v 400.000000 -388.000000 -670.000000
v 397.916229 -388.182312 -670.000000
v 395.895752 -388.723694 -670.000000
v 394.000000 -389.607697 -670.000000
v 392.286560 -390.807465 -670.000000
v 390.807465 -392.286560 -670.000000
v 389.607697 -394.000000 -670.000000
v 388.723694 -395.895752 -670.000000
v 388.182312 -397.916229 -670.000000
v 388.000000 -400.000000 -670.000000
v 412.000000 -400.000000 -700.000000
v 388.000000 -400.000000 -700.000000
v 388.182312 -397.916229 -700.000000
v 388.723694 -395.895752 -700.000000
v 389.607697 -394.000000 -700.000000
v 390.807465 -392.286560 -700.000000
v 392.286560 -390.807465 -700.000000
v 394.000000 -389.607697 -700.000000
v 395.895752 -388.723694 -700.000000
v 397.916229 -388.182312 -700.000000
v 400.000000 -388.000000 -700.000000
v 402.083771 -388.182312 -700.000000
v 404.104248 -388.723694 -700.000000
v 406.000000 -389.607697 -700.000000
v 407.713440 -390.807465 -700.000000
v 409.192535 -392.286560 -700.000000
v 410.392303 -394.000000 -700.000000
v 411.276306 -395.895752 -700.000000
v 411.817688 -397.916229 -700.000000
vn -1.000000 0.000000 -0.000000
vn -0.984808 -0.173648 -0.000000
vn -0.939693 -0.342020 -0.000000
vn -0.866025 -0.500000 -0.000000
vn -0.766044 -0.642788 -0.000000
vn -0.642788 -0.766044 -0.000000
vn -0.500000 -0.866025 -0.000000
vn -0.342020 -0.939693 -0.000000
vn -0.173648 -0.984808 -0.000000
vn -0.000000 -1.000000 -0.000000
vn 0.173648 -0.984808 -0.000000
vn 0.342020 -0.939693 -0.000000
vn 0.500000 -0.866025 -0.000000
vn 0.642788 -0.766044 -0.000000
vn 0.766044 -0.642788 -0.000000
vn 0.866025 -0.500000 -0.000000
vn 0.939693 -0.342020 -0.000000
vn 0.984808 -0.173648 -0.000000
vn 1.000000 -0.000000 -0.000000
vn -1.000000 0.000000 -0.000000
vn 1.000000 -0.000000 -0.000000
vn 0.984808 -0.173648 -0.000000
vn 0.939693 -0.342020 -0.000000
vn 0.866025 -0.500000 -0.000000
vn 0.766044 -0.642788 -0.000000
vn 0.642788 -0.766044 -0.000000
vn 0.500000 -0.866025 -0.000000
vn 0.342020 -0.939693 -0.000000
vn 0.173648 -0.984808 -0.000000
vn -0.000000 -1.000000 -0.000000
vn -0.173648 -0.984808 -0.000000
vn -0.342020 -0.939693 -0.000000
vn -0.500000 -0.866025 -0.000000
vn -0.642788 -0.766044 -0.000000
vn -0.766044 -0.642788 -0.000000
vn -0.866025 -0.500000 -0.000000
vn -0.939693 -0.342020 -0.000000
vn -0.984808 -0.173648 -0.000000
f 3770//3770 3788//3788 3769//3769
f 3770//3770 3806//3806 3788//3788
f 3771//3771 3805//3805 3806//3806
f 3771//3771 3806//3806 3770//3770
f 3772//3772 3804//3804 3805//3805
f 3772//3772 3805//3805 3771//3771
f 3773//3773 3803//3803 3804//3804
f 3773//3773 3804//3804 3772//3772
f 3774//3774 3802//3802 3803//3803
f 3774//3774 3803//3803 3773//3773
f 3775//3775 3801//3801 3802//3802
f 3775//3775 3802//3802 3774//3774
f 3776//3776 3800//3800 3801//3801
f 3776//3776 3801//3801 3775//3775
f 3777//3777 3799//3799 3800//3800
f 3777//3777 3800//3800 3776//3776
f 3778//3778 3798//3798 3799//3799
f 3778//3778 3799//3799 3777//3777
f 3779//3779 3797//3797 3798//3798
f 3779//3779 3798//3798 3778//3778
f 3780//3780 3796//3796 3797//3797
f 3780//3780 3797//3797 3779//3779
f 3781//3781 3795//3795 3796//3796
f 3781//3781 3796//3796 3780//3780
f 3782//3782 3794//3794 3795//3795
f 3782//3782 3795//3795 3781//3781
f 3783//3783 3793//3793 3794//3794
f 3783//3783 3794//3794 3782//3782
f 3784//3784 3793//3793 3783//3783
f 3784//3784 3792//3792 3793//3793
f 3785//3785 3792//3792 3784//3784
f 3785//3785 3791//3791 3792//3792
f 3786//3786 3791//3791 3785//3785
f 3786//3786 3790//3790 3791//3791
f 3787//3787 3790//3790 3786//3786
f 3787//3787 3789//3789 3790//3790
v 412.000000 -175.000000 -670.000000
v 411.817688 -172.916229 -670.000000
v 411.276306 -170.895752 -670.000000
v 410.392303 -169.000000 -670.000000
v 409.192535 -167.286545 -670.000000
v 407.713440 -165.807465 -670.000000
v 406.000000 -164.607697 -670.000000
v 404.104248 -163.723694 -670.000000
v 402.083771 -163.182312 -670.000000
v 400.000000 -163.000000 -670.000000
v 397.916229 -163.182312 -670.000000
v 395.895752 -163.723694 -670.000000
v 394.000000 -164.607697 -670.000000
v 392.286560 -165.807465 -670.000000
v 390.807465 -167.286545 -670.000000
v 389.607697 -169.000000 -670.000000
v 388.723694 -170.895752 -670.000000
v 388.182312 -172.916229 -670.000000
v 388.000000 -175.000000 -670.000000
v 412.000000 -175.000000 -700.000000
v 388.000000 -175.000000 -700.000000
v 388.182312 -172.916229 -700.000000
v 388.723694 -170.895752 -700.000000
v 389.607697 -169.000000 -700.000000
v 390.807465 -167.286545 -700.000000
v 392.286560 -165.807465 -700.000000
v 394.000000 -164.607697 -700.000000
v 395.895752 -163.723694 -700.000000
v 397.916229 -163.182312 -700.000000
v 400.000000 -163.000000 -700.000000
v 402.083771 -163.182312 -700.000000
v 404.104248 -163.723694 -700.000000
v 406.000000 -164.607697 -700.000000
v 407.713440 -165.807465 -700.000000
v 409.192535 -167.286545 -700.000000
v 410.392303 -169.000000 -700.000000
v 411.276306 -170.895752 -700.000000
v 411.817688 -172.916229 -700.000000
vn -1.000000 0.000000 -0.000000
vn -0.984808 -0.173648 -0.000000
vn -0.939693 -0.342020 -0.000000
vn -0.866025 -0.500000 -0.000000
vn -0.766044 -0.642788 -0.000000
vn -0.642788 -0.766044 -0.000000
vn -0.500000 -0.866025 -0.000000
vn -0.342020 -0.939693 -0.000000
vn -0.173648 -0.984808 -0.000000
vn -0.000000 -1.000000 -0.000000
vn 0.173648 -0.984808 -0.000000
vn 0.342020 -0.939693 -0.000000
vn 0.500000 -0.866025 -0.000000
vn 0.642788 -0.766044 -0.000000
vn 0.766044 -0.642788 -0.000000
vn 0.866025 -0.500000 -0.000000
vn 0.939693 -0.342020 -0.000000
vn 0.984808 -0.173648 -0.000000
vn 1.000000 -0.000000 -0.000000
vn -1.000000 0.000000 -0.000000
vn 1.000000 -0.000000 -0.000000
vn 0.984808 -0.173648 -0.000000
vn 0.939693 -0.342020 -0.000000
vn 0.866025 -0.500000 -0.000000
vn 0.766044 -0.642788 -0.000000
vn 0.642788 -0.766044 -0.000000
vn 0.500000 -0.866025 -0.000000
vn 0.342020 -0.939693 -0.000000
vn 0.173648 -0.984808 -0.000000
vn -0.000000 -1.000000 -0.000000
vn -0.173648 -0.984808 -0.000000
vn -0.342020 -0.939693 -0.000000
vn -0.500000 -0.866025 -0.000000
vn -0.642788 -0.766044 -0.000000
vn -0.766044 -0.642788 -0.000000
vn -0.866025 -0.500000 -0.000000
vn -0.939693 -0.342020 -0.000000
vn -0.984808 -0.173648 -0.000000
f 3808//3808 3826//3826 3807//3807
f 3808//3808 3844//3844 3826//3826
f 3809//3809 3843//3843 3844//3844
f 3809//3809 3844//3844 3808//3808
f 3810//3810 3842//3842 3843//3843
f 3810//3810 3843//3843 3809//3809
f 3811//3811 3841//3841 3842//3842
f 3811//3811 3842//3842 3810//3810
f 3812//3812 3840//3840 3841//3841
f 3812//3812 3841//3841 3811//3811
f 3813//3813 3839//3839 3840//3840
f 3813//3813 3840//3840 3812//3812
f 3814//3814 3838//3838 3839//3839
f 3814//3814 3839//3839 3813//3813
f 3815//3815 3837//3837 3838//3838
f 3815//3815 3838//3838 3814//3814
f 3816//3816 3836//3836 3837//3837
f 3816//3816 3837//3837 3815//3815
f 3817//3817 3835//3835 3836//3836
f 3817//3817 3836//3836 3816//3816
f 3818//3818 3834//3834 3835//3835
f 3818//3818 3835//3835 3817//3817
f 3819//3819 3833//3833 3834//3834
f 3819//3819 3834//3834 3818//3818
f 3820//3820 3832//3832 3833//3833
f 3820//3820 3833//3833 3819//3819
f 3821//3821 3831//3831 3832//3832
f 3821//3821 3832//3832 3820//3820
f 3822//3822 3831//3831 3821//3821
f 3822//3822 3830//3830 3831//3831
f 3823//3823 3830//3830 3822//3822
f 3823//3823 3829//3829 3830//3830
f 3824//3824 3829//3829 3823//3823
f 3824//3824 3828//3828 3829//3829
f 3825//3825 3828//3828 3824//3824
f 3825//3825 3827//3827 3828//3828
v 412.000000 175.000000 -670.000000
v 411.817688 177.083771 -670.000000
v 411.276306 179.104248 -670.000000
v 410.392303 181.000000 -670.000000
v 409.192535 182.713455 -670.000000
v 407.713440 184.192535 -670.000000
v 406.000000 185.392303 -670.000000
v 404.104248 186.276306 -670.000000
v 402.083771 186.817688 -670.000000
v 400.000000 187.000000 -670.000000
v 397.916229 186.817688 -670.000000
v 395.895752 186.276306 -670.000000
v 394.000000 185.392303 -670.000000
v 392.286560 184.192535 -670.000000
v 390.807465 182.713455 -670.000000
v 389.607697 181.000000 -670.000000
v 388.723694 179.104248 -670.000000
v 388.182312 177.083771 -670.000000
v 388.000000 175.000000 -670.000000
v 412.000000 175.000000 -700.000000
v 388.000000 175.000000 -700.000000
v 388.182312 177.083771 -700.000000
v 388.723694 179.104248 -700.000000
v 389.607697 181.000000 -700.000000
v 390.807465 182.713455 -700.000000
v 392.286560 184.192535 -700.000000
v 394.000000 185.392303 -700.000000
v 395.895752 186.276306 -700.000000
v 397.916229 186.817688 -700.000000
v 400.000000 187.000000 -700.000000
v 402.083771 186.817688 -700.000000
v 404.104248 186.276306 -700.000000
v 406.000000 185.392303 -700.000000
v 407.713440 184.192535 -700.000000
v 409.192535 182.713455 -700.000000
v 410.392303 181.000000 -700.000000
v 411.276306 179.104248 -700.000000
v 411.817688 177.083771 -700.000000
vn -1.000000 0.000000 -0.000000
vn -0.984808 -0.173648 -0.000000
vn -0.939693 -0.342020 -0.000000
vn -0.866025 -0.500000 -0.000000
vn -0.766044 -0.642788 -0.000000
vn -0.642788 -0.766044 -0.000000
vn -0.500000 -0.866025 -0.000000
vn -0.342020 -0.939693 -0.000000
vn -0.173648 -0.984808 -0.000000
vn -0.000000 -1.000000 -0.000000
vn 0.173648 -0.984808 -0.000000
vn 0.342020 -0.939693 -0.000000
vn 0.500000 -0.866025 -0.000000
vn 0.642788 -0.766044 -0.000000
vn 0.766044 -0.642788 -0.000000
vn 0.866025 -0.500000 -0.000000
vn 0.939693 -0.342020 -0.000000
vn 0.984808 -0.173648 -0.000000
vn 1.000000 -0.000000 -0.000000
vn -1.000000 0.000000 -0.000000
vn 1.000000 -0.000000 -0.000000
vn 0.984808 -0.173648 -0.000000
vn 0.939693 -0.342020 -0.000000
vn 0.866025 -0.500000 -0.000000
vn 0.766044 -0.642788 -0.000000
vn 0.642788 -0.766044 -0.000000
vn 0.500000 -0.866025 -0.000000
vn 0.342020 -0.939693 -0.000000
vn 0.173648 -0.984808 -0.000000
vn -0.000000 -1.000000 -0.000000
vn -0.173648 -0.984808 -0.000000
vn -0.342020 -0.939693 -0.000000
vn -0.500000 -0.866025 -0.000000
vn -0.642788 -0.766044 -0.000000
vn -0.766044 -0.642788 -0.000000
vn -0.866025 -0.500000 -0.000000
vn -0.939693 -0.342020 -0.000000
vn -0.984808 -0.173648 -0.000000
f 3846//3846 3864//3864 3845//3845
f 3846//3846 3882//3882 3864//3864
f 3847//3847 3881//3881 3882//3882
f 3847//3847 3882//3882 3846//3846
f 3848//3848 3880//3880 3881//3881
f 3848//3848 3881//3881 3847//3847
f 3849//3849 3879//3879 3880//3880
f 3849//3849 3880//3880 3848//3848
f 3850//3850 3878//3878 3879//3879
f 3850//3850 3879//3879 3849//3849
f 3851//3851 3877//3877 3878//3878
f 3851//3851 3878//3878 3850//3850
f 3852//3852 3876//3876 3877//3877
f 3852//3852 3877//3877 3851//3851
f 3853//3853 3875//3875 3876//3876
f 3853//3853 3876//3876 3852//3852
f 3854//3854 3874//3874 3875//3875
f 3854//3854 3875//3875 3853//3853
f 3855//3855 3873//3873 3874//3874
f 3855//3855 3874//3874 3854//3854
f 3856//3856 3872//3872 3873//3873
f 3856//3856 3873//3873 3855//3855
f 3857//3857 3871//3871 3872//3872
f 3857//3857 3872//3872 3856//3856
f 3858//3858 3870//3870 3871//3871
f 3858//3858 3871//3871 3857//3857
f 3859//3859 3869//3869 3870//3870
f 3859//3859 3870//3870 3858//3858
f 3860//3860 3869//3869 3859//3859
f 3860//3860 3868//3868 3869//3869
f 3861//3861 3868//3868 3860//3860
f 3861//3861 3867//3867 3868//3868
f 3862//3862 3867//3867 3861//3861
f 3862//3862 3866//3866 3867//3867
f 3863//3863 3866//3866 3862//3862
f 3863//3863 3865//3865 3866//3866
v 412.000000 400.000000 -670.000000
v 411.817688 402.083771 -670.000000
v 411.276306 404.104248 -670.000000
v 410.392303 406.000000 -670.000000
v 409.192535 407.713440 -670.000000
v 407.713440 409.192535 -670.000000
v 406.000000 410.392303 -670.000000
v 404.104248 411.276306 -670.000000
v 402.083771 411.817688 -670.000000
v 400.000000 412.000000 -670.000000
v 397.916229 411.817688 -670.000000
v 395.895752 411.276306 -670.000000
v 394.000000 410.392303 -670.000000
v 392.286560 409.192535 -670.000000
v 390.807465 407.713440 -670.000000
v 389.607697 406.000000 -670.000000
v 388.723694 404.104248 -670.000000
v 388.182312 402.083771 -670.000000
v 388.000000 400.000000 -670.000000
v 412.000000 400.000000 -700.000000
v 388.000000 400.000000 -700.000000
v 388.182312 402.083771 -700.000000
v 388.723694 404.104248 -700.000000
v 389.607697 406.000000 -700.000000
v 390.807465 407.713440 -700.000000
v 392.286560 409.192535 -700.000000
v 394.000000 410.392303 -700.000000
v 395.895752 411.276306 -700.000000
v 397.916229 411.817688 -700.000000
v 400.000000 412.000000 -700.000000
v 402.083771 411.817688 -700.000000
v 404.104248 411.276306 -700.000000
v 406.000000 410.392303 -700.000000
v 407.713440 409.192535 -700.000000
v 409.192535 407.713440 -700.000000
v 410.392303 406.000000 -700.000000
v 411.276306 404.104248 -700.000000
v 411.817688 402.083771 -700.000000
vn -1.000000 0.000000 -0.000000
vn -0.984808 -0.173648 -0.000000
vn -0.939693 -0.342020 -0.000000
vn -0.866025 -0.500000 -0.000000
vn -0.766044 -0.642788 -0.000000
vn -0.642788 -0.766044 -0.000000
vn -0.500000 -0.866025 -0.000000
vn -0.342020 -0.939693 -0.000000
vn -0.173648 -0.984808 -0.000000
vn -0.000000 -1.000000 -0.000000
vn 0.173648 -0.984808 -0.000000
vn 0.342020 -0.939693 -0.000000
vn 0.500000 -0.866025 -0.000000
vn 0.642788 -0.766044 -0.000000
vn 0.766044 -0.642788 -0.000000
vn 0.866025 -0.500000 -0.000000
vn 0.939693 -0.342020 -0.000000
vn 0.984808 -0.173648 -0.000000
vn 1.000000 -0.000000 -0.000000
vn -1.000000 0.000000 -0.000000
vn 1.000000 -0.000000 -0.000000
vn 0.984808 -0.173648 -0.000000
vn 0.939693 -0.342020 -0.000000
vn 0.866025 -0.500000 -0.000000
vn 0.766044 -0.642788 -0.000000
vn 0.642788 -0.766044 -0.000000
vn 0.500000 -0.866025 -0.000000
vn 0.342020 -0.939693 -0.000000
vn 0.173648 -0.984808 -0.000000
vn -0.000000 -1.000000 -0.000000
vn -0.173648 -0.984808 -0.000000
vn -0.342020 -0.939693 -0.000000
vn -0.500000 -0.866025 -0.000000
vn -0.642788 -0.766044 -0.000000
vn -0.766044 -0.642788 -0.000000
vn -0.866025 -0.500000 -0.000000
vn -0.939693 -0.342020 -0.000000
vn -0.984808 -0.173648 -0.000000
f 3884//3884 3902//3902 3883//3883
f 3884//3884 3920//3920 3902//3902
f 3885//3885 3919//3919 3920//3920
f 3885//3885 3920//3920 3884//3884
f 3886//3886 3918//3918 3919//3919
f 3886//3886 3919//3919 3885//3885
f 3887//3887 3917//3917 3918//3918
f 3887//3887 3918//3918 3886//3886
f 3888//3888 3916//3916 3917//3917
f 3888//3888 3917//3917 3887//3887
f 3889//3889 3915//3915 3916//3916
f 3889//3889 3916//3916 3888//3888
f 3890//3890 3914//3914 3915//3915
f 3890//3890 3915//3915 3889//3889
f 3891//3891 3913//3913 3914//3914
f 3891//3891 3914//3914 3890//3890
f 3892//3892 3912//3912 3913//3913
f 3892//3892 3913//3913 3891//3891
f 3893//3893 3911//3911 3912//3912
f 3893//3893 3912//3912 3892//3892
f 3894//3894 3910//3910 3911//3911
f 3894//3894 3911//3911 3893//3893
f 3895//3895 3909//3909 3910//3910
f 3895//3895 3910//3910 3894//3894
f 3896//3896 3908//3908 3909//3909
f 3896//3896 3909//3909 3895//3895
f 3897//3897 3907//3907 3908//3908
f 3897//3897 3908//3908 3896//3896
f 3898//3898 3907//3907 3897//3897
f 3898//3898 3906//3906 3907//3907
f 3899//3899 3906//3906 3898//3898
f 3899//3899 3905//3905 3906//3906
f 3900//3900 3905//3905 3899//3899
f 3900//3900 3904//3904 3905//3905
f 3901//3901 3904//3904 3900//3900
f 3901//3901 3903//3903 3904//3904
v 440.000000 450.000000 -670.000000
v 440.000000 450.000000 -700.000000
v 450.000000 440.000000 -700.000000
v 450.000000 440.000000 -670.000000
vn 0.707107 0.707107 0.000000
vn 0.707107 0.707107 0.000000
vn 0.707107 0.707107 0.000000
vn 0.707107 0.707107 0.000000
f 3923//3923 3922//3922 3921//3921
f 3923//3923 3921//3921 3924//3924
v 450.000000 -440.000000 -670.000000
v 450.000000 -440.000000 -700.000000
v 440.000000 -450.000000 -700.000000
v 440.000000 -450.000000 -670.000000
vn 0.707107 -0.707107 -0.000000
vn 0.707107 -0.707107 -0.000000
vn 0.707107 -0.707107 -0.000000
vn 0.707107 -0.707107 -0.000000
f 3927//3927 3926//3926 3925//3925
f 3927//3927 3925//3925 3928//3928
v -440.000000 -450.000000 -670.000000
v -440.000000 -450.000000 -700.000000
v -450.000000 -440.000000 -700.000000
v -450.000000 -440.000000 -670.000000
vn -0.707107 -0.707107 -0.000000
vn -0.707107 -0.707107 -0.000000
vn -0.707107 -0.707107 -0.000000
vn -0.707107 -0.707107 -0.000000
f 3931//3931 3930//3930 3929//3929
f 3931//3931 3929//3929 3932//3932
v -450.000000 440.000000 -670.000000
v -450.000000 440.000000 -700.000000
v -440.000000 450.000000 -700.000000
v -440.000000 450.000000 -670.000000
vn -0.707107 0.707107 0.000000
vn -0.707107 0.707107 0.000000
vn -0.707107 0.707107 0.000000
vn -0.707107 0.707107 0.000000
f 3935//3935 3934//3934 3933//3933
f 3935//3935 3933//3933 3936//3936
g Íä¹Ü»úÆ÷ÈËµ××ù/R2000ic»úÆ÷ÈËµ××ù¼ÓÇ¿°å
v -705.000000 691.000000 -700.000000
v -705.000000 691.000000 -730.000000
v -705.000000 719.000000 -730.000000
v -702.568909 718.787292 -730.000000
v -700.211731 718.155701 -730.000000
v -698.000000 717.124329 -730.000000
v -696.000977 715.724609 -730.000000
v -694.275391 713.999023 -730.000000
v -692.875671 712.000000 -730.000000
v -691.844299 709.788269 -730.000000
v -691.212708 707.431091 -730.000000
v -691.000000 705.000000 -730.000000
v -691.212708 702.568909 -730.000000
v -691.844299 700.211731 -730.000000
v -692.875671 698.000000 -730.000000
v -694.275391 696.000977 -730.000000
v -696.000977 694.275391 -730.000000
v -698.000000 692.875671 -730.000000
v -700.211731 691.844299 -730.000000
v -702.568909 691.212708 -730.000000
v -705.000000 719.000000 -700.000000
v -702.568909 718.787292 -700.000000
v -700.211731 718.155701 -700.000000
v -698.000000 717.124329 -700.000000
v -696.000977 715.724609 -700.000000
v -694.275391 713.999023 -700.000000
v -692.875671 712.000000 -700.000000
v -691.844299 709.788269 -700.000000
v -691.212708 707.431091 -700.000000
v -691.000000 705.000000 -700.000000
v -691.212708 702.568909 -700.000000
v -691.844299 700.211731 -700.000000
v -692.875671 698.000000 -700.000000
v -694.275391 696.000977 -700.000000
v -696.000977 694.275391 -700.000000
v -698.000000 692.875671 -700.000000
v -700.211731 691.844299 -700.000000
v -702.568909 691.212708 -700.000000
vn 0.000000 1.000000 -0.000000
vn 0.000000 1.000000 -0.000000
vn -0.000000 -1.000000 0.000000
vn -0.173648 -0.984808 0.000000
vn -0.342020 -0.939693 0.000000
vn -0.500000 -0.866025 0.000000
vn -0.642788 -0.766044 0.000000
vn -0.766044 -0.642788 0.000000
vn -0.866025 -0.500000 0.000000
vn -0.939693 -0.342020 0.000000
vn -0.984808 -0.173648 0.000000
vn -1.000000 0.000000 0.000000
vn -0.984808 0.173648 0.000000
vn -0.939693 0.342020 0.000000
vn -0.866025 0.500000 -0.000000
vn -0.766044 0.642788 -0.000000
vn -0.642788 0.766044 -0.000000
vn -0.500000 0.866025 -0.000000
vn -0.342020 0.939693 -0.000000
vn -0.173648 0.984808 -0.000000
vn -0.000000 -1.000000 0.000000
vn -0.173648 -0.984808 0.000000
vn -0.342020 -0.939693 0.000000
vn -0.500000 -0.866025 0.000000
vn -0.642788 -0.766044 0.000000
vn -0.766044 -0.642788 0.000000
vn -0.866025 -0.500000 0.000000
vn -0.939693 -0.342020 0.000000
vn -0.984808 -0.173648 0.000000
vn -1.000000 0.000000 0.000000
vn -0.984808 0.173648 0.000000
vn -0.939693 0.342020 0.000000
vn -0.866025 0.500000 -0.000000
vn -0.766044 0.642788 -0.000000
vn -0.642788 0.766044 -0.000000
vn -0.500000 0.866025 -0.000000
vn -0.342020 0.939693 -0.000000
vn -0.173648 0.984808 -0.000000
f 3939//3939 3958//3958 3957//3957
f 3940//3940 3958//3958 3939//3939
f 3941//3941 3959//3959 3958//3958
f 3941//3941 3958//3958 3940//3940
f 3942//3942 3960//3960 3959//3959
f 3942//3942 3961//3961 3960//3960
f 3942//3942 3959//3959 3941//3941
f 3943//3943 3961//3961 3942//3942
f 3944//3944 3962//3962 3961//3961
f 3944//3944 3961//3961 3943//3943
f 3945//3945 3963//3963 3962//3962
f 3945//3945 3964//3964 3963//3963
f 3945//3945 3962//3962 3944//3944
f 3946//3946 3965//3965 3964//3964
f 3946//3946 3964//3964 3945//3945
f 3947//3947 3965//3965 3946//3946
f 3948//3948 3966//3966 3965//3965
f 3948//3948 3965//3965 3947//3947
f 3949//3949 3967//3967 3966//3966
f 3949//3949 3968//3968 3967//3967
f 3949//3949 3966//3966 3948//3948
f 3950//3950 3969//3969 3968//3968
f 3950//3950 3968//3968 3949//3949
f 3951//3951 3969//3969 3950//3950
f 3952//3952 3970//3970 3969//3969
f 3952//3952 3969//3969 3951//3951
f 3953//3953 3971//3971 3970//3970
f 3953//3953 3972//3972 3971//3971
f 3953//3953 3970//3970 3952//3952
f 3954//3954 3972//3972 3953//3953
f 3954//3954 3973//3973 3972//3972
f 3955//3955 3973//3973 3954//3954
f 3956//3956 3973//3973 3955//3955
f 3956//3956 3974//3974 3973//3973
f 3938//3938 3974//3974 3956//3956
f 3938//3938 3937//3937 3974//3974
v -705.000000 221.000000 -700.000000
v -705.000000 221.000000 -730.000000
v -705.000000 249.000000 -730.000000
v -702.568909 248.787308 -730.000000
v -700.211731 248.155701 -730.000000
v -698.000000 247.124359 -730.000000
v -696.000977 245.724625 -730.000000
v -694.275391 243.999023 -730.000000
v -692.875671 242.000000 -730.000000
v -691.844299 239.788284 -730.000000
v -691.212708 237.431076 -730.000000
v -691.000000 235.000000 -730.000000
v -691.212708 232.568924 -730.000000
v -691.844299 230.211716 -730.000000
v -692.875671 228.000000 -730.000000
v -694.275391 226.000977 -730.000000
v -696.000977 224.275375 -730.000000
v -698.000000 222.875641 -730.000000
v -700.211731 221.844299 -730.000000
v -702.568909 221.212692 -730.000000
v -705.000000 249.000000 -700.000000
v -702.568909 248.787308 -700.000000
v -700.211731 248.155701 -700.000000
v -698.000000 247.124359 -700.000000
v -696.000977 245.724625 -700.000000
v -694.275391 243.999023 -700.000000
v -692.875671 242.000000 -700.000000
v -691.844299 239.788284 -700.000000
v -691.212708 237.431076 -700.000000
v -691.000000 235.000000 -700.000000
v -691.212708 232.568924 -700.000000
v -691.844299 230.211716 -700.000000
v -692.875671 228.000000 -700.000000
v -694.275391 226.000977 -700.000000
v -696.000977 224.275375 -700.000000
v -698.000000 222.875641 -700.000000
v -700.211731 221.844299 -700.000000
v -702.568909 221.212692 -700.000000
vn 0.000000 1.000000 -0.000000
vn 0.000000 1.000000 -0.000000
vn -0.000000 -1.000000 0.000000
vn -0.173648 -0.984808 0.000000
vn -0.342020 -0.939693 0.000000
vn -0.500000 -0.866025 0.000000
vn -0.642788 -0.766044 0.000000
vn -0.766044 -0.642788 0.000000
vn -0.866025 -0.500000 0.000000
vn -0.939693 -0.342020 0.000000
vn -0.984808 -0.173648 0.000000
vn -1.000000 0.000000 0.000000
vn -0.984808 0.173648 0.000000
vn -0.939693 0.342020 0.000000
vn -0.866025 0.500000 -0.000000
vn -0.766044 0.642788 -0.000000
vn -0.642788 0.766044 -0.000000
vn -0.500000 0.866025 -0.000000
vn -0.342020 0.939693 -0.000000
vn -0.173648 0.984808 -0.000000
vn -0.000000 -1.000000 0.000000
vn -0.173648 -0.984808 0.000000
vn -0.342020 -0.939693 0.000000
vn -0.500000 -0.866025 0.000000
vn -0.642788 -0.766044 0.000000
vn -0.766044 -0.642788 0.000000
vn -0.866025 -0.500000 0.000000
vn -0.939693 -0.342020 0.000000
vn -0.984808 -0.173648 0.000000
vn -1.000000 0.000000 0.000000
vn -0.984808 0.173648 0.000000
vn -0.939693 0.342020 0.000000
vn -0.866025 0.500000 -0.000000
vn -0.766044 0.642788 -0.000000
vn -0.642788 0.766044 -0.000000
vn -0.500000 0.866025 -0.000000
vn -0.342020 0.939693 -0.000000
vn -0.173648 0.984808 -0.000000
f 3977//3977 3996//3996 3995//3995
f 3978//3978 3996//3996 3977//3977
f 3979//3979 3997//3997 3996//3996
f 3979//3979 3996//3996 3978//3978
f 3980//3980 3998//3998 3997//3997
f 3980//3980 3999//3999 3998//3998
f 3980//3980 3997//3997 3979//3979
f 3981//3981 3999//3999 3980//3980
f 3982//3982 4000//4000 3999//3999
f 3982//3982 3999//3999 3981//3981
f 3983//3983 4001//4001 4000//4000
f 3983//3983 4002//4002 4001//4001
f 3983//3983 4000//4000 3982//3982
f 3984//3984 4003//4003 4002//4002
f 3984//3984 4002//4002 3983//3983
f 3985//3985 4003//4003 3984//3984
f 3986//3986 4004//4004 4003//4003
f 3986//3986 4003//4003 3985//3985
f 3987//3987 4005//4005 4004//4004
f 3987//3987 4006//4006 4005//4005
f 3987//3987 4004//4004 3986//3986
f 3988//3988 4007//4007 4006//4006
f 3988//3988 4006//4006 3987//3987
f 3989//3989 4007//4007 3988//3988
f 3990//3990 4008//4008 4007//4007
f 3990//3990 4007//4007 3989//3989
f 3991//3991 4009//4009 4008//4008
f 3991//3991 4010//4010 4009//4009
f 3991//3991 4008//4008 3990//3990
f 3992//3992 4010//4010 3991//3991
f 3992//3992 4011//4011 4010//4010
f 3993//3993 4011//4011 3992//3992
f 3994//3994 4011//4011 3993//3993
f 3994//3994 4012//4012 4011//4011
f 3976//3976 4012//4012 3994//3994
f 3976//3976 3975//3975 4012//4012
v -705.000000 -249.000000 -700.000000
v -705.000000 -249.000000 -730.000000
v -705.000000 -221.000000 -730.000000
v -702.568909 -221.212692 -730.000000
v -700.211731 -221.844299 -730.000000
v -698.000000 -222.875641 -730.000000
v -696.000977 -224.275375 -730.000000
v -694.275391 -226.000977 -730.000000
v -692.875671 -228.000000 -730.000000
v -691.844299 -230.211716 -730.000000
v -691.212708 -232.568924 -730.000000
v -691.000000 -235.000000 -730.000000
v -691.212708 -237.431076 -730.000000
v -691.844299 -239.788284 -730.000000
v -692.875671 -242.000000 -730.000000
v -694.275391 -243.999023 -730.000000
v -696.000977 -245.724625 -730.000000
v -698.000000 -247.124359 -730.000000
v -700.211731 -248.155701 -730.000000
v -702.568909 -248.787308 -730.000000
v -705.000000 -221.000000 -700.000000
v -702.568909 -221.212692 -700.000000
v -700.211731 -221.844299 -700.000000
v -698.000000 -222.875641 -700.000000
v -696.000977 -224.275375 -700.000000
v -694.275391 -226.000977 -700.000000
v -692.875671 -228.000000 -700.000000
v -691.844299 -230.211716 -700.000000
v -691.212708 -232.568924 -700.000000
v -691.000000 -235.000000 -700.000000
v -691.212708 -237.431076 -700.000000
v -691.844299 -239.788284 -700.000000
v -692.875671 -242.000000 -700.000000
v -694.275391 -243.999023 -700.000000
v -696.000977 -245.724625 -700.000000
v -698.000000 -247.124359 -700.000000
v -700.211731 -248.155701 -700.000000
v -702.568909 -248.787308 -700.000000
vn 0.000000 1.000000 -0.000000
vn 0.000000 1.000000 -0.000000
vn -0.000000 -1.000000 0.000000
vn -0.173648 -0.984808 0.000000
vn -0.342020 -0.939693 0.000000
vn -0.500000 -0.866025 0.000000
vn -0.642788 -0.766044 0.000000
vn -0.766044 -0.642788 0.000000
vn -0.866025 -0.500000 0.000000
vn -0.939693 -0.342020 0.000000
vn -0.984808 -0.173648 0.000000
vn -1.000000 0.000000 0.000000
vn -0.984808 0.173648 0.000000
vn -0.939693 0.342020 0.000000
vn -0.866025 0.500000 -0.000000
vn -0.766044 0.642788 -0.000000
vn -0.642788 0.766044 -0.000000
vn -0.500000 0.866025 -0.000000
vn -0.342020 0.939693 -0.000000
vn -0.173648 0.984808 -0.000000
vn -0.000000 -1.000000 0.000000
vn -0.173648 -0.984808 0.000000
vn -0.342020 -0.939693 0.000000
vn -0.500000 -0.866025 0.000000
vn -0.642788 -0.766044 0.000000
vn -0.766044 -0.642788 0.000000
vn -0.866025 -0.500000 0.000000
vn -0.939693 -0.342020 0.000000
vn -0.984808 -0.173648 0.000000
vn -1.000000 0.000000 0.000000
vn -0.984808 0.173648 0.000000
vn -0.939693 0.342020 0.000000
vn -0.866025 0.500000 -0.000000
vn -0.766044 0.642788 -0.000000
vn -0.642788 0.766044 -0.000000
vn -0.500000 0.866025 -0.000000
vn -0.342020 0.939693 -0.000000
vn -0.173648 0.984808 -0.000000
f 4015//4015 4034//4034 4033//4033
f 4016//4016 4034//4034 4015//4015
f 4017//4017 4035//4035 4034//4034
f 4017//4017 4034//4034 4016//4016
f 4018//4018 4036//4036 4035//4035
f 4018//4018 4037//4037 4036//4036
f 4018//4018 4035//4035 4017//4017
f 4019//4019 4037//4037 4018//4018
f 4020//4020 4038//4038 4037//4037
f 4020//4020 4037//4037 4019//4019
f 4021//4021 4039//4039 4038//4038
f 4021//4021 4040//4040 4039//4039
f 4021//4021 4038//4038 4020//4020
f 4022//4022 4041//4041 4040//4040
f 4022//4022 4040//4040 4021//4021
f 4023//4023 4041//4041 4022//4022
f 4024//4024 4042//4042 4041//4041
f 4024//4024 4041//4041 4023//4023
f 4025//4025 4043//4043 4042//4042
f 4025//4025 4044//4044 4043//4043
f 4025//4025 4042//4042 4024//4024
f 4026//4026 4045//4045 4044//4044
f 4026//4026 4044//4044 4025//4025
f 4027//4027 4045//4045 4026//4026
f 4028//4028 4046//4046 4045//4045
f 4028//4028 4045//4045 4027//4027
f 4029//4029 4047//4047 4046//4046
f 4029//4029 4048//4048 4047//4047
f 4029//4029 4046//4046 4028//4028
f 4030//4030 4048//4048 4029//4029
f 4030//4030 4049//4049 4048//4048
f 4031//4031 4049//4049 4030//4030
f 4032//4032 4049//4049 4031//4031
f 4032//4032 4050//4050 4049//4049
f 4014//4014 4050//4050 4032//4032
f 4014//4014 4013//4013 4050//4050
v -705.000000 -719.000000 -700.000000
v -705.000000 -719.000000 -730.000000
v -705.000000 -691.000000 -730.000000
v -702.568909 -691.212708 -730.000000
v -700.211731 -691.844299 -730.000000
v -698.000000 -692.875671 -730.000000
v -696.000977 -694.275391 -730.000000
v -694.275391 -696.000977 -730.000000
v -692.875671 -698.000000 -730.000000
v -691.844299 -700.211731 -730.000000
v -691.212708 -702.568909 -730.000000
v -691.000000 -705.000000 -730.000000
v -691.212708 -707.431091 -730.000000
v -691.844299 -709.788269 -730.000000
v -692.875671 -712.000000 -730.000000
v -694.275391 -713.999023 -730.000000
v -696.000977 -715.724609 -730.000000
v -698.000000 -717.124329 -730.000000
v -700.211731 -718.155701 -730.000000
v -702.568909 -718.787292 -730.000000
v -705.000000 -691.000000 -700.000000
v -702.568909 -691.212708 -700.000000
v -700.211731 -691.844299 -700.000000
v -698.000000 -692.875671 -700.000000
v -696.000977 -694.275391 -700.000000
v -694.275391 -696.000977 -700.000000
v -692.875671 -698.000000 -700.000000
v -691.844299 -700.211731 -700.000000
v -691.212708 -702.568909 -700.000000
v -691.000000 -705.000000 -700.000000
v -691.212708 -707.431091 -700.000000
v -691.844299 -709.788269 -700.000000
v -692.875671 -712.000000 -700.000000
v -694.275391 -713.999023 -700.000000
v -696.000977 -715.724609 -700.000000
v -698.000000 -717.124329 -700.000000
v -700.211731 -718.155701 -700.000000
v -702.568909 -718.787292 -700.000000
vn 0.000000 1.000000 -0.000000
vn 0.000000 1.000000 -0.000000
vn -0.000000 -1.000000 0.000000
vn -0.173648 -0.984808 0.000000
vn -0.342020 -0.939693 0.000000
vn -0.500000 -0.866025 0.000000
vn -0.642788 -0.766044 0.000000
vn -0.766044 -0.642788 0.000000
vn -0.866025 -0.500000 0.000000
vn -0.939693 -0.342020 0.000000
vn -0.984808 -0.173648 0.000000
vn -1.000000 0.000000 0.000000
vn -0.984808 0.173648 0.000000
vn -0.939693 0.342020 0.000000
vn -0.866025 0.500000 -0.000000
vn -0.766044 0.642788 -0.000000
vn -0.642788 0.766044 -0.000000
vn -0.500000 0.866025 -0.000000
vn -0.342020 0.939693 -0.000000
vn -0.173648 0.984808 -0.000000
vn -0.000000 -1.000000 0.000000
vn -0.173648 -0.984808 0.000000
vn -0.342020 -0.939693 0.000000
vn -0.500000 -0.866025 0.000000
vn -0.642788 -0.766044 0.000000
vn -0.766044 -0.642788 0.000000
vn -0.866025 -0.500000 0.000000
vn -0.939693 -0.342020 0.000000
vn -0.984808 -0.173648 0.000000
vn -1.000000 0.000000 0.000000
vn -0.984808 0.173648 0.000000
vn -0.939693 0.342020 0.000000
vn -0.866025 0.500000 -0.000000
vn -0.766044 0.642788 -0.000000
vn -0.642788 0.766044 -0.000000
vn -0.500000 0.866025 -0.000000
vn -0.342020 0.939693 -0.000000
vn -0.173648 0.984808 -0.000000
f 4053//4053 4072//4072 4071//4071
f 4054//4054 4072//4072 4053//4053
f 4055//4055 4073//4073 4072//4072
f 4055//4055 4072//4072 4054//4054
f 4056//4056 4074//4074 4073//4073
f 4056//4056 4075//4075 4074//4074
f 4056//4056 4073//4073 4055//4055
f 4057//4057 4075//4075 4056//4056
f 4058//4058 4076//4076 4075//4075
f 4058//4058 4075//4075 4057//4057
f 4059//4059 4077//4077 4076//4076
f 4059//4059 4078//4078 4077//4077
f 4059//4059 4076//4076 4058//4058
f 4060//4060 4079//4079 4078//4078
f 4060//4060 4078//4078 4059//4059
f 4061//4061 4079//4079 4060//4060
f 4062//4062 4080//4080 4079//4079
f 4062//4062 4079//4079 4061//4061
f 4063//4063 4081//4081 4080//4080
f 4063//4063 4082//4082 4081//4081
f 4063//4063 4080//4080 4062//4062
f 4064//4064 4083//4083 4082//4082
f 4064//4064 4082//4082 4063//4063
f 4065//4065 4083//4083 4064//4064
f 4066//4066 4084//4084 4083//4083
f 4066//4066 4083//4083 4065//4065
f 4067//4067 4085//4085 4084//4084
f 4067//4067 4086//4086 4085//4085
f 4067//4067 4084//4084 4066//4066
f 4068//4068 4086//4086 4067//4067
f 4068//4068 4087//4087 4086//4086
f 4069//4069 4087//4087 4068//4068
f 4070//4070 4087//4087 4069//4069
f 4070//4070 4088//4088 4087//4087
f 4052//4052 4088//4088 4070//4070
f 4052//4052 4051//4051 4088//4088
v -235.000000 -719.000000 -700.000000
v -235.000000 -719.000000 -730.000000
v -235.000000 -691.000000 -730.000000
v -232.568924 -691.212708 -730.000000
v -230.211716 -691.844299 -730.000000
v -228.000000 -692.875671 -730.000000
v -226.000977 -694.275391 -730.000000
v -224.275375 -696.000977 -730.000000
v -222.875641 -698.000000 -730.000000
v -221.844299 -700.211731 -730.000000
v -221.212692 -702.568909 -730.000000
v -221.000000 -705.000000 -730.000000
v -221.212692 -707.431091 -730.000000
v -221.844299 -709.788269 -730.000000
v -222.875641 -712.000000 -730.000000
v -224.275375 -713.999023 -730.000000
v -226.000977 -715.724609 -730.000000
v -228.000000 -717.124329 -730.000000
v -230.211716 -718.155701 -730.000000
v -232.568924 -718.787292 -730.000000
v -235.000000 -691.000000 -700.000000
v -232.568924 -691.212708 -700.000000
v -230.211716 -691.844299 -700.000000
v -228.000000 -692.875671 -700.000000
v -226.000977 -694.275391 -700.000000
v -224.275375 -696.000977 -700.000000
v -222.875641 -698.000000 -700.000000
v -221.844299 -700.211731 -700.000000
v -221.212692 -702.568909 -700.000000
v -221.000000 -705.000000 -700.000000
v -221.212692 -707.431091 -700.000000
v -221.844299 -709.788269 -700.000000
v -222.875641 -712.000000 -700.000000
v -224.275375 -713.999023 -700.000000
v -226.000977 -715.724609 -700.000000
v -228.000000 -717.124329 -700.000000
v -230.211716 -718.155701 -700.000000
v -232.568924 -718.787292 -700.000000
vn 0.000000 1.000000 -0.000000
vn 0.000000 1.000000 -0.000000
vn -0.000000 -1.000000 0.000000
vn -0.173648 -0.984808 0.000000
vn -0.342020 -0.939693 0.000000
vn -0.500000 -0.866025 0.000000
vn -0.642788 -0.766044 0.000000
vn -0.766044 -0.642788 0.000000
vn -0.866025 -0.500000 0.000000
vn -0.939693 -0.342020 0.000000
vn -0.984808 -0.173648 0.000000
vn -1.000000 0.000000 0.000000
vn -0.984808 0.173648 0.000000
vn -0.939693 0.342020 0.000000
vn -0.866025 0.500000 -0.000000
vn -0.766044 0.642788 -0.000000
vn -0.642788 0.766044 -0.000000
vn -0.500000 0.866025 -0.000000
vn -0.342020 0.939693 -0.000000
vn -0.173648 0.984808 -0.000000
vn -0.000000 -1.000000 0.000000
vn -0.173648 -0.984808 0.000000
vn -0.342020 -0.939693 0.000000
vn -0.500000 -0.866025 0.000000
vn -0.642788 -0.766044 0.000000
vn -0.766044 -0.642788 0.000000
vn -0.866025 -0.500000 0.000000
vn -0.939693 -0.342020 0.000000
vn -0.984808 -0.173648 0.000000
vn -1.000000 0.000000 0.000000
vn -0.984808 0.173648 0.000000
vn -0.939693 0.342020 0.000000
vn -0.866025 0.500000 -0.000000
vn -0.766044 0.642788 -0.000000
vn -0.642788 0.766044 -0.000000
vn -0.500000 0.866025 -0.000000
vn -0.342020 0.939693 -0.000000
vn -0.173648 0.984808 -0.000000
f 4091//4091 4110//4110 4109//4109
f 4092//4092 4110//4110 4091//4091
f 4093//4093 4111//4111 4110//4110
f 4093//4093 4110//4110 4092//4092
f 4094//4094 4112//4112 4111//4111
f 4094//4094 4113//4113 4112//4112
f 4094//4094 4111//4111 4093//4093
f 4095//4095 4113//4113 4094//4094
f 4096//4096 4114//4114 4113//4113
f 4096//4096 4113//4113 4095//4095
f 4097//4097 4115//4115 4114//4114
f 4097//4097 4116//4116 4115//4115
f 4097//4097 4114//4114 4096//4096
f 4098//4098 4117//4117 4116//4116
f 4098//4098 4116//4116 4097//4097
f 4099//4099 4117//4117 4098//4098
f 4100//4100 4118//4118 4117//4117
f 4100//4100 4117//4117 4099//4099
f 4101//4101 4119//4119 4118//4118
f 4101//4101 4120//4120 4119//4119
f 4101//4101 4118//4118 4100//4100
f 4102//4102 4121//4121 4120//4120
f 4102//4102 4120//4120 4101//4101
f 4103//4103 4121//4121 4102//4102
f 4104//4104 4122//4122 4121//4121
f 4104//4104 4121//4121 4103//4103
f 4105//4105 4123//4123 4122//4122
f 4105//4105 4124//4124 4123//4123
f 4105//4105 4122//4122 4104//4104
f 4106//4106 4124//4124 4105//4105
f 4106//4106 4125//4125 4124//4124
f 4107//4107 4125//4125 4106//4106
f 4108//4108 4125//4125 4107//4107
f 4108//4108 4126//4126 4125//4125
f 4090//4090 4126//4126 4108//4108
f 4090//4090 4089//4089 4126//4126
v 235.000000 -719.000000 -700.000000
v 235.000000 -719.000000 -730.000000
v 235.000000 -691.000000 -730.000000
v 237.431076 -691.212708 -730.000000
v 239.788284 -691.844299 -730.000000
v 242.000000 -692.875671 -730.000000
v 243.999023 -694.275391 -730.000000
v 245.724625 -696.000977 -730.000000
v 247.124359 -698.000000 -730.000000
v 248.155701 -700.211731 -730.000000
v 248.787308 -702.568909 -730.000000
v 249.000000 -705.000000 -730.000000
v 248.787308 -707.431091 -730.000000
v 248.155701 -709.788269 -730.000000
v 247.124359 -712.000000 -730.000000
v 245.724625 -713.999023 -730.000000
v 243.999023 -715.724609 -730.000000
v 242.000000 -717.124329 -730.000000
v 239.788284 -718.155701 -730.000000
v 237.431076 -718.787292 -730.000000
v 235.000000 -691.000000 -700.000000
v 237.431076 -691.212708 -700.000000
v 239.788284 -691.844299 -700.000000
v 242.000000 -692.875671 -700.000000
v 243.999023 -694.275391 -700.000000
v 245.724625 -696.000977 -700.000000
v 247.124359 -698.000000 -700.000000
v 248.155701 -700.211731 -700.000000
v 248.787308 -702.568909 -700.000000
v 249.000000 -705.000000 -700.000000
v 248.787308 -707.431091 -700.000000
v 248.155701 -709.788269 -700.000000
v 247.124359 -712.000000 -700.000000
v 245.724625 -713.999023 -700.000000
v 243.999023 -715.724609 -700.000000
v 242.000000 -717.124329 -700.000000
v 239.788284 -718.155701 -700.000000
v 237.431076 -718.787292 -700.000000
vn 0.000000 1.000000 -0.000000
vn 0.000000 1.000000 -0.000000
vn -0.000000 -1.000000 0.000000
vn -0.173648 -0.984808 0.000000
vn -0.342020 -0.939693 0.000000
vn -0.500000 -0.866025 0.000000
vn -0.642788 -0.766044 0.000000
vn -0.766044 -0.642788 0.000000
vn -0.866025 -0.500000 0.000000
vn -0.939693 -0.342020 0.000000
vn -0.984808 -0.173648 0.000000
vn -1.000000 0.000000 0.000000
vn -0.984808 0.173648 0.000000
vn -0.939693 0.342020 0.000000
vn -0.866025 0.500000 -0.000000
vn -0.766044 0.642788 -0.000000
vn -0.642788 0.766044 -0.000000
vn -0.500000 0.866025 -0.000000
vn -0.342020 0.939693 -0.000000
vn -0.173648 0.984808 -0.000000
vn -0.000000 -1.000000 0.000000
vn -0.173648 -0.984808 0.000000
vn -0.342020 -0.939693 0.000000
vn -0.500000 -0.866025 0.000000
vn -0.642788 -0.766044 0.000000
vn -0.766044 -0.642788 0.000000
vn -0.866025 -0.500000 0.000000
vn -0.939693 -0.342020 0.000000
vn -0.984808 -0.173648 0.000000
vn -1.000000 0.000000 0.000000
vn -0.984808 0.173648 0.000000
vn -0.939693 0.342020 0.000000
vn -0.866025 0.500000 -0.000000
vn -0.766044 0.642788 -0.000000
vn -0.642788 0.766044 -0.000000
vn -0.500000 0.866025 -0.000000
vn -0.342020 0.939693 -0.000000
vn -0.173648 0.984808 -0.000000
f 4129//4129 4148//4148 4147//4147
f 4130//4130 4148//4148 4129//4129
f 4131//4131 4149//4149 4148//4148
f 4131//4131 4148//4148 4130//4130
f 4132//4132 4150//4150 4149//4149
f 4132//4132 4151//4151 4150//4150
f 4132//4132 4149//4149 4131//4131
f 4133//4133 4151//4151 4132//4132
f 4134//4134 4152//4152 4151//4151
f 4134//4134 4151//4151 4133//4133
f 4135//4135 4153//4153 4152//4152
f 4135//4135 4154//4154 4153//4153
f 4135//4135 4152//4152 4134//4134
f 4136//4136 4155//4155 4154//4154
f 4136//4136 4154//4154 4135//4135
f 4137//4137 4155//4155 4136//4136
f 4138//4138 4156//4156 4155//4155
f 4138//4138 4155//4155 4137//4137
f 4139//4139 4157//4157 4156//4156
f 4139//4139 4158//4158 4157//4157
f 4139//4139 4156//4156 4138//4138
f 4140//4140 4159//4159 4158//4158
f 4140//4140 4158//4158 4139//4139
f 4141//4141 4159//4159 4140//4140
f 4142//4142 4160//4160 4159//4159
f 4142//4142 4159//4159 4141//4141
f 4143//4143 4161//4161 4160//4160
f 4143//4143 4162//4162 4161//4161
f 4143//4143 4160//4160 4142//4142
f 4144//4144 4162//4162 4143//4143
f 4144//4144 4163//4163 4162//4162
f 4145//4145 4163//4163 4144//4144
f 4146//4146 4163//4163 4145//4145
f 4146//4146 4164//4164 4163//4163
f 4128//4128 4164//4164 4146//4146
f 4128//4128 4127//4127 4164//4164
v 705.000000 -719.000000 -700.000000
v 705.000000 -719.000000 -730.000000
v 705.000000 -691.000000 -730.000000
v 707.431091 -691.212708 -730.000000
v 709.788269 -691.844299 -730.000000
v 712.000000 -692.875671 -730.000000
v 713.999023 -694.275391 -730.000000
v 715.724609 -696.000977 -730.000000
v 717.124329 -698.000000 -730.000000
v 718.155701 -700.211731 -730.000000
v 718.787292 -702.568909 -730.000000
v 719.000000 -705.000000 -730.000000
v 718.787292 -707.431091 -730.000000
v 718.155701 -709.788269 -730.000000
v 717.124329 -712.000000 -730.000000
v 715.724609 -713.999023 -730.000000
v 713.999023 -715.724609 -730.000000
v 712.000000 -717.124329 -730.000000
v 709.788269 -718.155701 -730.000000
v 707.431091 -718.787292 -730.000000
v 705.000000 -691.000000 -700.000000
v 707.431091 -691.212708 -700.000000
v 709.788269 -691.844299 -700.000000
v 712.000000 -692.875671 -700.000000
v 713.999023 -694.275391 -700.000000
v 715.724609 -696.000977 -700.000000
v 717.124329 -698.000000 -700.000000
v 718.155701 -700.211731 -700.000000
v 718.787292 -702.568909 -700.000000
v 719.000000 -705.000000 -700.000000
v 718.787292 -707.431091 -700.000000
v 718.155701 -709.788269 -700.000000
v 717.124329 -712.000000 -700.000000
v 715.724609 -713.999023 -700.000000
v 713.999023 -715.724609 -700.000000
v 712.000000 -717.124329 -700.000000
v 709.788269 -718.155701 -700.000000
v 707.431091 -718.787292 -700.000000
vn 0.000000 1.000000 -0.000000
vn 0.000000 1.000000 -0.000000
vn -0.000000 -1.000000 0.000000
vn -0.173648 -0.984808 0.000000
vn -0.342020 -0.939693 0.000000
vn -0.500000 -0.866025 0.000000
vn -0.642788 -0.766044 0.000000
vn -0.766044 -0.642788 0.000000
vn -0.866025 -0.500000 0.000000
vn -0.939693 -0.342020 0.000000
vn -0.984808 -0.173648 0.000000
vn -1.000000 0.000000 0.000000
vn -0.984808 0.173648 0.000000
vn -0.939693 0.342020 0.000000
vn -0.866025 0.500000 -0.000000
vn -0.766044 0.642788 -0.000000
vn -0.642788 0.766044 -0.000000
vn -0.500000 0.866025 -0.000000
vn -0.342020 0.939693 -0.000000
vn -0.173648 0.984808 -0.000000
vn -0.000000 -1.000000 0.000000
vn -0.173648 -0.984808 0.000000
vn -0.342020 -0.939693 0.000000
vn -0.500000 -0.866025 0.000000
vn -0.642788 -0.766044 0.000000
vn -0.766044 -0.642788 0.000000
vn -0.866025 -0.500000 0.000000
vn -0.939693 -0.342020 0.000000
vn -0.984808 -0.173648 0.000000
vn -1.000000 0.000000 0.000000
vn -0.984808 0.173648 0.000000
vn -0.939693 0.342020 0.000000
vn -0.866025 0.500000 -0.000000
vn -0.766044 0.642788 -0.000000
vn -0.642788 0.766044 -0.000000
vn -0.500000 0.866025 -0.000000
vn -0.342020 0.939693 -0.000000
vn -0.173648 0.984808 -0.000000
f 4167//4167 4186//4186 4185//4185
f 4168//4168 4186//4186 4167//4167
f 4169//4169 4187//4187 4186//4186
f 4169//4169 4186//4186 4168//4168
f 4170//4170 4188//4188 4187//4187
f 4170//4170 4189//4189 4188//4188
f 4170//4170 4187//4187 4169//4169
f 4171//4171 4189//4189 4170//4170
f 4172//4172 4190//4190 4189//4189
f 4172//4172 4189//4189 4171//4171
f 4173//4173 4191//4191 4190//4190
f 4173//4173 4192//4192 4191//4191
f 4173//4173 4190//4190 4172//4172
f 4174//4174 4193//4193 4192//4192
f 4174//4174 4192//4192 4173//4173
f 4175//4175 4193//4193 4174//4174
f 4176//4176 4194//4194 4193//4193
f 4176//4176 4193//4193 4175//4175
f 4177//4177 4195//4195 4194//4194
f 4177//4177 4196//4196 4195//4195
f 4177//4177 4194//4194 4176//4176
f 4178//4178 4197//4197 4196//4196
f 4178//4178 4196//4196 4177//4177
f 4179//4179 4197//4197 4178//4178
f 4180//4180 4198//4198 4197//4197
f 4180//4180 4197//4197 4179//4179
f 4181//4181 4199//4199 4198//4198
f 4181//4181 4200//4200 4199//4199
f 4181//4181 4198//4198 4180//4180
f 4182//4182 4200//4200 4181//4181
f 4182//4182 4201//4201 4200//4200
f 4183//4183 4201//4201 4182//4182
f 4184//4184 4201//4201 4183//4183
f 4184//4184 4202//4202 4201//4201
f 4166//4166 4202//4202 4184//4184
f 4166//4166 4165//4165 4202//4202
v 705.000000 -249.000000 -700.000000
v 705.000000 -249.000000 -730.000000
v 705.000000 -221.000000 -730.000000
v 707.431091 -221.212692 -730.000000
v 709.788269 -221.844299 -730.000000
v 712.000000 -222.875641 -730.000000
v 713.999023 -224.275375 -730.000000
v 715.724609 -226.000977 -730.000000
v 717.124329 -228.000000 -730.000000
v 718.155701 -230.211716 -730.000000
v 718.787292 -232.568924 -730.000000
v 719.000000 -235.000000 -730.000000
v 718.787292 -237.431076 -730.000000
v 718.155701 -239.788284 -730.000000
v 717.124329 -242.000000 -730.000000
v 715.724609 -243.999023 -730.000000
v 713.999023 -245.724625 -730.000000
v 712.000000 -247.124359 -730.000000
v 709.788269 -248.155701 -730.000000
v 707.431091 -248.787308 -730.000000
v 705.000000 -221.000000 -700.000000
v 707.431091 -221.212692 -700.000000
v 709.788269 -221.844299 -700.000000
v 712.000000 -222.875641 -700.000000
v 713.999023 -224.275375 -700.000000
v 715.724609 -226.000977 -700.000000
v 717.124329 -228.000000 -700.000000
v 718.155701 -230.211716 -700.000000
v 718.787292 -232.568924 -700.000000
v 719.000000 -235.000000 -700.000000
v 718.787292 -237.431076 -700.000000
v 718.155701 -239.788284 -700.000000
v 717.124329 -242.000000 -700.000000
v 715.724609 -243.999023 -700.000000
v 713.999023 -245.724625 -700.000000
v 712.000000 -247.124359 -700.000000
v 709.788269 -248.155701 -700.000000
v 707.431091 -248.787308 -700.000000
vn 0.000000 1.000000 -0.000000
vn 0.000000 1.000000 -0.000000
vn -0.000000 -1.000000 0.000000
vn -0.173648 -0.984808 0.000000
vn -0.342020 -0.939693 0.000000
vn -0.500000 -0.866025 0.000000
vn -0.642788 -0.766044 0.000000
vn -0.766044 -0.642788 0.000000
vn -0.866025 -0.500000 0.000000
vn -0.939693 -0.342020 0.000000
vn -0.984808 -0.173648 0.000000
vn -1.000000 0.000000 0.000000
vn -0.984808 0.173648 0.000000
vn -0.939693 0.342020 0.000000
vn -0.866025 0.500000 -0.000000
vn -0.766044 0.642788 -0.000000
vn -0.642788 0.766044 -0.000000
vn -0.500000 0.866025 -0.000000
vn -0.342020 0.939693 -0.000000
vn -0.173648 0.984808 -0.000000
vn -0.000000 -1.000000 0.000000
vn -0.173648 -0.984808 0.000000
vn -0.342020 -0.939693 0.000000
vn -0.500000 -0.866025 0.000000
vn -0.642788 -0.766044 0.000000
vn -0.766044 -0.642788 0.000000
vn -0.866025 -0.500000 0.000000
vn -0.939693 -0.342020 0.000000
vn -0.984808 -0.173648 0.000000
vn -1.000000 0.000000 0.000000
vn -0.984808 0.173648 0.000000
vn -0.939693 0.342020 0.000000
vn -0.866025 0.500000 -0.000000
vn -0.766044 0.642788 -0.000000
vn -0.642788 0.766044 -0.000000
vn -0.500000 0.866025 -0.000000
vn -0.342020 0.939693 -0.000000
vn -0.173648 0.984808 -0.000000
f 4205//4205 4224//4224 4223//4223
f 4206//4206 4224//4224 4205//4205
f 4207//4207 4225//4225 4224//4224
f 4207//4207 4224//4224 4206//4206
f 4208//4208 4226//4226 4225//4225
f 4208//4208 4227//4227 4226//4226
f 4208//4208 4225//4225 4207//4207
f 4209//4209 4227//4227 4208//4208
f 4210//4210 4228//4228 4227//4227
f 4210//4210 4227//4227 4209//4209
f 4211//4211 4229//4229 4228//4228
f 4211//4211 4230//4230 4229//4229
f 4211//4211 4228//4228 4210//4210
f 4212//4212 4231//4231 4230//4230
f 4212//4212 4230//4230 4211//4211
f 4213//4213 4231//4231 4212//4212
f 4214//4214 4232//4232 4231//4231
f 4214//4214 4231//4231 4213//4213
f 4215//4215 4233//4233 4232//4232
f 4215//4215 4234//4234 4233//4233
f 4215//4215 4232//4232 4214//4214
f 4216//4216 4235//4235 4234//4234
f 4216//4216 4234//4234 4215//4215
f 4217//4217 4235//4235 4216//4216
f 4218//4218 4236//4236 4235//4235
f 4218//4218 4235//4235 4217//4217
f 4219//4219 4237//4237 4236//4236
f 4219//4219 4238//4238 4237//4237
f 4219//4219 4236//4236 4218//4218
f 4220//4220 4238//4238 4219//4219
f 4220//4220 4239//4239 4238//4238
f 4221//4221 4239//4239 4220//4220
f 4222//4222 4239//4239 4221//4221
f 4222//4222 4240//4240 4239//4239
f 4204//4204 4240//4240 4222//4222
f 4204//4204 4203//4203 4240//4240
v 705.000000 221.000000 -700.000000
v 705.000000 221.000000 -730.000000
v 705.000000 249.000000 -730.000000
v 707.431091 248.787308 -730.000000
v 709.788269 248.155701 -730.000000
v 712.000000 247.124359 -730.000000
v 713.999023 245.724625 -730.000000
v 715.724609 243.999023 -730.000000
v 717.124329 242.000000 -730.000000
v 718.155701 239.788284 -730.000000
v 718.787292 237.431076 -730.000000
v 719.000000 235.000000 -730.000000
v 718.787292 232.568924 -730.000000
v 718.155701 230.211716 -730.000000
v 717.124329 228.000000 -730.000000
v 715.724609 226.000977 -730.000000
v 713.999023 224.275375 -730.000000
v 712.000000 222.875641 -730.000000
v 709.788269 221.844299 -730.000000
v 707.431091 221.212692 -730.000000
v 705.000000 249.000000 -700.000000
v 707.431091 248.787308 -700.000000
v 709.788269 248.155701 -700.000000
v 712.000000 247.124359 -700.000000
v 713.999023 245.724625 -700.000000
v 715.724609 243.999023 -700.000000
v 717.124329 242.000000 -700.000000
v 718.155701 239.788284 -700.000000
v 718.787292 237.431076 -700.000000
v 719.000000 235.000000 -700.000000
v 718.787292 232.568924 -700.000000
v 718.155701 230.211716 -700.000000
v 717.124329 228.000000 -700.000000
v 715.724609 226.000977 -700.000000
v 713.999023 224.275375 -700.000000
v 712.000000 222.875641 -700.000000
v 709.788269 221.844299 -700.000000
v 707.431091 221.212692 -700.000000
vn 0.000000 1.000000 -0.000000
vn 0.000000 1.000000 -0.000000
vn -0.000000 -1.000000 0.000000
vn -0.173648 -0.984808 0.000000
vn -0.342020 -0.939693 0.000000
vn -0.500000 -0.866025 0.000000
vn -0.642788 -0.766044 0.000000
vn -0.766044 -0.642788 0.000000
vn -0.866025 -0.500000 0.000000
vn -0.939693 -0.342020 0.000000
vn -0.984808 -0.173648 0.000000
vn -1.000000 0.000000 0.000000
vn -0.984808 0.173648 0.000000
vn -0.939693 0.342020 0.000000
vn -0.866025 0.500000 -0.000000
vn -0.766044 0.642788 -0.000000
vn -0.642788 0.766044 -0.000000
vn -0.500000 0.866025 -0.000000
vn -0.342020 0.939693 -0.000000
vn -0.173648 0.984808 -0.000000
vn -0.000000 -1.000000 0.000000
vn -0.173648 -0.984808 0.000000
vn -0.342020 -0.939693 0.000000
vn -0.500000 -0.866025 0.000000
vn -0.642788 -0.766044 0.000000
vn -0.766044 -0.642788 0.000000
vn -0.866025 -0.500000 0.000000
vn -0.939693 -0.342020 0.000000
vn -0.984808 -0.173648 0.000000
vn -1.000000 0.000000 0.000000
vn -0.984808 0.173648 0.000000
vn -0.939693 0.342020 0.000000
vn -0.866025 0.500000 -0.000000
vn -0.766044 0.642788 -0.000000
vn -0.642788 0.766044 -0.000000
vn -0.500000 0.866025 -0.000000
vn -0.342020 0.939693 -0.000000
vn -0.173648 0.984808 -0.000000
f 4243//4243 4262//4262 4261//4261
f 4244//4244 4262//4262 4243//4243
f 4245//4245 4263//4263 4262//4262
f 4245//4245 4262//4262 4244//4244
f 4246//4246 4264//4264 4263//4263
f 4246//4246 4265//4265 4264//4264
f 4246//4246 4263//4263 4245//4245
f 4247//4247 4265//4265 4246//4246
f 4248//4248 4266//4266 4265//4265
f 4248//4248 4265//4265 4247//4247
f 4249//4249 4267//4267 4266//4266
f 4249//4249 4268//4268 4267//4267
f 4249//4249 4266//4266 4248//4248
f 4250//4250 4269//4269 4268//4268
f 4250//4250 4268//4268 4249//4249
f 4251//4251 4269//4269 4250//4250
f 4252//4252 4270//4270 4269//4269
f 4252//4252 4269//4269 4251//4251
f 4253//4253 4271//4271 4270//4270
f 4253//4253 4272//4272 4271//4271
f 4253//4253 4270//4270 4252//4252
f 4254//4254 4273//4273 4272//4272
f 4254//4254 4272//4272 4253//4253
f 4255//4255 4273//4273 4254//4254
f 4256//4256 4274//4274 4273//4273
f 4256//4256 4273//4273 4255//4255
f 4257//4257 4275//4275 4274//4274
f 4257//4257 4276//4276 4275//4275
f 4257//4257 4274//4274 4256//4256
f 4258//4258 4276//4276 4257//4257
f 4258//4258 4277//4277 4276//4276
f 4259//4259 4277//4277 4258//4258
f 4260//4260 4277//4277 4259//4259
f 4260//4260 4278//4278 4277//4277
f 4242//4242 4278//4278 4260//4260
f 4242//4242 4241//4241 4278//4278
v 705.000000 691.000000 -700.000000
v 705.000000 691.000000 -730.000000
v 705.000000 719.000000 -730.000000
v 707.431091 718.787292 -730.000000
v 709.788269 718.155701 -730.000000
v 712.000000 717.124329 -730.000000
v 713.999023 715.724609 -730.000000
v 715.724609 713.999023 -730.000000
v 717.124329 712.000000 -730.000000
v 718.155701 709.788269 -730.000000
v 718.787292 707.431091 -730.000000
v 719.000000 705.000000 -730.000000
v 718.787292 702.568909 -730.000000
v 718.155701 700.211731 -730.000000
v 717.124329 698.000000 -730.000000
v 715.724609 696.000977 -730.000000
v 713.999023 694.275391 -730.000000
v 712.000000 692.875671 -730.000000
v 709.788269 691.844299 -730.000000
v 707.431091 691.212708 -730.000000
v 705.000000 719.000000 -700.000000
v 707.431091 718.787292 -700.000000
v 709.788269 718.155701 -700.000000
v 712.000000 717.124329 -700.000000
v 713.999023 715.724609 -700.000000
v 715.724609 713.999023 -700.000000
v 717.124329 712.000000 -700.000000
v 718.155701 709.788269 -700.000000
v 718.787292 707.431091 -700.000000
v 719.000000 705.000000 -700.000000
v 718.787292 702.568909 -700.000000
v 718.155701 700.211731 -700.000000
v 717.124329 698.000000 -700.000000
v 715.724609 696.000977 -700.000000
v 713.999023 694.275391 -700.000000
v 712.000000 692.875671 -700.000000
v 709.788269 691.844299 -700.000000
v 707.431091 691.212708 -700.000000
vn 0.000000 1.000000 -0.000000
vn 0.000000 1.000000 -0.000000
vn -0.000000 -1.000000 0.000000
vn -0.173648 -0.984808 0.000000
vn -0.342020 -0.939693 0.000000
vn -0.500000 -0.866025 0.000000
vn -0.642788 -0.766044 0.000000
vn -0.766044 -0.642788 0.000000
vn -0.866025 -0.500000 0.000000
vn -0.939693 -0.342020 0.000000
vn -0.984808 -0.173648 0.000000
vn -1.000000 0.000000 0.000000
vn -0.984808 0.173648 0.000000
vn -0.939693 0.342020 0.000000
vn -0.866025 0.500000 -0.000000
vn -0.766044 0.642788 -0.000000
vn -0.642788 0.766044 -0.000000
vn -0.500000 0.866025 -0.000000
vn -0.342020 0.939693 -0.000000
vn -0.173648 0.984808 -0.000000
vn -0.000000 -1.000000 0.000000
vn -0.173648 -0.984808 0.000000
vn -0.342020 -0.939693 0.000000
vn -0.500000 -0.866025 0.000000
vn -0.642788 -0.766044 0.000000
vn -0.766044 -0.642788 0.000000
vn -0.866025 -0.500000 0.000000
vn -0.939693 -0.342020 0.000000
vn -0.984808 -0.173648 0.000000
vn -1.000000 0.000000 0.000000
vn -0.984808 0.173648 0.000000
vn -0.939693 0.342020 0.000000
vn -0.866025 0.500000 -0.000000
vn -0.766044 0.642788 -0.000000
vn -0.642788 0.766044 -0.000000
vn -0.500000 0.866025 -0.000000
vn -0.342020 0.939693 -0.000000
vn -0.173648 0.984808 -0.000000
f 4281//4281 4300//4300 4299//4299
f 4282//4282 4300//4300 4281//4281
f 4283//4283 4301//4301 4300//4300
f 4283//4283 4300//4300 4282//4282
f 4284//4284 4302//4302 4301//4301
f 4284//4284 4303//4303 4302//4302
f 4284//4284 4301//4301 4283//4283
f 4285//4285 4303//4303 4284//4284
f 4286//4286 4304//4304 4303//4303
f 4286//4286 4303//4303 4285//4285
f 4287//4287 4305//4305 4304//4304
f 4287//4287 4306//4306 4305//4305
f 4287//4287 4304//4304 4286//4286
f 4288//4288 4307//4307 4306//4306
f 4288//4288 4306//4306 4287//4287
f 4289//4289 4307//4307 4288//4288
f 4290//4290 4308//4308 4307//4307
f 4290//4290 4307//4307 4289//4289
f 4291//4291 4309//4309 4308//4308
f 4291//4291 4310//4310 4309//4309
f 4291//4291 4308//4308 4290//4290
f 4292//4292 4311//4311 4310//4310
f 4292//4292 4310//4310 4291//4291
f 4293//4293 4311//4311 4292//4292
f 4294//4294 4312//4312 4311//4311
f 4294//4294 4311//4311 4293//4293
f 4295//4295 4313//4313 4312//4312
f 4295//4295 4314//4314 4313//4313
f 4295//4295 4312//4312 4294//4294
f 4296//4296 4314//4314 4295//4295
f 4296//4296 4315//4315 4314//4314
f 4297//4297 4315//4315 4296//4296
f 4298//4298 4315//4315 4297//4297
f 4298//4298 4316//4316 4315//4315
f 4280//4280 4316//4316 4298//4298
f 4280//4280 4279//4279 4316//4316
v 235.000000 691.000000 -700.000000
v 235.000000 691.000000 -730.000000
v 235.000000 719.000000 -730.000000
v 237.431076 718.787292 -730.000000
v 239.788284 718.155701 -730.000000
v 242.000000 717.124329 -730.000000
v 243.999023 715.724609 -730.000000
v 245.724625 713.999023 -730.000000
v 247.124359 712.000000 -730.000000
v 248.155701 709.788269 -730.000000
v 248.787308 707.431091 -730.000000
v 249.000000 705.000000 -730.000000
v 248.787308 702.568909 -730.000000
v 248.155701 700.211731 -730.000000
v 247.124359 698.000000 -730.000000
v 245.724625 696.000977 -730.000000
v 243.999023 694.275391 -730.000000
v 242.000000 692.875671 -730.000000
v 239.788284 691.844299 -730.000000
v 237.431076 691.212708 -730.000000
v 235.000000 719.000000 -700.000000
v 237.431076 718.787292 -700.000000
v 239.788284 718.155701 -700.000000
v 242.000000 717.124329 -700.000000
v 243.999023 715.724609 -700.000000
v 245.724625 713.999023 -700.000000
v 247.124359 712.000000 -700.000000
v 248.155701 709.788269 -700.000000
v 248.787308 707.431091 -700.000000
v 249.000000 705.000000 -700.000000
v 248.787308 702.568909 -700.000000
v 248.155701 700.211731 -700.000000
v 247.124359 698.000000 -700.000000
v 245.724625 696.000977 -700.000000
v 243.999023 694.275391 -700.000000
v 242.000000 692.875671 -700.000000
v 239.788284 691.844299 -700.000000
v 237.431076 691.212708 -700.000000
vn 0.000000 1.000000 -0.000000
vn 0.000000 1.000000 -0.000000
vn -0.000000 -1.000000 0.000000
vn -0.173648 -0.984808 0.000000
vn -0.342020 -0.939693 0.000000
vn -0.500000 -0.866025 0.000000
vn -0.642788 -0.766044 0.000000
vn -0.766044 -0.642788 0.000000
vn -0.866025 -0.500000 0.000000
vn -0.939693 -0.342020 0.000000
vn -0.984808 -0.173648 0.000000
vn -1.000000 0.000000 0.000000
vn -0.984808 0.173648 0.000000
vn -0.939693 0.342020 0.000000
vn -0.866025 0.500000 -0.000000
vn -0.766044 0.642788 -0.000000
vn -0.642788 0.766044 -0.000000
vn -0.500000 0.866025 -0.000000
vn -0.342020 0.939693 -0.000000
vn -0.173648 0.984808 -0.000000
vn -0.000000 -1.000000 0.000000
vn -0.173648 -0.984808 0.000000
vn -0.342020 -0.939693 0.000000
vn -0.500000 -0.866025 0.000000
vn -0.642788 -0.766044 0.000000
vn -0.766044 -0.642788 0.000000
vn -0.866025 -0.500000 0.000000
vn -0.939693 -0.342020 0.000000
vn -0.984808 -0.173648 0.000000
vn -1.000000 0.000000 0.000000
vn -0.984808 0.173648 0.000000
vn -0.939693 0.342020 0.000000
vn -0.866025 0.500000 -0.000000
vn -0.766044 0.642788 -0.000000
vn -0.642788 0.766044 -0.000000
vn -0.500000 0.866025 -0.000000
vn -0.342020 0.939693 -0.000000
vn -0.173648 0.984808 -0.000000
f 4319//4319 4338//4338 4337//4337
f 4320//4320 4338//4338 4319//4319
f 4321//4321 4339//4339 4338//4338
f 4321//4321 4338//4338 4320//4320
f 4322//4322 4340//4340 4339//4339
f 4322//4322 4341//4341 4340//4340
f 4322//4322 4339//4339 4321//4321
f 4323//4323 4341//4341 4322//4322
f 4324//4324 4342//4342 4341//4341
f 4324//4324 4341//4341 4323//4323
f 4325//4325 4343//4343 4342//4342
f 4325//4325 4344//4344 4343//4343
f 4325//4325 4342//4342 4324//4324
f 4326//4326 4345//4345 4344//4344
f 4326//4326 4344//4344 4325//4325
f 4327//4327 4345//4345 4326//4326
f 4328//4328 4346//4346 4345//4345
f 4328//4328 4345//4345 4327//4327
f 4329//4329 4347//4347 4346//4346
f 4329//4329 4348//4348 4347//4347
f 4329//4329 4346//4346 4328//4328
f 4330//4330 4349//4349 4348//4348
f 4330//4330 4348//4348 4329//4329
f 4331//4331 4349//4349 4330//4330
f 4332//4332 4350//4350 4349//4349
f 4332//4332 4349//4349 4331//4331
f 4333//4333 4351//4351 4350//4350
f 4333//4333 4352//4352 4351//4351
f 4333//4333 4350//4350 4332//4332
f 4334//4334 4352//4352 4333//4333
f 4334//4334 4353//4353 4352//4352
f 4335//4335 4353//4353 4334//4334
f 4336//4336 4353//4353 4335//4335
f 4336//4336 4354//4354 4353//4353
f 4318//4318 4354//4354 4336//4336
f 4318//4318 4317//4317 4354//4354
v -235.000000 691.000000 -700.000000
v -235.000000 691.000000 -730.000000
v -235.000000 719.000000 -730.000000
v -232.568924 718.787292 -730.000000
v -230.211716 718.155701 -730.000000
v -228.000000 717.124329 -730.000000
v -226.000977 715.724609 -730.000000
v -224.275375 713.999023 -730.000000
v -222.875641 712.000000 -730.000000
v -221.844299 709.788269 -730.000000
v -221.212692 707.431091 -730.000000
v -221.000000 705.000000 -730.000000
v -221.212692 702.568909 -730.000000
v -221.844299 700.211731 -730.000000
v -222.875641 698.000000 -730.000000
v -224.275375 696.000977 -730.000000
v -226.000977 694.275391 -730.000000
v -228.000000 692.875671 -730.000000
v -230.211716 691.844299 -730.000000
v -232.568924 691.212708 -730.000000
v -235.000000 719.000000 -700.000000
v -232.568924 718.787292 -700.000000
v -230.211716 718.155701 -700.000000
v -228.000000 717.124329 -700.000000
v -226.000977 715.724609 -700.000000
v -224.275375 713.999023 -700.000000
v -222.875641 712.000000 -700.000000
v -221.844299 709.788269 -700.000000
v -221.212692 707.431091 -700.000000
v -221.000000 705.000000 -700.000000
v -221.212692 702.568909 -700.000000
v -221.844299 700.211731 -700.000000
v -222.875641 698.000000 -700.000000
v -224.275375 696.000977 -700.000000
v -226.000977 694.275391 -700.000000
v -228.000000 692.875671 -700.000000
v -230.211716 691.844299 -700.000000
v -232.568924 691.212708 -700.000000
vn 0.000000 1.000000 -0.000000
vn 0.000000 1.000000 -0.000000
vn -0.000000 -1.000000 0.000000
vn -0.173648 -0.984808 0.000000
vn -0.342020 -0.939693 0.000000
vn -0.500000 -0.866025 0.000000
vn -0.642788 -0.766044 0.000000
vn -0.766044 -0.642788 0.000000
vn -0.866025 -0.500000 0.000000
vn -0.939693 -0.342020 0.000000
vn -0.984808 -0.173648 0.000000
vn -1.000000 0.000000 0.000000
vn -0.984808 0.173648 0.000000
vn -0.939693 0.342020 0.000000
vn -0.866025 0.500000 -0.000000
vn -0.766044 0.642788 -0.000000
vn -0.642788 0.766044 -0.000000
vn -0.500000 0.866025 -0.000000
vn -0.342020 0.939693 -0.000000
vn -0.173648 0.984808 -0.000000
vn -0.000000 -1.000000 0.000000
vn -0.173648 -0.984808 0.000000
vn -0.342020 -0.939693 0.000000
vn -0.500000 -0.866025 0.000000
vn -0.642788 -0.766044 0.000000
vn -0.766044 -0.642788 0.000000
vn -0.866025 -0.500000 0.000000
vn -0.939693 -0.342020 0.000000
vn -0.984808 -0.173648 0.000000
vn -1.000000 0.000000 0.000000
vn -0.984808 0.173648 0.000000
vn -0.939693 0.342020 0.000000
vn -0.866025 0.500000 -0.000000
vn -0.766044 0.642788 -0.000000
vn -0.642788 0.766044 -0.000000
vn -0.500000 0.866025 -0.000000
vn -0.342020 0.939693 -0.000000
vn -0.173648 0.984808 -0.000000
f 4357//4357 4376//4376 4375//4375
f 4358//4358 4376//4376 4357//4357
f 4359//4359 4377//4377 4376//4376
f 4359//4359 4376//4376 4358//4358
f 4360//4360 4378//4378 4377//4377
f 4360//4360 4379//4379 4378//4378
f 4360//4360 4377//4377 4359//4359
f 4361//4361 4379//4379 4360//4360
f 4362//4362 4380//4380 4379//4379
f 4362//4362 4379//4379 4361//4361
f 4363//4363 4381//4381 4380//4380
f 4363//4363 4382//4382 4381//4381
f 4363//4363 4380//4380 4362//4362
f 4364//4364 4383//4383 4382//4382
f 4364//4364 4382//4382 4363//4363
f 4365//4365 4383//4383 4364//4364
f 4366//4366 4384//4384 4383//4383
f 4366//4366 4383//4383 4365//4365
f 4367//4367 4385//4385 4384//4384
f 4367//4367 4386//4386 4385//4385
f 4367//4367 4384//4384 4366//4366
f 4368//4368 4387//4387 4386//4386
f 4368//4368 4386//4386 4367//4367
f 4369//4369 4387//4387 4368//4368
f 4370//4370 4388//4388 4387//4387
f 4370//4370 4387//4387 4369//4369
f 4371//4371 4389//4389 4388//4388
f 4371//4371 4390//4390 4389//4389
f 4371//4371 4388//4388 4370//4370
f 4372//4372 4390//4390 4371//4371
f 4372//4372 4391//4391 4390//4390
f 4373//4373 4391//4391 4372//4372
f 4374//4374 4391//4391 4373//4373
f 4374//4374 4392//4392 4391//4391
f 4356//4356 4392//4392 4374//4374
f 4356//4356 4355//4355 4392//4392
usemtl mat_3
v -400.000000 391.250000 -700.000000
v -400.000000 391.250000 -730.000000
v -400.000000 408.750000 -730.000000
v -398.480591 408.617065 -730.000000
v -397.007324 408.222321 -730.000000
v -395.625000 407.577728 -730.000000
v -394.375610 406.702881 -730.000000
v -393.297119 405.624390 -730.000000
v -392.422272 404.375000 -730.000000
v -391.777679 402.992676 -730.000000
v -391.382935 401.519409 -730.000000
v -391.250000 400.000000 -730.000000
v -391.382935 398.480591 -730.000000
v -391.777679 397.007324 -730.000000
v -392.422272 395.625000 -730.000000
v -393.297119 394.375610 -730.000000
v -394.375610 393.297119 -730.000000
v -395.625000 392.422272 -730.000000
v -397.007324 391.777679 -730.000000
v -398.480591 391.382935 -730.000000
v -400.000000 408.750000 -700.000000
v -398.480591 408.617065 -700.000000
v -397.007324 408.222321 -700.000000
v -395.625000 407.577728 -700.000000
v -394.375610 406.702881 -700.000000
v -393.297119 405.624390 -700.000000
v -392.422272 404.375000 -700.000000
v -391.777679 402.992676 -700.000000
v -391.382935 401.519409 -700.000000
v -391.250000 400.000000 -700.000000
v -391.382935 398.480591 -700.000000
v -391.777679 397.007324 -700.000000
v -392.422272 395.625000 -700.000000
v -393.297119 394.375610 -700.000000
v -394.375610 393.297119 -700.000000
v -395.625000 392.422272 -700.000000
v -397.007324 391.777679 -700.000000
v -398.480591 391.382935 -700.000000
vn 0.000000 1.000000 -0.000000
vn 0.000000 1.000000 -0.000000
vn -0.000000 -1.000000 0.000000
vn -0.173648 -0.984808 0.000000
vn -0.342020 -0.939693 0.000000
vn -0.500000 -0.866025 0.000000
vn -0.642788 -0.766044 0.000000
vn -0.766044 -0.642788 0.000000
vn -0.866025 -0.500000 0.000000
vn -0.939693 -0.342020 0.000000
vn -0.984808 -0.173648 0.000000
vn -1.000000 0.000000 0.000000
vn -0.984808 0.173648 0.000000
vn -0.939693 0.342020 0.000000
vn -0.866025 0.500000 -0.000000
vn -0.766044 0.642788 -0.000000
vn -0.642788 0.766044 -0.000000
vn -0.500000 0.866025 -0.000000
vn -0.342020 0.939693 -0.000000
vn -0.173648 0.984808 -0.000000
vn -0.000000 -1.000000 0.000000
vn -0.173648 -0.984808 0.000000
vn -0.342020 -0.939693 0.000000
vn -0.500000 -0.866025 0.000000
vn -0.642788 -0.766044 0.000000
vn -0.766044 -0.642788 0.000000
vn -0.866025 -0.500000 0.000000
vn -0.939693 -0.342020 0.000000
vn -0.984808 -0.173648 0.000000
vn -1.000000 0.000000 0.000000
vn -0.984808 0.173648 0.000000
vn -0.939693 0.342020 0.000000
vn -0.866025 0.500000 -0.000000
vn -0.766044 0.642788 -0.000000
vn -0.642788 0.766044 -0.000000
vn -0.500000 0.866025 -0.000000
vn -0.342020 0.939693 -0.000000
vn -0.173648 0.984808 -0.000000
f 4395//4395 4414//4414 4413//4413
f 4396//4396 4414//4414 4395//4395
f 4397//4397 4415//4415 4414//4414
f 4397//4397 4414//4414 4396//4396
f 4398//4398 4416//4416 4415//4415
f 4398//4398 4417//4417 4416//4416
f 4398//4398 4415//4415 4397//4397
f 4399//4399 4417//4417 4398//4398
f 4400//4400 4418//4418 4417//4417
f 4400//4400 4417//4417 4399//4399
f 4401//4401 4419//4419 4418//4418
f 4401//4401 4420//4420 4419//4419
f 4401//4401 4418//4418 4400//4400
f 4402//4402 4421//4421 4420//4420
f 4402//4402 4420//4420 4401//4401
f 4403//4403 4421//4421 4402//4402
f 4404//4404 4422//4422 4421//4421
f 4404//4404 4421//4421 4403//4403
f 4405//4405 4423//4423 4422//4422
f 4405//4405 4424//4424 4423//4423
f 4405//4405 4422//4422 4404//4404
f 4406//4406 4425//4425 4424//4424
f 4406//4406 4424//4424 4405//4405
f 4407//4407 4425//4425 4406//4406
f 4408//4408 4426//4426 4425//4425
f 4408//4408 4425//4425 4407//4407
f 4409//4409 4427//4427 4426//4426
f 4409//4409 4428//4428 4427//4427
f 4409//4409 4426//4426 4408//4408
f 4410//4410 4428//4428 4409//4409
f 4410//4410 4429//4429 4428//4428
f 4411//4411 4429//4429 4410//4410
f 4412//4412 4429//4429 4411//4411
f 4412//4412 4430//4430 4429//4429
f 4394//4394 4430//4430 4412//4412
f 4394//4394 4393//4393 4430//4430
v -400.000000 166.250000 -700.000000
v -400.000000 166.250000 -730.000000
v -400.000000 183.750000 -730.000000
v -398.480591 183.617065 -730.000000
v -397.007324 183.222305 -730.000000
v -395.625000 182.577728 -730.000000
v -394.375610 181.702896 -730.000000
v -393.297119 180.624390 -730.000000
v -392.422272 179.375000 -730.000000
v -391.777679 177.992676 -730.000000
v -391.382935 176.519424 -730.000000
v -391.250000 175.000000 -730.000000
v -391.382935 173.480576 -730.000000
v -391.777679 172.007324 -730.000000
v -392.422272 170.625000 -730.000000
v -393.297119 169.375610 -730.000000
v -394.375610 168.297104 -730.000000
v -395.625000 167.422272 -730.000000
v -397.007324 166.777695 -730.000000
v -398.480591 166.382935 -730.000000
v -400.000000 183.750000 -700.000000
v -398.480591 183.617065 -700.000000
v -397.007324 183.222305 -700.000000
v -395.625000 182.577728 -700.000000
v -394.375610 181.702896 -700.000000
v -393.297119 180.624390 -700.000000
v -392.422272 179.375000 -700.000000
v -391.777679 177.992676 -700.000000
v -391.382935 176.519424 -700.000000
v -391.250000 175.000000 -700.000000
v -391.382935 173.480576 -700.000000
v -391.777679 172.007324 -700.000000
v -392.422272 170.625000 -700.000000
v -393.297119 169.375610 -700.000000
v -394.375610 168.297104 -700.000000
v -395.625000 167.422272 -700.000000
v -397.007324 166.777695 -700.000000
v -398.480591 166.382935 -700.000000
vn 0.000000 1.000000 -0.000000
vn 0.000000 1.000000 -0.000000
vn -0.000000 -1.000000 0.000000
vn -0.173648 -0.984808 0.000000
vn -0.342020 -0.939693 0.000000
vn -0.500000 -0.866025 0.000000
vn -0.642788 -0.766044 0.000000
vn -0.766044 -0.642788 0.000000
vn -0.866025 -0.500000 0.000000
vn -0.939693 -0.342020 0.000000
vn -0.984808 -0.173648 0.000000
vn -1.000000 0.000000 0.000000
vn -0.984808 0.173648 0.000000
vn -0.939693 0.342020 0.000000
vn -0.866025 0.500000 -0.000000
vn -0.766044 0.642788 -0.000000
vn -0.642788 0.766044 -0.000000
vn -0.500000 0.866025 -0.000000
vn -0.342020 0.939693 -0.000000
vn -0.173648 0.984808 -0.000000
vn -0.000000 -1.000000 0.000000
vn -0.173648 -0.984808 0.000000
vn -0.342020 -0.939693 0.000000
vn -0.500000 -0.866025 0.000000
vn -0.642788 -0.766044 0.000000
vn -0.766044 -0.642788 0.000000
vn -0.866025 -0.500000 0.000000
vn -0.939693 -0.342020 0.000000
vn -0.984808 -0.173648 0.000000
vn -1.000000 0.000000 0.000000
vn -0.984808 0.173648 0.000000
vn -0.939693 0.342020 0.000000
vn -0.866025 0.500000 -0.000000
vn -0.766044 0.642788 -0.000000
vn -0.642788 0.766044 -0.000000
vn -0.500000 0.866025 -0.000000
vn -0.342020 0.939693 -0.000000
vn -0.173648 0.984808 -0.000000
f 4433//4433 4452//4452 4451//4451
f 4434//4434 4452//4452 4433//4433
f 4435//4435 4453//4453 4452//4452
f 4435//4435 4452//4452 4434//4434
f 4436//4436 4454//4454 4453//4453
f 4436//4436 4455//4455 4454//4454
f 4436//4436 4453//4453 4435//4435
f 4437//4437 4455//4455 4436//4436
f 4438//4438 4456//4456 4455//4455
f 4438//4438 4455//4455 4437//4437
f 4439//4439 4457//4457 4456//4456
f 4439//4439 4458//4458 4457//4457
f 4439//4439 4456//4456 4438//4438
f 4440//4440 4459//4459 4458//4458
f 4440//4440 4458//4458 4439//4439
f 4441//4441 4459//4459 4440//4440
f 4442//4442 4460//4460 4459//4459
f 4442//4442 4459//4459 4441//4441
f 4443//4443 4461//4461 4460//4460
f 4443//4443 4462//4462 4461//4461
f 4443//4443 4460//4460 4442//4442
f 4444//4444 4463//4463 4462//4462
f 4444//4444 4462//4462 4443//4443
f 4445//4445 4463//4463 4444//4444
f 4446//4446 4464//4464 4463//4463
f 4446//4446 4463//4463 4445//4445
f 4447//4447 4465//4465 4464//4464
f 4447//4447 4466//4466 4465//4465
f 4447//4447 4464//4464 4446//4446
f 4448//4448 4466//4466 4447//4447
f 4448//4448 4467//4467 4466//4466
f 4449//4449 4467//4467 4448//4448
f 4450//4450 4467//4467 4449//4449
f 4450//4450 4468//4468 4467//4467
f 4432//4432 4468//4468 4450//4450
f 4432//4432 4431//4431 4468//4468
v -400.000000 -183.750000 -700.000000
v -400.000000 -183.750000 -730.000000
v -400.000000 -166.250000 -730.000000
v -398.480591 -166.382935 -730.000000
v -397.007324 -166.777695 -730.000000
v -395.625000 -167.422272 -730.000000
v -394.375610 -168.297104 -730.000000
v -393.297119 -169.375610 -730.000000
v -392.422272 -170.625000 -730.000000
v -391.777679 -172.007324 -730.000000
v -391.382935 -173.480576 -730.000000
v -391.250000 -175.000000 -730.000000
v -391.382935 -176.519424 -730.000000
v -391.777679 -177.992676 -730.000000
v -392.422272 -179.375000 -730.000000
v -393.297119 -180.624390 -730.000000
v -394.375610 -181.702896 -730.000000
v -395.625000 -182.577728 -730.000000
v -397.007324 -183.222305 -730.000000
v -398.480591 -183.617065 -730.000000
v -400.000000 -166.250000 -700.000000
v -398.480591 -166.382935 -700.000000
v -397.007324 -166.777695 -700.000000
v -395.625000 -167.422272 -700.000000
v -394.375610 -168.297104 -700.000000
v -393.297119 -169.375610 -700.000000
v -392.422272 -170.625000 -700.000000
v -391.777679 -172.007324 -700.000000
v -391.382935 -173.480576 -700.000000
v -391.250000 -175.000000 -700.000000
v -391.382935 -176.519424 -700.000000
v -391.777679 -177.992676 -700.000000
v -392.422272 -179.375000 -700.000000
v -393.297119 -180.624390 -700.000000
v -394.375610 -181.702896 -700.000000
v -395.625000 -182.577728 -700.000000
v -397.007324 -183.222305 -700.000000
v -398.480591 -183.617065 -700.000000
vn 0.000000 1.000000 -0.000000
vn 0.000000 1.000000 -0.000000
vn -0.000000 -1.000000 0.000000
vn -0.173648 -0.984808 0.000000
vn -0.342020 -0.939693 0.000000
vn -0.500000 -0.866025 0.000000
vn -0.642788 -0.766044 0.000000
vn -0.766044 -0.642788 0.000000
vn -0.866025 -0.500000 0.000000
vn -0.939693 -0.342020 0.000000
vn -0.984808 -0.173648 0.000000
vn -1.000000 0.000000 0.000000
vn -0.984808 0.173648 0.000000
vn -0.939693 0.342020 0.000000
vn -0.866025 0.500000 -0.000000
vn -0.766044 0.642788 -0.000000
vn -0.642788 0.766044 -0.000000
vn -0.500000 0.866025 -0.000000
vn -0.342020 0.939693 -0.000000
vn -0.173648 0.984808 -0.000000
vn -0.000000 -1.000000 0.000000
vn -0.173648 -0.984808 0.000000
vn -0.342020 -0.939693 0.000000
vn -0.500000 -0.866025 0.000000
vn -0.642788 -0.766044 0.000000
vn -0.766044 -0.642788 0.000000
vn -0.866025 -0.500000 0.000000
vn -0.939693 -0.342020 0.000000
vn -0.984808 -0.173648 0.000000
vn -1.000000 0.000000 0.000000
vn -0.984808 0.173648 0.000000
vn -0.939693 0.342020 0.000000
vn -0.866025 0.500000 -0.000000
vn -0.766044 0.642788 -0.000000
vn -0.642788 0.766044 -0.000000
vn -0.500000 0.866025 -0.000000
vn -0.342020 0.939693 -0.000000
vn -0.173648 0.984808 -0.000000
f 4471//4471 4490//4490 4489//4489
f 4472//4472 4490//4490 4471//4471
f 4473//4473 4491//4491 4490//4490
f 4473//4473 4490//4490 4472//4472
f 4474//4474 4492//4492 4491//4491
f 4474//4474 4493//4493 4492//4492
f 4474//4474 4491//4491 4473//4473
f 4475//4475 4493//4493 4474//4474
f 4476//4476 4494//4494 4493//4493
f 4476//4476 4493//4493 4475//4475
f 4477//4477 4495//4495 4494//4494
f 4477//4477 4496//4496 4495//4495
f 4477//4477 4494//4494 4476//4476
f 4478//4478 4497//4497 4496//4496
f 4478//4478 4496//4496 4477//4477
f 4479//4479 4497//4497 4478//4478
f 4480//4480 4498//4498 4497//4497
f 4480//4480 4497//4497 4479//4479
f 4481//4481 4499//4499 4498//4498
f 4481//4481 4500//4500 4499//4499
f 4481//4481 4498//4498 4480//4480
f 4482//4482 4501//4501 4500//4500
f 4482//4482 4500//4500 4481//4481
f 4483//4483 4501//4501 4482//4482
f 4484//4484 4502//4502 4501//4501
f 4484//4484 4501//4501 4483//4483
f 4485//4485 4503//4503 4502//4502
f 4485//4485 4504//4504 4503//4503
f 4485//4485 4502//4502 4484//4484
f 4486//4486 4504//4504 4485//4485
f 4486//4486 4505//4505 4504//4504
f 4487//4487 4505//4505 4486//4486
f 4488//4488 4505//4505 4487//4487
f 4488//4488 4506//4506 4505//4505
f 4470//4470 4506//4506 4488//4488
f 4470//4470 4469//4469 4506//4506
v -400.000000 -408.750000 -700.000000
v -400.000000 -408.750000 -730.000000
v -400.000000 -391.250000 -730.000000
v -398.480591 -391.382935 -730.000000
v -397.007324 -391.777679 -730.000000
v -395.625000 -392.422272 -730.000000
v -394.375610 -393.297119 -730.000000
v -393.297119 -394.375610 -730.000000
v -392.422272 -395.625000 -730.000000
v -391.777679 -397.007324 -730.000000
v -391.382935 -398.480591 -730.000000
v -391.250000 -400.000000 -730.000000
v -391.382935 -401.519409 -730.000000
v -391.777679 -402.992676 -730.000000
v -392.422272 -404.375000 -730.000000
v -393.297119 -405.624390 -730.000000
v -394.375610 -406.702881 -730.000000
v -395.625000 -407.577728 -730.000000
v -397.007324 -408.222321 -730.000000
v -398.480591 -408.617065 -730.000000
v -400.000000 -391.250000 -700.000000
v -398.480591 -391.382935 -700.000000
v -397.007324 -391.777679 -700.000000
v -395.625000 -392.422272 -700.000000
v -394.375610 -393.297119 -700.000000
v -393.297119 -394.375610 -700.000000
v -392.422272 -395.625000 -700.000000
v -391.777679 -397.007324 -700.000000
v -391.382935 -398.480591 -700.000000
v -391.250000 -400.000000 -700.000000
v -391.382935 -401.519409 -700.000000
v -391.777679 -402.992676 -700.000000
v -392.422272 -404.375000 -700.000000
v -393.297119 -405.624390 -700.000000
v -394.375610 -406.702881 -700.000000
v -395.625000 -407.577728 -700.000000
v -397.007324 -408.222321 -700.000000
v -398.480591 -408.617065 -700.000000
vn 0.000000 1.000000 -0.000000
vn 0.000000 1.000000 -0.000000
vn -0.000000 -1.000000 0.000000
vn -0.173648 -0.984808 0.000000
vn -0.342020 -0.939693 0.000000
vn -0.500000 -0.866025 0.000000
vn -0.642788 -0.766044 0.000000
vn -0.766044 -0.642788 0.000000
vn -0.866025 -0.500000 0.000000
vn -0.939693 -0.342020 0.000000
vn -0.984808 -0.173648 0.000000
vn -1.000000 0.000000 0.000000
vn -0.984808 0.173648 0.000000
vn -0.939693 0.342020 0.000000
vn -0.866025 0.500000 -0.000000
vn -0.766044 0.642788 -0.000000
vn -0.642788 0.766044 -0.000000
vn -0.500000 0.866025 -0.000000
vn -0.342020 0.939693 -0.000000
vn -0.173648 0.984808 -0.000000
vn -0.000000 -1.000000 0.000000
vn -0.173648 -0.984808 0.000000
vn -0.342020 -0.939693 0.000000
vn -0.500000 -0.866025 0.000000
vn -0.642788 -0.766044 0.000000
vn -0.766044 -0.642788 0.000000
vn -0.866025 -0.500000 0.000000
vn -0.939693 -0.342020 0.000000
vn -0.984808 -0.173648 0.000000
vn -1.000000 0.000000 0.000000
vn -0.984808 0.173648 0.000000
vn -0.939693 0.342020 0.000000
vn -0.866025 0.500000 -0.000000
vn -0.766044 0.642788 -0.000000
vn -0.642788 0.766044 -0.000000
vn -0.500000 0.866025 -0.000000
vn -0.342020 0.939693 -0.000000
vn -0.173648 0.984808 -0.000000
f 4509//4509 4528//4528 4527//4527
f 4510//4510 4528//4528 4509//4509
f 4511//4511 4529//4529 4528//4528
f 4511//4511 4528//4528 4510//4510
f 4512//4512 4530//4530 4529//4529
f 4512//4512 4531//4531 4530//4530
f 4512//4512 4529//4529 4511//4511
f 4513//4513 4531//4531 4512//4512
f 4514//4514 4532//4532 4531//4531
f 4514//4514 4531//4531 4513//4513
f 4515//4515 4533//4533 4532//4532
f 4515//4515 4534//4534 4533//4533
f 4515//4515 4532//4532 4514//4514
f 4516//4516 4535//4535 4534//4534
f 4516//4516 4534//4534 4515//4515
f 4517//4517 4535//4535 4516//4516
f 4518//4518 4536//4536 4535//4535
f 4518//4518 4535//4535 4517//4517
f 4519//4519 4537//4537 4536//4536
f 4519//4519 4538//4538 4537//4537
f 4519//4519 4536//4536 4518//4518
f 4520//4520 4539//4539 4538//4538
f 4520//4520 4538//4538 4519//4519
f 4521//4521 4539//4539 4520//4520
f 4522//4522 4540//4540 4539//4539
f 4522//4522 4539//4539 4521//4521
f 4523//4523 4541//4541 4540//4540
f 4523//4523 4542//4542 4541//4541
f 4523//4523 4540//4540 4522//4522
f 4524//4524 4542//4542 4523//4523
f 4524//4524 4543//4543 4542//4542
f 4525//4525 4543//4543 4524//4524
f 4526//4526 4543//4543 4525//4525
f 4526//4526 4544//4544 4543//4543
f 4508//4508 4544//4544 4526//4526
f 4508//4508 4507//4507 4544//4544
v -175.000000 -408.750000 -700.000000
v -175.000000 -408.750000 -730.000000
v -175.000000 -391.250000 -730.000000
v -173.480576 -391.382935 -730.000000
v -172.007324 -391.777679 -730.000000
v -170.625000 -392.422272 -730.000000
v -169.375610 -393.297119 -730.000000
v -168.297104 -394.375610 -730.000000
v -167.422272 -395.625000 -730.000000
v -166.777695 -397.007324 -730.000000
v -166.382935 -398.480591 -730.000000
v -166.250000 -400.000000 -730.000000
v -166.382935 -401.519409 -730.000000
v -166.777695 -402.992676 -730.000000
v -167.422272 -404.375000 -730.000000
v -168.297104 -405.624390 -730.000000
v -169.375610 -406.702881 -730.000000
v -170.625000 -407.577728 -730.000000
v -172.007324 -408.222321 -730.000000
v -173.480576 -408.617065 -730.000000
v -175.000000 -391.250000 -700.000000
v -173.480576 -391.382935 -700.000000
v -172.007324 -391.777679 -700.000000
v -170.625000 -392.422272 -700.000000
v -169.375610 -393.297119 -700.000000
v -168.297104 -394.375610 -700.000000
v -167.422272 -395.625000 -700.000000
v -166.777695 -397.007324 -700.000000
v -166.382935 -398.480591 -700.000000
v -166.250000 -400.000000 -700.000000
v -166.382935 -401.519409 -700.000000
v -166.777695 -402.992676 -700.000000
v -167.422272 -404.375000 -700.000000
v -168.297104 -405.624390 -700.000000
v -169.375610 -406.702881 -700.000000
v -170.625000 -407.577728 -700.000000
v -172.007324 -408.222321 -700.000000
v -173.480576 -408.617065 -700.000000
vn 0.000000 1.000000 -0.000000
vn 0.000000 1.000000 -0.000000
vn -0.000000 -1.000000 0.000000
vn -0.173648 -0.984808 0.000000
vn -0.342020 -0.939693 0.000000
vn -0.500000 -0.866025 0.000000
vn -0.642788 -0.766044 0.000000
vn -0.766044 -0.642788 0.000000
vn -0.866025 -0.500000 0.000000
vn -0.939693 -0.342020 0.000000
vn -0.984808 -0.173648 0.000000
vn -1.000000 0.000000 0.000000
vn -0.984808 0.173648 0.000000
vn -0.939693 0.342020 0.000000
vn -0.866025 0.500000 -0.000000
vn -0.766044 0.642788 -0.000000
vn -0.642788 0.766044 -0.000000
vn -0.500000 0.866025 -0.000000
vn -0.342020 0.939693 -0.000000
vn -0.173648 0.984808 -0.000000
vn -0.000000 -1.000000 0.000000
vn -0.173648 -0.984808 0.000000
vn -0.342020 -0.939693 0.000000
vn -0.500000 -0.866025 0.000000
vn -0.642788 -0.766044 0.000000
vn -0.766044 -0.642788 0.000000
vn -0.866025 -0.500000 0.000000
vn -0.939693 -0.342020 0.000000
vn -0.984808 -0.173648 0.000000
vn -1.000000 0.000000 0.000000
vn -0.984808 0.173648 0.000000
vn -0.939693 0.342020 0.000000
vn -0.866025 0.500000 -0.000000
vn -0.766044 0.642788 -0.000000
vn -0.642788 0.766044 -0.000000
vn -0.500000 0.866025 -0.000000
vn -0.342020 0.939693 -0.000000
vn -0.173648 0.984808 -0.000000
f 4547//4547 4566//4566 4565//4565
f 4548//4548 4566//4566 4547//4547
f 4549//4549 4567//4567 4566//4566
f 4549//4549 4566//4566 4548//4548
f 4550//4550 4568//4568 4567//4567
f 4550//4550 4569//4569 4568//4568
f 4550//4550 4567//4567 4549//4549
f 4551//4551 4569//4569 4550//4550
f 4552//4552 4570//4570 4569//4569
f 4552//4552 4569//4569 4551//4551
f 4553//4553 4571//4571 4570//4570
f 4553//4553 4572//4572 4571//4571
f 4553//4553 4570//4570 4552//4552
f 4554//4554 4573//4573 4572//4572
f 4554//4554 4572//4572 4553//4553
f 4555//4555 4573//4573 4554//4554
f 4556//4556 4574//4574 4573//4573
f 4556//4556 4573//4573 4555//4555
f 4557//4557 4575//4575 4574//4574
f 4557//4557 4576//4576 4575//4575
f 4557//4557 4574//4574 4556//4556
f 4558//4558 4577//4577 4576//4576
f 4558//4558 4576//4576 4557//4557
f 4559//4559 4577//4577 4558//4558
f 4560//4560 4578//4578 4577//4577
f 4560//4560 4577//4577 4559//4559
f 4561//4561 4579//4579 4578//4578
f 4561//4561 4580//4580 4579//4579
f 4561//4561 4578//4578 4560//4560
f 4562//4562 4580//4580 4561//4561
f 4562//4562 4581//4581 4580//4580
f 4563//4563 4581//4581 4562//4562
f 4564//4564 4581//4581 4563//4563
f 4564//4564 4582//4582 4581//4581
f 4546//4546 4582//4582 4564//4564
f 4546//4546 4545//4545 4582//4582
v 175.000000 -408.750000 -700.000000
v 175.000000 -408.750000 -730.000000
v 175.000000 -391.250000 -730.000000
v 176.519424 -391.382935 -730.000000
v 177.992676 -391.777679 -730.000000
v 179.375000 -392.422272 -730.000000
v 180.624390 -393.297119 -730.000000
v 181.702896 -394.375610 -730.000000
v 182.577728 -395.625000 -730.000000
v 183.222305 -397.007324 -730.000000
v 183.617065 -398.480591 -730.000000
v 183.750000 -400.000000 -730.000000
v 183.617065 -401.519409 -730.000000
v 183.222305 -402.992676 -730.000000
v 182.577728 -404.375000 -730.000000
v 181.702896 -405.624390 -730.000000
v 180.624390 -406.702881 -730.000000
v 179.375000 -407.577728 -730.000000
v 177.992676 -408.222321 -730.000000
v 176.519424 -408.617065 -730.000000
v 175.000000 -391.250000 -700.000000
v 176.519424 -391.382935 -700.000000
v 177.992676 -391.777679 -700.000000
v 179.375000 -392.422272 -700.000000
v 180.624390 -393.297119 -700.000000
v 181.702896 -394.375610 -700.000000
v 182.577728 -395.625000 -700.000000
v 183.222305 -397.007324 -700.000000
v 183.617065 -398.480591 -700.000000
v 183.750000 -400.000000 -700.000000
v 183.617065 -401.519409 -700.000000
v 183.222305 -402.992676 -700.000000
v 182.577728 -404.375000 -700.000000
v 181.702896 -405.624390 -700.000000
v 180.624390 -406.702881 -700.000000
v 179.375000 -407.577728 -700.000000
v 177.992676 -408.222321 -700.000000
v 176.519424 -408.617065 -700.000000
vn 0.000000 1.000000 -0.000000
vn 0.000000 1.000000 -0.000000
vn -0.000000 -1.000000 0.000000
vn -0.173648 -0.984808 0.000000
vn -0.342020 -0.939693 0.000000
vn -0.500000 -0.866025 0.000000
vn -0.642788 -0.766044 0.000000
vn -0.766044 -0.642788 0.000000
vn -0.866025 -0.500000 0.000000
vn -0.939693 -0.342020 0.000000
vn -0.984808 -0.173648 0.000000
vn -1.000000 0.000000 0.000000
vn -0.984808 0.173648 0.000000
vn -0.939693 0.342020 0.000000
vn -0.866025 0.500000 -0.000000
vn -0.766044 0.642788 -0.000000
vn -0.642788 0.766044 -0.000000
vn -0.500000 0.866025 -0.000000
vn -0.342020 0.939693 -0.000000
vn -0.173648 0.984808 -0.000000
vn -0.000000 -1.000000 0.000000
vn -0.173648 -0.984808 0.000000
vn -0.342020 -0.939693 0.000000
vn -0.500000 -0.866025 0.000000
vn -0.642788 -0.766044 0.000000
vn -0.766044 -0.642788 0.000000
vn -0.866025 -0.500000 0.000000
vn -0.939693 -0.342020 0.000000
vn -0.984808 -0.173648 0.000000
vn -1.000000 0.000000 0.000000
vn -0.984808 0.173648 0.000000
vn -0.939693 0.342020 0.000000
vn -0.866025 0.500000 -0.000000
vn -0.766044 0.642788 -0.000000
vn -0.642788 0.766044 -0.000000
vn -0.500000 0.866025 -0.000000
vn -0.342020 0.939693 -0.000000
vn -0.173648 0.984808 -0.000000
f 4585//4585 4604//4604 4603//4603
f 4586//4586 4604//4604 4585//4585
f 4587//4587 4605//4605 4604//4604
f 4587//4587 4604//4604 4586//4586
f 4588//4588 4606//4606 4605//4605
f 4588//4588 4607//4607 4606//4606
f 4588//4588 4605//4605 4587//4587
f 4589//4589 4607//4607 4588//4588
f 4590//4590 4608//4608 4607//4607
f 4590//4590 4607//4607 4589//4589
f 4591//4591 4609//4609 4608//4608
f 4591//4591 4610//4610 4609//4609
f 4591//4591 4608//4608 4590//4590
f 4592//4592 4611//4611 4610//4610
f 4592//4592 4610//4610 4591//4591
f 4593//4593 4611//4611 4592//4592
f 4594//4594 4612//4612 4611//4611
f 4594//4594 4611//4611 4593//4593
f 4595//4595 4613//4613 4612//4612
f 4595//4595 4614//4614 4613//4613
f 4595//4595 4612//4612 4594//4594
f 4596//4596 4615//4615 4614//4614
f 4596//4596 4614//4614 4595//4595
f 4597//4597 4615//4615 4596//4596
f 4598//4598 4616//4616 4615//4615
f 4598//4598 4615//4615 4597//4597
f 4599//4599 4617//4617 4616//4616
f 4599//4599 4618//4618 4617//4617
f 4599//4599 4616//4616 4598//4598
f 4600//4600 4618//4618 4599//4599
f 4600//4600 4619//4619 4618//4618
f 4601//4601 4619//4619 4600//4600
f 4602//4602 4619//4619 4601//4601
f 4602//4602 4620//4620 4619//4619
f 4584//4584 4620//4620 4602//4602
f 4584//4584 4583//4583 4620//4620
v 400.000000 -408.750000 -700.000000
v 400.000000 -408.750000 -730.000000
v 400.000000 -391.250000 -730.000000
v 401.519409 -391.382935 -730.000000
v 402.992676 -391.777679 -730.000000
v 404.375000 -392.422272 -730.000000
v 405.624390 -393.297119 -730.000000
v 406.702881 -394.375610 -730.000000
v 407.577728 -395.625000 -730.000000
v 408.222321 -397.007324 -730.000000
v 408.617065 -398.480591 -730.000000
v 408.750000 -400.000000 -730.000000
v 408.617065 -401.519409 -730.000000
v 408.222321 -402.992676 -730.000000
v 407.577728 -404.375000 -730.000000
v 406.702881 -405.624390 -730.000000
v 405.624390 -406.702881 -730.000000
v 404.375000 -407.577728 -730.000000
v 402.992676 -408.222321 -730.000000
v 401.519409 -408.617065 -730.000000
v 400.000000 -391.250000 -700.000000
v 401.519409 -391.382935 -700.000000
v 402.992676 -391.777679 -700.000000
v 404.375000 -392.422272 -700.000000
v 405.624390 -393.297119 -700.000000
v 406.702881 -394.375610 -700.000000
v 407.577728 -395.625000 -700.000000
v 408.222321 -397.007324 -700.000000
v 408.617065 -398.480591 -700.000000
v 408.750000 -400.000000 -700.000000
v 408.617065 -401.519409 -700.000000
v 408.222321 -402.992676 -700.000000
v 407.577728 -404.375000 -700.000000
v 406.702881 -405.624390 -700.000000
v 405.624390 -406.702881 -700.000000
v 404.375000 -407.577728 -700.000000
v 402.992676 -408.222321 -700.000000
v 401.519409 -408.617065 -700.000000
vn 0.000000 1.000000 -0.000000
vn 0.000000 1.000000 -0.000000
vn -0.000000 -1.000000 0.000000
vn -0.173648 -0.984808 0.000000
vn -0.342020 -0.939693 0.000000
vn -0.500000 -0.866025 0.000000
vn -0.642788 -0.766044 0.000000
vn -0.766044 -0.642788 0.000000
vn -0.866025 -0.500000 0.000000
vn -0.939693 -0.342020 0.000000
vn -0.984808 -0.173648 0.000000
vn -1.000000 0.000000 0.000000
vn -0.984808 0.173648 0.000000
vn -0.939693 0.342020 0.000000
vn -0.866025 0.500000 -0.000000
vn -0.766044 0.642788 -0.000000
vn -0.642788 0.766044 -0.000000
vn -0.500000 0.866025 -0.000000
vn -0.342020 0.939693 -0.000000
vn -0.173648 0.984808 -0.000000
vn -0.000000 -1.000000 0.000000
vn -0.173648 -0.984808 0.000000
vn -0.342020 -0.939693 0.000000
vn -0.500000 -0.866025 0.000000
vn -0.642788 -0.766044 0.000000
vn -0.766044 -0.642788 0.000000
vn -0.866025 -0.500000 0.000000
vn -0.939693 -0.342020 0.000000
vn -0.984808 -0.173648 0.000000
vn -1.000000 0.000000 0.000000
vn -0.984808 0.173648 0.000000
vn -0.939693 0.342020 0.000000
vn -0.866025 0.500000 -0.000000
vn -0.766044 0.642788 -0.000000
vn -0.642788 0.766044 -0.000000
vn -0.500000 0.866025 -0.000000
vn -0.342020 0.939693 -0.000000
vn -0.173648 0.984808 -0.000000
f 4623//4623 4642//4642 4641//4641
f 4624//4624 4642//4642 4623//4623
f 4625//4625 4643//4643 4642//4642
f 4625//4625 4642//4642 4624//4624
f 4626//4626 4644//4644 4643//4643
f 4626//4626 4645//4645 4644//4644
f 4626//4626 4643//4643 4625//4625
f 4627//4627 4645//4645 4626//4626
f 4628//4628 4646//4646 4645//4645
f 4628//4628 4645//4645 4627//4627
f 4629//4629 4647//4647 4646//4646
f 4629//4629 4648//4648 4647//4647
f 4629//4629 4646//4646 4628//4628
f 4630//4630 4649//4649 4648//4648
f 4630//4630 4648//4648 4629//4629
f 4631//4631 4649//4649 4630//4630
f 4632//4632 4650//4650 4649//4649
f 4632//4632 4649//4649 4631//4631
f 4633//4633 4651//4651 4650//4650
f 4633//4633 4652//4652 4651//4651
f 4633//4633 4650//4650 4632//4632
f 4634//4634 4653//4653 4652//4652
f 4634//4634 4652//4652 4633//4633
f 4635//4635 4653//4653 4634//4634
f 4636//4636 4654//4654 4653//4653
f 4636//4636 4653//4653 4635//4635
f 4637//4637 4655//4655 4654//4654
f 4637//4637 4656//4656 4655//4655
f 4637//4637 4654//4654 4636//4636
f 4638//4638 4656//4656 4637//4637
f 4638//4638 4657//4657 4656//4656
f 4639//4639 4657//4657 4638//4638
f 4640//4640 4657//4657 4639//4639
f 4640//4640 4658//4658 4657//4657
f 4622//4622 4658//4658 4640//4640
f 4622//4622 4621//4621 4658//4658
v 400.000000 391.250000 -700.000000
v 400.000000 391.250000 -730.000000
v 400.000000 408.750000 -730.000000
v 401.519409 408.617065 -730.000000
v 402.992676 408.222321 -730.000000
v 404.375000 407.577728 -730.000000
v 405.624390 406.702881 -730.000000
v 406.702881 405.624390 -730.000000
v 407.577728 404.375000 -730.000000
v 408.222321 402.992676 -730.000000
v 408.617065 401.519409 -730.000000
v 408.750000 400.000000 -730.000000
v 408.617065 398.480591 -730.000000
v 408.222321 397.007324 -730.000000
v 407.577728 395.625000 -730.000000
v 406.702881 394.375610 -730.000000
v 405.624390 393.297119 -730.000000
v 404.375000 392.422272 -730.000000
v 402.992676 391.777679 -730.000000
v 401.519409 391.382935 -730.000000
v 400.000000 408.750000 -700.000000
v 401.519409 408.617065 -700.000000
v 402.992676 408.222321 -700.000000
v 404.375000 407.577728 -700.000000
v 405.624390 406.702881 -700.000000
v 406.702881 405.624390 -700.000000
v 407.577728 404.375000 -700.000000
v 408.222321 402.992676 -700.000000
v 408.617065 401.519409 -700.000000
v 408.750000 400.000000 -700.000000
v 408.617065 398.480591 -700.000000
v 408.222321 397.007324 -700.000000
v 407.577728 395.625000 -700.000000
v 406.702881 394.375610 -700.000000
v 405.624390 393.297119 -700.000000
v 404.375000 392.422272 -700.000000
v 402.992676 391.777679 -700.000000
v 401.519409 391.382935 -700.000000
vn 0.000000 1.000000 -0.000000
vn 0.000000 1.000000 -0.000000
vn -0.000000 -1.000000 0.000000
vn -0.173648 -0.984808 0.000000
vn -0.342020 -0.939693 0.000000
vn -0.500000 -0.866025 0.000000
vn -0.642788 -0.766044 0.000000
vn -0.766044 -0.642788 0.000000
vn -0.866025 -0.500000 0.000000
vn -0.939693 -0.342020 0.000000
vn -0.984808 -0.173648 0.000000
vn -1.000000 0.000000 0.000000
vn -0.984808 0.173648 0.000000
vn -0.939693 0.342020 0.000000
vn -0.866025 0.500000 -0.000000
vn -0.766044 0.642788 -0.000000
vn -0.642788 0.766044 -0.000000
vn -0.500000 0.866025 -0.000000
vn -0.342020 0.939693 -0.000000
vn -0.173648 0.984808 -0.000000
vn -0.000000 -1.000000 0.000000
vn -0.173648 -0.984808 0.000000
vn -0.342020 -0.939693 0.000000
vn -0.500000 -0.866025 0.000000
vn -0.642788 -0.766044 0.000000
vn -0.766044 -0.642788 0.000000
vn -0.866025 -0.500000 0.000000
vn -0.939693 -0.342020 0.000000
vn -0.984808 -0.173648 0.000000
vn -1.000000 0.000000 0.000000
vn -0.984808 0.173648 0.000000
vn -0.939693 0.342020 0.000000
vn -0.866025 0.500000 -0.000000
vn -0.766044 0.642788 -0.000000
vn -0.642788 0.766044 -0.000000
vn -0.500000 0.866025 -0.000000
vn -0.342020 0.939693 -0.000000
vn -0.173648 0.984808 -0.000000
f 4661//4661 4680//4680 4679//4679
f 4662//4662 4680//4680 4661//4661
f 4663//4663 4681//4681 4680//4680
f 4663//4663 4680//4680 4662//4662
f 4664//4664 4682//4682 4681//4681
f 4664//4664 4683//4683 4682//4682
f 4664//4664 4681//4681 4663//4663
f 4665//4665 4683//4683 4664//4664
f 4666//4666 4684//4684 4683//4683
f 4666//4666 4683//4683 4665//4665
f 4667//4667 4685//4685 4684//4684
f 4667//4667 4686//4686 4685//4685
f 4667//4667 4684//4684 4666//4666
f 4668//4668 4687//4687 4686//4686
f 4668//4668 4686//4686 4667//4667
f 4669//4669 4687//4687 4668//4668
f 4670//4670 4688//4688 4687//4687
f 4670//4670 4687//4687 4669//4669
f 4671//4671 4689//4689 4688//4688
f 4671//4671 4690//4690 4689//4689
f 4671//4671 4688//4688 4670//4670
f 4672//4672 4691//4691 4690//4690
f 4672//4672 4690//4690 4671//4671
f 4673//4673 4691//4691 4672//4672
f 4674//4674 4692//4692 4691//4691
f 4674//4674 4691//4691 4673//4673
f 4675//4675 4693//4693 4692//4692
f 4675//4675 4694//4694 4693//4693
f 4675//4675 4692//4692 4674//4674
f 4676//4676 4694//4694 4675//4675
f 4676//4676 4695//4695 4694//4694
f 4677//4677 4695//4695 4676//4676
f 4678//4678 4695//4695 4677//4677
f 4678//4678 4696//4696 4695//4695
f 4660//4660 4696//4696 4678//4678
f 4660//4660 4659//4659 4696//4696
v 175.000000 391.250000 -700.000000
v 175.000000 391.250000 -730.000000
v 175.000000 408.750000 -730.000000
v 176.519424 408.617065 -730.000000
v 177.992676 408.222321 -730.000000
v 179.375000 407.577728 -730.000000
v 180.624390 406.702881 -730.000000
v 181.702896 405.624390 -730.000000
v 182.577728 404.375000 -730.000000
v 183.222305 402.992676 -730.000000
v 183.617065 401.519409 -730.000000
v 183.750000 400.000000 -730.000000
v 183.617065 398.480591 -730.000000
v 183.222305 397.007324 -730.000000
v 182.577728 395.625000 -730.000000
v 181.702896 394.375610 -730.000000
v 180.624390 393.297119 -730.000000
v 179.375000 392.422272 -730.000000
v 177.992676 391.777679 -730.000000
v 176.519424 391.382935 -730.000000
v 175.000000 408.750000 -700.000000
v 176.519424 408.617065 -700.000000
v 177.992676 408.222321 -700.000000
v 179.375000 407.577728 -700.000000
v 180.624390 406.702881 -700.000000
v 181.702896 405.624390 -700.000000
v 182.577728 404.375000 -700.000000
v 183.222305 402.992676 -700.000000
v 183.617065 401.519409 -700.000000
v 183.750000 400.000000 -700.000000
v 183.617065 398.480591 -700.000000
v 183.222305 397.007324 -700.000000
v 182.577728 395.625000 -700.000000
v 181.702896 394.375610 -700.000000
v 180.624390 393.297119 -700.000000
v 179.375000 392.422272 -700.000000
v 177.992676 391.777679 -700.000000
v 176.519424 391.382935 -700.000000
vn 0.000000 1.000000 -0.000000
vn 0.000000 1.000000 -0.000000
vn -0.000000 -1.000000 0.000000
vn -0.173648 -0.984808 0.000000
vn -0.342020 -0.939693 0.000000
vn -0.500000 -0.866025 0.000000
vn -0.642788 -0.766044 0.000000
vn -0.766044 -0.642788 0.000000
vn -0.866025 -0.500000 0.000000
vn -0.939693 -0.342020 0.000000
vn -0.984808 -0.173648 0.000000
vn -1.000000 0.000000 0.000000
vn -0.984808 0.173648 0.000000
vn -0.939693 0.342020 0.000000
vn -0.866025 0.500000 -0.000000
vn -0.766044 0.642788 -0.000000
vn -0.642788 0.766044 -0.000000
vn -0.500000 0.866025 -0.000000
vn -0.342020 0.939693 -0.000000
vn -0.173648 0.984808 -0.000000
vn -0.000000 -1.000000 0.000000
vn -0.173648 -0.984808 0.000000
vn -0.342020 -0.939693 0.000000
vn -0.500000 -0.866025 0.000000
vn -0.642788 -0.766044 0.000000
vn -0.766044 -0.642788 0.000000
vn -0.866025 -0.500000 0.000000
vn -0.939693 -0.342020 0.000000
vn -0.984808 -0.173648 0.000000
vn -1.000000 0.000000 0.000000
vn -0.984808 0.173648 0.000000
vn -0.939693 0.342020 0.000000
vn -0.866025 0.500000 -0.000000
vn -0.766044 0.642788 -0.000000
vn -0.642788 0.766044 -0.000000
vn -0.500000 0.866025 -0.000000
vn -0.342020 0.939693 -0.000000
vn -0.173648 0.984808 -0.000000
f 4699//4699 4718//4718 4717//4717
f 4700//4700 4718//4718 4699//4699
f 4701//4701 4719//4719 4718//4718
f 4701//4701 4718//4718 4700//4700
f 4702//4702 4720//4720 4719//4719
f 4702//4702 4721//4721 4720//4720
f 4702//4702 4719//4719 4701//4701
f 4703//4703 4721//4721 4702//4702
f 4704//4704 4722//4722 4721//4721
f 4704//4704 4721//4721 4703//4703
f 4705//4705 4723//4723 4722//4722
f 4705//4705 4724//4724 4723//4723
f 4705//4705 4722//4722 4704//4704
f 4706//4706 4725//4725 4724//4724
f 4706//4706 4724//4724 4705//4705
f 4707//4707 4725//4725 4706//4706
f 4708//4708 4726//4726 4725//4725
f 4708//4708 4725//4725 4707//4707
f 4709//4709 4727//4727 4726//4726
f 4709//4709 4728//4728 4727//4727
f 4709//4709 4726//4726 4708//4708
f 4710//4710 4729//4729 4728//4728
f 4710//4710 4728//4728 4709//4709
f 4711//4711 4729//4729 4710//4710
f 4712//4712 4730//4730 4729//4729
f 4712//4712 4729//4729 4711//4711
f 4713//4713 4731//4731 4730//4730
f 4713//4713 4732//4732 4731//4731
f 4713//4713 4730//4730 4712//4712
f 4714//4714 4732//4732 4713//4713
f 4714//4714 4733//4733 4732//4732
f 4715//4715 4733//4733 4714//4714
f 4716//4716 4733//4733 4715//4715
f 4716//4716 4734//4734 4733//4733
f 4698//4698 4734//4734 4716//4716
f 4698//4698 4697//4697 4734//4734
v -175.000000 391.250000 -700.000000
v -175.000000 391.250000 -730.000000
v -175.000000 408.750000 -730.000000
v -173.480576 408.617065 -730.000000
v -172.007324 408.222321 -730.000000
v -170.625000 407.577728 -730.000000
v -169.375610 406.702881 -730.000000
v -168.297104 405.624390 -730.000000
v -167.422272 404.375000 -730.000000
v -166.777695 402.992676 -730.000000
v -166.382935 401.519409 -730.000000
v -166.250000 400.000000 -730.000000
v -166.382935 398.480591 -730.000000
v -166.777695 397.007324 -730.000000
v -167.422272 395.625000 -730.000000
v -168.297104 394.375610 -730.000000
v -169.375610 393.297119 -730.000000
v -170.625000 392.422272 -730.000000
v -172.007324 391.777679 -730.000000
v -173.480576 391.382935 -730.000000
v -175.000000 408.750000 -700.000000
v -173.480576 408.617065 -700.000000
v -172.007324 408.222321 -700.000000
v -170.625000 407.577728 -700.000000
v -169.375610 406.702881 -700.000000
v -168.297104 405.624390 -700.000000
v -167.422272 404.375000 -700.000000
v -166.777695 402.992676 -700.000000
v -166.382935 401.519409 -700.000000
v -166.250000 400.000000 -700.000000
v -166.382935 398.480591 -700.000000
v -166.777695 397.007324 -700.000000
v -167.422272 395.625000 -700.000000
v -168.297104 394.375610 -700.000000
v -169.375610 393.297119 -700.000000
v -170.625000 392.422272 -700.000000
v -172.007324 391.777679 -700.000000
v -173.480576 391.382935 -700.000000
vn 0.000000 1.000000 -0.000000
vn 0.000000 1.000000 -0.000000
vn -0.000000 -1.000000 0.000000
vn -0.173648 -0.984808 0.000000
vn -0.342020 -0.939693 0.000000
vn -0.500000 -0.866025 0.000000
vn -0.642788 -0.766044 0.000000
vn -0.766044 -0.642788 0.000000
vn -0.866025 -0.500000 0.000000
vn -0.939693 -0.342020 0.000000
vn -0.984808 -0.173648 0.000000
vn -1.000000 0.000000 0.000000
vn -0.984808 0.173648 0.000000
vn -0.939693 0.342020 0.000000
vn -0.866025 0.500000 -0.000000
vn -0.766044 0.642788 -0.000000
vn -0.642788 0.766044 -0.000000
vn -0.500000 0.866025 -0.000000
vn -0.342020 0.939693 -0.000000
vn -0.173648 0.984808 -0.000000
vn -0.000000 -1.000000 0.000000
vn -0.173648 -0.984808 0.000000
vn -0.342020 -0.939693 0.000000
vn -0.500000 -0.866025 0.000000
vn -0.642788 -0.766044 0.000000
vn -0.766044 -0.642788 0.000000
vn -0.866025 -0.500000 0.000000
vn -0.939693 -0.342020 0.000000
vn -0.984808 -0.173648 0.000000
vn -1.000000 0.000000 0.000000
vn -0.984808 0.173648 0.000000
vn -0.939693 0.342020 0.000000
vn -0.866025 0.500000 -0.000000
vn -0.766044 0.642788 -0.000000
vn -0.642788 0.766044 -0.000000
vn -0.500000 0.866025 -0.000000
vn -0.342020 0.939693 -0.000000
vn -0.173648 0.984808 -0.000000
f 4737//4737 4756//4756 4755//4755
f 4738//4738 4756//4756 4737//4737
f 4739//4739 4757//4757 4756//4756
f 4739//4739 4756//4756 4738//4738
f 4740//4740 4758//4758 4757//4757
f 4740//4740 4759//4759 4758//4758
f 4740//4740 4757//4757 4739//4739
f 4741//4741 4759//4759 4740//4740
f 4742//4742 4760//4760 4759//4759
f 4742//4742 4759//4759 4741//4741
f 4743//4743 4761//4761 4760//4760
f 4743//4743 4762//4762 4761//4761
f 4743//4743 4760//4760 4742//4742
f 4744//4744 4763//4763 4762//4762
f 4744//4744 4762//4762 4743//4743
f 4745//4745 4763//4763 4744//4744
f 4746//4746 4764//4764 4763//4763
f 4746//4746 4763//4763 4745//4745
f 4747//4747 4765//4765 4764//4764
f 4747//4747 4766//4766 4765//4765
f 4747//4747 4764//4764 4746//4746
f 4748//4748 4767//4767 4766//4766
f 4748//4748 4766//4766 4747//4747
f 4749//4749 4767//4767 4748//4748
f 4750//4750 4768//4768 4767//4767
f 4750//4750 4767//4767 4749//4749
f 4751//4751 4769//4769 4768//4768
f 4751//4751 4770//4770 4769//4769
f 4751//4751 4768//4768 4750//4750
f 4752//4752 4770//4770 4751//4751
f 4752//4752 4771//4771 4770//4770
f 4753//4753 4771//4771 4752//4752
f 4754//4754 4771//4771 4753//4753
f 4754//4754 4772//4772 4771//4771
f 4736//4736 4772//4772 4754//4754
f 4736//4736 4735//4735 4772//4772
usemtl mat_2
v 400.000000 166.250000 -700.000000
v 400.000000 166.250000 -730.000000
v 400.000000 183.750000 -730.000000
v 401.519409 183.617065 -730.000000
v 402.992676 183.222305 -730.000000
v 404.375000 182.577728 -730.000000
v 405.624390 181.702896 -730.000000
v 406.702881 180.624390 -730.000000
v 407.577728 179.375000 -730.000000
v 408.222321 177.992676 -730.000000
v 408.617065 176.519424 -730.000000
v 408.750000 175.000000 -730.000000
v 408.617065 173.480576 -730.000000
v 408.222321 172.007324 -730.000000
v 407.577728 170.625000 -730.000000
v 406.702881 169.375610 -730.000000
v 405.624390 168.297104 -730.000000
v 404.375000 167.422272 -730.000000
v 402.992676 166.777695 -730.000000
v 401.519409 166.382935 -730.000000
v 400.000000 183.750000 -700.000000
v 401.519409 183.617065 -700.000000
v 402.992676 183.222305 -700.000000
v 404.375000 182.577728 -700.000000
v 405.624390 181.702896 -700.000000
v 406.702881 180.624390 -700.000000
v 407.577728 179.375000 -700.000000
v 408.222321 177.992676 -700.000000
v 408.617065 176.519424 -700.000000
v 408.750000 175.000000 -700.000000
v 408.617065 173.480576 -700.000000
v 408.222321 172.007324 -700.000000
v 407.577728 170.625000 -700.000000
v 406.702881 169.375610 -700.000000
v 405.624390 168.297104 -700.000000
v 404.375000 167.422272 -700.000000
v 402.992676 166.777695 -700.000000
v 401.519409 166.382935 -700.000000
vn 0.000000 1.000000 -0.000000
vn 0.000000 1.000000 -0.000000
vn -0.000000 -1.000000 0.000000
vn -0.173648 -0.984808 0.000000
vn -0.342020 -0.939693 0.000000
vn -0.500000 -0.866025 0.000000
vn -0.642788 -0.766044 0.000000
vn -0.766044 -0.642788 0.000000
vn -0.866025 -0.500000 0.000000
vn -0.939693 -0.342020 0.000000
vn -0.984808 -0.173648 0.000000
vn -1.000000 0.000000 0.000000
vn -0.984808 0.173648 0.000000
vn -0.939693 0.342020 0.000000
vn -0.866025 0.500000 -0.000000
vn -0.766044 0.642788 -0.000000
vn -0.642788 0.766044 -0.000000
vn -0.500000 0.866025 -0.000000
vn -0.342020 0.939693 -0.000000
vn -0.173648 0.984808 -0.000000
vn -0.000000 -1.000000 0.000000
vn -0.173648 -0.984808 0.000000
vn -0.342020 -0.939693 0.000000
vn -0.500000 -0.866025 0.000000
vn -0.642788 -0.766044 0.000000
vn -0.766044 -0.642788 0.000000
vn -0.866025 -0.500000 0.000000
vn -0.939693 -0.342020 0.000000
vn -0.984808 -0.173648 0.000000
vn -1.000000 0.000000 0.000000
vn -0.984808 0.173648 0.000000
vn -0.939693 0.342020 0.000000
vn -0.866025 0.500000 -0.000000
vn -0.766044 0.642788 -0.000000
vn -0.642788 0.766044 -0.000000
vn -0.500000 0.866025 -0.000000
vn -0.342020 0.939693 -0.000000
vn -0.173648 0.984808 -0.000000
f 4775//4775 4794//4794 4793//4793
f 4776//4776 4794//4794 4775//4775
f 4777//4777 4795//4795 4794//4794
f 4777//4777 4794//4794 4776//4776
f 4778//4778 4796//4796 4795//4795
f 4778//4778 4797//4797 4796//4796
f 4778//4778 4795//4795 4777//4777
f 4779//4779 4797//4797 4778//4778
f 4780//4780 4798//4798 4797//4797
f 4780//4780 4797//4797 4779//4779
f 4781//4781 4799//4799 4798//4798
f 4781//4781 4800//4800 4799//4799
f 4781//4781 4798//4798 4780//4780
f 4782//4782 4801//4801 4800//4800
f 4782//4782 4800//4800 4781//4781
f 4783//4783 4801//4801 4782//4782
f 4784//4784 4802//4802 4801//4801
f 4784//4784 4801//4801 4783//4783
f 4785//4785 4803//4803 4802//4802
f 4785//4785 4804//4804 4803//4803
f 4785//4785 4802//4802 4784//4784
f 4786//4786 4805//4805 4804//4804
f 4786//4786 4804//4804 4785//4785
f 4787//4787 4805//4805 4786//4786
f 4788//4788 4806//4806 4805//4805
f 4788//4788 4805//4805 4787//4787
f 4789//4789 4807//4807 4806//4806
f 4789//4789 4808//4808 4807//4807
f 4789//4789 4806//4806 4788//4788
f 4790//4790 4808//4808 4789//4789
f 4790//4790 4809//4809 4808//4808
f 4791//4791 4809//4809 4790//4790
f 4792//4792 4809//4809 4791//4791
f 4792//4792 4810//4810 4809//4809
f 4774//4774 4810//4810 4792//4792
f 4774//4774 4773//4773 4810//4810
v 400.000000 -183.750000 -700.000000
v 400.000000 -183.750000 -730.000000
v 400.000000 -166.250000 -730.000000
v 401.519409 -166.382935 -730.000000
v 402.992676 -166.777695 -730.000000
v 404.375000 -167.422272 -730.000000
v 405.624390 -168.297104 -730.000000
v 406.702881 -169.375610 -730.000000
v 407.577728 -170.625000 -730.000000
v 408.222321 -172.007324 -730.000000
v 408.617065 -173.480576 -730.000000
v 408.750000 -175.000000 -730.000000
v 408.617065 -176.519424 -730.000000
v 408.222321 -177.992676 -730.000000
v 407.577728 -179.375000 -730.000000
v 406.702881 -180.624390 -730.000000
v 405.624390 -181.702896 -730.000000
v 404.375000 -182.577728 -730.000000
v 402.992676 -183.222305 -730.000000
v 401.519409 -183.617065 -730.000000
v 400.000000 -166.250000 -700.000000
v 401.519409 -166.382935 -700.000000
v 402.992676 -166.777695 -700.000000
v 404.375000 -167.422272 -700.000000
v 405.624390 -168.297104 -700.000000
v 406.702881 -169.375610 -700.000000
v 407.577728 -170.625000 -700.000000
v 408.222321 -172.007324 -700.000000
v 408.617065 -173.480576 -700.000000
v 408.750000 -175.000000 -700.000000
v 408.617065 -176.519424 -700.000000
v 408.222321 -177.992676 -700.000000
v 407.577728 -179.375000 -700.000000
v 406.702881 -180.624390 -700.000000
v 405.624390 -181.702896 -700.000000
v 404.375000 -182.577728 -700.000000
v 402.992676 -183.222305 -700.000000
v 401.519409 -183.617065 -700.000000
vn 0.000000 1.000000 -0.000000
vn 0.000000 1.000000 -0.000000
vn -0.000000 -1.000000 0.000000
vn -0.173648 -0.984808 0.000000
vn -0.342020 -0.939693 0.000000
vn -0.500000 -0.866025 0.000000
vn -0.642788 -0.766044 0.000000
vn -0.766044 -0.642788 0.000000
vn -0.866025 -0.500000 0.000000
vn -0.939693 -0.342020 0.000000
vn -0.984808 -0.173648 0.000000
vn -1.000000 0.000000 0.000000
vn -0.984808 0.173648 0.000000
vn -0.939693 0.342020 0.000000
vn -0.866025 0.500000 -0.000000
vn -0.766044 0.642788 -0.000000
vn -0.642788 0.766044 -0.000000
vn -0.500000 0.866025 -0.000000
vn -0.342020 0.939693 -0.000000
vn -0.173648 0.984808 -0.000000
vn -0.000000 -1.000000 0.000000
vn -0.173648 -0.984808 0.000000
vn -0.342020 -0.939693 0.000000
vn -0.500000 -0.866025 0.000000
vn -0.642788 -0.766044 0.000000
vn -0.766044 -0.642788 0.000000
vn -0.866025 -0.500000 0.000000
vn -0.939693 -0.342020 0.000000
vn -0.984808 -0.173648 0.000000
vn -1.000000 0.000000 0.000000
vn -0.984808 0.173648 0.000000
vn -0.939693 0.342020 0.000000
vn -0.866025 0.500000 -0.000000
vn -0.766044 0.642788 -0.000000
vn -0.642788 0.766044 -0.000000
vn -0.500000 0.866025 -0.000000
vn -0.342020 0.939693 -0.000000
vn -0.173648 0.984808 -0.000000
f 4813//4813 4832//4832 4831//4831
f 4814//4814 4832//4832 4813//4813
f 4815//4815 4833//4833 4832//4832
f 4815//4815 4832//4832 4814//4814
f 4816//4816 4834//4834 4833//4833
f 4816//4816 4835//4835 4834//4834
f 4816//4816 4833//4833 4815//4815
f 4817//4817 4835//4835 4816//4816
f 4818//4818 4836//4836 4835//4835
f 4818//4818 4835//4835 4817//4817
f 4819//4819 4837//4837 4836//4836
f 4819//4819 4838//4838 4837//4837
f 4819//4819 4836//4836 4818//4818
f 4820//4820 4839//4839 4838//4838
f 4820//4820 4838//4838 4819//4819
f 4821//4821 4839//4839 4820//4820
f 4822//4822 4840//4840 4839//4839
f 4822//4822 4839//4839 4821//4821
f 4823//4823 4841//4841 4840//4840
f 4823//4823 4842//4842 4841//4841
f 4823//4823 4840//4840 4822//4822
f 4824//4824 4843//4843 4842//4842
f 4824//4824 4842//4842 4823//4823
f 4825//4825 4843//4843 4824//4824
f 4826//4826 4844//4844 4843//4843
f 4826//4826 4843//4843 4825//4825
f 4827//4827 4845//4845 4844//4844
f 4827//4827 4846//4846 4845//4845
f 4827//4827 4844//4844 4826//4826
f 4828//4828 4846//4846 4827//4827
f 4828//4828 4847//4847 4846//4846
f 4829//4829 4847//4847 4828//4828
f 4830//4830 4847//4847 4829//4829
f 4830//4830 4848//4848 4847//4847
f 4812//4812 4848//4848 4830//4830
f 4812//4812 4811//4811 4848//4848
v 740.000000 750.000000 -730.000000
v 750.000000 740.000000 -730.000000
v -740.000000 750.000000 -730.000000
v -750.000000 740.000000 -730.000000
v -750.000000 -740.000000 -730.000000
v -740.000000 -750.000000 -730.000000
v 740.000000 -750.000000 -730.000000
v 750.000000 -740.000000 -730.000000
v -705.000000 719.000000 -730.000000
v -702.568909 718.787292 -730.000000
v -700.211731 718.155701 -730.000000
v -698.000000 717.124329 -730.000000
v -696.000977 715.724609 -730.000000
v -694.275391 713.999023 -730.000000
v -692.875671 712.000000 -730.000000
v -691.844299 709.788269 -730.000000
v -691.212708 707.431091 -730.000000
v -691.000000 705.000000 -730.000000
v -691.212708 702.568909 -730.000000
v -691.844299 700.211731 -730.000000
v -692.875671 698.000000 -730.000000
v -694.275391 696.000977 -730.000000
v -696.000977 694.275391 -730.000000
v -698.000000 692.875671 -730.000000
v -700.211731 691.844299 -730.000000
v -702.568909 691.212708 -730.000000
v -705.000000 691.000000 -730.000000
v -707.431091 691.212708 -730.000000
v -709.788269 691.844299 -730.000000
v -712.000000 692.875671 -730.000000
v -713.999023 694.275391 -730.000000
v -715.724609 696.000977 -730.000000
v -717.124329 698.000000 -730.000000
v -718.155701 700.211731 -730.000000
v -718.787292 702.568909 -730.000000
v -719.000000 705.000000 -730.000000
v -718.787292 707.431091 -730.000000
v -718.155701 709.788269 -730.000000
v -717.124329 712.000000 -730.000000
v -715.724609 713.999023 -730.000000
v -713.999023 715.724609 -730.000000
v -712.000000 717.124329 -730.000000
v -709.788269 718.155701 -730.000000
v -707.431091 718.787292 -730.000000
v -705.000000 -221.000000 -730.000000
v -702.568909 -221.212692 -730.000000
v -700.211731 -221.844299 -730.000000
v -698.000000 -222.875641 -730.000000
v -696.000977 -224.275375 -730.000000
v -694.275391 -226.000977 -730.000000
v -692.875671 -228.000000 -730.000000
v -691.844299 -230.211716 -730.000000
v -691.212708 -232.568924 -730.000000
v -691.000000 -235.000000 -730.000000
v -691.212708 -237.431076 -730.000000
v -691.844299 -239.788284 -730.000000
v -692.875671 -242.000000 -730.000000
v -694.275391 -243.999023 -730.000000
v -696.000977 -245.724625 -730.000000
v -698.000000 -247.124359 -730.000000
v -700.211731 -248.155701 -730.000000
v -702.568909 -248.787308 -730.000000
v -705.000000 -249.000000 -730.000000
v -707.431091 -248.787308 -730.000000
v -709.788269 -248.155701 -730.000000
v -712.000000 -247.124359 -730.000000
v -713.999023 -245.724625 -730.000000
v -715.724609 -243.999023 -730.000000
v -717.124329 -242.000000 -730.000000
v -718.155701 -239.788284 -730.000000
v -718.787292 -237.431076 -730.000000
v -719.000000 -235.000000 -730.000000
v -718.787292 -232.568924 -730.000000
v -718.155701 -230.211716 -730.000000
v -717.124329 -228.000000 -730.000000
v -715.724609 -226.000977 -730.000000
v -713.999023 -224.275375 -730.000000
v -712.000000 -222.875641 -730.000000
v -709.788269 -221.844299 -730.000000
v -707.431091 -221.212692 -730.000000
v -705.000000 -691.000000 -730.000000
v -702.568909 -691.212708 -730.000000
v -700.211731 -691.844299 -730.000000
v -698.000000 -692.875671 -730.000000
v -696.000977 -694.275391 -730.000000
v -694.275391 -696.000977 -730.000000
v -692.875671 -698.000000 -730.000000
v -691.844299 -700.211731 -730.000000
v -691.212708 -702.568909 -730.000000
v -691.000000 -705.000000 -730.000000
v -691.212708 -707.431091 -730.000000
v -691.844299 -709.788269 -730.000000
v -692.875671 -712.000000 -730.000000
v -694.275391 -713.999023 -730.000000
v -696.000977 -715.724609 -730.000000
v -698.000000 -717.124329 -730.000000
v -700.211731 -718.155701 -730.000000
v -702.568909 -718.787292 -730.000000
v -705.000000 -719.000000 -730.000000
v -707.431091 -718.787292 -730.000000
v -709.788269 -718.155701 -730.000000
v -712.000000 -717.124329 -730.000000
v -713.999023 -715.724609 -730.000000
v -715.724609 -713.999023 -730.000000
v -717.124329 -712.000000 -730.000000
v -718.155701 -709.788269 -730.000000
v -718.787292 -707.431091 -730.000000
v -719.000000 -705.000000 -730.000000
v -718.787292 -702.568909 -730.000000
v -718.155701 -700.211731 -730.000000
v -717.124329 -698.000000 -730.000000
v -715.724609 -696.000977 -730.000000
v -713.999023 -694.275391 -730.000000
v -712.000000 -692.875671 -730.000000
v -709.788269 -691.844299 -730.000000
v -707.431091 -691.212708 -730.000000
v 235.000000 -691.000000 -730.000000
v 237.431076 -691.212708 -730.000000
v 239.788284 -691.844299 -730.000000
v 242.000000 -692.875671 -730.000000
v 243.999023 -694.275391 -730.000000
v 245.724625 -696.000977 -730.000000
v 247.124359 -698.000000 -730.000000
v 248.155701 -700.211731 -730.000000
v 248.787308 -702.568909 -730.000000
v 249.000000 -705.000000 -730.000000
v 248.787308 -707.431091 -730.000000
v 248.155701 -709.788269 -730.000000
v 247.124359 -712.000000 -730.000000
v 245.724625 -713.999023 -730.000000
v 243.999023 -715.724609 -730.000000
v 242.000000 -717.124329 -730.000000
v 239.788284 -718.155701 -730.000000
v 237.431076 -718.787292 -730.000000
v 235.000000 -719.000000 -730.000000
v 232.568924 -718.787292 -730.000000
v 230.211716 -718.155701 -730.000000
v 228.000000 -717.124329 -730.000000
v 226.000977 -715.724609 -730.000000
v 224.275375 -713.999023 -730.000000
v 222.875641 -712.000000 -730.000000
v 221.844299 -709.788269 -730.000000
v 221.212692 -707.431091 -730.000000
v 221.000000 -705.000000 -730.000000
v 221.212692 -702.568909 -730.000000
v 221.844299 -700.211731 -730.000000
v 222.875641 -698.000000 -730.000000
v 224.275375 -696.000977 -730.000000
v 226.000977 -694.275391 -730.000000
v 228.000000 -692.875671 -730.000000
v 230.211716 -691.844299 -730.000000
v 232.568924 -691.212708 -730.000000
v 705.000000 -691.000000 -730.000000
v 707.431091 -691.212708 -730.000000
v 709.788269 -691.844299 -730.000000
v 712.000000 -692.875671 -730.000000
v 713.999023 -694.275391 -730.000000
v 715.724609 -696.000977 -730.000000
v 717.124329 -698.000000 -730.000000
v 718.155701 -700.211731 -730.000000
v 718.787292 -702.568909 -730.000000
v 719.000000 -705.000000 -730.000000
v 718.787292 -707.431091 -730.000000
v 718.155701 -709.788269 -730.000000
v 717.124329 -712.000000 -730.000000
v 715.724609 -713.999023 -730.000000
v 713.999023 -715.724609 -730.000000
v 712.000000 -717.124329 -730.000000
v 709.788269 -718.155701 -730.000000
v 707.431091 -718.787292 -730.000000
v 705.000000 -719.000000 -730.000000
v 702.568909 -718.787292 -730.000000
v 700.211731 -718.155701 -730.000000
v 698.000000 -717.124329 -730.000000
v 696.000977 -715.724609 -730.000000
v 694.275391 -713.999023 -730.000000
v 692.875671 -712.000000 -730.000000
v 691.844299 -709.788269 -730.000000
v 691.212708 -707.431091 -730.000000
v 691.000000 -705.000000 -730.000000
v 691.212708 -702.568909 -730.000000
v 691.844299 -700.211731 -730.000000
v 692.875671 -698.000000 -730.000000
v 694.275391 -696.000977 -730.000000
v 696.000977 -694.275391 -730.000000
v 698.000000 -692.875671 -730.000000
v 700.211731 -691.844299 -730.000000
v 702.568909 -691.212708 -730.000000
v 705.000000 -221.000000 -730.000000
v 707.431091 -221.212692 -730.000000
v 709.788269 -221.844299 -730.000000
v 712.000000 -222.875641 -730.000000
v 713.999023 -224.275375 -730.000000
v 715.724609 -226.000977 -730.000000
v 717.124329 -228.000000 -730.000000
v 718.155701 -230.211716 -730.000000
v 718.787292 -232.568924 -730.000000
v 719.000000 -235.000000 -730.000000
v 718.787292 -237.431076 -730.000000
v 718.155701 -239.788284 -730.000000
v 717.124329 -242.000000 -730.000000
v 715.724609 -243.999023 -730.000000
v 713.999023 -245.724625 -730.000000
v 712.000000 -247.124359 -730.000000
v 709.788269 -248.155701 -730.000000
v 707.431091 -248.787308 -730.000000
v 705.000000 -249.000000 -730.000000
v 702.568909 -248.787308 -730.000000
v 700.211731 -248.155701 -730.000000
v 698.000000 -247.124359 -730.000000
v 696.000977 -245.724625 -730.000000
v 694.275391 -243.999023 -730.000000
v 692.875671 -242.000000 -730.000000
v 691.844299 -239.788284 -730.000000
v 691.212708 -237.431076 -730.000000
v 691.000000 -235.000000 -730.000000
v 691.212708 -232.568924 -730.000000
v 691.844299 -230.211716 -730.000000
v 692.875671 -228.000000 -730.000000
v 694.275391 -226.000977 -730.000000
v 696.000977 -224.275375 -730.000000
v 698.000000 -222.875641 -730.000000
v 700.211731 -221.844299 -730.000000
v 702.568909 -221.212692 -730.000000
v 705.000000 249.000000 -730.000000
v 707.431091 248.787308 -730.000000
v 709.788269 248.155701 -730.000000
v 712.000000 247.124359 -730.000000
v 713.999023 245.724625 -730.000000
v 715.724609 243.999023 -730.000000
v 717.124329 242.000000 -730.000000
v 718.155701 239.788284 -730.000000
v 718.787292 237.431076 -730.000000
v 719.000000 235.000000 -730.000000
v 718.787292 232.568924 -730.000000
v 718.155701 230.211716 -730.000000
v 717.124329 228.000000 -730.000000
v 715.724609 226.000977 -730.000000
v 713.999023 224.275375 -730.000000
v 712.000000 222.875641 -730.000000
v 709.788269 221.844299 -730.000000
v 707.431091 221.212692 -730.000000
v 705.000000 221.000000 -730.000000
v 702.568909 221.212692 -730.000000
v 700.211731 221.844299 -730.000000
v 698.000000 222.875641 -730.000000
v 696.000977 224.275375 -730.000000
v 694.275391 226.000977 -730.000000
v 692.875671 228.000000 -730.000000
v 691.844299 230.211716 -730.000000
v 691.212708 232.568924 -730.000000
v 691.000000 235.000000 -730.000000
v 691.212708 237.431076 -730.000000
v 691.844299 239.788284 -730.000000
v 692.875671 242.000000 -730.000000
v 694.275391 243.999023 -730.000000
v 696.000977 245.724625 -730.000000
v 698.000000 247.124359 -730.000000
v 700.211731 248.155701 -730.000000
v 702.568909 248.787308 -730.000000
v 705.000000 719.000000 -730.000000
v 707.431091 718.787292 -730.000000
v 709.788269 718.155701 -730.000000
v 712.000000 717.124329 -730.000000
v 713.999023 715.724609 -730.000000
v 715.724609 713.999023 -730.000000
v 717.124329 712.000000 -730.000000
v 718.155701 709.788269 -730.000000
v 718.787292 707.431091 -730.000000
v 719.000000 705.000000 -730.000000
v 718.787292 702.568909 -730.000000
v 718.155701 700.211731 -730.000000
v 717.124329 698.000000 -730.000000
v 715.724609 696.000977 -730.000000
v 713.999023 694.275391 -730.000000
v 712.000000 692.875671 -730.000000
v 709.788269 691.844299 -730.000000
v 707.431091 691.212708 -730.000000
v 705.000000 691.000000 -730.000000
v 702.568909 691.212708 -730.000000
v 700.211731 691.844299 -730.000000
v 698.000000 692.875671 -730.000000
v 696.000977 694.275391 -730.000000
v 694.275391 696.000977 -730.000000
v 692.875671 698.000000 -730.000000
v 691.844299 700.211731 -730.000000
v 691.212708 702.568909 -730.000000
v 691.000000 705.000000 -730.000000
v 691.212708 707.431091 -730.000000
v 691.844299 709.788269 -730.000000
v 692.875671 712.000000 -730.000000
v 694.275391 713.999023 -730.000000
v 696.000977 715.724609 -730.000000
v 698.000000 717.124329 -730.000000
v 700.211731 718.155701 -730.000000
v 702.568909 718.787292 -730.000000
v 235.000000 719.000000 -730.000000
v 237.431076 718.787292 -730.000000
v 239.788284 718.155701 -730.000000
v 242.000000 717.124329 -730.000000
v 243.999023 715.724609 -730.000000
v 245.724625 713.999023 -730.000000
v 247.124359 712.000000 -730.000000
v 248.155701 709.788269 -730.000000
v 248.787308 707.431091 -730.000000
v 249.000000 705.000000 -730.000000
v 248.787308 702.568909 -730.000000
v 248.155701 700.211731 -730.000000
v 247.124359 698.000000 -730.000000
v 245.724625 696.000977 -730.000000
v 243.999023 694.275391 -730.000000
v 242.000000 692.875671 -730.000000
v 239.788284 691.844299 -730.000000
v 237.431076 691.212708 -730.000000
v 235.000000 691.000000 -730.000000
v 232.568924 691.212708 -730.000000
v 230.211716 691.844299 -730.000000
v 228.000000 692.875671 -730.000000
v 226.000977 694.275391 -730.000000
v 224.275375 696.000977 -730.000000
v 222.875641 698.000000 -730.000000
v 221.844299 700.211731 -730.000000
v 221.212692 702.568909 -730.000000
v 221.000000 705.000000 -730.000000
v 221.212692 707.431091 -730.000000
v 221.844299 709.788269 -730.000000
v 222.875641 712.000000 -730.000000
v 224.275375 713.999023 -730.000000
v 226.000977 715.724609 -730.000000
v 228.000000 717.124329 -730.000000
v 230.211716 718.155701 -730.000000
v 232.568924 718.787292 -730.000000
v -235.000000 719.000000 -730.000000
v -232.568924 718.787292 -730.000000
v -230.211716 718.155701 -730.000000
v -228.000000 717.124329 -730.000000
v -226.000977 715.724609 -730.000000
v -224.275375 713.999023 -730.000000
v -222.875641 712.000000 -730.000000
v -221.844299 709.788269 -730.000000
v -221.212692 707.431091 -730.000000
v -221.000000 705.000000 -730.000000
v -221.212692 702.568909 -730.000000
v -221.844299 700.211731 -730.000000
v -222.875641 698.000000 -730.000000
v -224.275375 696.000977 -730.000000
v -226.000977 694.275391 -730.000000
v -228.000000 692.875671 -730.000000
v -230.211716 691.844299 -730.000000
v -232.568924 691.212708 -730.000000
v -235.000000 691.000000 -730.000000
v -237.431076 691.212708 -730.000000
v -239.788284 691.844299 -730.000000
v -242.000000 692.875671 -730.000000
v -243.999023 694.275391 -730.000000
v -245.724625 696.000977 -730.000000
v -247.124359 698.000000 -730.000000
v -248.155701 700.211731 -730.000000
v -248.787308 702.568909 -730.000000
v -249.000000 705.000000 -730.000000
v -248.787308 707.431091 -730.000000
v -248.155701 709.788269 -730.000000
v -247.124359 712.000000 -730.000000
v -245.724625 713.999023 -730.000000
v -243.999023 715.724609 -730.000000
v -242.000000 717.124329 -730.000000
v -239.788284 718.155701 -730.000000
v -237.431076 718.787292 -730.000000
v -400.000000 408.750000 -730.000000
v -398.480591 408.617065 -730.000000
v -397.007324 408.222321 -730.000000
v -395.625000 407.577728 -730.000000
v -394.375610 406.702881 -730.000000
v -393.297119 405.624390 -730.000000
v -392.422272 404.375000 -730.000000
v -391.777679 402.992676 -730.000000
v -391.382935 401.519409 -730.000000
v -391.250000 400.000000 -730.000000
v -391.382935 398.480591 -730.000000
v -391.777679 397.007324 -730.000000
v -392.422272 395.625000 -730.000000
v -393.297119 394.375610 -730.000000
v -394.375610 393.297119 -730.000000
v -395.625000 392.422272 -730.000000
v -397.007324 391.777679 -730.000000
v -398.480591 391.382935 -730.000000
v -400.000000 391.250000 -730.000000
v -401.519409 391.382935 -730.000000
v -402.992676 391.777679 -730.000000
v -404.375000 392.422272 -730.000000
v -405.624390 393.297119 -730.000000
v -406.702881 394.375610 -730.000000
v -407.577728 395.625000 -730.000000
v -408.222321 397.007324 -730.000000
v -408.617065 398.480591 -730.000000
v -408.750000 400.000000 -730.000000
v -408.617065 401.519409 -730.000000
v -408.222321 402.992676 -730.000000
v -407.577728 404.375000 -730.000000
v -406.702881 405.624390 -730.000000
v -405.624390 406.702881 -730.000000
v -404.375000 407.577728 -730.000000
v -402.992676 408.222321 -730.000000
v -401.519409 408.617065 -730.000000
v -400.000000 -166.250000 -730.000000
v -398.480591 -166.382935 -730.000000
v -397.007324 -166.777695 -730.000000
v -395.625000 -167.422272 -730.000000
v -394.375610 -168.297104 -730.000000
v -393.297119 -169.375610 -730.000000
v -392.422272 -170.625000 -730.000000
v -391.777679 -172.007324 -730.000000
v -391.382935 -173.480576 -730.000000
v -391.250000 -175.000000 -730.000000
v -391.382935 -176.519424 -730.000000
v -391.777679 -177.992676 -730.000000
v -392.422272 -179.375000 -730.000000
v -393.297119 -180.624390 -730.000000
v -394.375610 -181.702896 -730.000000
v -395.625000 -182.577728 -730.000000
v -397.007324 -183.222305 -730.000000
v -398.480591 -183.617065 -730.000000
v -400.000000 -183.750000 -730.000000
v -401.519409 -183.617065 -730.000000
v -402.992676 -183.222305 -730.000000
v -404.375000 -182.577728 -730.000000
v -405.624390 -181.702896 -730.000000
v -406.702881 -180.624390 -730.000000
v -407.577728 -179.375000 -730.000000
v -408.222321 -177.992676 -730.000000
v -408.617065 -176.519424 -730.000000
v -408.750000 -175.000000 -730.000000
v -408.617065 -173.480576 -730.000000
v -408.222321 -172.007324 -730.000000
v -407.577728 -170.625000 -730.000000
v -406.702881 -169.375610 -730.000000
v -405.624390 -168.297104 -730.000000
v -404.375000 -167.422272 -730.000000
v -402.992676 -166.777695 -730.000000
v -401.519409 -166.382935 -730.000000
v -175.000000 -391.250000 -730.000000
v -173.480576 -391.382935 -730.000000
v -172.007324 -391.777679 -730.000000
v -170.625000 -392.422272 -730.000000
v -169.375610 -393.297119 -730.000000
v -168.297104 -394.375610 -730.000000
v -167.422272 -395.625000 -730.000000
v -166.777695 -397.007324 -730.000000
v -166.382935 -398.480591 -730.000000
v -166.250000 -400.000000 -730.000000
v -166.382935 -401.519409 -730.000000
v -166.777695 -402.992676 -730.000000
v -167.422272 -404.375000 -730.000000
v -168.297104 -405.624390 -730.000000
v -169.375610 -406.702881 -730.000000
v -170.625000 -407.577728 -730.000000
v -172.007324 -408.222321 -730.000000
v -173.480576 -408.617065 -730.000000
v -175.000000 -408.750000 -730.000000
v -176.519424 -408.617065 -730.000000
v -177.992676 -408.222321 -730.000000
v -179.375000 -407.577728 -730.000000
v -180.624390 -406.702881 -730.000000
v -181.702896 -405.624390 -730.000000
v -182.577728 -404.375000 -730.000000
v -183.222305 -402.992676 -730.000000
v -183.617065 -401.519409 -730.000000
v -183.750000 -400.000000 -730.000000
v -183.617065 -398.480591 -730.000000
v -183.222305 -397.007324 -730.000000
v -182.577728 -395.625000 -730.000000
v -181.702896 -394.375610 -730.000000
v -180.624390 -393.297119 -730.000000
v -179.375000 -392.422272 -730.000000
v -177.992676 -391.777679 -730.000000
v -176.519424 -391.382935 -730.000000
v 175.000000 -391.250000 -730.000000
v 176.519424 -391.382935 -730.000000
v 177.992676 -391.777679 -730.000000
v 179.375000 -392.422272 -730.000000
v 180.624390 -393.297119 -730.000000
v 181.702896 -394.375610 -730.000000
v 182.577728 -395.625000 -730.000000
v 183.222305 -397.007324 -730.000000
v 183.617065 -398.480591 -730.000000
v 183.750000 -400.000000 -730.000000
v 183.617065 -401.519409 -730.000000
v 183.222305 -402.992676 -730.000000
v 182.577728 -404.375000 -730.000000
v 181.702896 -405.624390 -730.000000
v 180.624390 -406.702881 -730.000000
v 179.375000 -407.577728 -730.000000
v 177.992676 -408.222321 -730.000000
v 176.519424 -408.617065 -730.000000
v 175.000000 -408.750000 -730.000000
v 173.480576 -408.617065 -730.000000
v 172.007324 -408.222321 -730.000000
v 170.625000 -407.577728 -730.000000
v 169.375610 -406.702881 -730.000000
v 168.297104 -405.624390 -730.000000
v 167.422272 -404.375000 -730.000000
v 166.777695 -402.992676 -730.000000
v 166.382935 -401.519409 -730.000000
v 166.250000 -400.000000 -730.000000
v 166.382935 -398.480591 -730.000000
v 166.777695 -397.007324 -730.000000
v 167.422272 -395.625000 -730.000000
v 168.297104 -394.375610 -730.000000
v 169.375610 -393.297119 -730.000000
v 170.625000 -392.422272 -730.000000
v 172.007324 -391.777679 -730.000000
v 173.480576 -391.382935 -730.000000
v 175.000000 408.750000 -730.000000
v 176.519424 408.617065 -730.000000
v 177.992676 408.222321 -730.000000
v 179.375000 407.577728 -730.000000
v 180.624390 406.702881 -730.000000
v 181.702896 405.624390 -730.000000
v 182.577728 404.375000 -730.000000
v 183.222305 402.992676 -730.000000
v 183.617065 401.519409 -730.000000
v 183.750000 400.000000 -730.000000
v 183.617065 398.480591 -730.000000
v 183.222305 397.007324 -730.000000
v 182.577728 395.625000 -730.000000
v 181.702896 394.375610 -730.000000
v 180.624390 393.297119 -730.000000
v 179.375000 392.422272 -730.000000
v 177.992676 391.777679 -730.000000
v 176.519424 391.382935 -730.000000
v 175.000000 391.250000 -730.000000
v 173.480576 391.382935 -730.000000
v 172.007324 391.777679 -730.000000
v 170.625000 392.422272 -730.000000
v 169.375610 393.297119 -730.000000
v 168.297104 394.375610 -730.000000
v 167.422272 395.625000 -730.000000
v 166.777695 397.007324 -730.000000
v 166.382935 398.480591 -730.000000
v 166.250000 400.000000 -730.000000
v 166.382935 401.519409 -730.000000
v 166.777695 402.992676 -730.000000
v 167.422272 404.375000 -730.000000
v 168.297104 405.624390 -730.000000
v 169.375610 406.702881 -730.000000
v 170.625000 407.577728 -730.000000
v 172.007324 408.222321 -730.000000
v 173.480576 408.617065 -730.000000
v -175.000000 408.750000 -730.000000
v -173.480576 408.617065 -730.000000
v -172.007324 408.222321 -730.000000
v -170.625000 407.577728 -730.000000
v -169.375610 406.702881 -730.000000
v -168.297104 405.624390 -730.000000
v -167.422272 404.375000 -730.000000
v -166.777695 402.992676 -730.000000
v -166.382935 401.519409 -730.000000
v -166.250000 400.000000 -730.000000
v -166.382935 398.480591 -730.000000
v -166.777695 397.007324 -730.000000
v -167.422272 395.625000 -730.000000
v -168.297104 394.375610 -730.000000
v -169.375610 393.297119 -730.000000
v -170.625000 392.422272 -730.000000
v -172.007324 391.777679 -730.000000
v -173.480576 391.382935 -730.000000
v -175.000000 391.250000 -730.000000
v -176.519424 391.382935 -730.000000
v -177.992676 391.777679 -730.000000
v -179.375000 392.422272 -730.000000
v -180.624390 393.297119 -730.000000
v -181.702896 394.375610 -730.000000
v -182.577728 395.625000 -730.000000
v -183.222305 397.007324 -730.000000
v -183.617065 398.480591 -730.000000
v -183.750000 400.000000 -730.000000
v -183.617065 401.519409 -730.000000
v -183.222305 402.992676 -730.000000
v -182.577728 404.375000 -730.000000
v -181.702896 405.624390 -730.000000
v -180.624390 406.702881 -730.000000
v -179.375000 407.577728 -730.000000
v -177.992676 408.222321 -730.000000
v -176.519424 408.617065 -730.000000
v 400.000000 183.750000 -730.000000
v 401.519409 183.617065 -730.000000
v 402.992676 183.222305 -730.000000
v 404.375000 182.577728 -730.000000
v 405.624390 181.702896 -730.000000
v 406.702881 180.624390 -730.000000
v 407.577728 179.375000 -730.000000
v 408.222321 177.992676 -730.000000
v 408.617065 176.519424 -730.000000
v 408.750000 175.000000 -730.000000
v 408.617065 173.480576 -730.000000
v 408.222321 172.007324 -730.000000
v 407.577728 170.625000 -730.000000
v 406.702881 169.375610 -730.000000
v 405.624390 168.297104 -730.000000
v 404.375000 167.422272 -730.000000
v 402.992676 166.777695 -730.000000
v 401.519409 166.382935 -730.000000
v 400.000000 166.250000 -730.000000
v 398.480591 166.382935 -730.000000
v 397.007324 166.777695 -730.000000
v 395.625000 167.422272 -730.000000
v 394.375610 168.297104 -730.000000
v 393.297119 169.375610 -730.000000
v 392.422272 170.625000 -730.000000
v 391.777679 172.007324 -730.000000
v 391.382935 173.480576 -730.000000
v 391.250000 175.000000 -730.000000
v 391.382935 176.519424 -730.000000
v 391.777679 177.992676 -730.000000
v 392.422272 179.375000 -730.000000
v 393.297119 180.624390 -730.000000
v 394.375610 181.702896 -730.000000
v 395.625000 182.577728 -730.000000
v 397.007324 183.222305 -730.000000
v 398.480591 183.617065 -730.000000
v 400.000000 -166.250000 -730.000000
v 401.519409 -166.382935 -730.000000
v 402.992676 -166.777695 -730.000000
v 404.375000 -167.422272 -730.000000
v 405.624390 -168.297104 -730.000000
v 406.702881 -169.375610 -730.000000
v 407.577728 -170.625000 -730.000000
v 408.222321 -172.007324 -730.000000
v 408.617065 -173.480576 -730.000000
v 408.750000 -175.000000 -730.000000
v 408.617065 -176.519424 -730.000000
v 408.222321 -177.992676 -730.000000
v 407.577728 -179.375000 -730.000000
v 406.702881 -180.624390 -730.000000
v 405.624390 -181.702896 -730.000000
v 404.375000 -182.577728 -730.000000
v 402.992676 -183.222305 -730.000000
v 401.519409 -183.617065 -730.000000
v 400.000000 -183.750000 -730.000000
v 398.480591 -183.617065 -730.000000
v 397.007324 -183.222305 -730.000000
v 395.625000 -182.577728 -730.000000
v 394.375610 -181.702896 -730.000000
v 393.297119 -180.624390 -730.000000
v 392.422272 -179.375000 -730.000000
v 391.777679 -177.992676 -730.000000
v 391.382935 -176.519424 -730.000000
v 391.250000 -175.000000 -730.000000
v 391.382935 -173.480576 -730.000000
v 391.777679 -172.007324 -730.000000
v 392.422272 -170.625000 -730.000000
v 393.297119 -169.375610 -730.000000
v 394.375610 -168.297104 -730.000000
v 395.625000 -167.422272 -730.000000
v 397.007324 -166.777695 -730.000000
v 398.480591 -166.382935 -730.000000
v 400.000000 408.750000 -730.000000
v 401.519409 408.617065 -730.000000
v 402.992676 408.222321 -730.000000
v 404.375000 407.577728 -730.000000
v 405.624390 406.702881 -730.000000
v 406.702881 405.624390 -730.000000
v 407.577728 404.375000 -730.000000
v 408.222321 402.992676 -730.000000
v 408.617065 401.519409 -730.000000
v 408.750000 400.000000 -730.000000
v 408.617065 398.480591 -730.000000
v 408.222321 397.007324 -730.000000
v 407.577728 395.625000 -730.000000
v 406.702881 394.375610 -730.000000
v 405.624390 393.297119 -730.000000
v 404.375000 392.422272 -730.000000
v 402.992676 391.777679 -730.000000
v 401.519409 391.382935 -730.000000
v 400.000000 391.250000 -730.000000
v 398.480591 391.382935 -730.000000
v 397.007324 391.777679 -730.000000
v 395.625000 392.422272 -730.000000
v 394.375610 393.297119 -730.000000
v 393.297119 394.375610 -730.000000
v 392.422272 395.625000 -730.000000
v 391.777679 397.007324 -730.000000
v 391.382935 398.480591 -730.000000
v 391.250000 400.000000 -730.000000
v 391.382935 401.519409 -730.000000
v 391.777679 402.992676 -730.000000
v 392.422272 404.375000 -730.000000
v 393.297119 405.624390 -730.000000
v 394.375610 406.702881 -730.000000
v 395.625000 407.577728 -730.000000
v 397.007324 408.222321 -730.000000
v 398.480591 408.617065 -730.000000
v 400.000000 -391.250000 -730.000000
v 401.519409 -391.382935 -730.000000
v 402.992676 -391.777679 -730.000000
v 404.375000 -392.422272 -730.000000
v 405.624390 -393.297119 -730.000000
v 406.702881 -394.375610 -730.000000
v 407.577728 -395.625000 -730.000000
v 408.222321 -397.007324 -730.000000
v 408.617065 -398.480591 -730.000000
v 408.750000 -400.000000 -730.000000
v 408.617065 -401.519409 -730.000000
v 408.222321 -402.992676 -730.000000
v 407.577728 -404.375000 -730.000000
v 406.702881 -405.624390 -730.000000
v 405.624390 -406.702881 -730.000000
v 404.375000 -407.577728 -730.000000
v 402.992676 -408.222321 -730.000000
v 401.519409 -408.617065 -730.000000
v 400.000000 -408.750000 -730.000000
v 398.480591 -408.617065 -730.000000
v 397.007324 -408.222321 -730.000000
v 395.625000 -407.577728 -730.000000
v 394.375610 -406.702881 -730.000000
v 393.297119 -405.624390 -730.000000
v 392.422272 -404.375000 -730.000000
v 391.777679 -402.992676 -730.000000
v 391.382935 -401.519409 -730.000000
v 391.250000 -400.000000 -730.000000
v 391.382935 -398.480591 -730.000000
v 391.777679 -397.007324 -730.000000
v 392.422272 -395.625000 -730.000000
v 393.297119 -394.375610 -730.000000
v 394.375610 -393.297119 -730.000000
v 395.625000 -392.422272 -730.000000
v 397.007324 -391.777679 -730.000000
v 398.480591 -391.382935 -730.000000
v -400.000000 -391.250000 -730.000000
v -398.480591 -391.382935 -730.000000
v -397.007324 -391.777679 -730.000000
v -395.625000 -392.422272 -730.000000
v -394.375610 -393.297119 -730.000000
v -393.297119 -394.375610 -730.000000
v -392.422272 -395.625000 -730.000000
v -391.777679 -397.007324 -730.000000
v -391.382935 -398.480591 -730.000000
v -391.250000 -400.000000 -730.000000
v -391.382935 -401.519409 -730.000000
v -391.777679 -402.992676 -730.000000
v -392.422272 -404.375000 -730.000000
v -393.297119 -405.624390 -730.000000
v -394.375610 -406.702881 -730.000000
v -395.625000 -407.577728 -730.000000
v -397.007324 -408.222321 -730.000000
v -398.480591 -408.617065 -730.000000
v -400.000000 -408.750000 -730.000000
v -401.519409 -408.617065 -730.000000
v -402.992676 -408.222321 -730.000000
v -404.375000 -407.577728 -730.000000
v -405.624390 -406.702881 -730.000000
v -406.702881 -405.624390 -730.000000
v -407.577728 -404.375000 -730.000000
v -408.222321 -402.992676 -730.000000
v -408.617065 -401.519409 -730.000000
v -408.750000 -400.000000 -730.000000
v -408.617065 -398.480591 -730.000000
v -408.222321 -397.007324 -730.000000
v -407.577728 -395.625000 -730.000000
v -406.702881 -394.375610 -730.000000
v -405.624390 -393.297119 -730.000000
v -404.375000 -392.422272 -730.000000
v -402.992676 -391.777679 -730.000000
v -401.519409 -391.382935 -730.000000
v -400.000000 183.750000 -730.000000
v -398.480591 183.617065 -730.000000
v -397.007324 183.222305 -730.000000
v -395.625000 182.577728 -730.000000
v -394.375610 181.702896 -730.000000
v -393.297119 180.624390 -730.000000
v -392.422272 179.375000 -730.000000
v -391.777679 177.992676 -730.000000
v -391.382935 176.519424 -730.000000
v -391.250000 175.000000 -730.000000
v -391.382935 173.480576 -730.000000
v -391.777679 172.007324 -730.000000
v -392.422272 170.625000 -730.000000
v -393.297119 169.375610 -730.000000
v -394.375610 168.297104 -730.000000
v -395.625000 167.422272 -730.000000
v -397.007324 166.777695 -730.000000
v -398.480591 166.382935 -730.000000
v -400.000000 166.250000 -730.000000
v -401.519409 166.382935 -730.000000
v -402.992676 166.777695 -730.000000
v -404.375000 167.422272 -730.000000
v -405.624390 168.297104 -730.000000
v -406.702881 169.375610 -730.000000
v -407.577728 170.625000 -730.000000
v -408.222321 172.007324 -730.000000
v -408.617065 173.480576 -730.000000
v -408.750000 175.000000 -730.000000
v -408.617065 176.519424 -730.000000
v -408.222321 177.992676 -730.000000
v -407.577728 179.375000 -730.000000
v -406.702881 180.624390 -730.000000
v -405.624390 181.702896 -730.000000
v -404.375000 182.577728 -730.000000
v -402.992676 183.222305 -730.000000
v -401.519409 183.617065 -730.000000
v -235.000000 -691.000000 -730.000000
v -232.568924 -691.212708 -730.000000
v -230.211716 -691.844299 -730.000000
v -228.000000 -692.875671 -730.000000
v -226.000977 -694.275391 -730.000000
v -224.275375 -696.000977 -730.000000
v -222.875641 -698.000000 -730.000000
v -221.844299 -700.211731 -730.000000
v -221.212692 -702.568909 -730.000000
v -221.000000 -705.000000 -730.000000
v -221.212692 -707.431091 -730.000000
v -221.844299 -709.788269 -730.000000
v -222.875641 -712.000000 -730.000000
v -224.275375 -713.999023 -730.000000
v -226.000977 -715.724609 -730.000000
v -228.000000 -717.124329 -730.000000
v -230.211716 -718.155701 -730.000000
v -232.568924 -718.787292 -730.000000
v -235.000000 -719.000000 -730.000000
v -237.431076 -718.787292 -730.000000
v -239.788284 -718.155701 -730.000000
v -242.000000 -717.124329 -730.000000
v -243.999023 -715.724609 -730.000000
v -245.724625 -713.999023 -730.000000
v -247.124359 -712.000000 -730.000000
v -248.155701 -709.788269 -730.000000
v -248.787308 -707.431091 -730.000000
v -249.000000 -705.000000 -730.000000
v -248.787308 -702.568909 -730.000000
v -248.155701 -700.211731 -730.000000
v -247.124359 -698.000000 -730.000000
v -245.724625 -696.000977 -730.000000
v -243.999023 -694.275391 -730.000000
v -242.000000 -692.875671 -730.000000
v -239.788284 -691.844299 -730.000000
v -237.431076 -691.212708 -730.000000
v -705.000000 249.000000 -730.000000
v -702.568909 248.787308 -730.000000
v -700.211731 248.155701 -730.000000
v -698.000000 247.124359 -730.000000
v -696.000977 245.724625 -730.000000
v -694.275391 243.999023 -730.000000
v -692.875671 242.000000 -730.000000
v -691.844299 239.788284 -730.000000
v -691.212708 237.431076 -730.000000
v -691.000000 235.000000 -730.000000
v -691.212708 232.568924 -730.000000
v -691.844299 230.211716 -730.000000
v -692.875671 228.000000 -730.000000
v -694.275391 226.000977 -730.000000
v -696.000977 224.275375 -730.000000
v -698.000000 222.875641 -730.000000
v -700.211731 221.844299 -730.000000
v -702.568909 221.212692 -730.000000
v -705.000000 221.000000 -730.000000
v -707.431091 221.212692 -730.000000
v -709.788269 221.844299 -730.000000
v -712.000000 222.875641 -730.000000
v -713.999023 224.275375 -730.000000
v -715.724609 226.000977 -730.000000
v -717.124329 228.000000 -730.000000
v -718.155701 230.211716 -730.000000
v -718.787292 232.568924 -730.000000
v -719.000000 235.000000 -730.000000
v -718.787292 237.431076 -730.000000
v -718.155701 239.788284 -730.000000
v -717.124329 242.000000 -730.000000
v -715.724609 243.999023 -730.000000
v -713.999023 245.724625 -730.000000
v -712.000000 247.124359 -730.000000
v -709.788269 248.155701 -730.000000
v -707.431091 248.787308 -730.000000
vn -0.000000 -0.000000 -1.000000
vn -0.000000 -0.000000 -1.000000
vn -0.000000 -0.000000 -1.000000
vn -0.000000 -0.000000 -1.000000
vn -0.000000 -0.000000 -1.000000
vn -0.000000 -0.000000 -1.000000
vn -0.000000 -0.000000 -1.000000
vn -0.000000 -0.000000 -1.000000
vn -0.000000 -0.000000 -1.000000
vn -0.000000 -0.000000 -1.000000
vn -0.000000 -0.000000 -1.000000
vn -0.000000 -0.000000 -1.000000
vn -0.000000 -0.000000 -1.000000
vn -0.000000 -0.000000 -1.000000
vn -0.000000 -0.000000 -1.000000
vn -0.000000 -0.000000 -1.000000
vn -0.000000 -0.000000 -1.000000
vn -0.000000 -0.000000 -1.000000
vn -0.000000 -0.000000 -1.000000
vn -0.000000 -0.000000 -1.000000
vn -0.000000 -0.000000 -1.000000
vn -0.000000 -0.000000 -1.000000
vn -0.000000 -0.000000 -1.000000
vn -0.000000 -0.000000 -1.000000
vn -0.000000 -0.000000 -1.000000
vn -0.000000 -0.000000 -1.000000
vn -0.000000 -0.000000 -1.000000
vn -0.000000 -0.000000 -1.000000
vn -0.000000 -0.000000 -1.000000
vn -0.000000 -0.000000 -1.000000
vn -0.000000 -0.000000 -1.000000
vn -0.000000 -0.000000 -1.000000
vn -0.000000 -0.000000 -1.000000
vn -0.000000 -0.000000 -1.000000
vn -0.000000 -0.000000 -1.000000
vn -0.000000 -0.000000 -1.000000
vn -0.000000 -0.000000 -1.000000
vn -0.000000 -0.000000 -1.000000
vn -0.000000 -0.000000 -1.000000
vn -0.000000 -0.000000 -1.000000
vn -0.000000 -0.000000 -1.000000
vn -0.000000 -0.000000 -1.000000
vn -0.000000 -0.000000 -1.000000
vn -0.000000 -0.000000 -1.000000
vn -0.000000 -0.000000 -1.000000
vn -0.000000 -0.000000 -1.000000
vn -0.000000 -0.000000 -1.000000
vn -0.000000 -0.000000 -1.000000
vn -0.000000 -0.000000 -1.000000
vn -0.000000 -0.000000 -1.000000
vn -0.000000 -0.000000 -1.000000
vn -0.000000 -0.000000 -1.000000
vn -0.000000 -0.000000 -1.000000
vn -0.000000 -0.000000 -1.000000
vn -0.000000 -0.000000 -1.000000
vn -0.000000 -0.000000 -1.000000
vn -0.000000 -0.000000 -1.000000
vn -0.000000 -0.000000 -1.000000
vn -0.000000 -0.000000 -1.000000
vn -0.000000 -0.000000 -1.000000
vn -0.000000 -0.000000 -1.000000
vn -0.000000 -0.000000 -1.000000
vn -0.000000 -0.000000 -1.000000
vn -0.000000 -0.000000 -1.000000
vn -0.000000 -0.000000 -1.000000
vn -0.000000 -0.000000 -1.000000
vn -0.000000 -0.000000 -1.000000
vn -0.000000 -0.000000 -1.000000
vn -0.000000 -0.000000 -1.000000
vn -0.000000 -0.000000 -1.000000
vn -0.000000 -0.000000 -1.000000
vn -0.000000 -0.000000 -1.000000
vn -0.000000 -0.000000 -1.000000
vn -0.000000 -0.000000 -1.000000
vn -0.000000 -0.000000 -1.000000
vn -0.000000 -0.000000 -1.000000
vn -0.000000 -0.000000 -1.000000
vn -0.000000 -0.000000 -1.000000
vn -0.000000 -0.000000 -1.000000
vn -0.000000 -0.000000 -1.000000
vn -0.000000 -0.000000 -1.000000
vn -0.000000 -0.000000 -1.000000
vn -0.000000 -0.000000 -1.000000
vn -0.000000 -0.000000 -1.000000
vn -0.000000 -0.000000 -1.000000
vn -0.000000 -0.000000 -1.000000
vn -0.000000 -0.000000 -1.000000
vn -0.000000 -0.000000 -1.000000
vn -0.000000 -0.000000 -1.000000
vn -0.000000 -0.000000 -1.000000
vn -0.000000 -0.000000 -1.000000
vn -0.000000 -0.000000 -1.000000
vn -0.000000 -0.000000 -1.000000
vn -0.000000 -0.000000 -1.000000
vn -0.000000 -0.000000 -1.000000
vn -0.000000 -0.000000 -1.000000
vn -0.000000 -0.000000 -1.000000
vn -0.000000 -0.000000 -1.000000
vn -0.000000 -0.000000 -1.000000
vn -0.000000 -0.000000 -1.000000
vn -0.000000 -0.000000 -1.000000
vn -0.000000 -0.000000 -1.000000
vn -0.000000 -0.000000 -1.000000
vn -0.000000 -0.000000 -1.000000
vn -0.000000 -0.000000 -1.000000
vn -0.000000 -0.000000 -1.000000
vn -0.000000 -0.000000 -1.000000
vn -0.000000 -0.000000 -1.000000
vn -0.000000 -0.000000 -1.000000
vn -0.000000 -0.000000 -1.000000
vn -0.000000 -0.000000 -1.000000
vn -0.000000 -0.000000 -1.000000
vn -0.000000 -0.000000 -1.000000
vn -0.000000 -0.000000 -1.000000
vn -0.000000 -0.000000 -1.000000
vn -0.000000 -0.000000 -1.000000
vn -0.000000 -0.000000 -1.000000
vn -0.000000 -0.000000 -1.000000
vn -0.000000 -0.000000 -1.000000
vn -0.000000 -0.000000 -1.000000
vn -0.000000 -0.000000 -1.000000
vn -0.000000 -0.000000 -1.000000
vn -0.000000 -0.000000 -1.000000
vn -0.000000 -0.000000 -1.000000
vn -0.000000 -0.000000 -1.000000
vn -0.000000 -0.000000 -1.000000
vn -0.000000 -0.000000 -1.000000
vn -0.000000 -0.000000 -1.000000
vn -0.000000 -0.000000 -1.000000
vn -0.000000 -0.000000 -1.000000
vn -0.000000 -0.000000 -1.000000
vn -0.000000 -0.000000 -1.000000
vn -0.000000 -0.000000 -1.000000
vn -0.000000 -0.000000 -1.000000
vn -0.000000 -0.000000 -1.000000
vn -0.000000 -0.000000 -1.000000
vn -0.000000 -0.000000 -1.000000
vn -0.000000 -0.000000 -1.000000
vn -0.000000 -0.000000 -1.000000
vn -0.000000 -0.000000 -1.000000
vn -0.000000 -0.000000 -1.000000
vn -0.000000 -0.000000 -1.000000
vn -0.000000 -0.000000 -1.000000
vn -0.000000 -0.000000 -1.000000
vn -0.000000 -0.000000 -1.000000
vn -0.000000 -0.000000 -1.000000
vn -0.000000 -0.000000 -1.000000
vn -0.000000 -0.000000 -1.000000
vn -0.000000 -0.000000 -1.000000
vn -0.000000 -0.000000 -1.000000
vn -0.000000 -0.000000 -1.000000
vn -0.000000 -0.000000 -1.000000
vn -0.000000 -0.000000 -1.000000
vn -0.000000 -0.000000 -1.000000
vn -0.000000 -0.000000 -1.000000
vn -0.000000 -0.000000 -1.000000
vn -0.000000 -0.000000 -1.000000
vn -0.000000 -0.000000 -1.000000
vn -0.000000 -0.000000 -1.000000
vn -0.000000 -0.000000 -1.000000
vn -0.000000 -0.000000 -1.000000
vn -0.000000 -0.000000 -1.000000
vn -0.000000 -0.000000 -1.000000
vn -0.000000 -0.000000 -1.000000
vn -0.000000 -0.000000 -1.000000
vn -0.000000 -0.000000 -1.000000
vn -0.000000 -0.000000 -1.000000
vn -0.000000 -0.000000 -1.000000
vn -0.000000 -0.000000 -1.000000
vn -0.000000 -0.000000 -1.000000
vn -0.000000 -0.000000 -1.000000
vn -0.000000 -0.000000 -1.000000
vn -0.000000 -0.000000 -1.000000
vn -0.000000 -0.000000 -1.000000
vn -0.000000 -0.000000 -1.000000
vn -0.000000 -0.000000 -1.000000
vn -0.000000 -0.000000 -1.000000
vn -0.000000 -0.000000 -1.000000
vn -0.000000 -0.000000 -1.000000
vn -0.000000 -0.000000 -1.000000
vn -0.000000 -0.000000 -1.000000
vn -0.000000 -0.000000 -1.000000
vn -0.000000 -0.000000 -1.000000
vn -0.000000 -0.000000 -1.000000
vn -0.000000 -0.000000 -1.000000
vn -0.000000 -0.000000 -1.000000
vn -0.000000 -0.000000 -1.000000
vn -0.000000 -0.000000 -1.000000
vn -0.000000 -0.000000 -1.000000
vn -0.000000 -0.000000 -1.000000
vn -0.000000 -0.000000 -1.000000
vn -0.000000 -0.000000 -1.000000
vn -0.000000 -0.000000 -1.000000
vn -0.000000 -0.000000 -1.000000
vn -0.000000 -0.000000 -1.000000
vn -0.000000 -0.000000 -1.000000
vn -0.000000 -0.000000 -1.000000
vn -0.000000 -0.000000 -1.000000
vn -0.000000 -0.000000 -1.000000
vn -0.000000 -0.000000 -1.000000
vn -0.000000 -0.000000 -1.000000
vn -0.000000 -0.000000 -1.000000
vn -0.000000 -0.000000 -1.000000
vn -0.000000 -0.000000 -1.000000
vn -0.000000 -0.000000 -1.000000
vn -0.000000 -0.000000 -1.000000
vn -0.000000 -0.000000 -1.000000
vn -0.000000 -0.000000 -1.000000
vn -0.000000 -0.000000 -1.000000
vn -0.000000 -0.000000 -1.000000
vn -0.000000 -0.000000 -1.000000
vn -0.000000 -0.000000 -1.000000
vn -0.000000 -0.000000 -1.000000
vn -0.000000 -0.000000 -1.000000
vn -0.000000 -0.000000 -1.000000
vn -0.000000 -0.000000 -1.000000
vn -0.000000 -0.000000 -1.000000
vn -0.000000 -0.000000 -1.000000
vn -0.000000 -0.000000 -1.000000
vn -0.000000 -0.000000 -1.000000
vn -0.000000 -0.000000 -1.000000
vn -0.000000 -0.000000 -1.000000
vn -0.000000 -0.000000 -1.000000
vn -0.000000 -0.000000 -1.000000
vn -0.000000 -0.000000 -1.000000
vn -0.000000 -0.000000 -1.000000
vn -0.000000 -0.000000 -1.000000
vn -0.000000 -0.000000 -1.000000
vn -0.000000 -0.000000 -1.000000
vn -0.000000 -0.000000 -1.000000
vn -0.000000 -0.000000 -1.000000
vn -0.000000 -0.000000 -1.000000
vn -0.000000 -0.000000 -1.000000
vn -0.000000 -0.000000 -1.000000
vn -0.000000 -0.000000 -1.000000
vn -0.000000 -0.000000 -1.000000
vn -0.000000 -0.000000 -1.000000
vn -0.000000 -0.000000 -1.000000
vn -0.000000 -0.000000 -1.000000
vn -0.000000 -0.000000 -1.000000
vn -0.000000 -0.000000 -1.000000
vn -0.000000 -0.000000 -1.000000
vn -0.000000 -0.000000 -1.000000
vn -0.000000 -0.000000 -1.000000
vn -0.000000 -0.000000 -1.000000
vn -0.000000 -0.000000 -1.000000
vn -0.000000 -0.000000 -1.000000
vn -0.000000 -0.000000 -1.000000
vn -0.000000 -0.000000 -1.000000
vn -0.000000 -0.000000 -1.000000
vn -0.000000 -0.000000 -1.000000
vn -0.000000 -0.000000 -1.000000
vn -0.000000 -0.000000 -1.000000
vn -0.000000 -0.000000 -1.000000
vn -0.000000 -0.000000 -1.000000
vn -0.000000 -0.000000 -1.000000
vn -0.000000 -0.000000 -1.000000
vn -0.000000 -0.000000 -1.000000
vn -0.000000 -0.000000 -1.000000
vn -0.000000 -0.000000 -1.000000
vn -0.000000 -0.000000 -1.000000
vn -0.000000 -0.000000 -1.000000
vn -0.000000 -0.000000 -1.000000
vn -0.000000 -0.000000 -1.000000
vn -0.000000 -0.000000 -1.000000
vn -0.000000 -0.000000 -1.000000
vn -0.000000 -0.000000 -1.000000
vn -0.000000 -0.000000 -1.000000
vn -0.000000 -0.000000 -1.000000
vn -0.000000 -0.000000 -1.000000
vn -0.000000 -0.000000 -1.000000
vn -0.000000 -0.000000 -1.000000
vn -0.000000 -0.000000 -1.000000
vn -0.000000 -0.000000 -1.000000
vn -0.000000 -0.000000 -1.000000
vn -0.000000 -0.000000 -1.000000
vn -0.000000 -0.000000 -1.000000
vn -0.000000 -0.000000 -1.000000
vn -0.000000 -0.000000 -1.000000
vn -0.000000 -0.000000 -1.000000
vn -0.000000 -0.000000 -1.000000
vn -0.000000 -0.000000 -1.000000
vn -0.000000 -0.000000 -1.000000
vn -0.000000 -0.000000 -1.000000
vn -0.000000 -0.000000 -1.000000
vn -0.000000 -0.000000 -1.000000
vn -0.000000 -0.000000 -1.000000
vn -0.000000 -0.000000 -1.000000
vn -0.000000 -0.000000 -1.000000
vn -0.000000 -0.000000 -1.000000
vn -0.000000 -0.000000 -1.000000
vn -0.000000 -0.000000 -1.000000
vn -0.000000 -0.000000 -1.000000
vn -0.000000 -0.000000 -1.000000
vn -0.000000 -0.000000 -1.000000
vn -0.000000 -0.000000 -1.000000
vn -0.000000 -0.000000 -1.000000
vn -0.000000 -0.000000 -1.000000
vn -0.000000 -0.000000 -1.000000
vn -0.000000 -0.000000 -1.000000
vn -0.000000 -0.000000 -1.000000
vn -0.000000 -0.000000 -1.000000
vn -0.000000 -0.000000 -1.000000
vn -0.000000 -0.000000 -1.000000
vn -0.000000 -0.000000 -1.000000
vn -0.000000 -0.000000 -1.000000
vn -0.000000 -0.000000 -1.000000
vn -0.000000 -0.000000 -1.000000
vn -0.000000 -0.000000 -1.000000
vn -0.000000 -0.000000 -1.000000
vn -0.000000 -0.000000 -1.000000
vn -0.000000 -0.000000 -1.000000
vn -0.000000 -0.000000 -1.000000
vn -0.000000 -0.000000 -1.000000
vn -0.000000 -0.000000 -1.000000
vn -0.000000 -0.000000 -1.000000
vn -0.000000 -0.000000 -1.000000
vn -0.000000 -0.000000 -1.000000
vn -0.000000 -0.000000 -1.000000
vn -0.000000 -0.000000 -1.000000
vn -0.000000 -0.000000 -1.000000
vn -0.000000 -0.000000 -1.000000
vn -0.000000 -0.000000 -1.000000
vn -0.000000 -0.000000 -1.000000
vn -0.000000 -0.000000 -1.000000
vn -0.000000 -0.000000 -1.000000
vn -0.000000 -0.000000 -1.000000
vn -0.000000 -0.000000 -1.000000
vn -0.000000 -0.000000 -1.000000
vn -0.000000 -0.000000 -1.000000
vn -0.000000 -0.000000 -1.000000
vn -0.000000 -0.000000 -1.000000
vn -0.000000 -0.000000 -1.000000
vn -0.000000 -0.000000 -1.000000
vn -0.000000 -0.000000 -1.000000
vn -0.000000 -0.000000 -1.000000
vn -0.000000 -0.000000 -1.000000
vn -0.000000 -0.000000 -1.000000
vn -0.000000 -0.000000 -1.000000
vn -0.000000 -0.000000 -1.000000
vn -0.000000 -0.000000 -1.000000
vn -0.000000 -0.000000 -1.000000
vn -0.000000 -0.000000 -1.000000
vn -0.000000 -0.000000 -1.000000
vn -0.000000 -0.000000 -1.000000
vn -0.000000 -0.000000 -1.000000
vn -0.000000 -0.000000 -1.000000
vn -0.000000 -0.000000 -1.000000
vn -0.000000 -0.000000 -1.000000
vn -0.000000 -0.000000 -1.000000
vn -0.000000 -0.000000 -1.000000
vn -0.000000 -0.000000 -1.000000
vn -0.000000 -0.000000 -1.000000
vn -0.000000 -0.000000 -1.000000
vn -0.000000 -0.000000 -1.000000
vn -0.000000 -0.000000 -1.000000
vn -0.000000 -0.000000 -1.000000
vn -0.000000 -0.000000 -1.000000
vn -0.000000 -0.000000 -1.000000
vn -0.000000 -0.000000 -1.000000
vn -0.000000 -0.000000 -1.000000
vn -0.000000 -0.000000 -1.000000
vn -0.000000 -0.000000 -1.000000
vn -0.000000 -0.000000 -1.000000
vn -0.000000 -0.000000 -1.000000
vn -0.000000 -0.000000 -1.000000
vn -0.000000 -0.000000 -1.000000
vn -0.000000 -0.000000 -1.000000
vn -0.000000 -0.000000 -1.000000
vn -0.000000 -0.000000 -1.000000
vn -0.000000 -0.000000 -1.000000
vn -0.000000 -0.000000 -1.000000
vn -0.000000 -0.000000 -1.000000
vn -0.000000 -0.000000 -1.000000
vn -0.000000 -0.000000 -1.000000
vn -0.000000 -0.000000 -1.000000
vn -0.000000 -0.000000 -1.000000
vn -0.000000 -0.000000 -1.000000
vn -0.000000 -0.000000 -1.000000
vn -0.000000 -0.000000 -1.000000
vn -0.000000 -0.000000 -1.000000
vn -0.000000 -0.000000 -1.000000
vn -0.000000 -0.000000 -1.000000
vn -0.000000 -0.000000 -1.000000
vn -0.000000 -0.000000 -1.000000
vn -0.000000 -0.000000 -1.000000
vn -0.000000 -0.000000 -1.000000
vn -0.000000 -0.000000 -1.000000
vn -0.000000 -0.000000 -1.000000
vn -0.000000 -0.000000 -1.000000
vn -0.000000 -0.000000 -1.000000
vn -0.000000 -0.000000 -1.000000
vn -0.000000 -0.000000 -1.000000
vn -0.000000 -0.000000 -1.000000
vn -0.000000 -0.000000 -1.000000
vn -0.000000 -0.000000 -1.000000
vn -0.000000 -0.000000 -1.000000
vn -0.000000 -0.000000 -1.000000
vn -0.000000 -0.000000 -1.000000
vn -0.000000 -0.000000 -1.000000
vn -0.000000 -0.000000 -1.000000
vn -0.000000 -0.000000 -1.000000
vn -0.000000 -0.000000 -1.000000
vn -0.000000 -0.000000 -1.000000
vn -0.000000 -0.000000 -1.000000
vn -0.000000 -0.000000 -1.000000
vn -0.000000 -0.000000 -1.000000
vn -0.000000 -0.000000 -1.000000
vn -0.000000 -0.000000 -1.000000
vn -0.000000 -0.000000 -1.000000
vn -0.000000 -0.000000 -1.000000
vn -0.000000 -0.000000 -1.000000
vn -0.000000 -0.000000 -1.000000
vn -0.000000 -0.000000 -1.000000
vn -0.000000 -0.000000 -1.000000
vn -0.000000 -0.000000 -1.000000
vn -0.000000 -0.000000 -1.000000
vn -0.000000 -0.000000 -1.000000
vn -0.000000 -0.000000 -1.000000
vn -0.000000 -0.000000 -1.000000
vn -0.000000 -0.000000 -1.000000
vn -0.000000 -0.000000 -1.000000
vn -0.000000 -0.000000 -1.000000
vn -0.000000 -0.000000 -1.000000
vn -0.000000 -0.000000 -1.000000
vn -0.000000 -0.000000 -1.000000
vn -0.000000 -0.000000 -1.000000
vn -0.000000 -0.000000 -1.000000
vn -0.000000 -0.000000 -1.000000
vn -0.000000 -0.000000 -1.000000
vn -0.000000 -0.000000 -1.000000
vn -0.000000 -0.000000 -1.000000
vn -0.000000 -0.000000 -1.000000
vn -0.000000 -0.000000 -1.000000
vn -0.000000 -0.000000 -1.000000
vn -0.000000 -0.000000 -1.000000
vn -0.000000 -0.000000 -1.000000
vn -0.000000 -0.000000 -1.000000
vn -0.000000 -0.000000 -1.000000
vn -0.000000 -0.000000 -1.000000
vn -0.000000 -0.000000 -1.000000
vn -0.000000 -0.000000 -1.000000
vn -0.000000 -0.000000 -1.000000
vn -0.000000 -0.000000 -1.000000
vn -0.000000 -0.000000 -1.000000
vn -0.000000 -0.000000 -1.000000
vn -0.000000 -0.000000 -1.000000
vn -0.000000 -0.000000 -1.000000
vn -0.000000 -0.000000 -1.000000
vn -0.000000 -0.000000 -1.000000
vn -0.000000 -0.000000 -1.000000
vn -0.000000 -0.000000 -1.000000
vn -0.000000 -0.000000 -1.000000
vn -0.000000 -0.000000 -1.000000
vn -0.000000 -0.000000 -1.000000
vn -0.000000 -0.000000 -1.000000
vn -0.000000 -0.000000 -1.000000
vn -0.000000 -0.000000 -1.000000
vn -0.000000 -0.000000 -1.000000
vn -0.000000 -0.000000 -1.000000
vn -0.000000 -0.000000 -1.000000
vn -0.000000 -0.000000 -1.000000
vn -0.000000 -0.000000 -1.000000
vn -0.000000 -0.000000 -1.000000
vn -0.000000 -0.000000 -1.000000
vn -0.000000 -0.000000 -1.000000
vn -0.000000 -0.000000 -1.000000
vn -0.000000 -0.000000 -1.000000
vn -0.000000 -0.000000 -1.000000
vn -0.000000 -0.000000 -1.000000
vn -0.000000 -0.000000 -1.000000
vn -0.000000 -0.000000 -1.000000
vn -0.000000 -0.000000 -1.000000
vn -0.000000 -0.000000 -1.000000
vn -0.000000 -0.000000 -1.000000
vn -0.000000 -0.000000 -1.000000
vn -0.000000 -0.000000 -1.000000
vn -0.000000 -0.000000 -1.000000
vn -0.000000 -0.000000 -1.000000
vn -0.000000 -0.000000 -1.000000
vn -0.000000 -0.000000 -1.000000
vn -0.000000 -0.000000 -1.000000
vn -0.000000 -0.000000 -1.000000
vn -0.000000 -0.000000 -1.000000
vn -0.000000 -0.000000 -1.000000
vn -0.000000 -0.000000 -1.000000
vn -0.000000 -0.000000 -1.000000
vn -0.000000 -0.000000 -1.000000
vn -0.000000 -0.000000 -1.000000
vn -0.000000 -0.000000 -1.000000
vn -0.000000 -0.000000 -1.000000
vn -0.000000 -0.000000 -1.000000
vn -0.000000 -0.000000 -1.000000
vn -0.000000 -0.000000 -1.000000
vn -0.000000 -0.000000 -1.000000
vn -0.000000 -0.000000 -1.000000
vn -0.000000 -0.000000 -1.000000
vn -0.000000 -0.000000 -1.000000
vn -0.000000 -0.000000 -1.000000
vn -0.000000 -0.000000 -1.000000
vn -0.000000 -0.000000 -1.000000
vn -0.000000 -0.000000 -1.000000
vn -0.000000 -0.000000 -1.000000
vn -0.000000 -0.000000 -1.000000
vn -0.000000 -0.000000 -1.000000
vn -0.000000 -0.000000 -1.000000
vn -0.000000 -0.000000 -1.000000
vn -0.000000 -0.000000 -1.000000
vn -0.000000 -0.000000 -1.000000
vn -0.000000 -0.000000 -1.000000
vn -0.000000 -0.000000 -1.000000
vn -0.000000 -0.000000 -1.000000
vn -0.000000 -0.000000 -1.000000
vn -0.000000 -0.000000 -1.000000
vn -0.000000 -0.000000 -1.000000
vn -0.000000 -0.000000 -1.000000
vn -0.000000 -0.000000 -1.000000
vn -0.000000 -0.000000 -1.000000
vn -0.000000 -0.000000 -1.000000
vn -0.000000 -0.000000 -1.000000
vn -0.000000 -0.000000 -1.000000
vn -0.000000 -0.000000 -1.000000
vn -0.000000 -0.000000 -1.000000
vn -0.000000 -0.000000 -1.000000
vn -0.000000 -0.000000 -1.000000
vn -0.000000 -0.000000 -1.000000
vn -0.000000 -0.000000 -1.000000
vn -0.000000 -0.000000 -1.000000
vn -0.000000 -0.000000 -1.000000
vn -0.000000 -0.000000 -1.000000
vn -0.000000 -0.000000 -1.000000
vn -0.000000 -0.000000 -1.000000
vn -0.000000 -0.000000 -1.000000
vn -0.000000 -0.000000 -1.000000
vn -0.000000 -0.000000 -1.000000
vn -0.000000 -0.000000 -1.000000
vn -0.000000 -0.000000 -1.000000
vn -0.000000 -0.000000 -1.000000
vn -0.000000 -0.000000 -1.000000
vn -0.000000 -0.000000 -1.000000
vn -0.000000 -0.000000 -1.000000
vn -0.000000 -0.000000 -1.000000
vn -0.000000 -0.000000 -1.000000
vn -0.000000 -0.000000 -1.000000
vn -0.000000 -0.000000 -1.000000
vn -0.000000 -0.000000 -1.000000
vn -0.000000 -0.000000 -1.000000
vn -0.000000 -0.000000 -1.000000
vn -0.000000 -0.000000 -1.000000
vn -0.000000 -0.000000 -1.000000
vn -0.000000 -0.000000 -1.000000
vn -0.000000 -0.000000 -1.000000
vn -0.000000 -0.000000 -1.000000
vn -0.000000 -0.000000 -1.000000
vn -0.000000 -0.000000 -1.000000
vn -0.000000 -0.000000 -1.000000
vn -0.000000 -0.000000 -1.000000
vn -0.000000 -0.000000 -1.000000
vn -0.000000 -0.000000 -1.000000
vn -0.000000 -0.000000 -1.000000
vn -0.000000 -0.000000 -1.000000
vn -0.000000 -0.000000 -1.000000
vn -0.000000 -0.000000 -1.000000
vn -0.000000 -0.000000 -1.000000
vn -0.000000 -0.000000 -1.000000
vn -0.000000 -0.000000 -1.000000
vn -0.000000 -0.000000 -1.000000
vn -0.000000 -0.000000 -1.000000
vn -0.000000 -0.000000 -1.000000
vn -0.000000 -0.000000 -1.000000
vn -0.000000 -0.000000 -1.000000
vn -0.000000 -0.000000 -1.000000
vn -0.000000 -0.000000 -1.000000
vn -0.000000 -0.000000 -1.000000
vn -0.000000 -0.000000 -1.000000
vn -0.000000 -0.000000 -1.000000
vn -0.000000 -0.000000 -1.000000
vn -0.000000 -0.000000 -1.000000
vn -0.000000 -0.000000 -1.000000
vn -0.000000 -0.000000 -1.000000
vn -0.000000 -0.000000 -1.000000
vn -0.000000 -0.000000 -1.000000
vn -0.000000 -0.000000 -1.000000
vn -0.000000 -0.000000 -1.000000
vn -0.000000 -0.000000 -1.000000
vn -0.000000 -0.000000 -1.000000
vn -0.000000 -0.000000 -1.000000
vn -0.000000 -0.000000 -1.000000
vn -0.000000 -0.000000 -1.000000
vn -0.000000 -0.000000 -1.000000
vn -0.000000 -0.000000 -1.000000
vn -0.000000 -0.000000 -1.000000
vn -0.000000 -0.000000 -1.000000
vn -0.000000 -0.000000 -1.000000
vn -0.000000 -0.000000 -1.000000
vn -0.000000 -0.000000 -1.000000
vn -0.000000 -0.000000 -1.000000
vn -0.000000 -0.000000 -1.000000
vn -0.000000 -0.000000 -1.000000
vn -0.000000 -0.000000 -1.000000
vn -0.000000 -0.000000 -1.000000
vn -0.000000 -0.000000 -1.000000
vn -0.000000 -0.000000 -1.000000
vn -0.000000 -0.000000 -1.000000
vn -0.000000 -0.000000 -1.000000
vn -0.000000 -0.000000 -1.000000
vn -0.000000 -0.000000 -1.000000
vn -0.000000 -0.000000 -1.000000
vn -0.000000 -0.000000 -1.000000
vn -0.000000 -0.000000 -1.000000
vn -0.000000 -0.000000 -1.000000
vn -0.000000 -0.000000 -1.000000
vn -0.000000 -0.000000 -1.000000
vn -0.000000 -0.000000 -1.000000
vn -0.000000 -0.000000 -1.000000
vn -0.000000 -0.000000 -1.000000
vn -0.000000 -0.000000 -1.000000
vn -0.000000 -0.000000 -1.000000
vn -0.000000 -0.000000 -1.000000
vn -0.000000 -0.000000 -1.000000
vn -0.000000 -0.000000 -1.000000
vn -0.000000 -0.000000 -1.000000
vn -0.000000 -0.000000 -1.000000
vn -0.000000 -0.000000 -1.000000
vn -0.000000 -0.000000 -1.000000
vn -0.000000 -0.000000 -1.000000
vn -0.000000 -0.000000 -1.000000
vn -0.000000 -0.000000 -1.000000
vn -0.000000 -0.000000 -1.000000
vn -0.000000 -0.000000 -1.000000
vn -0.000000 -0.000000 -1.000000
vn -0.000000 -0.000000 -1.000000
vn -0.000000 -0.000000 -1.000000
vn -0.000000 -0.000000 -1.000000
vn -0.000000 -0.000000 -1.000000
vn -0.000000 -0.000000 -1.000000
vn -0.000000 -0.000000 -1.000000
vn -0.000000 -0.000000 -1.000000
vn -0.000000 -0.000000 -1.000000
vn -0.000000 -0.000000 -1.000000
vn -0.000000 -0.000000 -1.000000
vn -0.000000 -0.000000 -1.000000
vn -0.000000 -0.000000 -1.000000
vn -0.000000 -0.000000 -1.000000
vn -0.000000 -0.000000 -1.000000
vn -0.000000 -0.000000 -1.000000
vn -0.000000 -0.000000 -1.000000
vn -0.000000 -0.000000 -1.000000
vn -0.000000 -0.000000 -1.000000
vn -0.000000 -0.000000 -1.000000
vn -0.000000 -0.000000 -1.000000
vn -0.000000 -0.000000 -1.000000
vn -0.000000 -0.000000 -1.000000
vn -0.000000 -0.000000 -1.000000
vn -0.000000 -0.000000 -1.000000
vn -0.000000 -0.000000 -1.000000
vn -0.000000 -0.000000 -1.000000
vn -0.000000 -0.000000 -1.000000
vn -0.000000 -0.000000 -1.000000
vn -0.000000 -0.000000 -1.000000
vn -0.000000 -0.000000 -1.000000
vn -0.000000 -0.000000 -1.000000
vn -0.000000 -0.000000 -1.000000
vn -0.000000 -0.000000 -1.000000
vn -0.000000 -0.000000 -1.000000
vn -0.000000 -0.000000 -1.000000
vn -0.000000 -0.000000 -1.000000
vn -0.000000 -0.000000 -1.000000
vn -0.000000 -0.000000 -1.000000
vn -0.000000 -0.000000 -1.000000
vn -0.000000 -0.000000 -1.000000
vn -0.000000 -0.000000 -1.000000
vn -0.000000 -0.000000 -1.000000
vn -0.000000 -0.000000 -1.000000
vn -0.000000 -0.000000 -1.000000
vn -0.000000 -0.000000 -1.000000
vn -0.000000 -0.000000 -1.000000
vn -0.000000 -0.000000 -1.000000
vn -0.000000 -0.000000 -1.000000
vn -0.000000 -0.000000 -1.000000
vn -0.000000 -0.000000 -1.000000
vn -0.000000 -0.000000 -1.000000
vn -0.000000 -0.000000 -1.000000
vn -0.000000 -0.000000 -1.000000
vn -0.000000 -0.000000 -1.000000
vn -0.000000 -0.000000 -1.000000
vn -0.000000 -0.000000 -1.000000
vn -0.000000 -0.000000 -1.000000
vn -0.000000 -0.000000 -1.000000
vn -0.000000 -0.000000 -1.000000
vn -0.000000 -0.000000 -1.000000
vn -0.000000 -0.000000 -1.000000
vn -0.000000 -0.000000 -1.000000
vn -0.000000 -0.000000 -1.000000
vn -0.000000 -0.000000 -1.000000
vn -0.000000 -0.000000 -1.000000
vn -0.000000 -0.000000 -1.000000
vn -0.000000 -0.000000 -1.000000
vn -0.000000 -0.000000 -1.000000
vn -0.000000 -0.000000 -1.000000
vn -0.000000 -0.000000 -1.000000
vn -0.000000 -0.000000 -1.000000
vn -0.000000 -0.000000 -1.000000
vn -0.000000 -0.000000 -1.000000
vn -0.000000 -0.000000 -1.000000
vn -0.000000 -0.000000 -1.000000
vn -0.000000 -0.000000 -1.000000
vn -0.000000 -0.000000 -1.000000
vn -0.000000 -0.000000 -1.000000
vn -0.000000 -0.000000 -1.000000
vn -0.000000 -0.000000 -1.000000
vn -0.000000 -0.000000 -1.000000
vn -0.000000 -0.000000 -1.000000
vn -0.000000 -0.000000 -1.000000
vn -0.000000 -0.000000 -1.000000
vn -0.000000 -0.000000 -1.000000
vn -0.000000 -0.000000 -1.000000
vn -0.000000 -0.000000 -1.000000
vn -0.000000 -0.000000 -1.000000
vn -0.000000 -0.000000 -1.000000
vn -0.000000 -0.000000 -1.000000
vn -0.000000 -0.000000 -1.000000
vn -0.000000 -0.000000 -1.000000
vn -0.000000 -0.000000 -1.000000
vn -0.000000 -0.000000 -1.000000
vn -0.000000 -0.000000 -1.000000
vn -0.000000 -0.000000 -1.000000
vn -0.000000 -0.000000 -1.000000
vn -0.000000 -0.000000 -1.000000
vn -0.000000 -0.000000 -1.000000
vn -0.000000 -0.000000 -1.000000
vn -0.000000 -0.000000 -1.000000
vn -0.000000 -0.000000 -1.000000
vn -0.000000 -0.000000 -1.000000
vn -0.000000 -0.000000 -1.000000
vn -0.000000 -0.000000 -1.000000
vn -0.000000 -0.000000 -1.000000
vn -0.000000 -0.000000 -1.000000
vn -0.000000 -0.000000 -1.000000
vn -0.000000 -0.000000 -1.000000
vn -0.000000 -0.000000 -1.000000
vn -0.000000 -0.000000 -1.000000
vn -0.000000 -0.000000 -1.000000
vn -0.000000 -0.000000 -1.000000
vn -0.000000 -0.000000 -1.000000
vn -0.000000 -0.000000 -1.000000
vn -0.000000 -0.000000 -1.000000
vn -0.000000 -0.000000 -1.000000
vn -0.000000 -0.000000 -1.000000
vn -0.000000 -0.000000 -1.000000
vn -0.000000 -0.000000 -1.000000
vn -0.000000 -0.000000 -1.000000
vn -0.000000 -0.000000 -1.000000
vn -0.000000 -0.000000 -1.000000
vn -0.000000 -0.000000 -1.000000
vn -0.000000 -0.000000 -1.000000
vn -0.000000 -0.000000 -1.000000
vn -0.000000 -0.000000 -1.000000
vn -0.000000 -0.000000 -1.000000
vn -0.000000 -0.000000 -1.000000
vn -0.000000 -0.000000 -1.000000
vn -0.000000 -0.000000 -1.000000
vn -0.000000 -0.000000 -1.000000
vn -0.000000 -0.000000 -1.000000
vn -0.000000 -0.000000 -1.000000
vn -0.000000 -0.000000 -1.000000
vn -0.000000 -0.000000 -1.000000
vn -0.000000 -0.000000 -1.000000
vn -0.000000 -0.000000 -1.000000
vn -0.000000 -0.000000 -1.000000
vn -0.000000 -0.000000 -1.000000
vn -0.000000 -0.000000 -1.000000
vn -0.000000 -0.000000 -1.000000
vn -0.000000 -0.000000 -1.000000
vn -0.000000 -0.000000 -1.000000
vn -0.000000 -0.000000 -1.000000
vn -0.000000 -0.000000 -1.000000
vn -0.000000 -0.000000 -1.000000
vn -0.000000 -0.000000 -1.000000
vn -0.000000 -0.000000 -1.000000
vn -0.000000 -0.000000 -1.000000
vn -0.000000 -0.000000 -1.000000
vn -0.000000 -0.000000 -1.000000
vn -0.000000 -0.000000 -1.000000
vn -0.000000 -0.000000 -1.000000
vn -0.000000 -0.000000 -1.000000
vn -0.000000 -0.000000 -1.000000
vn -0.000000 -0.000000 -1.000000
vn -0.000000 -0.000000 -1.000000
vn -0.000000 -0.000000 -1.000000
vn -0.000000 -0.000000 -1.000000
vn -0.000000 -0.000000 -1.000000
vn -0.000000 -0.000000 -1.000000
vn -0.000000 -0.000000 -1.000000
vn -0.000000 -0.000000 -1.000000
vn -0.000000 -0.000000 -1.000000
vn -0.000000 -0.000000 -1.000000
vn -0.000000 -0.000000 -1.000000
vn -0.000000 -0.000000 -1.000000
vn -0.000000 -0.000000 -1.000000
vn -0.000000 -0.000000 -1.000000
vn -0.000000 -0.000000 -1.000000
vn -0.000000 -0.000000 -1.000000
vn -0.000000 -0.000000 -1.000000
vn -0.000000 -0.000000 -1.000000
vn -0.000000 -0.000000 -1.000000
vn -0.000000 -0.000000 -1.000000
vn -0.000000 -0.000000 -1.000000
vn -0.000000 -0.000000 -1.000000
vn -0.000000 -0.000000 -1.000000
vn -0.000000 -0.000000 -1.000000
vn -0.000000 -0.000000 -1.000000
vn -0.000000 -0.000000 -1.000000
vn -0.000000 -0.000000 -1.000000
vn -0.000000 -0.000000 -1.000000
vn -0.000000 -0.000000 -1.000000
vn -0.000000 -0.000000 -1.000000
vn -0.000000 -0.000000 -1.000000
vn -0.000000 -0.000000 -1.000000
vn -0.000000 -0.000000 -1.000000
vn -0.000000 -0.000000 -1.000000
vn -0.000000 -0.000000 -1.000000
vn -0.000000 -0.000000 -1.000000
vn -0.000000 -0.000000 -1.000000
vn -0.000000 -0.000000 -1.000000
vn -0.000000 -0.000000 -1.000000
vn -0.000000 -0.000000 -1.000000
vn -0.000000 -0.000000 -1.000000
vn -0.000000 -0.000000 -1.000000
vn -0.000000 -0.000000 -1.000000
vn -0.000000 -0.000000 -1.000000
vn -0.000000 -0.000000 -1.000000
vn -0.000000 -0.000000 -1.000000
vn -0.000000 -0.000000 -1.000000
vn -0.000000 -0.000000 -1.000000
vn -0.000000 -0.000000 -1.000000
vn -0.000000 -0.000000 -1.000000
vn -0.000000 -0.000000 -1.000000
vn -0.000000 -0.000000 -1.000000
vn -0.000000 -0.000000 -1.000000
vn -0.000000 -0.000000 -1.000000
vn -0.000000 -0.000000 -1.000000
vn -0.000000 -0.000000 -1.000000
vn -0.000000 -0.000000 -1.000000
vn -0.000000 -0.000000 -1.000000
vn -0.000000 -0.000000 -1.000000
vn -0.000000 -0.000000 -1.000000
vn -0.000000 -0.000000 -1.000000
vn -0.000000 -0.000000 -1.000000
vn -0.000000 -0.000000 -1.000000
vn -0.000000 -0.000000 -1.000000
vn -0.000000 -0.000000 -1.000000
vn -0.000000 -0.000000 -1.000000
vn -0.000000 -0.000000 -1.000000
vn -0.000000 -0.000000 -1.000000
vn -0.000000 -0.000000 -1.000000
vn -0.000000 -0.000000 -1.000000
vn -0.000000 -0.000000 -1.000000
vn -0.000000 -0.000000 -1.000000
vn -0.000000 -0.000000 -1.000000
vn -0.000000 -0.000000 -1.000000
vn -0.000000 -0.000000 -1.000000
vn -0.000000 -0.000000 -1.000000
vn -0.000000 -0.000000 -1.000000
vn -0.000000 -0.000000 -1.000000
vn -0.000000 -0.000000 -1.000000
vn -0.000000 -0.000000 -1.000000
vn -0.000000 -0.000000 -1.000000
vn -0.000000 -0.000000 -1.000000
vn -0.000000 -0.000000 -1.000000
vn -0.000000 -0.000000 -1.000000
vn -0.000000 -0.000000 -1.000000
f 5015//5015 4856//4856 4855//4855
f 5014//5014 4856//4856 5015//5015
f 5016//5016 5015//5015 4855//4855
f 5013//5013 4856//4856 5014//5014
f 5012//5012 4856//4856 5013//5013
f 5017//5017 5016//5016 4855//4855
f 5018//5018 5017//5017 4855//4855
f 5011//5011 4856//4856 5012//5012
f 5010//5010 4856//4856 5011//5011
f 5019//5019 5018//5018 4855//4855
f 5009//5009 4856//4856 5010//5010
f 5020//5020 5019//5019 4855//4855
f 5021//5021 5020//5020 4855//4855
f 5008//5008 4856//4856 5009//5009
f 5022//5022 5021//5021 4855//4855
f 5007//5007 4856//4856 5008//5008
f 4978//4978 5023//5023 4979//4979
f 4978//4978 5024//5024 5023//5023
f 5051//5051 5050//5050 5006//5006
f 5051//5051 5006//5006 5005//5005
f 4980//4980 5022//5022 4855//4855
f 4980//4980 4979//4979 5023//5023
f 4980//4980 5023//5023 5022//5022
f 5052//5052 5051//5051 5005//5005
f 5052//5052 5005//5005 5004//5004
f 5049//5049 4856//4856 5007//5007
f 5049//5049 5006//5006 5050//5050
f 5049//5049 5007//5007 5006//5006
f 4977//4977 5025//5025 5024//5024
f 4977//4977 5026//5026 5025//5025
f 4977//4977 5024//5024 4978//4978
f 4981//4981 4980//4980 4855//4855
f 5053//5053 5052//5052 5004//5004
f 5053//5053 5004//5004 5003//5003
f 5048//5048 4856//4856 5049//5049
f 4976//4976 5026//5026 4977//4977
f 4982//4982 4981//4981 4855//4855
f 5054//5054 5003//5003 5002//5002
f 5054//5054 5053//5053 5003//5003
f 4975//4975 5026//5026 4976//4976
f 4975//4975 5027//5027 5026//5026
f 5047//5047 4856//4856 5048//5048
f 5055//5055 5054//5054 5002//5002
f 5055//5055 5002//5002 5001//5001
f 4974//4974 5027//5027 4975//4975
f 4974//4974 5028//5028 5027//5027
f 5046//5046 4856//4856 5047//5047
f 4983//4983 4982//4982 4855//4855
f 4973//4973 5028//5028 4974//4974
f 4973//4973 5029//5029 5028//5028
f 5056//5056 5055//5055 5001//5001
f 5056//5056 5036//5036 5035//5035
f 5056//5056 5001//5001 5036//5036
f 5057//5057 5056//5056 5035//5035
f 4972//4972 5029//5029 4973//4973
f 4972//4972 5030//5030 5029//5029
f 5555//5555 5033//5033 5032//5032
f 5555//5555 5554//5554 5033//5033
f 5556//5556 5032//5032 5031//5031
f 5556//5556 5555//5555 5032//5032
f 5553//5553 5034//5034 5033//5033
f 5553//5553 5033//5033 5554//5554
f 5552//5552 5035//5035 5034//5034
f 5552//5552 5034//5034 5553//5553
f 5552//5552 5057//5057 5035//5035
f 5557//5557 5031//5031 5030//5030
f 5557//5557 5556//5556 5031//5031
f 5557//5557 5030//5030 4972//4972
f 5558//5558 5557//5557 4972//4972
f 5558//5558 4972//4972 4971//4971
f 5551//5551 5058//5058 5057//5057
f 5551//5551 5057//5057 5552//5552
f 5550//5550 5059//5059 5058//5058
f 5550//5550 5058//5058 5551//5551
f 5559//5559 4971//4971 4970//4970
f 5559//5559 5558//5558 4971//4971
f 5560//5560 4970//4970 4969//4969
f 5560//5560 5559//5559 4970//4970
f 5549//5549 5060//5060 5059//5059
f 5549//5549 5059//5059 5550//5550
f 5561//5561 5560//5560 4969//4969
f 5561//5561 4969//4969 4968//4968
f 5548//5548 5060//5060 5549//5549
f 5548//5548 5061//5061 5060//5060
f 5547//5547 5062//5062 5061//5061
f 5547//5547 5061//5061 5548//5548
f 5562//5562 4968//4968 4967//4967
f 5562//5562 5561//5561 4968//4968
f 5546//5546 5062//5062 5547//5547
f 5563//5563 5562//5562 4967//4967
f 5482//5482 5063//5063 5062//5062
f 5482//5482 5062//5062 5546//5546
f 5482//5482 5545//5545 5483//5483
f 5482//5482 5546//5546 5545//5545
f 5339//5339 5563//5563 4967//4967
f 5339//5339 5564//5564 5563//5563
f 5339//5339 4967//4967 4966//4966
f 5339//5339 5338//5338 5564//5564
f 5481//5481 5064//5064 5063//5063
f 5481//5481 5063//5063 5482//5482
f 5340//5340 4966//4966 4965//4965
f 5340//5340 5339//5339 4966//4966
f 5337//5337 5565//5565 5564//5564
f 5337//5337 5566//5566 5565//5565
f 5337//5337 5564//5564 5338//5338
f 5484//5484 5483//5483 5545//5545
f 5484//5484 5544//5544 5543//5543
f 5484//5484 5545//5545 5544//5544
f 5336//5336 5566//5566 5337//5337
f 5341//5341 4965//4965 5000//5000
f 5341//5341 5340//5340 4965//4965
f 5485//5485 5484//5484 5543//5543
f 5480//5480 5065//5065 5064//5064
f 5480//5480 5064//5064 5481//5481
f 5342//5342 5000//5000 4999//4999
f 5342//5342 5341//5341 5000//5000
f 5486//5486 5485//5485 5543//5543
f 5486//5486 5542//5542 5541//5541
f 5486//5486 5543//5543 5542//5542
f 5335//5335 5567//5567 5566//5566
f 5335//5335 5568//5568 5567//5567
f 5335//5335 5566//5566 5336//5336
f 5479//5479 5066//5066 5065//5065
f 5479//5479 5065//5065 5480//5480
f 5478//5478 5067//5067 5066//5066
f 5478//5478 5066//5066 5479//5479
f 5487//5487 5486//5486 5541//5541
f 5334//5334 5569//5569 5568//5568
f 5334//5334 5568//5568 5335//5335
f 5343//5343 4999//4999 4998//4998
f 5343//5343 5342//5342 4999//4999
f 5488//5488 5541//5541 5576//5576
f 5488//5488 5487//5487 5541//5541
f 5333//5333 5569//5569 5334//5334
f 5344//5344 4998//4998 4997//4997
f 5344//5344 5343//5343 4998//4998
f 5477//5477 5068//5068 5067//5067
f 5477//5477 5067//5067 5478//5478
f 5476//5476 5069//5069 5068//5068
f 5476//5476 5068//5068 5477//5477
f 5332//5332 5570//5570 5569//5569
f 5332//5332 5571//5571 5570//5570
f 5332//5332 5569//5569 5333//5333
f 5489//5489 5576//5576 5575//5575
f 5489//5489 5488//5488 5576//5576
f 5345//5345 4997//4997 4996//4996
f 5345//5345 5344//5344 4997//4997
f 5331//5331 5571//5571 5332//5332
f 5346//5346 5345//5345 4996//4996
f 5346//5346 4996//4996 4995//4995
f 5490//5490 5489//5489 5575//5575
f 5490//5490 5574//5574 5573//5573
f 5490//5490 5575//5575 5574//5574
f 5475//5475 5070//5070 5069//5069
f 5475//5475 5069//5069 5476//5476
f 5474//5474 5070//5070 5475//5475
f 5491//5491 5490//5490 5573//5573
f 5330//5330 5571//5571 5331//5331
f 5330//5330 5572//5572 5571//5571
f 5347//5347 5346//5346 4995//4995
f 5492//5492 5573//5573 5572//5572
f 5492//5492 5572//5572 5330//5330
f 5492//5492 5491//5491 5573//5573
f 5492//5492 5330//5330 5329//5329
f 5328//5328 5493//5493 5492//5492
f 5328//5328 5492//5492 5329//5329
f 5494//5494 5493//5493 5328//5328
f 5327//5327 5494//5494 5328//5328
f 5326//5326 5495//5495 5494//5494
f 5326//5326 5494//5494 5327//5327
f 5325//5325 5496//5496 5495//5495
f 5325//5325 5495//5495 5326//5326
f 5497//5497 5325//5325 5360//5360
f 5497//5497 5496//5496 5325//5325
f 5359//5359 5497//5497 5360//5360
f 5498//5498 5497//5497 5359//5359
f 5662//5662 4988//4988 4987//4987
f 5662//5662 4987//4987 5663//5663
f 5087//5087 5086//5086 5042//5042
f 5087//5087 5042//5042 5041//5041
f 5664//5664 4987//4987 4986//4986
f 5664//5664 5663//5663 4987//4987
f 5661//5661 4989//4989 4988//4988
f 5661//5661 4990//4990 4989//4989
f 5661//5661 4988//4988 5662//5662
f 5085//5085 5042//5042 5086//5086
f 5085//5085 5043//5043 5042//5042
f 5088//5088 5087//5087 5041//5041
f 5088//5088 5041//5041 5040//5040
f 5660//5660 4990//4990 5661//5661
f 5665//5665 4986//4986 4985//4985
f 5665//5665 5664//5664 4986//4986
f 5084//5084 5043//5043 5085//5085
f 5084//5084 5044//5044 5043//5043
f 5089//5089 5088//5088 5040//5040
f 5089//5089 5040//5040 5039//5039
f 5666//5666 4985//4985 4984//4984
f 5666//5666 5665//5665 4985//4985
f 5090//5090 5089//5089 5039//5039
f 5090//5090 5039//5039 5038//5038
f 5083//5083 5044//5044 5084//5084
f 5083//5083 5045//5045 5044//5044
f 5659//5659 4990//4990 5660//5660
f 5659//5659 4991//4991 4990//4990
f 5658//5658 4992//4992 4991//4991
f 5658//5658 4991//4991 5659//5659
f 5082//5082 5045//5045 5083//5083
f 5082//5082 5046//5046 5045//5045
f 5091//5091 5090//5090 5038//5038
f 5091//5091 5038//5038 5037//5037
f 5657//5657 4992//4992 5658//5658
f 5657//5657 4993//4993 4992//4992
f 5092//5092 5091//5091 5037//5037
f 5092//5092 5037//5037 5072//5072
f 5656//5656 4993//4993 5657//5657
f 5656//5656 4994//4994 4993//4993
f 5093//5093 5072//5072 5071//5071
f 5093//5093 5092//5092 5072//5072
f 5655//5655 4994//4994 5656//5656
f 5655//5655 4995//4995 4994//4994
f 5094//5094 5071//5071 5070//5070
f 5094//5094 5093//5093 5071//5071
f 5446//5446 5473//5473 5447//5447
f 5446//5446 5094//5094 5070//5070
f 5446//5446 5474//5474 5473//5473
f 5446//5446 5070//5070 5474//5474
f 5303//5303 5347//5347 4995//4995
f 5303//5303 4995//4995 5655//5655
f 5303//5303 5302//5302 5348//5348
f 5303//5303 5348//5348 5347//5347
f 5445//5445 5095//5095 5094//5094
f 5445//5445 5094//5094 5446//5446
f 5448//5448 5447//5447 5473//5473
f 5448//5448 5472//5472 5471//5471
f 5448//5448 5473//5473 5472//5472
f 5304//5304 5303//5303 5655//5655
f 5304//5304 5655//5655 5654//5654
f 5301//5301 5348//5348 5302//5302
f 5301//5301 5349//5349 5348//5348
f 5301//5301 5350//5350 5349//5349
f 5444//5444 5096//5096 5095//5095
f 5444//5444 5095//5095 5445//5445
f 5449//5449 5448//5448 5471//5471
f 5300//5300 5350//5350 5301//5301
f 5305//5305 5304//5304 5654//5654
f 5305//5305 5654//5654 5653//5653
f 5450//5450 5449//5449 5471//5471
f 5450//5450 5471//5471 5470//5470
f 5306//5306 5305//5305 5653//5653
f 5306//5306 5653//5653 5652//5652
f 5299//5299 5350//5350 5300//5300
f 5299//5299 5351//5351 5350//5350
f 5443//5443 5097//5097 5096//5096
f 5443//5443 5096//5096 5444//5444
f 5442//5442 5098//5098 5097//5097
f 5442//5442 5097//5097 5443//5443
f 5451//5451 5450//5450 5470//5470
f 5451//5451 5470//5470 5469//5469
f 5298//5298 5351//5351 5299//5299
f 5298//5298 5352//5352 5351//5351
f 5307//5307 5306//5306 5652//5652
f 5307//5307 5652//5652 5651//5651
f 5452//5452 5504//5504 5503//5503
f 5452//5452 5469//5469 5504//5504
f 5452//5452 5451//5451 5469//5469
f 5441//5441 5099//5099 5098//5098
f 5441//5441 5098//5098 5442//5442
f 5297//5297 5354//5354 5353//5353
f 5297//5297 5352//5352 5298//5298
f 5297//5297 5353//5353 5352//5352
f 5308//5308 5307//5307 5651//5651
f 5308//5308 5651//5651 5650//5650
f 5440//5440 5099//5099 5441//5441
f 5440//5440 5100//5100 5099//5099
f 5453//5453 5503//5503 5502//5502
f 5453//5453 5452//5452 5503//5503
f 5296//5296 5355//5355 5354//5354
f 5296//5296 5354//5354 5297//5297
f 5309//5309 5308//5308 5650//5650
f 5309//5309 5650//5650 5649//5649
f 5454//5454 5453//5453 5502//5502
f 5295//5295 5355//5355 5296//5296
f 5310//5310 5649//5649 5684//5684
f 5310//5310 5309//5309 5649//5649
f 5439//5439 5101//5101 5100//5100
f 5439//5439 5100//5100 5440//5440
f 5455//5455 5502//5502 5501//5501
f 5455//5455 5454//5454 5502//5502
f 5294//5294 5356//5356 5355//5355
f 5294//5294 5357//5357 5356//5356
f 5294//5294 5355//5355 5295//5295
f 5438//5438 5101//5101 5439//5439
f 5438//5438 5102//5102 5101//5101
f 5311//5311 5310//5310 5684//5684
f 5311//5311 5684//5684 5683//5683
f 5456//5456 5501//5501 5500//5500
f 5456//5456 5455//5455 5501//5501
f 5293//5293 5357//5357 5294//5294
f 5457//5457 5500//5500 5499//5499
f 5457//5457 5456//5456 5500//5500
f 5292//5292 5357//5357 5293//5293
f 5292//5292 5358//5358 5357//5357
f 5291//5291 5359//5359 5358//5358
f 5291//5291 5358//5358 5292//5292
f 5458//5458 5457//5457 5499//5499
f 5458//5458 5359//5359 5291//5291
f 5458//5458 5499//5499 5498//5498
f 5458//5458 5498//5498 5359//5359
f 5122//5122 5077//5077 5123//5123
f 5122//5122 5078//5078 5077//5077
f 5122//5122 5079//5079 5078//5078
f 4942//4942 5672//5672 5671//5671
f 4942//4942 5673//5673 5672//5672
f 4942//4942 5671//5671 4943//4943
f 5121//5121 5079//5079 5122//5122
f 5124//5124 5123//5123 5077//5077
f 5124//5124 5077//5077 5076//5076
f 4944//4944 5671//5671 5670//5670
f 4944//4944 4943//4943 5671//5671
f 4941//4941 5673//5673 4942//4942
f 5125//5125 5076//5076 5075//5075
f 5125//5125 5124//5124 5076//5076
f 4940//4940 5674//5674 5673//5673
f 4940//4940 5673//5673 4941//4941
f 5126//5126 5075//5075 5074//5074
f 5126//5126 5125//5125 5075//5075
f 4939//4939 5674//5674 4940//4940
f 4939//4939 5675//5675 5674//5674
f 5127//5127 5126//5126 5074//5074
f 5127//5127 5074//5074 5073//5073
f 4938//4938 5676//5676 5675//5675
f 4938//4938 5675//5675 4939//4939
f 5519//5519 5438//5438 5437//5437
f 5591//5591 5311//5311 5683//5683
f 5590//5590 5311//5311 5591//5591
f 5590//5590 5312//5312 5311//5311
f 5518//5518 5438//5438 5519//5519
f 5518//5518 5102//5102 5438//5438
f 5520//5520 5519//5519 5437//5437
f 5520//5520 5436//5436 5435//5435
f 5520//5520 5437//5437 5436//5436
f 5517//5517 5103//5103 5102//5102
f 5517//5517 5102//5102 5518//5518
f 5592//5592 5683//5683 5682//5682
f 5592//5592 5591//5591 5683//5683
f 5589//5589 5312//5312 5590//5590
f 5589//5589 5313//5313 5312//5312
f 5589//5589 5314//5314 5313//5313
f 5128//5128 5127//5127 5073//5073
f 5128//5128 5073//5073 5108//5108
f 4937//4937 5676//5676 4938//4938
f 4937//4937 5677//5677 5676//5676
f 5521//5521 5520//5520 5435//5435
f 5588//5588 5314//5314 5589//5589
f 5593//5593 5682//5682 5681//5681
f 5593//5593 5592//5592 5682//5682
f 5516//5516 5103//5103 5517//5517
f 5516//5516 5104//5104 5103//5103
f 5594//5594 5681//5681 5680//5680
f 5594//5594 5593//5593 5681//5681
f 5522//5522 5521//5521 5435//5435
f 5522//5522 5435//5435 5434//5434
f 5515//5515 5105//5105 5104//5104
f 5515//5515 5104//5104 5516//5516
f 5587//5587 5314//5314 5588//5588
f 5587//5587 5315//5315 5314//5314
f 4850//4850 5079//5079 5121//5121
f 4850//4850 5080//5080 5079//5079
f 4850//4850 5081//5081 5080//5080
f 4850//4850 5082//5082 5081//5081
f 4850//4850 5118//5118 5117//5117
f 4850//4850 5119//5119 5118//5118
f 4850//4850 5120//5120 5119//5119
f 4850//4850 5121//5121 5120//5120
f 4854//4854 5668//5668 5667//5667
f 4854//4854 5669//5669 5668//5668
f 4854//4854 5670//5670 5669//5669
f 4854//4854 4944//4944 5670//5670
f 4854//4854 4945//4945 4944//4944
f 4854//4854 4946//4946 4945//4945
f 4854//4854 4947//4947 4946//4946
f 4854//4854 4948//4948 4947//4947
f 5514//5514 5106//5106 5105//5105
f 5514//5514 5105//5105 5515//5515
f 5586//5586 5315//5315 5587//5587
f 5586//5586 5316//5316 5315//5315
f 5595//5595 5680//5680 5679//5679
f 5595//5595 5594//5594 5680//5680
f 5523//5523 5522//5522 5434//5434
f 5523//5523 5434//5434 5433//5433
f 5116//5116 4850//4850 5117//5117
f 4949//4949 4948//4948 4854//4854
f 5129//5129 5128//5128 5108//5108
f 5129//5129 5108//5108 5107//5107
f 4936//4936 5678//5678 5677//5677
f 4936//4936 5677//5677 4937//4937
f 5524//5524 5433//5433 5468//5468
f 5524//5524 5523//5523 5433//5433
f 5513//5513 5107//5107 5106//5106
f 5513//5513 5106//5106 5514//5514
f 5585//5585 5316//5316 5586//5586
f 5585//5585 5317//5317 5316//5316
f 5585//5585 5318//5318 5317//5317
f 5596//5596 5679//5679 5678//5678
f 5596//5596 5595//5595 5679//5679
f 5512//5512 5129//5129 5107//5107
f 5512//5512 5107//5107 5513//5513
f 5597//5597 5678//5678 4936//4936
f 5597//5597 5596//5596 5678//5678
f 5525//5525 5468//5468 5467//5467
f 5525//5525 5524//5524 5468//5468
f 5584//5584 5318//5318 5585//5585
f 5584//5584 5319//5319 5318//5318
f 5115//5115 4850//4850 5116//5116
f 5130//5130 5129//5129 5512//5512
f 4935//4935 5597//5597 4936//4936
f 4950//4950 4949//4949 4854//4854
f 5511//5511 5130//5130 5512//5512
f 5526//5526 5467//5467 5466//5466
f 5526//5526 5525//5525 5467//5467
f 5598//5598 5597//5597 4935//4935
f 5583//5583 5319//5319 5584//5584
f 5583//5583 5320//5320 5319//5319
f 5114//5114 4850//4850 5115//5115
f 5131//5131 5130//5130 5511//5511
f 4951//4951 4950//4950 4854//4854
f 4934//4934 5598//5598 4935//4935
f 5510//5510 5131//5131 5511//5511
f 5527//5527 5466//5466 5465//5465
f 5527//5527 5526//5526 5466//5466
f 5582//5582 5320//5320 5583//5583
f 5599//5599 5598//5598 4934//4934
f 5528//5528 5527//5527 5465//5465
f 5581//5581 5320//5320 5582//5582
f 5132//5132 5131//5131 5510//5510
f 5132//5132 5510//5510 5509//5509
f 4933//4933 5600//5600 5599//5599
f 4933//4933 5599//5599 4934//4934
f 5508//5508 5132//5132 5509//5509
f 5601//5601 5600//5600 4933//4933
f 5133//5133 5132//5132 5508//5508
f 4932//4932 5601//5601 4933//4933
f 5602//5602 5601//5601 4932//4932
f 5507//5507 5133//5133 5508//5508
f 5134//5134 5133//5133 5507//5507
f 4931//4931 5602//5602 4932//4932
f 4853//4853 4952//4952 4951//4951
f 4853//4853 4953//4953 4952//4952
f 4853//4853 4954//4954 4953//4953
f 4853//4853 4951//4951 4854//4854
f 4849//4849 4850//4850 5114//5114
f 4849//4849 5112//5112 5111//5111
f 4849//4849 5113//5113 5112//5112
f 4849//4849 5114//5114 5113//5113
f 5110//5110 4849//4849 5111//5111
f 4955//4955 4954//4954 4853//4853
f 5109//5109 4849//4849 5110//5110
f 4956//4956 4955//4955 4853//4853
f 5144//5144 4849//4849 5109//5109
f 4957//4957 4956//4956 4853//4853
f 5143//5143 4849//4849 5144//5144
f 4958//4958 4957//4957 4853//4853
f 5142//5142 4849//4849 5143//5143
f 4959//4959 4958//4958 4853//4853
f 5375//5375 5465//5465 5464//5464
f 5375//5375 5374//5374 5528//5528
f 5375//5375 5528//5528 5465//5465
f 5266//5266 5581//5581 5267//5267
f 5266//5266 5320//5320 5581//5581
f 5266//5266 5321//5321 5320//5320
f 5373//5373 5528//5528 5374//5374
f 5373//5373 5529//5529 5528//5528
f 5373//5373 5530//5530 5529//5529
f 5376//5376 5463//5463 5462//5462
f 5376//5376 5464//5464 5463//5463
f 5376//5376 5375//5375 5464//5464
f 5265//5265 5321//5321 5266//5266
f 5265//5265 5322//5322 5321//5321
f 5265//5265 5323//5323 5322//5322
f 5268//5268 5580//5580 5579//5579
f 5268//5268 5581//5581 5580//5580
f 5268//5268 5267//5267 5581//5581
f 5372//5372 5530//5530 5373//5373
f 5377//5377 5462//5462 5461//5461
f 5377//5377 5376//5376 5462//5462
f 5269//5269 5268//5268 5579//5579
f 5264//5264 5323//5323 5265//5265
f 5264//5264 5324//5324 5323//5323
f 5371//5371 5531//5531 5530//5530
f 5371//5371 5530//5530 5372//5372
f 5378//5378 5377//5377 5461//5461
f 5270//5270 5579//5579 5578//5578
f 5270//5270 5269//5269 5579//5579
f 5263//5263 5324//5324 5264//5264
f 5263//5263 5289//5289 5324//5324
f 5370//5370 5531//5531 5371//5371
f 5370//5370 5532//5532 5531//5531
f 5379//5379 5461//5461 5460//5460
f 5379//5379 5378//5378 5461//5461
f 5271//5271 5578//5578 5577//5577
f 5271//5271 5270//5270 5578//5578
f 5262//5262 5289//5289 5263//5263
f 5380//5380 5460//5460 5459//5459
f 5380//5380 5379//5379 5460//5460
f 5261//5261 5290//5290 5289//5289
f 5261//5261 5291//5291 5290//5290
f 5261//5261 5289//5289 5262//5262
f 5369//5369 5532//5532 5370//5370
f 5369//5369 5533//5533 5532//5532
f 5272//5272 5271//5271 5577//5577
f 5272//5272 5612//5612 5611//5611
f 5272//5272 5577//5577 5612//5612
f 5368//5368 5533//5533 5369//5369
f 5368//5368 5534//5534 5533//5533
f 5368//5368 5535//5535 5534//5534
f 5273//5273 5272//5272 5611//5611
f 5381//5381 5459//5459 5458//5458
f 5381//5381 5380//5380 5459//5459
f 5260//5260 5291//5291 5261//5261
f 5367//5367 5535//5535 5368//5368
f 5367//5367 5536//5536 5535//5535
f 5274//5274 5273//5273 5611//5611
f 5274//5274 5610//5610 5609//5609
f 5274//5274 5611//5611 5610//5610
f 5366//5366 5536//5536 5367//5367
f 5275//5275 5274//5274 5609//5609
f 5365//5365 5536//5536 5366//5366
f 5365//5365 5537//5537 5536//5536
f 5276//5276 5275//5275 5609//5609
f 5276//5276 5609//5609 5608//5608
f 5159//5159 5540//5540 5539//5539
f 4907//4907 5605//5605 5604//5604
f 5158//5158 5540//5540 5159//5159
f 5158//5158 5505//5505 5540//5540
f 4906//4906 5605//5605 4907//4907
f 4906//4906 5606//5606 5605//5605
f 5157//5157 5505//5505 5158//5158
f 5157//5157 5506//5506 5505//5505
f 5160//5160 5159//5159 5539//5539
f 5160//5160 5539//5539 5538//5538
f 4905//4905 5606//5606 4906//4906
f 4905//4905 5607//5607 5606//5606
f 4908//4908 4907//4907 5604//5604
f 4908//4908 5604//5604 5603//5603
f 5161//5161 5160//5160 5538//5538
f 5161//5161 5537//5537 5365//5365
f 5161//5161 5538//5538 5537//5537
f 4904//4904 5608//5608 5607//5607
f 4904//4904 5276//5276 5608//5608
f 4904//4904 5607//5607 4905//4905
f 5156//5156 5134//5134 5507//5507
f 5156//5156 5507//5507 5506//5506
f 5156//5156 5135//5135 5134//5134
f 5156//5156 5506//5506 5157//5157
f 4909//4909 5603//5603 5602//5602
f 4909//4909 4908//4908 5603//5603
f 4909//4909 5602//5602 4931//4931
f 5162//5162 5365//5365 5364//5364
f 5162//5162 5161//5161 5365//5365
f 4903//4903 5277//5277 5276//5276
f 4903//4903 5276//5276 4904//4904
f 4910//4910 4909//4909 4931//4931
f 4910//4910 4930//4930 4929//4929
f 4910//4910 4931//4931 4930//4930
f 5155//5155 5135//5135 5156//5156
f 5155//5155 5136//5136 5135//5135
f 5154//5154 5136//5136 5155//5155
f 5163//5163 5364//5364 5363//5363
f 5163//5163 5162//5162 5364//5364
f 4902//4902 5278//5278 5277//5277
f 4902//4902 5277//5277 4903//4903
f 4911//4911 4910//4910 4929//4929
f 4912//4912 4911//4911 4929//4929
f 4912//4912 4964//4964 4963//4963
f 4912//4912 4929//4929 4964//4964
f 5153//5153 5136//5136 5154//5154
f 5153//5153 5137//5137 5136//5136
f 5164//5164 5363//5363 5362//5362
f 5164//5164 5163//5163 5363//5363
f 4901//4901 5279//5279 5278//5278
f 4901//4901 5278//5278 4902//4902
f 4913//4913 4912//4912 4963//4963
f 5152//5152 5138//5138 5137//5137
f 5152//5152 5139//5139 5138//5138
f 5152//5152 5137//5137 5153//5153
f 5165//5165 5362//5362 5361//5361
f 5165//5165 5164//5164 5362//5362
f 4900//4900 5280//5280 5279//5279
f 4900//4900 5279//5279 4901//4901
f 4914//4914 4913//4913 4963//4963
f 4914//4914 4963//4963 4962//4962
f 5151//5151 5139//5139 5152//5152
f 5151//5151 5140//5140 5139//5139
f 5166//5166 5361//5361 5396//5396
f 5166//5166 5165//5165 5361//5361
f 4899//4899 5281//5281 5280//5280
f 4899//4899 5280//5280 4900//4900
f 4915//4915 4962//4962 4961//4961
f 4915//4915 4914//4914 4962//4962
f 5150//5150 5140//5140 5151//5151
f 5167//5167 5166//5166 5396//5396
f 5167//5167 5396//5396 5395//5395
f 4898//4898 5282//5282 5281//5281
f 4898//4898 5281//5281 4899//4899
f 4916//4916 4960//4960 4959//4959
f 4916//4916 4961//4961 4960//4960
f 4916//4916 4915//4915 4961//4961
f 5149//5149 5141//5141 5140//5140
f 5149//5149 5140//5140 5150//5150
f 5168//5168 5395//5395 5394//5394
f 5168//5168 5167//5167 5395//5395
f 4897//4897 5283//5283 5282//5282
f 4897//4897 5282//5282 4898//4898
f 4917//4917 4959//4959 4853//4853
f 4917//4917 4916//4916 4959//4959
f 5148//5148 4849//4849 5142//5142
f 5148//5148 5142//5142 5141//5141
f 5148//5148 5141//5141 5149//5149
f 5169//5169 5394//5394 5393//5393
f 5169//5169 5168//5168 5394//5394
f 4896//4896 5284//5284 5283//5283
f 4896//4896 5283//5283 4897//4897
f 4918//4918 4917//4917 4853//4853
f 5147//5147 4849//4849 5148//5148
f 4919//4919 4918//4918 4853//4853
f 5146//5146 4849//4849 5147//5147
f 5145//5145 4849//4849 5146//5146
f 5411//5411 5384//5384 5383//5383
f 5411//5411 5410//5410 5384//5384
f 5627//5627 5258//5258 5257//5257
f 5626//5626 5258//5258 5627//5627
f 5409//5409 5385//5385 5384//5384
f 5409//5409 5386//5386 5385//5385
f 5409//5409 5384//5384 5410//5410
f 5412//5412 5382//5382 5381//5381
f 5412//5412 5383//5383 5382//5382
f 5412//5412 5411//5411 5383//5383
f 5625//5625 5259//5259 5258//5258
f 5625//5625 5258//5258 5626//5626
f 5628//5628 5257//5257 5256//5256
f 5628//5628 5627//5627 5257//5257
f 5408//5408 5387//5387 5386//5386
f 5408//5408 5386//5386 5409//5409
f 5413//5413 5412//5412 5381//5381
f 5624//5624 5260//5260 5259//5259
f 5624//5624 5458//5458 5291//5291
f 5624//5624 5413//5413 5381//5381
f 5624//5624 5291//5291 5260//5260
f 5624//5624 5381//5381 5458//5458
f 5624//5624 5259//5259 5625//5625
f 5629//5629 5256//5256 5255//5255
f 5629//5629 5628//5628 5256//5256
f 5407//5407 5387//5387 5408//5408
f 5630//5630 5255//5255 5254//5254
f 5630//5630 5629//5629 5255//5255
f 5623//5623 5413//5413 5624//5624
f 5623//5623 5414//5414 5413//5413
f 5406//5406 5388//5388 5387//5387
f 5406//5406 5389//5389 5388//5388
f 5406//5406 5387//5387 5407//5407
f 5622//5622 5415//5415 5414//5414
f 5622//5622 5414//5414 5623//5623
f 5631//5631 5254//5254 5253//5253
f 5631//5631 5630//5630 5254//5254
f 5621//5621 5415//5415 5622//5622
f 5621//5621 5416//5416 5415//5415
f 5405//5405 5390//5390 5389//5389
f 5405//5405 5389//5389 5406//5406
f 5632//5632 5631//5631 5253//5253
f 5632//5632 5288//5288 5287//5287
f 5632//5632 5253//5253 5288//5288
f 5404//5404 5391//5391 5390//5390
f 5404//5404 5390//5390 5405//5405
f 5633//5633 5632//5632 5287//5287
f 5620//5620 5417//5417 5416//5416
f 5620//5620 5416//5416 5621//5621
f 5403//5403 5392//5392 5391//5391
f 5403//5403 5391//5391 5404//5404
f 5418//5418 5417//5417 5620//5620
f 5634//5634 5633//5633 5287//5287
f 5634//5634 5286//5286 5285//5285
f 5634//5634 5287//5287 5286//5286
f 5619//5619 5418//5418 5620//5620
f 5402//5402 5392//5392 5403//5403
f 5618//5618 5418//5418 5619//5619
f 5618//5618 5419//5419 5418//5418
f 5635//5635 5634//5634 5285//5285
f 5401//5401 5392//5392 5402//5402
f 5401//5401 5393//5393 5392//5392
f 5636//5636 5635//5635 5285//5285
f 5636//5636 5285//5285 5284//5284
f 5231//5231 5419//5419 5618//5618
f 5231//5231 5618//5618 5617//5617
f 5231//5231 5420//5420 5419//5419
f 5231//5231 5230//5230 5420//5420
f 5229//5229 5421//5421 5420//5420
f 5229//5229 5420//5420 5230//5230
f 5232//5232 5231//5231 5617//5617
f 5232//5232 5617//5617 5616//5616
f 5228//5228 5421//5421 5229//5229
f 5228//5228 5422//5422 5421//5421
f 5228//5228 5423//5423 5422//5422
f 5233//5233 5615//5615 5614//5614
f 5233//5233 5616//5616 5615//5615
f 5233//5233 5232//5232 5616//5616
f 5227//5227 5423//5423 5228//5228
f 5234//5234 5233//5233 5614//5614
f 5226//5226 5423//5423 5227//5227
f 5226//5226 5424//5424 5423//5423
f 5235//5235 5614//5614 5613//5613
f 5235//5235 5234//5234 5614//5614
f 5225//5225 5425//5425 5424//5424
f 5225//5225 5424//5424 5226//5226
f 5236//5236 5235//5235 5613//5613
f 5236//5236 5613//5613 5648//5648
f 5224//5224 5425//5425 5225//5225
f 5224//5224 5426//5426 5425//5425
f 5224//5224 5427//5427 5426//5426
f 5237//5237 5236//5236 5648//5648
f 5237//5237 5648//5648 5647//5647
f 5223//5223 5428//5428 5427//5427
f 5223//5223 5427//5427 5224//5224
f 5238//5238 5237//5237 5647//5647
f 5238//5238 5647//5647 5646//5646
f 5222//5222 5428//5428 5223//5223
f 5222//5222 5429//5429 5428//5428
f 5239//5239 5238//5238 5646//5646
f 5239//5239 5646//5646 5645//5645
f 5221//5221 5429//5429 5222//5222
f 5240//5240 5239//5239 5645//5645
f 5240//5240 5645//5645 5644//5644
f 5195//5195 5399//5399 5398//5398
f 5699//5699 5638//5638 5637//5637
f 5194//5194 5399//5399 5195//5195
f 5194//5194 5400//5400 5399//5399
f 5698//5698 5638//5638 5699//5699
f 5698//5698 5639//5639 5638//5638
f 5193//5193 5393//5393 5401//5401
f 5193//5193 5401//5401 5400//5400
f 5193//5193 5169//5169 5393//5393
f 5193//5193 5400//5400 5194//5194
f 5196//5196 5195//5195 5398//5398
f 5196//5196 5398//5398 5397//5397
f 5697//5697 5639//5639 5698//5698
f 5697//5697 5640//5640 5639//5639
f 5700//5700 5636//5636 5284//5284
f 5700//5700 5284//5284 4896//4896
f 5700//5700 5699//5699 5637//5637
f 5700//5700 5637//5637 5636//5636
f 5197//5197 5196//5196 5397//5397
f 5197//5197 5397//5397 5432//5432
f 5696//5696 5640//5640 5697//5697
f 5696//5696 5641//5641 5640//5640
f 5192//5192 5170//5170 5169//5169
f 5192//5192 5171//5171 5170//5170
f 5192//5192 5169//5169 5193//5193
f 5701//5701 4895//4895 4894//4894
f 5701//5701 4896//4896 4895//4895
f 5701//5701 5700//5700 4896//4896
f 5191//5191 5171//5171 5192//5192
f 5198//5198 5197//5197 5432//5432
f 5198//5198 5432//5432 5431//5431
f 5702//5702 5701//5701 4894//4894
f 5695//5695 5641//5641 5696//5696
f 5695//5695 5642//5642 5641//5641
f 5190//5190 5171//5171 5191//5191
f 5190//5190 5172//5172 5171//5171
f 5199//5199 5198//5198 5431//5431
f 5199//5199 5431//5431 5430//5430
f 5694//5694 5643//5643 5642//5642
f 5694//5694 5642//5642 5695//5695
f 5703//5703 5702//5702 4894//4894
f 5703//5703 4894//4894 4893//4893
f 5704//5704 5703//5703 4893//4893
f 5704//5704 4893//4893 4928//4928
f 5189//5189 5173//5173 5172//5172
f 5189//5189 5172//5172 5190//5190
f 5200//5200 5430//5430 5429//5429
f 5200//5200 5199//5199 5430//5430
f 5693//5693 5643//5643 5694//5694
f 5693//5693 5644//5644 5643//5643
f 5188//5188 5173//5173 5189//5189
f 5188//5188 5174//5174 5173//5173
f 5188//5188 5175//5175 5174//5174
f 5201//5201 5429//5429 5221//5221
f 5201//5201 5200//5200 5429//5429
f 5201//5201 5221//5221 5220//5220
f 5692//5692 5644//5644 5693//5693
f 5692//5692 5240//5240 5644//5644
f 5692//5692 5241//5241 5240//5240
f 5705//5705 5704//5704 4928//4928
f 5705//5705 4927//4927 4926//4926
f 5705//5705 4928//4928 4927//4927
f 5187//5187 5176//5176 5175//5175
f 5187//5187 5175//5175 5188//5188
f 5202//5202 5220//5220 5219//5219
f 5202//5202 5201//5201 5220//5220
f 5691//5691 5242//5242 5241//5241
f 5691//5691 5241//5241 5692//5692
f 5706//5706 5705//5705 4926//4926
f 5186//5186 5177//5177 5176//5176
f 5186//5186 5176//5176 5187//5187
f 5707//5707 5706//5706 4926//4926
f 5707//5707 4926//4926 4925//4925
f 5203//5203 5202//5202 5219//5219
f 5203//5203 5219//5219 5218//5218
f 5690//5690 5242//5242 5691//5691
f 5690//5690 5243//5243 5242//5242
f 5708//5708 5707//5707 4925//4925
f 5708//5708 4925//4925 4924//4924
f 5185//5185 5177//5177 5186//5186
f 5204//5204 5203//5203 5218//5218
f 5204//5204 5218//5218 5217//5217
f 5689//5689 5243//5243 5690//5690
f 5689//5689 5244//5244 5243//5243
f 5184//5184 5178//5178 5177//5177
f 5184//5184 5177//5177 5185//5185
f 5205//5205 5217//5217 5252//5252
f 5205//5205 5204//5204 5217//5217
f 5688//5688 5244//5244 5689//5689
f 5688//5688 5245//5245 5244//5244
f 5709//5709 5708//5708 4924//4924
f 5709//5709 4924//4924 4923//4923
f 5183//5183 5178//5178 5184//5184
f 5183//5183 5179//5179 5178//5178
f 5206//5206 5205//5205 5252//5252
f 5206//5206 5252//5252 5251//5251
f 5687//5687 5245//5245 5688//5688
f 5687//5687 5246//5246 5245//5245
f 5710//5710 5709//5709 4923//4923
f 5710//5710 4923//4923 4922//4922
f 5182//5182 5180//5180 5179//5179
f 5182//5182 5179//5179 5183//5183
f 4871//4871 5248//5248 5247//5247
f 4870//4870 5248//5248 4871//4871
f 4870//4870 5249//5249 5248//5248
f 4870//4870 5250//5250 5249//5249
f 4869//4869 5250//5250 4870//4870
f 4869//4869 5251//5251 5250//5250
f 4872//4872 4871//4871 5247//5247
f 4872//4872 5247//5247 5246//5246
f 4868//4868 5251//5251 4869//4869
f 4868//4868 5207//5207 5206//5206
f 4868//4868 5206//5206 5251//5251
f 4873//4873 5246//5246 5687//5687
f 4873//4873 4872//4872 5246//5246
f 4867//4867 5207//5207 4868//4868
f 4874//4874 4873//4873 5687//5687
f 4874//4874 5687//5687 5686//5686
f 4866//4866 5207//5207 4867//4867
f 4866//4866 5208//5208 5207//5207
f 4866//4866 5209//5209 5208//5208
f 4875//4875 4874//4874 5686//5686
f 4875//4875 5686//5686 5685//5685
f 4875//4875 5685//5685 5720//5720
f 4865//4865 5209//5209 4866//4866
f 4876//4876 4875//4875 5720//5720
f 4864//4864 5209//5209 4865//4865
f 4864//4864 5210//5210 5209//5209
f 4864//4864 5211//5211 5210//5210
f 4877//4877 4876//4876 5720//5720
f 4877//4877 5720//5720 5719//5719
f 4878//4878 4877//4877 5719//5719
f 4878//4878 5718//5718 5717//5717
f 4878//4878 5719//5719 5718//5718
f 4863//4863 5212//5212 5211//5211
f 4863//4863 5211//5211 4864//4864
f 4879//4879 4878//4878 5717//5717
f 4862//4862 5212//5212 4863//4863
f 4880//4880 4879//4879 5717//5717
f 4880//4880 5717//5717 5716//5716
f 4861//4861 5212//5212 4862//4862
f 4861//4861 5213//5213 5212//5212
f 4881//4881 5716//5716 5715//5715
f 4881//4881 4880//4880 5716//5716
f 4860//4860 5213//5213 4861//4861
f 4860//4860 5214//5214 5213//5213
f 4852//4852 4882//4882 4881//4881
f 4852//4852 4883//4883 4882//4882
f 4852//4852 4884//4884 4883//4883
f 4852//4852 4885//4885 4884//4884
f 4852//4852 4886//4886 4885//4885
f 4852//4852 4887//4887 4886//4886
f 4852//4852 4888//4888 4887//4887
f 4852//4852 5714//5714 5713//5713
f 4852//4852 5715//5715 5714//5714
f 4852//4852 4881//4881 5715//5715
f 4851//4851 4858//4858 4857//4857
f 4851//4851 4859//4859 4858//4858
f 4851//4851 4860//4860 4859//4859
f 4851//4851 4889//4889 4888//4888
f 4851//4851 4890//4890 4889//4889
f 4851//4851 4891//4891 4890//4890
f 4851//4851 4892//4892 4891//4891
f 4851//4851 4857//4857 4892//4892
f 4851//4851 5214//5214 4860//4860
f 4851//4851 5215//5215 5214//5214
f 4851//4851 5216//5216 5215//5215
f 4851//4851 5181//5181 5216//5216
f 4851//4851 4888//4888 4852//4852
f 4849//4849 5181//5181 4851//4851
f 4849//4849 5182//5182 5181//5181
f 4849//4849 5145//5145 5182//5182
f 5145//5145 5180//5180 5182//5182
f 4852//4852 4920//4920 4853//4853
f 4920//4920 4919//4919 4853//4853
f 4852//4852 4921//4921 4920//4920
f 4852//4852 4922//4922 4921//4921
f 4852//4852 5712//5712 4922//4922
f 5712//5712 5711//5711 4922//4922
f 5711//5711 5710//5710 4922//4922
f 4852//4852 5713//5713 5712//5712
f 4854//4854 4983//4983 4855//4855
f 4854//4854 4984//4984 4983//4983
f 4854//4854 5667//5667 4984//4984
f 5667//5667 5666//5666 4984//4984
f 4856//4856 5082//5082 4850//4850
f 4856//4856 5046//5046 5082//5082
v 740.000000 -750.000000 -700.000000
v -740.000000 -750.000000 -700.000000
v 750.000000 -740.000000 -700.000000
v 750.000000 740.000000 -700.000000
v 740.000000 750.000000 -700.000000
v -740.000000 750.000000 -700.000000
v -750.000000 740.000000 -700.000000
v -750.000000 -740.000000 -700.000000
v -705.000000 691.000000 -700.000000
v -707.431091 691.212708 -700.000000
v -709.788269 691.844299 -700.000000
v -712.000000 692.875671 -700.000000
v -713.999023 694.275391 -700.000000
v -715.724609 696.000977 -700.000000
v -717.124329 698.000000 -700.000000
v -718.155701 700.211731 -700.000000
v -718.787292 702.568909 -700.000000
v -719.000000 705.000000 -700.000000
v -718.787292 707.431091 -700.000000
v -718.155701 709.788269 -700.000000
v -717.124329 712.000000 -700.000000
v -715.724609 713.999023 -700.000000
v -713.999023 715.724609 -700.000000
v -712.000000 717.124329 -700.000000
v -709.788269 718.155701 -700.000000
v -707.431091 718.787292 -700.000000
v -705.000000 719.000000 -700.000000
v -702.568909 718.787292 -700.000000
v -700.211731 718.155701 -700.000000
v -698.000000 717.124329 -700.000000
v -696.000977 715.724609 -700.000000
v -694.275391 713.999023 -700.000000
v -692.875671 712.000000 -700.000000
v -691.844299 709.788269 -700.000000
v -691.212708 707.431091 -700.000000
v -691.000000 705.000000 -700.000000
v -691.212708 702.568909 -700.000000
v -691.844299 700.211731 -700.000000
v -692.875671 698.000000 -700.000000
v -694.275391 696.000977 -700.000000
v -696.000977 694.275391 -700.000000
v -698.000000 692.875671 -700.000000
v -700.211731 691.844299 -700.000000
v -702.568909 691.212708 -700.000000
v -705.000000 221.000000 -700.000000
v -707.431091 221.212692 -700.000000
v -709.788269 221.844299 -700.000000
v -712.000000 222.875641 -700.000000
v -713.999023 224.275375 -700.000000
v -715.724609 226.000977 -700.000000
v -717.124329 228.000000 -700.000000
v -718.155701 230.211716 -700.000000
v -718.787292 232.568924 -700.000000
v -719.000000 235.000000 -700.000000
v -718.787292 237.431076 -700.000000
v -718.155701 239.788284 -700.000000
v -717.124329 242.000000 -700.000000
v -715.724609 243.999023 -700.000000
v -713.999023 245.724625 -700.000000
v -712.000000 247.124359 -700.000000
v -709.788269 248.155701 -700.000000
v -707.431091 248.787308 -700.000000
v -705.000000 249.000000 -700.000000
v -702.568909 248.787308 -700.000000
v -700.211731 248.155701 -700.000000
v -698.000000 247.124359 -700.000000
v -696.000977 245.724625 -700.000000
v -694.275391 243.999023 -700.000000
v -692.875671 242.000000 -700.000000
v -691.844299 239.788284 -700.000000
v -691.212708 237.431076 -700.000000
v -691.000000 235.000000 -700.000000
v -691.212708 232.568924 -700.000000
v -691.844299 230.211716 -700.000000
v -692.875671 228.000000 -700.000000
v -694.275391 226.000977 -700.000000
v -696.000977 224.275375 -700.000000
v -698.000000 222.875641 -700.000000
v -700.211731 221.844299 -700.000000
v -702.568909 221.212692 -700.000000
v -400.000000 391.250000 -700.000000
v -401.519409 391.382935 -700.000000
v -402.992676 391.777679 -700.000000
v -404.375000 392.422272 -700.000000
v -405.624390 393.297119 -700.000000
v -406.702881 394.375610 -700.000000
v -407.577728 395.625000 -700.000000
v -408.222321 397.007324 -700.000000
v -408.617065 398.480591 -700.000000
v -408.750000 400.000000 -700.000000
v -408.617065 401.519409 -700.000000
v -408.222321 402.992676 -700.000000
v -407.577728 404.375000 -700.000000
v -406.702881 405.624390 -700.000000
v -405.624390 406.702881 -700.000000
v -404.375000 407.577728 -700.000000
v -402.992676 408.222321 -700.000000
v -401.519409 408.617065 -700.000000
v -400.000000 408.750000 -700.000000
v -398.480591 408.617065 -700.000000
v -397.007324 408.222321 -700.000000
v -395.625000 407.577728 -700.000000
v -394.375610 406.702881 -700.000000
v -393.297119 405.624390 -700.000000
v -392.422272 404.375000 -700.000000
v -391.777679 402.992676 -700.000000
v -391.382935 401.519409 -700.000000
v -391.250000 400.000000 -700.000000
v -391.382935 398.480591 -700.000000
v -391.777679 397.007324 -700.000000
v -392.422272 395.625000 -700.000000
v -393.297119 394.375610 -700.000000
v -394.375610 393.297119 -700.000000
v -395.625000 392.422272 -700.000000
v -397.007324 391.777679 -700.000000
v -398.480591 391.382935 -700.000000
v -400.000000 166.250000 -700.000000
v -401.519409 166.382935 -700.000000
v -402.992676 166.777695 -700.000000
v -404.375000 167.422272 -700.000000
v -405.624390 168.297104 -700.000000
v -406.702881 169.375610 -700.000000
v -407.577728 170.625000 -700.000000
v -408.222321 172.007324 -700.000000
v -408.617065 173.480576 -700.000000
v -408.750000 175.000000 -700.000000
v -408.617065 176.519424 -700.000000
v -408.222321 177.992676 -700.000000
v -407.577728 179.375000 -700.000000
v -406.702881 180.624390 -700.000000
v -405.624390 181.702896 -700.000000
v -404.375000 182.577728 -700.000000
v -402.992676 183.222305 -700.000000
v -401.519409 183.617065 -700.000000
v -400.000000 183.750000 -700.000000
v -398.480591 183.617065 -700.000000
v -397.007324 183.222305 -700.000000
v -395.625000 182.577728 -700.000000
v -394.375610 181.702896 -700.000000
v -393.297119 180.624390 -700.000000
v -392.422272 179.375000 -700.000000
v -391.777679 177.992676 -700.000000
v -391.382935 176.519424 -700.000000
v -391.250000 175.000000 -700.000000
v -391.382935 173.480576 -700.000000
v -391.777679 172.007324 -700.000000
v -392.422272 170.625000 -700.000000
v -393.297119 169.375610 -700.000000
v -394.375610 168.297104 -700.000000
v -395.625000 167.422272 -700.000000
v -397.007324 166.777695 -700.000000
v -398.480591 166.382935 -700.000000
v -400.000000 -183.750000 -700.000000
v -401.519409 -183.617065 -700.000000
v -402.992676 -183.222305 -700.000000
v -404.375000 -182.577728 -700.000000
v -405.624390 -181.702896 -700.000000
v -406.702881 -180.624390 -700.000000
v -407.577728 -179.375000 -700.000000
v -408.222321 -177.992676 -700.000000
v -408.617065 -176.519424 -700.000000
v -408.750000 -175.000000 -700.000000
v -408.617065 -173.480576 -700.000000
v -408.222321 -172.007324 -700.000000
v -407.577728 -170.625000 -700.000000
v -406.702881 -169.375610 -700.000000
v -405.624390 -168.297104 -700.000000
v -404.375000 -167.422272 -700.000000
v -402.992676 -166.777695 -700.000000
v -401.519409 -166.382935 -700.000000
v -400.000000 -166.250000 -700.000000
v -398.480591 -166.382935 -700.000000
v -397.007324 -166.777695 -700.000000
v -395.625000 -167.422272 -700.000000
v -394.375610 -168.297104 -700.000000
v -393.297119 -169.375610 -700.000000
v -392.422272 -170.625000 -700.000000
v -391.777679 -172.007324 -700.000000
v -391.382935 -173.480576 -700.000000
v -391.250000 -175.000000 -700.000000
v -391.382935 -176.519424 -700.000000
v -391.777679 -177.992676 -700.000000
v -392.422272 -179.375000 -700.000000
v -393.297119 -180.624390 -700.000000
v -394.375610 -181.702896 -700.000000
v -395.625000 -182.577728 -700.000000
v -397.007324 -183.222305 -700.000000
v -398.480591 -183.617065 -700.000000
v -400.000000 -408.750000 -700.000000
v -401.519409 -408.617065 -700.000000
v -402.992676 -408.222321 -700.000000
v -404.375000 -407.577728 -700.000000
v -405.624390 -406.702881 -700.000000
v -406.702881 -405.624390 -700.000000
v -407.577728 -404.375000 -700.000000
v -408.222321 -402.992676 -700.000000
v -408.617065 -401.519409 -700.000000
v -408.750000 -400.000000 -700.000000
v -408.617065 -398.480591 -700.000000
v -408.222321 -397.007324 -700.000000
v -407.577728 -395.625000 -700.000000
v -406.702881 -394.375610 -700.000000
v -405.624390 -393.297119 -700.000000
v -404.375000 -392.422272 -700.000000
v -402.992676 -391.777679 -700.000000
v -401.519409 -391.382935 -700.000000
v -400.000000 -391.250000 -700.000000
v -398.480591 -391.382935 -700.000000
v -397.007324 -391.777679 -700.000000
v -395.625000 -392.422272 -700.000000
v -394.375610 -393.297119 -700.000000
v -393.297119 -394.375610 -700.000000
v -392.422272 -395.625000 -700.000000
v -391.777679 -397.007324 -700.000000
v -391.382935 -398.480591 -700.000000
v -391.250000 -400.000000 -700.000000
v -391.382935 -401.519409 -700.000000
v -391.777679 -402.992676 -700.000000
v -392.422272 -404.375000 -700.000000
v -393.297119 -405.624390 -700.000000
v -394.375610 -406.702881 -700.000000
v -395.625000 -407.577728 -700.000000
v -397.007324 -408.222321 -700.000000
v -398.480591 -408.617065 -700.000000
v -175.000000 -408.750000 -700.000000
v -176.519424 -408.617065 -700.000000
v -177.992676 -408.222321 -700.000000
v -179.375000 -407.577728 -700.000000
v -180.624390 -406.702881 -700.000000
v -181.702896 -405.624390 -700.000000
v -182.577728 -404.375000 -700.000000
v -183.222305 -402.992676 -700.000000
v -183.617065 -401.519409 -700.000000
v -183.750000 -400.000000 -700.000000
v -183.617065 -398.480591 -700.000000
v -183.222305 -397.007324 -700.000000
v -182.577728 -395.625000 -700.000000
v -181.702896 -394.375610 -700.000000
v -180.624390 -393.297119 -700.000000
v -179.375000 -392.422272 -700.000000
v -177.992676 -391.777679 -700.000000
v -176.519424 -391.382935 -700.000000
v -175.000000 -391.250000 -700.000000
v -173.480576 -391.382935 -700.000000
v -172.007324 -391.777679 -700.000000
v -170.625000 -392.422272 -700.000000
v -169.375610 -393.297119 -700.000000
v -168.297104 -394.375610 -700.000000
v -167.422272 -395.625000 -700.000000
v -166.777695 -397.007324 -700.000000
v -166.382935 -398.480591 -700.000000
v -166.250000 -400.000000 -700.000000
v -166.382935 -401.519409 -700.000000
v -166.777695 -402.992676 -700.000000
v -167.422272 -404.375000 -700.000000
v -168.297104 -405.624390 -700.000000
v -169.375610 -406.702881 -700.000000
v -170.625000 -407.577728 -700.000000
v -172.007324 -408.222321 -700.000000
v -173.480576 -408.617065 -700.000000
v 400.000000 -183.750000 -700.000000
v 398.480591 -183.617065 -700.000000
v 397.007324 -183.222305 -700.000000
v 395.625000 -182.577728 -700.000000
v 394.375610 -181.702896 -700.000000
v 393.297119 -180.624390 -700.000000
v 392.422272 -179.375000 -700.000000
v 391.777679 -177.992676 -700.000000
v 391.382935 -176.519424 -700.000000
v 391.250000 -175.000000 -700.000000
v 391.382935 -173.480576 -700.000000
v 391.777679 -172.007324 -700.000000
v 392.422272 -170.625000 -700.000000
v 393.297119 -169.375610 -700.000000
v 394.375610 -168.297104 -700.000000
v 395.625000 -167.422272 -700.000000
v 397.007324 -166.777695 -700.000000
v 398.480591 -166.382935 -700.000000
v 400.000000 -166.250000 -700.000000
v 401.519409 -166.382935 -700.000000
v 402.992676 -166.777695 -700.000000
v 404.375000 -167.422272 -700.000000
v 405.624390 -168.297104 -700.000000
v 406.702881 -169.375610 -700.000000
v 407.577728 -170.625000 -700.000000
v 408.222321 -172.007324 -700.000000
v 408.617065 -173.480576 -700.000000
v 408.750000 -175.000000 -700.000000
v 408.617065 -176.519424 -700.000000
v 408.222321 -177.992676 -700.000000
v 407.577728 -179.375000 -700.000000
v 406.702881 -180.624390 -700.000000
v 405.624390 -181.702896 -700.000000
v 404.375000 -182.577728 -700.000000
v 402.992676 -183.222305 -700.000000
v 401.519409 -183.617065 -700.000000
v 400.000000 166.250000 -700.000000
v 398.480591 166.382935 -700.000000
v 397.007324 166.777695 -700.000000
v 395.625000 167.422272 -700.000000
v 394.375610 168.297104 -700.000000
v 393.297119 169.375610 -700.000000
v 392.422272 170.625000 -700.000000
v 391.777679 172.007324 -700.000000
v 391.382935 173.480576 -700.000000
v 391.250000 175.000000 -700.000000
v 391.382935 176.519424 -700.000000
v 391.777679 177.992676 -700.000000
v 392.422272 179.375000 -700.000000
v 393.297119 180.624390 -700.000000
v 394.375610 181.702896 -700.000000
v 395.625000 182.577728 -700.000000
v 397.007324 183.222305 -700.000000
v 398.480591 183.617065 -700.000000
v 400.000000 183.750000 -700.000000
v 401.519409 183.617065 -700.000000
v 402.992676 183.222305 -700.000000
v 404.375000 182.577728 -700.000000
v 405.624390 181.702896 -700.000000
v 406.702881 180.624390 -700.000000
v 407.577728 179.375000 -700.000000
v 408.222321 177.992676 -700.000000
v 408.617065 176.519424 -700.000000
v 408.750000 175.000000 -700.000000
v 408.617065 173.480576 -700.000000
v 408.222321 172.007324 -700.000000
v 407.577728 170.625000 -700.000000
v 406.702881 169.375610 -700.000000
v 405.624390 168.297104 -700.000000
v 404.375000 167.422272 -700.000000
v 402.992676 166.777695 -700.000000
v 401.519409 166.382935 -700.000000
v -175.000000 391.250000 -700.000000
v -176.519424 391.382935 -700.000000
v -177.992676 391.777679 -700.000000
v -179.375000 392.422272 -700.000000
v -180.624390 393.297119 -700.000000
v -181.702896 394.375610 -700.000000
v -182.577728 395.625000 -700.000000
v -183.222305 397.007324 -700.000000
v -183.617065 398.480591 -700.000000
v -183.750000 400.000000 -700.000000
v -183.617065 401.519409 -700.000000
v -183.222305 402.992676 -700.000000
v -182.577728 404.375000 -700.000000
v -181.702896 405.624390 -700.000000
v -180.624390 406.702881 -700.000000
v -179.375000 407.577728 -700.000000
v -177.992676 408.222321 -700.000000
v -176.519424 408.617065 -700.000000
v -175.000000 408.750000 -700.000000
v -173.480576 408.617065 -700.000000
v -172.007324 408.222321 -700.000000
v -170.625000 407.577728 -700.000000
v -169.375610 406.702881 -700.000000
v -168.297104 405.624390 -700.000000
v -167.422272 404.375000 -700.000000
v -166.777695 402.992676 -700.000000
v -166.382935 401.519409 -700.000000
v -166.250000 400.000000 -700.000000
v -166.382935 398.480591 -700.000000
v -166.777695 397.007324 -700.000000
v -167.422272 395.625000 -700.000000
v -168.297104 394.375610 -700.000000
v -169.375610 393.297119 -700.000000
v -170.625000 392.422272 -700.000000
v -172.007324 391.777679 -700.000000
v -173.480576 391.382935 -700.000000
v 175.000000 391.250000 -700.000000
v 173.480576 391.382935 -700.000000
v 172.007324 391.777679 -700.000000
v 170.625000 392.422272 -700.000000
v 169.375610 393.297119 -700.000000
v 168.297104 394.375610 -700.000000
v 167.422272 395.625000 -700.000000
v 166.777695 397.007324 -700.000000
v 166.382935 398.480591 -700.000000
v 166.250000 400.000000 -700.000000
v 166.382935 401.519409 -700.000000
v 166.777695 402.992676 -700.000000
v 167.422272 404.375000 -700.000000
v 168.297104 405.624390 -700.000000
v 169.375610 406.702881 -700.000000
v 170.625000 407.577728 -700.000000
v 172.007324 408.222321 -700.000000
v 173.480576 408.617065 -700.000000
v 175.000000 408.750000 -700.000000
v 176.519424 408.617065 -700.000000
v 177.992676 408.222321 -700.000000
v 179.375000 407.577728 -700.000000
v 180.624390 406.702881 -700.000000
v 181.702896 405.624390 -700.000000
v 182.577728 404.375000 -700.000000
v 183.222305 402.992676 -700.000000
v 183.617065 401.519409 -700.000000
v 183.750000 400.000000 -700.000000
v 183.617065 398.480591 -700.000000
v 183.222305 397.007324 -700.000000
v 182.577728 395.625000 -700.000000
v 181.702896 394.375610 -700.000000
v 180.624390 393.297119 -700.000000
v 179.375000 392.422272 -700.000000
v 177.992676 391.777679 -700.000000
v 176.519424 391.382935 -700.000000
v 400.000000 391.250000 -700.000000
v 398.480591 391.382935 -700.000000
v 397.007324 391.777679 -700.000000
v 395.625000 392.422272 -700.000000
v 394.375610 393.297119 -700.000000
v 393.297119 394.375610 -700.000000
v 392.422272 395.625000 -700.000000
v 391.777679 397.007324 -700.000000
v 391.382935 398.480591 -700.000000
v 391.250000 400.000000 -700.000000
v 391.382935 401.519409 -700.000000
v 391.777679 402.992676 -700.000000
v 392.422272 404.375000 -700.000000
v 393.297119 405.624390 -700.000000
v 394.375610 406.702881 -700.000000
v 395.625000 407.577728 -700.000000
v 397.007324 408.222321 -700.000000
v 398.480591 408.617065 -700.000000
v 400.000000 408.750000 -700.000000
v 401.519409 408.617065 -700.000000
v 402.992676 408.222321 -700.000000
v 404.375000 407.577728 -700.000000
v 405.624390 406.702881 -700.000000
v 406.702881 405.624390 -700.000000
v 407.577728 404.375000 -700.000000
v 408.222321 402.992676 -700.000000
v 408.617065 401.519409 -700.000000
v 408.750000 400.000000 -700.000000
v 408.617065 398.480591 -700.000000
v 408.222321 397.007324 -700.000000
v 407.577728 395.625000 -700.000000
v 406.702881 394.375610 -700.000000
v 405.624390 393.297119 -700.000000
v 404.375000 392.422272 -700.000000
v 402.992676 391.777679 -700.000000
v 401.519409 391.382935 -700.000000
v 400.000000 -408.750000 -700.000000
v 398.480591 -408.617065 -700.000000
v 397.007324 -408.222321 -700.000000
v 395.625000 -407.577728 -700.000000
v 394.375610 -406.702881 -700.000000
v 393.297119 -405.624390 -700.000000
v 392.422272 -404.375000 -700.000000
v 391.777679 -402.992676 -700.000000
v 391.382935 -401.519409 -700.000000
v 391.250000 -400.000000 -700.000000
v 391.382935 -398.480591 -700.000000
v 391.777679 -397.007324 -700.000000
v 392.422272 -395.625000 -700.000000
v 393.297119 -394.375610 -700.000000
v 394.375610 -393.297119 -700.000000
v 395.625000 -392.422272 -700.000000
v 397.007324 -391.777679 -700.000000
v 398.480591 -391.382935 -700.000000
v 400.000000 -391.250000 -700.000000
v 401.519409 -391.382935 -700.000000
v 402.992676 -391.777679 -700.000000
v 404.375000 -392.422272 -700.000000
v 405.624390 -393.297119 -700.000000
v 406.702881 -394.375610 -700.000000
v 407.577728 -395.625000 -700.000000
v 408.222321 -397.007324 -700.000000
v 408.617065 -398.480591 -700.000000
v 408.750000 -400.000000 -700.000000
v 408.617065 -401.519409 -700.000000
v 408.222321 -402.992676 -700.000000
v 407.577728 -404.375000 -700.000000
v 406.702881 -405.624390 -700.000000
v 405.624390 -406.702881 -700.000000
v 404.375000 -407.577728 -700.000000
v 402.992676 -408.222321 -700.000000
v 401.519409 -408.617065 -700.000000
v 175.000000 -408.750000 -700.000000
v 173.480576 -408.617065 -700.000000
v 172.007324 -408.222321 -700.000000
v 170.625000 -407.577728 -700.000000
v 169.375610 -406.702881 -700.000000
v 168.297104 -405.624390 -700.000000
v 167.422272 -404.375000 -700.000000
v 166.777695 -402.992676 -700.000000
v 166.382935 -401.519409 -700.000000
v 166.250000 -400.000000 -700.000000
v 166.382935 -398.480591 -700.000000
v 166.777695 -397.007324 -700.000000
v 167.422272 -395.625000 -700.000000
v 168.297104 -394.375610 -700.000000
v 169.375610 -393.297119 -700.000000
v 170.625000 -392.422272 -700.000000
v 172.007324 -391.777679 -700.000000
v 173.480576 -391.382935 -700.000000
v 175.000000 -391.250000 -700.000000
v 176.519424 -391.382935 -700.000000
v 177.992676 -391.777679 -700.000000
v 179.375000 -392.422272 -700.000000
v 180.624390 -393.297119 -700.000000
v 181.702896 -394.375610 -700.000000
v 182.577728 -395.625000 -700.000000
v 183.222305 -397.007324 -700.000000
v 183.617065 -398.480591 -700.000000
v 183.750000 -400.000000 -700.000000
v 183.617065 -401.519409 -700.000000
v 183.222305 -402.992676 -700.000000
v 182.577728 -404.375000 -700.000000
v 181.702896 -405.624390 -700.000000
v 180.624390 -406.702881 -700.000000
v 179.375000 -407.577728 -700.000000
v 177.992676 -408.222321 -700.000000
v 176.519424 -408.617065 -700.000000
v -235.000000 691.000000 -700.000000
v -237.431076 691.212708 -700.000000
v -239.788284 691.844299 -700.000000
v -242.000000 692.875671 -700.000000
v -243.999023 694.275391 -700.000000
v -245.724625 696.000977 -700.000000
v -247.124359 698.000000 -700.000000
v -248.155701 700.211731 -700.000000
v -248.787308 702.568909 -700.000000
v -249.000000 705.000000 -700.000000
v -248.787308 707.431091 -700.000000
v -248.155701 709.788269 -700.000000
v -247.124359 712.000000 -700.000000
v -245.724625 713.999023 -700.000000
v -243.999023 715.724609 -700.000000
v -242.000000 717.124329 -700.000000
v -239.788284 718.155701 -700.000000
v -237.431076 718.787292 -700.000000
v -235.000000 719.000000 -700.000000
v -232.568924 718.787292 -700.000000
v -230.211716 718.155701 -700.000000
v -228.000000 717.124329 -700.000000
v -226.000977 715.724609 -700.000000
v -224.275375 713.999023 -700.000000
v -222.875641 712.000000 -700.000000
v -221.844299 709.788269 -700.000000
v -221.212692 707.431091 -700.000000
v -221.000000 705.000000 -700.000000
v -221.212692 702.568909 -700.000000
v -221.844299 700.211731 -700.000000
v -222.875641 698.000000 -700.000000
v -224.275375 696.000977 -700.000000
v -226.000977 694.275391 -700.000000
v -228.000000 692.875671 -700.000000
v -230.211716 691.844299 -700.000000
v -232.568924 691.212708 -700.000000
v 235.000000 691.000000 -700.000000
v 232.568924 691.212708 -700.000000
v 230.211716 691.844299 -700.000000
v 228.000000 692.875671 -700.000000
v 226.000977 694.275391 -700.000000
v 224.275375 696.000977 -700.000000
v 222.875641 698.000000 -700.000000
v 221.844299 700.211731 -700.000000
v 221.212692 702.568909 -700.000000
v 221.000000 705.000000 -700.000000
v 221.212692 707.431091 -700.000000
v 221.844299 709.788269 -700.000000
v 222.875641 712.000000 -700.000000
v 224.275375 713.999023 -700.000000
v 226.000977 715.724609 -700.000000
v 228.000000 717.124329 -700.000000
v 230.211716 718.155701 -700.000000
v 232.568924 718.787292 -700.000000
v 235.000000 719.000000 -700.000000
v 237.431076 718.787292 -700.000000
v 239.788284 718.155701 -700.000000
v 242.000000 717.124329 -700.000000
v 243.999023 715.724609 -700.000000
v 245.724625 713.999023 -700.000000
v 247.124359 712.000000 -700.000000
v 248.155701 709.788269 -700.000000
v 248.787308 707.431091 -700.000000
v 249.000000 705.000000 -700.000000
v 248.787308 702.568909 -700.000000
v 248.155701 700.211731 -700.000000
v 247.124359 698.000000 -700.000000
v 245.724625 696.000977 -700.000000
v 243.999023 694.275391 -700.000000
v 242.000000 692.875671 -700.000000
v 239.788284 691.844299 -700.000000
v 237.431076 691.212708 -700.000000
v 705.000000 691.000000 -700.000000
v 702.568909 691.212708 -700.000000
v 700.211731 691.844299 -700.000000
v 698.000000 692.875671 -700.000000
v 696.000977 694.275391 -700.000000
v 694.275391 696.000977 -700.000000
v 692.875671 698.000000 -700.000000
v 691.844299 700.211731 -700.000000
v 691.212708 702.568909 -700.000000
v 691.000000 705.000000 -700.000000
v 691.212708 707.431091 -700.000000
v 691.844299 709.788269 -700.000000
v 692.875671 712.000000 -700.000000
v 694.275391 713.999023 -700.000000
v 696.000977 715.724609 -700.000000
v 698.000000 717.124329 -700.000000
v 700.211731 718.155701 -700.000000
v 702.568909 718.787292 -700.000000
v 705.000000 719.000000 -700.000000
v 707.431091 718.787292 -700.000000
v 709.788269 718.155701 -700.000000
v 712.000000 717.124329 -700.000000
v 713.999023 715.724609 -700.000000
v 715.724609 713.999023 -700.000000
v 717.124329 712.000000 -700.000000
v 718.155701 709.788269 -700.000000
v 718.787292 707.431091 -700.000000
v 719.000000 705.000000 -700.000000
v 718.787292 702.568909 -700.000000
v 718.155701 700.211731 -700.000000
v 717.124329 698.000000 -700.000000
v 715.724609 696.000977 -700.000000
v 713.999023 694.275391 -700.000000
v 712.000000 692.875671 -700.000000
v 709.788269 691.844299 -700.000000
v 707.431091 691.212708 -700.000000
v 705.000000 221.000000 -700.000000
v 702.568909 221.212692 -700.000000
v 700.211731 221.844299 -700.000000
v 698.000000 222.875641 -700.000000
v 696.000977 224.275375 -700.000000
v 694.275391 226.000977 -700.000000
v 692.875671 228.000000 -700.000000
v 691.844299 230.211716 -700.000000
v 691.212708 232.568924 -700.000000
v 691.000000 235.000000 -700.000000
v 691.212708 237.431076 -700.000000
v 691.844299 239.788284 -700.000000
v 692.875671 242.000000 -700.000000
v 694.275391 243.999023 -700.000000
v 696.000977 245.724625 -700.000000
v 698.000000 247.124359 -700.000000
v 700.211731 248.155701 -700.000000
v 702.568909 248.787308 -700.000000
v 705.000000 249.000000 -700.000000
v 707.431091 248.787308 -700.000000
v 709.788269 248.155701 -700.000000
v 712.000000 247.124359 -700.000000
v 713.999023 245.724625 -700.000000
v 715.724609 243.999023 -700.000000
v 717.124329 242.000000 -700.000000
v 718.155701 239.788284 -700.000000
v 718.787292 237.431076 -700.000000
v 719.000000 235.000000 -700.000000
v 718.787292 232.568924 -700.000000
v 718.155701 230.211716 -700.000000
v 717.124329 228.000000 -700.000000
v 715.724609 226.000977 -700.000000
v 713.999023 224.275375 -700.000000
v 712.000000 222.875641 -700.000000
v 709.788269 221.844299 -700.000000
v 707.431091 221.212692 -700.000000
v 705.000000 -249.000000 -700.000000
v 702.568909 -248.787308 -700.000000
v 700.211731 -248.155701 -700.000000
v 698.000000 -247.124359 -700.000000
v 696.000977 -245.724625 -700.000000
v 694.275391 -243.999023 -700.000000
v 692.875671 -242.000000 -700.000000
v 691.844299 -239.788284 -700.000000
v 691.212708 -237.431076 -700.000000
v 691.000000 -235.000000 -700.000000
v 691.212708 -232.568924 -700.000000
v 691.844299 -230.211716 -700.000000
v 692.875671 -228.000000 -700.000000
v 694.275391 -226.000977 -700.000000
v 696.000977 -224.275375 -700.000000
v 698.000000 -222.875641 -700.000000
v 700.211731 -221.844299 -700.000000
v 702.568909 -221.212692 -700.000000
v 705.000000 -221.000000 -700.000000
v 707.431091 -221.212692 -700.000000
v 709.788269 -221.844299 -700.000000
v 712.000000 -222.875641 -700.000000
v 713.999023 -224.275375 -700.000000
v 715.724609 -226.000977 -700.000000
v 717.124329 -228.000000 -700.000000
v 718.155701 -230.211716 -700.000000
v 718.787292 -232.568924 -700.000000
v 719.000000 -235.000000 -700.000000
v 718.787292 -237.431076 -700.000000
v 718.155701 -239.788284 -700.000000
v 717.124329 -242.000000 -700.000000
v 715.724609 -243.999023 -700.000000
v 713.999023 -245.724625 -700.000000
v 712.000000 -247.124359 -700.000000
v 709.788269 -248.155701 -700.000000
v 707.431091 -248.787308 -700.000000
v 705.000000 -719.000000 -700.000000
v 702.568909 -718.787292 -700.000000
v 700.211731 -718.155701 -700.000000
v 698.000000 -717.124329 -700.000000
v 696.000977 -715.724609 -700.000000
v 694.275391 -713.999023 -700.000000
v 692.875671 -712.000000 -700.000000
v 691.844299 -709.788269 -700.000000
v 691.212708 -707.431091 -700.000000
v 691.000000 -705.000000 -700.000000
v 691.212708 -702.568909 -700.000000
v 691.844299 -700.211731 -700.000000
v 692.875671 -698.000000 -700.000000
v 694.275391 -696.000977 -700.000000
v 696.000977 -694.275391 -700.000000
v 698.000000 -692.875671 -700.000000
v 700.211731 -691.844299 -700.000000
v 702.568909 -691.212708 -700.000000
v 705.000000 -691.000000 -700.000000
v 707.431091 -691.212708 -700.000000
v 709.788269 -691.844299 -700.000000
v 712.000000 -692.875671 -700.000000
v 713.999023 -694.275391 -700.000000
v 715.724609 -696.000977 -700.000000
v 717.124329 -698.000000 -700.000000
v 718.155701 -700.211731 -700.000000
v 718.787292 -702.568909 -700.000000
v 719.000000 -705.000000 -700.000000
v 718.787292 -707.431091 -700.000000
v 718.155701 -709.788269 -700.000000
v 717.124329 -712.000000 -700.000000
v 715.724609 -713.999023 -700.000000
v 713.999023 -715.724609 -700.000000
v 712.000000 -717.124329 -700.000000
v 709.788269 -718.155701 -700.000000
v 707.431091 -718.787292 -700.000000
v 235.000000 -719.000000 -700.000000
v 232.568924 -718.787292 -700.000000
v 230.211716 -718.155701 -700.000000
v 228.000000 -717.124329 -700.000000
v 226.000977 -715.724609 -700.000000
v 224.275375 -713.999023 -700.000000
v 222.875641 -712.000000 -700.000000
v 221.844299 -709.788269 -700.000000
v 221.212692 -707.431091 -700.000000
v 221.000000 -705.000000 -700.000000
v 221.212692 -702.568909 -700.000000
v 221.844299 -700.211731 -700.000000
v 222.875641 -698.000000 -700.000000
v 224.275375 -696.000977 -700.000000
v 226.000977 -694.275391 -700.000000
v 228.000000 -692.875671 -700.000000
v 230.211716 -691.844299 -700.000000
v 232.568924 -691.212708 -700.000000
v 235.000000 -691.000000 -700.000000
v 237.431076 -691.212708 -700.000000
v 239.788284 -691.844299 -700.000000
v 242.000000 -692.875671 -700.000000
v 243.999023 -694.275391 -700.000000
v 245.724625 -696.000977 -700.000000
v 247.124359 -698.000000 -700.000000
v 248.155701 -700.211731 -700.000000
v 248.787308 -702.568909 -700.000000
v 249.000000 -705.000000 -700.000000
v 248.787308 -707.431091 -700.000000
v 248.155701 -709.788269 -700.000000
v 247.124359 -712.000000 -700.000000
v 245.724625 -713.999023 -700.000000
v 243.999023 -715.724609 -700.000000
v 242.000000 -717.124329 -700.000000
v 239.788284 -718.155701 -700.000000
v 237.431076 -718.787292 -700.000000
v -235.000000 -719.000000 -700.000000
v -237.431076 -718.787292 -700.000000
v -239.788284 -718.155701 -700.000000
v -242.000000 -717.124329 -700.000000
v -243.999023 -715.724609 -700.000000
v -245.724625 -713.999023 -700.000000
v -247.124359 -712.000000 -700.000000
v -248.155701 -709.788269 -700.000000
v -248.787308 -707.431091 -700.000000
v -249.000000 -705.000000 -700.000000
v -248.787308 -702.568909 -700.000000
v -248.155701 -700.211731 -700.000000
v -247.124359 -698.000000 -700.000000
v -245.724625 -696.000977 -700.000000
v -243.999023 -694.275391 -700.000000
v -242.000000 -692.875671 -700.000000
v -239.788284 -691.844299 -700.000000
v -237.431076 -691.212708 -700.000000
v -235.000000 -691.000000 -700.000000
v -232.568924 -691.212708 -700.000000
v -230.211716 -691.844299 -700.000000
v -228.000000 -692.875671 -700.000000
v -226.000977 -694.275391 -700.000000
v -224.275375 -696.000977 -700.000000
v -222.875641 -698.000000 -700.000000
v -221.844299 -700.211731 -700.000000
v -221.212692 -702.568909 -700.000000
v -221.000000 -705.000000 -700.000000
v -221.212692 -707.431091 -700.000000
v -221.844299 -709.788269 -700.000000
v -222.875641 -712.000000 -700.000000
v -224.275375 -713.999023 -700.000000
v -226.000977 -715.724609 -700.000000
v -228.000000 -717.124329 -700.000000
v -230.211716 -718.155701 -700.000000
v -232.568924 -718.787292 -700.000000
v -705.000000 -719.000000 -700.000000
v -707.431091 -718.787292 -700.000000
v -709.788269 -718.155701 -700.000000
v -712.000000 -717.124329 -700.000000
v -713.999023 -715.724609 -700.000000
v -715.724609 -713.999023 -700.000000
v -717.124329 -712.000000 -700.000000
v -718.155701 -709.788269 -700.000000
v -718.787292 -707.431091 -700.000000
v -719.000000 -705.000000 -700.000000
v -718.787292 -702.568909 -700.000000
v -718.155701 -700.211731 -700.000000
v -717.124329 -698.000000 -700.000000
v -715.724609 -696.000977 -700.000000
v -713.999023 -694.275391 -700.000000
v -712.000000 -692.875671 -700.000000
v -709.788269 -691.844299 -700.000000
v -707.431091 -691.212708 -700.000000
v -705.000000 -691.000000 -700.000000
v -702.568909 -691.212708 -700.000000
v -700.211731 -691.844299 -700.000000
v -698.000000 -692.875671 -700.000000
v -696.000977 -694.275391 -700.000000
v -694.275391 -696.000977 -700.000000
v -692.875671 -698.000000 -700.000000
v -691.844299 -700.211731 -700.000000
v -691.212708 -702.568909 -700.000000
v -691.000000 -705.000000 -700.000000
v -691.212708 -707.431091 -700.000000
v -691.844299 -709.788269 -700.000000
v -692.875671 -712.000000 -700.000000
v -694.275391 -713.999023 -700.000000
v -696.000977 -715.724609 -700.000000
v -698.000000 -717.124329 -700.000000
v -700.211731 -718.155701 -700.000000
v -702.568909 -718.787292 -700.000000
v -705.000000 -249.000000 -700.000000
v -707.431091 -248.787308 -700.000000
v -709.788269 -248.155701 -700.000000
v -712.000000 -247.124359 -700.000000
v -713.999023 -245.724625 -700.000000
v -715.724609 -243.999023 -700.000000
v -717.124329 -242.000000 -700.000000
v -718.155701 -239.788284 -700.000000
v -718.787292 -237.431076 -700.000000
v -719.000000 -235.000000 -700.000000
v -718.787292 -232.568924 -700.000000
v -718.155701 -230.211716 -700.000000
v -717.124329 -228.000000 -700.000000
v -715.724609 -226.000977 -700.000000
v -713.999023 -224.275375 -700.000000
v -712.000000 -222.875641 -700.000000
v -709.788269 -221.844299 -700.000000
v -707.431091 -221.212692 -700.000000
v -705.000000 -221.000000 -700.000000
v -702.568909 -221.212692 -700.000000
v -700.211731 -221.844299 -700.000000
v -698.000000 -222.875641 -700.000000
v -696.000977 -224.275375 -700.000000
v -694.275391 -226.000977 -700.000000
v -692.875671 -228.000000 -700.000000
v -691.844299 -230.211716 -700.000000
v -691.212708 -232.568924 -700.000000
v -691.000000 -235.000000 -700.000000
v -691.212708 -237.431076 -700.000000
v -691.844299 -239.788284 -700.000000
v -692.875671 -242.000000 -700.000000
v -694.275391 -243.999023 -700.000000
v -696.000977 -245.724625 -700.000000
v -698.000000 -247.124359 -700.000000
v -700.211731 -248.155701 -700.000000
v -702.568909 -248.787308 -700.000000
vn 0.000000 0.000000 1.000000
vn 0.000000 0.000000 1.000000
vn 0.000000 0.000000 1.000000
vn 0.000000 0.000000 1.000000
vn 0.000000 0.000000 1.000000
vn 0.000000 0.000000 1.000000
vn 0.000000 0.000000 1.000000
vn 0.000000 0.000000 1.000000
vn 0.000000 0.000000 1.000000
vn 0.000000 0.000000 1.000000
vn 0.000000 0.000000 1.000000
vn 0.000000 0.000000 1.000000
vn 0.000000 0.000000 1.000000
vn 0.000000 0.000000 1.000000
vn 0.000000 0.000000 1.000000
vn 0.000000 0.000000 1.000000
vn 0.000000 0.000000 1.000000
vn 0.000000 0.000000 1.000000
vn 0.000000 0.000000 1.000000
vn 0.000000 0.000000 1.000000
vn 0.000000 0.000000 1.000000
vn 0.000000 0.000000 1.000000
vn 0.000000 0.000000 1.000000
vn 0.000000 0.000000 1.000000
vn 0.000000 0.000000 1.000000
vn 0.000000 0.000000 1.000000
vn 0.000000 0.000000 1.000000
vn 0.000000 0.000000 1.000000
vn 0.000000 0.000000 1.000000
vn 0.000000 0.000000 1.000000
vn 0.000000 0.000000 1.000000
vn 0.000000 0.000000 1.000000
vn 0.000000 0.000000 1.000000
vn 0.000000 0.000000 1.000000
vn 0.000000 0.000000 1.000000
vn 0.000000 0.000000 1.000000
vn 0.000000 0.000000 1.000000
vn 0.000000 0.000000 1.000000
vn 0.000000 0.000000 1.000000
vn 0.000000 0.000000 1.000000
vn 0.000000 0.000000 1.000000
vn 0.000000 0.000000 1.000000
vn 0.000000 0.000000 1.000000
vn 0.000000 0.000000 1.000000
vn 0.000000 0.000000 1.000000
vn 0.000000 0.000000 1.000000
vn 0.000000 0.000000 1.000000
vn 0.000000 0.000000 1.000000
vn 0.000000 0.000000 1.000000
vn 0.000000 0.000000 1.000000
vn 0.000000 0.000000 1.000000
vn 0.000000 0.000000 1.000000
vn 0.000000 0.000000 1.000000
vn 0.000000 0.000000 1.000000
vn 0.000000 0.000000 1.000000
vn 0.000000 0.000000 1.000000
vn 0.000000 0.000000 1.000000
vn 0.000000 0.000000 1.000000
vn 0.000000 0.000000 1.000000
vn 0.000000 0.000000 1.000000
vn 0.000000 0.000000 1.000000
vn 0.000000 0.000000 1.000000
vn 0.000000 0.000000 1.000000
vn 0.000000 0.000000 1.000000
vn 0.000000 0.000000 1.000000
vn 0.000000 0.000000 1.000000
vn 0.000000 0.000000 1.000000
vn 0.000000 0.000000 1.000000
vn 0.000000 0.000000 1.000000
vn 0.000000 0.000000 1.000000
vn 0.000000 0.000000 1.000000
vn 0.000000 0.000000 1.000000
vn 0.000000 0.000000 1.000000
vn 0.000000 0.000000 1.000000
vn 0.000000 0.000000 1.000000
vn 0.000000 0.000000 1.000000
vn 0.000000 0.000000 1.000000
vn 0.000000 0.000000 1.000000
vn 0.000000 0.000000 1.000000
vn 0.000000 0.000000 1.000000
vn 0.000000 0.000000 1.000000
vn 0.000000 0.000000 1.000000
vn 0.000000 0.000000 1.000000
vn 0.000000 0.000000 1.000000
vn 0.000000 0.000000 1.000000
vn 0.000000 0.000000 1.000000
vn 0.000000 0.000000 1.000000
vn 0.000000 0.000000 1.000000
vn 0.000000 0.000000 1.000000
vn 0.000000 0.000000 1.000000
vn 0.000000 0.000000 1.000000
vn 0.000000 0.000000 1.000000
vn 0.000000 0.000000 1.000000
vn 0.000000 0.000000 1.000000
vn 0.000000 0.000000 1.000000
vn 0.000000 0.000000 1.000000
vn 0.000000 0.000000 1.000000
vn 0.000000 0.000000 1.000000
vn 0.000000 0.000000 1.000000
vn 0.000000 0.000000 1.000000
vn 0.000000 0.000000 1.000000
vn 0.000000 0.000000 1.000000
vn 0.000000 0.000000 1.000000
vn 0.000000 0.000000 1.000000
vn 0.000000 0.000000 1.000000
vn 0.000000 0.000000 1.000000
vn 0.000000 0.000000 1.000000
vn 0.000000 0.000000 1.000000
vn 0.000000 0.000000 1.000000
vn 0.000000 0.000000 1.000000
vn 0.000000 0.000000 1.000000
vn 0.000000 0.000000 1.000000
vn 0.000000 0.000000 1.000000
vn 0.000000 0.000000 1.000000
vn 0.000000 0.000000 1.000000
vn 0.000000 0.000000 1.000000
vn 0.000000 0.000000 1.000000
vn 0.000000 0.000000 1.000000
vn 0.000000 0.000000 1.000000
vn 0.000000 0.000000 1.000000
vn 0.000000 0.000000 1.000000
vn 0.000000 0.000000 1.000000
vn 0.000000 0.000000 1.000000
vn 0.000000 0.000000 1.000000
vn 0.000000 0.000000 1.000000
vn 0.000000 0.000000 1.000000
vn 0.000000 0.000000 1.000000
vn 0.000000 0.000000 1.000000
vn 0.000000 0.000000 1.000000
vn 0.000000 0.000000 1.000000
vn 0.000000 0.000000 1.000000
vn 0.000000 0.000000 1.000000
vn 0.000000 0.000000 1.000000
vn 0.000000 0.000000 1.000000
vn 0.000000 0.000000 1.000000
vn 0.000000 0.000000 1.000000
vn 0.000000 0.000000 1.000000
vn 0.000000 0.000000 1.000000
vn 0.000000 0.000000 1.000000
vn 0.000000 0.000000 1.000000
vn 0.000000 0.000000 1.000000
vn 0.000000 0.000000 1.000000
vn 0.000000 0.000000 1.000000
vn 0.000000 0.000000 1.000000
vn 0.000000 0.000000 1.000000
vn 0.000000 0.000000 1.000000
vn 0.000000 0.000000 1.000000
vn 0.000000 0.000000 1.000000
vn 0.000000 0.000000 1.000000
vn 0.000000 0.000000 1.000000
vn 0.000000 0.000000 1.000000
vn 0.000000 0.000000 1.000000
vn 0.000000 0.000000 1.000000
vn 0.000000 0.000000 1.000000
vn 0.000000 0.000000 1.000000
vn 0.000000 0.000000 1.000000
vn 0.000000 0.000000 1.000000
vn 0.000000 0.000000 1.000000
vn 0.000000 0.000000 1.000000
vn 0.000000 0.000000 1.000000
vn 0.000000 0.000000 1.000000
vn 0.000000 0.000000 1.000000
vn 0.000000 0.000000 1.000000
vn 0.000000 0.000000 1.000000
vn 0.000000 0.000000 1.000000
vn 0.000000 0.000000 1.000000
vn 0.000000 0.000000 1.000000
vn 0.000000 0.000000 1.000000
vn 0.000000 0.000000 1.000000
vn 0.000000 0.000000 1.000000
vn 0.000000 0.000000 1.000000
vn 0.000000 0.000000 1.000000
vn 0.000000 0.000000 1.000000
vn 0.000000 0.000000 1.000000
vn 0.000000 0.000000 1.000000
vn 0.000000 0.000000 1.000000
vn 0.000000 0.000000 1.000000
vn 0.000000 0.000000 1.000000
vn 0.000000 0.000000 1.000000
vn 0.000000 0.000000 1.000000
vn 0.000000 0.000000 1.000000
vn 0.000000 0.000000 1.000000
vn 0.000000 0.000000 1.000000
vn 0.000000 0.000000 1.000000
vn 0.000000 0.000000 1.000000
vn 0.000000 0.000000 1.000000
vn 0.000000 0.000000 1.000000
vn 0.000000 0.000000 1.000000
vn 0.000000 0.000000 1.000000
vn 0.000000 0.000000 1.000000
vn 0.000000 0.000000 1.000000
vn 0.000000 0.000000 1.000000
vn 0.000000 0.000000 1.000000
vn 0.000000 0.000000 1.000000
vn 0.000000 0.000000 1.000000
vn 0.000000 0.000000 1.000000
vn 0.000000 0.000000 1.000000
vn 0.000000 0.000000 1.000000
vn 0.000000 0.000000 1.000000
vn 0.000000 0.000000 1.000000
vn 0.000000 0.000000 1.000000
vn 0.000000 0.000000 1.000000
vn 0.000000 0.000000 1.000000
vn 0.000000 0.000000 1.000000
vn 0.000000 0.000000 1.000000
vn 0.000000 0.000000 1.000000
vn 0.000000 0.000000 1.000000
vn 0.000000 0.000000 1.000000
vn 0.000000 0.000000 1.000000
vn 0.000000 0.000000 1.000000
vn 0.000000 0.000000 1.000000
vn 0.000000 0.000000 1.000000
vn 0.000000 0.000000 1.000000
vn 0.000000 0.000000 1.000000
vn 0.000000 0.000000 1.000000
vn 0.000000 0.000000 1.000000
vn 0.000000 0.000000 1.000000
vn 0.000000 0.000000 1.000000
vn 0.000000 0.000000 1.000000
vn 0.000000 0.000000 1.000000
vn 0.000000 0.000000 1.000000
vn 0.000000 0.000000 1.000000
vn 0.000000 0.000000 1.000000
vn 0.000000 0.000000 1.000000
vn 0.000000 0.000000 1.000000
vn 0.000000 0.000000 1.000000
vn 0.000000 0.000000 1.000000
vn 0.000000 0.000000 1.000000
vn 0.000000 0.000000 1.000000
vn 0.000000 0.000000 1.000000
vn 0.000000 0.000000 1.000000
vn 0.000000 0.000000 1.000000
vn 0.000000 0.000000 1.000000
vn 0.000000 0.000000 1.000000
vn 0.000000 0.000000 1.000000
vn 0.000000 0.000000 1.000000
vn 0.000000 0.000000 1.000000
vn 0.000000 0.000000 1.000000
vn 0.000000 0.000000 1.000000
vn 0.000000 0.000000 1.000000
vn 0.000000 0.000000 1.000000
vn 0.000000 0.000000 1.000000
vn 0.000000 0.000000 1.000000
vn 0.000000 0.000000 1.000000
vn 0.000000 0.000000 1.000000
vn 0.000000 0.000000 1.000000
vn 0.000000 0.000000 1.000000
vn 0.000000 0.000000 1.000000
vn 0.000000 0.000000 1.000000
vn 0.000000 0.000000 1.000000
vn 0.000000 0.000000 1.000000
vn 0.000000 0.000000 1.000000
vn 0.000000 0.000000 1.000000
vn 0.000000 0.000000 1.000000
vn 0.000000 0.000000 1.000000
vn 0.000000 0.000000 1.000000
vn 0.000000 0.000000 1.000000
vn 0.000000 0.000000 1.000000
vn 0.000000 0.000000 1.000000
vn 0.000000 0.000000 1.000000
vn 0.000000 0.000000 1.000000
vn 0.000000 0.000000 1.000000
vn 0.000000 0.000000 1.000000
vn 0.000000 0.000000 1.000000
vn 0.000000 0.000000 1.000000
vn 0.000000 0.000000 1.000000
vn 0.000000 0.000000 1.000000
vn 0.000000 0.000000 1.000000
vn 0.000000 0.000000 1.000000
vn 0.000000 0.000000 1.000000
vn 0.000000 0.000000 1.000000
vn 0.000000 0.000000 1.000000
vn 0.000000 0.000000 1.000000
vn 0.000000 0.000000 1.000000
vn 0.000000 0.000000 1.000000
vn 0.000000 0.000000 1.000000
vn 0.000000 0.000000 1.000000
vn 0.000000 0.000000 1.000000
vn 0.000000 0.000000 1.000000
vn 0.000000 0.000000 1.000000
vn 0.000000 0.000000 1.000000
vn 0.000000 0.000000 1.000000
vn 0.000000 0.000000 1.000000
vn 0.000000 0.000000 1.000000
vn 0.000000 0.000000 1.000000
vn 0.000000 0.000000 1.000000
vn 0.000000 0.000000 1.000000
vn 0.000000 0.000000 1.000000
vn 0.000000 0.000000 1.000000
vn 0.000000 0.000000 1.000000
vn 0.000000 0.000000 1.000000
vn 0.000000 0.000000 1.000000
vn 0.000000 0.000000 1.000000
vn 0.000000 0.000000 1.000000
vn 0.000000 0.000000 1.000000
vn 0.000000 0.000000 1.000000
vn 0.000000 0.000000 1.000000
vn 0.000000 0.000000 1.000000
vn 0.000000 0.000000 1.000000
vn 0.000000 0.000000 1.000000
vn 0.000000 0.000000 1.000000
vn 0.000000 0.000000 1.000000
vn 0.000000 0.000000 1.000000
vn 0.000000 0.000000 1.000000
vn 0.000000 0.000000 1.000000
vn 0.000000 0.000000 1.000000
vn 0.000000 0.000000 1.000000
vn 0.000000 0.000000 1.000000
vn 0.000000 0.000000 1.000000
vn 0.000000 0.000000 1.000000
vn 0.000000 0.000000 1.000000
vn 0.000000 0.000000 1.000000
vn 0.000000 0.000000 1.000000
vn 0.000000 0.000000 1.000000
vn 0.000000 0.000000 1.000000
vn 0.000000 0.000000 1.000000
vn 0.000000 0.000000 1.000000
vn 0.000000 0.000000 1.000000
vn 0.000000 0.000000 1.000000
vn 0.000000 0.000000 1.000000
vn 0.000000 0.000000 1.000000
vn 0.000000 0.000000 1.000000
vn 0.000000 0.000000 1.000000
vn 0.000000 0.000000 1.000000
vn 0.000000 0.000000 1.000000
vn 0.000000 0.000000 1.000000
vn 0.000000 0.000000 1.000000
vn 0.000000 0.000000 1.000000
vn 0.000000 0.000000 1.000000
vn 0.000000 0.000000 1.000000
vn 0.000000 0.000000 1.000000
vn 0.000000 0.000000 1.000000
vn 0.000000 0.000000 1.000000
vn 0.000000 0.000000 1.000000
vn 0.000000 0.000000 1.000000
vn 0.000000 0.000000 1.000000
vn 0.000000 0.000000 1.000000
vn 0.000000 0.000000 1.000000
vn 0.000000 0.000000 1.000000
vn 0.000000 0.000000 1.000000
vn 0.000000 0.000000 1.000000
vn 0.000000 0.000000 1.000000
vn 0.000000 0.000000 1.000000
vn 0.000000 0.000000 1.000000
vn 0.000000 0.000000 1.000000
vn 0.000000 0.000000 1.000000
vn 0.000000 0.000000 1.000000
vn 0.000000 0.000000 1.000000
vn 0.000000 0.000000 1.000000
vn 0.000000 0.000000 1.000000
vn 0.000000 0.000000 1.000000
vn 0.000000 0.000000 1.000000
vn 0.000000 0.000000 1.000000
vn 0.000000 0.000000 1.000000
vn 0.000000 0.000000 1.000000
vn 0.000000 0.000000 1.000000
vn 0.000000 0.000000 1.000000
vn 0.000000 0.000000 1.000000
vn 0.000000 0.000000 1.000000
vn 0.000000 0.000000 1.000000
vn 0.000000 0.000000 1.000000
vn 0.000000 0.000000 1.000000
vn 0.000000 0.000000 1.000000
vn 0.000000 0.000000 1.000000
vn 0.000000 0.000000 1.000000
vn 0.000000 0.000000 1.000000
vn 0.000000 0.000000 1.000000
vn 0.000000 0.000000 1.000000
vn 0.000000 0.000000 1.000000
vn 0.000000 0.000000 1.000000
vn 0.000000 0.000000 1.000000
vn 0.000000 0.000000 1.000000
vn 0.000000 0.000000 1.000000
vn 0.000000 0.000000 1.000000
vn 0.000000 0.000000 1.000000
vn 0.000000 0.000000 1.000000
vn 0.000000 0.000000 1.000000
vn 0.000000 0.000000 1.000000
vn 0.000000 0.000000 1.000000
vn 0.000000 0.000000 1.000000
vn 0.000000 0.000000 1.000000
vn 0.000000 0.000000 1.000000
vn 0.000000 0.000000 1.000000
vn 0.000000 0.000000 1.000000
vn 0.000000 0.000000 1.000000
vn 0.000000 0.000000 1.000000
vn 0.000000 0.000000 1.000000
vn 0.000000 0.000000 1.000000
vn 0.000000 0.000000 1.000000
vn 0.000000 0.000000 1.000000
vn 0.000000 0.000000 1.000000
vn 0.000000 0.000000 1.000000
vn 0.000000 0.000000 1.000000
vn 0.000000 0.000000 1.000000
vn 0.000000 0.000000 1.000000
vn 0.000000 0.000000 1.000000
vn 0.000000 0.000000 1.000000
vn 0.000000 0.000000 1.000000
vn 0.000000 0.000000 1.000000
vn 0.000000 0.000000 1.000000
vn 0.000000 0.000000 1.000000
vn 0.000000 0.000000 1.000000
vn 0.000000 0.000000 1.000000
vn 0.000000 0.000000 1.000000
vn 0.000000 0.000000 1.000000
vn 0.000000 0.000000 1.000000
vn 0.000000 0.000000 1.000000
vn 0.000000 0.000000 1.000000
vn 0.000000 0.000000 1.000000
vn 0.000000 0.000000 1.000000
vn 0.000000 0.000000 1.000000
vn 0.000000 0.000000 1.000000
vn 0.000000 0.000000 1.000000
vn 0.000000 0.000000 1.000000
vn 0.000000 0.000000 1.000000
vn 0.000000 0.000000 1.000000
vn 0.000000 0.000000 1.000000
vn 0.000000 0.000000 1.000000
vn 0.000000 0.000000 1.000000
vn 0.000000 0.000000 1.000000
vn 0.000000 0.000000 1.000000
vn 0.000000 0.000000 1.000000
vn 0.000000 0.000000 1.000000
vn 0.000000 0.000000 1.000000
vn 0.000000 0.000000 1.000000
vn 0.000000 0.000000 1.000000
vn 0.000000 0.000000 1.000000
vn 0.000000 0.000000 1.000000
vn 0.000000 0.000000 1.000000
vn 0.000000 0.000000 1.000000
vn 0.000000 0.000000 1.000000
vn 0.000000 0.000000 1.000000
vn 0.000000 0.000000 1.000000
vn 0.000000 0.000000 1.000000
vn 0.000000 0.000000 1.000000
vn 0.000000 0.000000 1.000000
vn 0.000000 0.000000 1.000000
vn 0.000000 0.000000 1.000000
vn 0.000000 0.000000 1.000000
vn 0.000000 0.000000 1.000000
vn 0.000000 0.000000 1.000000
vn 0.000000 0.000000 1.000000
vn 0.000000 0.000000 1.000000
vn 0.000000 0.000000 1.000000
vn 0.000000 0.000000 1.000000
vn 0.000000 0.000000 1.000000
vn 0.000000 0.000000 1.000000
vn 0.000000 0.000000 1.000000
vn 0.000000 0.000000 1.000000
vn 0.000000 0.000000 1.000000
vn 0.000000 0.000000 1.000000
vn 0.000000 0.000000 1.000000
vn 0.000000 0.000000 1.000000
vn 0.000000 0.000000 1.000000
vn 0.000000 0.000000 1.000000
vn 0.000000 0.000000 1.000000
vn 0.000000 0.000000 1.000000
vn 0.000000 0.000000 1.000000
vn 0.000000 0.000000 1.000000
vn 0.000000 0.000000 1.000000
vn 0.000000 0.000000 1.000000
vn 0.000000 0.000000 1.000000
vn 0.000000 0.000000 1.000000
vn 0.000000 0.000000 1.000000
vn 0.000000 0.000000 1.000000
vn 0.000000 0.000000 1.000000
vn 0.000000 0.000000 1.000000
vn 0.000000 0.000000 1.000000
vn 0.000000 0.000000 1.000000
vn 0.000000 0.000000 1.000000
vn 0.000000 0.000000 1.000000
vn 0.000000 0.000000 1.000000
vn 0.000000 0.000000 1.000000
vn 0.000000 0.000000 1.000000
vn 0.000000 0.000000 1.000000
vn 0.000000 0.000000 1.000000
vn 0.000000 0.000000 1.000000
vn 0.000000 0.000000 1.000000
vn 0.000000 0.000000 1.000000
vn 0.000000 0.000000 1.000000
vn 0.000000 0.000000 1.000000
vn 0.000000 0.000000 1.000000
vn 0.000000 0.000000 1.000000
vn 0.000000 0.000000 1.000000
vn 0.000000 0.000000 1.000000
vn 0.000000 0.000000 1.000000
vn 0.000000 0.000000 1.000000
vn 0.000000 0.000000 1.000000
vn 0.000000 0.000000 1.000000
vn 0.000000 0.000000 1.000000
vn 0.000000 0.000000 1.000000
vn 0.000000 0.000000 1.000000
vn 0.000000 0.000000 1.000000
vn 0.000000 0.000000 1.000000
vn 0.000000 0.000000 1.000000
vn 0.000000 0.000000 1.000000
vn 0.000000 0.000000 1.000000
vn 0.000000 0.000000 1.000000
vn 0.000000 0.000000 1.000000
vn 0.000000 0.000000 1.000000
vn 0.000000 0.000000 1.000000
vn 0.000000 0.000000 1.000000
vn 0.000000 0.000000 1.000000
vn 0.000000 0.000000 1.000000
vn 0.000000 0.000000 1.000000
vn 0.000000 0.000000 1.000000
vn 0.000000 0.000000 1.000000
vn 0.000000 0.000000 1.000000
vn 0.000000 0.000000 1.000000
vn 0.000000 0.000000 1.000000
vn 0.000000 0.000000 1.000000
vn 0.000000 0.000000 1.000000
vn 0.000000 0.000000 1.000000
vn 0.000000 0.000000 1.000000
vn 0.000000 0.000000 1.000000
vn 0.000000 0.000000 1.000000
vn 0.000000 0.000000 1.000000
vn 0.000000 0.000000 1.000000
vn 0.000000 0.000000 1.000000
vn 0.000000 0.000000 1.000000
vn 0.000000 0.000000 1.000000
vn 0.000000 0.000000 1.000000
vn 0.000000 0.000000 1.000000
vn 0.000000 0.000000 1.000000
vn 0.000000 0.000000 1.000000
vn 0.000000 0.000000 1.000000
vn 0.000000 0.000000 1.000000
vn 0.000000 0.000000 1.000000
vn 0.000000 0.000000 1.000000
vn 0.000000 0.000000 1.000000
vn 0.000000 0.000000 1.000000
vn 0.000000 0.000000 1.000000
vn 0.000000 0.000000 1.000000
vn 0.000000 0.000000 1.000000
vn 0.000000 0.000000 1.000000
vn 0.000000 0.000000 1.000000
vn 0.000000 0.000000 1.000000
vn 0.000000 0.000000 1.000000
vn 0.000000 0.000000 1.000000
vn 0.000000 0.000000 1.000000
vn 0.000000 0.000000 1.000000
vn 0.000000 0.000000 1.000000
vn 0.000000 0.000000 1.000000
vn 0.000000 0.000000 1.000000
vn 0.000000 0.000000 1.000000
vn 0.000000 0.000000 1.000000
vn 0.000000 0.000000 1.000000
vn 0.000000 0.000000 1.000000
vn 0.000000 0.000000 1.000000
vn 0.000000 0.000000 1.000000
vn 0.000000 0.000000 1.000000
vn 0.000000 0.000000 1.000000
vn 0.000000 0.000000 1.000000
vn 0.000000 0.000000 1.000000
vn 0.000000 0.000000 1.000000
vn 0.000000 0.000000 1.000000
vn 0.000000 0.000000 1.000000
vn 0.000000 0.000000 1.000000
vn 0.000000 0.000000 1.000000
vn 0.000000 0.000000 1.000000
vn 0.000000 0.000000 1.000000
vn 0.000000 0.000000 1.000000
vn 0.000000 0.000000 1.000000
vn 0.000000 0.000000 1.000000
vn 0.000000 0.000000 1.000000
vn 0.000000 0.000000 1.000000
vn 0.000000 0.000000 1.000000
vn 0.000000 0.000000 1.000000
vn 0.000000 0.000000 1.000000
vn 0.000000 0.000000 1.000000
vn 0.000000 0.000000 1.000000
vn 0.000000 0.000000 1.000000
vn 0.000000 0.000000 1.000000
vn 0.000000 0.000000 1.000000
vn 0.000000 0.000000 1.000000
vn 0.000000 0.000000 1.000000
vn 0.000000 0.000000 1.000000
vn 0.000000 0.000000 1.000000
vn 0.000000 0.000000 1.000000
vn 0.000000 0.000000 1.000000
vn 0.000000 0.000000 1.000000
vn 0.000000 0.000000 1.000000
vn 0.000000 0.000000 1.000000
vn 0.000000 0.000000 1.000000
vn 0.000000 0.000000 1.000000
vn 0.000000 0.000000 1.000000
vn 0.000000 0.000000 1.000000
vn 0.000000 0.000000 1.000000
vn 0.000000 0.000000 1.000000
vn 0.000000 0.000000 1.000000
vn 0.000000 0.000000 1.000000
vn 0.000000 0.000000 1.000000
vn 0.000000 0.000000 1.000000
vn 0.000000 0.000000 1.000000
vn 0.000000 0.000000 1.000000
vn 0.000000 0.000000 1.000000
vn 0.000000 0.000000 1.000000
vn 0.000000 0.000000 1.000000
vn 0.000000 0.000000 1.000000
vn 0.000000 0.000000 1.000000
vn 0.000000 0.000000 1.000000
vn 0.000000 0.000000 1.000000
vn 0.000000 0.000000 1.000000
vn 0.000000 0.000000 1.000000
vn 0.000000 0.000000 1.000000
vn 0.000000 0.000000 1.000000
vn 0.000000 0.000000 1.000000
vn 0.000000 0.000000 1.000000
vn 0.000000 0.000000 1.000000
vn 0.000000 0.000000 1.000000
vn 0.000000 0.000000 1.000000
vn 0.000000 0.000000 1.000000
vn 0.000000 0.000000 1.000000
vn 0.000000 0.000000 1.000000
vn 0.000000 0.000000 1.000000
vn 0.000000 0.000000 1.000000
vn 0.000000 0.000000 1.000000
vn 0.000000 0.000000 1.000000
vn 0.000000 0.000000 1.000000
vn 0.000000 0.000000 1.000000
vn 0.000000 0.000000 1.000000
vn 0.000000 0.000000 1.000000
vn 0.000000 0.000000 1.000000
vn 0.000000 0.000000 1.000000
vn 0.000000 0.000000 1.000000
vn 0.000000 0.000000 1.000000
vn 0.000000 0.000000 1.000000
vn 0.000000 0.000000 1.000000
vn 0.000000 0.000000 1.000000
vn 0.000000 0.000000 1.000000
vn 0.000000 0.000000 1.000000
vn 0.000000 0.000000 1.000000
vn 0.000000 0.000000 1.000000
vn 0.000000 0.000000 1.000000
vn 0.000000 0.000000 1.000000
vn 0.000000 0.000000 1.000000
vn 0.000000 0.000000 1.000000
vn 0.000000 0.000000 1.000000
vn 0.000000 0.000000 1.000000
vn 0.000000 0.000000 1.000000
vn 0.000000 0.000000 1.000000
vn 0.000000 0.000000 1.000000
vn 0.000000 0.000000 1.000000
vn 0.000000 0.000000 1.000000
vn 0.000000 0.000000 1.000000
vn 0.000000 0.000000 1.000000
vn 0.000000 0.000000 1.000000
vn 0.000000 0.000000 1.000000
vn 0.000000 0.000000 1.000000
vn 0.000000 0.000000 1.000000
vn 0.000000 0.000000 1.000000
vn 0.000000 0.000000 1.000000
vn 0.000000 0.000000 1.000000
vn 0.000000 0.000000 1.000000
vn 0.000000 0.000000 1.000000
vn 0.000000 0.000000 1.000000
vn 0.000000 0.000000 1.000000
vn 0.000000 0.000000 1.000000
vn 0.000000 0.000000 1.000000
vn 0.000000 0.000000 1.000000
vn 0.000000 0.000000 1.000000
vn 0.000000 0.000000 1.000000
vn 0.000000 0.000000 1.000000
vn 0.000000 0.000000 1.000000
vn 0.000000 0.000000 1.000000
vn 0.000000 0.000000 1.000000
vn 0.000000 0.000000 1.000000
vn 0.000000 0.000000 1.000000
vn 0.000000 0.000000 1.000000
vn 0.000000 0.000000 1.000000
vn 0.000000 0.000000 1.000000
vn 0.000000 0.000000 1.000000
vn 0.000000 0.000000 1.000000
vn 0.000000 0.000000 1.000000
vn 0.000000 0.000000 1.000000
vn 0.000000 0.000000 1.000000
vn 0.000000 0.000000 1.000000
vn 0.000000 0.000000 1.000000
vn 0.000000 0.000000 1.000000
vn 0.000000 0.000000 1.000000
vn 0.000000 0.000000 1.000000
vn 0.000000 0.000000 1.000000
vn 0.000000 0.000000 1.000000
vn 0.000000 0.000000 1.000000
vn 0.000000 0.000000 1.000000
vn 0.000000 0.000000 1.000000
vn 0.000000 0.000000 1.000000
vn 0.000000 0.000000 1.000000
vn 0.000000 0.000000 1.000000
vn 0.000000 0.000000 1.000000
vn 0.000000 0.000000 1.000000
vn 0.000000 0.000000 1.000000
vn 0.000000 0.000000 1.000000
vn 0.000000 0.000000 1.000000
vn 0.000000 0.000000 1.000000
vn 0.000000 0.000000 1.000000
vn 0.000000 0.000000 1.000000
vn 0.000000 0.000000 1.000000
vn 0.000000 0.000000 1.000000
vn 0.000000 0.000000 1.000000
vn 0.000000 0.000000 1.000000
vn 0.000000 0.000000 1.000000
vn 0.000000 0.000000 1.000000
vn 0.000000 0.000000 1.000000
vn 0.000000 0.000000 1.000000
vn 0.000000 0.000000 1.000000
vn 0.000000 0.000000 1.000000
vn 0.000000 0.000000 1.000000
vn 0.000000 0.000000 1.000000
vn 0.000000 0.000000 1.000000
vn 0.000000 0.000000 1.000000
vn 0.000000 0.000000 1.000000
vn 0.000000 0.000000 1.000000
vn 0.000000 0.000000 1.000000
vn 0.000000 0.000000 1.000000
vn 0.000000 0.000000 1.000000
vn 0.000000 0.000000 1.000000
vn 0.000000 0.000000 1.000000
vn 0.000000 0.000000 1.000000
vn 0.000000 0.000000 1.000000
vn 0.000000 0.000000 1.000000
vn 0.000000 0.000000 1.000000
vn 0.000000 0.000000 1.000000
vn 0.000000 0.000000 1.000000
vn 0.000000 0.000000 1.000000
vn 0.000000 0.000000 1.000000
vn 0.000000 0.000000 1.000000
vn 0.000000 0.000000 1.000000
vn 0.000000 0.000000 1.000000
vn 0.000000 0.000000 1.000000
vn 0.000000 0.000000 1.000000
vn 0.000000 0.000000 1.000000
vn 0.000000 0.000000 1.000000
vn 0.000000 0.000000 1.000000
vn 0.000000 0.000000 1.000000
vn 0.000000 0.000000 1.000000
vn 0.000000 0.000000 1.000000
vn 0.000000 0.000000 1.000000
vn 0.000000 0.000000 1.000000
vn 0.000000 0.000000 1.000000
vn 0.000000 0.000000 1.000000
vn 0.000000 0.000000 1.000000
vn 0.000000 0.000000 1.000000
vn 0.000000 0.000000 1.000000
vn 0.000000 0.000000 1.000000
vn 0.000000 0.000000 1.000000
vn 0.000000 0.000000 1.000000
vn 0.000000 0.000000 1.000000
vn 0.000000 0.000000 1.000000
vn 0.000000 0.000000 1.000000
vn 0.000000 0.000000 1.000000
vn 0.000000 0.000000 1.000000
vn 0.000000 0.000000 1.000000
vn 0.000000 0.000000 1.000000
vn 0.000000 0.000000 1.000000
vn 0.000000 0.000000 1.000000
vn 0.000000 0.000000 1.000000
vn 0.000000 0.000000 1.000000
vn 0.000000 0.000000 1.000000
vn 0.000000 0.000000 1.000000
vn 0.000000 0.000000 1.000000
vn 0.000000 0.000000 1.000000
vn 0.000000 0.000000 1.000000
vn 0.000000 0.000000 1.000000
vn 0.000000 0.000000 1.000000
vn 0.000000 0.000000 1.000000
vn 0.000000 0.000000 1.000000
vn 0.000000 0.000000 1.000000
vn 0.000000 0.000000 1.000000
vn 0.000000 0.000000 1.000000
vn 0.000000 0.000000 1.000000
vn 0.000000 0.000000 1.000000
vn 0.000000 0.000000 1.000000
vn 0.000000 0.000000 1.000000
vn 0.000000 0.000000 1.000000
vn 0.000000 0.000000 1.000000
vn 0.000000 0.000000 1.000000
vn 0.000000 0.000000 1.000000
vn 0.000000 0.000000 1.000000
vn 0.000000 0.000000 1.000000
vn 0.000000 0.000000 1.000000
vn 0.000000 0.000000 1.000000
vn 0.000000 0.000000 1.000000
vn 0.000000 0.000000 1.000000
vn 0.000000 0.000000 1.000000
vn 0.000000 0.000000 1.000000
vn 0.000000 0.000000 1.000000
vn 0.000000 0.000000 1.000000
vn 0.000000 0.000000 1.000000
vn 0.000000 0.000000 1.000000
vn 0.000000 0.000000 1.000000
vn 0.000000 0.000000 1.000000
vn 0.000000 0.000000 1.000000
vn 0.000000 0.000000 1.000000
vn 0.000000 0.000000 1.000000
vn 0.000000 0.000000 1.000000
vn 0.000000 0.000000 1.000000
vn 0.000000 0.000000 1.000000
vn 0.000000 0.000000 1.000000
vn 0.000000 0.000000 1.000000
vn 0.000000 0.000000 1.000000
vn 0.000000 0.000000 1.000000
vn 0.000000 0.000000 1.000000
vn 0.000000 0.000000 1.000000
vn 0.000000 0.000000 1.000000
vn 0.000000 0.000000 1.000000
vn 0.000000 0.000000 1.000000
vn 0.000000 0.000000 1.000000
vn 0.000000 0.000000 1.000000
vn 0.000000 0.000000 1.000000
vn 0.000000 0.000000 1.000000
vn 0.000000 0.000000 1.000000
vn 0.000000 0.000000 1.000000
vn 0.000000 0.000000 1.000000
vn 0.000000 0.000000 1.000000
vn 0.000000 0.000000 1.000000
vn 0.000000 0.000000 1.000000
vn 0.000000 0.000000 1.000000
vn 0.000000 0.000000 1.000000
vn 0.000000 0.000000 1.000000
vn 0.000000 0.000000 1.000000
vn 0.000000 0.000000 1.000000
vn 0.000000 0.000000 1.000000
vn 0.000000 0.000000 1.000000
vn 0.000000 0.000000 1.000000
vn 0.000000 0.000000 1.000000
vn 0.000000 0.000000 1.000000
vn 0.000000 0.000000 1.000000
vn 0.000000 0.000000 1.000000
vn 0.000000 0.000000 1.000000
vn 0.000000 0.000000 1.000000
vn 0.000000 0.000000 1.000000
vn 0.000000 0.000000 1.000000
vn 0.000000 0.000000 1.000000
vn 0.000000 0.000000 1.000000
vn 0.000000 0.000000 1.000000
vn 0.000000 0.000000 1.000000
vn 0.000000 0.000000 1.000000
vn 0.000000 0.000000 1.000000
vn 0.000000 0.000000 1.000000
vn 0.000000 0.000000 1.000000
vn 0.000000 0.000000 1.000000
vn 0.000000 0.000000 1.000000
vn 0.000000 0.000000 1.000000
vn 0.000000 0.000000 1.000000
vn 0.000000 0.000000 1.000000
vn 0.000000 0.000000 1.000000
vn 0.000000 0.000000 1.000000
vn 0.000000 0.000000 1.000000
vn 0.000000 0.000000 1.000000
vn 0.000000 0.000000 1.000000
vn 0.000000 0.000000 1.000000
vn 0.000000 0.000000 1.000000
vn 0.000000 0.000000 1.000000
vn 0.000000 0.000000 1.000000
vn 0.000000 0.000000 1.000000
vn 0.000000 0.000000 1.000000
vn 0.000000 0.000000 1.000000
vn 0.000000 0.000000 1.000000
vn 0.000000 0.000000 1.000000
vn 0.000000 0.000000 1.000000
vn 0.000000 0.000000 1.000000
vn 0.000000 0.000000 1.000000
vn 0.000000 0.000000 1.000000
vn 0.000000 0.000000 1.000000
vn 0.000000 0.000000 1.000000
vn 0.000000 0.000000 1.000000
vn 0.000000 0.000000 1.000000
vn 0.000000 0.000000 1.000000
vn 0.000000 0.000000 1.000000
vn 0.000000 0.000000 1.000000
vn 0.000000 0.000000 1.000000
f 6445//6445 5721//5721 5723//5723
f 6444//6444 6445//6445 5723//5723
f 6443//6443 6444//6444 5723//5723
f 6446//6446 5721//5721 6445//6445
f 6447//6447 5721//5721 6446//6446
f 6442//6442 6443//6443 5723//5723
f 6448//6448 5721//5721 6447//6447
f 6441//6441 6442//6442 5723//5723
f 6440//6440 6441//6441 5723//5723
f 6413//6413 5721//5721 6448//6448
f 6414//6414 5721//5721 6413//6413
f 6439//6439 6440//6440 5723//5723
f 6415//6415 5721//5721 6414//6414
f 6438//6438 6439//6439 5723//5723
f 6416//6416 5721//5721 6415//6415
f 6437//6437 6438//6438 5723//5723
f 6409//6409 6435//6435 6436//6436
f 6480//6480 6481//6481 6417//6417
f 6480//6480 6417//6417 6418//6418
f 6408//6408 6409//6409 6436//6436
f 6479//6479 6480//6480 6418//6418
f 6479//6479 6418//6418 6419//6419
f 6479//6479 6419//6419 6420//6420
f 6482//6482 6417//6417 6481//6481
f 6482//6482 6416//6416 6417//6417
f 6482//6482 5721//5721 6416//6416
f 6410//6410 6434//6434 6435//6435
f 6410//6410 6435//6435 6409//6409
f 6407//6407 6437//6437 5723//5723
f 6407//6407 6436//6436 6437//6437
f 6407//6407 6408//6408 6436//6436
f 6483//6483 5721//5721 6482//6482
f 6478//6478 6479//6479 6420//6420
f 6411//6411 6433//6433 6434//6434
f 6411//6411 6434//6434 6410//6410
f 6406//6406 6407//6407 5723//5723
f 6484//6484 5721//5721 6483//6483
f 6412//6412 6432//6432 6433//6433
f 6412//6412 6433//6433 6411//6411
f 6477//6477 6478//6478 6420//6420
f 6477//6477 6420//6420 6421//6421
f 6405//6405 6406//6406 5723//5723
f 6476//6476 6477//6477 6421//6421
f 6476//6476 6421//6421 6422//6422
f 6449//6449 5721//5721 6484//6484
f 6404//6404 6405//6405 5723//5723
f 6377//6377 6431//6431 6432//6432
f 6377//6377 6432//6432 6412//6412
f 6475//6475 6476//6476 6422//6422
f 6475//6475 6422//6422 6423//6423
f 6378//6378 6430//6430 6431//6431
f 6378//6378 6431//6431 6377//6377
f 6474//6474 6475//6475 6423//6423
f 6474//6474 6423//6423 6424//6424
f 6379//6379 6429//6429 6430//6430
f 6379//6379 6430//6430 6378//6378
f 6193//6193 6426//6426 6427//6427
f 6192//6192 6193//6193 6427//6427
f 6194//6194 6426//6426 6193//6193
f 6194//6194 6425//6425 6426//6426
f 6191//6191 6427//6427 6428//6428
f 6191//6191 6192//6192 6427//6427
f 6190//6190 6428//6428 6429//6429
f 6190//6190 6191//6191 6428//6428
f 6190//6190 6429//6429 6379//6379
f 6195//6195 6474//6474 6424//6424
f 6195//6195 6425//6425 6194//6194
f 6195//6195 6424//6424 6425//6425
f 6196//6196 6473//6473 6474//6474
f 6196//6196 6474//6474 6195//6195
f 6189//6189 6379//6379 6380//6380
f 6189//6189 6190//6190 6379//6379
f 6161//6161 6472//6472 6473//6473
f 6161//6161 6473//6473 6196//6196
f 6188//6188 6189//6189 6380//6380
f 6188//6188 6380//6380 6381//6381
f 6162//6162 6472//6472 6161//6161
f 6162//6162 6471//6471 6472//6472
f 6187//6187 6188//6188 6381//6381
f 6187//6187 6381//6381 6382//6382
f 6186//6186 6382//6382 6383//6383
f 6186//6186 6187//6187 6382//6382
f 6163//6163 6471//6471 6162//6162
f 6163//6163 6470//6470 6471//6471
f 6164//6164 6470//6470 6163//6163
f 6164//6164 6469//6469 6470//6470
f 6185//6185 6186//6186 6383//6383
f 6185//6185 6383//6383 6384//6384
f 6184//6184 6185//6185 6384//6384
f 6165//6165 6469//6469 6164//6164
f 6012//6012 6013//6013 6183//6183
f 6012//6012 6384//6384 6385//6385
f 6012//6012 6183//6183 6184//6184
f 6012//6012 6184//6184 6384//6384
f 6229//6229 6469//6469 6165//6165
f 6229//6229 6166//6166 6228//6228
f 6229//6229 6165//6165 6166//6166
f 6229//6229 6468//6468 6469//6469
f 6227//6227 6228//6228 6166//6166
f 6227//6227 6166//6166 6167//6167
f 6011//6011 6385//6385 6386//6386
f 6011//6011 6012//6012 6385//6385
f 6230//6230 6467//6467 6468//6468
f 6230//6230 6468//6468 6229//6229
f 6014//6014 6183//6183 6013//6013
f 6014//6014 6181//6181 6182//6182
f 6014//6014 6182//6182 6183//6183
f 6226//6226 6167//6167 6168//6168
f 6226//6226 6227//6227 6167//6167
f 6015//6015 6181//6181 6014//6014
f 6231//6231 6466//6466 6467//6467
f 6231//6231 6467//6467 6230//6230
f 6010//6010 6386//6386 6387//6387
f 6010//6010 6011//6011 6386//6386
f 6016//6016 6181//6181 6015//6015
f 6016//6016 6180//6180 6181//6181
f 6232//6232 6465//6465 6466//6466
f 6232//6232 6466//6466 6231//6231
f 6225//6225 6226//6226 6168//6168
f 6225//6225 6168//6168 6169//6169
f 6009//6009 6387//6387 6388//6388
f 6009//6009 6010//6010 6387//6387
f 6197//6197 6464//6464 6465//6465
f 6197//6197 6465//6465 6232//6232
f 6224//6224 6169//6169 6170//6170
f 6224//6224 6170//6170 6171//6171
f 6224//6224 6225//6225 6169//6169
f 6008//6008 6388//6388 6389//6389
f 6008//6008 6009//6009 6388//6388
f 5981//5981 6179//6179 6180//6180
f 5981//5981 6180//6180 6016//6016
f 6223//6223 6224//6224 6171//6171
f 6223//6223 6171//6171 6172//6172
f 6198//6198 6463//6463 6464//6464
f 6198//6198 6464//6464 6197//6197
f 5982//5982 6178//6178 6179//6179
f 5982//5982 6179//6179 5981//5981
f 6007//6007 6008//6008 6389//6389
f 6007//6007 6389//6389 6390//6390
f 6222//6222 6172//6172 6173//6173
f 6222//6222 6223//6223 6172//6172
f 6006//6006 6390//6390 6391//6391
f 6006//6006 6007//6007 6390//6390
f 5983//5983 6178//6178 5982//5982
f 5983//5983 6177//6177 6178//6178
f 6199//6199 6462//6462 6463//6463
f 6199//6199 6463//6463 6198//6198
f 6221//6221 6222//6222 6173//6173
f 6221//6221 6173//6173 6174//6174
f 6005//6005 6391//6391 6392//6392
f 6005//6005 6006//6006 6391//6391
f 5984//5984 6177//6177 5983//5983
f 5984//5984 6175//6175 6176//6176
f 5984//5984 6176//6176 6177//6177
f 6200//6200 6461//6461 6462//6462
f 6200//6200 6462//6462 6199//6199
f 6004//6004 6005//6005 6392//6392
f 5985//5985 6175//6175 5984//5984
f 5985//5985 6174//6174 6175//6175
f 6201//6201 6461//6461 6200//6200
f 6220//6220 6174//6174 5985//5985
f 6220//6220 6221//6221 6174//6174
f 6219//6219 6220//6220 5985//5985
f 5986//5986 6219//6219 5985//5985
f 5987//5987 6219//6219 5986//5986
f 5987//5987 6218//6218 6219//6219
f 5988//5988 6218//6218 5987//5987
f 5988//5988 6217//6217 6218//6218
f 5989//5989 6217//6217 5988//5988
f 6216//6216 6217//6217 5989//5989
f 5990//5990 6216//6216 5989//5989
f 5990//5990 6215//6215 6216//6216
f 6214//6214 6215//6215 5990//5990
f 5991//5991 6214//6214 5990//5990
f 6213//6213 6214//6214 5991//5991
f 5992//5992 6213//6213 5991//5991
f 6516//6516 6517//6517 6453//6453
f 6516//6516 6453//6453 6454//6454
f 6372//6372 6399//6399 6400//6400
f 6373//6373 6399//6399 6372//6372
f 6515//6515 6516//6516 6454//6454
f 6515//6515 6454//6454 6455//6455
f 6518//6518 6453//6453 6517//6517
f 6518//6518 6451//6451 6452//6452
f 6518//6518 6452//6452 6453//6453
f 6371//6371 6372//6372 6400//6400
f 6371//6371 6400//6400 6401//6401
f 6374//6374 6399//6399 6373//6373
f 6374//6374 6398//6398 6399//6399
f 6519//6519 6451//6451 6518//6518
f 6514//6514 6515//6515 6455//6455
f 6514//6514 6455//6455 6456//6456
f 6514//6514 6456//6456 6457//6457
f 6370//6370 6371//6371 6401//6401
f 6370//6370 6401//6401 6402//6402
f 6375//6375 6398//6398 6374//6374
f 6375//6375 6397//6397 6398//6398
f 6520//6520 6451//6451 6519//6519
f 6520//6520 6450//6450 6451//6451
f 6513//6513 6514//6514 6457//6457
f 6376//6376 6397//6397 6375//6375
f 6376//6376 6396//6396 6397//6397
f 6369//6369 6402//6402 6403//6403
f 6369//6369 6403//6403 6404//6404
f 6369//6369 6370//6370 6402//6402
f 6512//6512 6513//6513 6457//6457
f 6512//6512 6457//6457 6458//6458
f 6341//6341 6395//6395 6396//6396
f 6341//6341 6396//6396 6376//6376
f 6368//6368 6369//6369 6404//6404
f 6511//6511 6512//6512 6458//6458
f 6511//6511 6458//6458 6459//6459
f 6342//6342 6395//6395 6341//6341
f 6342//6342 6393//6393 6394//6394
f 6342//6342 6394//6394 6395//6395
f 6510//6510 6511//6511 6459//6459
f 6510//6510 6459//6459 6460//6460
f 6343//6343 6393//6393 6342//6342
f 6509//6509 6460//6460 6461//6461
f 6509//6509 6510//6510 6460//6460
f 6344//6344 6392//6392 6393//6393
f 6344//6344 6393//6393 6343//6343
f 5977//5977 6202//6202 5976//5976
f 5977//5977 6461//6461 6201//6201
f 5977//5977 6509//6509 6461//6461
f 5977//5977 6201//6201 6202//6202
f 6048//6048 6392//6392 6344//6344
f 6048//6048 6004//6004 6392//6392
f 6048//6048 6049//6049 6003//6003
f 6048//6048 6003//6003 6004//6004
f 5978//5978 6509//6509 5977//5977
f 5978//5978 6508//6508 6509//6509
f 5975//5975 5976//5976 6202//6202
f 5975//5975 6202//6202 6203//6203
f 6047//6047 6048//6048 6344//6344
f 6047//6047 6344//6344 6345//6345
f 6050//6050 6003//6003 6049//6049
f 6050//6050 6001//6001 6002//6002
f 6050//6050 6002//6002 6003//6003
f 5979//5979 6508//6508 5978//5978
f 5979//5979 6507//6507 6508//6508
f 5974//5974 5975//5975 6203//6203
f 5974//5974 6203//6203 6204//6204
f 5974//5974 6204//6204 6205//6205
f 6046//6046 6345//6345 6346//6346
f 6046//6046 6047//6047 6345//6345
f 6051//6051 6001//6001 6050//6050
f 5980//5980 6507//6507 5979//5979
f 5980//5980 6506//6506 6507//6507
f 5973//5973 5974//5974 6205//6205
f 6052//6052 6000//6000 6001//6001
f 6052//6052 6001//6001 6051//6051
f 6045//6045 6046//6046 6346//6346
f 6045//6045 6346//6346 6347//6347
f 5945//5945 6506//6506 5980//5980
f 5945//5945 6505//6505 6506//6506
f 5972//5972 5973//5973 6205//6205
f 5972//5972 6205//6205 6206//6206
f 6044//6044 6347//6347 6348//6348
f 6044//6044 6045//6045 6347//6347
f 6017//6017 6000//6000 6052//6052
f 6017//6017 5999//5999 6000//6000
f 6018//6018 5997//5997 5998//5998
f 6018//6018 5998//5998 5999//5999
f 6018//6018 5999//5999 6017//6017
f 6043//6043 6044//6044 6348//6348
f 6043//6043 6348//6348 6349//6349
f 5946//5946 6504//6504 6505//6505
f 5946//5946 6505//6505 5945//5945
f 5971//5971 5972//5972 6206//6206
f 5971//5971 6206//6206 6207//6207
f 5971//5971 6207//6207 6208//6208
f 5947//5947 6503//6503 6504//6504
f 5947//5947 6504//6504 5946//5946
f 5970//5970 6208//6208 6209//6209
f 5970//5970 5971//5971 6208//6208
f 6042//6042 6043//6043 6349//6349
f 6042//6042 6349//6349 6350//6350
f 6019//6019 5997//5997 6018//6018
f 6019//6019 5996//5996 5997//5997
f 5948//5948 6502//6502 6503//6503
f 5948//5948 6503//6503 5947//5947
f 5969//5969 5970//5970 6209//6209
f 6020//6020 5996//5996 6019//6019
f 6041//6041 6350//6350 6351//6351
f 6041//6041 6042//6042 6350//6350
f 5949//5949 6502//6502 5948//5948
f 5949//5949 6501//6501 6502//6502
f 5968//5968 5969//5969 6209//6209
f 5968//5968 6209//6209 6210//6210
f 6021//6021 5996//5996 6020//6020
f 6021//6021 5995//5995 5996//5996
f 6040//6040 6351//6351 6352//6352
f 6040//6040 6041//6041 6351//6351
f 5967//5967 6210//6210 6211//6211
f 5967//5967 5968//5968 6210//6210
f 6022//6022 5995//5995 6021//6021
f 6022//6022 5994//5994 5995//5995
f 5966//5966 5967//5967 6211//6211
f 5966//5966 6211//6211 6212//6212
f 6023//6023 5994//5994 6022//6022
f 6023//6023 5992//5992 5993//5993
f 6023//6023 5993//5993 5994//5994
f 6024//6024 5992//5992 6023//6023
f 5965//5965 5966//5966 6212//6212
f 5965//5965 6212//6212 6213//6213
f 6552//6552 6490//6490 6491//6491
f 6553//6553 6490//6490 6552//6552
f 6553//6553 6489//6489 6490//6490
f 6336//6336 6363//6363 6364//6364
f 6336//6336 6337//6337 6363//6363
f 6554//6554 6488//6488 6489//6489
f 6554//6554 6489//6489 6553//6553
f 6551//6551 6552//6552 6491//6491
f 6335//6335 6364//6364 6365//6365
f 6335//6335 6336//6336 6364//6364
f 6338//6338 6362//6362 6363//6363
f 6338//6338 6363//6363 6337//6337
f 6339//6339 6362//6362 6338//6338
f 6339//6339 6361//6361 6362//6362
f 6550//6550 6551//6551 6491//6491
f 6550//6550 6491//6491 6492//6492
f 6549//6549 6550//6550 6492//6492
f 6549//6549 6492//6492 6493//6493
f 6340//6340 6361//6361 6339//6339
f 6340//6340 6359//6359 6360//6360
f 6340//6340 6360//6360 6361//6361
f 6548//6548 6493//6493 6494//6494
f 6548//6548 6549//6549 6493//6493
f 6305//6305 6359//6359 6340//6340
f 5941//5941 6501//6501 5949//5949
f 5941//5941 5950//5950 5940//5940
f 5941//5941 5949//5949 5950//5950
f 6156//6156 6039//6039 6040//6040
f 6156//6156 6040//6040 6352//6352
f 6157//6157 6039//6039 6156//6156
f 5942//5942 6500//6500 6501//6501
f 5942//5942 6501//6501 5941//5941
f 5939//5939 5940//5940 5950//5950
f 5939//5939 5950//5950 5951//5951
f 5939//5939 5951//5951 5952//5952
f 6155//6155 6352//6352 6353//6353
f 6155//6155 6156//6156 6352//6352
f 6158//6158 6039//6039 6157//6157
f 6158//6158 6038//6038 6039//6039
f 6547//6547 6548//6548 6494//6494
f 6547//6547 6494//6494 6495//6495
f 6547//6547 6495//6495 6496//6496
f 6306//6306 6358//6358 6359//6359
f 6306//6306 6359//6359 6305//6305
f 5943//5943 6500//6500 5942//5942
f 5943//5943 6499//6499 6500//6500
f 5938//5938 5939//5939 5952//5952
f 6159//6159 6037//6037 6038//6038
f 6159//6159 6038//6038 6158//6158
f 6154//6154 6353//6353 6354//6354
f 6154//6154 6155//6155 6353//6353
f 5937//5937 5952//5952 5953//5953
f 5937//5937 5938//5938 5952//5952
f 5944//5944 6499//6499 5943//5943
f 5944//5944 6498//6498 6499//6499
f 6153//6153 6354//6354 6355//6355
f 6153//6153 6154//6154 6354//6354
f 6160//6160 6036//6036 6037//6037
f 6160//6160 6037//6037 6159//6159
f 5722//5722 6554//6554 6555//6555
f 5722//5722 6555//6555 6556//6556
f 5722//5722 6556//6556 6521//6521
f 5722//5722 6485//6485 6486//6486
f 5722//5722 6486//6486 6487//6487
f 5722//5722 6487//6487 6488//6488
f 5722//5722 6521//6521 6522//6522
f 5722//5722 6488//6488 6554//6554
f 5724//5724 6331//6331 6332//6332
f 5724//5724 6332//6332 6333//6333
f 5724//5724 6333//6333 6334//6334
f 5724//5724 6334//6334 6335//6335
f 5724//5724 6365//6365 6366//6366
f 5724//5724 6366//6366 6367//6367
f 5724//5724 6367//6367 6368//6368
f 5724//5724 6335//6335 6365//6365
f 5936//5936 5953//5953 5954//5954
f 5936//5936 5937//5937 5953//5953
f 5909//5909 6498//6498 5944//5944
f 5909//5909 6497//6497 6498//6498
f 6125//6125 6035//6035 6036//6036
f 6125//6125 6036//6036 6160//6160
f 6152//6152 6355//6355 6356//6356
f 6152//6152 6153//6153 6355//6355
f 6523//6523 5722//5722 6522//6522
f 6546//6546 6547//6547 6496//6496
f 6307//6307 6357//6357 6358//6358
f 6307//6307 6358//6358 6306//6306
f 6330//6330 6331//6331 5724//5724
f 6126//6126 6034//6034 6035//6035
f 6126//6126 6035//6035 6125//6125
f 5910//5910 6496//6496 6497//6497
f 5910//5910 6497//6497 5909//5909
f 5935//5935 5954//5954 5955//5955
f 5935//5935 5955//5955 5956//5956
f 5935//5935 5936//5936 5954//5954
f 6151//6151 6356//6356 6357//6357
f 6151//6151 6152//6152 6356//6356
f 6150//6150 6357//6357 6307//6307
f 6150//6150 6151//6151 6357//6357
f 5911//5911 6546//6546 6496//6496
f 5911//5911 6496//6496 5910//5910
f 5934//5934 5956//5956 5957//5957
f 5934//5934 5935//5935 5956//5956
f 6127//6127 6033//6033 6034//6034
f 6127//6127 6034//6034 6126//6126
f 6545//6545 6546//6546 5911//5911
f 6524//6524 5722//5722 6523//6523
f 6329//6329 6330//6330 5724//5724
f 6308//6308 6150//6150 6307//6307
f 5912//5912 6545//6545 5911//5911
f 5933//5933 5957//5957 5958//5958
f 5933//5933 5934//5934 5957//5957
f 6128//6128 6032//6032 6033//6033
f 6128//6128 6033//6033 6127//6127
f 6149//6149 6150//6150 6308//6308
f 6525//6525 5722//5722 6524//6524
f 6544//6544 6545//6545 5912//5912
f 6309//6309 6149//6149 6308//6308
f 6328//6328 6329//6329 5724//5724
f 5932//5932 5933//5933 5958//5958
f 5913//5913 6544//6544 5912//5912
f 6129//6129 6031//6031 6032//6032
f 6129//6129 6032//6032 6128//6128
f 6148//6148 6149//6149 6309//6309
f 6130//6130 6030//6030 6031//6031
f 6130//6130 6031//6031 6129//6129
f 6526//6526 5722//5722 6525//6525
f 6310//6310 6147//6147 6148//6148
f 6310//6310 6148//6148 6309//6309
f 6543//6543 6544//6544 5913//5913
f 6543//6543 5913//5913 5914//5914
f 5915//5915 6543//6543 5914//5914
f 6146//6146 6147//6147 6310//6310
f 6542//6542 6543//6543 5915//5915
f 6311//6311 6146//6146 6310//6310
f 5916//5916 6542//6542 5915//5915
f 6145//6145 6146//6146 6311//6311
f 6541//6541 6542//6542 5916//5916
f 6312//6312 6145//6145 6311//6311
f 5728//5728 5722//5722 6526//6526
f 5728//5728 6526//6526 6527//6527
f 5728//5728 6527//6527 6528//6528
f 5725//5725 6326//6326 6327//6327
f 5725//5725 6327//6327 6328//6328
f 5725//5725 6328//6328 5724//5724
f 5725//5725 6325//6325 6326//6326
f 6529//6529 5728//5728 6528//6528
f 6324//6324 6325//6325 5725//5725
f 6530//6530 5728//5728 6529//6529
f 6323//6323 6324//6324 5725//5725
f 6531//6531 5728//5728 6530//6530
f 6322//6322 6323//6323 5725//5725
f 6532//6532 5728//5728 6531//6531
f 6321//6321 6322//6322 5725//5725
f 6533//6533 5728//5728 6532//6532
f 6320//6320 6321//6321 5725//5725
f 5904//5904 5958//5958 5959//5959
f 5904//5904 5932//5932 5958//5958
f 5905//5905 5931//5931 5932//5932
f 5905//5905 5932//5932 5904//5904
f 6120//6120 6130//6130 6131//6131
f 6120//6120 6030//6030 6130//6130
f 6121//6121 6030//6030 6120//6120
f 5903//5903 5959//5959 5960//5960
f 5903//5903 5960//5960 5961//5961
f 5903//5903 5904//5904 5959//5959
f 5906//5906 5930//5930 5931//5931
f 5906//5906 5931//5931 5905//5905
f 6119//6119 6120//6120 6131//6131
f 6122//6122 6028//6028 6029//6029
f 6122//6122 6029//6029 6030//6030
f 6122//6122 6030//6030 6121//6121
f 5907//5907 5928//5928 5929//5929
f 5907//5907 5929//5929 5930//5930
f 5907//5907 5930//5930 5906//5906
f 5902//5902 5961//5961 5962//5962
f 5902//5902 5903//5903 5961//5961
f 6118//6118 6131//6131 6132//6132
f 6118//6118 6119//6119 6131//6131
f 6123//6123 6028//6028 6122//6122
f 5901//5901 5962//5962 5963//5963
f 5901//5901 5902//5902 5962//5962
f 5908//5908 5928//5928 5907//5907
f 6117//6117 6132//6132 6133//6133
f 6117//6117 6118//6118 6132//6132
f 6124//6124 6027//6027 6028//6028
f 6124//6124 6028//6028 6123//6123
f 5873//5873 5927//5927 5928//5928
f 5873//5873 5928//5928 5908//5908
f 5900//5900 5901//5901 5963//5963
f 6089//6089 6025//6025 6026//6026
f 6089//6089 6026//6026 6027//6027
f 6089//6089 6027//6027 6124//6124
f 6116//6116 6117//6117 6133//6133
f 6116//6116 6133//6133 6134//6134
f 5874//5874 5926//5926 5927//5927
f 5874//5874 5927//5927 5873//5873
f 5899//5899 5963//5963 5964//5964
f 5899//5899 5964//5964 5965//5965
f 5899//5899 5900//5900 5963//5963
f 6090//6090 6024//6024 6025//6025
f 6090//6090 6025//6025 6089//6089
f 6115//6115 6134//6134 6135//6135
f 6115//6115 6116//6116 6134//6134
f 5875//5875 5925//5925 5926//5926
f 5875//5875 5926//5926 5874//5874
f 5898//5898 5899//5899 5965//5965
f 5898//5898 5965//5965 6213//6213
f 5898//5898 6213//6213 5992//5992
f 6114//6114 6135//6135 6136//6136
f 6114//6114 6136//6136 6137//6137
f 6114//6114 6115//6115 6135//6135
f 6091//6091 6024//6024 6090//6090
f 5876//5876 5924//5924 5925//5925
f 5876//5876 5925//5925 5875//5875
f 6113//6113 6137//6137 6138//6138
f 6113//6113 6114//6114 6137//6137
f 5877//5877 5923//5923 5924//5924
f 5877//5877 5924//5924 5876//5876
f 6112//6112 6113//6113 6138//6138
f 5878//5878 5922//5922 5923//5923
f 5878//5878 5923//5923 5877//5877
f 6111//6111 6138//6138 6139//6139
f 6111//6111 6112//6112 6138//6138
f 6301//6301 6141//6141 6142//6142
f 6588//6588 5919//5919 5920//5920
f 6589//6589 5919//5919 6588//6588
f 6589//6589 5918//5918 5919//5919
f 6300//6300 6301//6301 6142//6142
f 6300//6300 6142//6142 6143//6143
f 6299//6299 6143//6143 6144//6144
f 6299//6299 6300//6300 6143//6143
f 6587//6587 6588//6588 5920//5920
f 6587//6587 5920//5920 5921//5921
f 6590//6590 5918//5918 6589//6589
f 6590//6590 5917//5917 5918//5918
f 6302//6302 6140//6140 6141//6141
f 6302//6302 6141//6141 6301//6301
f 6298//6298 6144//6144 6145//6145
f 6298//6298 6299//6299 6144//6144
f 6298//6298 6145//6145 6312//6312
f 6303//6303 6140//6140 6302//6302
f 6303//6303 6139//6139 6140//6140
f 6303//6303 6111//6111 6139//6139
f 6586//6586 6587//6587 5921//5921
f 6586//6586 5922//5922 5878//5878
f 6586//6586 5921//5921 5922//5922
f 6591//6591 5917//5917 6590//6590
f 6591//6591 6541//6541 5916//5916
f 6591//6591 5916//5916 5917//5917
f 6592//6592 6540//6540 6541//6541
f 6592//6592 6541//6541 6591//6591
f 6297//6297 6298//6298 6312//6312
f 6297//6297 6312//6312 6313//6313
f 6297//6297 6313//6313 6314//6314
f 6304//6304 6111//6111 6303//6303
f 6304//6304 6110//6110 6111//6111
f 6585//6585 6586//6586 5878//5878
f 6585//6585 5878//5878 5879//5879
f 6557//6557 6539//6539 6540//6540
f 6557//6557 6540//6540 6592//6592
f 6584//6584 6585//6585 5879//5879
f 6584//6584 5879//5879 5880//5880
f 6269//6269 6110//6110 6304//6304
f 6269//6269 6109//6109 6110//6110
f 6296//6296 6297//6297 6314//6314
f 6295//6295 6296//6296 6314//6314
f 6295//6295 6314//6314 6315//6315
f 6558//6558 6537//6537 6538//6538
f 6558//6558 6539//6539 6557//6557
f 6558//6558 6538//6538 6539//6539
f 6583//6583 5880//5880 5881//5881
f 6583//6583 6584//6584 5880//5880
f 6270//6270 6109//6109 6269//6269
f 6270//6270 6108//6108 6109//6109
f 6294//6294 6315//6315 6316//6316
f 6294//6294 6316//6316 6317//6317
f 6294//6294 6295//6295 6315//6315
f 6559//6559 6537//6537 6558//6558
f 6582//6582 5881//5881 5882//5882
f 6582//6582 6583//6583 5881//5881
f 6271//6271 6108//6108 6270//6270
f 6271//6271 6107//6107 6108//6108
f 6560//6560 6536//6536 6537//6537
f 6560//6560 6537//6537 6559//6559
f 6581//6581 6582//6582 5882//5882
f 6581//6581 5882//5882 5883//5883
f 6272//6272 6107//6107 6271//6271
f 6272//6272 6106//6106 6107//6107
f 6293//6293 6294//6294 6317//6317
f 6561//6561 6534//6534 6535//6535
f 6561//6561 6535//6535 6536//6536
f 6561//6561 6536//6536 6560//6560
f 6273//6273 6105//6105 6106//6106
f 6273//6273 6106//6106 6272//6272
f 6292//6292 6293//6293 6317//6317
f 6292//6292 6317//6317 6318//6318
f 6580//6580 5883//5883 5884//5884
f 6580//6580 6581//6581 5883//5883
f 6562//6562 6533//6533 6534//6534
f 6562//6562 6534//6534 6561//6561
f 6291//6291 6318//6318 6319//6319
f 6291//6291 6292//6292 6318//6318
f 6291//6291 6319//6319 6320//6320
f 6274//6274 6104//6104 6105//6105
f 6274//6274 6105//6105 6273//6273
f 6579//6579 6580//6580 5884//5884
f 6579//6579 5884//5884 5885//5885
f 6563//6563 5728//5728 6533//6533
f 6563//6563 6533//6533 6562//6562
f 6578//6578 5885//5885 5886//5886
f 6578//6578 6579//6579 5885//5885
f 6275//6275 6104//6104 6274//6274
f 6275//6275 6103//6103 6104//6104
f 6290//6290 6291//6291 6320//6320
f 6290//6290 6320//6320 5725//5725
f 6289//6289 6290//6290 5725//5725
f 6564//6564 5728//5728 6563//6563
f 6288//6288 6289//6289 5725//5725
f 6565//6565 5728//5728 6564//6564
f 6287//6287 6288//6288 5725//5725
f 6084//6084 6094//6094 6095//6095
f 6085//6085 6094//6094 6084//6084
f 6085//6085 6093//6093 6094//6094
f 5869//5869 5896//5896 5868//5868
f 5869//5869 5894//5894 5895//5895
f 5869//5869 5895//5895 5896//5896
f 5867//5867 5868//5868 5896//5896
f 5867//5867 5896//5896 5897//5897
f 5870//5870 5894//5894 5869//5869
f 6083//6083 6084//6084 6095//6095
f 6086//6086 6091//6091 6092//6092
f 6086//6086 6092//6092 6093//6093
f 6086//6086 6093//6093 6085//6085
f 5871//5871 5892//5892 5893//5893
f 5871//5871 5893//5893 5894//5894
f 5871//5871 5894//5894 5870//5870
f 5866//5866 5992//5992 6024//6024
f 5866//5866 5898//5898 5992//5992
f 5866//5866 5897//5897 5898//5898
f 5866//5866 5867//5867 5897//5897
f 6082//6082 6083//6083 6095//6095
f 6082//6082 6095//6095 6096//6096
f 6087//6087 6091//6091 6086//6086
f 6087//6087 6024//6024 6091//6091
f 6087//6087 5866//5866 6024//6024
f 5872//5872 5891//5891 5892//5892
f 5872//5872 5892//5892 5871//5871
f 6081//6081 6082//6082 6096//6096
f 6081//6081 6096//6096 6097//6097
f 6088//6088 5866//5866 6087//6087
f 6088//6088 5865//5865 5866//5866
f 6053//6053 5864//5864 5865//5865
f 6053//6053 5865//5865 6088//6088
f 6080//6080 6081//6081 6097//6097
f 6080//6080 6097//6097 6098//6098
f 5837//5837 5891//5891 5872//5872
f 6054//6054 5864//5864 6053//6053
f 6054//6054 5863//5863 5864//5864
f 6079//6079 6080//6080 6098//6098
f 6079//6079 6098//6098 6099//6099
f 6079//6079 6099//6099 6100//6100
f 5838//5838 5891//5891 5837//5837
f 5838//5838 5890//5890 5891//5891
f 6055//6055 5862//5862 5863//5863
f 6055//6055 5863//5863 6054//6054
f 6078//6078 6079//6079 6100//6100
f 5839//5839 5890//5890 5838//5838
f 5839//5839 5889//5889 5890//5890
f 6056//6056 5862//5862 6055//6055
f 6056//6056 5861//5861 5862//5862
f 6077//6077 6078//6078 6100//6100
f 6077//6077 6100//6100 6101//6101
f 5840//5840 5889//5889 5839//5839
f 5840//5840 5888//5888 5889//5889
f 5860//5860 5861//5861 6056//6056
f 6057//6057 5860//5860 6056//6056
f 6076//6076 6077//6077 6101//6101
f 6076//6076 6101//6101 6102//6102
f 5841//5841 5888//5888 5840//5840
f 5841//5841 5887//5887 5888//5888
f 6058//6058 5860//5860 6057//6057
f 6058//6058 5859//5859 5860//5860
f 6075//6075 6103//6103 6275//6275
f 6075//6075 6076//6076 6102//6102
f 6075//6075 6102//6102 6103//6103
f 5842//5842 6578//6578 5886//5886
f 5842//5842 5887//5887 5841//5841
f 5842//5842 5886//5886 5887//5887
f 5833//5833 5859//5859 6058//6058
f 5833//5833 6058//6058 5832//5832
f 5831//5831 6058//6058 6059//6059
f 5831//5831 5832//5832 6058//6058
f 5834//5834 5857//5857 5858//5858
f 5834//5834 5858//5858 5859//5859
f 5834//5834 5859//5859 5833//5833
f 5835//5835 5856//5856 5857//5857
f 5835//5835 5857//5857 5834//5834
f 5830//5830 5831//5831 6059//6059
f 5830//5830 6059//6059 6060//6060
f 5830//5830 6060//6060 6061//6061
f 5829//5829 5830//5830 6061//6061
f 5836//5836 5856//5856 5835//5835
f 5801//5801 5856//5856 5836//5836
f 5801//5801 5855//5855 5856//5856
f 5828//5828 6061//6061 6062//6062
f 5828//5828 5829//5829 6061//6061
f 5802//5802 5855//5855 5801//5801
f 5802//5802 5854//5854 5855//5855
f 5827//5827 5828//5828 6062//6062
f 5827//5827 6062//6062 6063//6063
f 5803//5803 5853//5853 5854//5854
f 5803//5803 5854//5854 5802//5802
f 5826//5826 5827//5827 6063//6063
f 5826//5826 6063//6063 6064//6064
f 5826//5826 6064//6064 6065//6065
f 5804//5804 5853//5853 5803//5803
f 5804//5804 5852//5852 5853//5853
f 5825//5825 5826//5826 6065//6065
f 5805//5805 5852//5852 5804//5804
f 5805//5805 5850//5850 5851//5851
f 5805//5805 5851//5851 5852//5852
f 5824//5824 5825//5825 6065//6065
f 5824//5824 6065//6065 6066//6066
f 5824//5824 6066//6066 6067//6067
f 5806//5806 5850//5850 5805//5805
f 5823//5823 5824//5824 6067//6067
f 6264//6264 6073//6073 6074//6074
f 6265//6265 6073//6073 6264//6264
f 6265//6265 6072//6072 6073//6073
f 5796//5796 5844//5844 5845//5845
f 5797//5797 5843//5843 5844//5844
f 5797//5797 5844//5844 5796//5796
f 6263//6263 6075//6075 6275//6275
f 6263//6263 6074//6074 6075//6075
f 6263//6263 6264//6264 6074//6074
f 6266//6266 6071//6071 6072//6072
f 6266//6266 6072//6072 6265//6265
f 5795//5795 5845//5845 5846//5846
f 5795//5795 5796//5796 5845//5845
f 5798//5798 5842//5842 5843//5843
f 5798//5798 5843//5843 5797//5797
f 5798//5798 6578//6578 5842//5842
f 6262//6262 6275//6275 6276//6276
f 6262//6262 6263//6263 6275//6275
f 6267//6267 6070//6070 6071//6071
f 6267//6267 6071//6071 6266//6266
f 5794//5794 5846//5846 5847//5847
f 5794//5794 5795//5795 5846//5846
f 5799//5799 6577//6577 6578//6578
f 5799//5799 6578//6578 5798//5798
f 6268//6268 6069//6069 6070//6070
f 6268//6268 6070//6070 6267//6267
f 5800//5800 6576//6576 6577//6577
f 5800//5800 6577//6577 5799//5799
f 6261//6261 6262//6262 6276//6276
f 6261//6261 6276//6276 6277//6277
f 6261//6261 6277//6277 6278//6278
f 5793//5793 5847//5847 5848//5848
f 5793//5793 5794//5794 5847//5847
f 6233//6233 6068//6068 6069//6069
f 6233//6233 6069//6069 6268//6268
f 6260//6260 6278//6278 6279//6279
f 6260//6260 6261//6261 6278//6278
f 5792//5792 5848//5848 5849//5849
f 5792//5792 5793//5793 5848//5848
f 5765//5765 6576//6576 5800//5800
f 5765//5765 6575//6575 6576//6576
f 6234//6234 6068//6068 6233//6233
f 6234//6234 6067//6067 6068//6068
f 6259//6259 6260//6260 6279//6279
f 5791//5791 5792//5792 5849//5849
f 5791//5791 5849//5849 5850//5850
f 5766//5766 6575//6575 5765//5765
f 5766//5766 6574//6574 6575//6575
f 6235//6235 5822//5822 5823//5823
f 6235//6235 5823//5823 6067//6067
f 6235//6235 6067//6067 6234//6234
f 6258//6258 6259//6259 6279//6279
f 6258//6258 6279//6279 6280//6280
f 6258//6258 6280//6280 6281//6281
f 5790//5790 5791//5791 5850//5850
f 5790//5790 5850//5850 5806//5806
f 5790//5790 5806//5806 5807//5807
f 5767//5767 6574//6574 5766//5766
f 5767//5767 6573//6573 6574//6574
f 6236//6236 5821//5821 5822//5822
f 6236//6236 5822//5822 6235//6235
f 6257//6257 6258//6258 6281//6281
f 6257//6257 6281//6281 6282//6282
f 5789//5789 5807//5807 5808//5808
f 5789//5789 5790//5790 5807//5807
f 5768//5768 6573//6573 5767//5767
f 5768//5768 6572//6572 6573//6573
f 5769//5769 6570//6570 6571//6571
f 5769//5769 6571//6571 6572//6572
f 5769//5769 6572//6572 5768//5768
f 6237//6237 5821//5821 6236//6236
f 6237//6237 5820//5820 5821//5821
f 6256//6256 6257//6257 6282//6282
f 5788//5788 5789//5789 5808//5808
f 5788//5788 5808//5808 5809//5809
f 6255//6255 6256//6256 6282//6282
f 6255//6255 6282//6282 6283//6283
f 6255//6255 6283//6283 6284//6284
f 5770//5770 6570//6570 5769//5769
f 6238//6238 5820//5820 6237//6237
f 6238//6238 5819//5819 5820//5820
f 5787//5787 5809//5809 5810//5810
f 5787//5787 5788//5788 5809//5809
f 6239//6239 5819//5819 6238//6238
f 6239//6239 5818//5818 5819//5819
f 5786//5786 5787//5787 5810//5810
f 5786//5786 5810//5810 5811//5811
f 6254//6254 6255//6255 6284//6284
f 5771//5771 6570//6570 5770//5770
f 5771//5771 6569//6569 6570//6570
f 6240//6240 5818//5818 6239//6239
f 6240//6240 5817//5817 5818//5818
f 5785//5785 5786//5786 5811//5811
f 5785//5785 5811//5811 5812//5812
f 6253//6253 6254//6254 6284//6284
f 6253//6253 6284//6284 6285//6285
f 5772//5772 6568//6568 6569//6569
f 5772//5772 6569//6569 5771//5771
f 6252//6252 6285//6285 6286//6286
f 6252//6252 6253//6253 6285//6285
f 5761//5761 5813//5813 5814//5814
f 5760//5760 5761//5761 5814//5814
f 5760//5760 5814//5814 5815//5815
f 5760//5760 5815//5815 5816//5816
f 5759//5759 5760//5760 5816//5816
f 5759//5759 5816//5816 5817//5817
f 5762//5762 5813//5813 5761//5761
f 5762//5762 5812//5812 5813//5813
f 5758//5758 6240//6240 6241//6241
f 5758//5758 5759//5759 5817//5817
f 5758//5758 5817//5817 6240//6240
f 5763//5763 5785//5785 5812//5812
f 5763//5763 5812//5812 5762//5762
f 5764//5764 5784//5784 5785//5785
f 5764//5764 5785//5785 5763//5763
f 5757//5757 5758//5758 6241//6241
f 5756//5756 6241//6241 6242//6242
f 5756//5756 6242//6242 6243//6243
f 5756//5756 5757//5757 6241//6241
f 5729//5729 5784//5784 5764//5764
f 5729//5729 5783//5783 5784//5784
f 5755//5755 5756//5756 6243//6243
f 5730//5730 5783//5783 5729//5729
f 5730//5730 5782//5782 5783//5783
f 5754//5754 6243//6243 6244//6244
f 5754//5754 6244//6244 6245//6245
f 5754//5754 5755//5755 6243//6243
f 5731//5731 5782//5782 5730//5730
f 5731//5731 5781//5781 5782//5782
f 5753//5753 5754//5754 6245//6245
f 5753//5753 6245//6245 6246//6246
f 5732//5732 5781//5781 5731//5731
f 5732//5732 5780//5780 5781//5781
f 5752//5752 5753//5753 6246//6246
f 5733//5733 5780//5780 5732//5732
f 5733//5733 5779//5779 5780//5780
f 5734//5734 5779//5779 5733//5733
f 5734//5734 5778//5778 5779//5779
f 5751//5751 6246//6246 6247//6247
f 5751//5751 5752//5752 6246//6246
f 5735//5735 5777//5777 5778//5778
f 5735//5735 5778//5778 5734//5734
f 5750//5750 6247//6247 6248//6248
f 5750//5750 5751//5751 6247//6247
f 5726//5726 6248//6248 6249//6249
f 5726//5726 5743//5743 5744//5744
f 5726//5726 6249//6249 6250//6250
f 5726//5726 5744//5744 5745//5745
f 5726//5726 6250//6250 6251//6251
f 5726//5726 5745//5745 5746//5746
f 5726//5726 5746//5746 5747//5747
f 5726//5726 5747//5747 5748//5748
f 5726//5726 5748//5748 5749//5749
f 5726//5726 5749//5749 5750//5750
f 5726//5726 5750//5750 6248//6248
f 5727//5727 5735//5735 5736//5736
f 5727//5727 5736//5736 5737//5737
f 5727//5727 5737//5737 5738//5738
f 5727//5727 5738//5738 5739//5739
f 5727//5727 5739//5739 5740//5740
f 5727//5727 5740//5740 5741//5741
f 5727//5727 5741//5741 5742//5742
f 5727//5727 5742//5742 5743//5743
f 5727//5727 5775//5775 5776//5776
f 5727//5727 5776//5776 5777//5777
f 5727//5727 5777//5777 5735//5735
f 5727//5727 5743//5743 5726//5726
f 5722//5722 5721//5721 6449//6449
f 5722//5722 6449//6449 6450//6450
f 5722//5722 6450//6450 6485//6485
f 6485//6485 6450//6450 6520//6520
f 5723//5723 5724//5724 6404//6404
f 6404//6404 5724//5724 6368//6368
f 5725//5725 5726//5726 6251//6251
f 5725//5725 6251//6251 6252//6252
f 5725//5725 6252//6252 6287//6287
f 6287//6287 6252//6252 6286//6286
f 5727//5727 5728//5728 6566//6566
f 6566//6566 5728//5728 6565//6565
f 5727//5727 6566//6566 6567//6567
f 5727//5727 6567//6567 6568//6568
f 5727//5727 6568//6568 5774//5774
f 5774//5774 6568//6568 5773//5773
f 5773//5773 6568//6568 5772//5772
f 5727//5727 5774//5774 5775//5775
v -740.000000 -750.000000 -700.000000
v -740.000000 -750.000000 -730.000000
v 740.000000 -750.000000 -700.000000
v 740.000000 -750.000000 -730.000000
vn -0.000000 -1.000000 0.000000
vn -0.000000 -1.000000 0.000000
vn -0.000000 -1.000000 0.000000
vn -0.000000 -1.000000 0.000000
f 6593//6593 6596//6596 6595//6595
f 6594//6594 6596//6596 6593//6593
v -750.000000 740.000000 -700.000000
v -750.000000 740.000000 -730.000000
v -750.000000 -740.000000 -700.000000
v -750.000000 -740.000000 -730.000000
vn -1.000000 0.000000 0.000000
vn -1.000000 0.000000 0.000000
vn -1.000000 0.000000 0.000000
vn -1.000000 0.000000 0.000000
f 6600//6600 6597//6597 6598//6598
f 6599//6599 6597//6597 6600//6600
v -740.000000 750.000000 -730.000000
v -740.000000 750.000000 -700.000000
v 740.000000 750.000000 -730.000000
v 740.000000 750.000000 -700.000000
vn 0.000000 1.000000 -0.000000
vn 0.000000 1.000000 -0.000000
vn 0.000000 1.000000 -0.000000
vn 0.000000 1.000000 -0.000000
f 6601//6601 6604//6604 6603//6603
f 6602//6602 6604//6604 6601//6601
v 750.000000 740.000000 -730.000000
v 750.000000 740.000000 -700.000000
v 750.000000 -740.000000 -730.000000
v 750.000000 -740.000000 -700.000000
vn 1.000000 -0.000000 -0.000000
vn 1.000000 -0.000000 -0.000000
vn 1.000000 -0.000000 -0.000000
vn 1.000000 -0.000000 -0.000000
f 6608//6608 6605//6605 6606//6606
f 6607//6607 6605//6605 6608//6608
v 400.000000 -183.750000 -730.000000
v 398.480591 -183.617065 -730.000000
v 397.007324 -183.222305 -730.000000
v 395.625000 -182.577728 -730.000000
v 394.375610 -181.702896 -730.000000
v 393.297119 -180.624390 -730.000000
v 392.422272 -179.375000 -730.000000
v 391.777679 -177.992676 -730.000000
v 391.382935 -176.519424 -730.000000
v 391.250000 -175.000000 -730.000000
v 391.382935 -173.480576 -730.000000
v 391.777679 -172.007324 -730.000000
v 392.422272 -170.625000 -730.000000
v 393.297119 -169.375610 -730.000000
v 394.375610 -168.297104 -730.000000
v 395.625000 -167.422272 -730.000000
v 397.007324 -166.777695 -730.000000
v 398.480591 -166.382935 -730.000000
v 400.000000 -166.250000 -730.000000
v 400.000000 -183.750000 -700.000000
v 398.480591 -183.617065 -700.000000
v 397.007324 -183.222305 -700.000000
v 395.625000 -182.577728 -700.000000
v 394.375610 -181.702896 -700.000000
v 393.297119 -180.624390 -700.000000
v 392.422272 -179.375000 -700.000000
v 391.777679 -177.992676 -700.000000
v 391.382935 -176.519424 -700.000000
v 391.250000 -175.000000 -700.000000
v 391.382935 -173.480576 -700.000000
v 391.777679 -172.007324 -700.000000
v 392.422272 -170.625000 -700.000000
v 393.297119 -169.375610 -700.000000
v 394.375610 -168.297104 -700.000000
v 395.625000 -167.422272 -700.000000
v 397.007324 -166.777695 -700.000000
v 398.480591 -166.382935 -700.000000
v 400.000000 -166.250000 -700.000000
vn 0.000000 1.000000 -0.000000
vn 0.173648 0.984808 -0.000000
vn 0.342020 0.939693 -0.000000
vn 0.500000 0.866025 -0.000000
vn 0.642788 0.766044 -0.000000
vn 0.766044 0.642788 -0.000000
vn 0.866025 0.500000 -0.000000
vn 0.939693 0.342020 -0.000000
vn 0.984808 0.173648 -0.000000
vn 1.000000 -0.000000 -0.000000
vn 0.984808 -0.173648 -0.000000
vn 0.939693 -0.342020 -0.000000
vn 0.866025 -0.500000 0.000000
vn 0.766044 -0.642788 0.000000
vn 0.642788 -0.766044 0.000000
vn 0.500000 -0.866025 0.000000
vn 0.342020 -0.939693 0.000000
vn 0.173648 -0.984808 0.000000
vn -0.000000 -1.000000 0.000000
vn 0.000000 1.000000 -0.000000
vn 0.173648 0.984808 -0.000000
vn 0.342020 0.939693 -0.000000
vn 0.500000 0.866025 -0.000000
vn 0.642788 0.766044 -0.000000
vn 0.766044 0.642788 -0.000000
vn 0.866025 0.500000 -0.000000
vn 0.939693 0.342020 -0.000000
vn 0.984808 0.173648 -0.000000
vn 1.000000 -0.000000 -0.000000
vn 0.984808 -0.173648 -0.000000
vn 0.939693 -0.342020 -0.000000
vn 0.866025 -0.500000 0.000000
vn 0.766044 -0.642788 0.000000
vn 0.642788 -0.766044 0.000000
vn 0.500000 -0.866025 0.000000
vn 0.342020 -0.939693 0.000000
vn 0.173648 -0.984808 0.000000
vn -0.000000 -1.000000 0.000000
f 6609//6609 6629//6629 6628//6628
f 6610//6610 6630//6630 6629//6629
f 6610//6610 6629//6629 6609//6609
f 6611//6611 6630//6630 6610//6610
f 6612//6612 6631//6631 6630//6630
f 6612//6612 6632//6632 6631//6631
f 6612//6612 6630//6630 6611//6611
f 6613//6613 6633//6633 6632//6632
f 6613//6613 6632//6632 6612//6612
f 6614//6614 6634//6634 6633//6633
f 6614//6614 6633//6633 6613//6613
f 6615//6615 6634//6634 6614//6614
f 6616//6616 6635//6635 6634//6634
f 6616//6616 6636//6636 6635//6635
f 6616//6616 6634//6634 6615//6615
f 6617//6617 6637//6637 6636//6636
f 6617//6617 6636//6636 6616//6616
f 6618//6618 6638//6638 6637//6637
f 6618//6618 6637//6637 6617//6617
f 6619//6619 6639//6639 6638//6638
f 6619//6619 6638//6638 6618//6618
f 6620//6620 6640//6640 6639//6639
f 6620//6620 6639//6639 6619//6619
f 6621//6621 6641//6641 6640//6640
f 6621//6621 6640//6640 6620//6620
f 6622//6622 6641//6641 6621//6621
f 6623//6623 6642//6642 6641//6641
f 6623//6623 6641//6641 6622//6622
f 6624//6624 6642//6642 6623//6623
f 6624//6624 6643//6643 6642//6642
f 6625//6625 6643//6643 6624//6624
f 6625//6625 6644//6644 6643//6643
f 6626//6626 6644//6644 6625//6625
f 6626//6626 6645//6645 6644//6644
f 6627//6627 6645//6645 6626//6626
f 6627//6627 6646//6646 6645//6645
v 400.000000 166.250000 -730.000000
v 398.480591 166.382935 -730.000000
v 397.007324 166.777695 -730.000000
v 395.625000 167.422272 -730.000000
v 394.375610 168.297104 -730.000000
v 393.297119 169.375610 -730.000000
v 392.422272 170.625000 -730.000000
v 391.777679 172.007324 -730.000000
v 391.382935 173.480576 -730.000000
v 391.250000 175.000000 -730.000000
v 391.382935 176.519424 -730.000000
v 391.777679 177.992676 -730.000000
v 392.422272 179.375000 -730.000000
v 393.297119 180.624390 -730.000000
v 394.375610 181.702896 -730.000000
v 395.625000 182.577728 -730.000000
v 397.007324 183.222305 -730.000000
v 398.480591 183.617065 -730.000000
v 400.000000 183.750000 -730.000000
v 400.000000 166.250000 -700.000000
v 398.480591 166.382935 -700.000000
v 397.007324 166.777695 -700.000000
v 395.625000 167.422272 -700.000000
v 394.375610 168.297104 -700.000000
v 393.297119 169.375610 -700.000000
v 392.422272 170.625000 -700.000000
v 391.777679 172.007324 -700.000000
v 391.382935 173.480576 -700.000000
v 391.250000 175.000000 -700.000000
v 391.382935 176.519424 -700.000000
v 391.777679 177.992676 -700.000000
v 392.422272 179.375000 -700.000000
v 393.297119 180.624390 -700.000000
v 394.375610 181.702896 -700.000000
v 395.625000 182.577728 -700.000000
v 397.007324 183.222305 -700.000000
v 398.480591 183.617065 -700.000000
v 400.000000 183.750000 -700.000000
vn 0.000000 1.000000 -0.000000
vn 0.173648 0.984808 -0.000000
vn 0.342020 0.939693 -0.000000
vn 0.500000 0.866025 -0.000000
vn 0.642788 0.766044 -0.000000
vn 0.766044 0.642788 -0.000000
vn 0.866025 0.500000 -0.000000
vn 0.939693 0.342020 -0.000000
vn 0.984808 0.173648 -0.000000
vn 1.000000 -0.000000 -0.000000
vn 0.984808 -0.173648 -0.000000
vn 0.939693 -0.342020 -0.000000
vn 0.866025 -0.500000 0.000000
vn 0.766044 -0.642788 0.000000
vn 0.642788 -0.766044 0.000000
vn 0.500000 -0.866025 0.000000
vn 0.342020 -0.939693 0.000000
vn 0.173648 -0.984808 0.000000
vn -0.000000 -1.000000 0.000000
vn 0.000000 1.000000 -0.000000
vn 0.173648 0.984808 -0.000000
vn 0.342020 0.939693 -0.000000
vn 0.500000 0.866025 -0.000000
vn 0.642788 0.766044 -0.000000
vn 0.766044 0.642788 -0.000000
vn 0.866025 0.500000 -0.000000
vn 0.939693 0.342020 -0.000000
vn 0.984808 0.173648 -0.000000
vn 1.000000 -0.000000 -0.000000
vn 0.984808 -0.173648 -0.000000
vn 0.939693 -0.342020 -0.000000
vn 0.866025 -0.500000 0.000000
vn 0.766044 -0.642788 0.000000
vn 0.642788 -0.766044 0.000000
vn 0.500000 -0.866025 0.000000
vn 0.342020 -0.939693 0.000000
vn 0.173648 -0.984808 0.000000
vn -0.000000 -1.000000 0.000000
f 6647//6647 6667//6667 6666//6666
f 6648//6648 6668//6668 6667//6667
f 6648//6648 6667//6667 6647//6647
f 6649//6649 6668//6668 6648//6648
f 6650//6650 6669//6669 6668//6668
f 6650//6650 6670//6670 6669//6669
f 6650//6650 6668//6668 6649//6649
f 6651//6651 6671//6671 6670//6670
f 6651//6651 6670//6670 6650//6650
f 6652//6652 6672//6672 6671//6671
f 6652//6652 6671//6671 6651//6651
f 6653//6653 6672//6672 6652//6652
f 6654//6654 6673//6673 6672//6672
f 6654//6654 6674//6674 6673//6673
f 6654//6654 6672//6672 6653//6653
f 6655//6655 6675//6675 6674//6674
f 6655//6655 6674//6674 6654//6654
f 6656//6656 6676//6676 6675//6675
f 6656//6656 6675//6675 6655//6655
f 6657//6657 6677//6677 6676//6676
f 6657//6657 6676//6676 6656//6656
f 6658//6658 6678//6678 6677//6677
f 6658//6658 6677//6677 6657//6657
f 6659//6659 6679//6679 6678//6678
f 6659//6659 6678//6678 6658//6658
f 6660//6660 6679//6679 6659//6659
f 6661//6661 6680//6680 6679//6679
f 6661//6661 6679//6679 6660//6660
f 6662//6662 6680//6680 6661//6661
f 6662//6662 6681//6681 6680//6680
f 6663//6663 6681//6681 6662//6662
f 6663//6663 6682//6682 6681//6681
f 6664//6664 6682//6682 6663//6663
f 6664//6664 6683//6683 6682//6682
f 6665//6665 6683//6683 6664//6664
f 6665//6665 6684//6684 6683//6683
usemtl mat_3
v -175.000000 391.250000 -730.000000
v -176.519424 391.382935 -730.000000
v -177.992676 391.777679 -730.000000
v -179.375000 392.422272 -730.000000
v -180.624390 393.297119 -730.000000
v -181.702896 394.375610 -730.000000
v -182.577728 395.625000 -730.000000
v -183.222305 397.007324 -730.000000
v -183.617065 398.480591 -730.000000
v -183.750000 400.000000 -730.000000
v -183.617065 401.519409 -730.000000
v -183.222305 402.992676 -730.000000
v -182.577728 404.375000 -730.000000
v -181.702896 405.624390 -730.000000
v -180.624390 406.702881 -730.000000
v -179.375000 407.577728 -730.000000
v -177.992676 408.222321 -730.000000
v -176.519424 408.617065 -730.000000
v -175.000000 408.750000 -730.000000
v -175.000000 391.250000 -700.000000
v -176.519424 391.382935 -700.000000
v -177.992676 391.777679 -700.000000
v -179.375000 392.422272 -700.000000
v -180.624390 393.297119 -700.000000
v -181.702896 394.375610 -700.000000
v -182.577728 395.625000 -700.000000
v -183.222305 397.007324 -700.000000
v -183.617065 398.480591 -700.000000
v -183.750000 400.000000 -700.000000
v -183.617065 401.519409 -700.000000
v -183.222305 402.992676 -700.000000
v -182.577728 404.375000 -700.000000
v -181.702896 405.624390 -700.000000
v -180.624390 406.702881 -700.000000
v -179.375000 407.577728 -700.000000
v -177.992676 408.222321 -700.000000
v -176.519424 408.617065 -700.000000
v -175.000000 408.750000 -700.000000
vn 0.000000 1.000000 -0.000000
vn 0.173648 0.984808 -0.000000
vn 0.342020 0.939693 -0.000000
vn 0.500000 0.866025 -0.000000
vn 0.642788 0.766044 -0.000000
vn 0.766044 0.642788 -0.000000
vn 0.866025 0.500000 -0.000000
vn 0.939693 0.342020 -0.000000
vn 0.984808 0.173648 -0.000000
vn 1.000000 -0.000000 -0.000000
vn 0.984808 -0.173648 -0.000000
vn 0.939693 -0.342020 -0.000000
vn 0.866025 -0.500000 0.000000
vn 0.766044 -0.642788 0.000000
vn 0.642788 -0.766044 0.000000
vn 0.500000 -0.866025 0.000000
vn 0.342020 -0.939693 0.000000
vn 0.173648 -0.984808 0.000000
vn -0.000000 -1.000000 0.000000
vn 0.000000 1.000000 -0.000000
vn 0.173648 0.984808 -0.000000
vn 0.342020 0.939693 -0.000000
vn 0.500000 0.866025 -0.000000
vn 0.642788 0.766044 -0.000000
vn 0.766044 0.642788 -0.000000
vn 0.866025 0.500000 -0.000000
vn 0.939693 0.342020 -0.000000
vn 0.984808 0.173648 -0.000000
vn 1.000000 -0.000000 -0.000000
vn 0.984808 -0.173648 -0.000000
vn 0.939693 -0.342020 -0.000000
vn 0.866025 -0.500000 0.000000
vn 0.766044 -0.642788 0.000000
vn 0.642788 -0.766044 0.000000
vn 0.500000 -0.866025 0.000000
vn 0.342020 -0.939693 0.000000
vn 0.173648 -0.984808 0.000000
vn -0.000000 -1.000000 0.000000
f 6685//6685 6705//6705 6704//6704
f 6686//6686 6706//6706 6705//6705
f 6686//6686 6705//6705 6685//6685
f 6687//6687 6706//6706 6686//6686
f 6688//6688 6707//6707 6706//6706
f 6688//6688 6708//6708 6707//6707
f 6688//6688 6706//6706 6687//6687
f 6689//6689 6709//6709 6708//6708
f 6689//6689 6708//6708 6688//6688
f 6690//6690 6710//6710 6709//6709
f 6690//6690 6709//6709 6689//6689
f 6691//6691 6710//6710 6690//6690
f 6692//6692 6711//6711 6710//6710
f 6692//6692 6712//6712 6711//6711
f 6692//6692 6710//6710 6691//6691
f 6693//6693 6713//6713 6712//6712
f 6693//6693 6712//6712 6692//6692
f 6694//6694 6714//6714 6713//6713
f 6694//6694 6713//6713 6693//6693
f 6695//6695 6715//6715 6714//6714
f 6695//6695 6714//6714 6694//6694
f 6696//6696 6716//6716 6715//6715
f 6696//6696 6715//6715 6695//6695
f 6697//6697 6717//6717 6716//6716
f 6697//6697 6716//6716 6696//6696
f 6698//6698 6717//6717 6697//6697
f 6699//6699 6718//6718 6717//6717
f 6699//6699 6717//6717 6698//6698
f 6700//6700 6718//6718 6699//6699
f 6700//6700 6719//6719 6718//6718
f 6701//6701 6719//6719 6700//6700
f 6701//6701 6720//6720 6719//6719
f 6702//6702 6720//6720 6701//6701
f 6702//6702 6721//6721 6720//6720
f 6703//6703 6721//6721 6702//6702
f 6703//6703 6722//6722 6721//6721
v 175.000000 391.250000 -730.000000
v 173.480576 391.382935 -730.000000
v 172.007324 391.777679 -730.000000
v 170.625000 392.422272 -730.000000
v 169.375610 393.297119 -730.000000
v 168.297104 394.375610 -730.000000
v 167.422272 395.625000 -730.000000
v 166.777695 397.007324 -730.000000
v 166.382935 398.480591 -730.000000
v 166.250000 400.000000 -730.000000
v 166.382935 401.519409 -730.000000
v 166.777695 402.992676 -730.000000
v 167.422272 404.375000 -730.000000
v 168.297104 405.624390 -730.000000
v 169.375610 406.702881 -730.000000
v 170.625000 407.577728 -730.000000
v 172.007324 408.222321 -730.000000
v 173.480576 408.617065 -730.000000
v 175.000000 408.750000 -730.000000
v 175.000000 391.250000 -700.000000
v 173.480576 391.382935 -700.000000
v 172.007324 391.777679 -700.000000
v 170.625000 392.422272 -700.000000
v 169.375610 393.297119 -700.000000
v 168.297104 394.375610 -700.000000
v 167.422272 395.625000 -700.000000
v 166.777695 397.007324 -700.000000
v 166.382935 398.480591 -700.000000
v 166.250000 400.000000 -700.000000
v 166.382935 401.519409 -700.000000
v 166.777695 402.992676 -700.000000
v 167.422272 404.375000 -700.000000
v 168.297104 405.624390 -700.000000
v 169.375610 406.702881 -700.000000
v 170.625000 407.577728 -700.000000
v 172.007324 408.222321 -700.000000
v 173.480576 408.617065 -700.000000
v 175.000000 408.750000 -700.000000
vn 0.000000 1.000000 -0.000000
vn 0.173648 0.984808 -0.000000
vn 0.342020 0.939693 -0.000000
vn 0.500000 0.866025 -0.000000
vn 0.642788 0.766044 -0.000000
vn 0.766044 0.642788 -0.000000
vn 0.866025 0.500000 -0.000000
vn 0.939693 0.342020 -0.000000
vn 0.984808 0.173648 -0.000000
vn 1.000000 -0.000000 -0.000000
vn 0.984808 -0.173648 -0.000000
vn 0.939693 -0.342020 -0.000000
vn 0.866025 -0.500000 0.000000
vn 0.766044 -0.642788 0.000000
vn 0.642788 -0.766044 0.000000
vn 0.500000 -0.866025 0.000000
vn 0.342020 -0.939693 0.000000
vn 0.173648 -0.984808 0.000000
vn -0.000000 -1.000000 0.000000
vn 0.000000 1.000000 -0.000000
vn 0.173648 0.984808 -0.000000
vn 0.342020 0.939693 -0.000000
vn 0.500000 0.866025 -0.000000
vn 0.642788 0.766044 -0.000000
vn 0.766044 0.642788 -0.000000
vn 0.866025 0.500000 -0.000000
vn 0.939693 0.342020 -0.000000
vn 0.984808 0.173648 -0.000000
vn 1.000000 -0.000000 -0.000000
vn 0.984808 -0.173648 -0.000000
vn 0.939693 -0.342020 -0.000000
vn 0.866025 -0.500000 0.000000
vn 0.766044 -0.642788 0.000000
vn 0.642788 -0.766044 0.000000
vn 0.500000 -0.866025 0.000000
vn 0.342020 -0.939693 0.000000
vn 0.173648 -0.984808 0.000000
vn -0.000000 -1.000000 0.000000
f 6723//6723 6743//6743 6742//6742
f 6724//6724 6744//6744 6743//6743
f 6724//6724 6743//6743 6723//6723
f 6725//6725 6744//6744 6724//6724
f 6726//6726 6745//6745 6744//6744
f 6726//6726 6746//6746 6745//6745
f 6726//6726 6744//6744 6725//6725
f 6727//6727 6747//6747 6746//6746
f 6727//6727 6746//6746 6726//6726
f 6728//6728 6748//6748 6747//6747
f 6728//6728 6747//6747 6727//6727
f 6729//6729 6748//6748 6728//6728
f 6730//6730 6749//6749 6748//6748
f 6730//6730 6750//6750 6749//6749
f 6730//6730 6748//6748 6729//6729
f 6731//6731 6751//6751 6750//6750
f 6731//6731 6750//6750 6730//6730
f 6732//6732 6752//6752 6751//6751
f 6732//6732 6751//6751 6731//6731
f 6733//6733 6753//6753 6752//6752
f 6733//6733 6752//6752 6732//6732
f 6734//6734 6754//6754 6753//6753
f 6734//6734 6753//6753 6733//6733
f 6735//6735 6755//6755 6754//6754
f 6735//6735 6754//6754 6734//6734
f 6736//6736 6755//6755 6735//6735
f 6737//6737 6756//6756 6755//6755
f 6737//6737 6755//6755 6736//6736
f 6738//6738 6756//6756 6737//6737
f 6738//6738 6757//6757 6756//6756
f 6739//6739 6757//6757 6738//6738
f 6739//6739 6758//6758 6757//6757
f 6740//6740 6758//6758 6739//6739
f 6740//6740 6759//6759 6758//6758
f 6741//6741 6759//6759 6740//6740
f 6741//6741 6760//6760 6759//6759
v 400.000000 391.250000 -730.000000
v 398.480591 391.382935 -730.000000
v 397.007324 391.777679 -730.000000
v 395.625000 392.422272 -730.000000
v 394.375610 393.297119 -730.000000
v 393.297119 394.375610 -730.000000
v 392.422272 395.625000 -730.000000
v 391.777679 397.007324 -730.000000
v 391.382935 398.480591 -730.000000
v 391.250000 400.000000 -730.000000
v 391.382935 401.519409 -730.000000
v 391.777679 402.992676 -730.000000
v 392.422272 404.375000 -730.000000
v 393.297119 405.624390 -730.000000
v 394.375610 406.702881 -730.000000
v 395.625000 407.577728 -730.000000
v 397.007324 408.222321 -730.000000
v 398.480591 408.617065 -730.000000
v 400.000000 408.750000 -730.000000
v 400.000000 391.250000 -700.000000
v 398.480591 391.382935 -700.000000
v 397.007324 391.777679 -700.000000
v 395.625000 392.422272 -700.000000
v 394.375610 393.297119 -700.000000
v 393.297119 394.375610 -700.000000
v 392.422272 395.625000 -700.000000
v 391.777679 397.007324 -700.000000
v 391.382935 398.480591 -700.000000
v 391.250000 400.000000 -700.000000
v 391.382935 401.519409 -700.000000
v 391.777679 402.992676 -700.000000
v 392.422272 404.375000 -700.000000
v 393.297119 405.624390 -700.000000
v 394.375610 406.702881 -700.000000
v 395.625000 407.577728 -700.000000
v 397.007324 408.222321 -700.000000
v 398.480591 408.617065 -700.000000
v 400.000000 408.750000 -700.000000
vn 0.000000 1.000000 -0.000000
vn 0.173648 0.984808 -0.000000
vn 0.342020 0.939693 -0.000000
vn 0.500000 0.866025 -0.000000
vn 0.642788 0.766044 -0.000000
vn 0.766044 0.642788 -0.000000
vn 0.866025 0.500000 -0.000000
vn 0.939693 0.342020 -0.000000
vn 0.984808 0.173648 -0.000000
vn 1.000000 -0.000000 -0.000000
vn 0.984808 -0.173648 -0.000000
vn 0.939693 -0.342020 -0.000000
vn 0.866025 -0.500000 0.000000
vn 0.766044 -0.642788 0.000000
vn 0.642788 -0.766044 0.000000
vn 0.500000 -0.866025 0.000000
vn 0.342020 -0.939693 0.000000
vn 0.173648 -0.984808 0.000000
vn -0.000000 -1.000000 0.000000
vn 0.000000 1.000000 -0.000000
vn 0.173648 0.984808 -0.000000
vn 0.342020 0.939693 -0.000000
vn 0.500000 0.866025 -0.000000
vn 0.642788 0.766044 -0.000000
vn 0.766044 0.642788 -0.000000
vn 0.866025 0.500000 -0.000000
vn 0.939693 0.342020 -0.000000
vn 0.984808 0.173648 -0.000000
vn 1.000000 -0.000000 -0.000000
vn 0.984808 -0.173648 -0.000000
vn 0.939693 -0.342020 -0.000000
vn 0.866025 -0.500000 0.000000
vn 0.766044 -0.642788 0.000000
vn 0.642788 -0.766044 0.000000
vn 0.500000 -0.866025 0.000000
vn 0.342020 -0.939693 0.000000
vn 0.173648 -0.984808 0.000000
vn -0.000000 -1.000000 0.000000
f 6761//6761 6781//6781 6780//6780
f 6762//6762 6782//6782 6781//6781
f 6762//6762 6781//6781 6761//6761
f 6763//6763 6782//6782 6762//6762
f 6764//6764 6783//6783 6782//6782
f 6764//6764 6784//6784 6783//6783
f 6764//6764 6782//6782 6763//6763
f 6765//6765 6785//6785 6784//6784
f 6765//6765 6784//6784 6764//6764
f 6766//6766 6786//6786 6785//6785
f 6766//6766 6785//6785 6765//6765
f 6767//6767 6786//6786 6766//6766
f 6768//6768 6787//6787 6786//6786
f 6768//6768 6788//6788 6787//6787
f 6768//6768 6786//6786 6767//6767
f 6769//6769 6789//6789 6788//6788
f 6769//6769 6788//6788 6768//6768
f 6770//6770 6790//6790 6789//6789
f 6770//6770 6789//6789 6769//6769
f 6771//6771 6791//6791 6790//6790
f 6771//6771 6790//6790 6770//6770
f 6772//6772 6792//6792 6791//6791
f 6772//6772 6791//6791 6771//6771
f 6773//6773 6793//6793 6792//6792
f 6773//6773 6792//6792 6772//6772
f 6774//6774 6793//6793 6773//6773
f 6775//6775 6794//6794 6793//6793
f 6775//6775 6793//6793 6774//6774
f 6776//6776 6794//6794 6775//6775
f 6776//6776 6795//6795 6794//6794
f 6777//6777 6795//6795 6776//6776
f 6777//6777 6796//6796 6795//6795
f 6778//6778 6796//6796 6777//6777
f 6778//6778 6797//6797 6796//6796
f 6779//6779 6797//6797 6778//6778
f 6779//6779 6798//6798 6797//6797
v 400.000000 -408.750000 -730.000000
v 398.480591 -408.617065 -730.000000
v 397.007324 -408.222321 -730.000000
v 395.625000 -407.577728 -730.000000
v 394.375610 -406.702881 -730.000000
v 393.297119 -405.624390 -730.000000
v 392.422272 -404.375000 -730.000000
v 391.777679 -402.992676 -730.000000
v 391.382935 -401.519409 -730.000000
v 391.250000 -400.000000 -730.000000
v 391.382935 -398.480591 -730.000000
v 391.777679 -397.007324 -730.000000
v 392.422272 -395.625000 -730.000000
v 393.297119 -394.375610 -730.000000
v 394.375610 -393.297119 -730.000000
v 395.625000 -392.422272 -730.000000
v 397.007324 -391.777679 -730.000000
v 398.480591 -391.382935 -730.000000
v 400.000000 -391.250000 -730.000000
v 400.000000 -408.750000 -700.000000
v 398.480591 -408.617065 -700.000000
v 397.007324 -408.222321 -700.000000
v 395.625000 -407.577728 -700.000000
v 394.375610 -406.702881 -700.000000
v 393.297119 -405.624390 -700.000000
v 392.422272 -404.375000 -700.000000
v 391.777679 -402.992676 -700.000000
v 391.382935 -401.519409 -700.000000
v 391.250000 -400.000000 -700.000000
v 391.382935 -398.480591 -700.000000
v 391.777679 -397.007324 -700.000000
v 392.422272 -395.625000 -700.000000
v 393.297119 -394.375610 -700.000000
v 394.375610 -393.297119 -700.000000
v 395.625000 -392.422272 -700.000000
v 397.007324 -391.777679 -700.000000
v 398.480591 -391.382935 -700.000000
v 400.000000 -391.250000 -700.000000
vn 0.000000 1.000000 -0.000000
vn 0.173648 0.984808 -0.000000
vn 0.342020 0.939693 -0.000000
vn 0.500000 0.866025 -0.000000
vn 0.642788 0.766044 -0.000000
vn 0.766044 0.642788 -0.000000
vn 0.866025 0.500000 -0.000000
vn 0.939693 0.342020 -0.000000
vn 0.984808 0.173648 -0.000000
vn 1.000000 -0.000000 -0.000000
vn 0.984808 -0.173648 -0.000000
vn 0.939693 -0.342020 -0.000000
vn 0.866025 -0.500000 0.000000
vn 0.766044 -0.642788 0.000000
vn 0.642788 -0.766044 0.000000
vn 0.500000 -0.866025 0.000000
vn 0.342020 -0.939693 0.000000
vn 0.173648 -0.984808 0.000000
vn -0.000000 -1.000000 0.000000
vn 0.000000 1.000000 -0.000000
vn 0.173648 0.984808 -0.000000
vn 0.342020 0.939693 -0.000000
vn 0.500000 0.866025 -0.000000
vn 0.642788 0.766044 -0.000000
vn 0.766044 0.642788 -0.000000
vn 0.866025 0.500000 -0.000000
vn 0.939693 0.342020 -0.000000
vn 0.984808 0.173648 -0.000000
vn 1.000000 -0.000000 -0.000000
vn 0.984808 -0.173648 -0.000000
vn 0.939693 -0.342020 -0.000000
vn 0.866025 -0.500000 0.000000
vn 0.766044 -0.642788 0.000000
vn 0.642788 -0.766044 0.000000
vn 0.500000 -0.866025 0.000000
vn 0.342020 -0.939693 0.000000
vn 0.173648 -0.984808 0.000000
vn -0.000000 -1.000000 0.000000
f 6799//6799 6819//6819 6818//6818
f 6800//6800 6820//6820 6819//6819
f 6800//6800 6819//6819 6799//6799
f 6801//6801 6820//6820 6800//6800
f 6802//6802 6821//6821 6820//6820
f 6802//6802 6822//6822 6821//6821
f 6802//6802 6820//6820 6801//6801
f 6803//6803 6823//6823 6822//6822
f 6803//6803 6822//6822 6802//6802
f 6804//6804 6824//6824 6823//6823
f 6804//6804 6823//6823 6803//6803
f 6805//6805 6824//6824 6804//6804
f 6806//6806 6825//6825 6824//6824
f 6806//6806 6826//6826 6825//6825
f 6806//6806 6824//6824 6805//6805
f 6807//6807 6827//6827 6826//6826
f 6807//6807 6826//6826 6806//6806
f 6808//6808 6828//6828 6827//6827
f 6808//6808 6827//6827 6807//6807
f 6809//6809 6829//6829 6828//6828
f 6809//6809 6828//6828 6808//6808
f 6810//6810 6830//6830 6829//6829
f 6810//6810 6829//6829 6809//6809
f 6811//6811 6831//6831 6830//6830
f 6811//6811 6830//6830 6810//6810
f 6812//6812 6831//6831 6811//6811
f 6813//6813 6832//6832 6831//6831
f 6813//6813 6831//6831 6812//6812
f 6814//6814 6832//6832 6813//6813
f 6814//6814 6833//6833 6832//6832
f 6815//6815 6833//6833 6814//6814
f 6815//6815 6834//6834 6833//6833
f 6816//6816 6834//6834 6815//6815
f 6816//6816 6835//6835 6834//6834
f 6817//6817 6835//6835 6816//6816
f 6817//6817 6836//6836 6835//6835
v 175.000000 -408.750000 -730.000000
v 173.480576 -408.617065 -730.000000
v 172.007324 -408.222321 -730.000000
v 170.625000 -407.577728 -730.000000
v 169.375610 -406.702881 -730.000000
v 168.297104 -405.624390 -730.000000
v 167.422272 -404.375000 -730.000000
v 166.777695 -402.992676 -730.000000
v 166.382935 -401.519409 -730.000000
v 166.250000 -400.000000 -730.000000
v 166.382935 -398.480591 -730.000000
v 166.777695 -397.007324 -730.000000
v 167.422272 -395.625000 -730.000000
v 168.297104 -394.375610 -730.000000
v 169.375610 -393.297119 -730.000000
v 170.625000 -392.422272 -730.000000
v 172.007324 -391.777679 -730.000000
v 173.480576 -391.382935 -730.000000
v 175.000000 -391.250000 -730.000000
v 175.000000 -408.750000 -700.000000
v 173.480576 -408.617065 -700.000000
v 172.007324 -408.222321 -700.000000
v 170.625000 -407.577728 -700.000000
v 169.375610 -406.702881 -700.000000
v 168.297104 -405.624390 -700.000000
v 167.422272 -404.375000 -700.000000
v 166.777695 -402.992676 -700.000000
v 166.382935 -401.519409 -700.000000
v 166.250000 -400.000000 -700.000000
v 166.382935 -398.480591 -700.000000
v 166.777695 -397.007324 -700.000000
v 167.422272 -395.625000 -700.000000
v 168.297104 -394.375610 -700.000000
v 169.375610 -393.297119 -700.000000
v 170.625000 -392.422272 -700.000000
v 172.007324 -391.777679 -700.000000
v 173.480576 -391.382935 -700.000000
v 175.000000 -391.250000 -700.000000
vn 0.000000 1.000000 -0.000000
vn 0.173648 0.984808 -0.000000
vn 0.342020 0.939693 -0.000000
vn 0.500000 0.866025 -0.000000
vn 0.642788 0.766044 -0.000000
vn 0.766044 0.642788 -0.000000
vn 0.866025 0.500000 -0.000000
vn 0.939693 0.342020 -0.000000
vn 0.984808 0.173648 -0.000000
vn 1.000000 -0.000000 -0.000000
vn 0.984808 -0.173648 -0.000000
vn 0.939693 -0.342020 -0.000000
vn 0.866025 -0.500000 0.000000
vn 0.766044 -0.642788 0.000000
vn 0.642788 -0.766044 0.000000
vn 0.500000 -0.866025 0.000000
vn 0.342020 -0.939693 0.000000
vn 0.173648 -0.984808 0.000000
vn -0.000000 -1.000000 0.000000
vn 0.000000 1.000000 -0.000000
vn 0.173648 0.984808 -0.000000
vn 0.342020 0.939693 -0.000000
vn 0.500000 0.866025 -0.000000
vn 0.642788 0.766044 -0.000000
vn 0.766044 0.642788 -0.000000
vn 0.866025 0.500000 -0.000000
vn 0.939693 0.342020 -0.000000
vn 0.984808 0.173648 -0.000000
vn 1.000000 -0.000000 -0.000000
vn 0.984808 -0.173648 -0.000000
vn 0.939693 -0.342020 -0.000000
vn 0.866025 -0.500000 0.000000
vn 0.766044 -0.642788 0.000000
vn 0.642788 -0.766044 0.000000
vn 0.500000 -0.866025 0.000000
vn 0.342020 -0.939693 0.000000
vn 0.173648 -0.984808 0.000000
vn -0.000000 -1.000000 0.000000
f 6837//6837 6857//6857 6856//6856
f 6838//6838 6858//6858 6857//6857
f 6838//6838 6857//6857 6837//6837
f 6839//6839 6858//6858 6838//6838
f 6840//6840 6859//6859 6858//6858
f 6840//6840 6860//6860 6859//6859
f 6840//6840 6858//6858 6839//6839
f 6841//6841 6861//6861 6860//6860
f 6841//6841 6860//6860 6840//6840
f 6842//6842 6862//6862 6861//6861
f 6842//6842 6861//6861 6841//6841
f 6843//6843 6862//6862 6842//6842
f 6844//6844 6863//6863 6862//6862
f 6844//6844 6864//6864 6863//6863
f 6844//6844 6862//6862 6843//6843
f 6845//6845 6865//6865 6864//6864
f 6845//6845 6864//6864 6844//6844
f 6846//6846 6866//6866 6865//6865
f 6846//6846 6865//6865 6845//6845
f 6847//6847 6867//6867 6866//6866
f 6847//6847 6866//6866 6846//6846
f 6848//6848 6868//6868 6867//6867
f 6848//6848 6867//6867 6847//6847
f 6849//6849 6869//6869 6868//6868
f 6849//6849 6868//6868 6848//6848
f 6850//6850 6869//6869 6849//6849
f 6851//6851 6870//6870 6869//6869
f 6851//6851 6869//6869 6850//6850
f 6852//6852 6870//6870 6851//6851
f 6852//6852 6871//6871 6870//6870
f 6853//6853 6871//6871 6852//6852
f 6853//6853 6872//6872 6871//6871
f 6854//6854 6872//6872 6853//6853
f 6854//6854 6873//6873 6872//6872
f 6855//6855 6873//6873 6854//6854
f 6855//6855 6874//6874 6873//6873
v -175.000000 -408.750000 -730.000000
v -176.519424 -408.617065 -730.000000
v -177.992676 -408.222321 -730.000000
v -179.375000 -407.577728 -730.000000
v -180.624390 -406.702881 -730.000000
v -181.702896 -405.624390 -730.000000
v -182.577728 -404.375000 -730.000000
v -183.222305 -402.992676 -730.000000
v -183.617065 -401.519409 -730.000000
v -183.750000 -400.000000 -730.000000
v -183.617065 -398.480591 -730.000000
v -183.222305 -397.007324 -730.000000
v -182.577728 -395.625000 -730.000000
v -181.702896 -394.375610 -730.000000
v -180.624390 -393.297119 -730.000000
v -179.375000 -392.422272 -730.000000
v -177.992676 -391.777679 -730.000000
v -176.519424 -391.382935 -730.000000
v -175.000000 -391.250000 -730.000000
v -175.000000 -408.750000 -700.000000
v -176.519424 -408.617065 -700.000000
v -177.992676 -408.222321 -700.000000
v -179.375000 -407.577728 -700.000000
v -180.624390 -406.702881 -700.000000
v -181.702896 -405.624390 -700.000000
v -182.577728 -404.375000 -700.000000
v -183.222305 -402.992676 -700.000000
v -183.617065 -401.519409 -700.000000
v -183.750000 -400.000000 -700.000000
v -183.617065 -398.480591 -700.000000
v -183.222305 -397.007324 -700.000000
v -182.577728 -395.625000 -700.000000
v -181.702896 -394.375610 -700.000000
v -180.624390 -393.297119 -700.000000
v -179.375000 -392.422272 -700.000000
v -177.992676 -391.777679 -700.000000
v -176.519424 -391.382935 -700.000000
v -175.000000 -391.250000 -700.000000
vn 0.000000 1.000000 -0.000000
vn 0.173648 0.984808 -0.000000
vn 0.342020 0.939693 -0.000000
vn 0.500000 0.866025 -0.000000
vn 0.642788 0.766044 -0.000000
vn 0.766044 0.642788 -0.000000
vn 0.866025 0.500000 -0.000000
vn 0.939693 0.342020 -0.000000
vn 0.984808 0.173648 -0.000000
vn 1.000000 -0.000000 -0.000000
vn 0.984808 -0.173648 -0.000000
vn 0.939693 -0.342020 -0.000000
vn 0.866025 -0.500000 0.000000
vn 0.766044 -0.642788 0.000000
vn 0.642788 -0.766044 0.000000
vn 0.500000 -0.866025 0.000000
vn 0.342020 -0.939693 0.000000
vn 0.173648 -0.984808 0.000000
vn -0.000000 -1.000000 0.000000
vn 0.000000 1.000000 -0.000000
vn 0.173648 0.984808 -0.000000
vn 0.342020 0.939693 -0.000000
vn 0.500000 0.866025 -0.000000
vn 0.642788 0.766044 -0.000000
vn 0.766044 0.642788 -0.000000
vn 0.866025 0.500000 -0.000000
vn 0.939693 0.342020 -0.000000
vn 0.984808 0.173648 -0.000000
vn 1.000000 -0.000000 -0.000000
vn 0.984808 -0.173648 -0.000000
vn 0.939693 -0.342020 -0.000000
vn 0.866025 -0.500000 0.000000
vn 0.766044 -0.642788 0.000000
vn 0.642788 -0.766044 0.000000
vn 0.500000 -0.866025 0.000000
vn 0.342020 -0.939693 0.000000
vn 0.173648 -0.984808 0.000000
vn -0.000000 -1.000000 0.000000
f 6875//6875 6895//6895 6894//6894
f 6876//6876 6896//6896 6895//6895
f 6876//6876 6895//6895 6875//6875
f 6877//6877 6896//6896 6876//6876
f 6878//6878 6897//6897 6896//6896
f 6878//6878 6898//6898 6897//6897
f 6878//6878 6896//6896 6877//6877
f 6879//6879 6899//6899 6898//6898
f 6879//6879 6898//6898 6878//6878
f 6880//6880 6900//6900 6899//6899
f 6880//6880 6899//6899 6879//6879
f 6881//6881 6900//6900 6880//6880
f 6882//6882 6901//6901 6900//6900
f 6882//6882 6902//6902 6901//6901
f 6882//6882 6900//6900 6881//6881
f 6883//6883 6903//6903 6902//6902
f 6883//6883 6902//6902 6882//6882
f 6884//6884 6904//6904 6903//6903
f 6884//6884 6903//6903 6883//6883
f 6885//6885 6905//6905 6904//6904
f 6885//6885 6904//6904 6884//6884
f 6886//6886 6906//6906 6905//6905
f 6886//6886 6905//6905 6885//6885
f 6887//6887 6907//6907 6906//6906
f 6887//6887 6906//6906 6886//6886
f 6888//6888 6907//6907 6887//6887
f 6889//6889 6908//6908 6907//6907
f 6889//6889 6907//6907 6888//6888
f 6890//6890 6908//6908 6889//6889
f 6890//6890 6909//6909 6908//6908
f 6891//6891 6909//6909 6890//6890
f 6891//6891 6910//6910 6909//6909
f 6892//6892 6910//6910 6891//6891
f 6892//6892 6911//6911 6910//6910
f 6893//6893 6911//6911 6892//6892
f 6893//6893 6912//6912 6911//6911
v -400.000000 -408.750000 -730.000000
v -401.519409 -408.617065 -730.000000
v -402.992676 -408.222321 -730.000000
v -404.375000 -407.577728 -730.000000
v -405.624390 -406.702881 -730.000000
v -406.702881 -405.624390 -730.000000
v -407.577728 -404.375000 -730.000000
v -408.222321 -402.992676 -730.000000
v -408.617065 -401.519409 -730.000000
v -408.750000 -400.000000 -730.000000
v -408.617065 -398.480591 -730.000000
v -408.222321 -397.007324 -730.000000
v -407.577728 -395.625000 -730.000000
v -406.702881 -394.375610 -730.000000
v -405.624390 -393.297119 -730.000000
v -404.375000 -392.422272 -730.000000
v -402.992676 -391.777679 -730.000000
v -401.519409 -391.382935 -730.000000
v -400.000000 -391.250000 -730.000000
v -400.000000 -408.750000 -700.000000
v -401.519409 -408.617065 -700.000000
v -402.992676 -408.222321 -700.000000
v -404.375000 -407.577728 -700.000000
v -405.624390 -406.702881 -700.000000
v -406.702881 -405.624390 -700.000000
v -407.577728 -404.375000 -700.000000
v -408.222321 -402.992676 -700.000000
v -408.617065 -401.519409 -700.000000
v -408.750000 -400.000000 -700.000000
v -408.617065 -398.480591 -700.000000
v -408.222321 -397.007324 -700.000000
v -407.577728 -395.625000 -700.000000
v -406.702881 -394.375610 -700.000000
v -405.624390 -393.297119 -700.000000
v -404.375000 -392.422272 -700.000000
v -402.992676 -391.777679 -700.000000
v -401.519409 -391.382935 -700.000000
v -400.000000 -391.250000 -700.000000
vn 0.000000 1.000000 -0.000000
vn 0.173648 0.984808 -0.000000
vn 0.342020 0.939693 -0.000000
vn 0.500000 0.866025 -0.000000
vn 0.642788 0.766044 -0.000000
vn 0.766044 0.642788 -0.000000
vn 0.866025 0.500000 -0.000000
vn 0.939693 0.342020 -0.000000
vn 0.984808 0.173648 -0.000000
vn 1.000000 -0.000000 -0.000000
vn 0.984808 -0.173648 -0.000000
vn 0.939693 -0.342020 -0.000000
vn 0.866025 -0.500000 0.000000
vn 0.766044 -0.642788 0.000000
vn 0.642788 -0.766044 0.000000
vn 0.500000 -0.866025 0.000000
vn 0.342020 -0.939693 0.000000
vn 0.173648 -0.984808 0.000000
vn -0.000000 -1.000000 0.000000
vn 0.000000 1.000000 -0.000000
vn 0.173648 0.984808 -0.000000
vn 0.342020 0.939693 -0.000000
vn 0.500000 0.866025 -0.000000
vn 0.642788 0.766044 -0.000000
vn 0.766044 0.642788 -0.000000
vn 0.866025 0.500000 -0.000000
vn 0.939693 0.342020 -0.000000
vn 0.984808 0.173648 -0.000000
vn 1.000000 -0.000000 -0.000000
vn 0.984808 -0.173648 -0.000000
vn 0.939693 -0.342020 -0.000000
vn 0.866025 -0.500000 0.000000
vn 0.766044 -0.642788 0.000000
vn 0.642788 -0.766044 0.000000
vn 0.500000 -0.866025 0.000000
vn 0.342020 -0.939693 0.000000
vn 0.173648 -0.984808 0.000000
vn -0.000000 -1.000000 0.000000
f 6913//6913 6933//6933 6932//6932
f 6914//6914 6934//6934 6933//6933
f 6914//6914 6933//6933 6913//6913
f 6915//6915 6934//6934 6914//6914
f 6916//6916 6935//6935 6934//6934
f 6916//6916 6936//6936 6935//6935
f 6916//6916 6934//6934 6915//6915
f 6917//6917 6937//6937 6936//6936
f 6917//6917 6936//6936 6916//6916
f 6918//6918 6938//6938 6937//6937
f 6918//6918 6937//6937 6917//6917
f 6919//6919 6938//6938 6918//6918
f 6920//6920 6939//6939 6938//6938
f 6920//6920 6940//6940 6939//6939
f 6920//6920 6938//6938 6919//6919
f 6921//6921 6941//6941 6940//6940
f 6921//6921 6940//6940 6920//6920
f 6922//6922 6942//6942 6941//6941
f 6922//6922 6941//6941 6921//6921
f 6923//6923 6943//6943 6942//6942
f 6923//6923 6942//6942 6922//6922
f 6924//6924 6944//6944 6943//6943
f 6924//6924 6943//6943 6923//6923
f 6925//6925 6945//6945 6944//6944
f 6925//6925 6944//6944 6924//6924
f 6926//6926 6945//6945 6925//6925
f 6927//6927 6946//6946 6945//6945
f 6927//6927 6945//6945 6926//6926
f 6928//6928 6946//6946 6927//6927
f 6928//6928 6947//6947 6946//6946
f 6929//6929 6947//6947 6928//6928
f 6929//6929 6948//6948 6947//6947
f 6930//6930 6948//6948 6929//6929
f 6930//6930 6949//6949 6948//6948
f 6931//6931 6949//6949 6930//6930
f 6931//6931 6950//6950 6949//6949
v -400.000000 -183.750000 -730.000000
v -401.519409 -183.617065 -730.000000
v -402.992676 -183.222305 -730.000000
v -404.375000 -182.577728 -730.000000
v -405.624390 -181.702896 -730.000000
v -406.702881 -180.624390 -730.000000
v -407.577728 -179.375000 -730.000000
v -408.222321 -177.992676 -730.000000
v -408.617065 -176.519424 -730.000000
v -408.750000 -175.000000 -730.000000
v -408.617065 -173.480576 -730.000000
v -408.222321 -172.007324 -730.000000
v -407.577728 -170.625000 -730.000000
v -406.702881 -169.375610 -730.000000
v -405.624390 -168.297104 -730.000000
v -404.375000 -167.422272 -730.000000
v -402.992676 -166.777695 -730.000000
v -401.519409 -166.382935 -730.000000
v -400.000000 -166.250000 -730.000000
v -400.000000 -183.750000 -700.000000
v -401.519409 -183.617065 -700.000000
v -402.992676 -183.222305 -700.000000
v -404.375000 -182.577728 -700.000000
v -405.624390 -181.702896 -700.000000
v -406.702881 -180.624390 -700.000000
v -407.577728 -179.375000 -700.000000
v -408.222321 -177.992676 -700.000000
v -408.617065 -176.519424 -700.000000
v -408.750000 -175.000000 -700.000000
v -408.617065 -173.480576 -700.000000
v -408.222321 -172.007324 -700.000000
v -407.577728 -170.625000 -700.000000
v -406.702881 -169.375610 -700.000000
v -405.624390 -168.297104 -700.000000
v -404.375000 -167.422272 -700.000000
v -402.992676 -166.777695 -700.000000
v -401.519409 -166.382935 -700.000000
v -400.000000 -166.250000 -700.000000
vn 0.000000 1.000000 -0.000000
vn 0.173648 0.984808 -0.000000
vn 0.342020 0.939693 -0.000000
vn 0.500000 0.866025 -0.000000
vn 0.642788 0.766044 -0.000000
vn 0.766044 0.642788 -0.000000
vn 0.866025 0.500000 -0.000000
vn 0.939693 0.342020 -0.000000
vn 0.984808 0.173648 -0.000000
vn 1.000000 -0.000000 -0.000000
vn 0.984808 -0.173648 -0.000000
vn 0.939693 -0.342020 -0.000000
vn 0.866025 -0.500000 0.000000
vn 0.766044 -0.642788 0.000000
vn 0.642788 -0.766044 0.000000
vn 0.500000 -0.866025 0.000000
vn 0.342020 -0.939693 0.000000
vn 0.173648 -0.984808 0.000000
vn -0.000000 -1.000000 0.000000
vn 0.000000 1.000000 -0.000000
vn 0.173648 0.984808 -0.000000
vn 0.342020 0.939693 -0.000000
vn 0.500000 0.866025 -0.000000
vn 0.642788 0.766044 -0.000000
vn 0.766044 0.642788 -0.000000
vn 0.866025 0.500000 -0.000000
vn 0.939693 0.342020 -0.000000
vn 0.984808 0.173648 -0.000000
vn 1.000000 -0.000000 -0.000000
vn 0.984808 -0.173648 -0.000000
vn 0.939693 -0.342020 -0.000000
vn 0.866025 -0.500000 0.000000
vn 0.766044 -0.642788 0.000000
vn 0.642788 -0.766044 0.000000
vn 0.500000 -0.866025 0.000000
vn 0.342020 -0.939693 0.000000
vn 0.173648 -0.984808 0.000000
vn -0.000000 -1.000000 0.000000
f 6951//6951 6971//6971 6970//6970
f 6952//6952 6972//6972 6971//6971
f 6952//6952 6971//6971 6951//6951
f 6953//6953 6972//6972 6952//6952
f 6954//6954 6973//6973 6972//6972
f 6954//6954 6974//6974 6973//6973
f 6954//6954 6972//6972 6953//6953
f 6955//6955 6975//6975 6974//6974
f 6955//6955 6974//6974 6954//6954
f 6956//6956 6976//6976 6975//6975
f 6956//6956 6975//6975 6955//6955
f 6957//6957 6976//6976 6956//6956
f 6958//6958 6977//6977 6976//6976
f 6958//6958 6978//6978 6977//6977
f 6958//6958 6976//6976 6957//6957
f 6959//6959 6979//6979 6978//6978
f 6959//6959 6978//6978 6958//6958
f 6960//6960 6980//6980 6979//6979
f 6960//6960 6979//6979 6959//6959
f 6961//6961 6981//6981 6980//6980
f 6961//6961 6980//6980 6960//6960
f 6962//6962 6982//6982 6981//6981
f 6962//6962 6981//6981 6961//6961
f 6963//6963 6983//6983 6982//6982
f 6963//6963 6982//6982 6962//6962
f 6964//6964 6983//6983 6963//6963
f 6965//6965 6984//6984 6983//6983
f 6965//6965 6983//6983 6964//6964
f 6966//6966 6984//6984 6965//6965
f 6966//6966 6985//6985 6984//6984
f 6967//6967 6985//6985 6966//6966
f 6967//6967 6986//6986 6985//6985
f 6968//6968 6986//6986 6967//6967
f 6968//6968 6987//6987 6986//6986
f 6969//6969 6987//6987 6968//6968
f 6969//6969 6988//6988 6987//6987
v -400.000000 166.250000 -730.000000
v -401.519409 166.382935 -730.000000
v -402.992676 166.777695 -730.000000
v -404.375000 167.422272 -730.000000
v -405.624390 168.297104 -730.000000
v -406.702881 169.375610 -730.000000
v -407.577728 170.625000 -730.000000
v -408.222321 172.007324 -730.000000
v -408.617065 173.480576 -730.000000
v -408.750000 175.000000 -730.000000
v -408.617065 176.519424 -730.000000
v -408.222321 177.992676 -730.000000
v -407.577728 179.375000 -730.000000
v -406.702881 180.624390 -730.000000
v -405.624390 181.702896 -730.000000
v -404.375000 182.577728 -730.000000
v -402.992676 183.222305 -730.000000
v -401.519409 183.617065 -730.000000
v -400.000000 183.750000 -730.000000
v -400.000000 166.250000 -700.000000
v -401.519409 166.382935 -700.000000
v -402.992676 166.777695 -700.000000
v -404.375000 167.422272 -700.000000
v -405.624390 168.297104 -700.000000
v -406.702881 169.375610 -700.000000
v -407.577728 170.625000 -700.000000
v -408.222321 172.007324 -700.000000
v -408.617065 173.480576 -700.000000
v -408.750000 175.000000 -700.000000
v -408.617065 176.519424 -700.000000
v -408.222321 177.992676 -700.000000
v -407.577728 179.375000 -700.000000
v -406.702881 180.624390 -700.000000
v -405.624390 181.702896 -700.000000
v -404.375000 182.577728 -700.000000
v -402.992676 183.222305 -700.000000
v -401.519409 183.617065 -700.000000
v -400.000000 183.750000 -700.000000
vn 0.000000 1.000000 -0.000000
vn 0.173648 0.984808 -0.000000
vn 0.342020 0.939693 -0.000000
vn 0.500000 0.866025 -0.000000
vn 0.642788 0.766044 -0.000000
vn 0.766044 0.642788 -0.000000
vn 0.866025 0.500000 -0.000000
vn 0.939693 0.342020 -0.000000
vn 0.984808 0.173648 -0.000000
vn 1.000000 -0.000000 -0.000000
vn 0.984808 -0.173648 -0.000000
vn 0.939693 -0.342020 -0.000000
vn 0.866025 -0.500000 0.000000
vn 0.766044 -0.642788 0.000000
vn 0.642788 -0.766044 0.000000
vn 0.500000 -0.866025 0.000000
vn 0.342020 -0.939693 0.000000
vn 0.173648 -0.984808 0.000000
vn -0.000000 -1.000000 0.000000
vn 0.000000 1.000000 -0.000000
vn 0.173648 0.984808 -0.000000
vn 0.342020 0.939693 -0.000000
vn 0.500000 0.866025 -0.000000
vn 0.642788 0.766044 -0.000000
vn 0.766044 0.642788 -0.000000
vn 0.866025 0.500000 -0.000000
vn 0.939693 0.342020 -0.000000
vn 0.984808 0.173648 -0.000000
vn 1.000000 -0.000000 -0.000000
vn 0.984808 -0.173648 -0.000000
vn 0.939693 -0.342020 -0.000000
vn 0.866025 -0.500000 0.000000
vn 0.766044 -0.642788 0.000000
vn 0.642788 -0.766044 0.000000
vn 0.500000 -0.866025 0.000000
vn 0.342020 -0.939693 0.000000
vn 0.173648 -0.984808 0.000000
vn -0.000000 -1.000000 0.000000
f 6989//6989 7009//7009 7008//7008
f 6990//6990 7010//7010 7009//7009
f 6990//6990 7009//7009 6989//6989
f 6991//6991 7010//7010 6990//6990
f 6992//6992 7011//7011 7010//7010
f 6992//6992 7012//7012 7011//7011
f 6992//6992 7010//7010 6991//6991
f 6993//6993 7013//7013 7012//7012
f 6993//6993 7012//7012 6992//6992
f 6994//6994 7014//7014 7013//7013
f 6994//6994 7013//7013 6993//6993
f 6995//6995 7014//7014 6994//6994
f 6996//6996 7015//7015 7014//7014
f 6996//6996 7016//7016 7015//7015
f 6996//6996 7014//7014 6995//6995
f 6997//6997 7017//7017 7016//7016
f 6997//6997 7016//7016 6996//6996
f 6998//6998 7018//7018 7017//7017
f 6998//6998 7017//7017 6997//6997
f 6999//6999 7019//7019 7018//7018
f 6999//6999 7018//7018 6998//6998
f 7000//7000 7020//7020 7019//7019
f 7000//7000 7019//7019 6999//6999
f 7001//7001 7021//7021 7020//7020
f 7001//7001 7020//7020 7000//7000
f 7002//7002 7021//7021 7001//7001
f 7003//7003 7022//7022 7021//7021
f 7003//7003 7021//7021 7002//7002
f 7004//7004 7022//7022 7003//7003
f 7004//7004 7023//7023 7022//7022
f 7005//7005 7023//7023 7004//7004
f 7005//7005 7024//7024 7023//7023
f 7006//7006 7024//7024 7005//7005
f 7006//7006 7025//7025 7024//7024
f 7007//7007 7025//7025 7006//7006
f 7007//7007 7026//7026 7025//7025
v -400.000000 391.250000 -730.000000
v -401.519409 391.382935 -730.000000
v -402.992676 391.777679 -730.000000
v -404.375000 392.422272 -730.000000
v -405.624390 393.297119 -730.000000
v -406.702881 394.375610 -730.000000
v -407.577728 395.625000 -730.000000
v -408.222321 397.007324 -730.000000
v -408.617065 398.480591 -730.000000
v -408.750000 400.000000 -730.000000
v -408.617065 401.519409 -730.000000
v -408.222321 402.992676 -730.000000
v -407.577728 404.375000 -730.000000
v -406.702881 405.624390 -730.000000
v -405.624390 406.702881 -730.000000
v -404.375000 407.577728 -730.000000
v -402.992676 408.222321 -730.000000
v -401.519409 408.617065 -730.000000
v -400.000000 408.750000 -730.000000
v -400.000000 391.250000 -700.000000
v -401.519409 391.382935 -700.000000
v -402.992676 391.777679 -700.000000
v -404.375000 392.422272 -700.000000
v -405.624390 393.297119 -700.000000
v -406.702881 394.375610 -700.000000
v -407.577728 395.625000 -700.000000
v -408.222321 397.007324 -700.000000
v -408.617065 398.480591 -700.000000
v -408.750000 400.000000 -700.000000
v -408.617065 401.519409 -700.000000
v -408.222321 402.992676 -700.000000
v -407.577728 404.375000 -700.000000
v -406.702881 405.624390 -700.000000
v -405.624390 406.702881 -700.000000
v -404.375000 407.577728 -700.000000
v -402.992676 408.222321 -700.000000
v -401.519409 408.617065 -700.000000
v -400.000000 408.750000 -700.000000
vn 0.000000 1.000000 -0.000000
vn 0.173648 0.984808 -0.000000
vn 0.342020 0.939693 -0.000000
vn 0.500000 0.866025 -0.000000
vn 0.642788 0.766044 -0.000000
vn 0.766044 0.642788 -0.000000
vn 0.866025 0.500000 -0.000000
vn 0.939693 0.342020 -0.000000
vn 0.984808 0.173648 -0.000000
vn 1.000000 -0.000000 -0.000000
vn 0.984808 -0.173648 -0.000000
vn 0.939693 -0.342020 -0.000000
vn 0.866025 -0.500000 0.000000
vn 0.766044 -0.642788 0.000000
vn 0.642788 -0.766044 0.000000
vn 0.500000 -0.866025 0.000000
vn 0.342020 -0.939693 0.000000
vn 0.173648 -0.984808 0.000000
vn -0.000000 -1.000000 0.000000
vn 0.000000 1.000000 -0.000000
vn 0.173648 0.984808 -0.000000
vn 0.342020 0.939693 -0.000000
vn 0.500000 0.866025 -0.000000
vn 0.642788 0.766044 -0.000000
vn 0.766044 0.642788 -0.000000
vn 0.866025 0.500000 -0.000000
vn 0.939693 0.342020 -0.000000
vn 0.984808 0.173648 -0.000000
vn 1.000000 -0.000000 -0.000000
vn 0.984808 -0.173648 -0.000000
vn 0.939693 -0.342020 -0.000000
vn 0.866025 -0.500000 0.000000
vn 0.766044 -0.642788 0.000000
vn 0.642788 -0.766044 0.000000
vn 0.500000 -0.866025 0.000000
vn 0.342020 -0.939693 0.000000
vn 0.173648 -0.984808 0.000000
vn -0.000000 -1.000000 0.000000
f 7027//7027 7047//7047 7046//7046
f 7028//7028 7048//7048 7047//7047
f 7028//7028 7047//7047 7027//7027
f 7029//7029 7048//7048 7028//7028
f 7030//7030 7049//7049 7048//7048
f 7030//7030 7050//7050 7049//7049
f 7030//7030 7048//7048 7029//7029
f 7031//7031 7051//7051 7050//7050
f 7031//7031 7050//7050 7030//7030
f 7032//7032 7052//7052 7051//7051
f 7032//7032 7051//7051 7031//7031
f 7033//7033 7052//7052 7032//7032
f 7034//7034 7053//7053 7052//7052
f 7034//7034 7054//7054 7053//7053
f 7034//7034 7052//7052 7033//7033
f 7035//7035 7055//7055 7054//7054
f 7035//7035 7054//7054 7034//7034
f 7036//7036 7056//7056 7055//7055
f 7036//7036 7055//7055 7035//7035
f 7037//7037 7057//7057 7056//7056
f 7037//7037 7056//7056 7036//7036
f 7038//7038 7058//7058 7057//7057
f 7038//7038 7057//7057 7037//7037
f 7039//7039 7059//7059 7058//7058
f 7039//7039 7058//7058 7038//7038
f 7040//7040 7059//7059 7039//7039
f 7041//7041 7060//7060 7059//7059
f 7041//7041 7059//7059 7040//7040
f 7042//7042 7060//7060 7041//7041
f 7042//7042 7061//7061 7060//7060
f 7043//7043 7061//7061 7042//7042
f 7043//7043 7062//7062 7061//7061
f 7044//7044 7062//7062 7043//7043
f 7044//7044 7063//7063 7062//7062
f 7045//7045 7063//7063 7044//7044
f 7045//7045 7064//7064 7063//7063
usemtl mat_2
v -235.000000 691.000000 -730.000000
v -237.431076 691.212708 -730.000000
v -239.788284 691.844299 -730.000000
v -242.000000 692.875671 -730.000000
v -243.999023 694.275391 -730.000000
v -245.724625 696.000977 -730.000000
v -247.124359 698.000000 -730.000000
v -248.155701 700.211731 -730.000000
v -248.787308 702.568909 -730.000000
v -249.000000 705.000000 -730.000000
v -248.787308 707.431091 -730.000000
v -248.155701 709.788269 -730.000000
v -247.124359 712.000000 -730.000000
v -245.724625 713.999023 -730.000000
v -243.999023 715.724609 -730.000000
v -242.000000 717.124329 -730.000000
v -239.788284 718.155701 -730.000000
v -237.431076 718.787292 -730.000000
v -235.000000 719.000000 -730.000000
v -235.000000 691.000000 -700.000000
v -237.431076 691.212708 -700.000000
v -239.788284 691.844299 -700.000000
v -242.000000 692.875671 -700.000000
v -243.999023 694.275391 -700.000000
v -245.724625 696.000977 -700.000000
v -247.124359 698.000000 -700.000000
v -248.155701 700.211731 -700.000000
v -248.787308 702.568909 -700.000000
v -249.000000 705.000000 -700.000000
v -248.787308 707.431091 -700.000000
v -248.155701 709.788269 -700.000000
v -247.124359 712.000000 -700.000000
v -245.724625 713.999023 -700.000000
v -243.999023 715.724609 -700.000000
v -242.000000 717.124329 -700.000000
v -239.788284 718.155701 -700.000000
v -237.431076 718.787292 -700.000000
v -235.000000 719.000000 -700.000000
vn 0.000000 1.000000 -0.000000
vn 0.173648 0.984808 -0.000000
vn 0.342020 0.939693 -0.000000
vn 0.500000 0.866025 -0.000000
vn 0.642788 0.766044 -0.000000
vn 0.766044 0.642788 -0.000000
vn 0.866025 0.500000 -0.000000
vn 0.939693 0.342020 -0.000000
vn 0.984808 0.173648 -0.000000
vn 1.000000 -0.000000 -0.000000
vn 0.984808 -0.173648 -0.000000
vn 0.939693 -0.342020 -0.000000
vn 0.866025 -0.500000 0.000000
vn 0.766044 -0.642788 0.000000
vn 0.642788 -0.766044 0.000000
vn 0.500000 -0.866025 0.000000
vn 0.342020 -0.939693 0.000000
vn 0.173648 -0.984808 0.000000
vn -0.000000 -1.000000 0.000000
vn 0.000000 1.000000 -0.000000
vn 0.173648 0.984808 -0.000000
vn 0.342020 0.939693 -0.000000
vn 0.500000 0.866025 -0.000000
vn 0.642788 0.766044 -0.000000
vn 0.766044 0.642788 -0.000000
vn 0.866025 0.500000 -0.000000
vn 0.939693 0.342020 -0.000000
vn 0.984808 0.173648 -0.000000
vn 1.000000 -0.000000 -0.000000
vn 0.984808 -0.173648 -0.000000
vn 0.939693 -0.342020 -0.000000
vn 0.866025 -0.500000 0.000000
vn 0.766044 -0.642788 0.000000
vn 0.642788 -0.766044 0.000000
vn 0.500000 -0.866025 0.000000
vn 0.342020 -0.939693 0.000000
vn 0.173648 -0.984808 0.000000
vn -0.000000 -1.000000 0.000000
f 7065//7065 7085//7085 7084//7084
f 7066//7066 7086//7086 7085//7085
f 7066//7066 7085//7085 7065//7065
f 7067//7067 7086//7086 7066//7066
f 7068//7068 7087//7087 7086//7086
f 7068//7068 7088//7088 7087//7087
f 7068//7068 7086//7086 7067//7067
f 7069//7069 7089//7089 7088//7088
f 7069//7069 7088//7088 7068//7068
f 7070//7070 7090//7090 7089//7089
f 7070//7070 7089//7089 7069//7069
f 7071//7071 7090//7090 7070//7070
f 7072//7072 7091//7091 7090//7090
f 7072//7072 7092//7092 7091//7091
f 7072//7072 7090//7090 7071//7071
f 7073//7073 7093//7093 7092//7092
f 7073//7073 7092//7092 7072//7072
f 7074//7074 7094//7094 7093//7093
f 7074//7074 7093//7093 7073//7073
f 7075//7075 7095//7095 7094//7094
f 7075//7075 7094//7094 7074//7074
f 7076//7076 7096//7096 7095//7095
f 7076//7076 7095//7095 7075//7075
f 7077//7077 7097//7097 7096//7096
f 7077//7077 7096//7096 7076//7076
f 7078//7078 7097//7097 7077//7077
f 7079//7079 7098//7098 7097//7097
f 7079//7079 7097//7097 7078//7078
f 7080//7080 7098//7098 7079//7079
f 7080//7080 7099//7099 7098//7098
f 7081//7081 7099//7099 7080//7080
f 7081//7081 7100//7100 7099//7099
f 7082//7082 7100//7100 7081//7081
f 7082//7082 7101//7101 7100//7100
f 7083//7083 7101//7101 7082//7082
f 7083//7083 7102//7102 7101//7101
v 235.000000 691.000000 -730.000000
v 232.568924 691.212708 -730.000000
v 230.211716 691.844299 -730.000000
v 228.000000 692.875671 -730.000000
v 226.000977 694.275391 -730.000000
v 224.275375 696.000977 -730.000000
v 222.875641 698.000000 -730.000000
v 221.844299 700.211731 -730.000000
v 221.212692 702.568909 -730.000000
v 221.000000 705.000000 -730.000000
v 221.212692 707.431091 -730.000000
v 221.844299 709.788269 -730.000000
v 222.875641 712.000000 -730.000000
v 224.275375 713.999023 -730.000000
v 226.000977 715.724609 -730.000000
v 228.000000 717.124329 -730.000000
v 230.211716 718.155701 -730.000000
v 232.568924 718.787292 -730.000000
v 235.000000 719.000000 -730.000000
v 235.000000 691.000000 -700.000000
v 232.568924 691.212708 -700.000000
v 230.211716 691.844299 -700.000000
v 228.000000 692.875671 -700.000000
v 226.000977 694.275391 -700.000000
v 224.275375 696.000977 -700.000000
v 222.875641 698.000000 -700.000000
v 221.844299 700.211731 -700.000000
v 221.212692 702.568909 -700.000000
v 221.000000 705.000000 -700.000000
v 221.212692 707.431091 -700.000000
v 221.844299 709.788269 -700.000000
v 222.875641 712.000000 -700.000000
v 224.275375 713.999023 -700.000000
v 226.000977 715.724609 -700.000000
v 228.000000 717.124329 -700.000000
v 230.211716 718.155701 -700.000000
v 232.568924 718.787292 -700.000000
v 235.000000 719.000000 -700.000000
vn 0.000000 1.000000 -0.000000
vn 0.173648 0.984808 -0.000000
vn 0.342020 0.939693 -0.000000
vn 0.500000 0.866025 -0.000000
vn 0.642788 0.766044 -0.000000
vn 0.766044 0.642788 -0.000000
vn 0.866025 0.500000 -0.000000
vn 0.939693 0.342020 -0.000000
vn 0.984808 0.173648 -0.000000
vn 1.000000 -0.000000 -0.000000
vn 0.984808 -0.173648 -0.000000
vn 0.939693 -0.342020 -0.000000
vn 0.866025 -0.500000 0.000000
vn 0.766044 -0.642788 0.000000
vn 0.642788 -0.766044 0.000000
vn 0.500000 -0.866025 0.000000
vn 0.342020 -0.939693 0.000000
vn 0.173648 -0.984808 0.000000
vn -0.000000 -1.000000 0.000000
vn 0.000000 1.000000 -0.000000
vn 0.173648 0.984808 -0.000000
vn 0.342020 0.939693 -0.000000
vn 0.500000 0.866025 -0.000000
vn 0.642788 0.766044 -0.000000
vn 0.766044 0.642788 -0.000000
vn 0.866025 0.500000 -0.000000
vn 0.939693 0.342020 -0.000000
vn 0.984808 0.173648 -0.000000
vn 1.000000 -0.000000 -0.000000
vn 0.984808 -0.173648 -0.000000
vn 0.939693 -0.342020 -0.000000
vn 0.866025 -0.500000 0.000000
vn 0.766044 -0.642788 0.000000
vn 0.642788 -0.766044 0.000000
vn 0.500000 -0.866025 0.000000
vn 0.342020 -0.939693 0.000000
vn 0.173648 -0.984808 0.000000
vn -0.000000 -1.000000 0.000000
f 7103//7103 7123//7123 7122//7122
f 7104//7104 7124//7124 7123//7123
f 7104//7104 7123//7123 7103//7103
f 7105//7105 7124//7124 7104//7104
f 7106//7106 7125//7125 7124//7124
f 7106//7106 7126//7126 7125//7125
f 7106//7106 7124//7124 7105//7105
f 7107//7107 7127//7127 7126//7126
f 7107//7107 7126//7126 7106//7106
f 7108//7108 7128//7128 7127//7127
f 7108//7108 7127//7127 7107//7107
f 7109//7109 7128//7128 7108//7108
f 7110//7110 7129//7129 7128//7128
f 7110//7110 7130//7130 7129//7129
f 7110//7110 7128//7128 7109//7109
f 7111//7111 7131//7131 7130//7130
f 7111//7111 7130//7130 7110//7110
f 7112//7112 7132//7132 7131//7131
f 7112//7112 7131//7131 7111//7111
f 7113//7113 7133//7133 7132//7132
f 7113//7113 7132//7132 7112//7112
f 7114//7114 7134//7134 7133//7133
f 7114//7114 7133//7133 7113//7113
f 7115//7115 7135//7135 7134//7134
f 7115//7115 7134//7134 7114//7114
f 7116//7116 7135//7135 7115//7115
f 7117//7117 7136//7136 7135//7135
f 7117//7117 7135//7135 7116//7116
f 7118//7118 7136//7136 7117//7117
f 7118//7118 7137//7137 7136//7136
f 7119//7119 7137//7137 7118//7118
f 7119//7119 7138//7138 7137//7137
f 7120//7120 7138//7138 7119//7119
f 7120//7120 7139//7139 7138//7138
f 7121//7121 7139//7139 7120//7120
f 7121//7121 7140//7140 7139//7139
v 705.000000 691.000000 -730.000000
v 702.568909 691.212708 -730.000000
v 700.211731 691.844299 -730.000000
v 698.000000 692.875671 -730.000000
v 696.000977 694.275391 -730.000000
v 694.275391 696.000977 -730.000000
v 692.875671 698.000000 -730.000000
v 691.844299 700.211731 -730.000000
v 691.212708 702.568909 -730.000000
v 691.000000 705.000000 -730.000000
v 691.212708 707.431091 -730.000000
v 691.844299 709.788269 -730.000000
v 692.875671 712.000000 -730.000000
v 694.275391 713.999023 -730.000000
v 696.000977 715.724609 -730.000000
v 698.000000 717.124329 -730.000000
v 700.211731 718.155701 -730.000000
v 702.568909 718.787292 -730.000000
v 705.000000 719.000000 -730.000000
v 705.000000 691.000000 -700.000000
v 702.568909 691.212708 -700.000000
v 700.211731 691.844299 -700.000000
v 698.000000 692.875671 -700.000000
v 696.000977 694.275391 -700.000000
v 694.275391 696.000977 -700.000000
v 692.875671 698.000000 -700.000000
v 691.844299 700.211731 -700.000000
v 691.212708 702.568909 -700.000000
v 691.000000 705.000000 -700.000000
v 691.212708 707.431091 -700.000000
v 691.844299 709.788269 -700.000000
v 692.875671 712.000000 -700.000000
v 694.275391 713.999023 -700.000000
v 696.000977 715.724609 -700.000000
v 698.000000 717.124329 -700.000000
v 700.211731 718.155701 -700.000000
v 702.568909 718.787292 -700.000000
v 705.000000 719.000000 -700.000000
vn 0.000000 1.000000 -0.000000
vn 0.173648 0.984808 -0.000000
vn 0.342020 0.939693 -0.000000
vn 0.500000 0.866025 -0.000000
vn 0.642788 0.766044 -0.000000
vn 0.766044 0.642788 -0.000000
vn 0.866025 0.500000 -0.000000
vn 0.939693 0.342020 -0.000000
vn 0.984808 0.173648 -0.000000
vn 1.000000 -0.000000 -0.000000
vn 0.984808 -0.173648 -0.000000
vn 0.939693 -0.342020 -0.000000
vn 0.866025 -0.500000 0.000000
vn 0.766044 -0.642788 0.000000
vn 0.642788 -0.766044 0.000000
vn 0.500000 -0.866025 0.000000
vn 0.342020 -0.939693 0.000000
vn 0.173648 -0.984808 0.000000
vn -0.000000 -1.000000 0.000000
vn 0.000000 1.000000 -0.000000
vn 0.173648 0.984808 -0.000000
vn 0.342020 0.939693 -0.000000
vn 0.500000 0.866025 -0.000000
vn 0.642788 0.766044 -0.000000
vn 0.766044 0.642788 -0.000000
vn 0.866025 0.500000 -0.000000
vn 0.939693 0.342020 -0.000000
vn 0.984808 0.173648 -0.000000
vn 1.000000 -0.000000 -0.000000
vn 0.984808 -0.173648 -0.000000
vn 0.939693 -0.342020 -0.000000
vn 0.866025 -0.500000 0.000000
vn 0.766044 -0.642788 0.000000
vn 0.642788 -0.766044 0.000000
vn 0.500000 -0.866025 0.000000
vn 0.342020 -0.939693 0.000000
vn 0.173648 -0.984808 0.000000
vn -0.000000 -1.000000 0.000000
f 7141//7141 7161//7161 7160//7160
f 7142//7142 7162//7162 7161//7161
f 7142//7142 7161//7161 7141//7141
f 7143//7143 7162//7162 7142//7142
f 7144//7144 7163//7163 7162//7162
f 7144//7144 7164//7164 7163//7163
f 7144//7144 7162//7162 7143//7143
f 7145//7145 7165//7165 7164//7164
f 7145//7145 7164//7164 7144//7144
f 7146//7146 7166//7166 7165//7165
f 7146//7146 7165//7165 7145//7145
f 7147//7147 7166//7166 7146//7146
f 7148//7148 7167//7167 7166//7166
f 7148//7148 7168//7168 7167//7167
f 7148//7148 7166//7166 7147//7147
f 7149//7149 7169//7169 7168//7168
f 7149//7149 7168//7168 7148//7148
f 7150//7150 7170//7170 7169//7169
f 7150//7150 7169//7169 7149//7149
f 7151//7151 7171//7171 7170//7170
f 7151//7151 7170//7170 7150//7150
f 7152//7152 7172//7172 7171//7171
f 7152//7152 7171//7171 7151//7151
f 7153//7153 7173//7173 7172//7172
f 7153//7153 7172//7172 7152//7152
f 7154//7154 7173//7173 7153//7153
f 7155//7155 7174//7174 7173//7173
f 7155//7155 7173//7173 7154//7154
f 7156//7156 7174//7174 7155//7155
f 7156//7156 7175//7175 7174//7174
f 7157//7157 7175//7175 7156//7156
f 7157//7157 7176//7176 7175//7175
f 7158//7158 7176//7176 7157//7157
f 7158//7158 7177//7177 7176//7176
f 7159//7159 7177//7177 7158//7158
f 7159//7159 7178//7178 7177//7177
v 705.000000 221.000000 -730.000000
v 702.568909 221.212692 -730.000000
v 700.211731 221.844299 -730.000000
v 698.000000 222.875641 -730.000000
v 696.000977 224.275375 -730.000000
v 694.275391 226.000977 -730.000000
v 692.875671 228.000000 -730.000000
v 691.844299 230.211716 -730.000000
v 691.212708 232.568924 -730.000000
v 691.000000 235.000000 -730.000000
v 691.212708 237.431076 -730.000000
v 691.844299 239.788284 -730.000000
v 692.875671 242.000000 -730.000000
v 694.275391 243.999023 -730.000000
v 696.000977 245.724625 -730.000000
v 698.000000 247.124359 -730.000000
v 700.211731 248.155701 -730.000000
v 702.568909 248.787308 -730.000000
v 705.000000 249.000000 -730.000000
v 705.000000 221.000000 -700.000000
v 702.568909 221.212692 -700.000000
v 700.211731 221.844299 -700.000000
v 698.000000 222.875641 -700.000000
v 696.000977 224.275375 -700.000000
v 694.275391 226.000977 -700.000000
v 692.875671 228.000000 -700.000000
v 691.844299 230.211716 -700.000000
v 691.212708 232.568924 -700.000000
v 691.000000 235.000000 -700.000000
v 691.212708 237.431076 -700.000000
v 691.844299 239.788284 -700.000000
v 692.875671 242.000000 -700.000000
v 694.275391 243.999023 -700.000000
v 696.000977 245.724625 -700.000000
v 698.000000 247.124359 -700.000000
v 700.211731 248.155701 -700.000000
v 702.568909 248.787308 -700.000000
v 705.000000 249.000000 -700.000000
vn 0.000000 1.000000 -0.000000
vn 0.173648 0.984808 -0.000000
vn 0.342020 0.939693 -0.000000
vn 0.500000 0.866025 -0.000000
vn 0.642788 0.766044 -0.000000
vn 0.766044 0.642788 -0.000000
vn 0.866025 0.500000 -0.000000
vn 0.939693 0.342020 -0.000000
vn 0.984808 0.173648 -0.000000
vn 1.000000 -0.000000 -0.000000
vn 0.984808 -0.173648 -0.000000
vn 0.939693 -0.342020 -0.000000
vn 0.866025 -0.500000 0.000000
vn 0.766044 -0.642788 0.000000
vn 0.642788 -0.766044 0.000000
vn 0.500000 -0.866025 0.000000
vn 0.342020 -0.939693 0.000000
vn 0.173648 -0.984808 0.000000
vn -0.000000 -1.000000 0.000000
vn 0.000000 1.000000 -0.000000
vn 0.173648 0.984808 -0.000000
vn 0.342020 0.939693 -0.000000
vn 0.500000 0.866025 -0.000000
vn 0.642788 0.766044 -0.000000
vn 0.766044 0.642788 -0.000000
vn 0.866025 0.500000 -0.000000
vn 0.939693 0.342020 -0.000000
vn 0.984808 0.173648 -0.000000
vn 1.000000 -0.000000 -0.000000
vn 0.984808 -0.173648 -0.000000
vn 0.939693 -0.342020 -0.000000
vn 0.866025 -0.500000 0.000000
vn 0.766044 -0.642788 0.000000
vn 0.642788 -0.766044 0.000000
vn 0.500000 -0.866025 0.000000
vn 0.342020 -0.939693 0.000000
vn 0.173648 -0.984808 0.000000
vn -0.000000 -1.000000 0.000000
f 7179//7179 7199//7199 7198//7198
f 7180//7180 7200//7200 7199//7199
f 7180//7180 7199//7199 7179//7179
f 7181//7181 7200//7200 7180//7180
f 7182//7182 7201//7201 7200//7200
f 7182//7182 7202//7202 7201//7201
f 7182//7182 7200//7200 7181//7181
f 7183//7183 7203//7203 7202//7202
f 7183//7183 7202//7202 7182//7182
f 7184//7184 7204//7204 7203//7203
f 7184//7184 7203//7203 7183//7183
f 7185//7185 7204//7204 7184//7184
f 7186//7186 7205//7205 7204//7204
f 7186//7186 7206//7206 7205//7205
f 7186//7186 7204//7204 7185//7185
f 7187//7187 7207//7207 7206//7206
f 7187//7187 7206//7206 7186//7186
f 7188//7188 7208//7208 7207//7207
f 7188//7188 7207//7207 7187//7187
f 7189//7189 7209//7209 7208//7208
f 7189//7189 7208//7208 7188//7188
f 7190//7190 7210//7210 7209//7209
f 7190//7190 7209//7209 7189//7189
f 7191//7191 7211//7211 7210//7210
f 7191//7191 7210//7210 7190//7190
f 7192//7192 7211//7211 7191//7191
f 7193//7193 7212//7212 7211//7211
f 7193//7193 7211//7211 7192//7192
f 7194//7194 7212//7212 7193//7193
f 7194//7194 7213//7213 7212//7212
f 7195//7195 7213//7213 7194//7194
f 7195//7195 7214//7214 7213//7213
f 7196//7196 7214//7214 7195//7195
f 7196//7196 7215//7215 7214//7214
f 7197//7197 7215//7215 7196//7196
f 7197//7197 7216//7216 7215//7215
v 705.000000 -249.000000 -730.000000
v 702.568909 -248.787308 -730.000000
v 700.211731 -248.155701 -730.000000
v 698.000000 -247.124359 -730.000000
v 696.000977 -245.724625 -730.000000
v 694.275391 -243.999023 -730.000000
v 692.875671 -242.000000 -730.000000
v 691.844299 -239.788284 -730.000000
v 691.212708 -237.431076 -730.000000
v 691.000000 -235.000000 -730.000000
v 691.212708 -232.568924 -730.000000
v 691.844299 -230.211716 -730.000000
v 692.875671 -228.000000 -730.000000
v 694.275391 -226.000977 -730.000000
v 696.000977 -224.275375 -730.000000
v 698.000000 -222.875641 -730.000000
v 700.211731 -221.844299 -730.000000
v 702.568909 -221.212692 -730.000000
v 705.000000 -221.000000 -730.000000
v 705.000000 -249.000000 -700.000000
v 702.568909 -248.787308 -700.000000
v 700.211731 -248.155701 -700.000000
v 698.000000 -247.124359 -700.000000
v 696.000977 -245.724625 -700.000000
v 694.275391 -243.999023 -700.000000
v 692.875671 -242.000000 -700.000000
v 691.844299 -239.788284 -700.000000
v 691.212708 -237.431076 -700.000000
v 691.000000 -235.000000 -700.000000
v 691.212708 -232.568924 -700.000000
v 691.844299 -230.211716 -700.000000
v 692.875671 -228.000000 -700.000000
v 694.275391 -226.000977 -700.000000
v 696.000977 -224.275375 -700.000000
v 698.000000 -222.875641 -700.000000
v 700.211731 -221.844299 -700.000000
v 702.568909 -221.212692 -700.000000
v 705.000000 -221.000000 -700.000000
vn 0.000000 1.000000 -0.000000
vn 0.173648 0.984808 -0.000000
vn 0.342020 0.939693 -0.000000
vn 0.500000 0.866025 -0.000000
vn 0.642788 0.766044 -0.000000
vn 0.766044 0.642788 -0.000000
vn 0.866025 0.500000 -0.000000
vn 0.939693 0.342020 -0.000000
vn 0.984808 0.173648 -0.000000
vn 1.000000 -0.000000 -0.000000
vn 0.984808 -0.173648 -0.000000
vn 0.939693 -0.342020 -0.000000
vn 0.866025 -0.500000 0.000000
vn 0.766044 -0.642788 0.000000
vn 0.642788 -0.766044 0.000000
vn 0.500000 -0.866025 0.000000
vn 0.342020 -0.939693 0.000000
vn 0.173648 -0.984808 0.000000
vn -0.000000 -1.000000 0.000000
vn 0.000000 1.000000 -0.000000
vn 0.173648 0.984808 -0.000000
vn 0.342020 0.939693 -0.000000
vn 0.500000 0.866025 -0.000000
vn 0.642788 0.766044 -0.000000
vn 0.766044 0.642788 -0.000000
vn 0.866025 0.500000 -0.000000
vn 0.939693 0.342020 -0.000000
vn 0.984808 0.173648 -0.000000
vn 1.000000 -0.000000 -0.000000
vn 0.984808 -0.173648 -0.000000
vn 0.939693 -0.342020 -0.000000
vn 0.866025 -0.500000 0.000000
vn 0.766044 -0.642788 0.000000
vn 0.642788 -0.766044 0.000000
vn 0.500000 -0.866025 0.000000
vn 0.342020 -0.939693 0.000000
vn 0.173648 -0.984808 0.000000
vn -0.000000 -1.000000 0.000000
f 7217//7217 7237//7237 7236//7236
f 7218//7218 7238//7238 7237//7237
f 7218//7218 7237//7237 7217//7217
f 7219//7219 7238//7238 7218//7218
f 7220//7220 7239//7239 7238//7238
f 7220//7220 7240//7240 7239//7239
f 7220//7220 7238//7238 7219//7219
f 7221//7221 7241//7241 7240//7240
f 7221//7221 7240//7240 7220//7220
f 7222//7222 7242//7242 7241//7241
f 7222//7222 7241//7241 7221//7221
f 7223//7223 7242//7242 7222//7222
f 7224//7224 7243//7243 7242//7242
f 7224//7224 7244//7244 7243//7243
f 7224//7224 7242//7242 7223//7223
f 7225//7225 7245//7245 7244//7244
f 7225//7225 7244//7244 7224//7224
f 7226//7226 7246//7246 7245//7245
f 7226//7226 7245//7245 7225//7225
f 7227//7227 7247//7247 7246//7246
f 7227//7227 7246//7246 7226//7226
f 7228//7228 7248//7248 7247//7247
f 7228//7228 7247//7247 7227//7227
f 7229//7229 7249//7249 7248//7248
f 7229//7229 7248//7248 7228//7228
f 7230//7230 7249//7249 7229//7229
f 7231//7231 7250//7250 7249//7249
f 7231//7231 7249//7249 7230//7230
f 7232//7232 7250//7250 7231//7231
f 7232//7232 7251//7251 7250//7250
f 7233//7233 7251//7251 7232//7232
f 7233//7233 7252//7252 7251//7251
f 7234//7234 7252//7252 7233//7233
f 7234//7234 7253//7253 7252//7252
f 7235//7235 7253//7253 7234//7234
f 7235//7235 7254//7254 7253//7253
v 705.000000 -719.000000 -730.000000
v 702.568909 -718.787292 -730.000000
v 700.211731 -718.155701 -730.000000
v 698.000000 -717.124329 -730.000000
v 696.000977 -715.724609 -730.000000
v 694.275391 -713.999023 -730.000000
v 692.875671 -712.000000 -730.000000
v 691.844299 -709.788269 -730.000000
v 691.212708 -707.431091 -730.000000
v 691.000000 -705.000000 -730.000000
v 691.212708 -702.568909 -730.000000
v 691.844299 -700.211731 -730.000000
v 692.875671 -698.000000 -730.000000
v 694.275391 -696.000977 -730.000000
v 696.000977 -694.275391 -730.000000
v 698.000000 -692.875671 -730.000000
v 700.211731 -691.844299 -730.000000
v 702.568909 -691.212708 -730.000000
v 705.000000 -691.000000 -730.000000
v 705.000000 -719.000000 -700.000000
v 702.568909 -718.787292 -700.000000
v 700.211731 -718.155701 -700.000000
v 698.000000 -717.124329 -700.000000
v 696.000977 -715.724609 -700.000000
v 694.275391 -713.999023 -700.000000
v 692.875671 -712.000000 -700.000000
v 691.844299 -709.788269 -700.000000
v 691.212708 -707.431091 -700.000000
v 691.000000 -705.000000 -700.000000
v 691.212708 -702.568909 -700.000000
v 691.844299 -700.211731 -700.000000
v 692.875671 -698.000000 -700.000000
v 694.275391 -696.000977 -700.000000
v 696.000977 -694.275391 -700.000000
v 698.000000 -692.875671 -700.000000
v 700.211731 -691.844299 -700.000000
v 702.568909 -691.212708 -700.000000
v 705.000000 -691.000000 -700.000000
vn 0.000000 1.000000 -0.000000
vn 0.173648 0.984808 -0.000000
vn 0.342020 0.939693 -0.000000
vn 0.500000 0.866025 -0.000000
vn 0.642788 0.766044 -0.000000
vn 0.766044 0.642788 -0.000000
vn 0.866025 0.500000 -0.000000
vn 0.939693 0.342020 -0.000000
vn 0.984808 0.173648 -0.000000
vn 1.000000 -0.000000 -0.000000
vn 0.984808 -0.173648 -0.000000
vn 0.939693 -0.342020 -0.000000
vn 0.866025 -0.500000 0.000000
vn 0.766044 -0.642788 0.000000
vn 0.642788 -0.766044 0.000000
vn 0.500000 -0.866025 0.000000
vn 0.342020 -0.939693 0.000000
vn 0.173648 -0.984808 0.000000
vn -0.000000 -1.000000 0.000000
vn 0.000000 1.000000 -0.000000
vn 0.173648 0.984808 -0.000000
vn 0.342020 0.939693 -0.000000
vn 0.500000 0.866025 -0.000000
vn 0.642788 0.766044 -0.000000
vn 0.766044 0.642788 -0.000000
vn 0.866025 0.500000 -0.000000
vn 0.939693 0.342020 -0.000000
vn 0.984808 0.173648 -0.000000
vn 1.000000 -0.000000 -0.000000
vn 0.984808 -0.173648 -0.000000
vn 0.939693 -0.342020 -0.000000
vn 0.866025 -0.500000 0.000000
vn 0.766044 -0.642788 0.000000
vn 0.642788 -0.766044 0.000000
vn 0.500000 -0.866025 0.000000
vn 0.342020 -0.939693 0.000000
vn 0.173648 -0.984808 0.000000
vn -0.000000 -1.000000 0.000000
f 7255//7255 7275//7275 7274//7274
f 7256//7256 7276//7276 7275//7275
f 7256//7256 7275//7275 7255//7255
f 7257//7257 7276//7276 7256//7256
f 7258//7258 7277//7277 7276//7276
f 7258//7258 7278//7278 7277//7277
f 7258//7258 7276//7276 7257//7257
f 7259//7259 7279//7279 7278//7278
f 7259//7259 7278//7278 7258//7258
f 7260//7260 7280//7280 7279//7279
f 7260//7260 7279//7279 7259//7259
f 7261//7261 7280//7280 7260//7260
f 7262//7262 7281//7281 7280//7280
f 7262//7262 7282//7282 7281//7281
f 7262//7262 7280//7280 7261//7261
f 7263//7263 7283//7283 7282//7282
f 7263//7263 7282//7282 7262//7262
f 7264//7264 7284//7284 7283//7283
f 7264//7264 7283//7283 7263//7263
f 7265//7265 7285//7285 7284//7284
f 7265//7265 7284//7284 7264//7264
f 7266//7266 7286//7286 7285//7285
f 7266//7266 7285//7285 7265//7265
f 7267//7267 7287//7287 7286//7286
f 7267//7267 7286//7286 7266//7266
f 7268//7268 7287//7287 7267//7267
f 7269//7269 7288//7288 7287//7287
f 7269//7269 7287//7287 7268//7268
f 7270//7270 7288//7288 7269//7269
f 7270//7270 7289//7289 7288//7288
f 7271//7271 7289//7289 7270//7270
f 7271//7271 7290//7290 7289//7289
f 7272//7272 7290//7290 7271//7271
f 7272//7272 7291//7291 7290//7290
f 7273//7273 7291//7291 7272//7272
f 7273//7273 7292//7292 7291//7291
v 235.000000 -719.000000 -730.000000
v 232.568924 -718.787292 -730.000000
v 230.211716 -718.155701 -730.000000
v 228.000000 -717.124329 -730.000000
v 226.000977 -715.724609 -730.000000
v 224.275375 -713.999023 -730.000000
v 222.875641 -712.000000 -730.000000
v 221.844299 -709.788269 -730.000000
v 221.212692 -707.431091 -730.000000
v 221.000000 -705.000000 -730.000000
v 221.212692 -702.568909 -730.000000
v 221.844299 -700.211731 -730.000000
v 222.875641 -698.000000 -730.000000
v 224.275375 -696.000977 -730.000000
v 226.000977 -694.275391 -730.000000
v 228.000000 -692.875671 -730.000000
v 230.211716 -691.844299 -730.000000
v 232.568924 -691.212708 -730.000000
v 235.000000 -691.000000 -730.000000
v 235.000000 -719.000000 -700.000000
v 232.568924 -718.787292 -700.000000
v 230.211716 -718.155701 -700.000000
v 228.000000 -717.124329 -700.000000
v 226.000977 -715.724609 -700.000000
v 224.275375 -713.999023 -700.000000
v 222.875641 -712.000000 -700.000000
v 221.844299 -709.788269 -700.000000
v 221.212692 -707.431091 -700.000000
v 221.000000 -705.000000 -700.000000
v 221.212692 -702.568909 -700.000000
v 221.844299 -700.211731 -700.000000
v 222.875641 -698.000000 -700.000000
v 224.275375 -696.000977 -700.000000
v 226.000977 -694.275391 -700.000000
v 228.000000 -692.875671 -700.000000
v 230.211716 -691.844299 -700.000000
v 232.568924 -691.212708 -700.000000
v 235.000000 -691.000000 -700.000000
vn 0.000000 1.000000 -0.000000
vn 0.173648 0.984808 -0.000000
vn 0.342020 0.939693 -0.000000
vn 0.500000 0.866025 -0.000000
vn 0.642788 0.766044 -0.000000
vn 0.766044 0.642788 -0.000000
vn 0.866025 0.500000 -0.000000
vn 0.939693 0.342020 -0.000000
vn 0.984808 0.173648 -0.000000
vn 1.000000 -0.000000 -0.000000
vn 0.984808 -0.173648 -0.000000
vn 0.939693 -0.342020 -0.000000
vn 0.866025 -0.500000 0.000000
vn 0.766044 -0.642788 0.000000
vn 0.642788 -0.766044 0.000000
vn 0.500000 -0.866025 0.000000
vn 0.342020 -0.939693 0.000000
vn 0.173648 -0.984808 0.000000
vn -0.000000 -1.000000 0.000000
vn 0.000000 1.000000 -0.000000
vn 0.173648 0.984808 -0.000000
vn 0.342020 0.939693 -0.000000
vn 0.500000 0.866025 -0.000000
vn 0.642788 0.766044 -0.000000
vn 0.766044 0.642788 -0.000000
vn 0.866025 0.500000 -0.000000
vn 0.939693 0.342020 -0.000000
vn 0.984808 0.173648 -0.000000
vn 1.000000 -0.000000 -0.000000
vn 0.984808 -0.173648 -0.000000
vn 0.939693 -0.342020 -0.000000
vn 0.866025 -0.500000 0.000000
vn 0.766044 -0.642788 0.000000
vn 0.642788 -0.766044 0.000000
vn 0.500000 -0.866025 0.000000
vn 0.342020 -0.939693 0.000000
vn 0.173648 -0.984808 0.000000
vn -0.000000 -1.000000 0.000000
f 7293//7293 7313//7313 7312//7312
f 7294//7294 7314//7314 7313//7313
f 7294//7294 7313//7313 7293//7293
f 7295//7295 7314//7314 7294//7294
f 7296//7296 7315//7315 7314//7314
f 7296//7296 7316//7316 7315//7315
f 7296//7296 7314//7314 7295//7295
f 7297//7297 7317//7317 7316//7316
f 7297//7297 7316//7316 7296//7296
f 7298//7298 7318//7318 7317//7317
f 7298//7298 7317//7317 7297//7297
f 7299//7299 7318//7318 7298//7298
f 7300//7300 7319//7319 7318//7318
f 7300//7300 7320//7320 7319//7319
f 7300//7300 7318//7318 7299//7299
f 7301//7301 7321//7321 7320//7320
f 7301//7301 7320//7320 7300//7300
f 7302//7302 7322//7322 7321//7321
f 7302//7302 7321//7321 7301//7301
f 7303//7303 7323//7323 7322//7322
f 7303//7303 7322//7322 7302//7302
f 7304//7304 7324//7324 7323//7323
f 7304//7304 7323//7323 7303//7303
f 7305//7305 7325//7325 7324//7324
f 7305//7305 7324//7324 7304//7304
f 7306//7306 7325//7325 7305//7305
f 7307//7307 7326//7326 7325//7325
f 7307//7307 7325//7325 7306//7306
f 7308//7308 7326//7326 7307//7307
f 7308//7308 7327//7327 7326//7326
f 7309//7309 7327//7327 7308//7308
f 7309//7309 7328//7328 7327//7327
f 7310//7310 7328//7328 7309//7309
f 7310//7310 7329//7329 7328//7328
f 7311//7311 7329//7329 7310//7310
f 7311//7311 7330//7330 7329//7329
v -235.000000 -719.000000 -730.000000
v -237.431076 -718.787292 -730.000000
v -239.788284 -718.155701 -730.000000
v -242.000000 -717.124329 -730.000000
v -243.999023 -715.724609 -730.000000
v -245.724625 -713.999023 -730.000000
v -247.124359 -712.000000 -730.000000
v -248.155701 -709.788269 -730.000000
v -248.787308 -707.431091 -730.000000
v -249.000000 -705.000000 -730.000000
v -248.787308 -702.568909 -730.000000
v -248.155701 -700.211731 -730.000000
v -247.124359 -698.000000 -730.000000
v -245.724625 -696.000977 -730.000000
v -243.999023 -694.275391 -730.000000
v -242.000000 -692.875671 -730.000000
v -239.788284 -691.844299 -730.000000
v -237.431076 -691.212708 -730.000000
v -235.000000 -691.000000 -730.000000
v -235.000000 -719.000000 -700.000000
v -237.431076 -718.787292 -700.000000
v -239.788284 -718.155701 -700.000000
v -242.000000 -717.124329 -700.000000
v -243.999023 -715.724609 -700.000000
v -245.724625 -713.999023 -700.000000
v -247.124359 -712.000000 -700.000000
v -248.155701 -709.788269 -700.000000
v -248.787308 -707.431091 -700.000000
v -249.000000 -705.000000 -700.000000
v -248.787308 -702.568909 -700.000000
v -248.155701 -700.211731 -700.000000
v -247.124359 -698.000000 -700.000000
v -245.724625 -696.000977 -700.000000
v -243.999023 -694.275391 -700.000000
v -242.000000 -692.875671 -700.000000
v -239.788284 -691.844299 -700.000000
v -237.431076 -691.212708 -700.000000
v -235.000000 -691.000000 -700.000000
vn 0.000000 1.000000 -0.000000
vn 0.173648 0.984808 -0.000000
vn 0.342020 0.939693 -0.000000
vn 0.500000 0.866025 -0.000000
vn 0.642788 0.766044 -0.000000
vn 0.766044 0.642788 -0.000000
vn 0.866025 0.500000 -0.000000
vn 0.939693 0.342020 -0.000000
vn 0.984808 0.173648 -0.000000
vn 1.000000 -0.000000 -0.000000
vn 0.984808 -0.173648 -0.000000
vn 0.939693 -0.342020 -0.000000
vn 0.866025 -0.500000 0.000000
vn 0.766044 -0.642788 0.000000
vn 0.642788 -0.766044 0.000000
vn 0.500000 -0.866025 0.000000
vn 0.342020 -0.939693 0.000000
vn 0.173648 -0.984808 0.000000
vn -0.000000 -1.000000 0.000000
vn 0.000000 1.000000 -0.000000
vn 0.173648 0.984808 -0.000000
vn 0.342020 0.939693 -0.000000
vn 0.500000 0.866025 -0.000000
vn 0.642788 0.766044 -0.000000
vn 0.766044 0.642788 -0.000000
vn 0.866025 0.500000 -0.000000
vn 0.939693 0.342020 -0.000000
vn 0.984808 0.173648 -0.000000
vn 1.000000 -0.000000 -0.000000
vn 0.984808 -0.173648 -0.000000
vn 0.939693 -0.342020 -0.000000
vn 0.866025 -0.500000 0.000000
vn 0.766044 -0.642788 0.000000
vn 0.642788 -0.766044 0.000000
vn 0.500000 -0.866025 0.000000
vn 0.342020 -0.939693 0.000000
vn 0.173648 -0.984808 0.000000
vn -0.000000 -1.000000 0.000000
f 7331//7331 7351//7351 7350//7350
f 7332//7332 7352//7352 7351//7351
f 7332//7332 7351//7351 7331//7331
f 7333//7333 7352//7352 7332//7332
f 7334//7334 7353//7353 7352//7352
f 7334//7334 7354//7354 7353//7353
f 7334//7334 7352//7352 7333//7333
f 7335//7335 7355//7355 7354//7354
f 7335//7335 7354//7354 7334//7334
f 7336//7336 7356//7356 7355//7355
f 7336//7336 7355//7355 7335//7335
f 7337//7337 7356//7356 7336//7336
f 7338//7338 7357//7357 7356//7356
f 7338//7338 7358//7358 7357//7357
f 7338//7338 7356//7356 7337//7337
f 7339//7339 7359//7359 7358//7358
f 7339//7339 7358//7358 7338//7338
f 7340//7340 7360//7360 7359//7359
f 7340//7340 7359//7359 7339//7339
f 7341//7341 7361//7361 7360//7360
f 7341//7341 7360//7360 7340//7340
f 7342//7342 7362//7362 7361//7361
f 7342//7342 7361//7361 7341//7341
f 7343//7343 7363//7363 7362//7362
f 7343//7343 7362//7362 7342//7342
f 7344//7344 7363//7363 7343//7343
f 7345//7345 7364//7364 7363//7363
f 7345//7345 7363//7363 7344//7344
f 7346//7346 7364//7364 7345//7345
f 7346//7346 7365//7365 7364//7364
f 7347//7347 7365//7365 7346//7346
f 7347//7347 7366//7366 7365//7365
f 7348//7348 7366//7366 7347//7347
f 7348//7348 7367//7367 7366//7366
f 7349//7349 7367//7367 7348//7348
f 7349//7349 7368//7368 7367//7367
v -705.000000 -719.000000 -730.000000
v -707.431091 -718.787292 -730.000000
v -709.788269 -718.155701 -730.000000
v -712.000000 -717.124329 -730.000000
v -713.999023 -715.724609 -730.000000
v -715.724609 -713.999023 -730.000000
v -717.124329 -712.000000 -730.000000
v -718.155701 -709.788269 -730.000000
v -718.787292 -707.431091 -730.000000
v -719.000000 -705.000000 -730.000000
v -718.787292 -702.568909 -730.000000
v -718.155701 -700.211731 -730.000000
v -717.124329 -698.000000 -730.000000
v -715.724609 -696.000977 -730.000000
v -713.999023 -694.275391 -730.000000
v -712.000000 -692.875671 -730.000000
v -709.788269 -691.844299 -730.000000
v -707.431091 -691.212708 -730.000000
v -705.000000 -691.000000 -730.000000
v -705.000000 -719.000000 -700.000000
v -707.431091 -718.787292 -700.000000
v -709.788269 -718.155701 -700.000000
v -712.000000 -717.124329 -700.000000
v -713.999023 -715.724609 -700.000000
v -715.724609 -713.999023 -700.000000
v -717.124329 -712.000000 -700.000000
v -718.155701 -709.788269 -700.000000
v -718.787292 -707.431091 -700.000000
v -719.000000 -705.000000 -700.000000
v -718.787292 -702.568909 -700.000000
v -718.155701 -700.211731 -700.000000
v -717.124329 -698.000000 -700.000000
v -715.724609 -696.000977 -700.000000
v -713.999023 -694.275391 -700.000000
v -712.000000 -692.875671 -700.000000
v -709.788269 -691.844299 -700.000000
v -707.431091 -691.212708 -700.000000
v -705.000000 -691.000000 -700.000000
vn 0.000000 1.000000 -0.000000
vn 0.173648 0.984808 -0.000000
vn 0.342020 0.939693 -0.000000
vn 0.500000 0.866025 -0.000000
vn 0.642788 0.766044 -0.000000
vn 0.766044 0.642788 -0.000000
vn 0.866025 0.500000 -0.000000
vn 0.939693 0.342020 -0.000000
vn 0.984808 0.173648 -0.000000
vn 1.000000 -0.000000 -0.000000
vn 0.984808 -0.173648 -0.000000
vn 0.939693 -0.342020 -0.000000
vn 0.866025 -0.500000 0.000000
vn 0.766044 -0.642788 0.000000
vn 0.642788 -0.766044 0.000000
vn 0.500000 -0.866025 0.000000
vn 0.342020 -0.939693 0.000000
vn 0.173648 -0.984808 0.000000
vn -0.000000 -1.000000 0.000000
vn 0.000000 1.000000 -0.000000
vn 0.173648 0.984808 -0.000000
vn 0.342020 0.939693 -0.000000
vn 0.500000 0.866025 -0.000000
vn 0.642788 0.766044 -0.000000
vn 0.766044 0.642788 -0.000000
vn 0.866025 0.500000 -0.000000
vn 0.939693 0.342020 -0.000000
vn 0.984808 0.173648 -0.000000
vn 1.000000 -0.000000 -0.000000
vn 0.984808 -0.173648 -0.000000
vn 0.939693 -0.342020 -0.000000
vn 0.866025 -0.500000 0.000000
vn 0.766044 -0.642788 0.000000
vn 0.642788 -0.766044 0.000000
vn 0.500000 -0.866025 0.000000
vn 0.342020 -0.939693 0.000000
vn 0.173648 -0.984808 0.000000
vn -0.000000 -1.000000 0.000000
f 7369//7369 7389//7389 7388//7388
f 7370//7370 7390//7390 7389//7389
f 7370//7370 7389//7389 7369//7369
f 7371//7371 7390//7390 7370//7370
f 7372//7372 7391//7391 7390//7390
f 7372//7372 7392//7392 7391//7391
f 7372//7372 7390//7390 7371//7371
f 7373//7373 7393//7393 7392//7392
f 7373//7373 7392//7392 7372//7372
f 7374//7374 7394//7394 7393//7393
f 7374//7374 7393//7393 7373//7373
f 7375//7375 7394//7394 7374//7374
f 7376//7376 7395//7395 7394//7394
f 7376//7376 7396//7396 7395//7395
f 7376//7376 7394//7394 7375//7375
f 7377//7377 7397//7397 7396//7396
f 7377//7377 7396//7396 7376//7376
f 7378//7378 7398//7398 7397//7397
f 7378//7378 7397//7397 7377//7377
f 7379//7379 7399//7399 7398//7398
f 7379//7379 7398//7398 7378//7378
f 7380//7380 7400//7400 7399//7399
f 7380//7380 7399//7399 7379//7379
f 7381//7381 7401//7401 7400//7400
f 7381//7381 7400//7400 7380//7380
f 7382//7382 7401//7401 7381//7381
f 7383//7383 7402//7402 7401//7401
f 7383//7383 7401//7401 7382//7382
f 7384//7384 7402//7402 7383//7383
f 7384//7384 7403//7403 7402//7402
f 7385//7385 7403//7403 7384//7384
f 7385//7385 7404//7404 7403//7403
f 7386//7386 7404//7404 7385//7385
f 7386//7386 7405//7405 7404//7404
f 7387//7387 7405//7405 7386//7386
f 7387//7387 7406//7406 7405//7405
v -705.000000 -249.000000 -730.000000
v -707.431091 -248.787308 -730.000000
v -709.788269 -248.155701 -730.000000
v -712.000000 -247.124359 -730.000000
v -713.999023 -245.724625 -730.000000
v -715.724609 -243.999023 -730.000000
v -717.124329 -242.000000 -730.000000
v -718.155701 -239.788284 -730.000000
v -718.787292 -237.431076 -730.000000
v -719.000000 -235.000000 -730.000000
v -718.787292 -232.568924 -730.000000
v -718.155701 -230.211716 -730.000000
v -717.124329 -228.000000 -730.000000
v -715.724609 -226.000977 -730.000000
v -713.999023 -224.275375 -730.000000
v -712.000000 -222.875641 -730.000000
v -709.788269 -221.844299 -730.000000
v -707.431091 -221.212692 -730.000000
v -705.000000 -221.000000 -730.000000
v -705.000000 -249.000000 -700.000000
v -707.431091 -248.787308 -700.000000
v -709.788269 -248.155701 -700.000000
v -712.000000 -247.124359 -700.000000
v -713.999023 -245.724625 -700.000000
v -715.724609 -243.999023 -700.000000
v -717.124329 -242.000000 -700.000000
v -718.155701 -239.788284 -700.000000
v -718.787292 -237.431076 -700.000000
v -719.000000 -235.000000 -700.000000
v -718.787292 -232.568924 -700.000000
v -718.155701 -230.211716 -700.000000
v -717.124329 -228.000000 -700.000000
v -715.724609 -226.000977 -700.000000
v -713.999023 -224.275375 -700.000000
v -712.000000 -222.875641 -700.000000
v -709.788269 -221.844299 -700.000000
v -707.431091 -221.212692 -700.000000
v -705.000000 -221.000000 -700.000000
vn 0.000000 1.000000 -0.000000
vn 0.173648 0.984808 -0.000000
vn 0.342020 0.939693 -0.000000
vn 0.500000 0.866025 -0.000000
vn 0.642788 0.766044 -0.000000
vn 0.766044 0.642788 -0.000000
vn 0.866025 0.500000 -0.000000
vn 0.939693 0.342020 -0.000000
vn 0.984808 0.173648 -0.000000
vn 1.000000 -0.000000 -0.000000
vn 0.984808 -0.173648 -0.000000
vn 0.939693 -0.342020 -0.000000
vn 0.866025 -0.500000 0.000000
vn 0.766044 -0.642788 0.000000
vn 0.642788 -0.766044 0.000000
vn 0.500000 -0.866025 0.000000
vn 0.342020 -0.939693 0.000000
vn 0.173648 -0.984808 0.000000
vn -0.000000 -1.000000 0.000000
vn 0.000000 1.000000 -0.000000
vn 0.173648 0.984808 -0.000000
vn 0.342020 0.939693 -0.000000
vn 0.500000 0.866025 -0.000000
vn 0.642788 0.766044 -0.000000
vn 0.766044 0.642788 -0.000000
vn 0.866025 0.500000 -0.000000
vn 0.939693 0.342020 -0.000000
vn 0.984808 0.173648 -0.000000
vn 1.000000 -0.000000 -0.000000
vn 0.984808 -0.173648 -0.000000
vn 0.939693 -0.342020 -0.000000
vn 0.866025 -0.500000 0.000000
vn 0.766044 -0.642788 0.000000
vn 0.642788 -0.766044 0.000000
vn 0.500000 -0.866025 0.000000
vn 0.342020 -0.939693 0.000000
vn 0.173648 -0.984808 0.000000
vn -0.000000 -1.000000 0.000000
f 7407//7407 7427//7427 7426//7426
f 7408//7408 7428//7428 7427//7427
f 7408//7408 7427//7427 7407//7407
f 7409//7409 7428//7428 7408//7408
f 7410//7410 7429//7429 7428//7428
f 7410//7410 7430//7430 7429//7429
f 7410//7410 7428//7428 7409//7409
f 7411//7411 7431//7431 7430//7430
f 7411//7411 7430//7430 7410//7410
f 7412//7412 7432//7432 7431//7431
f 7412//7412 7431//7431 7411//7411
f 7413//7413 7432//7432 7412//7412
f 7414//7414 7433//7433 7432//7432
f 7414//7414 7434//7434 7433//7433
f 7414//7414 7432//7432 7413//7413
f 7415//7415 7435//7435 7434//7434
f 7415//7415 7434//7434 7414//7414
f 7416//7416 7436//7436 7435//7435
f 7416//7416 7435//7435 7415//7415
f 7417//7417 7437//7437 7436//7436
f 7417//7417 7436//7436 7416//7416
f 7418//7418 7438//7438 7437//7437
f 7418//7418 7437//7437 7417//7417
f 7419//7419 7439//7439 7438//7438
f 7419//7419 7438//7438 7418//7418
f 7420//7420 7439//7439 7419//7419
f 7421//7421 7440//7440 7439//7439
f 7421//7421 7439//7439 7420//7420
f 7422//7422 7440//7440 7421//7421
f 7422//7422 7441//7441 7440//7440
f 7423//7423 7441//7441 7422//7422
f 7423//7423 7442//7442 7441//7441
f 7424//7424 7442//7442 7423//7423
f 7424//7424 7443//7443 7442//7442
f 7425//7425 7443//7443 7424//7424
f 7425//7425 7444//7444 7443//7443
v -705.000000 221.000000 -730.000000
v -707.431091 221.212692 -730.000000
v -709.788269 221.844299 -730.000000
v -712.000000 222.875641 -730.000000
v -713.999023 224.275375 -730.000000
v -715.724609 226.000977 -730.000000
v -717.124329 228.000000 -730.000000
v -718.155701 230.211716 -730.000000
v -718.787292 232.568924 -730.000000
v -719.000000 235.000000 -730.000000
v -718.787292 237.431076 -730.000000
v -718.155701 239.788284 -730.000000
v -717.124329 242.000000 -730.000000
v -715.724609 243.999023 -730.000000
v -713.999023 245.724625 -730.000000
v -712.000000 247.124359 -730.000000
v -709.788269 248.155701 -730.000000
v -707.431091 248.787308 -730.000000
v -705.000000 249.000000 -730.000000
v -705.000000 221.000000 -700.000000
v -707.431091 221.212692 -700.000000
v -709.788269 221.844299 -700.000000
v -712.000000 222.875641 -700.000000
v -713.999023 224.275375 -700.000000
v -715.724609 226.000977 -700.000000
v -717.124329 228.000000 -700.000000
v -718.155701 230.211716 -700.000000
v -718.787292 232.568924 -700.000000
v -719.000000 235.000000 -700.000000
v -718.787292 237.431076 -700.000000
v -718.155701 239.788284 -700.000000
v -717.124329 242.000000 -700.000000
v -715.724609 243.999023 -700.000000
v -713.999023 245.724625 -700.000000
v -712.000000 247.124359 -700.000000
v -709.788269 248.155701 -700.000000
v -707.431091 248.787308 -700.000000
v -705.000000 249.000000 -700.000000
vn 0.000000 1.000000 -0.000000
vn 0.173648 0.984808 -0.000000
vn 0.342020 0.939693 -0.000000
vn 0.500000 0.866025 -0.000000
vn 0.642788 0.766044 -0.000000
vn 0.766044 0.642788 -0.000000
vn 0.866025 0.500000 -0.000000
vn 0.939693 0.342020 -0.000000
vn 0.984808 0.173648 -0.000000
vn 1.000000 -0.000000 -0.000000
vn 0.984808 -0.173648 -0.000000
vn 0.939693 -0.342020 -0.000000
vn 0.866025 -0.500000 0.000000
vn 0.766044 -0.642788 0.000000
vn 0.642788 -0.766044 0.000000
vn 0.500000 -0.866025 0.000000
vn 0.342020 -0.939693 0.000000
vn 0.173648 -0.984808 0.000000
vn -0.000000 -1.000000 0.000000
vn 0.000000 1.000000 -0.000000
vn 0.173648 0.984808 -0.000000
vn 0.342020 0.939693 -0.000000
vn 0.500000 0.866025 -0.000000
vn 0.642788 0.766044 -0.000000
vn 0.766044 0.642788 -0.000000
vn 0.866025 0.500000 -0.000000
vn 0.939693 0.342020 -0.000000
vn 0.984808 0.173648 -0.000000
vn 1.000000 -0.000000 -0.000000
vn 0.984808 -0.173648 -0.000000
vn 0.939693 -0.342020 -0.000000
vn 0.866025 -0.500000 0.000000
vn 0.766044 -0.642788 0.000000
vn 0.642788 -0.766044 0.000000
vn 0.500000 -0.866025 0.000000
vn 0.342020 -0.939693 0.000000
vn 0.173648 -0.984808 0.000000
vn -0.000000 -1.000000 0.000000
f 7445//7445 7465//7465 7464//7464
f 7446//7446 7466//7466 7465//7465
f 7446//7446 7465//7465 7445//7445
f 7447//7447 7466//7466 7446//7446
f 7448//7448 7467//7467 7466//7466
f 7448//7448 7468//7468 7467//7467
f 7448//7448 7466//7466 7447//7447
f 7449//7449 7469//7469 7468//7468
f 7449//7449 7468//7468 7448//7448
f 7450//7450 7470//7470 7469//7469
f 7450//7450 7469//7469 7449//7449
f 7451//7451 7470//7470 7450//7450
f 7452//7452 7471//7471 7470//7470
f 7452//7452 7472//7472 7471//7471
f 7452//7452 7470//7470 7451//7451
f 7453//7453 7473//7473 7472//7472
f 7453//7453 7472//7472 7452//7452
f 7454//7454 7474//7474 7473//7473
f 7454//7454 7473//7473 7453//7453
f 7455//7455 7475//7475 7474//7474
f 7455//7455 7474//7474 7454//7454
f 7456//7456 7476//7476 7475//7475
f 7456//7456 7475//7475 7455//7455
f 7457//7457 7477//7477 7476//7476
f 7457//7457 7476//7476 7456//7456
f 7458//7458 7477//7477 7457//7457
f 7459//7459 7478//7478 7477//7477
f 7459//7459 7477//7477 7458//7458
f 7460//7460 7478//7478 7459//7459
f 7460//7460 7479//7479 7478//7478
f 7461//7461 7479//7479 7460//7460
f 7461//7461 7480//7480 7479//7479
f 7462//7462 7480//7480 7461//7461
f 7462//7462 7481//7481 7480//7480
f 7463//7463 7481//7481 7462//7462
f 7463//7463 7482//7482 7481//7481
v -705.000000 691.000000 -730.000000
v -707.431091 691.212708 -730.000000
v -709.788269 691.844299 -730.000000
v -712.000000 692.875671 -730.000000
v -713.999023 694.275391 -730.000000
v -715.724609 696.000977 -730.000000
v -717.124329 698.000000 -730.000000
v -718.155701 700.211731 -730.000000
v -718.787292 702.568909 -730.000000
v -719.000000 705.000000 -730.000000
v -718.787292 707.431091 -730.000000
v -718.155701 709.788269 -730.000000
v -717.124329 712.000000 -730.000000
v -715.724609 713.999023 -730.000000
v -713.999023 715.724609 -730.000000
v -712.000000 717.124329 -730.000000
v -709.788269 718.155701 -730.000000
v -707.431091 718.787292 -730.000000
v -705.000000 719.000000 -730.000000
v -705.000000 691.000000 -700.000000
v -707.431091 691.212708 -700.000000
v -709.788269 691.844299 -700.000000
v -712.000000 692.875671 -700.000000
v -713.999023 694.275391 -700.000000
v -715.724609 696.000977 -700.000000
v -717.124329 698.000000 -700.000000
v -718.155701 700.211731 -700.000000
v -718.787292 702.568909 -700.000000
v -719.000000 705.000000 -700.000000
v -718.787292 707.431091 -700.000000
v -718.155701 709.788269 -700.000000
v -717.124329 712.000000 -700.000000
v -715.724609 713.999023 -700.000000
v -713.999023 715.724609 -700.000000
v -712.000000 717.124329 -700.000000
v -709.788269 718.155701 -700.000000
v -707.431091 718.787292 -700.000000
v -705.000000 719.000000 -700.000000
vn 0.000000 1.000000 -0.000000
vn 0.173648 0.984808 -0.000000
vn 0.342020 0.939693 -0.000000
vn 0.500000 0.866025 -0.000000
vn 0.642788 0.766044 -0.000000
vn 0.766044 0.642788 -0.000000
vn 0.866025 0.500000 -0.000000
vn 0.939693 0.342020 -0.000000
vn 0.984808 0.173648 -0.000000
vn 1.000000 -0.000000 -0.000000
vn 0.984808 -0.173648 -0.000000
vn 0.939693 -0.342020 -0.000000
vn 0.866025 -0.500000 0.000000
vn 0.766044 -0.642788 0.000000
vn 0.642788 -0.766044 0.000000
vn 0.500000 -0.866025 0.000000
vn 0.342020 -0.939693 0.000000
vn 0.173648 -0.984808 0.000000
vn -0.000000 -1.000000 0.000000
vn 0.000000 1.000000 -0.000000
vn 0.173648 0.984808 -0.000000
vn 0.342020 0.939693 -0.000000
vn 0.500000 0.866025 -0.000000
vn 0.642788 0.766044 -0.000000
vn 0.766044 0.642788 -0.000000
vn 0.866025 0.500000 -0.000000
vn 0.939693 0.342020 -0.000000
vn 0.984808 0.173648 -0.000000
vn 1.000000 -0.000000 -0.000000
vn 0.984808 -0.173648 -0.000000
vn 0.939693 -0.342020 -0.000000
vn 0.866025 -0.500000 0.000000
vn 0.766044 -0.642788 0.000000
vn 0.642788 -0.766044 0.000000
vn 0.500000 -0.866025 0.000000
vn 0.342020 -0.939693 0.000000
vn 0.173648 -0.984808 0.000000
vn -0.000000 -1.000000 0.000000
f 7483//7483 7503//7503 7502//7502
f 7484//7484 7504//7504 7503//7503
f 7484//7484 7503//7503 7483//7483
f 7485//7485 7504//7504 7484//7484
f 7486//7486 7505//7505 7504//7504
f 7486//7486 7506//7506 7505//7505
f 7486//7486 7504//7504 7485//7485
f 7487//7487 7507//7507 7506//7506
f 7487//7487 7506//7506 7486//7486
f 7488//7488 7508//7508 7507//7507
f 7488//7488 7507//7507 7487//7487
f 7489//7489 7508//7508 7488//7488
f 7490//7490 7509//7509 7508//7508
f 7490//7490 7510//7510 7509//7509
f 7490//7490 7508//7508 7489//7489
f 7491//7491 7511//7511 7510//7510
f 7491//7491 7510//7510 7490//7490
f 7492//7492 7512//7512 7511//7511
f 7492//7492 7511//7511 7491//7491
f 7493//7493 7513//7513 7512//7512
f 7493//7493 7512//7512 7492//7492
f 7494//7494 7514//7514 7513//7513
f 7494//7494 7513//7513 7493//7493
f 7495//7495 7515//7515 7514//7514
f 7495//7495 7514//7514 7494//7494
f 7496//7496 7515//7515 7495//7495
f 7497//7497 7516//7516 7515//7515
f 7497//7497 7515//7515 7496//7496
f 7498//7498 7516//7516 7497//7497
f 7498//7498 7517//7517 7516//7516
f 7499//7499 7517//7517 7498//7498
f 7499//7499 7518//7518 7517//7517
f 7500//7500 7518//7518 7499//7499
f 7500//7500 7519//7519 7518//7518
f 7501//7501 7519//7519 7500//7500
f 7501//7501 7520//7520 7519//7519
v 740.000000 -750.000000 -730.000000
v 740.000000 -750.000000 -700.000000
v 750.000000 -740.000000 -700.000000
v 750.000000 -740.000000 -730.000000
vn 0.707107 -0.707107 0.000000
vn 0.707107 -0.707107 0.000000
vn 0.707107 -0.707107 0.000000
vn 0.707107 -0.707107 0.000000
f 7523//7523 7522//7522 7521//7521
f 7523//7523 7521//7521 7524//7524
v 750.000000 740.000000 -730.000000
v 750.000000 740.000000 -700.000000
v 740.000000 750.000000 -700.000000
v 740.000000 750.000000 -730.000000
vn 0.707107 0.707107 -0.000000
vn 0.707107 0.707107 -0.000000
vn 0.707107 0.707107 -0.000000
vn 0.707107 0.707107 -0.000000
f 7527//7527 7526//7526 7525//7525
f 7527//7527 7525//7525 7528//7528
v -750.000000 -740.000000 -730.000000
v -750.000000 -740.000000 -700.000000
v -740.000000 -750.000000 -700.000000
v -740.000000 -750.000000 -730.000000
vn -0.707107 -0.707107 0.000000
vn -0.707107 -0.707107 0.000000
vn -0.707107 -0.707107 0.000000
vn -0.707107 -0.707107 0.000000
f 7531//7531 7530//7530 7529//7529
f 7531//7531 7529//7529 7532//7532
v -740.000000 750.000000 -730.000000
v -740.000000 750.000000 -700.000000
v -750.000000 740.000000 -700.000000
v -750.000000 740.000000 -730.000000
vn -0.707107 0.707107 -0.000000
vn -0.707107 0.707107 -0.000000
vn -0.707107 0.707107 -0.000000
vn -0.707107 0.707107 -0.000000
f 7535//7535 7534//7534 7533//7533
f 7535//7535 7533//7533 7536//7536
