# Exported by OpenCASCADE CAD Assistant [www.opencascade.com]
#  Vertices: 7134
#     Faces: 7218
mtllib Base.mtl
g 3D_J1_AllCATPart
usemtl mat_1
v 180.000000 -0.000000 336.000000
v 177.265396 31.256672 336.000000
v 169.144669 61.563625 336.000000
v 155.884567 90.000000 336.000000
v 137.888000 115.701767 336.000000
v 115.701767 137.888000 336.000000
v 90.000000 155.884567 336.000000
v 61.563625 169.144669 336.000000
v 31.256672 177.265396 336.000000
v 0.000000 180.000000 336.000000
v -31.256672 177.265396 336.000000
v -61.563625 169.144669 336.000000
v -90.000000 155.884567 336.000000
v -115.701767 137.888000 336.000000
v -137.888000 115.701767 336.000000
v -155.884567 90.000000 336.000000
v -169.144669 61.563625 336.000000
v -177.265396 31.256672 336.000000
v -180.000000 -0.000000 336.000000
v -177.265396 -31.256672 336.000000
v -169.144669 -61.563625 336.000000
v -155.884567 -90.000000 336.000000
v -137.888000 -115.701767 336.000000
v -115.701767 -137.888000 336.000000
v -90.000000 -155.884567 336.000000
v -61.563625 -169.144669 336.000000
v -31.256672 -177.265396 336.000000
v -0.000000 -180.000000 336.000000
v 31.256672 -177.265396 336.000000
v 61.563625 -169.144669 336.000000
v 90.000000 -155.884567 336.000000
v 115.701767 -137.888000 336.000000
v 137.888000 -115.701767 336.000000
v 155.884567 -90.000000 336.000000
v 169.144669 -61.563625 336.000000
v 177.265396 -31.256672 336.000000
vn 0.000000 0.000000 1.000000
vn 0.000000 0.000000 1.000000
vn 0.000000 0.000000 1.000000
vn 0.000000 0.000000 1.000000
vn 0.000000 0.000000 1.000000
vn 0.000000 0.000000 1.000000
vn 0.000000 0.000000 1.000000
vn 0.000000 0.000000 1.000000
vn 0.000000 0.000000 1.000000
vn 0.000000 0.000000 1.000000
vn 0.000000 0.000000 1.000000
vn 0.000000 0.000000 1.000000
vn 0.000000 0.000000 1.000000
vn 0.000000 0.000000 1.000000
vn 0.000000 0.000000 1.000000
vn 0.000000 0.000000 1.000000
vn 0.000000 0.000000 1.000000
vn 0.000000 0.000000 1.000000
vn 0.000000 0.000000 1.000000
vn 0.000000 0.000000 1.000000
vn 0.000000 0.000000 1.000000
vn 0.000000 0.000000 1.000000
vn 0.000000 0.000000 1.000000
vn 0.000000 0.000000 1.000000
vn 0.000000 0.000000 1.000000
vn 0.000000 0.000000 1.000000
vn 0.000000 0.000000 1.000000
vn 0.000000 0.000000 1.000000
vn 0.000000 0.000000 1.000000
vn 0.000000 0.000000 1.000000
vn 0.000000 0.000000 1.000000
vn 0.000000 0.000000 1.000000
vn 0.000000 0.000000 1.000000
vn 0.000000 0.000000 1.000000
vn 0.000000 0.000000 1.000000
vn 0.000000 0.000000 1.000000
f 25//25 23//23 24//24
f 21//21 22//22 23//23
f 21//21 23//23 25//25
f 28//28 26//26 27//27
f 19//19 20//20 21//21
f 19//19 21//21 25//25
f 30//30 28//28 29//29
f 30//30 26//26 28//28
f 31//31 26//26 30//30
f 32//32 18//18 19//19
f 32//32 25//25 26//26
f 32//32 19//19 25//25
f 32//32 26//26 31//31
f 15//15 16//16 17//17
f 34//34 32//32 33//33
f 13//13 14//14 15//15
f 13//13 17//17 18//18
f 13//13 18//18 32//32
f 13//13 15//15 17//17
f 35//35 13//13 32//32
f 35//35 32//32 34//34
f 1//1 12//12 13//13
f 1//1 35//35 36//36
f 1//1 13//13 35//35
f 9//9 10//10 11//11
f 9//9 11//11 12//12
f 8//8 12//12 1//1
f 8//8 9//9 12//12
f 3//3 1//1 2//2
f 6//6 3//3 4//4
f 6//6 4//4 5//5
f 6//6 7//7 8//8
f 6//6 1//1 3//3
f 6//6 8//8 1//1
v -180.000000 0.000000 308.000000
v -180.000000 -0.000000 336.000000
v 180.000000 -0.000000 336.000000
v 177.265396 31.256672 336.000000
v 169.144669 61.563625 336.000000
v 155.884567 90.000000 336.000000
v 137.888000 115.701767 336.000000
v 115.701767 137.888000 336.000000
v 90.000000 155.884567 336.000000
v 61.563625 169.144669 336.000000
v 31.256672 177.265396 336.000000
v 0.000000 180.000000 336.000000
v -31.256672 177.265396 336.000000
v -61.563625 169.144669 336.000000
v -90.000000 155.884567 336.000000
v -115.701767 137.888000 336.000000
v -137.888000 115.701767 336.000000
v -155.884567 90.000000 336.000000
v -169.144669 61.563625 336.000000
v -177.265396 31.256672 336.000000
v 180.000000 0.000000 308.000000
v 177.265396 31.256672 308.000000
v 169.144669 61.563625 308.000000
v 155.884567 90.000000 308.000000
v 137.888000 115.701767 308.000000
v 115.701767 137.888000 308.000000
v 90.000000 155.884567 308.000000
v 61.563625 169.144669 308.000000
v 31.256672 177.265396 308.000000
v 0.000000 180.000000 308.000000
v -31.256672 177.265396 308.000000
v -61.563625 169.144669 308.000000
v -90.000000 155.884567 308.000000
v -115.701767 137.888000 308.000000
v -137.888000 115.701767 308.000000
v -155.884567 90.000000 308.000000
v -169.144669 61.563625 308.000000
v -177.265396 31.256672 308.000000
vn -1.000000 0.000000 0.000000
vn -1.000000 0.000000 0.000000
vn 1.000000 0.000000 -0.000000
vn 0.984808 0.173648 -0.000000
vn 0.939693 0.342020 -0.000000
vn 0.866025 0.500000 -0.000000
vn 0.766044 0.642788 -0.000000
vn 0.642788 0.766044 -0.000000
vn 0.500000 0.866025 -0.000000
vn 0.342020 0.939693 -0.000000
vn 0.173648 0.984808 -0.000000
vn 0.000000 1.000000 -0.000000
vn -0.173648 0.984808 0.000000
vn -0.342020 0.939693 0.000000
vn -0.500000 0.866025 0.000000
vn -0.642788 0.766044 0.000000
vn -0.766044 0.642788 0.000000
vn -0.866025 0.500000 0.000000
vn -0.939693 0.342020 0.000000
vn -0.984808 0.173648 0.000000
vn 1.000000 0.000000 -0.000000
vn 0.984808 0.173648 -0.000000
vn 0.939693 0.342020 -0.000000
vn 0.866025 0.500000 -0.000000
vn 0.766044 0.642788 -0.000000
vn 0.642788 0.766044 -0.000000
vn 0.500000 0.866025 -0.000000
vn 0.342020 0.939693 -0.000000
vn 0.173648 0.984808 -0.000000
vn 0.000000 1.000000 -0.000000
vn -0.173648 0.984808 0.000000
vn -0.342020 0.939693 0.000000
vn -0.500000 0.866025 0.000000
vn -0.642788 0.766044 0.000000
vn -0.766044 0.642788 0.000000
vn -0.866025 0.500000 0.000000
vn -0.939693 0.342020 0.000000
vn -0.984808 0.173648 0.000000
f 40//40 39//39 57//57
f 40//40 57//57 58//58
f 41//41 58//58 59//59
f 41//41 40//40 58//58
f 42//42 59//59 60//60
f 42//42 60//60 61//61
f 42//42 41//41 59//59
f 43//43 61//61 62//62
f 43//43 42//42 61//61
f 44//44 43//43 62//62
f 45//45 62//62 63//63
f 45//45 63//63 64//64
f 45//45 44//44 62//62
f 46//46 64//64 65//65
f 46//46 45//45 64//64
f 47//47 46//46 65//65
f 48//48 65//65 66//66
f 48//48 47//47 65//65
f 49//49 66//66 67//67
f 49//49 67//67 68//68
f 49//49 48//48 66//66
f 50//50 49//49 68//68
f 51//51 68//68 69//69
f 51//51 50//50 68//68
f 52//52 69//69 70//70
f 52//52 70//70 71//71
f 52//52 51//51 69//69
f 53//53 52//52 71//71
f 54//54 53//53 71//71
f 54//54 71//71 72//72
f 55//55 54//54 72//72
f 55//55 72//72 73//73
f 56//56 55//55 73//73
f 56//56 73//73 74//74
f 38//38 56//56 74//74
f 38//38 74//74 37//37
v 180.000000 0.000000 308.000000
v 180.000000 -0.000000 336.000000
v -180.000000 -0.000000 336.000000
v -177.265396 -31.256672 336.000000
v -169.144669 -61.563625 336.000000
v -155.884567 -90.000000 336.000000
v -137.888000 -115.701767 336.000000
v -115.701767 -137.888000 336.000000
v -90.000000 -155.884567 336.000000
v -61.563625 -169.144669 336.000000
v -31.256672 -177.265396 336.000000
v -0.000000 -180.000000 336.000000
v 31.256672 -177.265396 336.000000
v 61.563625 -169.144669 336.000000
v 90.000000 -155.884567 336.000000
v 115.701767 -137.888000 336.000000
v 137.888000 -115.701767 336.000000
v 155.884567 -90.000000 336.000000
v 169.144669 -61.563625 336.000000
v 177.265396 -31.256672 336.000000
v -180.000000 0.000000 308.000000
v -177.265396 -31.256672 308.000000
v -169.144669 -61.563625 308.000000
v -155.884567 -90.000000 308.000000
v -137.888000 -115.701767 308.000000
v -115.701767 -137.888000 308.000000
v -90.000000 -155.884567 308.000000
v -61.563625 -169.144669 308.000000
v -31.256672 -177.265396 308.000000
v -0.000000 -180.000000 308.000000
v 31.256672 -177.265396 308.000000
v 61.563625 -169.144669 308.000000
v 90.000000 -155.884567 308.000000
v 115.701767 -137.888000 308.000000
v 137.888000 -115.701767 308.000000
v 155.884567 -90.000000 308.000000
v 169.144669 -61.563625 308.000000
v 177.265396 -31.256672 308.000000
vn 1.000000 -0.000000 0.000000
vn 1.000000 -0.000000 0.000000
vn -1.000000 0.000000 0.000000
vn -0.984808 -0.173648 0.000000
vn -0.939693 -0.342020 0.000000
vn -0.866025 -0.500000 0.000000
vn -0.766044 -0.642788 0.000000
vn -0.642788 -0.766044 0.000000
vn -0.500000 -0.866025 0.000000
vn -0.342020 -0.939693 0.000000
vn -0.173648 -0.984808 0.000000
vn -0.000000 -1.000000 0.000000
vn 0.173648 -0.984808 0.000000
vn 0.342020 -0.939693 0.000000
vn 0.500000 -0.866025 0.000000
vn 0.642788 -0.766044 0.000000
vn 0.766044 -0.642788 0.000000
vn 0.866025 -0.500000 0.000000
vn 0.939693 -0.342020 0.000000
vn 0.984808 -0.173648 0.000000
vn -1.000000 0.000000 0.000000
vn -0.984808 -0.173648 0.000000
vn -0.939693 -0.342020 0.000000
vn -0.866025 -0.500000 0.000000
vn -0.766044 -0.642788 0.000000
vn -0.642788 -0.766044 0.000000
vn -0.500000 -0.866025 0.000000
vn -0.342020 -0.939693 0.000000
vn -0.173648 -0.984808 0.000000
vn -0.000000 -1.000000 0.000000
vn 0.173648 -0.984808 0.000000
vn 0.342020 -0.939693 0.000000
vn 0.500000 -0.866025 0.000000
vn 0.642788 -0.766044 0.000000
vn 0.766044 -0.642788 0.000000
vn 0.866025 -0.500000 0.000000
vn 0.939693 -0.342020 0.000000
vn 0.984808 -0.173648 0.000000
f 78//78 77//77 95//95
f 78//78 95//95 96//96
f 79//79 96//96 97//97
f 79//79 78//78 96//96
f 80//80 97//97 98//98
f 80//80 79//79 97//97
f 81//81 98//98 99//99
f 81//81 99//99 100//100
f 81//81 80//80 98//98
f 82//82 100//100 101//101
f 82//82 81//81 100//100
f 83//83 101//101 102//102
f 83//83 82//82 101//101
f 84//84 83//83 102//102
f 85//85 102//102 103//103
f 85//85 103//103 104//104
f 85//85 84//84 102//102
f 86//86 85//85 104//104
f 87//87 104//104 105//105
f 87//87 86//86 104//104
f 88//88 105//105 106//106
f 88//88 106//106 107//107
f 88//88 87//87 105//105
f 89//89 88//88 107//107
f 90//90 107//107 108//108
f 90//90 108//108 109//109
f 90//90 89//89 107//107
f 91//91 90//90 109//109
f 92//92 91//91 109//109
f 92//92 109//109 110//110
f 92//92 110//110 111//111
f 93//93 92//92 111//111
f 93//93 111//111 112//112
f 94//94 93//93 112//112
f 76//76 94//94 112//112
f 76//76 112//112 75//75
v 200.000000 -0.000000 308.000000
v 196.961548 34.729637 308.000000
v 187.938522 68.404030 308.000000
v 173.205078 100.000000 308.000000
v 153.208893 128.557526 308.000000
v 128.557526 153.208893 308.000000
v 100.000000 173.205078 308.000000
v 68.404030 187.938522 308.000000
v 34.729637 196.961548 308.000000
v 0.000000 200.000000 308.000000
v -34.729637 196.961548 308.000000
v -68.404030 187.938522 308.000000
v -100.000000 173.205078 308.000000
v -128.557526 153.208893 308.000000
v -153.208893 128.557526 308.000000
v -173.205078 100.000000 308.000000
v -187.938522 68.404030 308.000000
v -196.961548 34.729637 308.000000
v -200.000000 -0.000000 308.000000
v -196.961548 -34.729637 308.000000
v -187.938522 -68.404030 308.000000
v -173.205078 -100.000000 308.000000
v -153.208893 -128.557526 308.000000
v -128.557526 -153.208893 308.000000
v -100.000000 -173.205078 308.000000
v -68.404030 -187.938522 308.000000
v -34.729637 -196.961548 308.000000
v -0.000000 -200.000000 308.000000
v 34.729637 -196.961548 308.000000
v 68.404030 -187.938522 308.000000
v 100.000000 -173.205078 308.000000
v 128.557526 -153.208893 308.000000
v 153.208893 -128.557526 308.000000
v 173.205078 -100.000000 308.000000
v 187.938522 -68.404030 308.000000
v 196.961548 -34.729637 308.000000
v -180.000000 0.000000 308.000000
v -177.265396 -31.256672 308.000000
v -169.144669 -61.563625 308.000000
v -155.884567 -90.000000 308.000000
v -137.888000 -115.701767 308.000000
v -115.701767 -137.888000 308.000000
v -90.000000 -155.884567 308.000000
v -61.563625 -169.144669 308.000000
v -31.256672 -177.265396 308.000000
v -0.000000 -180.000000 308.000000
v 31.256672 -177.265396 308.000000
v 61.563625 -169.144669 308.000000
v 90.000000 -155.884567 308.000000
v 115.701767 -137.888000 308.000000
v 137.888000 -115.701767 308.000000
v 155.884567 -90.000000 308.000000
v 169.144669 -61.563625 308.000000
v 177.265396 -31.256672 308.000000
v 180.000000 0.000000 308.000000
v 177.265396 31.256672 308.000000
v 169.144669 61.563625 308.000000
v 155.884567 90.000000 308.000000
v 137.888000 115.701767 308.000000
v 115.701767 137.888000 308.000000
v 90.000000 155.884567 308.000000
v 61.563625 169.144669 308.000000
v 31.256672 177.265396 308.000000
v 0.000000 180.000000 308.000000
v -31.256672 177.265396 308.000000
v -61.563625 169.144669 308.000000
v -90.000000 155.884567 308.000000
v -115.701767 137.888000 308.000000
v -137.888000 115.701767 308.000000
v -155.884567 90.000000 308.000000
v -169.144669 61.563625 308.000000
v -177.265396 31.256672 308.000000
vn 0.000000 0.000000 1.000000
vn 0.000000 0.000000 1.000000
vn 0.000000 0.000000 1.000000
vn 0.000000 0.000000 1.000000
vn 0.000000 0.000000 1.000000
vn 0.000000 0.000000 1.000000
vn 0.000000 0.000000 1.000000
vn 0.000000 0.000000 1.000000
vn 0.000000 0.000000 1.000000
vn 0.000000 0.000000 1.000000
vn 0.000000 0.000000 1.000000
vn 0.000000 0.000000 1.000000
vn 0.000000 0.000000 1.000000
vn 0.000000 0.000000 1.000000
vn 0.000000 0.000000 1.000000
vn 0.000000 0.000000 1.000000
vn 0.000000 0.000000 1.000000
vn 0.000000 0.000000 1.000000
vn 0.000000 0.000000 1.000000
vn 0.000000 0.000000 1.000000
vn 0.000000 0.000000 1.000000
vn 0.000000 0.000000 1.000000
vn 0.000000 0.000000 1.000000
vn 0.000000 0.000000 1.000000
vn 0.000000 0.000000 1.000000
vn 0.000000 0.000000 1.000000
vn 0.000000 0.000000 1.000000
vn 0.000000 0.000000 1.000000
vn 0.000000 0.000000 1.000000
vn 0.000000 0.000000 1.000000
vn 0.000000 0.000000 1.000000
vn 0.000000 0.000000 1.000000
vn 0.000000 0.000000 1.000000
vn 0.000000 0.000000 1.000000
vn 0.000000 0.000000 1.000000
vn 0.000000 0.000000 1.000000
vn 0.000000 0.000000 1.000000
vn 0.000000 0.000000 1.000000
vn 0.000000 0.000000 1.000000
vn 0.000000 0.000000 1.000000
vn 0.000000 0.000000 1.000000
vn 0.000000 0.000000 1.000000
vn 0.000000 0.000000 1.000000
vn 0.000000 0.000000 1.000000
vn 0.000000 0.000000 1.000000
vn 0.000000 0.000000 1.000000
vn 0.000000 0.000000 1.000000
vn 0.000000 0.000000 1.000000
vn 0.000000 0.000000 1.000000
vn 0.000000 0.000000 1.000000
vn 0.000000 0.000000 1.000000
vn 0.000000 0.000000 1.000000
vn 0.000000 0.000000 1.000000
vn 0.000000 0.000000 1.000000
vn 0.000000 0.000000 1.000000
vn 0.000000 0.000000 1.000000
vn 0.000000 0.000000 1.000000
vn 0.000000 0.000000 1.000000
vn 0.000000 0.000000 1.000000
vn 0.000000 0.000000 1.000000
vn 0.000000 0.000000 1.000000
vn 0.000000 0.000000 1.000000
vn 0.000000 0.000000 1.000000
vn 0.000000 0.000000 1.000000
vn 0.000000 0.000000 1.000000
vn 0.000000 0.000000 1.000000
vn 0.000000 0.000000 1.000000
vn 0.000000 0.000000 1.000000
vn 0.000000 0.000000 1.000000
vn 0.000000 0.000000 1.000000
vn 0.000000 0.000000 1.000000
vn 0.000000 0.000000 1.000000
f 154//154 136//136 137//137
f 153//153 135//135 136//136
f 153//153 136//136 154//154
f 155//155 154//154 137//137
f 152//152 134//134 135//135
f 152//152 135//135 153//153
f 156//156 137//137 138//138
f 156//156 138//138 139//139
f 156//156 155//155 137//137
f 151//151 132//132 133//133
f 151//151 133//133 134//134
f 151//151 134//134 152//152
f 157//157 156//156 139//139
f 150//150 132//132 151//151
f 131//131 132//132 150//150
f 158//158 157//157 139//139
f 158//158 139//139 140//140
f 149//149 131//131 150//150
f 141//141 158//158 140//140
f 159//159 158//158 141//141
f 184//184 131//131 149//149
f 184//184 130//130 131//131
f 160//160 159//159 141//141
f 160//160 141//141 142//142
f 183//183 129//129 130//130
f 183//183 130//130 184//184
f 161//161 160//160 142//142
f 161//161 142//142 143//143
f 182//182 128//128 129//129
f 182//182 129//129 183//183
f 162//162 161//161 143//143
f 162//162 143//143 144//144
f 181//181 127//127 128//128
f 181//181 128//128 182//182
f 145//145 162//162 144//144
f 145//145 163//163 162//162
f 126//126 127//127 181//181
f 126//126 181//181 180//180
f 146//146 164//164 163//163
f 146//146 163//163 145//145
f 125//125 126//126 180//180
f 125//125 180//180 179//179
f 165//165 164//164 146//146
f 178//178 125//125 179//179
f 147//147 165//165 146//146
f 124//124 125//125 178//178
f 166//166 165//165 147//147
f 148//148 166//166 147//147
f 123//123 178//178 177//177
f 123//123 124//124 178//178
f 167//167 166//166 148//148
f 122//122 177//177 176//176
f 122//122 123//123 177//177
f 113//113 167//167 148//148
f 168//168 167//167 113//113
f 175//175 122//122 176//176
f 121//121 122//122 175//175
f 114//114 169//169 168//168
f 114//114 168//168 113//113
f 120//120 175//175 174//174
f 120//120 121//121 175//175
f 115//115 169//169 114//114
f 116//116 169//169 115//115
f 116//116 170//170 169//169
f 119//119 120//120 174//174
f 119//119 174//174 173//173
f 117//117 170//170 116//116
f 117//117 171//171 170//170
f 118//118 119//119 173//173
f 118//118 171//171 117//117
f 118//118 172//172 171//171
f 118//118 173//173 172//172
v -200.000000 -0.000000 308.000000
v -202.500000 0.000000 276.500000
v 200.000000 -0.000000 308.000000
v 196.961548 34.729637 308.000000
v 187.938522 68.404030 308.000000
v 173.205078 100.000000 308.000000
v 153.208893 128.557526 308.000000
v 128.557526 153.208893 308.000000
v 100.000000 173.205078 308.000000
v 68.404030 187.938522 308.000000
v 34.729637 196.961548 308.000000
v 0.000000 200.000000 308.000000
v -34.729637 196.961548 308.000000
v -68.404030 187.938522 308.000000
v -100.000000 173.205078 308.000000
v -128.557526 153.208893 308.000000
v -153.208893 128.557526 308.000000
v -173.205078 100.000000 308.000000
v -187.938522 68.404030 308.000000
v -196.961548 34.729637 308.000000
v 202.500000 0.000000 276.500000
v -199.423569 35.163757 276.500000
v -190.287750 69.259079 276.500000
v -175.370148 101.250000 276.500000
v -155.123993 130.164490 276.500000
v -130.164490 155.123993 276.500000
v -101.250000 175.370148 276.500000
v -69.259079 190.287750 276.500000
v -35.163757 199.423569 276.500000
v -0.000000 202.500000 276.500000
v 35.163757 199.423569 276.500000
v 69.259079 190.287750 276.500000
v 101.250000 175.370148 276.500000
v 130.164490 155.123993 276.500000
v 155.123993 130.164490 276.500000
v 175.370148 101.250000 276.500000
v 190.287750 69.259079 276.500000
v 199.423569 35.163757 276.500000
vn -0.996865 0.000000 0.079116
vn -0.996865 0.000000 0.079116
vn 0.996865 0.000000 0.079116
vn 0.981721 0.173104 0.079116
vn 0.936747 0.340948 0.079116
vn 0.863311 0.498433 0.079116
vn 0.763643 0.640773 0.079116
vn 0.640773 0.763643 0.079116
vn 0.498433 0.863311 0.079116
vn 0.340948 0.936747 0.079116
vn 0.173104 0.981721 0.079116
vn -0.000000 0.996865 0.079116
vn -0.173104 0.981721 0.079116
vn -0.340948 0.936747 0.079116
vn -0.498433 0.863311 0.079116
vn -0.640773 0.763643 0.079116
vn -0.763643 0.640773 0.079116
vn -0.863311 0.498433 0.079116
vn -0.936747 0.340948 0.079116
vn -0.981721 0.173104 0.079116
vn 0.996865 0.000000 0.079116
vn -0.981721 0.173104 0.079116
vn -0.936747 0.340948 0.079116
vn -0.863311 0.498433 0.079116
vn -0.763643 0.640773 0.079116
vn -0.640773 0.763643 0.079116
vn -0.498433 0.863311 0.079116
vn -0.340948 0.936747 0.079116
vn -0.173104 0.981721 0.079116
vn -0.000000 0.996865 0.079116
vn 0.173104 0.981721 0.079116
vn 0.340948 0.936747 0.079116
vn 0.498433 0.863311 0.079116
vn 0.640773 0.763643 0.079116
vn 0.763643 0.640773 0.079116
vn 0.863311 0.498433 0.079116
vn 0.936747 0.340948 0.079116
vn 0.981721 0.173104 0.079116
f 206//206 186//186 185//185
f 206//206 185//185 204//204
f 207//207 204//204 203//203
f 207//207 206//206 204//204
f 208//208 203//203 202//202
f 208//208 207//207 203//203
f 209//209 202//202 201//201
f 209//209 208//208 202//202
f 210//210 201//201 200//200
f 210//210 209//209 201//201
f 211//211 200//200 199//199
f 211//211 210//210 200//200
f 212//212 199//199 198//198
f 212//212 211//211 199//199
f 213//213 198//198 197//197
f 213//213 212//212 198//198
f 214//214 197//197 196//196
f 214//214 213//213 197//197
f 215//215 196//196 195//195
f 215//215 214//214 196//196
f 216//216 195//195 194//194
f 216//216 215//215 195//195
f 217//217 194//194 193//193
f 217//217 216//216 194//194
f 218//218 193//193 192//192
f 218//218 217//217 193//193
f 191//191 218//218 192//192
f 219//219 218//218 191//191
f 220//220 219//219 191//191
f 220//220 191//191 190//190
f 189//189 220//220 190//190
f 221//221 220//220 189//189
f 222//222 189//189 188//188
f 222//222 221//221 189//189
f 205//205 188//188 187//187
f 205//205 222//222 188//188
v 200.000000 -0.000000 308.000000
v 202.500000 0.000000 276.500000
v -200.000000 -0.000000 308.000000
v -196.961548 -34.729637 308.000000
v -187.938522 -68.404030 308.000000
v -173.205078 -100.000000 308.000000
v -153.208893 -128.557526 308.000000
v -128.557526 -153.208893 308.000000
v -100.000000 -173.205078 308.000000
v -68.404030 -187.938522 308.000000
v -34.729637 -196.961548 308.000000
v -0.000000 -200.000000 308.000000
v 34.729637 -196.961548 308.000000
v 68.404030 -187.938522 308.000000
v 100.000000 -173.205078 308.000000
v 128.557526 -153.208893 308.000000
v 153.208893 -128.557526 308.000000
v 173.205078 -100.000000 308.000000
v 187.938522 -68.404030 308.000000
v 196.961548 -34.729637 308.000000
v -202.500000 0.000000 276.500000
v 199.423569 -35.163757 276.500000
v 190.287750 -69.259079 276.500000
v 175.370148 -101.250000 276.500000
v 155.123993 -130.164490 276.500000
v 130.164490 -155.123993 276.500000
v 101.250000 -175.370148 276.500000
v 69.259079 -190.287750 276.500000
v 35.163757 -199.423569 276.500000
v 0.000000 -202.500000 276.500000
v -35.163757 -199.423569 276.500000
v -69.259079 -190.287750 276.500000
v -101.250000 -175.370148 276.500000
v -130.164490 -155.123993 276.500000
v -155.123993 -130.164490 276.500000
v -175.370148 -101.250000 276.500000
v -190.287750 -69.259079 276.500000
v -199.423569 -35.163757 276.500000
vn 0.996865 0.000000 0.079116
vn 0.996865 0.000000 0.079116
vn -0.996865 -0.000000 0.079116
vn -0.981721 -0.173104 0.079116
vn -0.936747 -0.340948 0.079116
vn -0.863311 -0.498433 0.079116
vn -0.763643 -0.640773 0.079116
vn -0.640773 -0.763643 0.079116
vn -0.498433 -0.863311 0.079116
vn -0.340948 -0.936747 0.079116
vn -0.173104 -0.981721 0.079116
vn -0.000000 -0.996865 0.079116
vn 0.173104 -0.981721 0.079116
vn 0.340948 -0.936747 0.079116
vn 0.498433 -0.863311 0.079116
vn 0.640773 -0.763643 0.079116
vn 0.763643 -0.640773 0.079116
vn 0.863311 -0.498433 0.079116
vn 0.936747 -0.340948 0.079116
vn 0.981721 -0.173104 0.079116
vn -0.996865 -0.000000 0.079116
vn 0.981721 -0.173104 0.079116
vn 0.936747 -0.340948 0.079116
vn 0.863311 -0.498433 0.079116
vn 0.763643 -0.640773 0.079116
vn 0.640773 -0.763643 0.079116
vn 0.498433 -0.863311 0.079116
vn 0.340948 -0.936747 0.079116
vn 0.173104 -0.981721 0.079116
vn 0.000000 -0.996865 0.079116
vn -0.173104 -0.981721 0.079116
vn -0.340948 -0.936747 0.079116
vn -0.498433 -0.863311 0.079116
vn -0.640773 -0.763643 0.079116
vn -0.763643 -0.640773 0.079116
vn -0.863311 -0.498433 0.079116
vn -0.936747 -0.340948 0.079116
vn -0.981721 -0.173104 0.079116
f 244//244 224//224 223//223
f 244//244 223//223 242//242
f 245//245 242//242 241//241
f 245//245 244//244 242//242
f 246//246 241//241 240//240
f 246//246 245//245 241//241
f 247//247 240//240 239//239
f 247//247 246//246 240//240
f 248//248 239//239 238//238
f 248//248 247//247 239//239
f 249//249 238//238 237//237
f 249//249 248//248 238//238
f 250//250 237//237 236//236
f 250//250 249//249 237//237
f 251//251 236//236 235//235
f 251//251 250//250 236//236
f 252//252 235//235 234//234
f 252//252 251//251 235//235
f 253//253 234//234 233//233
f 253//253 252//252 234//234
f 254//254 233//233 232//232
f 254//254 253//253 233//233
f 255//255 232//232 231//231
f 255//255 254//254 232//232
f 256//256 231//231 230//230
f 256//256 255//255 231//231
f 257//257 230//230 229//229
f 257//257 256//256 230//230
f 258//258 229//229 228//228
f 258//258 257//257 229//229
f 259//259 258//258 228//228
f 259//259 228//228 227//227
f 260//260 227//227 226//226
f 260//260 259//259 227//227
f 243//243 226//226 225//225
f 243//243 260//260 226//226
v 225.000000 -0.000000 276.500000
v 221.581741 39.070839 276.500000
v 211.430847 76.954529 276.500000
v 194.855713 112.500000 276.500000
v 172.360001 144.627213 276.500000
v 144.627213 172.360001 276.500000
v 112.500000 194.855713 276.500000
v 76.954529 211.430847 276.500000
v 39.070839 221.581741 276.500000
v 0.000000 225.000000 276.500000
v -39.070839 221.581741 276.500000
v -76.954529 211.430847 276.500000
v -112.500000 194.855713 276.500000
v -144.627213 172.360001 276.500000
v -172.360001 144.627213 276.500000
v -194.855713 112.500000 276.500000
v -211.430847 76.954529 276.500000
v -221.581741 39.070839 276.500000
v -225.000000 -0.000000 276.500000
v -221.581741 -39.070839 276.500000
v -211.430847 -76.954529 276.500000
v -194.855713 -112.500000 276.500000
v -172.360001 -144.627213 276.500000
v -144.627213 -172.360001 276.500000
v -112.500000 -194.855713 276.500000
v -76.954529 -211.430847 276.500000
v -39.070839 -221.581741 276.500000
v -0.000000 -225.000000 276.500000
v 39.070839 -221.581741 276.500000
v 76.954529 -211.430847 276.500000
v 112.500000 -194.855713 276.500000
v 144.627213 -172.360001 276.500000
v 172.360001 -144.627213 276.500000
v 194.855713 -112.500000 276.500000
v 211.430847 -76.954529 276.500000
v 221.581741 -39.070839 276.500000
v 202.500000 0.000000 276.500000
v 199.423569 -35.163757 276.500000
v 190.287750 -69.259079 276.500000
v 175.370148 -101.250000 276.500000
v 155.123993 -130.164490 276.500000
v 130.164490 -155.123993 276.500000
v 101.250000 -175.370148 276.500000
v 69.259079 -190.287750 276.500000
v 35.163757 -199.423569 276.500000
v 0.000000 -202.500000 276.500000
v -35.163757 -199.423569 276.500000
v -69.259079 -190.287750 276.500000
v -101.250000 -175.370148 276.500000
v -130.164490 -155.123993 276.500000
v -155.123993 -130.164490 276.500000
v -175.370148 -101.250000 276.500000
v -190.287750 -69.259079 276.500000
v -199.423569 -35.163757 276.500000
v -202.500000 0.000000 276.500000
v -199.423569 35.163757 276.500000
v -190.287750 69.259079 276.500000
v -175.370148 101.250000 276.500000
v -155.123993 130.164490 276.500000
v -130.164490 155.123993 276.500000
v -101.250000 175.370148 276.500000
v -69.259079 190.287750 276.500000
v -35.163757 199.423569 276.500000
v -0.000000 202.500000 276.500000
v 35.163757 199.423569 276.500000
v 69.259079 190.287750 276.500000
v 101.250000 175.370148 276.500000
v 130.164490 155.123993 276.500000
v 155.123993 130.164490 276.500000
v 175.370148 101.250000 276.500000
v 190.287750 69.259079 276.500000
v 199.423569 35.163757 276.500000
vn 0.000000 0.000000 1.000000
vn 0.000000 0.000000 1.000000
vn 0.000000 0.000000 1.000000
vn 0.000000 0.000000 1.000000
vn 0.000000 0.000000 1.000000
vn 0.000000 0.000000 1.000000
vn 0.000000 0.000000 1.000000
vn 0.000000 0.000000 1.000000
vn 0.000000 0.000000 1.000000
vn 0.000000 0.000000 1.000000
vn 0.000000 0.000000 1.000000
vn 0.000000 0.000000 1.000000
vn 0.000000 0.000000 1.000000
vn 0.000000 0.000000 1.000000
vn 0.000000 0.000000 1.000000
vn 0.000000 0.000000 1.000000
vn 0.000000 0.000000 1.000000
vn 0.000000 0.000000 1.000000
vn 0.000000 0.000000 1.000000
vn 0.000000 0.000000 1.000000
vn 0.000000 0.000000 1.000000
vn 0.000000 0.000000 1.000000
vn 0.000000 0.000000 1.000000
vn 0.000000 0.000000 1.000000
vn 0.000000 0.000000 1.000000
vn 0.000000 0.000000 1.000000
vn 0.000000 0.000000 1.000000
vn 0.000000 0.000000 1.000000
vn 0.000000 0.000000 1.000000
vn 0.000000 0.000000 1.000000
vn 0.000000 0.000000 1.000000
vn 0.000000 0.000000 1.000000
vn 0.000000 0.000000 1.000000
vn 0.000000 0.000000 1.000000
vn 0.000000 0.000000 1.000000
vn 0.000000 0.000000 1.000000
vn 0.000000 0.000000 1.000000
vn 0.000000 0.000000 1.000000
vn 0.000000 0.000000 1.000000
vn 0.000000 0.000000 1.000000
vn 0.000000 0.000000 1.000000
vn 0.000000 0.000000 1.000000
vn 0.000000 0.000000 1.000000
vn 0.000000 0.000000 1.000000
vn 0.000000 0.000000 1.000000
vn 0.000000 0.000000 1.000000
vn 0.000000 0.000000 1.000000
vn 0.000000 0.000000 1.000000
vn 0.000000 0.000000 1.000000
vn 0.000000 0.000000 1.000000
vn 0.000000 0.000000 1.000000
vn 0.000000 0.000000 1.000000
vn 0.000000 0.000000 1.000000
vn 0.000000 0.000000 1.000000
vn 0.000000 0.000000 1.000000
vn 0.000000 0.000000 1.000000
vn 0.000000 0.000000 1.000000
vn 0.000000 0.000000 1.000000
vn 0.000000 0.000000 1.000000
vn 0.000000 0.000000 1.000000
vn 0.000000 0.000000 1.000000
vn 0.000000 0.000000 1.000000
vn 0.000000 0.000000 1.000000
vn 0.000000 0.000000 1.000000
vn 0.000000 0.000000 1.000000
vn 0.000000 0.000000 1.000000
vn 0.000000 0.000000 1.000000
vn 0.000000 0.000000 1.000000
vn 0.000000 0.000000 1.000000
vn 0.000000 0.000000 1.000000
vn 0.000000 0.000000 1.000000
vn 0.000000 0.000000 1.000000
f 311//311 283//283 284//284
f 310//310 284//284 285//285
f 310//310 311//311 284//284
f 312//312 282//282 283//283
f 312//312 283//283 311//311
f 309//309 285//285 286//286
f 309//309 310//310 285//285
f 313//313 281//281 282//282
f 313//313 282//282 312//312
f 308//308 286//286 287//287
f 308//308 309//309 286//286
f 314//314 280//280 281//281
f 314//314 281//281 313//313
f 307//307 308//308 287//287
f 288//288 307//307 287//287
f 315//315 280//280 314//314
f 315//315 279//279 280//280
f 306//306 307//307 288//288
f 289//289 306//306 288//288
f 316//316 279//279 315//315
f 316//316 278//278 279//279
f 305//305 306//306 289//289
f 290//290 305//305 289//289
f 317//317 277//277 278//278
f 317//317 278//278 316//316
f 304//304 305//305 290//290
f 291//291 304//304 290//290
f 318//318 277//277 317//317
f 318//318 276//276 277//277
f 303//303 304//304 291//291
f 292//292 303//303 291//291
f 319//319 275//275 276//276
f 319//319 276//276 318//318
f 302//302 303//303 292//292
f 320//320 275//275 319//319
f 293//293 302//302 292//292
f 293//293 301//301 302//302
f 274//274 275//275 320//320
f 321//321 274//274 320//320
f 294//294 300//300 301//301
f 294//294 301//301 293//293
f 273//273 274//274 321//321
f 295//295 299//299 300//300
f 295//295 300//300 294//294
f 272//272 321//321 322//322
f 272//272 273//273 321//321
f 323//323 272//272 322//322
f 296//296 298//298 299//299
f 296//296 299//299 295//295
f 271//271 272//272 323//323
f 270//270 323//323 324//324
f 270//270 271//271 323//323
f 261//261 297//297 298//298
f 261//261 298//298 296//296
f 325//325 270//270 324//324
f 269//269 270//270 325//325
f 262//262 332//332 297//297
f 262//262 297//297 261//261
f 268//268 325//325 326//326
f 268//268 326//326 327//327
f 268//268 269//269 325//325
f 263//263 331//331 332//332
f 263//263 332//332 262//262
f 264//264 330//330 331//331
f 264//264 331//331 263//263
f 267//267 268//268 327//327
f 265//265 330//330 264//264
f 265//265 329//329 330//330
f 266//266 267//267 327//327
f 266//266 329//329 265//265
f 266//266 327//327 328//328
f 266//266 328//328 329//329
v -225.000000 0.000000 212.500000
v -225.000000 -0.000000 276.500000
v 225.000000 -0.000000 276.500000
v 221.581741 39.070839 276.500000
v 211.430847 76.954529 276.500000
v 194.855713 112.500000 276.500000
v 172.360001 144.627213 276.500000
v 144.627213 172.360001 276.500000
v 112.500000 194.855713 276.500000
v 76.954529 211.430847 276.500000
v 39.070839 221.581741 276.500000
v 0.000000 225.000000 276.500000
v -39.070839 221.581741 276.500000
v -76.954529 211.430847 276.500000
v -112.500000 194.855713 276.500000
v -144.627213 172.360001 276.500000
v -172.360001 144.627213 276.500000
v -194.855713 112.500000 276.500000
v -211.430847 76.954529 276.500000
v -221.581741 39.070839 276.500000
v 225.000000 0.000000 212.500000
v 221.581741 39.070839 212.500000
v 211.430847 76.954529 212.500000
v 194.855713 112.500000 212.500000
v 172.360001 144.627213 212.500000
v 144.627213 172.360001 212.500000
v 112.500000 194.855713 212.500000
v 76.954529 211.430847 212.500000
v 39.070839 221.581741 212.500000
v 0.000000 225.000000 212.500000
v -39.070839 221.581741 212.500000
v -76.954529 211.430847 212.500000
v -112.500000 194.855713 212.500000
v -144.627213 172.360001 212.500000
v -172.360001 144.627213 212.500000
v -194.855713 112.500000 212.500000
v -211.430847 76.954529 212.500000
v -221.581741 39.070839 212.500000
vn -1.000000 0.000000 0.000000
vn -1.000000 0.000000 0.000000
vn 1.000000 0.000000 -0.000000
vn 0.984808 0.173648 -0.000000
vn 0.939693 0.342020 -0.000000
vn 0.866025 0.500000 -0.000000
vn 0.766044 0.642788 -0.000000
vn 0.642788 0.766044 -0.000000
vn 0.500000 0.866025 -0.000000
vn 0.342020 0.939693 -0.000000
vn 0.173648 0.984808 -0.000000
vn 0.000000 1.000000 -0.000000
vn -0.173648 0.984808 0.000000
vn -0.342020 0.939693 0.000000
vn -0.500000 0.866025 0.000000
vn -0.642788 0.766044 0.000000
vn -0.766044 0.642788 0.000000
vn -0.866025 0.500000 0.000000
vn -0.939693 0.342020 0.000000
vn -0.984808 0.173648 0.000000
vn 1.000000 0.000000 -0.000000
vn 0.984808 0.173648 -0.000000
vn 0.939693 0.342020 -0.000000
vn 0.866025 0.500000 -0.000000
vn 0.766044 0.642788 -0.000000
vn 0.642788 0.766044 -0.000000
vn 0.500000 0.866025 -0.000000
vn 0.342020 0.939693 -0.000000
vn 0.173648 0.984808 -0.000000
vn 0.000000 1.000000 -0.000000
vn -0.173648 0.984808 0.000000
vn -0.342020 0.939693 0.000000
vn -0.500000 0.866025 0.000000
vn -0.642788 0.766044 0.000000
vn -0.766044 0.642788 0.000000
vn -0.866025 0.500000 0.000000
vn -0.939693 0.342020 0.000000
vn -0.984808 0.173648 0.000000
f 336//336 335//335 353//353
f 336//336 353//353 354//354
f 336//336 354//354 355//355
f 337//337 336//336 355//355
f 338//338 355//355 356//356
f 338//338 337//337 355//355
f 339//339 356//356 357//357
f 339//339 338//338 356//356
f 340//340 357//357 358//358
f 340//340 339//339 357//357
f 341//341 358//358 359//359
f 341//341 340//340 358//358
f 342//342 359//359 360//360
f 342//342 360//360 361//361
f 342//342 341//341 359//359
f 343//343 342//342 361//361
f 344//344 361//361 362//362
f 344//344 343//343 361//361
f 345//345 362//362 363//363
f 345//345 344//344 362//362
f 346//346 363//363 364//364
f 346//346 345//345 363//363
f 347//347 364//364 365//365
f 347//347 365//365 366//366
f 347//347 346//346 364//364
f 348//348 347//347 366//366
f 349//349 366//366 367//367
f 349//349 348//348 366//366
f 350//350 349//349 367//367
f 350//350 367//367 368//368
f 350//350 368//368 369//369
f 351//351 350//350 369//369
f 352//352 351//351 369//369
f 352//352 369//369 370//370
f 334//334 352//352 370//370
f 334//334 370//370 333//333
v 225.000000 0.000000 212.500000
v 225.000000 -0.000000 276.500000
v -225.000000 -0.000000 276.500000
v -221.581741 -39.070839 276.500000
v -211.430847 -76.954529 276.500000
v -194.855713 -112.500000 276.500000
v -172.360001 -144.627213 276.500000
v -144.627213 -172.360001 276.500000
v -112.500000 -194.855713 276.500000
v -76.954529 -211.430847 276.500000
v -39.070839 -221.581741 276.500000
v -0.000000 -225.000000 276.500000
v 39.070839 -221.581741 276.500000
v 76.954529 -211.430847 276.500000
v 112.500000 -194.855713 276.500000
v 144.627213 -172.360001 276.500000
v 172.360001 -144.627213 276.500000
v 194.855713 -112.500000 276.500000
v 211.430847 -76.954529 276.500000
v 221.581741 -39.070839 276.500000
v -225.000000 0.000000 212.500000
v -221.581741 -39.070839 212.500000
v -211.430847 -76.954529 212.500000
v -194.855713 -112.500000 212.500000
v -172.360001 -144.627213 212.500000
v -144.627213 -172.360001 212.500000
v -112.500000 -194.855713 212.500000
v -76.954529 -211.430847 212.500000
v -39.070839 -221.581741 212.500000
v -0.000000 -225.000000 212.500000
v 39.070839 -221.581741 212.500000
v 76.954529 -211.430847 212.500000
v 112.500000 -194.855713 212.500000
v 144.627213 -172.360001 212.500000
v 172.360001 -144.627213 212.500000
v 194.855713 -112.500000 212.500000
v 211.430847 -76.954529 212.500000
v 221.581741 -39.070839 212.500000
vn 1.000000 -0.000000 0.000000
vn 1.000000 -0.000000 0.000000
vn -1.000000 0.000000 0.000000
vn -0.984808 -0.173648 0.000000
vn -0.939693 -0.342020 0.000000
vn -0.866025 -0.500000 0.000000
vn -0.766044 -0.642788 0.000000
vn -0.642788 -0.766044 0.000000
vn -0.500000 -0.866025 0.000000
vn -0.342020 -0.939693 0.000000
vn -0.173648 -0.984808 0.000000
vn -0.000000 -1.000000 0.000000
vn 0.173648 -0.984808 0.000000
vn 0.342020 -0.939693 0.000000
vn 0.500000 -0.866025 0.000000
vn 0.642788 -0.766044 0.000000
vn 0.766044 -0.642788 0.000000
vn 0.866025 -0.500000 0.000000
vn 0.939693 -0.342020 0.000000
vn 0.984808 -0.173648 0.000000
vn -1.000000 0.000000 0.000000
vn -0.984808 -0.173648 0.000000
vn -0.939693 -0.342020 0.000000
vn -0.866025 -0.500000 0.000000
vn -0.766044 -0.642788 0.000000
vn -0.642788 -0.766044 0.000000
vn -0.500000 -0.866025 0.000000
vn -0.342020 -0.939693 0.000000
vn -0.173648 -0.984808 0.000000
vn -0.000000 -1.000000 0.000000
vn 0.173648 -0.984808 0.000000
vn 0.342020 -0.939693 0.000000
vn 0.500000 -0.866025 0.000000
vn 0.642788 -0.766044 0.000000
vn 0.766044 -0.642788 0.000000
vn 0.866025 -0.500000 0.000000
vn 0.939693 -0.342020 0.000000
vn 0.984808 -0.173648 0.000000
f 374//374 373//373 391//391
f 374//374 391//391 392//392
f 375//375 392//392 393//393
f 375//375 374//374 392//392
f 376//376 393//393 394//394
f 376//376 375//375 393//393
f 377//377 394//394 395//395
f 377//377 376//376 394//394
f 378//378 395//395 396//396
f 378//378 396//396 397//397
f 378//378 377//377 395//395
f 379//379 378//378 397//397
f 380//380 397//397 398//398
f 380//380 379//379 397//397
f 381//381 398//398 399//399
f 381//381 380//380 398//398
f 382//382 399//399 400//400
f 382//382 381//381 399//399
f 383//383 400//400 401//401
f 383//383 382//382 400//400
f 384//384 401//401 402//402
f 384//384 402//402 403//403
f 384//384 383//383 401//401
f 385//385 384//384 403//403
f 386//386 403//403 404//404
f 386//386 385//385 403//403
f 387//387 404//404 405//405
f 387//387 386//386 404//404
f 388//388 387//387 405//405
f 388//388 405//405 406//406
f 388//388 406//406 407//407
f 389//389 388//388 407//407
f 390//390 389//389 407//407
f 390//390 407//407 408//408
f 390//390 408//408 371//371
f 372//372 390//390 371//371
usemtl mat_2
v 28.830095 -226.169907 212.500000
v 64.592247 -218.659195 212.500000
v 98.695190 -205.531647 212.500000
v 130.262878 -187.124512 212.500000
v 158.484451 -163.910583 212.500000
v 182.634933 -136.486206 212.500000
v 202.093964 -105.555817 212.500000
v 216.361694 -71.913963 212.500000
v 225.071625 -36.424816 212.500000
v 228.000000 -0.000000 212.500000
v 224.536163 39.591785 212.500000
v 214.249924 77.980591 212.500000
v 197.453796 114.000000 212.500000
v 174.658127 146.555573 212.500000
v 146.555573 174.658127 212.500000
v 114.000000 197.453796 212.500000
v 77.980591 214.249924 212.500000
v 39.591785 224.536163 212.500000
v -0.000000 228.000000 212.500000
v -39.591785 224.536163 212.500000
v -77.980591 214.249924 212.500000
v -114.000000 197.453796 212.500000
v -146.555573 174.658127 212.500000
v -174.658127 146.555573 212.500000
v -197.453796 114.000000 212.500000
v -214.249924 77.980591 212.500000
v -224.536163 39.591785 212.500000
v -228.000000 -0.000000 212.500000
v -225.071625 -36.424816 212.500000
v -216.361694 -71.913963 212.500000
v -202.093964 -105.555817 212.500000
v -182.634933 -136.486206 212.500000
v -158.484451 -163.910583 212.500000
v -130.262878 -187.124512 212.500000
v -98.695190 -205.531647 212.500000
v -64.592247 -218.659195 212.500000
v -28.830095 -226.169907 212.500000
v -23.000000 -232.000000 212.500000
v 23.000000 -232.000000 212.500000
v -225.000000 0.000000 212.500000
v -221.581741 -39.070839 212.500000
v -211.430847 -76.954529 212.500000
v -194.855713 -112.500000 212.500000
v -172.360001 -144.627213 212.500000
v -144.627213 -172.360001 212.500000
v -112.500000 -194.855713 212.500000
v -76.954529 -211.430847 212.500000
v -39.070839 -221.581741 212.500000
v -0.000000 -225.000000 212.500000
v 39.070839 -221.581741 212.500000
v 76.954529 -211.430847 212.500000
v 112.500000 -194.855713 212.500000
v 144.627213 -172.360001 212.500000
v 172.360001 -144.627213 212.500000
v 194.855713 -112.500000 212.500000
v 211.430847 -76.954529 212.500000
v 221.581741 -39.070839 212.500000
v 225.000000 0.000000 212.500000
v 221.581741 39.070839 212.500000
v 211.430847 76.954529 212.500000
v 194.855713 112.500000 212.500000
v 172.360001 144.627213 212.500000
v 144.627213 172.360001 212.500000
v 112.500000 194.855713 212.500000
v 76.954529 211.430847 212.500000
v 39.070839 221.581741 212.500000
v 0.000000 225.000000 212.500000
v -39.070839 221.581741 212.500000
v -76.954529 211.430847 212.500000
v -112.500000 194.855713 212.500000
v -144.627213 172.360001 212.500000
v -172.360001 144.627213 212.500000
v -194.855713 112.500000 212.500000
v -211.430847 76.954529 212.500000
v -221.581741 39.070839 212.500000
vn 0.000000 0.000000 1.000000
vn 0.000000 0.000000 1.000000
vn 0.000000 0.000000 1.000000
vn 0.000000 0.000000 1.000000
vn 0.000000 0.000000 1.000000
vn 0.000000 0.000000 1.000000
vn 0.000000 0.000000 1.000000
vn 0.000000 0.000000 1.000000
vn 0.000000 0.000000 1.000000
vn 0.000000 0.000000 1.000000
vn 0.000000 0.000000 1.000000
vn 0.000000 0.000000 1.000000
vn 0.000000 0.000000 1.000000
vn 0.000000 0.000000 1.000000
vn 0.000000 0.000000 1.000000
vn 0.000000 0.000000 1.000000
vn 0.000000 0.000000 1.000000
vn 0.000000 0.000000 1.000000
vn 0.000000 0.000000 1.000000
vn 0.000000 0.000000 1.000000
vn 0.000000 0.000000 1.000000
vn 0.000000 0.000000 1.000000
vn 0.000000 0.000000 1.000000
vn 0.000000 0.000000 1.000000
vn 0.000000 0.000000 1.000000
vn 0.000000 0.000000 1.000000
vn 0.000000 0.000000 1.000000
vn 0.000000 0.000000 1.000000
vn 0.000000 0.000000 1.000000
vn 0.000000 0.000000 1.000000
vn 0.000000 0.000000 1.000000
vn 0.000000 0.000000 1.000000
vn 0.000000 0.000000 1.000000
vn 0.000000 0.000000 1.000000
vn 0.000000 0.000000 1.000000
vn 0.000000 0.000000 1.000000
vn 0.000000 0.000000 1.000000
vn 0.000000 0.000000 1.000000
vn 0.000000 0.000000 1.000000
vn 0.000000 0.000000 1.000000
vn 0.000000 0.000000 1.000000
vn 0.000000 0.000000 1.000000
vn 0.000000 0.000000 1.000000
vn 0.000000 0.000000 1.000000
vn 0.000000 0.000000 1.000000
vn 0.000000 0.000000 1.000000
vn 0.000000 0.000000 1.000000
vn 0.000000 0.000000 1.000000
vn 0.000000 0.000000 1.000000
vn 0.000000 0.000000 1.000000
vn 0.000000 0.000000 1.000000
vn 0.000000 0.000000 1.000000
vn 0.000000 0.000000 1.000000
vn 0.000000 0.000000 1.000000
vn 0.000000 0.000000 1.000000
vn 0.000000 0.000000 1.000000
vn 0.000000 0.000000 1.000000
vn 0.000000 0.000000 1.000000
vn 0.000000 0.000000 1.000000
vn 0.000000 0.000000 1.000000
vn 0.000000 0.000000 1.000000
vn 0.000000 0.000000 1.000000
vn 0.000000 0.000000 1.000000
vn 0.000000 0.000000 1.000000
vn 0.000000 0.000000 1.000000
vn 0.000000 0.000000 1.000000
vn 0.000000 0.000000 1.000000
vn 0.000000 0.000000 1.000000
vn 0.000000 0.000000 1.000000
vn 0.000000 0.000000 1.000000
vn 0.000000 0.000000 1.000000
vn 0.000000 0.000000 1.000000
vn 0.000000 0.000000 1.000000
vn 0.000000 0.000000 1.000000
vn 0.000000 0.000000 1.000000
f 453//453 441//441 442//442
f 452//452 440//440 441//441
f 452//452 441//441 453//453
f 454//454 453//453 442//442
f 451//451 439//439 440//440
f 451//451 440//440 452//452
f 443//443 454//454 442//442
f 455//455 454//454 443//443
f 450//450 439//439 451//451
f 438//438 439//439 450//450
f 444//444 455//455 443//443
f 456//456 455//455 444//444
f 449//449 438//438 450//450
f 449//449 437//437 438//438
f 457//457 456//456 445//445
f 457//457 445//445 446//446
f 448//448 437//437 449//449
f 448//448 436//436 437//437
f 447//447 457//457 446//446
f 409//409 457//457 447//447
f 458//458 457//457 409//409
f 483//483 436//436 448//448
f 483//483 435//435 436//436
f 459//459 458//458 410//410
f 482//482 435//435 483//483
f 482//482 434//434 435//435
f 411//411 459//459 410//410
f 460//460 459//459 411//411
f 481//481 433//433 434//434
f 481//481 434//434 482//482
f 412//412 460//460 411//411
f 461//461 460//460 412//412
f 480//480 432//432 433//433
f 480//480 433//433 481//481
f 413//413 461//461 412//412
f 462//462 461//461 413//413
f 479//479 432//432 480//480
f 431//431 432//432 479//479
f 414//414 462//462 413//413
f 463//463 462//462 414//414
f 430//430 431//431 479//479
f 430//430 479//479 478//478
f 415//415 463//463 414//414
f 464//464 463//463 415//415
f 429//429 430//430 478//478
f 429//429 478//478 477//477
f 416//416 464//464 415//415
f 465//465 464//464 416//416
f 428//428 477//477 476//476
f 428//428 429//429 477//477
f 417//417 465//465 416//416
f 466//466 465//465 417//417
f 427//427 476//476 475//475
f 427//427 428//428 476//476
f 418//418 466//466 417//417
f 426//426 475//475 474//474
f 426//426 427//427 475//475
f 419//419 467//467 466//466
f 419//419 466//466 418//418
f 425//425 474//474 473//473
f 425//425 426//426 474//474
f 420//420 467//467 419//419
f 420//420 468//468 467//467
f 424//424 425//425 473//473
f 424//424 473//473 472//472
f 421//421 468//468 420//420
f 421//421 469//469 468//468
f 422//422 469//469 421//421
f 422//422 470//470 469//469
f 423//423 424//424 472//472
f 423//423 470//470 422//422
f 423//423 471//471 470//470
f 423//423 472//472 471//471
f 409//409 410//410 458//458
f 444//444 445//445 456//456
v 228.000000 -0.000000 162.500000
v 228.000000 -0.000000 212.500000
v 28.830095 -226.169907 212.500000
v 64.592247 -218.659195 212.500000
v 98.695190 -205.531647 212.500000
v 130.262878 -187.124512 212.500000
v 158.484451 -163.910583 212.500000
v 182.634933 -136.486206 212.500000
v 202.093964 -105.555817 212.500000
v 216.361694 -71.913963 212.500000
v 225.071625 -36.424816 212.500000
v 28.830095 -226.169907 169.000000
v 56.925694 -220.779221 169.000000
v 84.125069 -211.912659 169.000000
v 110.000000 -199.709793 169.000000
v 110.000000 -199.709793 162.500000
v 139.057083 -180.685165 162.500000
v 164.887436 -157.467880 162.500000
v 186.891708 -130.596664 162.500000
v 204.559296 -100.695053 162.500000
v 217.480240 -68.456886 162.500000
v 225.354721 -34.630226 162.500000
vn 1.000000 -0.000000 0.000000
vn 1.000000 -0.000000 0.000000
vn 0.126448 -0.991973 0.000000
vn 0.283299 -0.959032 0.000000
vn 0.432874 -0.901455 0.000000
vn 0.571328 -0.820722 0.000000
vn 0.695107 -0.718906 0.000000
vn 0.801030 -0.598624 0.000000
vn 0.886377 -0.462964 0.000000
vn 0.948955 -0.315412 0.000000
vn 0.987156 -0.159758 0.000000
vn 0.126448 -0.991973 0.000000
vn 0.249674 -0.968330 0.000000
vn 0.368970 -0.929441 0.000000
vn 0.482456 -0.875920 0.000000
vn 0.482456 -0.875920 0.000000
vn 0.609899 -0.792479 0.000000
vn 0.723191 -0.690649 0.000000
vn 0.819700 -0.572792 0.000000
vn 0.897190 -0.441645 0.000000
vn 0.953861 -0.300249 0.000000
vn 0.988398 -0.151887 0.000000
f 486//486 495//495 496//496
f 487//487 496//496 497//497
f 487//487 486//486 496//496
f 500//500 498//498 499//499
f 488//488 497//497 498//498
f 488//488 487//487 497//497
f 489//489 498//498 500//500
f 489//489 488//488 498//498
f 490//490 500//500 501//501
f 490//490 489//489 500//500
f 491//491 501//501 502//502
f 491//491 490//490 501//501
f 492//492 502//502 503//503
f 492//492 491//491 502//502
f 493//493 503//503 504//504
f 493//493 492//492 503//503
f 494//494 504//504 505//505
f 494//494 493//493 504//504
f 485//485 505//505 484//484
f 485//485 494//494 505//505
v -228.000000 0.000000 169.000000
v -228.000000 -0.000000 212.500000
v 228.000000 -0.000000 212.500000
v 224.536163 39.591785 212.500000
v 214.249924 77.980591 212.500000
v 197.453796 114.000000 212.500000
v 174.658127 146.555573 212.500000
v 146.555573 174.658127 212.500000
v 114.000000 197.453796 212.500000
v 77.980591 214.249924 212.500000
v 39.591785 224.536163 212.500000
v -0.000000 228.000000 212.500000
v -39.591785 224.536163 212.500000
v -77.980591 214.249924 212.500000
v -114.000000 197.453796 212.500000
v -146.555573 174.658127 212.500000
v -174.658127 146.555573 212.500000
v -197.453796 114.000000 212.500000
v -214.249924 77.980591 212.500000
v -224.536163 39.591785 212.500000
v 228.000000 -0.000000 162.500000
v 224.648804 38.947613 162.500000
v 214.693710 76.750298 162.500000
v 198.427383 112.296799 162.500000
v 176.328003 144.542160 162.500000
v 149.045181 172.538498 162.500000
v 117.380959 195.462814 162.500000
v 82.266144 212.641205 162.500000
v 44.733002 223.568695 162.500000
v 5.884862 227.924042 162.500000
v -33.136272 225.579224 162.500000
v -71.183311 216.603180 162.500000
v -107.137817 201.259750 162.500000
v -139.942841 180.000000 162.500000
v -139.942841 180.000000 169.000000
v -165.530563 156.791672 169.000000
v -187.318329 129.984009 169.000000
v -204.805969 100.192390 169.000000
v -217.592026 68.100739 169.000000
v -225.382980 34.445740 169.000000
vn -1.000000 0.000000 0.000000
vn -1.000000 0.000000 0.000000
vn 1.000000 0.000000 -0.000000
vn 0.984808 0.173648 -0.000000
vn 0.939693 0.342020 -0.000000
vn 0.866025 0.500000 -0.000000
vn 0.766044 0.642788 -0.000000
vn 0.642788 0.766044 -0.000000
vn 0.500000 0.866025 -0.000000
vn 0.342020 0.939693 -0.000000
vn 0.173648 0.984808 -0.000000
vn 0.000000 1.000000 -0.000000
vn -0.173648 0.984808 0.000000
vn -0.342020 0.939693 0.000000
vn -0.500000 0.866025 0.000000
vn -0.642788 0.766044 0.000000
vn -0.766044 0.642788 0.000000
vn -0.866025 0.500000 0.000000
vn -0.939693 0.342020 0.000000
vn -0.984808 0.173648 0.000000
vn 1.000000 0.000000 -0.000000
vn 0.985302 0.170823 -0.000000
vn 0.941639 0.336624 -0.000000
vn 0.870296 0.492530 -0.000000
vn 0.773368 0.633957 -0.000000
vn 0.653707 0.756748 -0.000000
vn 0.514829 0.857293 -0.000000
vn 0.360816 0.932637 -0.000000
vn 0.196197 0.980564 -0.000000
vn 0.025811 0.999667 -0.000000
vn -0.145335 0.989383 0.000000
vn -0.312208 0.950014 0.000000
vn -0.469903 0.882718 0.000000
vn -0.613784 0.789474 0.000000
vn -0.613784 0.789474 0.000000
vn -0.726011 0.687683 0.000000
vn -0.821572 0.570105 0.000000
vn -0.898272 0.439440 0.000000
vn -0.954351 0.298687 0.000000
vn -0.988522 0.151078 0.000000
f 508//508 526//526 527//527
f 509//509 527//527 528//528
f 509//509 508//508 527//527
f 510//510 528//528 529//529
f 510//510 509//509 528//528
f 511//511 529//529 530//530
f 511//511 510//510 529//529
f 512//512 530//530 531//531
f 512//512 511//511 530//530
f 513//513 531//531 532//532
f 513//513 512//512 531//531
f 514//514 532//532 533//533
f 514//514 513//513 532//532
f 515//515 533//533 534//534
f 515//515 514//514 533//533
f 516//516 534//534 535//535
f 516//516 515//515 534//534
f 517//517 535//535 536//536
f 517//517 516//516 535//535
f 518//518 536//536 537//537
f 518//518 517//517 536//536
f 519//519 537//537 538//538
f 519//519 518//518 537//537
f 540//540 538//538 539//539
f 520//520 519//519 538//538
f 520//520 538//538 540//540
f 521//521 540//540 541//541
f 521//521 520//520 540//540
f 522//522 521//521 541//541
f 522//522 541//541 542//542
f 523//523 522//522 542//542
f 523//523 542//542 543//543
f 524//524 523//523 543//543
f 524//524 543//543 544//544
f 525//525 524//524 544//544
f 525//525 544//544 545//545
f 507//507 525//525 545//545
f 507//507 545//545 506//506
v -228.000000 0.000000 169.000000
v -228.000000 -0.000000 212.500000
v -225.382980 -34.445740 169.000000
v -217.592026 -68.100739 169.000000
v -204.805969 -100.192390 169.000000
v -187.318329 -129.984009 169.000000
v -165.530563 -156.791672 169.000000
v -139.942841 -180.000000 169.000000
v -139.942841 -180.000000 162.500000
v -130.311310 -187.090790 162.500000
v -120.321205 -193.666748 162.500000
v -110.000000 -199.709793 162.500000
v -110.000000 -199.709793 169.000000
v -84.125069 -211.912659 169.000000
v -56.925694 -220.779221 169.000000
v -28.830095 -226.169907 169.000000
v -28.830095 -226.169907 212.500000
v -225.071625 -36.424816 212.500000
v -216.361694 -71.913963 212.500000
v -202.093964 -105.555817 212.500000
v -182.634933 -136.486206 212.500000
v -158.484451 -163.910583 212.500000
v -130.262878 -187.124512 212.500000
v -98.695190 -205.531647 212.500000
v -64.592247 -218.659195 212.500000
vn -1.000000 0.000000 0.000000
vn -1.000000 0.000000 0.000000
vn -0.988522 -0.151078 0.000000
vn -0.954351 -0.298687 0.000000
vn -0.898272 -0.439440 0.000000
vn -0.821572 -0.570105 0.000000
vn -0.726011 -0.687683 0.000000
vn -0.613784 -0.789474 0.000000
vn -0.613784 -0.789474 0.000000
vn -0.571541 -0.820574 0.000000
vn -0.527725 -0.849416 0.000000
vn -0.482456 -0.875920 0.000000
vn -0.482456 -0.875920 0.000000
vn -0.368970 -0.929441 0.000000
vn -0.249674 -0.968330 0.000000
vn -0.126448 -0.991973 0.000000
vn -0.126448 -0.991973 0.000000
vn -0.987156 -0.159758 0.000000
vn -0.948955 -0.315412 0.000000
vn -0.886377 -0.462964 0.000000
vn -0.801030 -0.598624 0.000000
vn -0.695107 -0.718906 0.000000
vn -0.571328 -0.820722 0.000000
vn -0.432874 -0.901455 0.000000
vn -0.283299 -0.959032 0.000000
f 547//547 546//546 548//548
f 563//563 548//548 549//549
f 563//563 547//547 548//548
f 564//564 549//549 550//550
f 564//564 563//563 549//549
f 565//565 550//550 551//551
f 565//565 564//564 550//550
f 555//555 553//553 554//554
f 566//566 551//551 552//552
f 566//566 565//565 551//551
f 558//558 555//555 556//556
f 558//558 556//556 557//557
f 558//558 553//553 555//555
f 567//567 552//552 553//553
f 567//567 566//566 552//552
f 568//568 567//567 553//553
f 568//568 553//553 558//558
f 569//569 558//558 559//559
f 569//569 568//568 558//558
f 570//570 559//559 560//560
f 570//570 569//569 559//559
f 562//562 560//560 561//561
f 562//562 570//570 560//560
v -10.000000 -245.000000 194.000000
v -10.000000 -245.000000 169.000000
v -14.000000 -241.000000 198.000000
v -23.000000 -232.000000 198.000000
v -23.000000 -232.000000 212.500000
v -28.830095 -226.169907 212.500000
v -28.830095 -226.169907 169.000000
vn -0.707107 -0.707107 0.000000
vn -0.707107 -0.707107 0.000000
vn -0.707107 -0.707107 0.000000
vn -0.707107 -0.707107 0.000000
vn -0.707107 -0.707107 0.000000
vn -0.707107 -0.707107 0.000000
vn -0.707107 -0.707107 0.000000
f 574//574 577//577 572//572
f 576//576 577//577 574//574
f 571//571 573//573 574//574
f 571//571 574//574 572//572
f 575//575 576//576 574//574
v 23.000000 -232.000000 198.000000
v -23.000000 -232.000000 198.000000
v 23.000000 -232.000000 212.500000
v -23.000000 -232.000000 212.500000
vn 0.000000 -1.000000 0.000000
vn 0.000000 -1.000000 0.000000
vn 0.000000 -1.000000 0.000000
vn 0.000000 -1.000000 0.000000
f 578//578 580//580 581//581
f 578//578 581//581 579//579
v 23.000000 -232.000000 198.000000
v 14.000000 -241.000000 198.000000
v 10.000000 -245.000000 194.000000
v 10.000000 -245.000000 169.000000
v 28.830095 -226.169907 169.000000
v 28.830095 -226.169907 212.500000
v 23.000000 -232.000000 212.500000
vn 0.707107 -0.707107 0.000000
vn 0.707107 -0.707107 0.000000
vn 0.707107 -0.707107 0.000000
vn 0.707107 -0.707107 0.000000
vn 0.707107 -0.707107 0.000000
vn 0.707107 -0.707107 0.000000
vn 0.707107 -0.707107 0.000000
f 582//582 583//583 584//584
f 582//582 584//584 585//585
f 582//582 585//585 586//586
f 587//587 588//588 582//582
f 587//587 582//582 586//586
v 28.830095 -226.169907 169.000000
v 10.000000 -245.000000 169.000000
v -10.000000 -245.000000 169.000000
v -28.830095 -226.169907 169.000000
v -110.000000 -199.709793 169.000000
v -84.125069 -211.912659 169.000000
v -56.925694 -220.779221 169.000000
v -110.000000 -306.600006 169.000000
v 110.000000 -306.600006 169.000000
v 110.000000 -199.709793 169.000000
v 56.925694 -220.779221 169.000000
v 84.125069 -211.912659 169.000000
vn 0.000000 0.000000 1.000000
vn 0.000000 0.000000 1.000000
vn 0.000000 0.000000 1.000000
vn 0.000000 0.000000 1.000000
vn 0.000000 0.000000 1.000000
vn 0.000000 0.000000 1.000000
vn 0.000000 0.000000 1.000000
vn 0.000000 0.000000 1.000000
vn 0.000000 0.000000 1.000000
vn 0.000000 0.000000 1.000000
vn 0.000000 0.000000 1.000000
vn 0.000000 0.000000 1.000000
f 594//594 593//593 596//596
f 595//595 594//594 596//596
f 591//591 592//592 595//595
f 591//591 595//595 596//596
f 590//590 591//591 596//596
f 597//597 590//590 596//596
f 599//599 589//589 590//590
f 599//599 590//590 597//597
f 600//600 599//599 597//597
f 598//598 600//600 597//597
v 110.000000 -300.000000 35.000000
v 110.000000 -300.000000 10.000000
v 110.000000 -279.105713 35.000000
v 110.000000 -239.907516 98.885406
v 110.000000 -199.709793 162.500000
v 110.000000 -199.709793 169.000000
v 110.000000 -306.600006 169.000000
v 110.000000 -306.600006 10.000000
vn 1.000000 0.000000 -0.000000
vn 1.000000 0.000000 -0.000000
vn 1.000000 0.000000 -0.000000
vn 1.000000 0.000000 -0.000000
vn 1.000000 0.000000 -0.000000
vn 1.000000 0.000000 -0.000000
vn 1.000000 0.000000 -0.000000
vn 1.000000 0.000000 -0.000000
f 605//605 606//606 607//607
f 604//604 605//605 607//607
f 601//601 604//604 607//607
f 608//608 601//601 607//607
f 603//603 604//604 601//601
f 602//602 601//601 608//608
v 228.000000 -0.000000 162.500000
v 285.882355 0.000000 60.000000
v 110.000000 -199.709793 162.500000
v 139.057083 -180.685165 162.500000
v 164.887436 -157.467880 162.500000
v 186.891708 -130.596664 162.500000
v 204.559296 -100.695053 162.500000
v 217.480240 -68.456886 162.500000
v 225.354721 -34.630226 162.500000
v 110.000000 -279.105713 35.000000
v 110.000000 -239.907516 98.885406
v 286.338531 -89.500000 35.000000
v 269.914032 -130.944321 35.000000
v 247.529251 -169.497101 35.000000
v 219.678482 -204.307022 35.000000
v 186.976746 -234.605408 35.000000
v 150.146149 -259.723175 35.000000
v 278.511169 -64.500000 60.000000
v 285.060181 -21.665918 60.000000
v 282.598389 -43.207218 60.000000
v 256.491180 -62.516148 98.750000
v 234.391907 -121.476074 98.750000
v 198.959244 -173.525833 98.750000
v 152.208817 -215.704605 98.750000
vn 0.870754 0.000000 0.491720
vn 0.870754 0.000000 0.491720
vn 0.420100 -0.762711 0.491720
vn 0.531072 -0.690054 0.491720
vn 0.629721 -0.601385 0.491720
vn 0.713757 -0.498761 0.491720
vn 0.781231 -0.384564 0.491720
vn 0.830578 -0.261443 0.491720
vn 0.860651 -0.132256 0.491720
vn 0.319276 -0.810108 0.491720
vn 0.362919 -0.791518 0.491720
vn 0.831101 -0.259775 0.491720
vn 0.783429 -0.380067 0.491720
vn 0.718457 -0.491967 0.491720
vn 0.637619 -0.593004 0.491720
vn 0.542702 -0.680945 0.491720
vn 0.435801 -0.753850 0.491720
vn 0.848302 -0.196457 0.491720
vn 0.868249 -0.065991 0.491720
vn 0.860751 -0.131603 0.491720
vn 0.845987 -0.206198 0.491720
vn 0.773097 -0.400666 0.491720
vn 0.656229 -0.572342 0.491720
vn 0.502032 -0.711460 0.491720
f 621//621 620//620 626//626
f 618//618 625//625 619//619
f 629//629 610//610 609//609
f 629//629 617//617 616//616
f 629//629 609//609 617//617
f 629//629 627//627 610//610
f 629//629 628//628 627//627
f 629//629 626//626 628//628
f 630//630 615//615 614//614
f 630//630 616//616 615//615
f 630//630 622//622 621//621
f 630//630 629//629 616//616
f 630//630 621//621 626//626
f 630//630 626//626 629//629
f 631//631 614//614 613//613
f 631//631 623//623 622//622
f 631//631 624//624 623//623
f 631//631 622//622 630//630
f 631//631 630//630 614//614
f 632//632 612//612 611//611
f 632//632 613//613 612//612
f 632//632 611//611 619//619
f 632//632 625//625 624//624
f 632//632 631//631 613//613
f 632//632 624//624 631//631
f 632//632 619//619 625//625
v 228.000000 -0.000000 162.500000
v 285.882355 0.000000 60.000000
v 278.511169 64.500000 60.000000
v 282.598389 43.207218 60.000000
v 285.060181 21.665918 60.000000
v 285.328247 92.670311 35.000000
v -0.000000 300.000000 35.000000
v 46.934856 296.305786 35.000000
v 92.713799 285.314117 35.000000
v 136.209366 267.295715 35.000000
v 176.350372 242.694351 35.000000
v 212.148193 212.115875 35.000000
v 242.721222 176.313385 35.000000
v 267.316498 136.168625 35.000000
v -240.000000 180.000000 35.000000
v -209.431198 214.798904 35.000000
v -173.869995 244.477448 35.000000
v -134.164078 268.328156 35.000000
v -91.259972 285.782471 35.000000
v -46.180408 296.424316 35.000000
v -139.942841 180.000000 162.500000
v -186.543686 179.999710 107.202843
v 224.648804 38.947613 162.500000
v 214.693710 76.750298 162.500000
v 198.427383 112.296799 162.500000
v 176.328003 144.542160 162.500000
v 149.045181 172.538498 162.500000
v 117.380959 195.462814 162.500000
v 82.266144 212.641205 162.500000
v 44.733002 223.568695 162.500000
v 5.884862 227.924042 162.500000
v -33.136272 225.579224 162.500000
v -71.183311 216.603180 162.500000
v -107.137817 201.259750 162.500000
v -159.712357 210.209335 98.750000
v -95.998825 245.927277 98.750000
v -24.936651 262.819641 98.750000
v 48.034412 259.593323 98.750000
v 117.328468 236.495300 98.750000
v 177.641098 195.293716 98.750000
v 224.355423 139.142532 98.750000
v 253.895477 72.340057 98.750000
vn 0.870754 0.000000 0.491720
vn 0.870754 0.000000 0.491720
vn 0.848302 0.196457 0.491720
vn 0.860751 0.131603 0.491720
vn 0.868249 0.065991 0.491720
vn 0.828169 0.268977 0.491720
vn -0.000000 0.870754 0.491720
vn 0.136229 0.860031 0.491720
vn 0.269103 0.828128 0.491720
vn 0.395349 0.775829 0.491720
vn 0.511859 0.704423 0.491720
vn 0.615763 0.615669 0.491720
vn 0.704501 0.511752 0.491720
vn 0.775889 0.395231 0.491720
vn -0.696603 0.522452 0.491720
vn -0.607877 0.623456 0.491720
vn -0.504660 0.709599 0.491720
vn -0.389413 0.778826 0.491720
vn -0.264883 0.829487 0.491720
vn -0.134039 0.860375 0.491720
vn -0.534455 0.687437 0.491720
vn -0.626608 0.604627 0.491720
vn 0.857955 0.148745 0.491720
vn 0.819936 0.293117 0.491720
vn 0.757813 0.428872 0.491720
vn 0.673413 0.552020 0.491720
vn 0.569218 0.658941 0.491720
vn 0.448289 0.746491 0.491720
vn 0.314182 0.812097 0.491720
vn 0.170840 0.853830 0.491720
vn 0.022475 0.870463 0.491720
vn -0.126551 0.861508 0.491720
vn -0.271856 0.827228 0.491720
vn -0.409169 0.768630 0.491720
vn -0.526781 0.693335 0.491720
vn -0.316634 0.811144 0.491720
vn -0.082249 0.866860 0.491720
vn 0.158432 0.856219 0.491720
vn 0.386986 0.780035 0.491720
vn 0.585915 0.644139 0.491720
vn 0.739994 0.458935 0.491720
vn 0.837426 0.238600 0.491720
f 648//648 647//647 654//654
f 638//638 646//646 635//635
f 634//634 637//637 633//633
f 667//667 649//649 648//648
f 667//667 650//650 649//649
f 667//667 654//654 653//653
f 667//667 653//653 666//666
f 667//667 648//648 654//654
f 668//668 651//651 650//650
f 668//668 666//666 665//665
f 668//668 650//650 667//667
f 668//668 667//667 666//666
f 669//669 652//652 651//651
f 669//669 639//639 652//652
f 669//669 664//664 663//663
f 669//669 665//665 664//664
f 669//669 668//668 665//665
f 669//669 651//651 668//668
f 670//670 640//640 639//639
f 670//670 641//641 640//640
f 670//670 662//662 661//661
f 670//670 663//663 662//662
f 670//670 669//669 663//663
f 670//670 639//639 669//669
f 671//671 642//642 641//641
f 671//671 643//643 642//642
f 671//671 661//661 660//660
f 671//671 670//670 661//661
f 671//671 641//641 670//670
f 672//672 644//644 643//643
f 672//672 645//645 644//644
f 672//672 659//659 658//658
f 672//672 660//660 659//659
f 672//672 643//643 671//671
f 672//672 671//671 660//660
f 673//673 646//646 645//645
f 673//673 657//657 656//656
f 673//673 658//658 657//657
f 673//673 645//645 672//672
f 673//673 672//672 658//658
f 674//674 633//633 637//637
f 674//674 636//636 635//635
f 674//674 637//637 636//636
f 674//674 655//655 633//633
f 674//674 656//656 655//655
f 674//674 673//673 656//656
f 674//674 646//646 673//673
f 674//674 635//635 646//646
v -265.000000 180.000000 169.000000
v -290.000000 180.000000 207.500000
v -139.942841 180.000000 169.000000
v -139.942841 180.000000 162.500000
v -186.543686 179.999710 107.202843
v -240.000000 180.000000 35.000000
v -313.000000 180.000000 35.000000
v -313.000000 180.000000 207.500000
vn -0.000000 1.000000 0.000000
vn -0.000000 1.000000 0.000000
vn -0.000000 1.000000 0.000000
vn -0.000000 1.000000 0.000000
vn -0.000000 1.000000 0.000000
vn -0.000000 1.000000 0.000000
vn -0.000000 1.000000 0.000000
vn -0.000000 1.000000 0.000000
f 677//677 678//678 679//679
f 675//675 679//679 680//680
f 675//675 680//680 681//681
f 675//675 677//677 679//679
f 682//682 676//676 675//675
f 682//682 675//675 681//681
v -370.000000 -77.000000 169.000000
v -361.000000 -102.500000 169.000000
v -393.000000 -77.000000 169.000000
v -393.000000 -43.577518 169.000000
v -402.000000 -0.000000 169.000000
v -400.987579 -14.889410 169.000000
v -397.968994 -29.505259 169.000000
v -393.000000 43.577518 169.000000
v -397.968964 29.505306 169.000000
v -400.987549 14.889365 169.000000
v -393.000000 77.000000 169.000000
v -370.000000 77.000000 169.000000
v -361.000000 102.500000 169.000000
v -265.000000 68.500000 169.000000
v -265.000000 180.000000 169.000000
v -139.942841 180.000000 169.000000
v -165.530563 156.791672 169.000000
v -187.318329 129.984009 169.000000
v -204.805969 100.192390 169.000000
v -217.592026 68.100739 169.000000
v -225.382980 34.445740 169.000000
v -228.000000 0.000000 169.000000
v -225.382980 -34.445740 169.000000
v -217.592026 -68.100739 169.000000
v -204.805969 -100.192390 169.000000
v -187.318329 -129.984009 169.000000
v -165.530563 -156.791672 169.000000
v -139.942841 -180.000000 169.000000
v -265.000000 -180.000000 169.000000
v -265.000000 -68.500000 169.000000
v -327.000000 -0.000000 169.000000
v -326.468262 6.077686 169.000000
v -324.889252 11.970705 169.000000
v -322.310883 17.500000 169.000000
v -318.811554 22.497566 169.000000
v -314.497559 26.811556 169.000000
v -309.500000 30.310888 169.000000
v -303.970703 32.889240 169.000000
v -298.077698 34.468273 169.000000
v -292.000000 35.000000 169.000000
v -285.922302 34.468273 169.000000
v -280.029297 32.889240 169.000000
v -274.500000 30.310888 169.000000
v -269.502441 26.811556 169.000000
v -265.188446 22.497566 169.000000
v -261.689117 17.500000 169.000000
v -259.110748 11.970705 169.000000
v -257.531738 6.077686 169.000000
v -257.000000 -0.000000 169.000000
v -257.531738 -6.077686 169.000000
v -259.110748 -11.970705 169.000000
v -261.689117 -17.500000 169.000000
v -265.188446 -22.497566 169.000000
v -269.502441 -26.811556 169.000000
v -274.500000 -30.310888 169.000000
v -280.029297 -32.889240 169.000000
v -285.922302 -34.468273 169.000000
v -292.000000 -35.000000 169.000000
v -298.077698 -34.468273 169.000000
v -303.970703 -32.889240 169.000000
v -309.500000 -30.310888 169.000000
v -314.497559 -26.811556 169.000000
v -318.811554 -22.497566 169.000000
v -322.310883 -17.500000 169.000000
v -324.889252 -11.970705 169.000000
v -326.468262 -6.077686 169.000000
vn -0.000000 -0.000000 1.000000
vn -0.000000 -0.000000 1.000000
vn -0.000000 -0.000000 1.000000
vn -0.000000 -0.000000 1.000000
vn -0.000000 -0.000000 1.000000
vn -0.000000 -0.000000 1.000000
vn -0.000000 -0.000000 1.000000
vn -0.000000 -0.000000 1.000000
vn -0.000000 -0.000000 1.000000
vn -0.000000 -0.000000 1.000000
vn -0.000000 -0.000000 1.000000
vn -0.000000 -0.000000 1.000000
vn -0.000000 -0.000000 1.000000
vn -0.000000 -0.000000 1.000000
vn -0.000000 -0.000000 1.000000
vn -0.000000 -0.000000 1.000000
vn -0.000000 -0.000000 1.000000
vn -0.000000 -0.000000 1.000000
vn -0.000000 -0.000000 1.000000
vn -0.000000 -0.000000 1.000000
vn -0.000000 -0.000000 1.000000
vn -0.000000 -0.000000 1.000000
vn -0.000000 -0.000000 1.000000
vn -0.000000 -0.000000 1.000000
vn -0.000000 -0.000000 1.000000
vn -0.000000 -0.000000 1.000000
vn -0.000000 -0.000000 1.000000
vn -0.000000 -0.000000 1.000000
vn -0.000000 -0.000000 1.000000
vn -0.000000 -0.000000 1.000000
vn -0.000000 -0.000000 1.000000
vn -0.000000 -0.000000 1.000000
vn -0.000000 -0.000000 1.000000
vn -0.000000 -0.000000 1.000000
vn -0.000000 -0.000000 1.000000
vn -0.000000 -0.000000 1.000000
vn -0.000000 -0.000000 1.000000
vn -0.000000 -0.000000 1.000000
vn -0.000000 -0.000000 1.000000
vn -0.000000 -0.000000 1.000000
vn -0.000000 -0.000000 1.000000
vn -0.000000 -0.000000 1.000000
vn -0.000000 -0.000000 1.000000
vn -0.000000 -0.000000 1.000000
vn -0.000000 -0.000000 1.000000
vn -0.000000 -0.000000 1.000000
vn -0.000000 -0.000000 1.000000
vn -0.000000 -0.000000 1.000000
vn -0.000000 -0.000000 1.000000
vn -0.000000 -0.000000 1.000000
vn -0.000000 -0.000000 1.000000
vn -0.000000 -0.000000 1.000000
vn -0.000000 -0.000000 1.000000
vn -0.000000 -0.000000 1.000000
vn -0.000000 -0.000000 1.000000
vn -0.000000 -0.000000 1.000000
vn -0.000000 -0.000000 1.000000
vn -0.000000 -0.000000 1.000000
vn -0.000000 -0.000000 1.000000
vn -0.000000 -0.000000 1.000000
vn -0.000000 -0.000000 1.000000
vn -0.000000 -0.000000 1.000000
vn -0.000000 -0.000000 1.000000
vn -0.000000 -0.000000 1.000000
vn -0.000000 -0.000000 1.000000
vn -0.000000 -0.000000 1.000000
f 711//711 709//709 708//708
f 711//711 710//710 709//709
f 707//707 711//711 708//708
f 712//712 706//706 705//705
f 712//712 707//707 706//706
f 712//712 711//711 707//707
f 736//736 712//712 705//705
f 736//736 705//705 735//735
f 737//737 712//712 736//736
f 734//734 735//735 705//705
f 738//738 712//712 737//737
f 733//733 705//705 704//704
f 733//733 734//734 705//705
f 739//739 712//712 738//738
f 732//732 733//733 704//704
f 740//740 712//712 739//739
f 731//731 732//732 704//704
f 741//741 712//712 740//740
f 741//741 684//684 712//712
f 730//730 731//731 704//704
f 742//742 684//684 741//741
f 729//729 730//730 704//704
f 729//729 704//704 703//703
f 728//728 729//729 703//703
f 727//727 728//728 703//703
f 683//683 684//684 742//742
f 683//683 742//742 743//743
f 683//683 743//743 744//744
f 745//745 683//683 744//744
f 726//726 727//727 703//703
f 746//746 683//683 745//745
f 696//696 726//726 703//703
f 696//696 702//702 701//701
f 696//696 703//703 702//702
f 696//696 721//721 722//722
f 696//696 722//722 723//723
f 696//696 723//723 724//724
f 696//696 724//724 725//725
f 696//696 725//725 726//726
f 686//686 685//685 683//683
f 686//686 683//683 746//746
f 686//686 746//746 747//747
f 689//689 686//686 747//747
f 689//689 747//747 748//748
f 688//688 748//748 713//713
f 688//688 689//689 748//748
f 687//687 688//688 713//713
f 692//692 713//713 714//714
f 692//692 687//687 713//713
f 691//691 714//714 715//715
f 691//691 692//692 714//714
f 690//690 715//715 716//716
f 690//690 691//691 715//715
f 697//697 699//699 698//698
f 697//697 700//700 699//699
f 697//697 701//701 700//700
f 697//697 696//696 701//701
f 694//694 716//716 717//717
f 694//694 717//717 718//718
f 694//694 718//718 719//719
f 694//694 719//719 720//720
f 694//694 690//690 716//716
f 695//695 720//720 721//721
f 695//695 721//721 696//696
f 695//695 694//694 720//720
f 693//693 690//690 694//694
v -290.000000 -180.000000 207.500000
v -265.000000 -180.000000 169.000000
v -313.000000 -180.000000 207.500000
v -313.000000 -180.000000 35.000000
v -240.000000 -180.000000 35.000000
v -216.319290 -180.000000 67.912170
v -176.128906 -180.000000 120.291382
v -139.942841 -180.000000 162.500000
v -139.942841 -180.000000 169.000000
vn 0.000000 -1.000000 0.000000
vn 0.000000 -1.000000 0.000000
vn 0.000000 -1.000000 0.000000
vn 0.000000 -1.000000 0.000000
vn 0.000000 -1.000000 0.000000
vn 0.000000 -1.000000 0.000000
vn 0.000000 -1.000000 0.000000
vn 0.000000 -1.000000 0.000000
vn 0.000000 -1.000000 0.000000
f 754//754 752//752 753//753
f 750//750 751//751 752//752
f 750//750 752//752 754//754
f 749//749 751//751 750//750
f 755//755 750//750 754//754
f 757//757 755//755 756//756
f 757//757 750//750 755//755
v -216.319290 -180.000000 67.912170
v -176.128906 -180.000000 120.291382
v -139.942841 -180.000000 162.500000
v -240.000000 -180.000000 35.000000
v -110.000000 -279.105713 35.000000
v -147.340302 -261.325165 35.000000
v -181.880417 -238.578110 35.000000
v -212.963898 -211.296906 35.000000
v -110.000000 -199.709793 162.500000
v -109.999969 -239.936081 98.839478
v -130.311310 -187.090790 162.500000
v -120.321205 -193.666748 162.500000
vn -0.669336 -0.556957 0.491720
vn -0.608987 -0.622372 0.491720
vn -0.534455 -0.687437 0.491720
vn -0.696603 -0.522452 0.491720
vn -0.319276 -0.810108 0.491720
vn -0.427657 -0.758499 0.491720
vn -0.527910 -0.692476 0.491720
vn -0.618130 -0.613292 0.491720
vn -0.420100 -0.762711 0.491720
vn -0.362883 -0.791535 0.491720
vn -0.497671 -0.714517 0.491720
vn -0.459518 -0.739632 0.491720
f 767//767 769//769 768//768
f 767//767 766//766 769//769
f 759//759 768//768 760//760
f 759//759 767//767 768//768
f 763//763 762//762 767//767
f 764//764 763//763 767//767
f 764//764 767//767 759//759
f 758//758 764//764 759//759
f 765//765 764//764 758//758
f 761//761 765//765 758//758
v -110.000000 -300.000000 10.000000
v -110.000000 -300.000000 35.000000
v -110.000000 -306.600006 10.000000
v -110.000000 -306.600006 169.000000
v -110.000000 -199.709793 169.000000
v -110.000000 -199.709793 162.500000
v -109.999969 -239.936081 98.839478
v -110.000000 -279.105713 35.000000
vn -1.000000 0.000000 -0.000000
vn -1.000000 0.000000 -0.000000
vn -1.000000 0.000000 -0.000000
vn -1.000000 0.000000 -0.000000
vn -1.000000 0.000000 -0.000000
vn -1.000000 0.000000 -0.000000
vn -1.000000 0.000000 -0.000000
vn -1.000000 0.000000 -0.000000
f 771//771 770//770 772//772
f 776//776 777//777 771//771
f 773//773 771//771 772//772
f 773//773 776//776 771//771
f 775//775 776//776 773//773
f 774//774 775//775 773//773
v 10.000000 -245.000000 194.000000
v 10.000000 -245.000000 169.000000
v -10.000000 -245.000000 194.000000
v -10.000000 -245.000000 169.000000
vn 0.000000 -1.000000 0.000000
vn 0.000000 -1.000000 0.000000
vn 0.000000 -1.000000 0.000000
vn 0.000000 -1.000000 0.000000
f 779//779 778//778 780//780
f 779//779 780//780 781//781
v 10.000000 -245.000000 194.000000
v -10.000000 -245.000000 194.000000
v -14.000000 -241.000000 198.000000
v 14.000000 -241.000000 198.000000
vn -0.000000 -0.707107 0.707107
vn -0.000000 -0.707107 0.707107
vn -0.000000 -0.707107 0.707107
vn -0.000000 -0.707107 0.707107
f 782//782 784//784 783//783
f 785//785 784//784 782//782
v -14.000000 -241.000000 198.000000
v -23.000000 -232.000000 198.000000
v 14.000000 -241.000000 198.000000
v 23.000000 -232.000000 198.000000
vn 0.000000 0.000000 1.000000
vn 0.000000 0.000000 1.000000
vn 0.000000 0.000000 1.000000
vn 0.000000 0.000000 1.000000
f 789//789 787//787 786//786
f 789//789 786//786 788//788
v 110.000000 -306.600006 169.000000
v -110.000000 -306.600006 169.000000
v -110.000000 -306.600006 10.000000
v 110.000000 -306.600006 10.000000
vn 0.000000 -1.000000 0.000000
vn 0.000000 -1.000000 0.000000
vn 0.000000 -1.000000 0.000000
vn 0.000000 -1.000000 0.000000
f 793//793 790//790 791//791
f 793//793 791//791 792//792
v 323.000000 -300.000000 35.000000
v 323.000000 -300.000000 0.000000
v 185.000000 -300.000000 0.000000
v 185.000000 -300.000000 10.000000
v 110.000000 -300.000000 10.000000
v 110.000000 -300.000000 35.000000
vn -0.000000 -1.000000 -0.000000
vn -0.000000 -1.000000 -0.000000
vn -0.000000 -1.000000 -0.000000
vn -0.000000 -1.000000 -0.000000
vn -0.000000 -1.000000 -0.000000
vn -0.000000 -1.000000 -0.000000
f 797//797 799//799 798//798
f 795//795 797//797 796//796
f 794//794 797//797 795//795
f 799//799 797//797 794//794
v 343.000000 -225.000000 35.000000
v 343.000000 -89.500000 35.000000
v 286.338531 -89.500000 35.000000
v 269.914032 -130.944321 35.000000
v 247.529251 -169.497101 35.000000
v 219.678482 -204.307022 35.000000
v 186.976746 -234.605408 35.000000
v 150.146149 -259.723175 35.000000
v 110.000000 -279.105713 35.000000
v 110.000000 -300.000000 35.000000
v 323.000000 -300.000000 35.000000
v 348.000000 -275.000000 35.000000
v 348.000000 -230.000000 35.000000
v 331.000000 -205.000000 35.000000
v 330.690979 -208.589142 35.000000
v 329.773041 -212.072937 35.000000
v 328.390106 -215.139221 35.000000
v 326.672150 -217.768616 35.000000
v 324.581116 -220.112564 35.000000
v 322.164093 -222.118271 35.000000
v 319.474945 -223.740982 35.000000
v 316.573578 -224.944580 35.000000
v 313.525360 -225.701981 35.000000
v 311.769409 -225.925308 35.000000
v 310.000000 -226.000000 35.000000
v 306.410828 -225.690979 35.000000
v 302.927094 -224.773041 35.000000
v 299.860779 -223.390091 35.000000
v 297.231323 -221.672119 35.000000
v 294.887421 -219.581116 35.000000
v 292.881683 -217.164032 35.000000
v 291.258972 -214.474838 35.000000
v 290.055389 -211.573547 35.000000
v 289.298004 -208.525299 35.000000
v 289.074677 -206.769379 35.000000
v 289.000000 -205.000000 35.000000
v 289.309021 -201.410858 35.000000
v 290.226959 -197.927063 35.000000
v 291.609894 -194.860779 35.000000
v 293.327850 -192.231384 35.000000
v 295.418884 -189.887436 35.000000
v 297.835907 -187.881729 35.000000
v 300.525055 -186.259018 35.000000
v 303.426422 -185.055420 35.000000
v 306.474640 -184.298019 35.000000
v 308.230591 -184.074692 35.000000
v 310.000000 -184.000000 35.000000
v 313.589172 -184.309021 35.000000
v 317.072906 -185.226959 35.000000
v 320.139221 -186.609909 35.000000
v 322.768677 -188.327881 35.000000
v 325.112579 -190.418884 35.000000
v 327.118317 -192.835968 35.000000
v 328.741028 -195.525162 35.000000
v 329.944611 -198.426453 35.000000
v 330.701996 -201.474701 35.000000
v 330.925323 -203.230621 35.000000
v 251.000000 -270.000000 35.000000
v 250.690979 -273.589142 35.000000
v 249.773026 -277.072937 35.000000
v 248.390106 -280.139221 35.000000
v 246.672165 -282.768616 35.000000
v 244.581116 -285.112579 35.000000
v 242.164078 -287.118256 35.000000
v 239.474945 -288.740997 35.000000
v 236.573593 -289.944580 35.000000
v 233.525345 -290.701965 35.000000
v 231.769409 -290.925323 35.000000
v 230.000000 -291.000000 35.000000
v 226.410828 -290.690979 35.000000
v 222.927094 -289.773041 35.000000
v 219.860764 -288.390106 35.000000
v 217.231323 -286.672119 35.000000
v 214.887405 -284.581116 35.000000
v 212.881699 -282.164032 35.000000
v 211.258957 -279.474823 35.000000
v 210.055389 -276.573547 35.000000
v 209.298019 -273.525299 35.000000
v 209.074692 -271.769379 35.000000
v 209.000000 -270.000000 35.000000
v 209.309021 -266.410858 35.000000
v 210.226974 -262.927063 35.000000
v 211.609894 -259.860779 35.000000
v 213.327835 -257.231384 35.000000
v 215.418884 -254.887436 35.000000
v 217.835922 -252.881729 35.000000
v 220.525055 -251.259018 35.000000
v 223.426407 -250.055420 35.000000
v 226.474655 -249.298019 35.000000
v 228.230591 -249.074692 35.000000
v 230.000000 -249.000000 35.000000
v 233.589172 -249.309021 35.000000
v 237.072906 -250.226959 35.000000
v 240.139236 -251.609909 35.000000
v 242.768677 -253.327881 35.000000
v 245.112595 -255.418884 35.000000
v 247.118301 -257.835968 35.000000
v 248.741043 -260.525177 35.000000
v 249.944611 -263.426453 35.000000
v 250.701981 -266.474701 35.000000
v 250.925308 -268.230621 35.000000
v 291.000000 -230.000000 35.000000
v 290.690979 -233.589142 35.000000
v 289.773041 -237.072937 35.000000
v 288.390106 -240.139221 35.000000
v 286.672150 -242.768616 35.000000
v 284.581116 -245.112564 35.000000
v 282.164093 -247.118271 35.000000
v 279.474945 -248.740982 35.000000
v 276.573578 -249.944580 35.000000
v 273.525360 -250.701981 35.000000
v 271.769409 -250.925308 35.000000
v 270.000000 -251.000000 35.000000
v 266.410828 -250.690979 35.000000
v 262.927094 -249.773041 35.000000
v 259.860779 -248.390091 35.000000
v 257.231323 -246.672119 35.000000
v 254.887405 -244.581116 35.000000
v 252.881699 -242.164032 35.000000
v 251.258957 -239.474838 35.000000
v 250.055389 -236.573547 35.000000
v 249.298019 -233.525299 35.000000
v 249.074692 -231.769379 35.000000
v 249.000000 -230.000000 35.000000
v 249.309021 -226.410858 35.000000
v 250.226974 -222.927063 35.000000
v 251.609894 -219.860779 35.000000
v 253.327835 -217.231384 35.000000
v 255.418884 -214.887436 35.000000
v 257.835907 -212.881729 35.000000
v 260.525055 -211.259018 35.000000
v 263.426422 -210.055420 35.000000
v 266.474640 -209.298019 35.000000
v 268.230591 -209.074692 35.000000
v 270.000000 -209.000000 35.000000
v 273.589172 -209.309021 35.000000
v 277.072906 -210.226959 35.000000
v 280.139221 -211.609909 35.000000
v 282.768677 -213.327881 35.000000
v 285.112579 -215.418884 35.000000
v 287.118317 -217.835968 35.000000
v 288.741028 -220.525162 35.000000
v 289.944611 -223.426453 35.000000
v 290.701996 -226.474701 35.000000
v 290.925323 -228.230621 35.000000
vn 0.000000 0.000000 1.000000
vn 0.000000 0.000000 1.000000
vn 0.000000 0.000000 1.000000
vn 0.000000 0.000000 1.000000
vn 0.000000 0.000000 1.000000
vn 0.000000 0.000000 1.000000
vn 0.000000 0.000000 1.000000
vn 0.000000 0.000000 1.000000
vn 0.000000 0.000000 1.000000
vn 0.000000 0.000000 1.000000
vn 0.000000 0.000000 1.000000
vn 0.000000 0.000000 1.000000
vn 0.000000 0.000000 1.000000
vn 0.000000 0.000000 1.000000
vn 0.000000 0.000000 1.000000
vn 0.000000 0.000000 1.000000
vn 0.000000 0.000000 1.000000
vn 0.000000 0.000000 1.000000
vn 0.000000 0.000000 1.000000
vn 0.000000 0.000000 1.000000
vn 0.000000 0.000000 1.000000
vn 0.000000 0.000000 1.000000
vn 0.000000 0.000000 1.000000
vn 0.000000 0.000000 1.000000
vn 0.000000 0.000000 1.000000
vn 0.000000 0.000000 1.000000
vn 0.000000 0.000000 1.000000
vn 0.000000 0.000000 1.000000
vn 0.000000 0.000000 1.000000
vn 0.000000 0.000000 1.000000
vn 0.000000 0.000000 1.000000
vn 0.000000 0.000000 1.000000
vn 0.000000 0.000000 1.000000
vn 0.000000 0.000000 1.000000
vn 0.000000 0.000000 1.000000
vn 0.000000 0.000000 1.000000
vn 0.000000 0.000000 1.000000
vn 0.000000 0.000000 1.000000
vn 0.000000 0.000000 1.000000
vn 0.000000 0.000000 1.000000
vn 0.000000 0.000000 1.000000
vn 0.000000 0.000000 1.000000
vn 0.000000 0.000000 1.000000
vn 0.000000 0.000000 1.000000
vn 0.000000 0.000000 1.000000
vn 0.000000 0.000000 1.000000
vn 0.000000 0.000000 1.000000
vn 0.000000 0.000000 1.000000
vn 0.000000 0.000000 1.000000
vn 0.000000 0.000000 1.000000
vn 0.000000 0.000000 1.000000
vn 0.000000 0.000000 1.000000
vn 0.000000 0.000000 1.000000
vn 0.000000 0.000000 1.000000
vn 0.000000 0.000000 1.000000
vn 0.000000 0.000000 1.000000
vn 0.000000 0.000000 1.000000
vn 0.000000 0.000000 1.000000
vn 0.000000 0.000000 1.000000
vn 0.000000 0.000000 1.000000
vn 0.000000 0.000000 1.000000
vn 0.000000 0.000000 1.000000
vn 0.000000 0.000000 1.000000
vn 0.000000 0.000000 1.000000
vn 0.000000 0.000000 1.000000
vn 0.000000 0.000000 1.000000
vn 0.000000 0.000000 1.000000
vn 0.000000 0.000000 1.000000
vn 0.000000 0.000000 1.000000
vn 0.000000 0.000000 1.000000
vn 0.000000 0.000000 1.000000
vn 0.000000 0.000000 1.000000
vn 0.000000 0.000000 1.000000
vn 0.000000 0.000000 1.000000
vn 0.000000 0.000000 1.000000
vn 0.000000 0.000000 1.000000
vn 0.000000 0.000000 1.000000
vn 0.000000 0.000000 1.000000
vn 0.000000 0.000000 1.000000
vn 0.000000 0.000000 1.000000
vn 0.000000 0.000000 1.000000
vn 0.000000 0.000000 1.000000
vn 0.000000 0.000000 1.000000
vn 0.000000 0.000000 1.000000
vn 0.000000 0.000000 1.000000
vn 0.000000 0.000000 1.000000
vn 0.000000 0.000000 1.000000
vn 0.000000 0.000000 1.000000
vn 0.000000 0.000000 1.000000
vn 0.000000 0.000000 1.000000
vn 0.000000 0.000000 1.000000
vn 0.000000 0.000000 1.000000
vn 0.000000 0.000000 1.000000
vn 0.000000 0.000000 1.000000
vn 0.000000 0.000000 1.000000
vn 0.000000 0.000000 1.000000
vn 0.000000 0.000000 1.000000
vn 0.000000 0.000000 1.000000
vn 0.000000 0.000000 1.000000
vn 0.000000 0.000000 1.000000
vn 0.000000 0.000000 1.000000
vn 0.000000 0.000000 1.000000
vn 0.000000 0.000000 1.000000
vn 0.000000 0.000000 1.000000
vn 0.000000 0.000000 1.000000
vn 0.000000 0.000000 1.000000
vn 0.000000 0.000000 1.000000
vn 0.000000 0.000000 1.000000
vn 0.000000 0.000000 1.000000
vn 0.000000 0.000000 1.000000
vn 0.000000 0.000000 1.000000
vn 0.000000 0.000000 1.000000
vn 0.000000 0.000000 1.000000
vn 0.000000 0.000000 1.000000
vn 0.000000 0.000000 1.000000
vn 0.000000 0.000000 1.000000
vn 0.000000 0.000000 1.000000
vn 0.000000 0.000000 1.000000
vn 0.000000 0.000000 1.000000
vn 0.000000 0.000000 1.000000
vn 0.000000 0.000000 1.000000
vn 0.000000 0.000000 1.000000
vn 0.000000 0.000000 1.000000
vn 0.000000 0.000000 1.000000
vn 0.000000 0.000000 1.000000
vn 0.000000 0.000000 1.000000
vn 0.000000 0.000000 1.000000
vn 0.000000 0.000000 1.000000
vn 0.000000 0.000000 1.000000
vn 0.000000 0.000000 1.000000
vn 0.000000 0.000000 1.000000
vn 0.000000 0.000000 1.000000
vn 0.000000 0.000000 1.000000
vn 0.000000 0.000000 1.000000
vn 0.000000 0.000000 1.000000
vn 0.000000 0.000000 1.000000
vn 0.000000 0.000000 1.000000
vn 0.000000 0.000000 1.000000
vn 0.000000 0.000000 1.000000
vn 0.000000 0.000000 1.000000
vn 0.000000 0.000000 1.000000
vn 0.000000 0.000000 1.000000
vn 0.000000 0.000000 1.000000
vn 0.000000 0.000000 1.000000
vn 0.000000 0.000000 1.000000
f 807//807 808//808 809//809
f 872//872 873//873 809//809
f 874//874 807//807 809//809
f 874//874 809//809 873//873
f 871//871 872//872 809//809
f 875//875 807//807 874//874
f 870//870 871//871 809//809
f 876//876 807//807 875//875
f 869//869 870//870 809//809
f 877//877 807//807 876//876
f 878//878 807//807 877//877
f 879//879 807//807 878//878
f 868//868 869//869 809//809
f 880//880 807//807 879//879
f 806//806 880//880 881//881
f 806//806 881//881 882//882
f 806//806 807//807 880//880
f 883//883 806//806 882//882
f 884//884 806//806 883//883
f 885//885 806//806 884//884
f 886//886 806//806 885//885
f 917//917 894//894 895//895
f 916//916 917//917 895//895
f 916//916 895//895 896//896
f 918//918 894//894 917//917
f 918//918 893//893 894//894
f 915//915 916//916 896//896
f 915//915 896//896 897//897
f 919//919 893//893 918//918
f 919//919 892//892 893//893
f 914//914 915//915 897//897
f 914//914 897//897 898//898
f 920//920 892//892 919//919
f 920//920 891//891 892//892
f 805//805 806//806 886//886
f 805//805 886//886 887//887
f 805//805 887//887 888//888
f 805//805 888//888 889//889
f 913//913 914//914 898//898
f 913//913 898//898 899//899
f 913//913 899//899 900//900
f 921//921 891//891 920//920
f 922//922 891//891 921//921
f 922//922 890//890 891//891
f 923//923 890//890 922//922
f 923//923 889//889 890//890
f 912//912 900//900 857//857
f 912//912 913//913 900//900
f 911//911 912//912 857//857
f 911//911 857//857 858//858
f 910//910 911//911 858//858
f 924//924 805//805 889//889
f 924//924 889//889 923//923
f 810//810 859//859 860//860
f 810//810 860//860 861//861
f 810//810 861//861 862//862
f 810//810 862//862 863//863
f 810//810 863//863 864//864
f 810//810 864//864 865//865
f 810//810 865//865 866//866
f 810//810 866//866 867//867
f 810//810 867//867 868//868
f 810//810 868//868 809//809
f 909//909 859//859 810//810
f 909//909 858//858 859//859
f 909//909 910//910 858//858
f 925//925 805//805 924//924
f 908//908 909//909 810//810
f 926//926 805//805 925//925
f 907//907 908//908 810//810
f 927//927 805//805 926//926
f 906//906 907//907 810//810
f 928//928 805//805 927//927
f 905//905 906//906 810//810
f 929//929 805//805 928//928
f 811//811 904//904 905//905
f 811//811 905//905 810//810
f 829//829 941//941 942//942
f 828//828 829//829 942//942
f 828//828 942//942 943//943
f 830//830 941//941 829//829
f 830//830 940//940 941//941
f 827//827 828//828 943//943
f 827//827 943//943 944//944
f 827//827 944//944 901//901
f 831//831 939//939 940//940
f 831//831 940//940 830//830
f 804//804 929//929 930//930
f 804//804 930//930 931//931
f 804//804 931//931 932//932
f 804//804 932//932 933//933
f 804//804 933//933 934//934
f 804//804 805//805 929//929
f 826//826 901//901 902//902
f 826//826 827//827 901//901
f 832//832 938//938 939//939
f 832//832 939//939 831//831
f 825//825 902//902 903//903
f 825//825 826//826 902//902
f 833//833 938//938 832//832
f 833//833 937//937 938//938
f 834//834 937//937 833//833
f 835//835 936//936 937//937
f 835//835 937//937 834//834
f 824//824 903//903 904//904
f 824//824 825//825 903//903
f 823//823 904//904 811//811
f 823//823 824//824 904//904
f 822//822 823//823 811//811
f 836//836 935//935 936//936
f 836//836 936//936 835//835
f 821//821 822//822 811//811
f 837//837 935//935 836//836
f 837//837 934//934 935//935
f 838//838 804//804 934//934
f 838//838 934//934 837//837
f 839//839 804//804 838//838
f 840//840 804//804 839//839
f 841//841 804//804 840//840
f 800//800 815//815 816//816
f 800//800 816//816 817//817
f 800//800 817//817 818//818
f 800//800 818//818 819//819
f 800//800 819//819 820//820
f 812//812 821//821 811//811
f 812//812 820//820 821//821
f 812//812 800//800 820//820
f 814//814 815//815 800//800
f 813//813 814//814 800//800
f 856//856 813//813 800//800
f 855//855 856//856 800//800
f 803//803 841//841 842//842
f 803//803 842//842 843//843
f 803//803 843//843 844//844
f 803//803 844//844 845//845
f 803//803 845//845 846//846
f 803//803 846//846 847//847
f 803//803 804//804 841//841
f 801//801 802//802 803//803
f 801//801 847//847 848//848
f 801//801 848//848 849//849
f 801//801 849//849 850//850
f 801//801 850//850 851//851
f 801//801 851//851 852//852
f 801//801 852//852 853//853
f 801//801 853//853 854//854
f 801//801 803//803 847//847
f 800//800 801//801 855//855
f 855//855 801//801 854//854
v -393.000000 -260.000000 10.000000
v -423.000000 -260.000000 10.000000
v -393.000000 -268.000000 10.000000
v -361.000000 -268.000000 10.000000
v -361.000000 -260.000000 10.000000
v -348.000000 -260.000000 10.000000
v -348.000000 -233.083954 10.000000
v -323.500000 -185.000000 10.000000
v -260.477264 -185.000000 10.000000
v -185.000000 -260.477264 10.000000
v -185.000000 -300.000000 10.000000
v -110.000000 -300.000000 10.000000
v -110.000000 -306.600006 10.000000
v 110.000000 -306.600006 10.000000
v 110.000000 -300.000000 10.000000
v 185.000000 -300.000000 10.000000
v 185.000000 -260.477264 10.000000
v 260.477264 -185.000000 10.000000
v 343.000000 -185.000000 10.000000
v 343.000000 185.000000 10.000000
v 260.477264 185.000000 10.000000
v 185.000000 260.477264 10.000000
v 185.000000 300.000000 10.000000
v -185.000000 300.000000 10.000000
v -185.000000 260.477264 10.000000
v -260.477264 185.000000 10.000000
v -323.500000 185.000000 10.000000
v -348.000000 233.083954 10.000000
v -348.000000 260.000000 10.000000
v -364.000000 260.000000 10.000000
v -364.000000 268.000000 10.000000
v -396.000000 268.000000 10.000000
v -396.000000 260.000000 10.000000
v -423.000000 260.000000 10.000000
vn -0.000000 -0.000000 -1.000000
vn -0.000000 -0.000000 -1.000000
vn -0.000000 -0.000000 -1.000000
vn -0.000000 -0.000000 -1.000000
vn -0.000000 -0.000000 -1.000000
vn -0.000000 -0.000000 -1.000000
vn -0.000000 -0.000000 -1.000000
vn -0.000000 -0.000000 -1.000000
vn -0.000000 -0.000000 -1.000000
vn -0.000000 -0.000000 -1.000000
vn -0.000000 -0.000000 -1.000000
vn -0.000000 -0.000000 -1.000000
vn -0.000000 -0.000000 -1.000000
vn -0.000000 -0.000000 -1.000000
vn -0.000000 -0.000000 -1.000000
vn -0.000000 -0.000000 -1.000000
vn -0.000000 -0.000000 -1.000000
vn -0.000000 -0.000000 -1.000000
vn -0.000000 -0.000000 -1.000000
vn -0.000000 -0.000000 -1.000000
vn -0.000000 -0.000000 -1.000000
vn -0.000000 -0.000000 -1.000000
vn -0.000000 -0.000000 -1.000000
vn -0.000000 -0.000000 -1.000000
vn -0.000000 -0.000000 -1.000000
vn -0.000000 -0.000000 -1.000000
vn -0.000000 -0.000000 -1.000000
vn -0.000000 -0.000000 -1.000000
vn -0.000000 -0.000000 -1.000000
vn -0.000000 -0.000000 -1.000000
vn -0.000000 -0.000000 -1.000000
vn -0.000000 -0.000000 -1.000000
vn -0.000000 -0.000000 -1.000000
vn -0.000000 -0.000000 -1.000000
f 949//949 947//947 945//945
f 949//949 948//948 947//947
f 951//951 945//945 946//946
f 951//951 950//950 949//949
f 951//951 949//949 945//945
f 952//952 951//951 946//946
f 956//956 955//955 954//954
f 958//958 957//957 956//956
f 959//959 958//958 956//956
f 959//959 956//956 954//954
f 978//978 952//952 946//946
f 971//971 952//952 978//978
f 972//972 978//978 977//977
f 972//972 971//971 978//978
f 974//974 972//972 977//977
f 975//975 977//977 976//976
f 975//975 974//974 977//977
f 973//973 972//972 974//974
f 970//970 953//953 952//952
f 970//970 954//954 953//953
f 970//970 952//952 971//971
f 961//961 960//960 959//959
f 961//961 959//959 954//954
f 962//962 961//961 954//954
f 966//966 969//969 968//968
f 966//966 970//970 969//969
f 966//966 954//954 970//970
f 966//966 962//962 954//954
f 965//965 962//962 966//966
f 967//967 966//966 968//968
f 964//964 963//963 962//962
f 964//964 962//962 965//965
v 278.511169 -64.500000 60.000000
v 297.000000 -64.500000 60.000000
v 297.000000 -77.500000 47.000000
v 343.000000 -77.500000 47.000000
v 343.000000 -89.500000 35.000000
v 286.338531 -89.500000 35.000000
vn -0.000000 -0.707107 0.707107
vn -0.000000 -0.707107 0.707107
vn -0.000000 -0.707107 0.707107
vn -0.000000 -0.707107 0.707107
vn -0.000000 -0.707107 0.707107
vn -0.000000 -0.707107 0.707107
f 981//981 979//979 984//984
f 980//980 979//979 981//981
f 983//983 981//981 984//984
f 982//982 981//981 983//983
v 278.511169 64.500000 60.000000
v 297.000000 64.500000 60.000000
v 297.000000 -64.500000 60.000000
v 278.511169 -64.500000 60.000000
v 285.882355 0.000000 60.000000
v 285.060181 -21.665918 60.000000
v 282.598389 -43.207218 60.000000
v 282.598389 43.207218 60.000000
v 285.060181 21.665918 60.000000
vn -0.000000 -0.000000 1.000000
vn -0.000000 -0.000000 1.000000
vn -0.000000 -0.000000 1.000000
vn -0.000000 -0.000000 1.000000
vn -0.000000 -0.000000 1.000000
vn -0.000000 -0.000000 1.000000
vn -0.000000 -0.000000 1.000000
vn -0.000000 -0.000000 1.000000
vn -0.000000 -0.000000 1.000000
f 991//991 988//988 987//987
f 990//990 991//991 987//987
f 986//986 992//992 993//993
f 986//986 993//993 989//989
f 985//985 992//992 986//986
f 986//986 989//989 987//987
f 989//989 990//990 987//987
v 285.328247 92.670311 35.000000
v 343.000000 92.670311 35.000000
v 343.000000 79.148560 47.000000
v 297.000000 79.148560 47.000000
v 297.000000 64.500000 60.000000
v 278.511169 64.500000 60.000000
vn -0.000000 0.663766 0.747940
vn -0.000000 0.663766 0.747940
vn -0.000000 0.663766 0.747940
vn -0.000000 0.663766 0.747940
vn -0.000000 0.663766 0.747940
vn -0.000000 0.663766 0.747940
f 997//997 999//999 998//998
f 994//994 999//999 997//997
f 995//995 997//997 996//996
f 995//995 994//994 997//997
v 285.328247 92.670311 35.000000
v 343.000000 92.670311 35.000000
v 343.000000 225.000000 35.000000
v 348.000000 230.000000 35.000000
v 348.000000 275.000000 35.000000
v 318.000000 305.000000 35.000000
v 268.000000 305.000000 35.000000
v 263.000000 300.000000 35.000000
v -0.000000 300.000000 35.000000
v 46.934856 296.305786 35.000000
v 92.713799 285.314117 35.000000
v 136.209366 267.295715 35.000000
v 176.350372 242.694351 35.000000
v 212.148193 212.115875 35.000000
v 242.721222 176.313385 35.000000
v 267.316498 136.168625 35.000000
v 331.000000 205.000000 35.000000
v 330.690979 201.410858 35.000000
v 329.773041 197.927063 35.000000
v 328.390106 194.860779 35.000000
v 326.672150 192.231384 35.000000
v 324.581116 189.887436 35.000000
v 322.164093 187.881729 35.000000
v 319.474945 186.259018 35.000000
v 316.573578 185.055420 35.000000
v 313.525360 184.298019 35.000000
v 311.769409 184.074692 35.000000
v 310.000000 184.000000 35.000000
v 306.410828 184.309021 35.000000
v 302.927094 185.226959 35.000000
v 299.860779 186.609909 35.000000
v 297.231323 188.327881 35.000000
v 294.887421 190.418884 35.000000
v 292.881683 192.835968 35.000000
v 291.258972 195.525162 35.000000
v 290.055389 198.426453 35.000000
v 289.298004 201.474701 35.000000
v 289.074677 203.230621 35.000000
v 289.000000 205.000000 35.000000
v 289.309021 208.589142 35.000000
v 290.226959 212.072937 35.000000
v 291.609894 215.139221 35.000000
v 293.327850 217.768616 35.000000
v 295.418884 220.112564 35.000000
v 297.835907 222.118271 35.000000
v 300.525055 223.740982 35.000000
v 303.426422 224.944580 35.000000
v 306.474640 225.701981 35.000000
v 308.230591 225.925308 35.000000
v 310.000000 226.000000 35.000000
v 313.589172 225.690979 35.000000
v 317.072906 224.773041 35.000000
v 320.139221 223.390091 35.000000
v 322.768677 221.672119 35.000000
v 325.112579 219.581116 35.000000
v 327.118317 217.164032 35.000000
v 328.741028 214.474838 35.000000
v 329.944611 211.573547 35.000000
v 330.701996 208.525299 35.000000
v 330.925323 206.769379 35.000000
v 251.000000 270.000000 35.000000
v 250.690979 266.410858 35.000000
v 249.773026 262.927063 35.000000
v 248.390106 259.860779 35.000000
v 246.672165 257.231384 35.000000
v 244.581116 254.887436 35.000000
v 242.164078 252.881729 35.000000
v 239.474945 251.259018 35.000000
v 236.573593 250.055420 35.000000
v 233.525345 249.298019 35.000000
v 231.769409 249.074692 35.000000
v 230.000000 249.000000 35.000000
v 226.410828 249.309021 35.000000
v 222.927094 250.226959 35.000000
v 219.860764 251.609909 35.000000
v 217.231323 253.327881 35.000000
v 214.887405 255.418884 35.000000
v 212.881699 257.835968 35.000000
v 211.258957 260.525177 35.000000
v 210.055389 263.426453 35.000000
v 209.298019 266.474701 35.000000
v 209.074692 268.230621 35.000000
v 209.000000 270.000000 35.000000
v 209.309021 273.589142 35.000000
v 210.226974 277.072937 35.000000
v 211.609894 280.139221 35.000000
v 213.327835 282.768616 35.000000
v 215.418884 285.112579 35.000000
v 217.835922 287.118256 35.000000
v 220.525055 288.740997 35.000000
v 223.426407 289.944580 35.000000
v 226.474655 290.701965 35.000000
v 228.230591 290.925323 35.000000
v 230.000000 291.000000 35.000000
v 233.589172 290.690979 35.000000
v 237.072906 289.773041 35.000000
v 240.139236 288.390106 35.000000
v 242.768677 286.672119 35.000000
v 245.112595 284.581116 35.000000
v 247.118301 282.164032 35.000000
v 248.741043 279.474823 35.000000
v 249.944611 276.573547 35.000000
v 250.701981 273.525299 35.000000
v 250.925308 271.769379 35.000000
v 291.000000 230.000000 35.000000
v 290.690979 226.410858 35.000000
v 289.773041 222.927063 35.000000
v 288.390106 219.860779 35.000000
v 286.672150 217.231384 35.000000
v 284.581116 214.887436 35.000000
v 282.164093 212.881729 35.000000
v 279.474945 211.259018 35.000000
v 276.573578 210.055420 35.000000
v 273.525360 209.298019 35.000000
v 271.769409 209.074692 35.000000
v 270.000000 209.000000 35.000000
v 266.410828 209.309021 35.000000
v 262.927094 210.226959 35.000000
v 259.860779 211.609909 35.000000
v 257.231323 213.327881 35.000000
v 254.887405 215.418884 35.000000
v 252.881699 217.835968 35.000000
v 251.258957 220.525162 35.000000
v 250.055389 223.426453 35.000000
v 249.298019 226.474701 35.000000
v 249.074692 228.230621 35.000000
v 249.000000 230.000000 35.000000
v 249.309021 233.589142 35.000000
v 250.226974 237.072937 35.000000
v 251.609894 240.139221 35.000000
v 253.327835 242.768616 35.000000
v 255.418884 245.112564 35.000000
v 257.835907 247.118271 35.000000
v 260.525055 248.740982 35.000000
v 263.426422 249.944580 35.000000
v 266.474640 250.701981 35.000000
v 268.230591 250.925308 35.000000
v 270.000000 251.000000 35.000000
v 273.589172 250.690979 35.000000
v 277.072906 249.773041 35.000000
v 280.139221 248.390091 35.000000
v 282.768677 246.672119 35.000000
v 285.112579 244.581116 35.000000
v 287.118317 242.164032 35.000000
v 288.741028 239.474838 35.000000
v 289.944611 236.573547 35.000000
v 290.701996 233.525299 35.000000
v 290.925323 231.769379 35.000000
vn 0.000000 0.000000 1.000000
vn 0.000000 0.000000 1.000000
vn 0.000000 0.000000 1.000000
vn 0.000000 0.000000 1.000000
vn 0.000000 0.000000 1.000000
vn 0.000000 0.000000 1.000000
vn 0.000000 0.000000 1.000000
vn 0.000000 0.000000 1.000000
vn 0.000000 0.000000 1.000000
vn 0.000000 0.000000 1.000000
vn 0.000000 0.000000 1.000000
vn 0.000000 0.000000 1.000000
vn 0.000000 0.000000 1.000000
vn 0.000000 0.000000 1.000000
vn 0.000000 0.000000 1.000000
vn 0.000000 0.000000 1.000000
vn 0.000000 0.000000 1.000000
vn 0.000000 0.000000 1.000000
vn 0.000000 0.000000 1.000000
vn 0.000000 0.000000 1.000000
vn 0.000000 0.000000 1.000000
vn 0.000000 0.000000 1.000000
vn 0.000000 0.000000 1.000000
vn 0.000000 0.000000 1.000000
vn 0.000000 0.000000 1.000000
vn 0.000000 0.000000 1.000000
vn 0.000000 0.000000 1.000000
vn 0.000000 0.000000 1.000000
vn 0.000000 0.000000 1.000000
vn 0.000000 0.000000 1.000000
vn 0.000000 0.000000 1.000000
vn 0.000000 0.000000 1.000000
vn 0.000000 0.000000 1.000000
vn 0.000000 0.000000 1.000000
vn 0.000000 0.000000 1.000000
vn 0.000000 0.000000 1.000000
vn 0.000000 0.000000 1.000000
vn 0.000000 0.000000 1.000000
vn 0.000000 0.000000 1.000000
vn 0.000000 0.000000 1.000000
vn 0.000000 0.000000 1.000000
vn 0.000000 0.000000 1.000000
vn 0.000000 0.000000 1.000000
vn 0.000000 0.000000 1.000000
vn 0.000000 0.000000 1.000000
vn 0.000000 0.000000 1.000000
vn 0.000000 0.000000 1.000000
vn 0.000000 0.000000 1.000000
vn 0.000000 0.000000 1.000000
vn 0.000000 0.000000 1.000000
vn 0.000000 0.000000 1.000000
vn 0.000000 0.000000 1.000000
vn 0.000000 0.000000 1.000000
vn 0.000000 0.000000 1.000000
vn 0.000000 0.000000 1.000000
vn 0.000000 0.000000 1.000000
vn 0.000000 0.000000 1.000000
vn 0.000000 0.000000 1.000000
vn 0.000000 0.000000 1.000000
vn 0.000000 0.000000 1.000000
vn 0.000000 0.000000 1.000000
vn 0.000000 0.000000 1.000000
vn 0.000000 0.000000 1.000000
vn 0.000000 0.000000 1.000000
vn 0.000000 0.000000 1.000000
vn 0.000000 0.000000 1.000000
vn 0.000000 0.000000 1.000000
vn 0.000000 0.000000 1.000000
vn 0.000000 0.000000 1.000000
vn 0.000000 0.000000 1.000000
vn 0.000000 0.000000 1.000000
vn 0.000000 0.000000 1.000000
vn 0.000000 0.000000 1.000000
vn 0.000000 0.000000 1.000000
vn 0.000000 0.000000 1.000000
vn 0.000000 0.000000 1.000000
vn 0.000000 0.000000 1.000000
vn 0.000000 0.000000 1.000000
vn 0.000000 0.000000 1.000000
vn 0.000000 0.000000 1.000000
vn 0.000000 0.000000 1.000000
vn 0.000000 0.000000 1.000000
vn 0.000000 0.000000 1.000000
vn 0.000000 0.000000 1.000000
vn 0.000000 0.000000 1.000000
vn 0.000000 0.000000 1.000000
vn 0.000000 0.000000 1.000000
vn 0.000000 0.000000 1.000000
vn 0.000000 0.000000 1.000000
vn 0.000000 0.000000 1.000000
vn 0.000000 0.000000 1.000000
vn 0.000000 0.000000 1.000000
vn 0.000000 0.000000 1.000000
vn 0.000000 0.000000 1.000000
vn 0.000000 0.000000 1.000000
vn 0.000000 0.000000 1.000000
vn 0.000000 0.000000 1.000000
vn 0.000000 0.000000 1.000000
vn 0.000000 0.000000 1.000000
vn 0.000000 0.000000 1.000000
vn 0.000000 0.000000 1.000000
vn 0.000000 0.000000 1.000000
vn 0.000000 0.000000 1.000000
vn 0.000000 0.000000 1.000000
vn 0.000000 0.000000 1.000000
vn 0.000000 0.000000 1.000000
vn 0.000000 0.000000 1.000000
vn 0.000000 0.000000 1.000000
vn 0.000000 0.000000 1.000000
vn 0.000000 0.000000 1.000000
vn 0.000000 0.000000 1.000000
vn 0.000000 0.000000 1.000000
vn 0.000000 0.000000 1.000000
vn 0.000000 0.000000 1.000000
vn 0.000000 0.000000 1.000000
vn 0.000000 0.000000 1.000000
vn 0.000000 0.000000 1.000000
vn 0.000000 0.000000 1.000000
vn 0.000000 0.000000 1.000000
vn 0.000000 0.000000 1.000000
vn 0.000000 0.000000 1.000000
vn 0.000000 0.000000 1.000000
vn 0.000000 0.000000 1.000000
vn 0.000000 0.000000 1.000000
vn 0.000000 0.000000 1.000000
vn 0.000000 0.000000 1.000000
vn 0.000000 0.000000 1.000000
vn 0.000000 0.000000 1.000000
vn 0.000000 0.000000 1.000000
vn 0.000000 0.000000 1.000000
vn 0.000000 0.000000 1.000000
vn 0.000000 0.000000 1.000000
vn 0.000000 0.000000 1.000000
vn 0.000000 0.000000 1.000000
vn 0.000000 0.000000 1.000000
vn 0.000000 0.000000 1.000000
vn 0.000000 0.000000 1.000000
vn 0.000000 0.000000 1.000000
vn 0.000000 0.000000 1.000000
vn 0.000000 0.000000 1.000000
vn 0.000000 0.000000 1.000000
vn 0.000000 0.000000 1.000000
vn 0.000000 0.000000 1.000000
vn 0.000000 0.000000 1.000000
vn 0.000000 0.000000 1.000000
vn 0.000000 0.000000 1.000000
vn 0.000000 0.000000 1.000000
vn 0.000000 0.000000 1.000000
f 1001//1001 1015//1015 1000//1000
f 1120//1120 1013//1013 1014//1014
f 1119//1119 1120//1120 1014//1014
f 1075//1075 1012//1012 1013//1013
f 1075//1075 1076//1076 1012//1012
f 1077//1077 1012//1012 1076//1076
f 1121//1121 1013//1013 1120//1120
f 1074//1074 1075//1075 1013//1013
f 1118//1118 1119//1119 1014//1014
f 1078//1078 1012//1012 1077//1077
f 1122//1122 1013//1013 1121//1121
f 1073//1073 1074//1074 1013//1013
f 1117//1117 1118//1118 1014//1014
f 1079//1079 1012//1012 1078//1078
f 1123//1123 1013//1013 1122//1122
f 1072//1072 1073//1073 1013//1013
f 1116//1116 1117//1117 1014//1014
f 1080//1080 1012//1012 1079//1079
f 1124//1124 1013//1013 1123//1123
f 1081//1081 1012//1012 1080//1080
f 1125//1125 1013//1013 1124//1124
f 1082//1082 1012//1012 1081//1081
f 1115//1115 1116//1116 1014//1014
f 1071//1071 1072//1072 1013//1013
f 1071//1071 1125//1125 1126//1126
f 1071//1071 1013//1013 1125//1125
f 1070//1070 1071//1071 1126//1126
f 1127//1127 1070//1070 1126//1126
f 1127//1127 1069//1069 1070//1070
f 1083//1083 1011//1011 1012//1012
f 1083//1083 1012//1012 1082//1082
f 1032//1032 1014//1014 1015//1015
f 1031//1031 1032//1032 1015//1015
f 1033//1033 1014//1014 1032//1032
f 1030//1030 1031//1031 1015//1015
f 1068//1068 1069//1069 1127//1127
f 1034//1034 1114//1114 1115//1115
f 1034//1034 1014//1014 1033//1033
f 1034//1034 1115//1115 1014//1014
f 1128//1128 1068//1068 1127//1127
f 1084//1084 1011//1011 1083//1083
f 1029//1029 1030//1030 1015//1015
f 1035//1035 1113//1113 1114//1114
f 1035//1035 1114//1114 1034//1034
f 1028//1028 1029//1029 1015//1015
f 1067//1067 1068//1068 1128//1128
f 1036//1036 1112//1112 1113//1113
f 1036//1036 1113//1113 1035//1035
f 1129//1129 1067//1067 1128//1128
f 1085//1085 1011//1011 1084//1084
f 1037//1037 1111//1111 1112//1112
f 1037//1037 1112//1112 1036//1036
f 1038//1038 1111//1111 1037//1037
f 1027//1027 1028//1028 1015//1015
f 1066//1066 1067//1067 1129//1129
f 1026//1026 1027//1027 1015//1015
f 1026//1026 1015//1015 1001//1001
f 1130//1130 1066//1066 1129//1129
f 1086//1086 1011//1011 1085//1085
f 1025//1025 1026//1026 1001//1001
f 1039//1039 1110//1110 1111//1111
f 1039//1039 1111//1111 1038//1038
f 1109//1109 1110//1110 1039//1039
f 1065//1065 1066//1066 1130//1130
f 1131//1131 1065//1065 1130//1130
f 1087//1087 1011//1011 1086//1086
f 1024//1024 1025//1025 1001//1001
f 1040//1040 1109//1109 1039//1039
f 1108//1108 1109//1109 1040//1040
f 1064//1064 1065//1065 1131//1131
f 1132//1132 1064//1064 1131//1131
f 1088//1088 1010//1010 1011//1011
f 1088//1088 1011//1011 1087//1087
f 1023//1023 1024//1024 1001//1001
f 1041//1041 1108//1108 1040//1040
f 1063//1063 1064//1064 1132//1132
f 1107//1107 1108//1108 1041//1041
f 1133//1133 1063//1063 1132//1132
f 1089//1089 1010//1010 1088//1088
f 1022//1022 1023//1023 1001//1001
f 1042//1042 1107//1107 1041//1041
f 1062//1062 1063//1063 1133//1133
f 1106//1106 1107//1107 1042//1042
f 1134//1134 1062//1062 1133//1133
f 1090//1090 1010//1010 1089//1089
f 1021//1021 1022//1022 1001//1001
f 1043//1043 1106//1106 1042//1042
f 1061//1061 1062//1062 1134//1134
f 1105//1105 1106//1106 1043//1043
f 1135//1135 1061//1061 1134//1134
f 1020//1020 1021//1021 1001//1001
f 1136//1136 1061//1061 1135//1135
f 1044//1044 1105//1105 1043//1043
f 1060//1060 1136//1136 1137//1137
f 1060//1060 1061//1061 1136//1136
f 1103//1103 1060//1060 1137//1137
f 1019//1019 1020//1020 1001//1001
f 1045//1045 1104//1104 1105//1105
f 1045//1045 1147//1147 1104//1104
f 1045//1045 1105//1105 1044//1044
f 1138//1138 1102//1102 1103//1103
f 1138//1138 1103//1103 1137//1137
f 1018//1018 1019//1019 1001//1001
f 1046//1046 1146//1146 1147//1147
f 1046//1046 1147//1147 1045//1045
f 1047//1047 1146//1146 1046//1046
f 1047//1047 1145//1145 1146//1146
f 1048//1048 1145//1145 1047//1047
f 1048//1048 1144//1144 1145//1145
f 1049//1049 1144//1144 1048//1048
f 1050//1050 1144//1144 1049//1049
f 1050//1050 1143//1143 1144//1144
f 1007//1007 1100//1100 1101//1101
f 1007//1007 1101//1101 1102//1102
f 1007//1007 1138//1138 1139//1139
f 1007//1007 1102//1102 1138//1138
f 1007//1007 1094//1094 1095//1095
f 1007//1007 1095//1095 1096//1096
f 1007//1007 1096//1096 1097//1097
f 1007//1007 1097//1097 1098//1098
f 1007//1007 1098//1098 1099//1099
f 1007//1007 1099//1099 1100//1100
f 1002//1002 1016//1016 1017//1017
f 1002//1002 1052//1052 1053//1053
f 1002//1002 1053//1053 1054//1054
f 1002//1002 1054//1054 1055//1055
f 1002//1002 1055//1055 1056//1056
f 1002//1002 1056//1056 1057//1057
f 1002//1002 1057//1057 1058//1058
f 1002//1002 1058//1058 1059//1059
f 1002//1002 1059//1059 1016//1016
f 1006//1006 1139//1139 1140//1140
f 1006//1006 1007//1007 1139//1139
f 1003//1003 1051//1051 1052//1052
f 1003//1003 1052//1052 1002//1002
f 1005//1005 1140//1140 1141//1141
f 1005//1005 1141//1141 1142//1142
f 1005//1005 1006//1006 1140//1140
f 1004//1004 1143//1143 1050//1050
f 1004//1004 1051//1051 1003//1003
f 1004//1004 1142//1142 1143//1143
f 1004//1004 1005//1005 1142//1142
f 1004//1004 1050//1050 1051//1051
f 1001//1001 1002//1002 1017//1017
f 1001//1001 1017//1017 1018//1018
f 1007//1007 1008//1008 1009//1009
f 1007//1007 1009//1009 1093//1093
f 1093//1093 1009//1009 1092//1092
f 1092//1092 1009//1009 1091//1091
f 1091//1091 1009//1009 1090//1090
f 1090//1090 1009//1009 1010//1010
f 1007//1007 1093//1093 1094//1094
v -353.000000 260.000000 35.000000
v -313.000000 180.000000 35.000000
v -240.000000 180.000000 35.000000
v -209.431198 214.798904 35.000000
v -173.869995 244.477448 35.000000
v -134.164078 268.328156 35.000000
v -91.259972 285.782471 35.000000
v -46.180408 296.424316 35.000000
v -0.000000 300.000000 35.000000
v -276.000000 300.000000 35.000000
v -281.000000 305.000000 35.000000
v -318.000000 305.000000 35.000000
v -343.000000 280.000000 35.000000
v -343.000000 260.000000 35.000000
v -249.000000 230.000000 35.000000
v -249.309021 226.410858 35.000000
v -250.226974 222.927063 35.000000
v -251.609894 219.860779 35.000000
v -253.327835 217.231384 35.000000
v -255.418884 214.887436 35.000000
v -257.835907 212.881729 35.000000
v -260.525055 211.259018 35.000000
v -263.426422 210.055420 35.000000
v -266.474640 209.298019 35.000000
v -268.230591 209.074692 35.000000
v -270.000000 209.000000 35.000000
v -273.589172 209.309021 35.000000
v -277.072906 210.226959 35.000000
v -280.139221 211.609909 35.000000
v -282.768677 213.327881 35.000000
v -285.112579 215.418884 35.000000
v -287.118317 217.835968 35.000000
v -288.741028 220.525162 35.000000
v -289.944611 223.426453 35.000000
v -290.701996 226.474701 35.000000
v -290.925323 228.230621 35.000000
v -291.000000 230.000000 35.000000
v -290.690979 233.589142 35.000000
v -289.773041 237.072937 35.000000
v -288.390106 240.139221 35.000000
v -286.672150 242.768616 35.000000
v -284.581116 245.112564 35.000000
v -282.164093 247.118271 35.000000
v -279.474945 248.740982 35.000000
v -276.573578 249.944580 35.000000
v -273.525360 250.701981 35.000000
v -271.769409 250.925308 35.000000
v -270.000000 251.000000 35.000000
v -266.410828 250.690979 35.000000
v -262.927094 249.773041 35.000000
v -259.860779 248.390091 35.000000
v -257.231323 246.672119 35.000000
v -254.887405 244.581116 35.000000
v -252.881699 242.164032 35.000000
v -251.258957 239.474838 35.000000
v -250.055389 236.573547 35.000000
v -249.298019 233.525299 35.000000
v -249.074692 231.769379 35.000000
v -209.000000 270.000000 35.000000
v -209.309021 266.410858 35.000000
v -210.226974 262.927063 35.000000
v -211.609894 259.860779 35.000000
v -213.327835 257.231384 35.000000
v -215.418884 254.887436 35.000000
v -217.835922 252.881729 35.000000
v -220.525055 251.259018 35.000000
v -223.426407 250.055420 35.000000
v -226.474655 249.298019 35.000000
v -228.230591 249.074692 35.000000
v -230.000000 249.000000 35.000000
v -233.589172 249.309021 35.000000
v -237.072906 250.226959 35.000000
v -240.139236 251.609909 35.000000
v -242.768677 253.327881 35.000000
v -245.112595 255.418884 35.000000
v -247.118301 257.835968 35.000000
v -248.741043 260.525177 35.000000
v -249.944611 263.426453 35.000000
v -250.701981 266.474701 35.000000
v -250.925308 268.230621 35.000000
v -251.000000 270.000000 35.000000
v -250.690979 273.589142 35.000000
v -249.773026 277.072937 35.000000
v -248.390106 280.139221 35.000000
v -246.672165 282.768616 35.000000
v -244.581116 285.112579 35.000000
v -242.164078 287.118256 35.000000
v -239.474945 288.740997 35.000000
v -236.573593 289.944580 35.000000
v -233.525345 290.701965 35.000000
v -231.769409 290.925323 35.000000
v -230.000000 291.000000 35.000000
v -226.410828 290.690979 35.000000
v -222.927094 289.773041 35.000000
v -219.860764 288.390106 35.000000
v -217.231323 286.672119 35.000000
v -214.887405 284.581116 35.000000
v -212.881699 282.164032 35.000000
v -211.258957 279.474823 35.000000
v -210.055389 276.573547 35.000000
v -209.298019 273.525299 35.000000
v -209.074692 271.769379 35.000000
vn 0.000000 0.000000 1.000000
vn 0.000000 0.000000 1.000000
vn 0.000000 0.000000 1.000000
vn 0.000000 0.000000 1.000000
vn 0.000000 0.000000 1.000000
vn 0.000000 0.000000 1.000000
vn 0.000000 0.000000 1.000000
vn 0.000000 0.000000 1.000000
vn 0.000000 0.000000 1.000000
vn 0.000000 0.000000 1.000000
vn 0.000000 0.000000 1.000000
vn 0.000000 0.000000 1.000000
vn 0.000000 0.000000 1.000000
vn 0.000000 0.000000 1.000000
vn 0.000000 0.000000 1.000000
vn 0.000000 0.000000 1.000000
vn 0.000000 0.000000 1.000000
vn 0.000000 0.000000 1.000000
vn 0.000000 0.000000 1.000000
vn 0.000000 0.000000 1.000000
vn 0.000000 0.000000 1.000000
vn 0.000000 0.000000 1.000000
vn 0.000000 0.000000 1.000000
vn 0.000000 0.000000 1.000000
vn 0.000000 0.000000 1.000000
vn 0.000000 0.000000 1.000000
vn 0.000000 0.000000 1.000000
vn 0.000000 0.000000 1.000000
vn 0.000000 0.000000 1.000000
vn 0.000000 0.000000 1.000000
vn 0.000000 0.000000 1.000000
vn 0.000000 0.000000 1.000000
vn 0.000000 0.000000 1.000000
vn 0.000000 0.000000 1.000000
vn 0.000000 0.000000 1.000000
vn 0.000000 0.000000 1.000000
vn 0.000000 0.000000 1.000000
vn 0.000000 0.000000 1.000000
vn 0.000000 0.000000 1.000000
vn 0.000000 0.000000 1.000000
vn 0.000000 0.000000 1.000000
vn 0.000000 0.000000 1.000000
vn 0.000000 0.000000 1.000000
vn 0.000000 0.000000 1.000000
vn 0.000000 0.000000 1.000000
vn 0.000000 0.000000 1.000000
vn 0.000000 0.000000 1.000000
vn 0.000000 0.000000 1.000000
vn 0.000000 0.000000 1.000000
vn 0.000000 0.000000 1.000000
vn 0.000000 0.000000 1.000000
vn 0.000000 0.000000 1.000000
vn 0.000000 0.000000 1.000000
vn 0.000000 0.000000 1.000000
vn 0.000000 0.000000 1.000000
vn 0.000000 0.000000 1.000000
vn 0.000000 0.000000 1.000000
vn 0.000000 0.000000 1.000000
vn 0.000000 0.000000 1.000000
vn 0.000000 0.000000 1.000000
vn 0.000000 0.000000 1.000000
vn 0.000000 0.000000 1.000000
vn 0.000000 0.000000 1.000000
vn 0.000000 0.000000 1.000000
vn 0.000000 0.000000 1.000000
vn 0.000000 0.000000 1.000000
vn 0.000000 0.000000 1.000000
vn 0.000000 0.000000 1.000000
vn 0.000000 0.000000 1.000000
vn 0.000000 0.000000 1.000000
vn 0.000000 0.000000 1.000000
vn 0.000000 0.000000 1.000000
vn 0.000000 0.000000 1.000000
vn 0.000000 0.000000 1.000000
vn 0.000000 0.000000 1.000000
vn 0.000000 0.000000 1.000000
vn 0.000000 0.000000 1.000000
vn 0.000000 0.000000 1.000000
vn 0.000000 0.000000 1.000000
vn 0.000000 0.000000 1.000000
vn 0.000000 0.000000 1.000000
vn 0.000000 0.000000 1.000000
vn 0.000000 0.000000 1.000000
vn 0.000000 0.000000 1.000000
vn 0.000000 0.000000 1.000000
vn 0.000000 0.000000 1.000000
vn 0.000000 0.000000 1.000000
vn 0.000000 0.000000 1.000000
vn 0.000000 0.000000 1.000000
vn 0.000000 0.000000 1.000000
vn 0.000000 0.000000 1.000000
vn 0.000000 0.000000 1.000000
vn 0.000000 0.000000 1.000000
vn 0.000000 0.000000 1.000000
vn 0.000000 0.000000 1.000000
vn 0.000000 0.000000 1.000000
vn 0.000000 0.000000 1.000000
vn 0.000000 0.000000 1.000000
vn 0.000000 0.000000 1.000000
vn 0.000000 0.000000 1.000000
vn 0.000000 0.000000 1.000000
vn 0.000000 0.000000 1.000000
f 1161//1161 1148//1148 1149//1149
f 1177//1177 1178//1178 1149//1149
f 1179//1179 1149//1149 1178//1178
f 1176//1176 1177//1177 1149//1149
f 1180//1180 1149//1149 1179//1179
f 1175//1175 1176//1176 1149//1149
f 1181//1181 1149//1149 1180//1180
f 1174//1174 1175//1175 1149//1149
f 1182//1182 1161//1161 1149//1149
f 1182//1182 1149//1149 1181//1181
f 1183//1183 1161//1161 1182//1182
f 1184//1184 1161//1161 1183//1183
f 1150//1150 1174//1174 1149//1149
f 1150//1150 1173//1173 1174//1174
f 1172//1172 1173//1173 1150//1150
f 1171//1171 1172//1172 1150//1150
f 1185//1185 1161//1161 1184//1184
f 1170//1170 1171//1171 1150//1150
f 1186//1186 1161//1161 1185//1185
f 1169//1169 1170//1170 1150//1150
f 1187//1187 1161//1161 1186//1186
f 1168//1168 1169//1169 1150//1150
f 1188//1188 1161//1161 1187//1187
f 1167//1167 1168//1168 1150//1150
f 1189//1189 1160//1160 1161//1161
f 1189//1189 1161//1161 1188//1188
f 1166//1166 1167//1167 1150//1150
f 1159//1159 1189//1189 1190//1190
f 1159//1159 1160//1160 1189//1189
f 1151//1151 1162//1162 1163//1163
f 1151//1151 1163//1163 1164//1164
f 1151//1151 1164//1164 1165//1165
f 1151//1151 1165//1165 1166//1166
f 1151//1151 1166//1166 1150//1150
f 1222//1222 1199//1199 1200//1200
f 1221//1221 1200//1200 1201//1201
f 1221//1221 1222//1222 1200//1200
f 1223//1223 1198//1198 1199//1199
f 1223//1223 1199//1199 1222//1222
f 1220//1220 1201//1201 1202//1202
f 1220//1220 1221//1221 1201//1201
f 1224//1224 1198//1198 1223//1223
f 1224//1224 1197//1197 1198//1198
f 1219//1219 1220//1220 1202//1202
f 1219//1219 1202//1202 1203//1203
f 1225//1225 1196//1196 1197//1197
f 1225//1225 1197//1197 1224//1224
f 1218//1218 1219//1219 1203//1203
f 1218//1218 1203//1203 1204//1204
f 1218//1218 1204//1204 1205//1205
f 1226//1226 1196//1196 1225//1225
f 1227//1227 1195//1195 1196//1196
f 1227//1227 1196//1196 1226//1226
f 1228//1228 1195//1195 1227//1227
f 1228//1228 1194//1194 1195//1195
f 1217//1217 1218//1218 1205//1205
f 1217//1217 1205//1205 1162//1162
f 1216//1216 1217//1217 1162//1162
f 1216//1216 1162//1162 1151//1151
f 1215//1215 1216//1216 1151//1151
f 1229//1229 1194//1194 1228//1228
f 1157//1157 1194//1194 1229//1229
f 1157//1157 1190//1190 1191//1191
f 1157//1157 1191//1191 1192//1192
f 1157//1157 1192//1192 1193//1193
f 1157//1157 1193//1193 1194//1194
f 1157//1157 1159//1159 1190//1190
f 1158//1158 1159//1159 1157//1157
f 1214//1214 1215//1215 1151//1151
f 1230//1230 1157//1157 1229//1229
f 1213//1213 1214//1214 1151//1151
f 1231//1231 1157//1157 1230//1230
f 1212//1212 1213//1213 1151//1151
f 1232//1232 1157//1157 1231//1231
f 1211//1211 1212//1212 1151//1151
f 1233//1233 1157//1157 1232//1232
f 1234//1234 1157//1157 1233//1233
f 1235//1235 1157//1157 1234//1234
f 1236//1236 1157//1157 1235//1235
f 1237//1237 1157//1157 1236//1236
f 1152//1152 1248//1248 1249//1249
f 1152//1152 1249//1249 1206//1206
f 1152//1152 1211//1211 1151//1151
f 1152//1152 1206//1206 1207//1207
f 1152//1152 1207//1207 1208//1208
f 1152//1152 1208//1208 1209//1209
f 1152//1152 1209//1209 1210//1210
f 1152//1152 1210//1210 1211//1211
f 1153//1153 1248//1248 1152//1152
f 1153//1153 1243//1243 1244//1244
f 1153//1153 1244//1244 1245//1245
f 1153//1153 1245//1245 1246//1246
f 1153//1153 1246//1246 1247//1247
f 1153//1153 1247//1247 1248//1248
f 1154//1154 1243//1243 1153//1153
f 1154//1154 1241//1241 1242//1242
f 1154//1154 1242//1242 1243//1243
f 1156//1156 1157//1157 1155//1155
f 1155//1155 1157//1157 1239//1239
f 1239//1239 1157//1157 1238//1238
f 1238//1238 1157//1157 1237//1237
f 1155//1155 1239//1239 1240//1240
f 1155//1155 1240//1240 1241//1241
f 1155//1155 1241//1241 1154//1154
v -265.000000 180.000000 169.000000
v -265.000000 68.500000 169.000000
v -290.000000 77.354164 207.500000
v -290.000000 180.000000 207.500000
vn 0.838692 0.000000 0.544605
vn 0.838692 0.000000 0.544605
vn 0.838692 0.000000 0.544605
vn 0.838692 0.000000 0.544605
f 1250//1250 1252//1252 1251//1251
f 1253//1253 1252//1252 1250//1250
v -353.000000 260.000000 35.000000
v -313.000000 180.000000 35.000000
v -353.000000 260.000000 207.500000
v -313.000000 180.000000 207.500000
vn 0.894427 0.447214 -0.000000
vn 0.894427 0.447214 -0.000000
vn 0.894427 0.447214 -0.000000
vn 0.894427 0.447214 -0.000000
f 1256//1256 1255//1255 1254//1254
f 1256//1256 1257//1257 1255//1255
v -423.000000 260.000000 207.500000
v -406.000000 260.000000 207.500000
v -423.000000 -260.000000 207.500000
v -406.000000 -260.000000 207.500000
v -406.000000 -232.000000 207.500000
v -358.000000 -232.000000 207.500000
v -358.000000 -260.000000 207.500000
v -353.000000 -260.000000 207.500000
v -313.000000 -180.000000 207.500000
v -290.000000 -180.000000 207.500000
v -290.000000 -77.354164 207.500000
v -361.000000 -102.500000 207.500000
v -370.000000 -77.000000 207.500000
v -393.000000 -77.000000 207.500000
v -393.000000 -43.577518 207.500000
v -402.000000 0.000000 207.500000
v -400.987610 -14.889587 207.500000
v -397.969086 -29.505102 207.500000
v -393.000000 43.577518 207.500000
v -397.969086 29.505102 207.500000
v -400.987610 14.889587 207.500000
v -393.000000 77.000000 207.500000
v -370.000000 77.000000 207.500000
v -361.000000 102.500000 207.500000
v -290.000000 77.354164 207.500000
v -290.000000 180.000000 207.500000
v -313.000000 180.000000 207.500000
v -353.000000 260.000000 207.500000
v -358.000000 260.000000 207.500000
v -358.000000 232.000000 207.500000
v -406.000000 232.000000 207.500000
v -393.500000 159.500000 207.500000
v -393.500000 108.500000 207.500000
v -370.500000 159.500000 207.500000
v -370.500000 108.500000 207.500000
v -393.500000 -108.500000 207.500000
v -393.500000 -131.500000 207.500000
v -370.500000 -108.500000 207.500000
v -370.500000 -131.500000 207.500000
vn 0.000000 0.000000 1.000000
vn 0.000000 0.000000 1.000000
vn 0.000000 0.000000 1.000000
vn 0.000000 0.000000 1.000000
vn 0.000000 0.000000 1.000000
vn 0.000000 0.000000 1.000000
vn 0.000000 0.000000 1.000000
vn 0.000000 0.000000 1.000000
vn 0.000000 0.000000 1.000000
vn 0.000000 0.000000 1.000000
vn 0.000000 0.000000 1.000000
vn 0.000000 0.000000 1.000000
vn 0.000000 0.000000 1.000000
vn 0.000000 0.000000 1.000000
vn 0.000000 0.000000 1.000000
vn 0.000000 0.000000 1.000000
vn 0.000000 0.000000 1.000000
vn 0.000000 0.000000 1.000000
vn 0.000000 0.000000 1.000000
vn 0.000000 0.000000 1.000000
vn 0.000000 0.000000 1.000000
vn 0.000000 0.000000 1.000000
vn 0.000000 0.000000 1.000000
vn 0.000000 0.000000 1.000000
vn 0.000000 0.000000 1.000000
vn 0.000000 0.000000 1.000000
vn 0.000000 0.000000 1.000000
vn 0.000000 0.000000 1.000000
vn 0.000000 0.000000 1.000000
vn 0.000000 0.000000 1.000000
vn 0.000000 0.000000 1.000000
vn 0.000000 0.000000 1.000000
vn 0.000000 0.000000 1.000000
vn 0.000000 0.000000 1.000000
vn 0.000000 0.000000 1.000000
vn 0.000000 0.000000 1.000000
vn 0.000000 0.000000 1.000000
vn 0.000000 0.000000 1.000000
vn 0.000000 0.000000 1.000000
f 1262//1262 1260//1260 1261//1261
f 1263//1263 1264//1264 1265//1265
f 1294//1294 1260//1260 1262//1262
f 1293//1293 1260//1260 1294//1294
f 1296//1296 1262//1262 1263//1263
f 1296//1296 1294//1294 1262//1262
f 1266//1266 1296//1296 1263//1263
f 1271//1271 1293//1293 1295//1295
f 1269//1269 1295//1295 1296//1296
f 1269//1269 1296//1296 1266//1266
f 1270//1270 1271//1271 1295//1295
f 1270//1270 1295//1295 1269//1269
f 1275//1275 1271//1271 1272//1272
f 1274//1274 1293//1293 1271//1271
f 1274//1274 1271//1271 1275//1275
f 1268//1268 1266//1266 1267//1267
f 1268//1268 1269//1269 1266//1266
f 1279//1279 1277//1277 1276//1276
f 1279//1279 1278//1278 1277//1277
f 1290//1290 1278//1278 1279//1279
f 1292//1292 1279//1279 1280//1280
f 1292//1292 1290//1290 1279//1279
f 1281//1281 1292//1292 1280//1280
f 1291//1291 1292//1292 1281//1281
f 1258//1258 1290//1290 1289//1289
f 1258//1258 1278//1278 1290//1290
f 1258//1258 1289//1289 1288//1288
f 1259//1259 1258//1258 1288//1288
f 1284//1284 1281//1281 1282//1282
f 1284//1284 1291//1291 1281//1281
f 1287//1287 1291//1291 1284//1284
f 1287//1287 1289//1289 1291//1291
f 1287//1287 1288//1288 1289//1289
f 1283//1283 1284//1284 1282//1282
f 1285//1285 1286//1286 1287//1287
f 1258//1258 1260//1260 1273//1273
f 1273//1273 1260//1260 1274//1274
f 1274//1274 1260//1260 1293//1293
f 1258//1258 1273//1273 1278//1278
f 1265//1265 1266//1266 1263//1263
f 1284//1284 1285//1285 1287//1287
v -265.000000 -68.500000 169.000000
v -290.000000 -77.354164 207.500000
v -361.000000 -102.500000 169.000000
v -361.000000 -102.500000 207.500000
vn -0.333847 0.942627 0.000000
vn -0.333847 0.942627 0.000000
vn -0.333847 0.942627 0.000000
vn -0.333847 0.942627 0.000000
f 1299//1299 1298//1298 1297//1297
f 1300//1300 1298//1298 1299//1299
v -265.000000 -68.500000 169.000000
v -265.000000 -180.000000 169.000000
v -290.000000 -180.000000 207.500000
v -290.000000 -77.354164 207.500000
vn 0.838692 0.000000 0.544605
vn 0.838692 0.000000 0.544605
vn 0.838692 0.000000 0.544605
vn 0.838692 0.000000 0.544605
f 1304//1304 1302//1302 1301//1301
f 1304//1304 1303//1303 1302//1302
v -290.000000 77.354164 207.500000
v -265.000000 68.500000 169.000000
v -361.000000 102.500000 207.500000
v -361.000000 102.500000 169.000000
vn -0.333847 -0.942627 0.000000
vn -0.333847 -0.942627 0.000000
vn -0.333847 -0.942627 0.000000
vn -0.333847 -0.942627 0.000000
f 1305//1305 1307//1307 1308//1308
f 1305//1305 1308//1308 1306//1306
v -361.000000 102.500000 169.000000
v -370.000000 77.000000 169.000000
v -361.000000 102.500000 207.500000
v -370.000000 77.000000 207.500000
vn 0.942990 -0.332820 0.000000
vn 0.942990 -0.332820 0.000000
vn 0.942990 -0.332820 0.000000
vn 0.942990 -0.332820 0.000000
f 1312//1312 1310//1310 1309//1309
f 1311//1311 1312//1312 1309//1309
v -370.000000 77.000000 169.000000
v -393.000000 77.000000 169.000000
v -370.000000 77.000000 207.500000
v -393.000000 77.000000 207.500000
vn 0.000000 -1.000000 0.000000
vn 0.000000 -1.000000 0.000000
vn 0.000000 -1.000000 0.000000
vn 0.000000 -1.000000 0.000000
f 1316//1316 1314//1314 1313//1313
f 1315//1315 1316//1316 1313//1313
v -393.000000 77.000000 169.000000
v -393.000000 43.577518 169.000000
v -393.000000 77.000000 207.500000
v -393.000000 43.577518 207.500000
vn 1.000000 -0.000000 0.000000
vn 1.000000 -0.000000 0.000000
vn 1.000000 -0.000000 0.000000
vn 1.000000 -0.000000 0.000000
f 1317//1317 1319//1319 1320//1320
f 1317//1317 1320//1320 1318//1318
v -402.000000 0.000000 207.500000
v -402.000000 -0.000000 169.000000
v -393.000000 43.577518 207.500000
v -397.969086 29.505102 207.500000
v -400.987610 14.889587 207.500000
v -393.000000 43.577518 169.000000
v -397.968964 29.505306 169.000000
v -400.987549 14.889365 169.000000
vn 1.000000 -0.000000 -0.000000
vn 1.000000 -0.000000 -0.000000
vn 0.918182 -0.396159 -0.000000
vn 0.963355 -0.268228 -0.000000
vn 0.990797 -0.135360 -0.000000
vn 0.918182 -0.396159 -0.000000
vn 0.963355 -0.268228 -0.000000
vn 0.990797 -0.135360 -0.000000
f 1328//1328 1321//1321 1322//1322
f 1328//1328 1325//1325 1321//1321
f 1327//1327 1324//1324 1325//1325
f 1327//1327 1325//1325 1328//1328
f 1326//1326 1323//1323 1324//1324
f 1326//1326 1324//1324 1327//1327
v -402.000000 0.000000 207.500000
v -402.000000 -0.000000 169.000000
v -400.987579 -14.889410 169.000000
v -397.968994 -29.505259 169.000000
v -393.000000 -43.577518 169.000000
v -393.000000 -43.577518 207.500000
v -400.987610 -14.889587 207.500000
v -397.969086 -29.505102 207.500000
vn 1.000000 -0.000000 -0.000000
vn 1.000000 0.000000 -0.000000
vn 0.990797 0.135360 -0.000000
vn 0.963355 0.268228 -0.000000
vn 0.918182 0.396159 -0.000000
vn 0.918182 0.396159 -0.000000
vn 0.990797 0.135360 -0.000000
vn 0.963355 0.268228 -0.000000
f 1332//1332 1334//1334 1333//1333
f 1332//1332 1336//1336 1334//1334
f 1331//1331 1335//1335 1336//1336
f 1331//1331 1336//1336 1332//1332
f 1330//1330 1329//1329 1335//1335
f 1330//1330 1335//1335 1331//1331
v -393.000000 -43.577518 169.000000
v -393.000000 -77.000000 169.000000
v -393.000000 -43.577518 207.500000
v -393.000000 -77.000000 207.500000
vn 1.000000 -0.000000 0.000000
vn 1.000000 -0.000000 0.000000
vn 1.000000 -0.000000 0.000000
vn 1.000000 -0.000000 0.000000
f 1337//1337 1339//1339 1340//1340
f 1337//1337 1340//1340 1338//1338
v -393.000000 -77.000000 169.000000
v -370.000000 -77.000000 169.000000
v -393.000000 -77.000000 207.500000
v -370.000000 -77.000000 207.500000
vn -0.000000 1.000000 0.000000
vn -0.000000 1.000000 0.000000
vn -0.000000 1.000000 0.000000
vn -0.000000 1.000000 0.000000
f 1344//1344 1342//1342 1341//1341
f 1343//1343 1344//1344 1341//1341
v -370.000000 -77.000000 169.000000
v -361.000000 -102.500000 169.000000
v -370.000000 -77.000000 207.500000
v -361.000000 -102.500000 207.500000
vn 0.942990 0.332820 -0.000000
vn 0.942990 0.332820 -0.000000
vn 0.942990 0.332820 -0.000000
vn 0.942990 0.332820 -0.000000
f 1348//1348 1346//1346 1345//1345
f 1347//1347 1348//1348 1345//1345
v -327.000000 -0.000000 174.000000
v -327.000000 -0.000000 169.000000
v -257.000000 -0.000000 169.000000
v -257.531738 -6.077686 169.000000
v -259.110748 -11.970705 169.000000
v -261.689117 -17.500000 169.000000
v -265.188446 -22.497566 169.000000
v -269.502441 -26.811556 169.000000
v -274.500000 -30.310888 169.000000
v -280.029297 -32.889240 169.000000
v -285.922302 -34.468273 169.000000
v -292.000000 -35.000000 169.000000
v -298.077698 -34.468273 169.000000
v -303.970703 -32.889240 169.000000
v -309.500000 -30.310888 169.000000
v -314.497559 -26.811556 169.000000
v -318.811554 -22.497566 169.000000
v -322.310883 -17.500000 169.000000
v -324.889252 -11.970705 169.000000
v -326.468262 -6.077686 169.000000
v -257.000000 -0.000000 174.000000
v -257.531738 -6.077686 174.000000
v -259.110748 -11.970705 174.000000
v -261.689117 -17.500000 174.000000
v -265.188446 -22.497566 174.000000
v -269.502441 -26.811556 174.000000
v -274.500000 -30.310888 174.000000
v -280.029297 -32.889240 174.000000
v -285.922302 -34.468273 174.000000
v -292.000000 -35.000000 174.000000
v -298.077698 -34.468273 174.000000
v -303.970703 -32.889240 174.000000
v -309.500000 -30.310888 174.000000
v -314.497559 -26.811556 174.000000
v -318.811554 -22.497566 174.000000
v -322.310883 -17.500000 174.000000
v -324.889252 -11.970705 174.000000
v -326.468262 -6.077686 174.000000
vn -1.000000 -0.000000 -0.000000
vn -1.000000 -0.000000 -0.000000
vn 1.000000 0.000000 0.000000
vn 0.984808 -0.173648 0.000000
vn 0.939693 -0.342020 0.000000
vn 0.866025 -0.500000 0.000000
vn 0.766044 -0.642788 0.000000
vn 0.642788 -0.766044 0.000000
vn 0.500000 -0.866025 0.000000
vn 0.342020 -0.939693 0.000000
vn 0.173648 -0.984808 0.000000
vn 0.000000 -1.000000 0.000000
vn -0.173648 -0.984808 -0.000000
vn -0.342020 -0.939693 -0.000000
vn -0.500000 -0.866025 -0.000000
vn -0.642788 -0.766044 -0.000000
vn -0.766044 -0.642788 -0.000000
vn -0.866025 -0.500000 -0.000000
vn -0.939693 -0.342020 -0.000000
vn -0.984808 -0.173648 -0.000000
vn 1.000000 0.000000 0.000000
vn 0.984808 -0.173648 0.000000
vn 0.939693 -0.342020 0.000000
vn 0.866025 -0.500000 0.000000
vn 0.766044 -0.642788 0.000000
vn 0.642788 -0.766044 0.000000
vn 0.500000 -0.866025 0.000000
vn 0.342020 -0.939693 0.000000
vn 0.173648 -0.984808 0.000000
vn 0.000000 -1.000000 0.000000
vn -0.173648 -0.984808 -0.000000
vn -0.342020 -0.939693 -0.000000
vn -0.500000 -0.866025 -0.000000
vn -0.642788 -0.766044 -0.000000
vn -0.766044 -0.642788 -0.000000
vn -0.866025 -0.500000 -0.000000
vn -0.939693 -0.342020 -0.000000
vn -0.984808 -0.173648 -0.000000
f 1352//1352 1351//1351 1369//1369
f 1352//1352 1369//1369 1370//1370
f 1353//1353 1370//1370 1371//1371
f 1353//1353 1371//1371 1372//1372
f 1353//1353 1352//1352 1370//1370
f 1354//1354 1353//1353 1372//1372
f 1355//1355 1372//1372 1373//1373
f 1355//1355 1354//1354 1372//1372
f 1356//1356 1373//1373 1374//1374
f 1356//1356 1355//1355 1373//1373
f 1357//1357 1374//1374 1375//1375
f 1357//1357 1356//1356 1374//1374
f 1358//1358 1375//1375 1376//1376
f 1358//1358 1357//1357 1375//1375
f 1359//1359 1376//1376 1377//1377
f 1359//1359 1358//1358 1376//1376
f 1360//1360 1377//1377 1378//1378
f 1360//1360 1378//1378 1379//1379
f 1360//1360 1359//1359 1377//1377
f 1361//1361 1360//1360 1379//1379
f 1362//1362 1379//1379 1380//1380
f 1362//1362 1361//1361 1379//1379
f 1363//1363 1380//1380 1381//1381
f 1363//1363 1362//1362 1380//1380
f 1364//1364 1381//1381 1382//1382
f 1364//1364 1363//1363 1381//1381
f 1365//1365 1382//1382 1383//1383
f 1365//1365 1364//1364 1382//1382
f 1366//1366 1383//1383 1384//1384
f 1366//1366 1365//1365 1383//1383
f 1367//1367 1366//1366 1384//1384
f 1367//1367 1384//1384 1385//1385
f 1368//1368 1367//1367 1385//1385
f 1368//1368 1385//1385 1386//1386
f 1350//1350 1368//1368 1386//1386
f 1350//1350 1386//1386 1349//1349
v -257.000000 -0.000000 174.000000
v -257.000000 -0.000000 169.000000
v -327.000000 -0.000000 169.000000
v -326.468262 6.077686 169.000000
v -324.889252 11.970705 169.000000
v -322.310883 17.500000 169.000000
v -318.811554 22.497566 169.000000
v -314.497559 26.811556 169.000000
v -309.500000 30.310888 169.000000
v -303.970703 32.889240 169.000000
v -298.077698 34.468273 169.000000
v -292.000000 35.000000 169.000000
v -285.922302 34.468273 169.000000
v -280.029297 32.889240 169.000000
v -274.500000 30.310888 169.000000
v -269.502441 26.811556 169.000000
v -265.188446 22.497566 169.000000
v -261.689117 17.500000 169.000000
v -259.110748 11.970705 169.000000
v -257.531738 6.077686 169.000000
v -327.000000 -0.000000 174.000000
v -326.468262 6.077686 174.000000
v -324.889252 11.970705 174.000000
v -322.310883 17.500000 174.000000
v -318.811554 22.497566 174.000000
v -314.497559 26.811556 174.000000
v -309.500000 30.310888 174.000000
v -303.970703 32.889240 174.000000
v -298.077698 34.468273 174.000000
v -292.000000 35.000000 174.000000
v -285.922302 34.468273 174.000000
v -280.029297 32.889240 174.000000
v -274.500000 30.310888 174.000000
v -269.502441 26.811556 174.000000
v -265.188446 22.497566 174.000000
v -261.689117 17.500000 174.000000
v -259.110748 11.970705 174.000000
v -257.531738 6.077686 174.000000
vn 1.000000 0.000000 0.000000
vn 1.000000 0.000000 0.000000
vn -1.000000 0.000000 0.000000
vn -0.984808 0.173648 0.000000
vn -0.939693 0.342020 0.000000
vn -0.866025 0.500000 0.000000
vn -0.766044 0.642788 0.000000
vn -0.642788 0.766044 0.000000
vn -0.500000 0.866025 0.000000
vn -0.342020 0.939693 0.000000
vn -0.173648 0.984808 0.000000
vn -0.000000 1.000000 0.000000
vn 0.173648 0.984808 0.000000
vn 0.342020 0.939693 0.000000
vn 0.500000 0.866025 0.000000
vn 0.642788 0.766044 0.000000
vn 0.766044 0.642788 0.000000
vn 0.866025 0.500000 0.000000
vn 0.939693 0.342020 0.000000
vn 0.984808 0.173648 0.000000
vn -1.000000 0.000000 0.000000
vn -0.984808 0.173648 0.000000
vn -0.939693 0.342020 0.000000
vn -0.866025 0.500000 0.000000
vn -0.766044 0.642788 0.000000
vn -0.642788 0.766044 0.000000
vn -0.500000 0.866025 0.000000
vn -0.342020 0.939693 0.000000
vn -0.173648 0.984808 0.000000
vn -0.000000 1.000000 0.000000
vn 0.173648 0.984808 0.000000
vn 0.342020 0.939693 0.000000
vn 0.500000 0.866025 0.000000
vn 0.642788 0.766044 0.000000
vn 0.766044 0.642788 0.000000
vn 0.866025 0.500000 0.000000
vn 0.939693 0.342020 0.000000
vn 0.984808 0.173648 0.000000
f 1390//1390 1389//1389 1407//1407
f 1390//1390 1407//1407 1408//1408
f 1391//1391 1408//1408 1409//1409
f 1391//1391 1390//1390 1408//1408
f 1392//1392 1409//1409 1410//1410
f 1392//1392 1410//1410 1411//1411
f 1392//1392 1391//1391 1409//1409
f 1393//1393 1392//1392 1411//1411
f 1394//1394 1411//1411 1412//1412
f 1394//1394 1393//1393 1411//1411
f 1395//1395 1412//1412 1413//1413
f 1395//1395 1394//1394 1412//1412
f 1396//1396 1413//1413 1414//1414
f 1396//1396 1395//1395 1413//1413
f 1397//1397 1414//1414 1415//1415
f 1397//1397 1396//1396 1414//1414
f 1398//1398 1415//1415 1416//1416
f 1398//1398 1397//1397 1415//1415
f 1399//1399 1416//1416 1417//1417
f 1399//1399 1398//1398 1416//1416
f 1400//1400 1417//1417 1418//1418
f 1400//1400 1399//1399 1417//1417
f 1401//1401 1418//1418 1419//1419
f 1401//1401 1400//1400 1418//1418
f 1402//1402 1419//1419 1420//1420
f 1402//1402 1401//1401 1419//1419
f 1403//1403 1420//1420 1421//1421
f 1403//1403 1402//1402 1420//1420
f 1404//1404 1403//1403 1421//1421
f 1404//1404 1421//1421 1422//1422
f 1405//1405 1404//1404 1422//1422
f 1405//1405 1422//1422 1423//1423
f 1406//1406 1405//1405 1423//1423
f 1406//1406 1423//1423 1424//1424
f 1388//1388 1406//1406 1424//1424
f 1388//1388 1424//1424 1387//1387
v -313.000000 -180.000000 35.000000
v -353.000000 -260.000000 35.000000
v -313.000000 -180.000000 207.500000
v -353.000000 -260.000000 207.500000
vn 0.894427 -0.447214 0.000000
vn 0.894427 -0.447214 0.000000
vn 0.894427 -0.447214 0.000000
vn 0.894427 -0.447214 0.000000
f 1427//1427 1426//1426 1425//1425
f 1427//1427 1428//1428 1426//1426
v -240.000000 -180.000000 35.000000
v -313.000000 -180.000000 35.000000
v -353.000000 -260.000000 35.000000
v -343.000000 -260.000000 35.000000
v -343.000000 -280.000000 35.000000
v -323.000000 -300.000000 35.000000
v -110.000000 -300.000000 35.000000
v -110.000000 -279.105713 35.000000
v -147.340302 -261.325165 35.000000
v -181.880417 -238.578110 35.000000
v -212.963898 -211.296906 35.000000
v -249.000000 -230.000000 35.000000
v -249.309021 -233.589142 35.000000
v -250.226974 -237.072937 35.000000
v -251.609894 -240.139221 35.000000
v -253.327835 -242.768616 35.000000
v -255.418884 -245.112564 35.000000
v -257.835907 -247.118271 35.000000
v -260.525055 -248.740982 35.000000
v -263.426422 -249.944580 35.000000
v -266.474640 -250.701981 35.000000
v -268.230591 -250.925308 35.000000
v -270.000000 -251.000000 35.000000
v -273.589172 -250.690979 35.000000
v -277.072906 -249.773041 35.000000
v -280.139221 -248.390091 35.000000
v -282.768677 -246.672119 35.000000
v -285.112579 -244.581116 35.000000
v -287.118317 -242.164032 35.000000
v -288.741028 -239.474838 35.000000
v -289.944611 -236.573547 35.000000
v -290.701996 -233.525299 35.000000
v -290.925323 -231.769379 35.000000
v -291.000000 -230.000000 35.000000
v -290.690979 -226.410858 35.000000
v -289.773041 -222.927063 35.000000
v -288.390106 -219.860779 35.000000
v -286.672150 -217.231384 35.000000
v -284.581116 -214.887436 35.000000
v -282.164093 -212.881729 35.000000
v -279.474945 -211.259018 35.000000
v -276.573578 -210.055420 35.000000
v -273.525360 -209.298019 35.000000
v -271.769409 -209.074692 35.000000
v -270.000000 -209.000000 35.000000
v -266.410828 -209.309021 35.000000
v -262.927094 -210.226959 35.000000
v -259.860779 -211.609909 35.000000
v -257.231323 -213.327881 35.000000
v -254.887405 -215.418884 35.000000
v -252.881699 -217.835968 35.000000
v -251.258957 -220.525162 35.000000
v -250.055389 -223.426453 35.000000
v -249.298019 -226.474701 35.000000
v -249.074692 -228.230621 35.000000
v -209.000000 -270.000000 35.000000
v -209.309021 -273.589142 35.000000
v -210.226974 -277.072937 35.000000
v -211.609894 -280.139221 35.000000
v -213.327835 -282.768616 35.000000
v -215.418884 -285.112579 35.000000
v -217.835922 -287.118256 35.000000
v -220.525055 -288.740997 35.000000
v -223.426407 -289.944580 35.000000
v -226.474655 -290.701965 35.000000
v -228.230591 -290.925323 35.000000
v -230.000000 -291.000000 35.000000
v -233.589172 -290.690979 35.000000
v -237.072906 -289.773041 35.000000
v -240.139236 -288.390106 35.000000
v -242.768677 -286.672119 35.000000
v -245.112595 -284.581116 35.000000
v -247.118301 -282.164032 35.000000
v -248.741043 -279.474823 35.000000
v -249.944611 -276.573547 35.000000
v -250.701981 -273.525299 35.000000
v -250.925308 -271.769379 35.000000
v -251.000000 -270.000000 35.000000
v -250.690979 -266.410858 35.000000
v -249.773026 -262.927063 35.000000
v -248.390106 -259.860779 35.000000
v -246.672165 -257.231384 35.000000
v -244.581116 -254.887436 35.000000
v -242.164078 -252.881729 35.000000
v -239.474945 -251.259018 35.000000
v -236.573593 -250.055420 35.000000
v -233.525345 -249.298019 35.000000
v -231.769409 -249.074692 35.000000
v -230.000000 -249.000000 35.000000
v -226.410828 -249.309021 35.000000
v -222.927094 -250.226959 35.000000
v -219.860764 -251.609909 35.000000
v -217.231323 -253.327881 35.000000
v -214.887405 -255.418884 35.000000
v -212.881699 -257.835968 35.000000
v -211.258957 -260.525177 35.000000
v -210.055389 -263.426453 35.000000
v -209.298019 -266.474701 35.000000
v -209.074692 -268.230621 35.000000
vn 0.000000 0.000000 1.000000
vn 0.000000 0.000000 1.000000
vn 0.000000 0.000000 1.000000
vn 0.000000 0.000000 1.000000
vn 0.000000 0.000000 1.000000
vn 0.000000 0.000000 1.000000
vn 0.000000 0.000000 1.000000
vn 0.000000 0.000000 1.000000
vn 0.000000 0.000000 1.000000
vn 0.000000 0.000000 1.000000
vn 0.000000 0.000000 1.000000
vn 0.000000 0.000000 1.000000
vn 0.000000 0.000000 1.000000
vn 0.000000 0.000000 1.000000
vn 0.000000 0.000000 1.000000
vn 0.000000 0.000000 1.000000
vn 0.000000 0.000000 1.000000
vn 0.000000 0.000000 1.000000
vn 0.000000 0.000000 1.000000
vn 0.000000 0.000000 1.000000
vn 0.000000 0.000000 1.000000
vn 0.000000 0.000000 1.000000
vn 0.000000 0.000000 1.000000
vn 0.000000 0.000000 1.000000
vn 0.000000 0.000000 1.000000
vn 0.000000 0.000000 1.000000
vn 0.000000 0.000000 1.000000
vn 0.000000 0.000000 1.000000
vn 0.000000 0.000000 1.000000
vn 0.000000 0.000000 1.000000
vn 0.000000 0.000000 1.000000
vn 0.000000 0.000000 1.000000
vn 0.000000 0.000000 1.000000
vn 0.000000 0.000000 1.000000
vn 0.000000 0.000000 1.000000
vn 0.000000 0.000000 1.000000
vn 0.000000 0.000000 1.000000
vn 0.000000 0.000000 1.000000
vn 0.000000 0.000000 1.000000
vn 0.000000 0.000000 1.000000
vn 0.000000 0.000000 1.000000
vn 0.000000 0.000000 1.000000
vn 0.000000 0.000000 1.000000
vn 0.000000 0.000000 1.000000
vn 0.000000 0.000000 1.000000
vn 0.000000 0.000000 1.000000
vn 0.000000 0.000000 1.000000
vn 0.000000 0.000000 1.000000
vn 0.000000 0.000000 1.000000
vn 0.000000 0.000000 1.000000
vn 0.000000 0.000000 1.000000
vn 0.000000 0.000000 1.000000
vn 0.000000 0.000000 1.000000
vn 0.000000 0.000000 1.000000
vn 0.000000 0.000000 1.000000
vn 0.000000 0.000000 1.000000
vn 0.000000 0.000000 1.000000
vn 0.000000 0.000000 1.000000
vn 0.000000 0.000000 1.000000
vn 0.000000 0.000000 1.000000
vn 0.000000 0.000000 1.000000
vn 0.000000 0.000000 1.000000
vn 0.000000 0.000000 1.000000
vn 0.000000 0.000000 1.000000
vn 0.000000 0.000000 1.000000
vn 0.000000 0.000000 1.000000
vn 0.000000 0.000000 1.000000
vn 0.000000 0.000000 1.000000
vn 0.000000 0.000000 1.000000
vn 0.000000 0.000000 1.000000
vn 0.000000 0.000000 1.000000
vn 0.000000 0.000000 1.000000
vn 0.000000 0.000000 1.000000
vn 0.000000 0.000000 1.000000
vn 0.000000 0.000000 1.000000
vn 0.000000 0.000000 1.000000
vn 0.000000 0.000000 1.000000
vn 0.000000 0.000000 1.000000
vn 0.000000 0.000000 1.000000
vn 0.000000 0.000000 1.000000
vn 0.000000 0.000000 1.000000
vn 0.000000 0.000000 1.000000
vn 0.000000 0.000000 1.000000
vn 0.000000 0.000000 1.000000
vn 0.000000 0.000000 1.000000
vn 0.000000 0.000000 1.000000
vn 0.000000 0.000000 1.000000
vn 0.000000 0.000000 1.000000
vn 0.000000 0.000000 1.000000
vn 0.000000 0.000000 1.000000
vn 0.000000 0.000000 1.000000
vn 0.000000 0.000000 1.000000
vn 0.000000 0.000000 1.000000
vn 0.000000 0.000000 1.000000
vn 0.000000 0.000000 1.000000
vn 0.000000 0.000000 1.000000
vn 0.000000 0.000000 1.000000
vn 0.000000 0.000000 1.000000
vn 0.000000 0.000000 1.000000
f 1432//1432 1433//1433 1434//1434
f 1456//1456 1432//1432 1434//1434
f 1455//1455 1456//1456 1434//1434
f 1499//1499 1500//1500 1434//1434
f 1501//1501 1434//1434 1500//1500
f 1457//1457 1432//1432 1456//1456
f 1498//1498 1499//1499 1434//1434
f 1454//1454 1455//1455 1434//1434
f 1502//1502 1434//1434 1501//1501
f 1458//1458 1432//1432 1457//1457
f 1497//1497 1498//1498 1434//1434
f 1453//1453 1454//1454 1434//1434
f 1503//1503 1453//1453 1434//1434
f 1503//1503 1434//1434 1502//1502
f 1459//1459 1432//1432 1458//1458
f 1496//1496 1497//1497 1434//1434
f 1452//1452 1453//1453 1503//1503
f 1504//1504 1452//1452 1503//1503
f 1460//1460 1432//1432 1459//1459
f 1505//1505 1452//1452 1504//1504
f 1461//1461 1432//1432 1460//1460
f 1462//1462 1432//1432 1461//1461
f 1495//1495 1496//1496 1434//1434
f 1451//1451 1452//1452 1505//1505
f 1451//1451 1505//1505 1506//1506
f 1450//1450 1451//1451 1506//1506
f 1463//1463 1432//1432 1462//1462
f 1507//1507 1449//1449 1450//1450
f 1507//1507 1450//1450 1506//1506
f 1448//1448 1449//1449 1507//1507
f 1508//1508 1448//1448 1507//1507
f 1447//1447 1448//1448 1508//1508
f 1509//1509 1447//1447 1508//1508
f 1446//1446 1447//1447 1509//1509
f 1510//1510 1446//1446 1509//1509
f 1445//1445 1446//1446 1510//1510
f 1511//1511 1445//1445 1510//1510
f 1444//1444 1445//1445 1511//1511
f 1512//1512 1444//1444 1511//1511
f 1430//1430 1431//1431 1432//1432
f 1430//1430 1463//1463 1464//1464
f 1430//1430 1464//1464 1465//1465
f 1430//1430 1432//1432 1463//1463
f 1430//1430 1465//1465 1466//1466
f 1430//1430 1466//1466 1467//1467
f 1430//1430 1467//1467 1468//1468
f 1443//1443 1444//1444 1512//1512
f 1513//1513 1443//1443 1512//1512
f 1469//1469 1430//1430 1468//1468
f 1442//1442 1443//1443 1513//1513
f 1514//1514 1442//1442 1513//1513
f 1470//1470 1430//1430 1469//1469
f 1441//1441 1442//1442 1514//1514
f 1515//1515 1441//1441 1514//1514
f 1471//1471 1430//1430 1470//1470
f 1516//1516 1441//1441 1515//1515
f 1472//1472 1430//1430 1471//1471
f 1440//1440 1441//1441 1516//1516
f 1440//1440 1516//1516 1517//1517
f 1483//1483 1440//1440 1517//1517
f 1439//1439 1483//1483 1517//1517
f 1439//1439 1479//1479 1480//1480
f 1439//1439 1480//1480 1481//1481
f 1439//1439 1481//1481 1482//1482
f 1439//1439 1482//1482 1483//1483
f 1439//1439 1517//1517 1518//1518
f 1439//1439 1518//1518 1519//1519
f 1439//1439 1519//1519 1520//1520
f 1439//1439 1520//1520 1521//1521
f 1438//1438 1439//1439 1521//1521
f 1438//1438 1521//1521 1522//1522
f 1438//1438 1522//1522 1523//1523
f 1438//1438 1523//1523 1524//1524
f 1438//1438 1524//1524 1525//1525
f 1438//1438 1525//1525 1526//1526
f 1438//1438 1526//1526 1527//1527
f 1438//1438 1527//1527 1484//1484
f 1429//1429 1430//1430 1472//1472
f 1429//1429 1472//1472 1473//1473
f 1429//1429 1473//1473 1474//1474
f 1429//1429 1474//1474 1475//1475
f 1429//1429 1475//1475 1476//1476
f 1429//1429 1476//1476 1477//1477
f 1429//1429 1477//1477 1478//1478
f 1429//1429 1478//1478 1479//1479
f 1429//1429 1479//1479 1439//1439
f 1435//1435 1495//1495 1434//1434
f 1435//1435 1488//1488 1489//1489
f 1435//1435 1489//1489 1490//1490
f 1435//1435 1490//1490 1491//1491
f 1435//1435 1491//1491 1492//1492
f 1435//1435 1492//1492 1493//1493
f 1435//1435 1493//1493 1494//1494
f 1435//1435 1494//1494 1495//1495
f 1437//1437 1484//1484 1485//1485
f 1437//1437 1485//1485 1486//1486
f 1437//1437 1486//1486 1487//1487
f 1437//1437 1487//1487 1488//1488
f 1437//1437 1488//1488 1435//1435
f 1437//1437 1438//1438 1484//1484
f 1436//1436 1437//1437 1435//1435
v -185.000000 -300.000000 10.000000
v -185.000000 -300.000000 0.000000
v -323.000000 -300.000000 0.000000
v -323.000000 -300.000000 35.000000
v -110.000000 -300.000000 35.000000
v -110.000000 -300.000000 10.000000
vn -0.000000 -1.000000 -0.000000
vn -0.000000 -1.000000 -0.000000
vn -0.000000 -1.000000 -0.000000
vn -0.000000 -1.000000 -0.000000
vn -0.000000 -1.000000 -0.000000
vn -0.000000 -1.000000 -0.000000
f 1528//1528 1530//1530 1529//1529
f 1528//1528 1531//1531 1530//1530
f 1532//1532 1528//1528 1533//1533
f 1531//1531 1528//1528 1532//1532
v 185.000000 -260.477264 10.000000
v 185.000000 -260.477264 0.000000
v 185.000000 -300.000000 10.000000
v 185.000000 -300.000000 0.000000
vn -1.000000 0.000000 -0.000000
vn -1.000000 0.000000 -0.000000
vn -1.000000 0.000000 -0.000000
vn -1.000000 0.000000 -0.000000
f 1535//1535 1536//1536 1534//1534
f 1535//1535 1537//1537 1536//1536
v 185.000000 -300.000000 0.000000
v 323.000000 -300.000000 0.000000
v 348.000000 -275.000000 0.000000
v 348.000000 -230.000000 0.000000
v 343.000000 -225.000000 0.000000
v 343.000000 -185.000000 0.000000
v 260.477264 -185.000000 0.000000
v 185.000000 -260.477264 0.000000
v 300.000000 -205.000000 0.000000
v 300.151917 -206.736481 0.000000
v 300.603088 -208.420197 0.000000
v 301.339752 -210.000000 0.000000
v 302.339569 -211.427872 0.000000
v 303.572113 -212.660446 0.000000
v 305.000000 -213.660248 0.000000
v 306.579803 -214.396927 0.000000
v 308.263519 -214.848083 0.000000
v 310.000000 -215.000000 0.000000
v 311.736481 -214.848083 0.000000
v 313.420197 -214.396927 0.000000
v 315.000000 -213.660248 0.000000
v 316.427887 -212.660446 0.000000
v 317.660431 -211.427872 0.000000
v 318.660248 -210.000000 0.000000
v 319.396912 -208.420197 0.000000
v 319.848083 -206.736481 0.000000
v 320.000000 -205.000000 0.000000
v 319.848083 -203.263519 0.000000
v 319.396912 -201.579803 0.000000
v 318.660248 -200.000000 0.000000
v 317.660431 -198.572128 0.000000
v 316.427887 -197.339554 0.000000
v 315.000000 -196.339752 0.000000
v 313.420197 -195.603073 0.000000
v 311.736481 -195.151917 0.000000
v 310.000000 -195.000000 0.000000
v 308.263519 -195.151917 0.000000
v 306.579803 -195.603073 0.000000
v 305.000000 -196.339752 0.000000
v 303.572113 -197.339554 0.000000
v 302.339569 -198.572128 0.000000
v 301.339752 -200.000000 0.000000
v 300.603088 -201.579803 0.000000
v 300.151917 -203.263519 0.000000
v 218.000000 -270.000000 0.000000
v 218.182312 -272.083771 0.000000
v 218.723694 -274.104248 0.000000
v 219.607697 -276.000000 0.000000
v 220.807465 -277.713440 0.000000
v 222.286545 -279.192535 0.000000
v 224.000000 -280.392303 0.000000
v 225.895752 -281.276306 0.000000
v 227.916229 -281.817688 0.000000
v 230.000000 -282.000000 0.000000
v 232.083771 -281.817688 0.000000
v 234.104248 -281.276306 0.000000
v 236.000000 -280.392303 0.000000
v 237.713455 -279.192535 0.000000
v 239.192535 -277.713440 0.000000
v 240.392303 -276.000000 0.000000
v 241.276306 -274.104248 0.000000
v 241.817688 -272.083771 0.000000
v 242.000000 -270.000000 0.000000
v 241.817688 -267.916229 0.000000
v 241.276306 -265.895752 0.000000
v 240.392303 -264.000000 0.000000
v 239.192535 -262.286560 0.000000
v 237.713455 -260.807465 0.000000
v 236.000000 -259.607697 0.000000
v 234.104248 -258.723694 0.000000
v 232.083771 -258.182312 0.000000
v 230.000000 -258.000000 0.000000
v 227.916229 -258.182312 0.000000
v 225.895752 -258.723694 0.000000
v 224.000000 -259.607697 0.000000
v 222.286545 -260.807465 0.000000
v 220.807465 -262.286560 0.000000
v 219.607697 -264.000000 0.000000
v 218.723694 -265.895752 0.000000
v 218.182312 -267.916229 0.000000
v 258.000000 -230.000000 0.000000
v 258.182312 -232.083771 0.000000
v 258.723694 -234.104248 0.000000
v 259.607697 -236.000000 0.000000
v 260.807465 -237.713455 0.000000
v 262.286560 -239.192535 0.000000
v 264.000000 -240.392303 0.000000
v 265.895752 -241.276306 0.000000
v 267.916229 -241.817688 0.000000
v 270.000000 -242.000000 0.000000
v 272.083771 -241.817688 0.000000
v 274.104248 -241.276306 0.000000
v 276.000000 -240.392303 0.000000
v 277.713440 -239.192535 0.000000
v 279.192535 -237.713455 0.000000
v 280.392303 -236.000000 0.000000
v 281.276306 -234.104248 0.000000
v 281.817688 -232.083771 0.000000
v 282.000000 -230.000000 0.000000
v 281.817688 -227.916229 0.000000
v 281.276306 -225.895752 0.000000
v 280.392303 -224.000000 0.000000
v 279.192535 -222.286545 0.000000
v 277.713440 -220.807465 0.000000
v 276.000000 -219.607697 0.000000
v 274.104248 -218.723694 0.000000
v 272.083771 -218.182312 0.000000
v 270.000000 -218.000000 0.000000
v 267.916229 -218.182312 0.000000
v 265.895752 -218.723694 0.000000
v 264.000000 -219.607697 0.000000
v 262.286560 -220.807465 0.000000
v 260.807465 -222.286545 0.000000
v 259.607697 -224.000000 0.000000
v 258.723694 -225.895752 0.000000
v 258.182312 -227.916229 0.000000
vn -0.000000 -0.000000 -1.000000
vn -0.000000 -0.000000 -1.000000
vn -0.000000 -0.000000 -1.000000
vn -0.000000 -0.000000 -1.000000
vn -0.000000 -0.000000 -1.000000
vn -0.000000 -0.000000 -1.000000
vn -0.000000 -0.000000 -1.000000
vn -0.000000 -0.000000 -1.000000
vn -0.000000 -0.000000 -1.000000
vn -0.000000 -0.000000 -1.000000
vn -0.000000 -0.000000 -1.000000
vn -0.000000 -0.000000 -1.000000
vn -0.000000 -0.000000 -1.000000
vn -0.000000 -0.000000 -1.000000
vn -0.000000 -0.000000 -1.000000
vn -0.000000 -0.000000 -1.000000
vn -0.000000 -0.000000 -1.000000
vn -0.000000 -0.000000 -1.000000
vn -0.000000 -0.000000 -1.000000
vn -0.000000 -0.000000 -1.000000
vn -0.000000 -0.000000 -1.000000
vn -0.000000 -0.000000 -1.000000
vn -0.000000 -0.000000 -1.000000
vn -0.000000 -0.000000 -1.000000
vn -0.000000 -0.000000 -1.000000
vn -0.000000 -0.000000 -1.000000
vn -0.000000 -0.000000 -1.000000
vn -0.000000 -0.000000 -1.000000
vn -0.000000 -0.000000 -1.000000
vn -0.000000 -0.000000 -1.000000
vn -0.000000 -0.000000 -1.000000
vn -0.000000 -0.000000 -1.000000
vn -0.000000 -0.000000 -1.000000
vn -0.000000 -0.000000 -1.000000
vn -0.000000 -0.000000 -1.000000
vn -0.000000 -0.000000 -1.000000
vn -0.000000 -0.000000 -1.000000
vn -0.000000 -0.000000 -1.000000
vn -0.000000 -0.000000 -1.000000
vn -0.000000 -0.000000 -1.000000
vn -0.000000 -0.000000 -1.000000
vn -0.000000 -0.000000 -1.000000
vn -0.000000 -0.000000 -1.000000
vn -0.000000 -0.000000 -1.000000
vn -0.000000 -0.000000 -1.000000
vn -0.000000 -0.000000 -1.000000
vn -0.000000 -0.000000 -1.000000
vn -0.000000 -0.000000 -1.000000
vn -0.000000 -0.000000 -1.000000
vn -0.000000 -0.000000 -1.000000
vn -0.000000 -0.000000 -1.000000
vn -0.000000 -0.000000 -1.000000
vn -0.000000 -0.000000 -1.000000
vn -0.000000 -0.000000 -1.000000
vn -0.000000 -0.000000 -1.000000
vn -0.000000 -0.000000 -1.000000
vn -0.000000 -0.000000 -1.000000
vn -0.000000 -0.000000 -1.000000
vn -0.000000 -0.000000 -1.000000
vn -0.000000 -0.000000 -1.000000
vn -0.000000 -0.000000 -1.000000
vn -0.000000 -0.000000 -1.000000
vn -0.000000 -0.000000 -1.000000
vn -0.000000 -0.000000 -1.000000
vn -0.000000 -0.000000 -1.000000
vn -0.000000 -0.000000 -1.000000
vn -0.000000 -0.000000 -1.000000
vn -0.000000 -0.000000 -1.000000
vn -0.000000 -0.000000 -1.000000
vn -0.000000 -0.000000 -1.000000
vn -0.000000 -0.000000 -1.000000
vn -0.000000 -0.000000 -1.000000
vn -0.000000 -0.000000 -1.000000
vn -0.000000 -0.000000 -1.000000
vn -0.000000 -0.000000 -1.000000
vn -0.000000 -0.000000 -1.000000
vn -0.000000 -0.000000 -1.000000
vn -0.000000 -0.000000 -1.000000
vn -0.000000 -0.000000 -1.000000
vn -0.000000 -0.000000 -1.000000
vn -0.000000 -0.000000 -1.000000
vn -0.000000 -0.000000 -1.000000
vn -0.000000 -0.000000 -1.000000
vn -0.000000 -0.000000 -1.000000
vn -0.000000 -0.000000 -1.000000
vn -0.000000 -0.000000 -1.000000
vn -0.000000 -0.000000 -1.000000
vn -0.000000 -0.000000 -1.000000
vn -0.000000 -0.000000 -1.000000
vn -0.000000 -0.000000 -1.000000
vn -0.000000 -0.000000 -1.000000
vn -0.000000 -0.000000 -1.000000
vn -0.000000 -0.000000 -1.000000
vn -0.000000 -0.000000 -1.000000
vn -0.000000 -0.000000 -1.000000
vn -0.000000 -0.000000 -1.000000
vn -0.000000 -0.000000 -1.000000
vn -0.000000 -0.000000 -1.000000
vn -0.000000 -0.000000 -1.000000
vn -0.000000 -0.000000 -1.000000
vn -0.000000 -0.000000 -1.000000
vn -0.000000 -0.000000 -1.000000
vn -0.000000 -0.000000 -1.000000
vn -0.000000 -0.000000 -1.000000
vn -0.000000 -0.000000 -1.000000
vn -0.000000 -0.000000 -1.000000
vn -0.000000 -0.000000 -1.000000
vn -0.000000 -0.000000 -1.000000
vn -0.000000 -0.000000 -1.000000
vn -0.000000 -0.000000 -1.000000
vn -0.000000 -0.000000 -1.000000
vn -0.000000 -0.000000 -1.000000
vn -0.000000 -0.000000 -1.000000
vn -0.000000 -0.000000 -1.000000
vn -0.000000 -0.000000 -1.000000
vn -0.000000 -0.000000 -1.000000
f 1587//1587 1538//1538 1586//1586
f 1588//1588 1538//1538 1587//1587
f 1585//1585 1586//1586 1538//1538
f 1589//1589 1538//1538 1588//1588
f 1584//1584 1538//1538 1545//1545
f 1584//1584 1585//1585 1538//1538
f 1590//1590 1538//1538 1589//1589
f 1583//1583 1584//1584 1545//1545
f 1591//1591 1538//1538 1590//1590
f 1582//1582 1583//1583 1545//1545
f 1592//1592 1538//1538 1591//1591
f 1617//1617 1582//1582 1545//1545
f 1616//1616 1617//1617 1545//1545
f 1615//1615 1616//1616 1545//1545
f 1614//1614 1615//1615 1545//1545
f 1613//1613 1614//1614 1545//1545
f 1612//1612 1613//1613 1545//1545
f 1611//1611 1612//1612 1545//1545
f 1539//1539 1538//1538 1592//1592
f 1539//1539 1592//1592 1593//1593
f 1539//1539 1593//1593 1594//1594
f 1539//1539 1594//1594 1595//1595
f 1539//1539 1595//1595 1596//1596
f 1539//1539 1596//1596 1597//1597
f 1539//1539 1597//1597 1598//1598
f 1539//1539 1598//1598 1599//1599
f 1622//1622 1604//1604 1605//1605
f 1622//1622 1605//1605 1606//1606
f 1622//1622 1623//1623 1604//1604
f 1621//1621 1606//1606 1607//1607
f 1621//1621 1622//1622 1606//1606
f 1624//1624 1603//1603 1604//1604
f 1624//1624 1604//1604 1623//1623
f 1620//1620 1621//1621 1607//1607
f 1625//1625 1603//1603 1624//1624
f 1625//1625 1602//1602 1603//1603
f 1626//1626 1602//1602 1625//1625
f 1626//1626 1600//1600 1601//1601
f 1626//1626 1601//1601 1602//1602
f 1619//1619 1607//1607 1608//1608
f 1619//1619 1620//1620 1607//1607
f 1627//1627 1600//1600 1626//1626
f 1627//1627 1599//1599 1600//1600
f 1618//1618 1608//1608 1609//1609
f 1618//1618 1609//1609 1610//1610
f 1618//1618 1619//1619 1608//1608
f 1628//1628 1539//1539 1599//1599
f 1628//1628 1599//1599 1627//1627
f 1653//1653 1618//1618 1610//1610
f 1629//1629 1539//1539 1628//1628
f 1652//1652 1653//1653 1610//1610
f 1652//1652 1610//1610 1611//1611
f 1630//1630 1539//1539 1629//1629
f 1631//1631 1539//1539 1630//1630
f 1632//1632 1539//1539 1631//1631
f 1540//1540 1539//1539 1632//1632
f 1540//1540 1632//1632 1633//1633
f 1544//1544 1643//1643 1644//1644
f 1544//1544 1644//1644 1645//1645
f 1544//1544 1645//1645 1646//1646
f 1544//1544 1646//1646 1647//1647
f 1544//1544 1647//1647 1648//1648
f 1544//1544 1648//1648 1649//1649
f 1544//1544 1649//1649 1650//1650
f 1544//1544 1650//1650 1651//1651
f 1544//1544 1651//1651 1652//1652
f 1544//1544 1652//1652 1611//1611
f 1544//1544 1611//1611 1545//1545
f 1551//1551 1637//1637 1638//1638
f 1550//1550 1638//1638 1639//1639
f 1550//1550 1551//1551 1638//1638
f 1549//1549 1639//1639 1640//1640
f 1549//1549 1550//1550 1639//1639
f 1552//1552 1637//1637 1551//1551
f 1552//1552 1636//1636 1637//1637
f 1548//1548 1640//1640 1641//1641
f 1548//1548 1549//1549 1640//1640
f 1553//1553 1636//1636 1552//1552
f 1553//1553 1635//1635 1636//1636
f 1554//1554 1635//1635 1553//1553
f 1554//1554 1634//1634 1635//1635
f 1547//1547 1641//1641 1642//1642
f 1547//1547 1548//1548 1641//1641
f 1555//1555 1634//1634 1554//1554
f 1555//1555 1633//1633 1634//1634
f 1546//1546 1642//1642 1643//1643
f 1546//1546 1547//1547 1642//1642
f 1556//1556 1540//1540 1633//1633
f 1556//1556 1633//1633 1555//1555
f 1581//1581 1643//1643 1544//1544
f 1581//1581 1546//1546 1643//1643
f 1580//1580 1581//1581 1544//1544
f 1579//1579 1580//1580 1544//1544
f 1578//1578 1579//1579 1544//1544
f 1577//1577 1578//1578 1544//1544
f 1576//1576 1577//1577 1544//1544
f 1575//1575 1576//1576 1544//1544
f 1574//1574 1575//1575 1544//1544
f 1573//1573 1574//1574 1544//1544
f 1542//1542 1541//1541 1540//1540
f 1542//1542 1556//1556 1557//1557
f 1542//1542 1557//1557 1558//1558
f 1542//1542 1558//1558 1559//1559
f 1542//1542 1559//1559 1560//1560
f 1542//1542 1560//1560 1561//1561
f 1542//1542 1561//1561 1562//1562
f 1542//1542 1562//1562 1563//1563
f 1542//1542 1563//1563 1564//1564
f 1542//1542 1540//1540 1556//1556
f 1543//1543 1542//1542 1564//1564
f 1543//1543 1573//1573 1544//1544
f 1543//1543 1564//1564 1565//1565
f 1543//1543 1565//1565 1566//1566
f 1543//1543 1566//1566 1567//1567
f 1543//1543 1567//1567 1568//1568
f 1543//1543 1568//1568 1569//1569
f 1543//1543 1569//1569 1570//1570
f 1543//1543 1570//1570 1571//1571
f 1543//1543 1571//1571 1572//1572
f 1543//1543 1572//1572 1573//1573
v 323.000000 -300.000000 35.000000
v 323.000000 -300.000000 0.000000
v 348.000000 -275.000000 35.000000
v 348.000000 -275.000000 0.000000
vn 0.707107 -0.707107 -0.000000
vn 0.707107 -0.707107 -0.000000
vn 0.707107 -0.707107 -0.000000
vn 0.707107 -0.707107 -0.000000
f 1654//1654 1657//1657 1656//1656
f 1654//1654 1655//1655 1657//1657
v 343.000000 -225.000000 35.000000
v 343.000000 -225.000000 0.000000
v 343.000000 -89.500000 35.000000
v 343.000000 -77.500000 47.000000
v 343.000000 79.148560 47.000000
v 343.000000 92.670311 35.000000
v 343.000000 225.000000 35.000000
v 343.000000 225.000000 0.000000
v 343.000000 185.000000 0.000000
v 343.000000 185.000000 10.000000
v 343.000000 -185.000000 10.000000
v 343.000000 -185.000000 0.000000
vn 1.000000 -0.000000 -0.000000
vn 1.000000 -0.000000 -0.000000
vn 1.000000 -0.000000 -0.000000
vn 1.000000 -0.000000 -0.000000
vn 1.000000 -0.000000 -0.000000
vn 1.000000 -0.000000 -0.000000
vn 1.000000 -0.000000 -0.000000
vn 1.000000 -0.000000 -0.000000
vn 1.000000 -0.000000 -0.000000
vn 1.000000 -0.000000 -0.000000
vn 1.000000 -0.000000 -0.000000
vn 1.000000 -0.000000 -0.000000
f 1668//1668 1658//1658 1659//1659
f 1668//1668 1659//1659 1669//1669
f 1660//1660 1658//1658 1668//1668
f 1662//1662 1661//1661 1660//1660
f 1663//1663 1662//1662 1660//1660
f 1665//1665 1667//1667 1666//1666
f 1664//1664 1663//1663 1667//1667
f 1664//1664 1667//1667 1665//1665
f 1667//1667 1660//1660 1668//1668
f 1667//1667 1663//1663 1660//1660
v 348.000000 -275.000000 35.000000
v 348.000000 -275.000000 0.000000
v 348.000000 -230.000000 35.000000
v 348.000000 -230.000000 0.000000
vn 1.000000 -0.000000 -0.000000
vn 1.000000 -0.000000 -0.000000
vn 1.000000 -0.000000 -0.000000
vn 1.000000 -0.000000 -0.000000
f 1672//1672 1670//1670 1671//1671
f 1672//1672 1671//1671 1673//1673
v 348.000000 -230.000000 35.000000
v 348.000000 -230.000000 0.000000
v 343.000000 -225.000000 35.000000
v 343.000000 -225.000000 0.000000
vn 0.707107 0.707107 -0.000000
vn 0.707107 0.707107 -0.000000
vn 0.707107 0.707107 -0.000000
vn 0.707107 0.707107 -0.000000
f 1674//1674 1677//1677 1676//1676
f 1674//1674 1675//1675 1677//1677
v 310.000000 -184.000000 35.000000
v 310.000000 -184.000000 30.000000
v 313.589172 -184.309021 35.000000
v 317.072906 -185.226959 35.000000
v 320.139221 -186.609909 35.000000
v 322.768677 -188.327881 35.000000
v 325.112579 -190.418884 35.000000
v 327.118317 -192.835968 35.000000
v 328.741028 -195.525162 35.000000
v 329.944611 -198.426453 35.000000
v 330.701996 -201.474701 35.000000
v 330.925323 -203.230621 35.000000
v 331.000000 -205.000000 35.000000
v 330.690979 -208.589142 35.000000
v 329.773041 -212.072937 35.000000
v 328.390106 -215.139221 35.000000
v 326.672150 -217.768616 35.000000
v 324.581116 -220.112564 35.000000
v 322.164093 -222.118271 35.000000
v 319.474945 -223.740982 35.000000
v 316.573578 -224.944580 35.000000
v 313.525360 -225.701981 35.000000
v 311.769409 -225.925308 35.000000
v 310.000000 -226.000000 35.000000
v 310.000000 -226.000000 30.000000
v 331.000000 -205.000000 30.000000
v 330.680969 -208.646606 30.000000
v 329.733551 -212.182419 30.000000
v 328.186523 -215.500000 30.000000
v 326.086945 -218.498535 30.000000
v 323.498535 -221.086929 30.000000
v 320.500000 -223.186539 30.000000
v 317.182434 -224.733551 30.000000
v 313.646606 -225.680969 30.000000
v 313.646606 -184.319031 30.000000
v 317.182434 -185.266449 30.000000
v 320.500000 -186.813461 30.000000
v 323.498535 -188.913071 30.000000
v 326.086945 -191.501465 30.000000
v 328.186523 -194.500000 30.000000
v 329.733551 -197.817581 30.000000
v 330.680969 -201.353394 30.000000
vn 0.000000 -1.000000 -0.000000
vn 0.000000 -1.000000 -0.000000
vn -0.170923 -0.985284 -0.000000
vn -0.336816 -0.941571 -0.000000
vn -0.482840 -0.875708 -0.000000
vn -0.608057 -0.793894 -0.000000
vn -0.719669 -0.694317 -0.000000
vn -0.815181 -0.579207 -0.000000
vn -0.892454 -0.451138 -0.000000
vn -0.949761 -0.312976 -0.000000
vn -0.985819 -0.167812 -0.000000
vn -0.996448 -0.084205 -0.000000
vn -1.000000 0.000000 -0.000000
vn -0.985284 0.170923 -0.000000
vn -0.941571 0.336816 -0.000000
vn -0.875709 0.482840 -0.000000
vn -0.793894 0.608056 -0.000000
vn -0.694319 0.719667 -0.000000
vn -0.579210 0.815179 -0.000000
vn -0.451142 0.892452 -0.000000
vn -0.312981 0.949759 -0.000000
vn -0.167819 0.985818 -0.000000
vn -0.084208 0.996448 -0.000000
vn -0.000000 1.000000 -0.000000
vn 0.000000 1.000000 0.000000
vn -1.000000 -0.000000 -0.000000
vn -0.984808 0.173648 -0.000000
vn -0.939693 0.342020 -0.000000
vn -0.866025 0.500000 -0.000000
vn -0.766044 0.642788 -0.000000
vn -0.642788 0.766044 -0.000000
vn -0.500000 0.866025 -0.000000
vn -0.342020 0.939693 -0.000000
vn -0.173648 0.984808 -0.000000
vn -0.173648 -0.984808 -0.000000
vn -0.342020 -0.939693 -0.000000
vn -0.500000 -0.866025 -0.000000
vn -0.642788 -0.766044 -0.000000
vn -0.766044 -0.642788 -0.000000
vn -0.866025 -0.500000 -0.000000
vn -0.939693 -0.342020 -0.000000
vn -0.984808 -0.173648 -0.000000
f 1679//1679 1680//1680 1678//1678
f 1712//1712 1681//1681 1680//1680
f 1712//1712 1680//1680 1679//1679
f 1713//1713 1682//1682 1681//1681
f 1713//1713 1681//1681 1712//1712
f 1714//1714 1683//1683 1682//1682
f 1714//1714 1682//1682 1713//1713
f 1715//1715 1684//1684 1683//1683
f 1715//1715 1683//1683 1714//1714
f 1716//1716 1685//1685 1684//1684
f 1716//1716 1684//1684 1715//1715
f 1717//1717 1686//1686 1685//1685
f 1717//1717 1685//1685 1716//1716
f 1718//1718 1687//1687 1686//1686
f 1718//1718 1686//1686 1717//1717
f 1719//1719 1688//1688 1687//1687
f 1719//1719 1689//1689 1688//1688
f 1719//1719 1687//1687 1718//1718
f 1703//1703 1690//1690 1689//1689
f 1703//1703 1691//1691 1690//1690
f 1703//1703 1689//1689 1719//1719
f 1704//1704 1692//1692 1691//1691
f 1704//1704 1691//1691 1703//1703
f 1705//1705 1693//1693 1692//1692
f 1705//1705 1692//1692 1704//1704
f 1706//1706 1694//1694 1693//1693
f 1706//1706 1693//1693 1705//1705
f 1707//1707 1694//1694 1706//1706
f 1707//1707 1695//1695 1694//1694
f 1708//1708 1695//1695 1707//1707
f 1708//1708 1696//1696 1695//1695
f 1709//1709 1696//1696 1708//1708
f 1709//1709 1697//1697 1696//1696
f 1710//1710 1697//1697 1709//1709
f 1710//1710 1698//1698 1697//1697
f 1711//1711 1698//1698 1710//1710
f 1711//1711 1699//1699 1698//1698
f 1711//1711 1700//1700 1699//1699
f 1702//1702 1701//1701 1700//1700
f 1702//1702 1700//1700 1711//1711
v 310.000000 -226.000000 35.000000
v 310.000000 -226.000000 30.000000
v 306.410828 -225.690979 35.000000
v 302.927094 -224.773041 35.000000
v 299.860779 -223.390091 35.000000
v 297.231323 -221.672119 35.000000
v 294.887421 -219.581116 35.000000
v 292.881683 -217.164032 35.000000
v 291.258972 -214.474838 35.000000
v 290.055389 -211.573547 35.000000
v 289.298004 -208.525299 35.000000
v 289.074677 -206.769379 35.000000
v 289.000000 -205.000000 35.000000
v 289.309021 -201.410858 35.000000
v 290.226959 -197.927063 35.000000
v 291.609894 -194.860779 35.000000
v 293.327850 -192.231384 35.000000
v 295.418884 -189.887436 35.000000
v 297.835907 -187.881729 35.000000
v 300.525055 -186.259018 35.000000
v 303.426422 -185.055420 35.000000
v 306.474640 -184.298019 35.000000
v 308.230591 -184.074692 35.000000
v 310.000000 -184.000000 35.000000
v 310.000000 -184.000000 30.000000
v 289.000000 -205.000000 30.000000
v 289.319031 -201.353394 30.000000
v 290.266449 -197.817581 30.000000
v 291.813477 -194.500000 30.000000
v 293.913055 -191.501465 30.000000
v 296.501465 -188.913071 30.000000
v 299.500000 -186.813461 30.000000
v 302.817566 -185.266449 30.000000
v 306.353394 -184.319031 30.000000
v 306.353394 -225.680969 30.000000
v 302.817566 -224.733551 30.000000
v 299.500000 -223.186539 30.000000
v 296.501465 -221.086929 30.000000
v 293.913055 -218.498535 30.000000
v 291.813477 -215.500000 30.000000
v 290.266449 -212.182419 30.000000
v 289.319031 -208.646606 30.000000
vn -0.000000 1.000000 0.000000
vn -0.000000 1.000000 0.000000
vn 0.170923 0.985284 0.000000
vn 0.336816 0.941571 0.000000
vn 0.482840 0.875708 0.000000
vn 0.608057 0.793894 0.000000
vn 0.719669 0.694317 0.000000
vn 0.815181 0.579207 0.000000
vn 0.892454 0.451138 0.000000
vn 0.949761 0.312976 0.000000
vn 0.985819 0.167812 0.000000
vn 0.996448 0.084205 0.000000
vn 1.000000 0.000000 0.000000
vn 0.985284 -0.170923 -0.000000
vn 0.941571 -0.336816 -0.000000
vn 0.875709 -0.482840 -0.000000
vn 0.793894 -0.608056 -0.000000
vn 0.694319 -0.719667 -0.000000
vn 0.579210 -0.815179 -0.000000
vn 0.451142 -0.892452 -0.000000
vn 0.312981 -0.949759 -0.000000
vn 0.167819 -0.985818 -0.000000
vn 0.084208 -0.996448 -0.000000
vn 0.000000 -1.000000 -0.000000
vn 0.000000 -1.000000 -0.000000
vn 1.000000 0.000000 0.000000
vn 0.984808 -0.173648 -0.000000
vn 0.939693 -0.342020 -0.000000
vn 0.866025 -0.500000 -0.000000
vn 0.766044 -0.642788 -0.000000
vn 0.642788 -0.766044 -0.000000
vn 0.500000 -0.866025 -0.000000
vn 0.342020 -0.939693 -0.000000
vn 0.173648 -0.984808 -0.000000
vn 0.173648 0.984808 0.000000
vn 0.342020 0.939693 0.000000
vn 0.500000 0.866025 0.000000
vn 0.642788 0.766044 0.000000
vn 0.766044 0.642788 0.000000
vn 0.866025 0.500000 0.000000
vn 0.939693 0.342020 0.000000
vn 0.984808 0.173648 0.000000
f 1721//1721 1722//1722 1720//1720
f 1754//1754 1723//1723 1722//1722
f 1754//1754 1722//1722 1721//1721
f 1755//1755 1724//1724 1723//1723
f 1755//1755 1723//1723 1754//1754
f 1756//1756 1725//1725 1724//1724
f 1756//1756 1724//1724 1755//1755
f 1757//1757 1726//1726 1725//1725
f 1757//1757 1725//1725 1756//1756
f 1758//1758 1727//1727 1726//1726
f 1758//1758 1726//1726 1757//1757
f 1759//1759 1728//1728 1727//1727
f 1759//1759 1727//1727 1758//1758
f 1760//1760 1729//1729 1728//1728
f 1760//1760 1728//1728 1759//1759
f 1761//1761 1730//1730 1729//1729
f 1761//1761 1731//1731 1730//1730
f 1761//1761 1729//1729 1760//1760
f 1745//1745 1732//1732 1731//1731
f 1745//1745 1733//1733 1732//1732
f 1745//1745 1731//1731 1761//1761
f 1746//1746 1734//1734 1733//1733
f 1746//1746 1733//1733 1745//1745
f 1747//1747 1735//1735 1734//1734
f 1747//1747 1734//1734 1746//1746
f 1748//1748 1736//1736 1735//1735
f 1748//1748 1735//1735 1747//1747
f 1749//1749 1736//1736 1748//1748
f 1749//1749 1737//1737 1736//1736
f 1750//1750 1737//1737 1749//1749
f 1750//1750 1738//1738 1737//1737
f 1751//1751 1738//1738 1750//1750
f 1751//1751 1739//1739 1738//1738
f 1752//1752 1739//1739 1751//1751
f 1752//1752 1740//1740 1739//1739
f 1753//1753 1740//1740 1752//1752
f 1753//1753 1741//1741 1740//1740
f 1753//1753 1742//1742 1741//1741
f 1744//1744 1743//1743 1742//1742
f 1744//1744 1742//1742 1753//1753
v 230.000000 -249.000000 35.000000
v 230.000000 -249.000000 30.000000
v 233.589172 -249.309021 35.000000
v 237.072906 -250.226959 35.000000
v 240.139236 -251.609909 35.000000
v 242.768677 -253.327881 35.000000
v 245.112595 -255.418884 35.000000
v 247.118301 -257.835968 35.000000
v 248.741043 -260.525177 35.000000
v 249.944611 -263.426453 35.000000
v 250.701981 -266.474701 35.000000
v 250.925308 -268.230621 35.000000
v 251.000000 -270.000000 35.000000
v 250.690979 -273.589142 35.000000
v 249.773026 -277.072937 35.000000
v 248.390106 -280.139221 35.000000
v 246.672165 -282.768616 35.000000
v 244.581116 -285.112579 35.000000
v 242.164078 -287.118256 35.000000
v 239.474945 -288.740997 35.000000
v 236.573593 -289.944580 35.000000
v 233.525345 -290.701965 35.000000
v 231.769409 -290.925323 35.000000
v 230.000000 -291.000000 35.000000
v 230.000000 -291.000000 30.000000
v 251.000000 -270.000000 30.000000
v 250.680969 -273.646606 30.000000
v 249.733551 -277.182434 30.000000
v 248.186539 -280.500000 30.000000
v 246.086929 -283.498535 30.000000
v 243.498535 -286.086945 30.000000
v 240.500000 -288.186523 30.000000
v 237.182419 -289.733551 30.000000
v 233.646606 -290.680969 30.000000
v 233.646606 -249.319031 30.000000
v 237.182419 -250.266449 30.000000
v 240.500000 -251.813461 30.000000
v 243.498535 -253.913071 30.000000
v 246.086929 -256.501465 30.000000
v 248.186539 -259.500000 30.000000
v 249.733551 -262.817566 30.000000
v 250.680969 -266.353394 30.000000
vn 0.000000 -1.000000 -0.000000
vn 0.000000 -1.000000 -0.000000
vn -0.170923 -0.985284 -0.000000
vn -0.336816 -0.941571 -0.000000
vn -0.482840 -0.875708 -0.000000
vn -0.608057 -0.793894 -0.000000
vn -0.719669 -0.694317 -0.000000
vn -0.815181 -0.579207 -0.000000
vn -0.892454 -0.451138 -0.000000
vn -0.949761 -0.312976 -0.000000
vn -0.985819 -0.167812 -0.000000
vn -0.996448 -0.084205 -0.000000
vn -1.000000 0.000000 -0.000000
vn -0.985284 0.170923 -0.000000
vn -0.941571 0.336816 -0.000000
vn -0.875709 0.482840 -0.000000
vn -0.793894 0.608056 -0.000000
vn -0.694319 0.719667 -0.000000
vn -0.579210 0.815179 -0.000000
vn -0.451142 0.892452 -0.000000
vn -0.312981 0.949759 -0.000000
vn -0.167819 0.985818 -0.000000
vn -0.084208 0.996448 -0.000000
vn -0.000000 1.000000 -0.000000
vn 0.000000 1.000000 0.000000
vn -1.000000 -0.000000 -0.000000
vn -0.984808 0.173648 -0.000000
vn -0.939693 0.342020 -0.000000
vn -0.866025 0.500000 -0.000000
vn -0.766044 0.642788 -0.000000
vn -0.642788 0.766044 -0.000000
vn -0.500000 0.866025 -0.000000
vn -0.342020 0.939693 -0.000000
vn -0.173648 0.984808 -0.000000
vn -0.173648 -0.984808 -0.000000
vn -0.342020 -0.939693 -0.000000
vn -0.500000 -0.866025 -0.000000
vn -0.642788 -0.766044 -0.000000
vn -0.766044 -0.642788 -0.000000
vn -0.866025 -0.500000 -0.000000
vn -0.939693 -0.342020 -0.000000
vn -0.984808 -0.173648 -0.000000
f 1763//1763 1764//1764 1762//1762
f 1796//1796 1765//1765 1764//1764
f 1796//1796 1764//1764 1763//1763
f 1797//1797 1766//1766 1765//1765
f 1797//1797 1765//1765 1796//1796
f 1798//1798 1767//1767 1766//1766
f 1798//1798 1766//1766 1797//1797
f 1799//1799 1768//1768 1767//1767
f 1799//1799 1767//1767 1798//1798
f 1800//1800 1769//1769 1768//1768
f 1800//1800 1768//1768 1799//1799
f 1801//1801 1770//1770 1769//1769
f 1801//1801 1769//1769 1800//1800
f 1802//1802 1771//1771 1770//1770
f 1802//1802 1770//1770 1801//1801
f 1803//1803 1772//1772 1771//1771
f 1803//1803 1773//1773 1772//1772
f 1803//1803 1771//1771 1802//1802
f 1787//1787 1774//1774 1773//1773
f 1787//1787 1775//1775 1774//1774
f 1787//1787 1773//1773 1803//1803
f 1788//1788 1776//1776 1775//1775
f 1788//1788 1775//1775 1787//1787
f 1789//1789 1777//1777 1776//1776
f 1789//1789 1776//1776 1788//1788
f 1790//1790 1778//1778 1777//1777
f 1790//1790 1777//1777 1789//1789
f 1791//1791 1778//1778 1790//1790
f 1791//1791 1779//1779 1778//1778
f 1792//1792 1779//1779 1791//1791
f 1792//1792 1780//1780 1779//1779
f 1793//1793 1780//1780 1792//1792
f 1793//1793 1781//1781 1780//1780
f 1794//1794 1781//1781 1793//1793
f 1794//1794 1782//1782 1781//1781
f 1795//1795 1782//1782 1794//1794
f 1795//1795 1783//1783 1782//1782
f 1795//1795 1784//1784 1783//1783
f 1786//1786 1784//1784 1795//1795
f 1786//1786 1785//1785 1784//1784
v 230.000000 -291.000000 35.000000
v 230.000000 -291.000000 30.000000
v 226.410828 -290.690979 35.000000
v 222.927094 -289.773041 35.000000
v 219.860764 -288.390106 35.000000
v 217.231323 -286.672119 35.000000
v 214.887405 -284.581116 35.000000
v 212.881699 -282.164032 35.000000
v 211.258957 -279.474823 35.000000
v 210.055389 -276.573547 35.000000
v 209.298019 -273.525299 35.000000
v 209.074692 -271.769379 35.000000
v 209.000000 -270.000000 35.000000
v 209.309021 -266.410858 35.000000
v 210.226974 -262.927063 35.000000
v 211.609894 -259.860779 35.000000
v 213.327835 -257.231384 35.000000
v 215.418884 -254.887436 35.000000
v 217.835922 -252.881729 35.000000
v 220.525055 -251.259018 35.000000
v 223.426407 -250.055420 35.000000
v 226.474655 -249.298019 35.000000
v 228.230591 -249.074692 35.000000
v 230.000000 -249.000000 35.000000
v 230.000000 -249.000000 30.000000
v 209.000000 -270.000000 30.000000
v 209.319031 -266.353394 30.000000
v 210.266449 -262.817566 30.000000
v 211.813461 -259.500000 30.000000
v 213.913071 -256.501465 30.000000
v 216.501465 -253.913071 30.000000
v 219.500000 -251.813461 30.000000
v 222.817581 -250.266449 30.000000
v 226.353394 -249.319031 30.000000
v 226.353394 -290.680969 30.000000
v 222.817581 -289.733551 30.000000
v 219.500000 -288.186523 30.000000
v 216.501465 -286.086945 30.000000
v 213.913071 -283.498535 30.000000
v 211.813461 -280.500000 30.000000
v 210.266449 -277.182434 30.000000
v 209.319031 -273.646606 30.000000
vn -0.000000 1.000000 0.000000
vn -0.000000 1.000000 0.000000
vn 0.170923 0.985284 0.000000
vn 0.336816 0.941571 0.000000
vn 0.482840 0.875708 0.000000
vn 0.608057 0.793894 0.000000
vn 0.719669 0.694317 0.000000
vn 0.815181 0.579207 0.000000
vn 0.892454 0.451138 0.000000
vn 0.949761 0.312976 0.000000
vn 0.985819 0.167812 0.000000
vn 0.996448 0.084205 0.000000
vn 1.000000 0.000000 0.000000
vn 0.985284 -0.170923 -0.000000
vn 0.941571 -0.336816 -0.000000
vn 0.875709 -0.482840 -0.000000
vn 0.793894 -0.608056 -0.000000
vn 0.694319 -0.719667 -0.000000
vn 0.579210 -0.815179 -0.000000
vn 0.451142 -0.892452 -0.000000
vn 0.312981 -0.949759 -0.000000
vn 0.167819 -0.985818 -0.000000
vn 0.084208 -0.996448 -0.000000
vn 0.000000 -1.000000 -0.000000
vn 0.000000 -1.000000 -0.000000
vn 1.000000 0.000000 0.000000
vn 0.984808 -0.173648 -0.000000
vn 0.939693 -0.342020 -0.000000
vn 0.866025 -0.500000 -0.000000
vn 0.766044 -0.642788 -0.000000
vn 0.642788 -0.766044 -0.000000
vn 0.500000 -0.866025 -0.000000
vn 0.342020 -0.939693 -0.000000
vn 0.173648 -0.984808 -0.000000
vn 0.173648 0.984808 0.000000
vn 0.342020 0.939693 0.000000
vn 0.500000 0.866025 0.000000
vn 0.642788 0.766044 0.000000
vn 0.766044 0.642788 0.000000
vn 0.866025 0.500000 0.000000
vn 0.939693 0.342020 0.000000
vn 0.984808 0.173648 0.000000
f 1805//1805 1806//1806 1804//1804
f 1838//1838 1807//1807 1806//1806
f 1838//1838 1806//1806 1805//1805
f 1839//1839 1808//1808 1807//1807
f 1839//1839 1807//1807 1838//1838
f 1840//1840 1809//1809 1808//1808
f 1840//1840 1808//1808 1839//1839
f 1841//1841 1810//1810 1809//1809
f 1841//1841 1809//1809 1840//1840
f 1842//1842 1811//1811 1810//1810
f 1842//1842 1810//1810 1841//1841
f 1843//1843 1812//1812 1811//1811
f 1843//1843 1811//1811 1842//1842
f 1844//1844 1813//1813 1812//1812
f 1844//1844 1812//1812 1843//1843
f 1845//1845 1814//1814 1813//1813
f 1845//1845 1815//1815 1814//1814
f 1845//1845 1813//1813 1844//1844
f 1829//1829 1816//1816 1815//1815
f 1829//1829 1817//1817 1816//1816
f 1829//1829 1815//1815 1845//1845
f 1830//1830 1818//1818 1817//1817
f 1830//1830 1817//1817 1829//1829
f 1831//1831 1819//1819 1818//1818
f 1831//1831 1818//1818 1830//1830
f 1832//1832 1820//1820 1819//1819
f 1832//1832 1819//1819 1831//1831
f 1833//1833 1820//1820 1832//1832
f 1833//1833 1821//1821 1820//1820
f 1834//1834 1821//1821 1833//1833
f 1834//1834 1822//1822 1821//1821
f 1835//1835 1822//1822 1834//1834
f 1835//1835 1823//1823 1822//1822
f 1836//1836 1823//1823 1835//1835
f 1836//1836 1824//1824 1823//1823
f 1837//1837 1824//1824 1836//1836
f 1837//1837 1825//1825 1824//1824
f 1837//1837 1826//1826 1825//1825
f 1828//1828 1827//1827 1826//1826
f 1828//1828 1826//1826 1837//1837
v 270.000000 -209.000000 35.000000
v 270.000000 -209.000000 30.000000
v 273.589172 -209.309021 35.000000
v 277.072906 -210.226959 35.000000
v 280.139221 -211.609909 35.000000
v 282.768677 -213.327881 35.000000
v 285.112579 -215.418884 35.000000
v 287.118317 -217.835968 35.000000
v 288.741028 -220.525162 35.000000
v 289.944611 -223.426453 35.000000
v 290.701996 -226.474701 35.000000
v 290.925323 -228.230621 35.000000
v 291.000000 -230.000000 35.000000
v 290.690979 -233.589142 35.000000
v 289.773041 -237.072937 35.000000
v 288.390106 -240.139221 35.000000
v 286.672150 -242.768616 35.000000
v 284.581116 -245.112564 35.000000
v 282.164093 -247.118271 35.000000
v 279.474945 -248.740982 35.000000
v 276.573578 -249.944580 35.000000
v 273.525360 -250.701981 35.000000
v 271.769409 -250.925308 35.000000
v 270.000000 -251.000000 35.000000
v 270.000000 -251.000000 30.000000
v 291.000000 -230.000000 30.000000
v 290.680969 -233.646606 30.000000
v 289.733551 -237.182419 30.000000
v 288.186523 -240.500000 30.000000
v 286.086945 -243.498535 30.000000
v 283.498535 -246.086929 30.000000
v 280.500000 -248.186539 30.000000
v 277.182434 -249.733551 30.000000
v 273.646606 -250.680969 30.000000
v 273.646606 -209.319031 30.000000
v 277.182434 -210.266449 30.000000
v 280.500000 -211.813461 30.000000
v 283.498535 -213.913071 30.000000
v 286.086945 -216.501465 30.000000
v 288.186523 -219.500000 30.000000
v 289.733551 -222.817581 30.000000
v 290.680969 -226.353394 30.000000
vn 0.000000 -1.000000 -0.000000
vn 0.000000 -1.000000 -0.000000
vn -0.170923 -0.985284 -0.000000
vn -0.336816 -0.941571 -0.000000
vn -0.482840 -0.875708 -0.000000
vn -0.608057 -0.793894 -0.000000
vn -0.719669 -0.694317 -0.000000
vn -0.815181 -0.579207 -0.000000
vn -0.892454 -0.451138 -0.000000
vn -0.949761 -0.312976 -0.000000
vn -0.985819 -0.167812 -0.000000
vn -0.996448 -0.084205 -0.000000
vn -1.000000 0.000000 -0.000000
vn -0.985284 0.170923 -0.000000
vn -0.941571 0.336816 -0.000000
vn -0.875709 0.482840 -0.000000
vn -0.793894 0.608056 -0.000000
vn -0.694319 0.719667 -0.000000
vn -0.579210 0.815179 -0.000000
vn -0.451142 0.892452 -0.000000
vn -0.312981 0.949759 -0.000000
vn -0.167819 0.985818 -0.000000
vn -0.084208 0.996448 -0.000000
vn 0.000000 1.000000 0.000000
vn 0.000000 1.000000 0.000000
vn -1.000000 -0.000000 -0.000000
vn -0.984808 0.173648 -0.000000
vn -0.939693 0.342020 -0.000000
vn -0.866025 0.500000 -0.000000
vn -0.766044 0.642788 -0.000000
vn -0.642788 0.766044 -0.000000
vn -0.500000 0.866025 -0.000000
vn -0.342020 0.939693 -0.000000
vn -0.173648 0.984808 -0.000000
vn -0.173648 -0.984808 -0.000000
vn -0.342020 -0.939693 -0.000000
vn -0.500000 -0.866025 -0.000000
vn -0.642788 -0.766044 -0.000000
vn -0.766044 -0.642788 -0.000000
vn -0.866025 -0.500000 -0.000000
vn -0.939693 -0.342020 -0.000000
vn -0.984808 -0.173648 -0.000000
f 1847//1847 1848//1848 1846//1846
f 1880//1880 1849//1849 1848//1848
f 1880//1880 1848//1848 1847//1847
f 1881//1881 1850//1850 1849//1849
f 1881//1881 1849//1849 1880//1880
f 1882//1882 1851//1851 1850//1850
f 1882//1882 1850//1850 1881//1881
f 1883//1883 1852//1852 1851//1851
f 1883//1883 1851//1851 1882//1882
f 1884//1884 1853//1853 1852//1852
f 1884//1884 1852//1852 1883//1883
f 1885//1885 1854//1854 1853//1853
f 1885//1885 1853//1853 1884//1884
f 1886//1886 1855//1855 1854//1854
f 1886//1886 1854//1854 1885//1885
f 1887//1887 1856//1856 1855//1855
f 1887//1887 1857//1857 1856//1856
f 1887//1887 1855//1855 1886//1886
f 1871//1871 1858//1858 1857//1857
f 1871//1871 1859//1859 1858//1858
f 1871//1871 1857//1857 1887//1887
f 1872//1872 1860//1860 1859//1859
f 1872//1872 1859//1859 1871//1871
f 1873//1873 1861//1861 1860//1860
f 1873//1873 1860//1860 1872//1872
f 1874//1874 1862//1862 1861//1861
f 1874//1874 1861//1861 1873//1873
f 1875//1875 1862//1862 1874//1874
f 1875//1875 1863//1863 1862//1862
f 1876//1876 1863//1863 1875//1875
f 1876//1876 1864//1864 1863//1863
f 1877//1877 1864//1864 1876//1876
f 1877//1877 1865//1865 1864//1864
f 1878//1878 1865//1865 1877//1877
f 1878//1878 1866//1866 1865//1865
f 1879//1879 1866//1866 1878//1878
f 1879//1879 1867//1867 1866//1866
f 1879//1879 1868//1868 1867//1867
f 1870//1870 1869//1869 1868//1868
f 1870//1870 1868//1868 1879//1879
v 270.000000 -251.000000 35.000000
v 270.000000 -251.000000 30.000000
v 266.410828 -250.690979 35.000000
v 262.927094 -249.773041 35.000000
v 259.860779 -248.390091 35.000000
v 257.231323 -246.672119 35.000000
v 254.887405 -244.581116 35.000000
v 252.881699 -242.164032 35.000000
v 251.258957 -239.474838 35.000000
v 250.055389 -236.573547 35.000000
v 249.298019 -233.525299 35.000000
v 249.074692 -231.769379 35.000000
v 249.000000 -230.000000 35.000000
v 249.309021 -226.410858 35.000000
v 250.226974 -222.927063 35.000000
v 251.609894 -219.860779 35.000000
v 253.327835 -217.231384 35.000000
v 255.418884 -214.887436 35.000000
v 257.835907 -212.881729 35.000000
v 260.525055 -211.259018 35.000000
v 263.426422 -210.055420 35.000000
v 266.474640 -209.298019 35.000000
v 268.230591 -209.074692 35.000000
v 270.000000 -209.000000 35.000000
v 270.000000 -209.000000 30.000000
v 249.000000 -230.000000 30.000000
v 249.319031 -226.353394 30.000000
v 250.266449 -222.817581 30.000000
v 251.813461 -219.500000 30.000000
v 253.913071 -216.501465 30.000000
v 256.501465 -213.913071 30.000000
v 259.500000 -211.813461 30.000000
v 262.817566 -210.266449 30.000000
v 266.353394 -209.319031 30.000000
v 266.353394 -250.680969 30.000000
v 262.817566 -249.733551 30.000000
v 259.500000 -248.186539 30.000000
v 256.501465 -246.086929 30.000000
v 253.913071 -243.498535 30.000000
v 251.813461 -240.500000 30.000000
v 250.266449 -237.182419 30.000000
v 249.319031 -233.646606 30.000000
vn -0.000000 1.000000 0.000000
vn -0.000000 1.000000 0.000000
vn 0.170923 0.985284 0.000000
vn 0.336816 0.941571 0.000000
vn 0.482840 0.875708 0.000000
vn 0.608057 0.793894 0.000000
vn 0.719669 0.694317 0.000000
vn 0.815181 0.579207 0.000000
vn 0.892454 0.451138 0.000000
vn 0.949761 0.312976 0.000000
vn 0.985819 0.167812 0.000000
vn 0.996448 0.084205 0.000000
vn 1.000000 0.000000 0.000000
vn 0.985284 -0.170923 -0.000000
vn 0.941571 -0.336816 -0.000000
vn 0.875709 -0.482840 -0.000000
vn 0.793894 -0.608056 -0.000000
vn 0.694319 -0.719667 -0.000000
vn 0.579210 -0.815179 -0.000000
vn 0.451142 -0.892452 -0.000000
vn 0.312981 -0.949759 -0.000000
vn 0.167819 -0.985818 -0.000000
vn 0.084208 -0.996448 -0.000000
vn 0.000000 -1.000000 -0.000000
vn 0.000000 -1.000000 -0.000000
vn 1.000000 0.000000 0.000000
vn 0.984808 -0.173648 -0.000000
vn 0.939693 -0.342020 -0.000000
vn 0.866025 -0.500000 -0.000000
vn 0.766044 -0.642788 -0.000000
vn 0.642788 -0.766044 -0.000000
vn 0.500000 -0.866025 -0.000000
vn 0.342020 -0.939693 -0.000000
vn 0.173648 -0.984808 -0.000000
vn 0.173648 0.984808 0.000000
vn 0.342020 0.939693 0.000000
vn 0.500000 0.866025 0.000000
vn 0.642788 0.766044 0.000000
vn 0.766044 0.642788 0.000000
vn 0.866025 0.500000 0.000000
vn 0.939693 0.342020 0.000000
vn 0.984808 0.173648 0.000000
f 1889//1889 1890//1890 1888//1888
f 1922//1922 1891//1891 1890//1890
f 1922//1922 1890//1890 1889//1889
f 1923//1923 1892//1892 1891//1891
f 1923//1923 1891//1891 1922//1922
f 1924//1924 1893//1893 1892//1892
f 1924//1924 1892//1892 1923//1923
f 1925//1925 1894//1894 1893//1893
f 1925//1925 1893//1893 1924//1924
f 1926//1926 1895//1895 1894//1894
f 1926//1926 1894//1894 1925//1925
f 1927//1927 1896//1896 1895//1895
f 1927//1927 1895//1895 1926//1926
f 1928//1928 1897//1897 1896//1896
f 1928//1928 1896//1896 1927//1927
f 1929//1929 1898//1898 1897//1897
f 1929//1929 1899//1899 1898//1898
f 1929//1929 1897//1897 1928//1928
f 1913//1913 1900//1900 1899//1899
f 1913//1913 1901//1901 1900//1900
f 1913//1913 1899//1899 1929//1929
f 1914//1914 1902//1902 1901//1901
f 1914//1914 1901//1901 1913//1913
f 1915//1915 1903//1903 1902//1902
f 1915//1915 1902//1902 1914//1914
f 1916//1916 1904//1904 1903//1903
f 1916//1916 1903//1903 1915//1915
f 1917//1917 1904//1904 1916//1916
f 1917//1917 1905//1905 1904//1904
f 1918//1918 1905//1905 1917//1917
f 1918//1918 1906//1906 1905//1905
f 1919//1919 1906//1906 1918//1918
f 1919//1919 1907//1907 1906//1906
f 1920//1920 1907//1907 1919//1919
f 1920//1920 1908//1908 1907//1907
f 1921//1921 1908//1908 1920//1920
f 1921//1921 1909//1909 1908//1908
f 1921//1921 1910//1910 1909//1909
f 1912//1912 1911//1911 1910//1910
f 1912//1912 1910//1910 1921//1921
v -423.000000 260.000000 207.500000
v -423.000000 260.000000 10.000000
v -423.000000 -260.000000 10.000000
v -423.000000 -260.000000 207.500000
vn -1.000000 -0.000000 0.000000
vn -1.000000 -0.000000 0.000000
vn -1.000000 -0.000000 0.000000
vn -1.000000 -0.000000 0.000000
f 1933//1933 1930//1930 1931//1931
f 1933//1933 1931//1931 1932//1932
v -423.000000 260.000000 10.000000
v -396.000000 260.000000 10.000000
v -396.000000 260.000000 155.000000
v -364.000000 260.000000 155.000000
v -364.000000 260.000000 10.000000
v -348.000000 260.000000 10.000000
v -348.000000 260.000000 0.000000
v -343.000000 260.000000 0.000000
v -343.000000 260.000000 35.000000
v -353.000000 260.000000 35.000000
v -353.000000 260.000000 207.500000
v -358.000000 260.000000 207.500000
v -358.000000 260.000000 212.500000
v -406.000000 260.000000 212.500000
v -406.000000 260.000000 207.500000
v -423.000000 260.000000 207.500000
vn -0.000000 1.000000 -0.000000
vn -0.000000 1.000000 -0.000000
vn -0.000000 1.000000 -0.000000
vn -0.000000 1.000000 -0.000000
vn -0.000000 1.000000 -0.000000
vn -0.000000 1.000000 -0.000000
vn -0.000000 1.000000 -0.000000
vn -0.000000 1.000000 -0.000000
vn -0.000000 1.000000 -0.000000
vn -0.000000 1.000000 -0.000000
vn -0.000000 1.000000 -0.000000
vn -0.000000 1.000000 -0.000000
vn -0.000000 1.000000 -0.000000
vn -0.000000 1.000000 -0.000000
vn -0.000000 1.000000 -0.000000
vn -0.000000 1.000000 -0.000000
f 1945//1945 1947//1947 1946//1946
f 1945//1945 1948//1948 1947//1947
f 1936//1936 1949//1949 1948//1948
f 1936//1936 1948//1948 1945//1945
f 1937//1937 1945//1945 1944//1944
f 1937//1937 1936//1936 1945//1945
f 1934//1934 1949//1949 1936//1936
f 1935//1935 1934//1934 1936//1936
f 1939//1939 1943//1943 1942//1942
f 1939//1939 1938//1938 1943//1943
f 1941//1941 1940//1940 1939//1939
f 1941//1941 1939//1939 1942//1942
f 1937//1937 1943//1943 1938//1938
f 1937//1937 1944//1944 1943//1943
v -396.000000 268.000000 10.000000
v -396.000000 260.000000 10.000000
v -396.000000 268.000000 155.000000
v -396.000000 260.000000 155.000000
vn -1.000000 0.000000 -0.000000
vn -1.000000 0.000000 -0.000000
vn -1.000000 0.000000 -0.000000
vn -1.000000 0.000000 -0.000000
f 1950//1950 1953//1953 1952//1952
f 1950//1950 1951//1951 1953//1953
v -364.000000 268.000000 155.000000
v -364.000000 268.000000 10.000000
v -396.000000 268.000000 10.000000
v -396.000000 268.000000 155.000000
v -371.899994 268.000000 79.000000
v -371.975067 268.000000 79.871674
v -372.198029 268.000000 80.717812
v -372.562286 268.000000 81.513298
v -373.057129 268.000000 82.234779
v -373.668121 268.000000 82.861145
v -374.377136 268.000000 83.373848
v -375.163239 268.000000 83.757759
v -376.003510 268.000000 84.001686
v -376.499359 268.000000 84.075363
v -377.000000 268.000000 84.099998
v -377.871674 268.000000 84.024940
v -378.717804 268.000000 83.801979
v -379.513306 268.000000 83.437721
v -380.234772 268.000000 82.942856
v -380.861145 268.000000 82.331879
v -381.373840 268.000000 81.622887
v -381.757751 268.000000 80.836754
v -382.001678 268.000000 79.996498
v -382.075378 268.000000 79.500648
v -382.100006 268.000000 79.000000
v -382.024933 268.000000 78.128326
v -381.801971 268.000000 77.282188
v -381.437714 268.000000 76.486702
v -380.942871 268.000000 75.765221
v -380.331879 268.000000 75.138855
v -379.622864 268.000000 74.626152
v -378.836761 268.000000 74.242241
v -377.996490 268.000000 73.998314
v -377.500641 268.000000 73.924637
v -377.000000 268.000000 73.900002
v -376.128326 268.000000 73.975060
v -375.282196 268.000000 74.198021
v -374.486694 268.000000 74.562279
v -373.765228 268.000000 75.057144
v -373.138855 268.000000 75.668121
v -372.626160 268.000000 76.377113
v -372.242249 268.000000 77.163246
v -371.998322 268.000000 78.003502
v -371.924622 268.000000 78.499352
v -371.899994 268.000000 139.000000
v -371.975067 268.000000 139.871674
v -372.198029 268.000000 140.717804
v -372.562286 268.000000 141.513306
v -373.057129 268.000000 142.234772
v -373.668121 268.000000 142.861145
v -374.377136 268.000000 143.373840
v -375.163239 268.000000 143.757767
v -376.003510 268.000000 144.001694
v -376.499359 268.000000 144.075363
v -377.000000 268.000000 144.100006
v -377.871674 268.000000 144.024948
v -378.717804 268.000000 143.801987
v -379.513306 268.000000 143.437714
v -380.234772 268.000000 142.942856
v -380.861145 268.000000 142.331879
v -381.373840 268.000000 141.622894
v -381.757751 268.000000 140.836746
v -382.001678 268.000000 139.996490
v -382.075378 268.000000 139.500656
v -382.100006 268.000000 139.000000
v -382.024933 268.000000 138.128326
v -381.801971 268.000000 137.282196
v -381.437714 268.000000 136.486694
v -380.942871 268.000000 135.765228
v -380.331879 268.000000 135.138855
v -379.622864 268.000000 134.626160
v -378.836761 268.000000 134.242233
v -377.996490 268.000000 133.998306
v -377.500641 268.000000 133.924637
v -377.000000 268.000000 133.899994
v -376.128326 268.000000 133.975052
v -375.282196 268.000000 134.198013
v -374.486694 268.000000 134.562286
v -373.765228 268.000000 135.057144
v -373.138855 268.000000 135.668121
v -372.626160 268.000000 136.377106
v -372.242249 268.000000 137.163254
v -371.998322 268.000000 138.003510
v -371.924622 268.000000 138.499344
vn 0.000000 1.000000 0.000000
vn 0.000000 1.000000 0.000000
vn 0.000000 1.000000 0.000000
vn 0.000000 1.000000 0.000000
vn 0.000000 1.000000 0.000000
vn 0.000000 1.000000 0.000000
vn 0.000000 1.000000 0.000000
vn 0.000000 1.000000 0.000000
vn 0.000000 1.000000 0.000000
vn 0.000000 1.000000 0.000000
vn 0.000000 1.000000 0.000000
vn 0.000000 1.000000 0.000000
vn 0.000000 1.000000 0.000000
vn 0.000000 1.000000 0.000000
vn 0.000000 1.000000 0.000000
vn 0.000000 1.000000 0.000000
vn 0.000000 1.000000 0.000000
vn 0.000000 1.000000 0.000000
vn 0.000000 1.000000 0.000000
vn 0.000000 1.000000 0.000000
vn 0.000000 1.000000 0.000000
vn 0.000000 1.000000 0.000000
vn 0.000000 1.000000 0.000000
vn 0.000000 1.000000 0.000000
vn 0.000000 1.000000 0.000000
vn 0.000000 1.000000 0.000000
vn 0.000000 1.000000 0.000000
vn 0.000000 1.000000 0.000000
vn 0.000000 1.000000 0.000000
vn 0.000000 1.000000 0.000000
vn 0.000000 1.000000 0.000000
vn 0.000000 1.000000 0.000000
vn 0.000000 1.000000 0.000000
vn 0.000000 1.000000 0.000000
vn 0.000000 1.000000 0.000000
vn 0.000000 1.000000 0.000000
vn 0.000000 1.000000 0.000000
vn 0.000000 1.000000 0.000000
vn 0.000000 1.000000 0.000000
vn 0.000000 1.000000 0.000000
vn 0.000000 1.000000 0.000000
vn 0.000000 1.000000 0.000000
vn 0.000000 1.000000 0.000000
vn 0.000000 1.000000 0.000000
vn 0.000000 1.000000 0.000000
vn 0.000000 1.000000 0.000000
vn 0.000000 1.000000 0.000000
vn 0.000000 1.000000 0.000000
vn 0.000000 1.000000 0.000000
vn 0.000000 1.000000 0.000000
vn 0.000000 1.000000 0.000000
vn 0.000000 1.000000 0.000000
vn 0.000000 1.000000 0.000000
vn 0.000000 1.000000 0.000000
vn 0.000000 1.000000 0.000000
vn 0.000000 1.000000 0.000000
vn 0.000000 1.000000 0.000000
vn 0.000000 1.000000 0.000000
vn 0.000000 1.000000 0.000000
vn 0.000000 1.000000 0.000000
vn 0.000000 1.000000 0.000000
vn 0.000000 1.000000 0.000000
vn 0.000000 1.000000 0.000000
vn 0.000000 1.000000 0.000000
vn 0.000000 1.000000 0.000000
vn 0.000000 1.000000 0.000000
vn 0.000000 1.000000 0.000000
vn 0.000000 1.000000 0.000000
vn 0.000000 1.000000 0.000000
vn 0.000000 1.000000 0.000000
vn 0.000000 1.000000 0.000000
vn 0.000000 1.000000 0.000000
vn 0.000000 1.000000 0.000000
vn 0.000000 1.000000 0.000000
vn 0.000000 1.000000 0.000000
vn 0.000000 1.000000 0.000000
vn 0.000000 1.000000 0.000000
vn 0.000000 1.000000 0.000000
vn 0.000000 1.000000 0.000000
vn 0.000000 1.000000 0.000000
vn 0.000000 1.000000 0.000000
vn 0.000000 1.000000 0.000000
vn 0.000000 1.000000 0.000000
vn 0.000000 1.000000 0.000000
f 1982//1982 1983//1983 1956//1956
f 1984//1984 1956//1956 1983//1983
f 1981//1981 1982//1982 1956//1956
f 1985//1985 1956//1956 1984//1984
f 1980//1980 1981//1981 1956//1956
f 1986//1986 1956//1956 1985//1985
f 1979//1979 1980//1980 1956//1956
f 1987//1987 1956//1956 1986//1986
f 1987//1987 1955//1955 1956//1956
f 1978//1978 1979//1979 1956//1956
f 1988//1988 1955//1955 1987//1987
f 1989//1989 1955//1955 1988//1988
f 1990//1990 1955//1955 1989//1989
f 1991//1991 1955//1955 1990//1990
f 1992//1992 1955//1955 1991//1991
f 1993//1993 1955//1955 1992//1992
f 1994//1994 1955//1955 1993//1993
f 1995//1995 1955//1955 1994//1994
f 2023//2023 1972//1972 1973//1973
f 2022//2022 1973//1973 1974//1974
f 2022//2022 2023//2023 1973//1973
f 2024//2024 1971//1971 1972//1972
f 2024//2024 1972//1972 2023//2023
f 2021//2021 2022//2022 1974//1974
f 2025//2025 1970//1970 1971//1971
f 2025//2025 1971//1971 2024//2024
f 2026//2026 1969//1969 1970//1970
f 2026//2026 1970//1970 2025//2025
f 2027//2027 1968//1968 1969//1969
f 2027//2027 1969//1969 2026//2026
f 2028//2028 1967//1967 1968//1968
f 2028//2028 1968//1968 2027//2027
f 2029//2029 1966//1966 1967//1967
f 2029//2029 1967//1967 2028//2028
f 2030//2030 1965//1965 1966//1966
f 2030//2030 1966//1966 2029//2029
f 1957//1957 1974//1974 1975//1975
f 1957//1957 1975//1975 1976//1976
f 1957//1957 1976//1976 1977//1977
f 1957//1957 1977//1977 1978//1978
f 1957//1957 2016//2016 2017//2017
f 1957//1957 2017//2017 2018//2018
f 1957//1957 2018//2018 2019//2019
f 1957//1957 2019//2019 2020//2020
f 1957//1957 2020//2020 2021//2021
f 1957//1957 2021//2021 1974//1974
f 1957//1957 1978//1978 1956//1956
f 2015//2015 2016//2016 1957//1957
f 2031//2031 1964//1964 1965//1965
f 2031//2031 1965//1965 2030//2030
f 2014//2014 2015//2015 1957//1957
f 2032//2032 1963//1963 1964//1964
f 2032//2032 1964//1964 2031//2031
f 2013//2013 2014//2014 1957//1957
f 2033//2033 1962//1962 1963//1963
f 2033//2033 1963//1963 2032//2032
f 2012//2012 2013//2013 1957//1957
f 2034//2034 1961//1961 1962//1962
f 2034//2034 1962//1962 2033//2033
f 2011//2011 2012//2012 1957//1957
f 2035//2035 1960//1960 1961//1961
f 2035//2035 1961//1961 2034//2034
f 2010//2010 2011//2011 1957//1957
f 2009//2009 2010//2010 1957//1957
f 1954//1954 2009//2009 1957//1957
f 1954//1954 1998//1998 1999//1999
f 1954//1954 1999//1999 2000//2000
f 1954//1954 2000//2000 2001//2001
f 1954//1954 2001//2001 2002//2002
f 1954//1954 2002//2002 2003//2003
f 1954//1954 2003//2003 2004//2004
f 1954//1954 2004//2004 2005//2005
f 1954//1954 2005//2005 2006//2006
f 1954//1954 2006//2006 2007//2007
f 1954//1954 2007//2007 2008//2008
f 1954//1954 2008//2008 2009//2009
f 1954//1954 2035//2035 2036//2036
f 1954//1954 2036//2036 2037//2037
f 1954//1954 2037//2037 1998//1998
f 1954//1954 1955//1955 1958//1958
f 1958//1958 1955//1955 1997//1997
f 1997//1997 1955//1955 1996//1996
f 1996//1996 1955//1955 1995//1995
f 1954//1954 1958//1958 1959//1959
f 1954//1954 1959//1959 1960//1960
f 1954//1954 1960//1960 2035//2035
v -364.000000 268.000000 155.000000
v -364.000000 260.000000 155.000000
v -364.000000 268.000000 10.000000
v -364.000000 260.000000 10.000000
vn 1.000000 -0.000000 -0.000000
vn 1.000000 -0.000000 -0.000000
vn 1.000000 -0.000000 -0.000000
vn 1.000000 -0.000000 -0.000000
f 2038//2038 2041//2041 2040//2040
f 2038//2038 2039//2039 2041//2041
v -348.000000 233.083954 10.000000
v -348.000000 233.083954 0.000000
v -348.000000 260.000000 0.000000
v -348.000000 260.000000 10.000000
vn -1.000000 -0.000000 0.000000
vn -1.000000 -0.000000 0.000000
vn -1.000000 -0.000000 0.000000
vn -1.000000 -0.000000 0.000000
f 2045//2045 2043//2043 2042//2042
f 2045//2045 2044//2044 2043//2043
v -348.000000 233.083954 10.000000
v -348.000000 233.083954 0.000000
v -323.500000 185.000000 10.000000
v -323.500000 185.000000 0.000000
vn -0.891007 -0.453990 0.000000
vn -0.891007 -0.453990 0.000000
vn -0.891007 -0.453990 0.000000
vn -0.891007 -0.453990 0.000000
f 2046//2046 2049//2049 2048//2048
f 2046//2046 2047//2047 2049//2049
v -323.500000 185.000000 10.000000
v -323.500000 185.000000 0.000000
v -260.477264 185.000000 10.000000
v -260.477264 185.000000 0.000000
vn -0.000000 -1.000000 -0.000000
vn -0.000000 -1.000000 -0.000000
vn -0.000000 -1.000000 -0.000000
vn -0.000000 -1.000000 -0.000000
f 2053//2053 2050//2050 2051//2051
f 2052//2052 2050//2050 2053//2053
v -260.477264 185.000000 10.000000
v -260.477264 185.000000 0.000000
v -185.000000 260.477264 10.000000
v -185.000000 260.477264 0.000000
vn 0.707107 -0.707107 -0.000000
vn 0.707107 -0.707107 -0.000000
vn 0.707107 -0.707107 -0.000000
vn 0.707107 -0.707107 -0.000000
f 2054//2054 2057//2057 2056//2056
f 2054//2054 2055//2055 2057//2057
v -185.000000 260.477264 10.000000
v -185.000000 260.477264 0.000000
v -185.000000 300.000000 10.000000
v -185.000000 300.000000 0.000000
vn 1.000000 0.000000 -0.000000
vn 1.000000 0.000000 -0.000000
vn 1.000000 0.000000 -0.000000
vn 1.000000 0.000000 -0.000000
f 2059//2059 2061//2061 2060//2060
f 2058//2058 2059//2059 2060//2060
v 185.000000 300.000000 10.000000
v 185.000000 300.000000 0.000000
v 263.000000 300.000000 0.000000
v 263.000000 300.000000 35.000000
v -0.000000 300.000000 35.000000
v -276.000000 300.000000 35.000000
v -276.000000 300.000000 0.000000
v -185.000000 300.000000 0.000000
v -185.000000 300.000000 10.000000
vn -0.000000 1.000000 -0.000000
vn -0.000000 1.000000 -0.000000
vn -0.000000 1.000000 -0.000000
vn -0.000000 1.000000 -0.000000
vn -0.000000 1.000000 -0.000000
vn -0.000000 1.000000 -0.000000
vn -0.000000 1.000000 -0.000000
vn -0.000000 1.000000 -0.000000
vn -0.000000 1.000000 -0.000000
f 2070//2070 2068//2068 2067//2067
f 2069//2069 2068//2068 2070//2070
f 2065//2065 2062//2062 2066//2066
f 2064//2064 2063//2063 2062//2062
f 2064//2064 2062//2062 2065//2065
f 2066//2066 2070//2070 2067//2067
f 2070//2070 2066//2066 2062//2062
v 185.000000 300.000000 10.000000
v 185.000000 300.000000 0.000000
v 185.000000 260.477264 10.000000
v 185.000000 260.477264 0.000000
vn -1.000000 0.000000 -0.000000
vn -1.000000 0.000000 -0.000000
vn -1.000000 0.000000 -0.000000
vn -1.000000 0.000000 -0.000000
f 2072//2072 2073//2073 2071//2071
f 2072//2072 2074//2074 2073//2073
v 185.000000 260.477264 10.000000
v 185.000000 260.477264 0.000000
v 260.477264 185.000000 10.000000
v 260.477264 185.000000 0.000000
vn -0.707107 -0.707107 0.000000
vn -0.707107 -0.707107 0.000000
vn -0.707107 -0.707107 0.000000
vn -0.707107 -0.707107 0.000000
f 2075//2075 2078//2078 2077//2077
f 2075//2075 2076//2076 2078//2078
v 260.477264 185.000000 10.000000
v 260.477264 185.000000 0.000000
v 343.000000 185.000000 10.000000
v 343.000000 185.000000 0.000000
vn -0.000000 -1.000000 -0.000000
vn -0.000000 -1.000000 -0.000000
vn -0.000000 -1.000000 -0.000000
vn -0.000000 -1.000000 -0.000000
f 2081//2081 2079//2079 2080//2080
f 2081//2081 2080//2080 2082//2082
v 343.000000 -185.000000 10.000000
v 343.000000 -185.000000 0.000000
v 260.477264 -185.000000 10.000000
v 260.477264 -185.000000 0.000000
vn -0.000000 1.000000 -0.000000
vn -0.000000 1.000000 -0.000000
vn -0.000000 1.000000 -0.000000
vn -0.000000 1.000000 -0.000000
f 2084//2084 2085//2085 2083//2083
f 2084//2084 2086//2086 2085//2085
v 260.477264 -185.000000 10.000000
v 260.477264 -185.000000 0.000000
v 185.000000 -260.477264 10.000000
v 185.000000 -260.477264 0.000000
vn -0.707107 0.707107 -0.000000
vn -0.707107 0.707107 -0.000000
vn -0.707107 0.707107 -0.000000
vn -0.707107 0.707107 -0.000000
f 2088//2088 2090//2090 2089//2089
f 2087//2087 2088//2088 2089//2089
v -185.000000 -300.000000 10.000000
v -185.000000 -300.000000 0.000000
v -185.000000 -260.477264 10.000000
v -185.000000 -260.477264 0.000000
vn 1.000000 -0.000000 -0.000000
vn 1.000000 -0.000000 -0.000000
vn 1.000000 -0.000000 -0.000000
vn 1.000000 -0.000000 -0.000000
f 2091//2091 2094//2094 2093//2093
f 2091//2091 2092//2092 2094//2094
v -185.000000 -260.477264 10.000000
v -185.000000 -260.477264 0.000000
v -260.477264 -185.000000 10.000000
v -260.477264 -185.000000 0.000000
vn 0.707107 0.707107 -0.000000
vn 0.707107 0.707107 -0.000000
vn 0.707107 0.707107 -0.000000
vn 0.707107 0.707107 -0.000000
f 2095//2095 2098//2098 2097//2097
f 2095//2095 2096//2096 2098//2098
v -260.477264 -185.000000 10.000000
v -260.477264 -185.000000 0.000000
v -323.500000 -185.000000 10.000000
v -323.500000 -185.000000 0.000000
vn -0.000000 1.000000 -0.000000
vn -0.000000 1.000000 -0.000000
vn -0.000000 1.000000 -0.000000
vn -0.000000 1.000000 -0.000000
f 2100//2100 2101//2101 2099//2099
f 2100//2100 2102//2102 2101//2101
v -323.500000 -185.000000 10.000000
v -323.500000 -185.000000 0.000000
v -348.000000 -233.083954 10.000000
v -348.000000 -233.083954 0.000000
vn -0.891007 0.453990 -0.000000
vn -0.891007 0.453990 -0.000000
vn -0.891007 0.453990 -0.000000
vn -0.891007 0.453990 -0.000000
f 2104//2104 2106//2106 2105//2105
f 2103//2103 2104//2104 2105//2105
v -348.000000 -260.000000 10.000000
v -348.000000 -260.000000 0.000000
v -348.000000 -233.083954 0.000000
v -348.000000 -233.083954 10.000000
vn -1.000000 -0.000000 0.000000
vn -1.000000 -0.000000 0.000000
vn -1.000000 -0.000000 0.000000
vn -1.000000 -0.000000 0.000000
f 2110//2110 2108//2108 2107//2107
f 2110//2110 2109//2109 2108//2108
v -406.000000 -260.000000 207.500000
v -423.000000 -260.000000 207.500000
v -406.000000 -260.000000 212.500000
v -358.000000 -260.000000 212.500000
v -358.000000 -260.000000 207.500000
v -353.000000 -260.000000 207.500000
v -353.000000 -260.000000 35.000000
v -343.000000 -260.000000 35.000000
v -343.000000 -260.000000 0.000000
v -348.000000 -260.000000 0.000000
v -348.000000 -260.000000 10.000000
v -361.000000 -260.000000 10.000000
v -361.000000 -260.000000 155.000000
v -393.000000 -260.000000 155.000000
v -393.000000 -260.000000 10.000000
v -423.000000 -260.000000 10.000000
vn -0.000000 -1.000000 -0.000000
vn -0.000000 -1.000000 -0.000000
vn -0.000000 -1.000000 -0.000000
vn -0.000000 -1.000000 -0.000000
vn -0.000000 -1.000000 -0.000000
vn -0.000000 -1.000000 -0.000000
vn -0.000000 -1.000000 -0.000000
vn -0.000000 -1.000000 -0.000000
vn -0.000000 -1.000000 -0.000000
vn -0.000000 -1.000000 -0.000000
vn -0.000000 -1.000000 -0.000000
vn -0.000000 -1.000000 -0.000000
vn -0.000000 -1.000000 -0.000000
vn -0.000000 -1.000000 -0.000000
vn -0.000000 -1.000000 -0.000000
vn -0.000000 -1.000000 -0.000000
f 2121//2121 2120//2120 2119//2119
f 2117//2117 2122//2122 2121//2121
f 2118//2118 2117//2117 2121//2121
f 2118//2118 2121//2121 2119//2119
f 2112//2112 2126//2126 2124//2124
f 2111//2111 2112//2112 2124//2124
f 2115//2115 2124//2124 2123//2123
f 2115//2115 2111//2111 2124//2124
f 2114//2114 2113//2113 2111//2111
f 2114//2114 2111//2111 2115//2115
f 2116//2116 2115//2115 2123//2123
f 2116//2116 2123//2123 2117//2117
f 2122//2122 2117//2117 2123//2123
f 2124//2124 2126//2126 2125//2125
v -361.000000 -268.000000 10.000000
v -361.000000 -260.000000 10.000000
v -361.000000 -268.000000 155.000000
v -361.000000 -260.000000 155.000000
vn 1.000000 -0.000000 -0.000000
vn 1.000000 -0.000000 -0.000000
vn 1.000000 -0.000000 -0.000000
vn 1.000000 -0.000000 -0.000000
f 2130//2130 2127//2127 2128//2128
f 2130//2130 2129//2129 2127//2127
v -393.000000 -268.000000 155.000000
v -393.000000 -268.000000 10.000000
v -361.000000 -268.000000 10.000000
v -361.000000 -268.000000 155.000000
v -377.000000 -268.000000 43.000000
v -376.061401 -268.000000 43.073872
v -375.145905 -268.000000 43.293659
v -374.276062 -268.000000 43.653961
v -373.473297 -268.000000 44.145897
v -372.757355 -268.000000 44.757359
v -372.145905 -268.000000 45.473289
v -371.653961 -268.000000 46.276058
v -371.293671 -268.000000 47.145897
v -371.073883 -268.000000 48.061394
v -371.000000 -268.000000 49.000000
v -383.000000 -268.000000 49.000000
v -382.926117 -268.000000 48.061394
v -382.706329 -268.000000 47.145897
v -382.346039 -268.000000 46.276058
v -381.854095 -268.000000 45.473289
v -381.242645 -268.000000 44.757359
v -380.526703 -268.000000 44.145897
v -379.723938 -268.000000 43.653961
v -378.854095 -268.000000 43.293659
v -377.938599 -268.000000 43.073872
v -377.000000 -268.000000 55.000000
v -377.938599 -268.000000 54.926128
v -378.854095 -268.000000 54.706341
v -379.723938 -268.000000 54.346039
v -380.526703 -268.000000 53.854103
v -381.242645 -268.000000 53.242641
v -381.854095 -268.000000 52.526711
v -382.346039 -268.000000 51.723942
v -382.706329 -268.000000 50.854103
v -382.926117 -268.000000 49.938606
v -371.073883 -268.000000 49.938606
v -371.293671 -268.000000 50.854103
v -371.653961 -268.000000 51.723942
v -372.145905 -268.000000 52.526711
v -372.757355 -268.000000 53.242641
v -373.473297 -268.000000 53.854103
v -374.276062 -268.000000 54.346039
v -375.145905 -268.000000 54.706341
v -376.061401 -268.000000 54.926128
v -371.899994 -268.000000 79.000000
v -371.975067 -268.000000 78.128326
v -372.198029 -268.000000 77.282188
v -372.562286 -268.000000 76.486702
v -373.057129 -268.000000 75.765221
v -373.668121 -268.000000 75.138855
v -374.377136 -268.000000 74.626152
v -375.163239 -268.000000 74.242241
v -376.003510 -268.000000 73.998314
v -376.499359 -268.000000 73.924637
v -377.000000 -268.000000 73.900002
v -377.871674 -268.000000 73.975060
v -378.717804 -268.000000 74.198021
v -379.513306 -268.000000 74.562279
v -380.234772 -268.000000 75.057144
v -380.861145 -268.000000 75.668121
v -381.373840 -268.000000 76.377113
v -381.757751 -268.000000 77.163246
v -382.001678 -268.000000 78.003502
v -382.075378 -268.000000 78.499352
v -382.100006 -268.000000 79.000000
v -382.024933 -268.000000 79.871674
v -381.801971 -268.000000 80.717812
v -381.437714 -268.000000 81.513298
v -380.942871 -268.000000 82.234779
v -380.331879 -268.000000 82.861145
v -379.622864 -268.000000 83.373848
v -378.836761 -268.000000 83.757759
v -377.996490 -268.000000 84.001686
v -377.500641 -268.000000 84.075363
v -377.000000 -268.000000 84.099998
v -376.128326 -268.000000 84.024940
v -375.282196 -268.000000 83.801979
v -374.486694 -268.000000 83.437721
v -373.765228 -268.000000 82.942856
v -373.138855 -268.000000 82.331879
v -372.626160 -268.000000 81.622887
v -372.242249 -268.000000 80.836754
v -371.998322 -268.000000 79.996498
v -371.924622 -268.000000 79.500648
v -371.899994 -268.000000 139.000000
v -371.975067 -268.000000 138.128326
v -372.198029 -268.000000 137.282196
v -372.562286 -268.000000 136.486694
v -373.057129 -268.000000 135.765228
v -373.668121 -268.000000 135.138855
v -374.377136 -268.000000 134.626160
v -375.163239 -268.000000 134.242233
v -376.003510 -268.000000 133.998306
v -376.499359 -268.000000 133.924637
v -377.000000 -268.000000 133.899994
v -377.871674 -268.000000 133.975052
v -378.717804 -268.000000 134.198013
v -379.513306 -268.000000 134.562286
v -380.234772 -268.000000 135.057144
v -380.861145 -268.000000 135.668121
v -381.373840 -268.000000 136.377106
v -381.757751 -268.000000 137.163254
v -382.001678 -268.000000 138.003510
v -382.075378 -268.000000 138.499344
v -382.100006 -268.000000 139.000000
v -382.024933 -268.000000 139.871674
v -381.801971 -268.000000 140.717804
v -381.437714 -268.000000 141.513306
v -380.942871 -268.000000 142.234772
v -380.331879 -268.000000 142.861145
v -379.622864 -268.000000 143.373840
v -378.836761 -268.000000 143.757767
v -377.996490 -268.000000 144.001694
v -377.500641 -268.000000 144.075363
v -377.000000 -268.000000 144.100006
v -376.128326 -268.000000 144.024948
v -375.282196 -268.000000 143.801987
v -374.486694 -268.000000 143.437714
v -373.765228 -268.000000 142.942856
v -373.138855 -268.000000 142.331879
v -372.626160 -268.000000 141.622894
v -372.242249 -268.000000 140.836746
v -371.998322 -268.000000 139.996490
v -371.924622 -268.000000 139.500656
vn 0.000000 -1.000000 0.000000
vn 0.000000 -1.000000 0.000000
vn 0.000000 -1.000000 0.000000
vn 0.000000 -1.000000 0.000000
vn 0.000000 -1.000000 0.000000
vn 0.000000 -1.000000 0.000000
vn 0.000000 -1.000000 0.000000
vn 0.000000 -1.000000 0.000000
vn 0.000000 -1.000000 0.000000
vn 0.000000 -1.000000 0.000000
vn 0.000000 -1.000000 0.000000
vn 0.000000 -1.000000 0.000000
vn 0.000000 -1.000000 0.000000
vn 0.000000 -1.000000 0.000000
vn 0.000000 -1.000000 0.000000
vn 0.000000 -1.000000 0.000000
vn 0.000000 -1.000000 0.000000
vn 0.000000 -1.000000 0.000000
vn 0.000000 -1.000000 0.000000
vn 0.000000 -1.000000 0.000000
vn 0.000000 -1.000000 0.000000
vn 0.000000 -1.000000 0.000000
vn 0.000000 -1.000000 0.000000
vn 0.000000 -1.000000 0.000000
vn 0.000000 -1.000000 0.000000
vn 0.000000 -1.000000 0.000000
vn 0.000000 -1.000000 0.000000
vn 0.000000 -1.000000 0.000000
vn 0.000000 -1.000000 0.000000
vn 0.000000 -1.000000 0.000000
vn 0.000000 -1.000000 0.000000
vn 0.000000 -1.000000 0.000000
vn 0.000000 -1.000000 0.000000
vn 0.000000 -1.000000 0.000000
vn 0.000000 -1.000000 0.000000
vn 0.000000 -1.000000 0.000000
vn 0.000000 -1.000000 0.000000
vn 0.000000 -1.000000 0.000000
vn 0.000000 -1.000000 0.000000
vn 0.000000 -1.000000 0.000000
vn 0.000000 -1.000000 0.000000
vn 0.000000 -1.000000 0.000000
vn 0.000000 -1.000000 0.000000
vn 0.000000 -1.000000 0.000000
vn 0.000000 -1.000000 0.000000
vn 0.000000 -1.000000 0.000000
vn 0.000000 -1.000000 0.000000
vn 0.000000 -1.000000 0.000000
vn 0.000000 -1.000000 0.000000
vn 0.000000 -1.000000 0.000000
vn 0.000000 -1.000000 0.000000
vn 0.000000 -1.000000 0.000000
vn 0.000000 -1.000000 0.000000
vn 0.000000 -1.000000 0.000000
vn 0.000000 -1.000000 0.000000
vn 0.000000 -1.000000 0.000000
vn 0.000000 -1.000000 0.000000
vn 0.000000 -1.000000 0.000000
vn 0.000000 -1.000000 0.000000
vn 0.000000 -1.000000 0.000000
vn 0.000000 -1.000000 0.000000
vn 0.000000 -1.000000 0.000000
vn 0.000000 -1.000000 0.000000
vn 0.000000 -1.000000 0.000000
vn 0.000000 -1.000000 0.000000
vn 0.000000 -1.000000 0.000000
vn 0.000000 -1.000000 0.000000
vn 0.000000 -1.000000 0.000000
vn 0.000000 -1.000000 0.000000
vn 0.000000 -1.000000 0.000000
vn 0.000000 -1.000000 0.000000
vn 0.000000 -1.000000 0.000000
vn 0.000000 -1.000000 0.000000
vn 0.000000 -1.000000 0.000000
vn 0.000000 -1.000000 0.000000
vn 0.000000 -1.000000 0.000000
vn 0.000000 -1.000000 0.000000
vn 0.000000 -1.000000 0.000000
vn 0.000000 -1.000000 0.000000
vn 0.000000 -1.000000 0.000000
vn 0.000000 -1.000000 0.000000
vn 0.000000 -1.000000 0.000000
vn 0.000000 -1.000000 0.000000
vn 0.000000 -1.000000 0.000000
vn 0.000000 -1.000000 0.000000
vn 0.000000 -1.000000 0.000000
vn 0.000000 -1.000000 0.000000
vn 0.000000 -1.000000 0.000000
vn 0.000000 -1.000000 0.000000
vn 0.000000 -1.000000 0.000000
vn 0.000000 -1.000000 0.000000
vn 0.000000 -1.000000 0.000000
vn 0.000000 -1.000000 0.000000
vn 0.000000 -1.000000 0.000000
vn 0.000000 -1.000000 0.000000
vn 0.000000 -1.000000 0.000000
vn 0.000000 -1.000000 0.000000
vn 0.000000 -1.000000 0.000000
vn 0.000000 -1.000000 0.000000
vn 0.000000 -1.000000 0.000000
vn 0.000000 -1.000000 0.000000
vn 0.000000 -1.000000 0.000000
vn 0.000000 -1.000000 0.000000
vn 0.000000 -1.000000 0.000000
vn 0.000000 -1.000000 0.000000
vn 0.000000 -1.000000 0.000000
vn 0.000000 -1.000000 0.000000
vn 0.000000 -1.000000 0.000000
vn 0.000000 -1.000000 0.000000
vn 0.000000 -1.000000 0.000000
vn 0.000000 -1.000000 0.000000
vn 0.000000 -1.000000 0.000000
vn 0.000000 -1.000000 0.000000
vn 0.000000 -1.000000 0.000000
vn 0.000000 -1.000000 0.000000
vn 0.000000 -1.000000 0.000000
vn 0.000000 -1.000000 0.000000
vn 0.000000 -1.000000 0.000000
vn 0.000000 -1.000000 0.000000
vn 0.000000 -1.000000 0.000000
vn 0.000000 -1.000000 0.000000
vn 0.000000 -1.000000 0.000000
vn 0.000000 -1.000000 0.000000
vn 0.000000 -1.000000 0.000000
f 2239//2239 2240//2240 2131//2131
f 2241//2241 2131//2131 2240//2240
f 2238//2238 2239//2239 2131//2131
f 2242//2242 2131//2131 2241//2241
f 2237//2237 2238//2238 2131//2131
f 2243//2243 2131//2131 2242//2242
f 2236//2236 2237//2237 2131//2131
f 2244//2244 2131//2131 2243//2243
f 2235//2235 2236//2236 2131//2131
f 2245//2245 2131//2131 2244//2244
f 2234//2234 2235//2235 2131//2131
f 2233//2233 2234//2234 2131//2131
f 2232//2232 2233//2233 2131//2131
f 2134//2134 2245//2245 2246//2246
f 2134//2134 2246//2246 2247//2247
f 2134//2134 2247//2247 2248//2248
f 2134//2134 2248//2248 2249//2249
f 2134//2134 2131//2131 2245//2245
f 2250//2250 2134//2134 2249//2249
f 2251//2251 2134//2134 2250//2250
f 2252//2252 2134//2134 2251//2251
f 2253//2253 2134//2134 2252//2252
f 2254//2254 2134//2134 2253//2253
f 2215//2215 2134//2134 2254//2254
f 2216//2216 2134//2134 2215//2215
f 2217//2217 2134//2134 2216//2216
f 2200//2200 2229//2229 2230//2230
f 2199//2199 2200//2200 2230//2230
f 2199//2199 2230//2230 2231//2231
f 2201//2201 2229//2229 2200//2200
f 2201//2201 2228//2228 2229//2229
f 2198//2198 2231//2231 2232//2232
f 2198//2198 2199//2199 2231//2231
f 2202//2202 2228//2228 2201//2201
f 2202//2202 2227//2227 2228//2228
f 2197//2197 2198//2198 2232//2232
f 2197//2197 2232//2232 2131//2131
f 2203//2203 2227//2227 2202//2202
f 2203//2203 2226//2226 2227//2227
f 2196//2196 2197//2197 2131//2131
f 2204//2204 2226//2226 2203//2203
f 2204//2204 2225//2225 2226//2226
f 2195//2195 2196//2196 2131//2131
f 2205//2205 2225//2225 2204//2204
f 2205//2205 2224//2224 2225//2225
f 2206//2206 2224//2224 2205//2205
f 2206//2206 2223//2223 2224//2224
f 2207//2207 2223//2223 2206//2206
f 2207//2207 2222//2222 2223//2223
f 2208//2208 2222//2222 2207//2207
f 2208//2208 2221//2221 2222//2222
f 2209//2209 2221//2221 2208//2208
f 2209//2209 2220//2220 2221//2221
f 2210//2210 2220//2220 2209//2209
f 2210//2210 2219//2219 2220//2220
f 2211//2211 2219//2219 2210//2210
f 2211//2211 2218//2218 2219//2219
f 2212//2212 2218//2218 2211//2211
f 2212//2212 2134//2134 2217//2217
f 2212//2212 2217//2217 2218//2218
f 2161//2161 2189//2189 2190//2190
f 2160//2160 2189//2189 2161//2161
f 2160//2160 2188//2188 2189//2189
f 2162//2162 2190//2190 2191//2191
f 2162//2162 2161//2161 2190//2190
f 2159//2159 2187//2187 2188//2188
f 2159//2159 2188//2188 2160//2160
f 2163//2163 2191//2191 2192//2192
f 2163//2163 2162//2162 2191//2191
f 2158//2158 2187//2187 2159//2159
f 2158//2158 2186//2186 2187//2187
f 2164//2164 2192//2192 2193//2193
f 2164//2164 2163//2163 2192//2192
f 2157//2157 2185//2185 2186//2186
f 2157//2157 2186//2186 2158//2158
f 2165//2165 2164//2164 2193//2193
f 2165//2165 2193//2193 2194//2194
f 2156//2156 2185//2185 2157//2157
f 2156//2156 2184//2184 2185//2185
f 2174//2174 2184//2184 2156//2156
f 2174//2174 2183//2183 2184//2184
f 2173//2173 2183//2183 2174//2174
f 2173//2173 2182//2182 2183//2183
f 2172//2172 2182//2182 2173//2173
f 2172//2172 2181//2181 2182//2182
f 2171//2171 2181//2181 2172//2172
f 2171//2171 2180//2180 2181//2181
f 2170//2170 2180//2180 2171//2171
f 2170//2170 2179//2179 2180//2180
f 2169//2169 2179//2179 2170//2170
f 2169//2169 2178//2178 2179//2179
f 2168//2168 2178//2178 2169//2169
f 2168//2168 2177//2177 2178//2178
f 2167//2167 2177//2177 2168//2168
f 2167//2167 2176//2176 2177//2177
f 2166//2166 2176//2176 2167//2167
f 2132//2132 2165//2165 2194//2194
f 2132//2132 2147//2147 2146//2146
f 2132//2132 2148//2148 2147//2147
f 2132//2132 2149//2149 2148//2148
f 2132//2132 2150//2150 2149//2149
f 2132//2132 2151//2151 2150//2150
f 2132//2132 2152//2152 2151//2151
f 2132//2132 2153//2153 2152//2152
f 2132//2132 2154//2154 2153//2153
f 2132//2132 2155//2155 2154//2154
f 2132//2132 2135//2135 2155//2155
f 2132//2132 2195//2195 2131//2131
f 2132//2132 2146//2146 2165//2165
f 2132//2132 2194//2194 2195//2195
f 2133//2133 2136//2136 2135//2135
f 2133//2133 2137//2137 2136//2136
f 2133//2133 2138//2138 2137//2137
f 2133//2133 2139//2139 2138//2138
f 2133//2133 2140//2140 2139//2139
f 2133//2133 2141//2141 2140//2140
f 2133//2133 2142//2142 2141//2141
f 2133//2133 2135//2135 2132//2132
f 2133//2133 2143//2143 2142//2142
f 2133//2133 2144//2144 2143//2143
f 2133//2133 2145//2145 2144//2144
f 2133//2133 2134//2134 2145//2145
f 2145//2145 2134//2134 2166//2166
f 2166//2166 2134//2134 2176//2176
f 2176//2176 2134//2134 2175//2175
f 2175//2175 2134//2134 2214//2214
f 2214//2214 2134//2134 2213//2213
f 2213//2213 2134//2134 2212//2212
v -393.000000 -268.000000 155.000000
v -393.000000 -260.000000 155.000000
v -393.000000 -268.000000 10.000000
v -393.000000 -260.000000 10.000000
vn -1.000000 0.000000 -0.000000
vn -1.000000 0.000000 -0.000000
vn -1.000000 0.000000 -0.000000
vn -1.000000 0.000000 -0.000000
f 2258//2258 2255//2255 2256//2256
f 2258//2258 2257//2257 2255//2255
v 297.000000 -77.500000 47.000000
v 297.000000 79.148560 47.000000
v 343.000000 -77.500000 47.000000
v 343.000000 79.148560 47.000000
vn 0.000000 0.000000 1.000000
vn 0.000000 0.000000 1.000000
vn 0.000000 0.000000 1.000000
vn 0.000000 0.000000 1.000000
f 2262//2262 2260//2260 2259//2259
f 2262//2262 2259//2259 2261//2261
v 297.000000 -77.500000 47.000000
v 297.000000 79.148560 47.000000
v 297.000000 64.500000 60.000000
v 297.000000 -64.500000 60.000000
vn 1.000000 -0.000000 0.000000
vn 1.000000 -0.000000 0.000000
vn 1.000000 -0.000000 0.000000
vn 1.000000 -0.000000 0.000000
f 2265//2265 2266//2266 2263//2263
f 2264//2264 2265//2265 2263//2263
v 343.000000 225.000000 35.000000
v 343.000000 225.000000 0.000000
v 348.000000 230.000000 35.000000
v 348.000000 230.000000 0.000000
vn 0.707107 -0.707107 -0.000000
vn 0.707107 -0.707107 -0.000000
vn 0.707107 -0.707107 -0.000000
vn 0.707107 -0.707107 -0.000000
f 2267//2267 2270//2270 2269//2269
f 2267//2267 2268//2268 2270//2270
v 348.000000 230.000000 35.000000
v 348.000000 230.000000 0.000000
v 348.000000 275.000000 35.000000
v 348.000000 275.000000 0.000000
vn 1.000000 -0.000000 -0.000000
vn 1.000000 -0.000000 -0.000000
vn 1.000000 -0.000000 -0.000000
vn 1.000000 -0.000000 -0.000000
f 2273//2273 2271//2271 2272//2272
f 2273//2273 2272//2272 2274//2274
v 348.000000 275.000000 35.000000
v 348.000000 275.000000 0.000000
v 318.000000 305.000000 35.000000
v 318.000000 305.000000 0.000000
vn 0.707107 0.707107 -0.000000
vn 0.707107 0.707107 -0.000000
vn 0.707107 0.707107 -0.000000
vn 0.707107 0.707107 -0.000000
f 2275//2275 2278//2278 2277//2277
f 2275//2275 2276//2276 2278//2278
v 268.000000 305.000000 0.000000
v 318.000000 305.000000 0.000000
v 268.000000 305.000000 35.000000
v 318.000000 305.000000 35.000000
vn 0.000000 1.000000 0.000000
vn 0.000000 1.000000 0.000000
vn 0.000000 1.000000 0.000000
vn 0.000000 1.000000 0.000000
f 2282//2282 2280//2280 2279//2279
f 2282//2282 2279//2279 2281//2281
v 263.000000 300.000000 0.000000
v 268.000000 305.000000 0.000000
v 263.000000 300.000000 35.000000
v 268.000000 305.000000 35.000000
vn -0.707107 0.707107 0.000000
vn -0.707107 0.707107 0.000000
vn -0.707107 0.707107 0.000000
vn -0.707107 0.707107 0.000000
f 2285//2285 2284//2284 2283//2283
f 2285//2285 2286//2286 2284//2284
v 310.000000 226.000000 35.000000
v 310.000000 226.000000 30.000000
v 313.589172 225.690979 35.000000
v 317.072906 224.773041 35.000000
v 320.139221 223.390091 35.000000
v 322.768677 221.672119 35.000000
v 325.112579 219.581116 35.000000
v 327.118317 217.164032 35.000000
v 328.741028 214.474838 35.000000
v 329.944611 211.573547 35.000000
v 330.701996 208.525299 35.000000
v 330.925323 206.769379 35.000000
v 331.000000 205.000000 35.000000
v 330.690979 201.410858 35.000000
v 329.773041 197.927063 35.000000
v 328.390106 194.860779 35.000000
v 326.672150 192.231384 35.000000
v 324.581116 189.887436 35.000000
v 322.164093 187.881729 35.000000
v 319.474945 186.259018 35.000000
v 316.573578 185.055420 35.000000
v 313.525360 184.298019 35.000000
v 311.769409 184.074692 35.000000
v 310.000000 184.000000 35.000000
v 310.000000 184.000000 30.000000
v 331.000000 205.000000 30.000000
v 330.680969 201.353394 30.000000
v 329.733551 197.817581 30.000000
v 328.186523 194.500000 30.000000
v 326.086945 191.501465 30.000000
v 323.498535 188.913071 30.000000
v 320.500000 186.813461 30.000000
v 317.182434 185.266449 30.000000
v 313.646606 184.319031 30.000000
v 313.646606 225.680969 30.000000
v 317.182434 224.733551 30.000000
v 320.500000 223.186539 30.000000
v 323.498535 221.086929 30.000000
v 326.086945 218.498535 30.000000
v 328.186523 215.500000 30.000000
v 329.733551 212.182419 30.000000
v 330.680969 208.646606 30.000000
vn 0.000000 -1.000000 -0.000000
vn 0.000000 -1.000000 -0.000000
vn -0.170923 -0.985284 -0.000000
vn -0.336816 -0.941571 -0.000000
vn -0.482840 -0.875708 -0.000000
vn -0.608057 -0.793894 -0.000000
vn -0.719669 -0.694317 -0.000000
vn -0.815181 -0.579207 -0.000000
vn -0.892454 -0.451138 -0.000000
vn -0.949761 -0.312976 -0.000000
vn -0.985819 -0.167812 -0.000000
vn -0.996448 -0.084205 -0.000000
vn -1.000000 0.000000 -0.000000
vn -0.985284 0.170923 -0.000000
vn -0.941571 0.336816 -0.000000
vn -0.875709 0.482840 -0.000000
vn -0.793894 0.608056 -0.000000
vn -0.694319 0.719667 -0.000000
vn -0.579210 0.815179 -0.000000
vn -0.451142 0.892452 -0.000000
vn -0.312981 0.949759 -0.000000
vn -0.167819 0.985818 -0.000000
vn -0.084208 0.996448 -0.000000
vn -0.000000 1.000000 -0.000000
vn 0.000000 1.000000 0.000000
vn -1.000000 -0.000000 -0.000000
vn -0.984808 0.173648 -0.000000
vn -0.939693 0.342020 -0.000000
vn -0.866025 0.500000 -0.000000
vn -0.766044 0.642788 -0.000000
vn -0.642788 0.766044 -0.000000
vn -0.500000 0.866025 -0.000000
vn -0.342020 0.939693 -0.000000
vn -0.173648 0.984808 -0.000000
vn -0.173648 -0.984808 -0.000000
vn -0.342020 -0.939693 -0.000000
vn -0.500000 -0.866025 -0.000000
vn -0.642788 -0.766044 -0.000000
vn -0.766044 -0.642788 -0.000000
vn -0.866025 -0.500000 -0.000000
vn -0.939693 -0.342020 -0.000000
vn -0.984808 -0.173648 -0.000000
f 2288//2288 2289//2289 2287//2287
f 2321//2321 2290//2290 2289//2289
f 2321//2321 2289//2289 2288//2288
f 2322//2322 2291//2291 2290//2290
f 2322//2322 2290//2290 2321//2321
f 2323//2323 2292//2292 2291//2291
f 2323//2323 2291//2291 2322//2322
f 2324//2324 2293//2293 2292//2292
f 2324//2324 2292//2292 2323//2323
f 2325//2325 2294//2294 2293//2293
f 2325//2325 2293//2293 2324//2324
f 2326//2326 2295//2295 2294//2294
f 2326//2326 2294//2294 2325//2325
f 2327//2327 2296//2296 2295//2295
f 2327//2327 2295//2295 2326//2326
f 2328//2328 2297//2297 2296//2296
f 2328//2328 2298//2298 2297//2297
f 2328//2328 2296//2296 2327//2327
f 2312//2312 2299//2299 2298//2298
f 2312//2312 2300//2300 2299//2299
f 2312//2312 2298//2298 2328//2328
f 2313//2313 2301//2301 2300//2300
f 2313//2313 2300//2300 2312//2312
f 2314//2314 2302//2302 2301//2301
f 2314//2314 2301//2301 2313//2313
f 2315//2315 2303//2303 2302//2302
f 2315//2315 2302//2302 2314//2314
f 2316//2316 2303//2303 2315//2315
f 2316//2316 2304//2304 2303//2303
f 2317//2317 2304//2304 2316//2316
f 2317//2317 2305//2305 2304//2304
f 2318//2318 2305//2305 2317//2317
f 2318//2318 2306//2306 2305//2305
f 2319//2319 2306//2306 2318//2318
f 2319//2319 2307//2307 2306//2306
f 2320//2320 2307//2307 2319//2319
f 2320//2320 2308//2308 2307//2307
f 2320//2320 2309//2309 2308//2308
f 2311//2311 2310//2310 2309//2309
f 2311//2311 2309//2309 2320//2320
v 310.000000 184.000000 35.000000
v 310.000000 184.000000 30.000000
v 306.410828 184.309021 35.000000
v 302.927094 185.226959 35.000000
v 299.860779 186.609909 35.000000
v 297.231323 188.327881 35.000000
v 294.887421 190.418884 35.000000
v 292.881683 192.835968 35.000000
v 291.258972 195.525162 35.000000
v 290.055389 198.426453 35.000000
v 289.298004 201.474701 35.000000
v 289.074677 203.230621 35.000000
v 289.000000 205.000000 35.000000
v 289.309021 208.589142 35.000000
v 290.226959 212.072937 35.000000
v 291.609894 215.139221 35.000000
v 293.327850 217.768616 35.000000
v 295.418884 220.112564 35.000000
v 297.835907 222.118271 35.000000
v 300.525055 223.740982 35.000000
v 303.426422 224.944580 35.000000
v 306.474640 225.701981 35.000000
v 308.230591 225.925308 35.000000
v 310.000000 226.000000 35.000000
v 310.000000 226.000000 30.000000
v 289.000000 205.000000 30.000000
v 289.319031 208.646606 30.000000
v 290.266449 212.182419 30.000000
v 291.813477 215.500000 30.000000
v 293.913055 218.498535 30.000000
v 296.501465 221.086929 30.000000
v 299.500000 223.186539 30.000000
v 302.817566 224.733551 30.000000
v 306.353394 225.680969 30.000000
v 306.353394 184.319031 30.000000
v 302.817566 185.266449 30.000000
v 299.500000 186.813461 30.000000
v 296.501465 188.913071 30.000000
v 293.913055 191.501465 30.000000
v 291.813477 194.500000 30.000000
v 290.266449 197.817581 30.000000
v 289.319031 201.353394 30.000000
vn -0.000000 1.000000 0.000000
vn -0.000000 1.000000 0.000000
vn 0.170923 0.985284 0.000000
vn 0.336816 0.941571 0.000000
vn 0.482840 0.875708 0.000000
vn 0.608057 0.793894 0.000000
vn 0.719669 0.694317 0.000000
vn 0.815181 0.579207 0.000000
vn 0.892454 0.451138 0.000000
vn 0.949761 0.312976 0.000000
vn 0.985819 0.167812 0.000000
vn 0.996448 0.084205 0.000000
vn 1.000000 0.000000 0.000000
vn 0.985284 -0.170923 -0.000000
vn 0.941571 -0.336816 -0.000000
vn 0.875709 -0.482840 -0.000000
vn 0.793894 -0.608056 -0.000000
vn 0.694319 -0.719667 -0.000000
vn 0.579210 -0.815179 -0.000000
vn 0.451142 -0.892452 -0.000000
vn 0.312981 -0.949759 -0.000000
vn 0.167819 -0.985818 -0.000000
vn 0.084208 -0.996448 -0.000000
vn 0.000000 -1.000000 -0.000000
vn 0.000000 -1.000000 -0.000000
vn 1.000000 0.000000 0.000000
vn 0.984808 -0.173648 -0.000000
vn 0.939693 -0.342020 -0.000000
vn 0.866025 -0.500000 -0.000000
vn 0.766044 -0.642788 -0.000000
vn 0.642788 -0.766044 -0.000000
vn 0.500000 -0.866025 -0.000000
vn 0.342020 -0.939693 -0.000000
vn 0.173648 -0.984808 -0.000000
vn 0.173648 0.984808 0.000000
vn 0.342020 0.939693 0.000000
vn 0.500000 0.866025 0.000000
vn 0.642788 0.766044 0.000000
vn 0.766044 0.642788 0.000000
vn 0.866025 0.500000 0.000000
vn 0.939693 0.342020 0.000000
vn 0.984808 0.173648 0.000000
f 2330//2330 2331//2331 2329//2329
f 2363//2363 2332//2332 2331//2331
f 2363//2363 2331//2331 2330//2330
f 2364//2364 2333//2333 2332//2332
f 2364//2364 2332//2332 2363//2363
f 2365//2365 2334//2334 2333//2333
f 2365//2365 2333//2333 2364//2364
f 2366//2366 2335//2335 2334//2334
f 2366//2366 2334//2334 2365//2365
f 2367//2367 2336//2336 2335//2335
f 2367//2367 2335//2335 2366//2366
f 2368//2368 2337//2337 2336//2336
f 2368//2368 2336//2336 2367//2367
f 2369//2369 2338//2338 2337//2337
f 2369//2369 2337//2337 2368//2368
f 2370//2370 2339//2339 2338//2338
f 2370//2370 2340//2340 2339//2339
f 2370//2370 2338//2338 2369//2369
f 2354//2354 2341//2341 2340//2340
f 2354//2354 2342//2342 2341//2341
f 2354//2354 2340//2340 2370//2370
f 2355//2355 2343//2343 2342//2342
f 2355//2355 2342//2342 2354//2354
f 2356//2356 2344//2344 2343//2343
f 2356//2356 2343//2343 2355//2355
f 2357//2357 2345//2345 2344//2344
f 2357//2357 2344//2344 2356//2356
f 2358//2358 2345//2345 2357//2357
f 2358//2358 2346//2346 2345//2345
f 2359//2359 2346//2346 2358//2358
f 2359//2359 2347//2347 2346//2346
f 2360//2360 2347//2347 2359//2359
f 2360//2360 2348//2348 2347//2347
f 2361//2361 2348//2348 2360//2360
f 2361//2361 2349//2349 2348//2348
f 2362//2362 2349//2349 2361//2361
f 2362//2362 2350//2350 2349//2349
f 2362//2362 2351//2351 2350//2350
f 2353//2353 2352//2352 2351//2351
f 2353//2353 2351//2351 2362//2362
v 230.000000 291.000000 35.000000
v 230.000000 291.000000 30.000000
v 233.589172 290.690979 35.000000
v 237.072906 289.773041 35.000000
v 240.139236 288.390106 35.000000
v 242.768677 286.672119 35.000000
v 245.112595 284.581116 35.000000
v 247.118301 282.164032 35.000000
v 248.741043 279.474823 35.000000
v 249.944611 276.573547 35.000000
v 250.701981 273.525299 35.000000
v 250.925308 271.769379 35.000000
v 251.000000 270.000000 35.000000
v 250.690979 266.410858 35.000000
v 249.773026 262.927063 35.000000
v 248.390106 259.860779 35.000000
v 246.672165 257.231384 35.000000
v 244.581116 254.887436 35.000000
v 242.164078 252.881729 35.000000
v 239.474945 251.259018 35.000000
v 236.573593 250.055420 35.000000
v 233.525345 249.298019 35.000000
v 231.769409 249.074692 35.000000
v 230.000000 249.000000 35.000000
v 230.000000 249.000000 30.000000
v 251.000000 270.000000 30.000000
v 250.680969 266.353394 30.000000
v 249.733551 262.817566 30.000000
v 248.186539 259.500000 30.000000
v 246.086929 256.501465 30.000000
v 243.498535 253.913071 30.000000
v 240.500000 251.813461 30.000000
v 237.182419 250.266449 30.000000
v 233.646606 249.319031 30.000000
v 233.646606 290.680969 30.000000
v 237.182419 289.733551 30.000000
v 240.500000 288.186523 30.000000
v 243.498535 286.086945 30.000000
v 246.086929 283.498535 30.000000
v 248.186539 280.500000 30.000000
v 249.733551 277.182434 30.000000
v 250.680969 273.646606 30.000000
vn 0.000000 -1.000000 -0.000000
vn 0.000000 -1.000000 -0.000000
vn -0.170923 -0.985284 -0.000000
vn -0.336816 -0.941571 -0.000000
vn -0.482840 -0.875708 -0.000000
vn -0.608057 -0.793894 -0.000000
vn -0.719669 -0.694317 -0.000000
vn -0.815181 -0.579207 -0.000000
vn -0.892454 -0.451138 -0.000000
vn -0.949761 -0.312976 -0.000000
vn -0.985819 -0.167812 -0.000000
vn -0.996448 -0.084205 -0.000000
vn -1.000000 0.000000 -0.000000
vn -0.985284 0.170923 -0.000000
vn -0.941571 0.336816 -0.000000
vn -0.875709 0.482840 -0.000000
vn -0.793894 0.608056 -0.000000
vn -0.694319 0.719667 -0.000000
vn -0.579210 0.815179 -0.000000
vn -0.451142 0.892452 -0.000000
vn -0.312981 0.949759 -0.000000
vn -0.167819 0.985818 -0.000000
vn -0.084208 0.996448 -0.000000
vn -0.000000 1.000000 -0.000000
vn 0.000000 1.000000 0.000000
vn -1.000000 -0.000000 -0.000000
vn -0.984808 0.173648 -0.000000
vn -0.939693 0.342020 -0.000000
vn -0.866025 0.500000 -0.000000
vn -0.766044 0.642788 -0.000000
vn -0.642788 0.766044 -0.000000
vn -0.500000 0.866025 -0.000000
vn -0.342020 0.939693 -0.000000
vn -0.173648 0.984808 -0.000000
vn -0.173648 -0.984808 -0.000000
vn -0.342020 -0.939693 -0.000000
vn -0.500000 -0.866025 -0.000000
vn -0.642788 -0.766044 -0.000000
vn -0.766044 -0.642788 -0.000000
vn -0.866025 -0.500000 -0.000000
vn -0.939693 -0.342020 -0.000000
vn -0.984808 -0.173648 -0.000000
f 2372//2372 2373//2373 2371//2371
f 2405//2405 2374//2374 2373//2373
f 2405//2405 2373//2373 2372//2372
f 2406//2406 2375//2375 2374//2374
f 2406//2406 2374//2374 2405//2405
f 2407//2407 2376//2376 2375//2375
f 2407//2407 2375//2375 2406//2406
f 2408//2408 2377//2377 2376//2376
f 2408//2408 2376//2376 2407//2407
f 2409//2409 2378//2378 2377//2377
f 2409//2409 2377//2377 2408//2408
f 2410//2410 2379//2379 2378//2378
f 2410//2410 2378//2378 2409//2409
f 2411//2411 2380//2380 2379//2379
f 2411//2411 2379//2379 2410//2410
f 2412//2412 2381//2381 2380//2380
f 2412//2412 2382//2382 2381//2381
f 2412//2412 2380//2380 2411//2411
f 2396//2396 2383//2383 2382//2382
f 2396//2396 2384//2384 2383//2383
f 2396//2396 2382//2382 2412//2412
f 2397//2397 2385//2385 2384//2384
f 2397//2397 2384//2384 2396//2396
f 2398//2398 2386//2386 2385//2385
f 2398//2398 2385//2385 2397//2397
f 2399//2399 2387//2387 2386//2386
f 2399//2399 2386//2386 2398//2398
f 2400//2400 2387//2387 2399//2399
f 2400//2400 2388//2388 2387//2387
f 2401//2401 2388//2388 2400//2400
f 2401//2401 2389//2389 2388//2388
f 2402//2402 2389//2389 2401//2401
f 2402//2402 2390//2390 2389//2389
f 2403//2403 2390//2390 2402//2402
f 2403//2403 2391//2391 2390//2390
f 2404//2404 2391//2391 2403//2403
f 2404//2404 2392//2392 2391//2391
f 2404//2404 2393//2393 2392//2392
f 2395//2395 2393//2393 2404//2404
f 2395//2395 2394//2394 2393//2393
v 230.000000 249.000000 35.000000
v 230.000000 249.000000 30.000000
v 226.410828 249.309021 35.000000
v 222.927094 250.226959 35.000000
v 219.860764 251.609909 35.000000
v 217.231323 253.327881 35.000000
v 214.887405 255.418884 35.000000
v 212.881699 257.835968 35.000000
v 211.258957 260.525177 35.000000
v 210.055389 263.426453 35.000000
v 209.298019 266.474701 35.000000
v 209.074692 268.230621 35.000000
v 209.000000 270.000000 35.000000
v 209.309021 273.589142 35.000000
v 210.226974 277.072937 35.000000
v 211.609894 280.139221 35.000000
v 213.327835 282.768616 35.000000
v 215.418884 285.112579 35.000000
v 217.835922 287.118256 35.000000
v 220.525055 288.740997 35.000000
v 223.426407 289.944580 35.000000
v 226.474655 290.701965 35.000000
v 228.230591 290.925323 35.000000
v 230.000000 291.000000 35.000000
v 230.000000 291.000000 30.000000
v 209.000000 270.000000 30.000000
v 209.319031 273.646606 30.000000
v 210.266449 277.182434 30.000000
v 211.813461 280.500000 30.000000
v 213.913071 283.498535 30.000000
v 216.501465 286.086945 30.000000
v 219.500000 288.186523 30.000000
v 222.817581 289.733551 30.000000
v 226.353394 290.680969 30.000000
v 226.353394 249.319031 30.000000
v 222.817581 250.266449 30.000000
v 219.500000 251.813461 30.000000
v 216.501465 253.913071 30.000000
v 213.913071 256.501465 30.000000
v 211.813461 259.500000 30.000000
v 210.266449 262.817566 30.000000
v 209.319031 266.353394 30.000000
vn -0.000000 1.000000 0.000000
vn -0.000000 1.000000 0.000000
vn 0.170923 0.985284 0.000000
vn 0.336816 0.941571 0.000000
vn 0.482840 0.875708 0.000000
vn 0.608057 0.793894 0.000000
vn 0.719669 0.694317 0.000000
vn 0.815181 0.579207 0.000000
vn 0.892454 0.451138 0.000000
vn 0.949761 0.312976 0.000000
vn 0.985819 0.167812 0.000000
vn 0.996448 0.084205 0.000000
vn 1.000000 0.000000 0.000000
vn 0.985284 -0.170923 -0.000000
vn 0.941571 -0.336816 -0.000000
vn 0.875709 -0.482840 -0.000000
vn 0.793894 -0.608056 -0.000000
vn 0.694319 -0.719667 -0.000000
vn 0.579210 -0.815179 -0.000000
vn 0.451142 -0.892452 -0.000000
vn 0.312981 -0.949759 -0.000000
vn 0.167819 -0.985818 -0.000000
vn 0.084208 -0.996448 -0.000000
vn 0.000000 -1.000000 -0.000000
vn 0.000000 -1.000000 -0.000000
vn 1.000000 0.000000 0.000000
vn 0.984808 -0.173648 -0.000000
vn 0.939693 -0.342020 -0.000000
vn 0.866025 -0.500000 -0.000000
vn 0.766044 -0.642788 -0.000000
vn 0.642788 -0.766044 -0.000000
vn 0.500000 -0.866025 -0.000000
vn 0.342020 -0.939693 -0.000000
vn 0.173648 -0.984808 -0.000000
vn 0.173648 0.984808 0.000000
vn 0.342020 0.939693 0.000000
vn 0.500000 0.866025 0.000000
vn 0.642788 0.766044 0.000000
vn 0.766044 0.642788 0.000000
vn 0.866025 0.500000 0.000000
vn 0.939693 0.342020 0.000000
vn 0.984808 0.173648 0.000000
f 2414//2414 2415//2415 2413//2413
f 2447//2447 2416//2416 2415//2415
f 2447//2447 2415//2415 2414//2414
f 2448//2448 2417//2417 2416//2416
f 2448//2448 2416//2416 2447//2447
f 2449//2449 2418//2418 2417//2417
f 2449//2449 2417//2417 2448//2448
f 2450//2450 2419//2419 2418//2418
f 2450//2450 2418//2418 2449//2449
f 2451//2451 2420//2420 2419//2419
f 2451//2451 2419//2419 2450//2450
f 2452//2452 2421//2421 2420//2420
f 2452//2452 2420//2420 2451//2451
f 2453//2453 2422//2422 2421//2421
f 2453//2453 2421//2421 2452//2452
f 2454//2454 2423//2423 2422//2422
f 2454//2454 2424//2424 2423//2423
f 2454//2454 2422//2422 2453//2453
f 2438//2438 2425//2425 2424//2424
f 2438//2438 2426//2426 2425//2425
f 2438//2438 2424//2424 2454//2454
f 2439//2439 2427//2427 2426//2426
f 2439//2439 2426//2426 2438//2438
f 2440//2440 2428//2428 2427//2427
f 2440//2440 2427//2427 2439//2439
f 2441//2441 2429//2429 2428//2428
f 2441//2441 2428//2428 2440//2440
f 2442//2442 2429//2429 2441//2441
f 2442//2442 2430//2430 2429//2429
f 2443//2443 2430//2430 2442//2442
f 2443//2443 2431//2431 2430//2430
f 2444//2444 2431//2431 2443//2443
f 2444//2444 2432//2432 2431//2431
f 2445//2445 2432//2432 2444//2444
f 2445//2445 2433//2433 2432//2432
f 2446//2446 2433//2433 2445//2445
f 2446//2446 2434//2434 2433//2433
f 2446//2446 2435//2435 2434//2434
f 2437//2437 2436//2436 2435//2435
f 2437//2437 2435//2435 2446//2446
v 270.000000 251.000000 35.000000
v 270.000000 251.000000 30.000000
v 273.589172 250.690979 35.000000
v 277.072906 249.773041 35.000000
v 280.139221 248.390091 35.000000
v 282.768677 246.672119 35.000000
v 285.112579 244.581116 35.000000
v 287.118317 242.164032 35.000000
v 288.741028 239.474838 35.000000
v 289.944611 236.573547 35.000000
v 290.701996 233.525299 35.000000
v 290.925323 231.769379 35.000000
v 291.000000 230.000000 35.000000
v 290.690979 226.410858 35.000000
v 289.773041 222.927063 35.000000
v 288.390106 219.860779 35.000000
v 286.672150 217.231384 35.000000
v 284.581116 214.887436 35.000000
v 282.164093 212.881729 35.000000
v 279.474945 211.259018 35.000000
v 276.573578 210.055420 35.000000
v 273.525360 209.298019 35.000000
v 271.769409 209.074692 35.000000
v 270.000000 209.000000 35.000000
v 270.000000 209.000000 30.000000
v 291.000000 230.000000 30.000000
v 290.680969 226.353394 30.000000
v 289.733551 222.817581 30.000000
v 288.186523 219.500000 30.000000
v 286.086945 216.501465 30.000000
v 283.498535 213.913071 30.000000
v 280.500000 211.813461 30.000000
v 277.182434 210.266449 30.000000
v 273.646606 209.319031 30.000000
v 273.646606 250.680969 30.000000
v 277.182434 249.733551 30.000000
v 280.500000 248.186539 30.000000
v 283.498535 246.086929 30.000000
v 286.086945 243.498535 30.000000
v 288.186523 240.500000 30.000000
v 289.733551 237.182419 30.000000
v 290.680969 233.646606 30.000000
vn 0.000000 -1.000000 -0.000000
vn 0.000000 -1.000000 -0.000000
vn -0.170923 -0.985284 -0.000000
vn -0.336816 -0.941571 -0.000000
vn -0.482840 -0.875708 -0.000000
vn -0.608057 -0.793894 -0.000000
vn -0.719669 -0.694317 -0.000000
vn -0.815181 -0.579207 -0.000000
vn -0.892454 -0.451138 -0.000000
vn -0.949761 -0.312976 -0.000000
vn -0.985819 -0.167812 -0.000000
vn -0.996448 -0.084205 -0.000000
vn -1.000000 0.000000 -0.000000
vn -0.985284 0.170923 -0.000000
vn -0.941571 0.336816 -0.000000
vn -0.875709 0.482840 -0.000000
vn -0.793894 0.608056 -0.000000
vn -0.694319 0.719667 -0.000000
vn -0.579210 0.815179 -0.000000
vn -0.451142 0.892452 -0.000000
vn -0.312981 0.949759 -0.000000
vn -0.167819 0.985818 -0.000000
vn -0.084208 0.996448 -0.000000
vn -0.000000 1.000000 -0.000000
vn 0.000000 1.000000 0.000000
vn -1.000000 -0.000000 -0.000000
vn -0.984808 0.173648 -0.000000
vn -0.939693 0.342020 -0.000000
vn -0.866025 0.500000 -0.000000
vn -0.766044 0.642788 -0.000000
vn -0.642788 0.766044 -0.000000
vn -0.500000 0.866025 -0.000000
vn -0.342020 0.939693 -0.000000
vn -0.173648 0.984808 -0.000000
vn -0.173648 -0.984808 -0.000000
vn -0.342020 -0.939693 -0.000000
vn -0.500000 -0.866025 -0.000000
vn -0.642788 -0.766044 -0.000000
vn -0.766044 -0.642788 -0.000000
vn -0.866025 -0.500000 -0.000000
vn -0.939693 -0.342020 -0.000000
vn -0.984808 -0.173648 -0.000000
f 2456//2456 2457//2457 2455//2455
f 2489//2489 2458//2458 2457//2457
f 2489//2489 2457//2457 2456//2456
f 2490//2490 2459//2459 2458//2458
f 2490//2490 2458//2458 2489//2489
f 2491//2491 2460//2460 2459//2459
f 2491//2491 2459//2459 2490//2490
f 2492//2492 2461//2461 2460//2460
f 2492//2492 2460//2460 2491//2491
f 2493//2493 2462//2462 2461//2461
f 2493//2493 2461//2461 2492//2492
f 2494//2494 2463//2463 2462//2462
f 2494//2494 2462//2462 2493//2493
f 2495//2495 2464//2464 2463//2463
f 2495//2495 2463//2463 2494//2494
f 2496//2496 2465//2465 2464//2464
f 2496//2496 2466//2466 2465//2465
f 2496//2496 2464//2464 2495//2495
f 2480//2480 2467//2467 2466//2466
f 2480//2480 2468//2468 2467//2467
f 2480//2480 2466//2466 2496//2496
f 2481//2481 2469//2469 2468//2468
f 2481//2481 2468//2468 2480//2480
f 2482//2482 2470//2470 2469//2469
f 2482//2482 2469//2469 2481//2481
f 2483//2483 2471//2471 2470//2470
f 2483//2483 2470//2470 2482//2482
f 2484//2484 2471//2471 2483//2483
f 2484//2484 2472//2472 2471//2471
f 2485//2485 2472//2472 2484//2484
f 2485//2485 2473//2473 2472//2472
f 2486//2486 2473//2473 2485//2485
f 2486//2486 2474//2474 2473//2473
f 2487//2487 2474//2474 2486//2486
f 2487//2487 2475//2475 2474//2474
f 2488//2488 2475//2475 2487//2487
f 2488//2488 2476//2476 2475//2475
f 2488//2488 2477//2477 2476//2476
f 2479//2479 2478//2478 2477//2477
f 2479//2479 2477//2477 2488//2488
v 270.000000 209.000000 35.000000
v 270.000000 209.000000 30.000000
v 266.410828 209.309021 35.000000
v 262.927094 210.226959 35.000000
v 259.860779 211.609909 35.000000
v 257.231323 213.327881 35.000000
v 254.887405 215.418884 35.000000
v 252.881699 217.835968 35.000000
v 251.258957 220.525162 35.000000
v 250.055389 223.426453 35.000000
v 249.298019 226.474701 35.000000
v 249.074692 228.230621 35.000000
v 249.000000 230.000000 35.000000
v 249.309021 233.589142 35.000000
v 250.226974 237.072937 35.000000
v 251.609894 240.139221 35.000000
v 253.327835 242.768616 35.000000
v 255.418884 245.112564 35.000000
v 257.835907 247.118271 35.000000
v 260.525055 248.740982 35.000000
v 263.426422 249.944580 35.000000
v 266.474640 250.701981 35.000000
v 268.230591 250.925308 35.000000
v 270.000000 251.000000 35.000000
v 270.000000 251.000000 30.000000
v 249.000000 230.000000 30.000000
v 249.319031 233.646606 30.000000
v 250.266449 237.182419 30.000000
v 251.813461 240.500000 30.000000
v 253.913071 243.498535 30.000000
v 256.501465 246.086929 30.000000
v 259.500000 248.186539 30.000000
v 262.817566 249.733551 30.000000
v 266.353394 250.680969 30.000000
v 266.353394 209.319031 30.000000
v 262.817566 210.266449 30.000000
v 259.500000 211.813461 30.000000
v 256.501465 213.913071 30.000000
v 253.913071 216.501465 30.000000
v 251.813461 219.500000 30.000000
v 250.266449 222.817581 30.000000
v 249.319031 226.353394 30.000000
vn -0.000000 1.000000 0.000000
vn -0.000000 1.000000 0.000000
vn 0.170923 0.985284 0.000000
vn 0.336816 0.941571 0.000000
vn 0.482840 0.875708 0.000000
vn 0.608057 0.793894 0.000000
vn 0.719669 0.694317 0.000000
vn 0.815181 0.579207 0.000000
vn 0.892454 0.451138 0.000000
vn 0.949761 0.312976 0.000000
vn 0.985819 0.167812 0.000000
vn 0.996448 0.084205 0.000000
vn 1.000000 0.000000 0.000000
vn 0.985284 -0.170923 -0.000000
vn 0.941571 -0.336816 -0.000000
vn 0.875709 -0.482840 -0.000000
vn 0.793894 -0.608056 -0.000000
vn 0.694319 -0.719667 -0.000000
vn 0.579210 -0.815179 -0.000000
vn 0.451142 -0.892452 -0.000000
vn 0.312981 -0.949759 -0.000000
vn 0.167819 -0.985818 -0.000000
vn 0.084208 -0.996448 -0.000000
vn 0.000000 -1.000000 -0.000000
vn 0.000000 -1.000000 -0.000000
vn 1.000000 0.000000 0.000000
vn 0.984808 -0.173648 -0.000000
vn 0.939693 -0.342020 -0.000000
vn 0.866025 -0.500000 -0.000000
vn 0.766044 -0.642788 -0.000000
vn 0.642788 -0.766044 -0.000000
vn 0.500000 -0.866025 -0.000000
vn 0.342020 -0.939693 -0.000000
vn 0.173648 -0.984808 -0.000000
vn 0.173648 0.984808 0.000000
vn 0.342020 0.939693 0.000000
vn 0.500000 0.866025 0.000000
vn 0.642788 0.766044 0.000000
vn 0.766044 0.642788 0.000000
vn 0.866025 0.500000 0.000000
vn 0.939693 0.342020 0.000000
vn 0.984808 0.173648 0.000000
f 2498//2498 2499//2499 2497//2497
f 2531//2531 2500//2500 2499//2499
f 2531//2531 2499//2499 2498//2498
f 2532//2532 2501//2501 2500//2500
f 2532//2532 2500//2500 2531//2531
f 2533//2533 2502//2502 2501//2501
f 2533//2533 2501//2501 2532//2532
f 2534//2534 2503//2503 2502//2502
f 2534//2534 2502//2502 2533//2533
f 2535//2535 2504//2504 2503//2503
f 2535//2535 2503//2503 2534//2534
f 2536//2536 2505//2505 2504//2504
f 2536//2536 2504//2504 2535//2535
f 2537//2537 2506//2506 2505//2505
f 2537//2537 2505//2505 2536//2536
f 2538//2538 2507//2507 2506//2506
f 2538//2538 2508//2508 2507//2507
f 2538//2538 2506//2506 2537//2537
f 2522//2522 2509//2509 2508//2508
f 2522//2522 2510//2510 2509//2509
f 2522//2522 2508//2508 2538//2538
f 2523//2523 2511//2511 2510//2510
f 2523//2523 2510//2510 2522//2522
f 2524//2524 2512//2512 2511//2511
f 2524//2524 2511//2511 2523//2523
f 2525//2525 2513//2513 2512//2512
f 2525//2525 2512//2512 2524//2524
f 2526//2526 2513//2513 2525//2525
f 2526//2526 2514//2514 2513//2513
f 2527//2527 2514//2514 2526//2526
f 2527//2527 2515//2515 2514//2514
f 2528//2528 2515//2515 2527//2527
f 2528//2528 2516//2516 2515//2515
f 2529//2529 2516//2516 2528//2528
f 2529//2529 2517//2517 2516//2516
f 2530//2530 2517//2517 2529//2529
f 2530//2530 2518//2518 2517//2517
f 2530//2530 2519//2519 2518//2518
f 2521//2521 2520//2520 2519//2519
f 2521//2521 2519//2519 2530//2530
v -281.000000 305.000000 0.000000
v -276.000000 300.000000 0.000000
v -281.000000 305.000000 35.000000
v -276.000000 300.000000 35.000000
vn 0.707107 0.707107 -0.000000
vn 0.707107 0.707107 -0.000000
vn 0.707107 0.707107 -0.000000
vn 0.707107 0.707107 -0.000000
f 2541//2541 2540//2540 2539//2539
f 2541//2541 2542//2542 2540//2540
v -318.000000 305.000000 0.000000
v -281.000000 305.000000 0.000000
v -318.000000 305.000000 35.000000
v -281.000000 305.000000 35.000000
vn 0.000000 1.000000 0.000000
vn 0.000000 1.000000 0.000000
vn 0.000000 1.000000 0.000000
vn 0.000000 1.000000 0.000000
f 2546//2546 2544//2544 2543//2543
f 2546//2546 2543//2543 2545//2545
v -318.000000 305.000000 35.000000
v -318.000000 305.000000 0.000000
v -343.000000 280.000000 35.000000
v -343.000000 280.000000 0.000000
vn -0.707107 0.707107 -0.000000
vn -0.707107 0.707107 -0.000000
vn -0.707107 0.707107 -0.000000
vn -0.707107 0.707107 -0.000000
f 2547//2547 2550//2550 2549//2549
f 2547//2547 2548//2548 2550//2550
v -343.000000 280.000000 35.000000
v -343.000000 280.000000 0.000000
v -343.000000 260.000000 35.000000
v -343.000000 260.000000 0.000000
vn -1.000000 0.000000 -0.000000
vn -1.000000 0.000000 -0.000000
vn -1.000000 0.000000 -0.000000
vn -1.000000 0.000000 -0.000000
f 2554//2554 2553//2553 2551//2551
f 2552//2552 2554//2554 2551//2551
v -270.000000 251.000000 35.000000
v -270.000000 251.000000 30.000000
v -266.410828 250.690979 35.000000
v -262.927094 249.773041 35.000000
v -259.860779 248.390091 35.000000
v -257.231323 246.672119 35.000000
v -254.887405 244.581116 35.000000
v -252.881699 242.164032 35.000000
v -251.258957 239.474838 35.000000
v -250.055389 236.573547 35.000000
v -249.298019 233.525299 35.000000
v -249.074692 231.769379 35.000000
v -249.000000 230.000000 35.000000
v -249.309021 226.410858 35.000000
v -250.226974 222.927063 35.000000
v -251.609894 219.860779 35.000000
v -253.327835 217.231384 35.000000
v -255.418884 214.887436 35.000000
v -257.835907 212.881729 35.000000
v -260.525055 211.259018 35.000000
v -263.426422 210.055420 35.000000
v -266.474640 209.298019 35.000000
v -268.230591 209.074692 35.000000
v -270.000000 209.000000 35.000000
v -270.000000 209.000000 30.000000
v -249.000000 230.000000 30.000000
v -249.319031 226.353394 30.000000
v -250.266449 222.817581 30.000000
v -251.813461 219.500000 30.000000
v -253.913071 216.501465 30.000000
v -256.501465 213.913071 30.000000
v -259.500000 211.813461 30.000000
v -262.817566 210.266449 30.000000
v -266.353394 209.319031 30.000000
v -266.353394 250.680969 30.000000
v -262.817566 249.733551 30.000000
v -259.500000 248.186539 30.000000
v -256.501465 246.086929 30.000000
v -253.913071 243.498535 30.000000
v -251.813461 240.500000 30.000000
v -250.266449 237.182419 30.000000
v -249.319031 233.646606 30.000000
vn 0.000000 -1.000000 -0.000000
vn 0.000000 -1.000000 -0.000000
vn -0.170923 -0.985284 -0.000000
vn -0.336816 -0.941571 -0.000000
vn -0.482840 -0.875708 -0.000000
vn -0.608057 -0.793894 -0.000000
vn -0.719669 -0.694317 -0.000000
vn -0.815181 -0.579207 -0.000000
vn -0.892454 -0.451138 -0.000000
vn -0.949761 -0.312976 -0.000000
vn -0.985819 -0.167812 -0.000000
vn -0.996448 -0.084205 -0.000000
vn -1.000000 -0.000000 -0.000000
vn -0.985284 0.170923 -0.000000
vn -0.941571 0.336816 -0.000000
vn -0.875709 0.482840 -0.000000
vn -0.793894 0.608056 -0.000000
vn -0.694319 0.719667 -0.000000
vn -0.579210 0.815179 -0.000000
vn -0.451142 0.892452 -0.000000
vn -0.312981 0.949759 -0.000000
vn -0.167819 0.985818 -0.000000
vn -0.084208 0.996448 -0.000000
vn -0.000000 1.000000 -0.000000
vn -0.000000 1.000000 -0.000000
vn -1.000000 -0.000000 -0.000000
vn -0.984808 0.173648 -0.000000
vn -0.939693 0.342020 -0.000000
vn -0.866025 0.500000 -0.000000
vn -0.766044 0.642788 -0.000000
vn -0.642788 0.766044 -0.000000
vn -0.500000 0.866025 -0.000000
vn -0.342020 0.939693 -0.000000
vn -0.173648 0.984808 -0.000000
vn -0.173648 -0.984808 -0.000000
vn -0.342020 -0.939693 -0.000000
vn -0.500000 -0.866025 -0.000000
vn -0.642788 -0.766044 -0.000000
vn -0.766044 -0.642788 -0.000000
vn -0.866025 -0.500000 -0.000000
vn -0.939693 -0.342020 -0.000000
vn -0.984808 -0.173648 -0.000000
f 2556//2556 2557//2557 2555//2555
f 2589//2589 2558//2558 2557//2557
f 2589//2589 2557//2557 2556//2556
f 2590//2590 2559//2559 2558//2558
f 2590//2590 2558//2558 2589//2589
f 2591//2591 2560//2560 2559//2559
f 2591//2591 2559//2559 2590//2590
f 2592//2592 2561//2561 2560//2560
f 2592//2592 2560//2560 2591//2591
f 2593//2593 2562//2562 2561//2561
f 2593//2593 2561//2561 2592//2592
f 2594//2594 2563//2563 2562//2562
f 2594//2594 2562//2562 2593//2593
f 2595//2595 2564//2564 2563//2563
f 2595//2595 2563//2563 2594//2594
f 2596//2596 2565//2565 2564//2564
f 2596//2596 2566//2566 2565//2565
f 2596//2596 2564//2564 2595//2595
f 2580//2580 2567//2567 2566//2566
f 2580//2580 2568//2568 2567//2567
f 2580//2580 2566//2566 2596//2596
f 2581//2581 2569//2569 2568//2568
f 2581//2581 2568//2568 2580//2580
f 2582//2582 2570//2570 2569//2569
f 2582//2582 2569//2569 2581//2581
f 2583//2583 2571//2571 2570//2570
f 2583//2583 2570//2570 2582//2582
f 2584//2584 2571//2571 2583//2583
f 2584//2584 2572//2572 2571//2571
f 2585//2585 2572//2572 2584//2584
f 2585//2585 2573//2573 2572//2572
f 2586//2586 2573//2573 2585//2585
f 2586//2586 2574//2574 2573//2573
f 2587//2587 2574//2574 2586//2586
f 2587//2587 2575//2575 2574//2574
f 2588//2588 2575//2575 2587//2587
f 2588//2588 2576//2576 2575//2575
f 2588//2588 2577//2577 2576//2576
f 2579//2579 2578//2578 2577//2577
f 2579//2579 2577//2577 2588//2588
v -270.000000 209.000000 35.000000
v -270.000000 209.000000 30.000000
v -273.589172 209.309021 35.000000
v -277.072906 210.226959 35.000000
v -280.139221 211.609909 35.000000
v -282.768677 213.327881 35.000000
v -285.112579 215.418884 35.000000
v -287.118317 217.835968 35.000000
v -288.741028 220.525162 35.000000
v -289.944611 223.426453 35.000000
v -290.701996 226.474701 35.000000
v -290.925323 228.230621 35.000000
v -291.000000 230.000000 35.000000
v -290.690979 233.589142 35.000000
v -289.773041 237.072937 35.000000
v -288.390106 240.139221 35.000000
v -286.672150 242.768616 35.000000
v -284.581116 245.112564 35.000000
v -282.164093 247.118271 35.000000
v -279.474945 248.740982 35.000000
v -276.573578 249.944580 35.000000
v -273.525360 250.701981 35.000000
v -271.769409 250.925308 35.000000
v -270.000000 251.000000 35.000000
v -270.000000 251.000000 30.000000
v -291.000000 230.000000 30.000000
v -290.680969 233.646606 30.000000
v -289.733551 237.182419 30.000000
v -288.186523 240.500000 30.000000
v -286.086945 243.498535 30.000000
v -283.498535 246.086929 30.000000
v -280.500000 248.186539 30.000000
v -277.182434 249.733551 30.000000
v -273.646606 250.680969 30.000000
v -273.646606 209.319031 30.000000
v -277.182434 210.266449 30.000000
v -280.500000 211.813461 30.000000
v -283.498535 213.913071 30.000000
v -286.086945 216.501465 30.000000
v -288.186523 219.500000 30.000000
v -289.733551 222.817581 30.000000
v -290.680969 226.353394 30.000000
vn -0.000000 1.000000 0.000000
vn -0.000000 1.000000 0.000000
vn 0.170923 0.985284 0.000000
vn 0.336816 0.941571 0.000000
vn 0.482840 0.875708 0.000000
vn 0.608057 0.793894 0.000000
vn 0.719669 0.694317 0.000000
vn 0.815181 0.579207 0.000000
vn 0.892454 0.451138 0.000000
vn 0.949761 0.312976 0.000000
vn 0.985819 0.167812 0.000000
vn 0.996448 0.084205 0.000000
vn 1.000000 0.000000 0.000000
vn 0.985284 -0.170923 -0.000000
vn 0.941571 -0.336816 -0.000000
vn 0.875709 -0.482840 -0.000000
vn 0.793894 -0.608056 -0.000000
vn 0.694319 -0.719667 -0.000000
vn 0.579210 -0.815179 -0.000000
vn 0.451142 -0.892452 -0.000000
vn 0.312981 -0.949759 -0.000000
vn 0.167819 -0.985818 -0.000000
vn 0.084208 -0.996448 -0.000000
vn 0.000000 -1.000000 -0.000000
vn 0.000000 -1.000000 -0.000000
vn 1.000000 0.000000 0.000000
vn 0.984808 -0.173648 -0.000000
vn 0.939693 -0.342020 -0.000000
vn 0.866025 -0.500000 -0.000000
vn 0.766044 -0.642788 -0.000000
vn 0.642788 -0.766044 -0.000000
vn 0.500000 -0.866025 -0.000000
vn 0.342020 -0.939693 -0.000000
vn 0.173648 -0.984808 -0.000000
vn 0.173648 0.984808 0.000000
vn 0.342020 0.939693 0.000000
vn 0.500000 0.866025 0.000000
vn 0.642788 0.766044 0.000000
vn 0.766044 0.642788 0.000000
vn 0.866025 0.500000 0.000000
vn 0.939693 0.342020 0.000000
vn 0.984808 0.173648 0.000000
f 2598//2598 2599//2599 2597//2597
f 2631//2631 2600//2600 2599//2599
f 2631//2631 2599//2599 2598//2598
f 2632//2632 2601//2601 2600//2600
f 2632//2632 2600//2600 2631//2631
f 2633//2633 2602//2602 2601//2601
f 2633//2633 2601//2601 2632//2632
f 2634//2634 2603//2603 2602//2602
f 2634//2634 2602//2602 2633//2633
f 2635//2635 2604//2604 2603//2603
f 2635//2635 2603//2603 2634//2634
f 2636//2636 2605//2605 2604//2604
f 2636//2636 2604//2604 2635//2635
f 2637//2637 2606//2606 2605//2605
f 2637//2637 2605//2605 2636//2636
f 2638//2638 2607//2607 2606//2606
f 2638//2638 2608//2608 2607//2607
f 2638//2638 2606//2606 2637//2637
f 2622//2622 2609//2609 2608//2608
f 2622//2622 2610//2610 2609//2609
f 2622//2622 2608//2608 2638//2638
f 2623//2623 2611//2611 2610//2610
f 2623//2623 2610//2610 2622//2622
f 2624//2624 2612//2612 2611//2611
f 2624//2624 2611//2611 2623//2623
f 2625//2625 2613//2613 2612//2612
f 2625//2625 2612//2612 2624//2624
f 2626//2626 2613//2613 2625//2625
f 2626//2626 2614//2614 2613//2613
f 2627//2627 2614//2614 2626//2626
f 2627//2627 2615//2615 2614//2614
f 2628//2628 2615//2615 2627//2627
f 2628//2628 2616//2616 2615//2615
f 2629//2629 2616//2616 2628//2628
f 2629//2629 2617//2617 2616//2616
f 2630//2630 2617//2617 2629//2629
f 2630//2630 2618//2618 2617//2617
f 2630//2630 2619//2619 2618//2618
f 2621//2621 2620//2620 2619//2619
f 2621//2621 2619//2619 2630//2630
v -230.000000 291.000000 35.000000
v -230.000000 291.000000 30.000000
v -226.410828 290.690979 35.000000
v -222.927094 289.773041 35.000000
v -219.860764 288.390106 35.000000
v -217.231323 286.672119 35.000000
v -214.887405 284.581116 35.000000
v -212.881699 282.164032 35.000000
v -211.258957 279.474823 35.000000
v -210.055389 276.573547 35.000000
v -209.298019 273.525299 35.000000
v -209.074692 271.769379 35.000000
v -209.000000 270.000000 35.000000
v -209.309021 266.410858 35.000000
v -210.226974 262.927063 35.000000
v -211.609894 259.860779 35.000000
v -213.327835 257.231384 35.000000
v -215.418884 254.887436 35.000000
v -217.835922 252.881729 35.000000
v -220.525055 251.259018 35.000000
v -223.426407 250.055420 35.000000
v -226.474655 249.298019 35.000000
v -228.230591 249.074692 35.000000
v -230.000000 249.000000 35.000000
v -230.000000 249.000000 30.000000
v -209.000000 270.000000 30.000000
v -209.319031 266.353394 30.000000
v -210.266449 262.817566 30.000000
v -211.813461 259.500000 30.000000
v -213.913071 256.501465 30.000000
v -216.501465 253.913071 30.000000
v -219.500000 251.813461 30.000000
v -222.817581 250.266449 30.000000
v -226.353394 249.319031 30.000000
v -226.353394 290.680969 30.000000
v -222.817581 289.733551 30.000000
v -219.500000 288.186523 30.000000
v -216.501465 286.086945 30.000000
v -213.913071 283.498535 30.000000
v -211.813461 280.500000 30.000000
v -210.266449 277.182434 30.000000
v -209.319031 273.646606 30.000000
vn 0.000000 -1.000000 -0.000000
vn 0.000000 -1.000000 -0.000000
vn -0.170923 -0.985284 -0.000000
vn -0.336816 -0.941571 -0.000000
vn -0.482840 -0.875708 -0.000000
vn -0.608057 -0.793894 -0.000000
vn -0.719669 -0.694317 -0.000000
vn -0.815181 -0.579207 -0.000000
vn -0.892454 -0.451138 -0.000000
vn -0.949761 -0.312976 -0.000000
vn -0.985819 -0.167812 -0.000000
vn -0.996448 -0.084205 -0.000000
vn -1.000000 -0.000000 -0.000000
vn -0.985284 0.170923 -0.000000
vn -0.941571 0.336816 -0.000000
vn -0.875709 0.482840 -0.000000
vn -0.793894 0.608056 -0.000000
vn -0.694319 0.719667 -0.000000
vn -0.579210 0.815179 -0.000000
vn -0.451142 0.892452 -0.000000
vn -0.312981 0.949759 -0.000000
vn -0.167819 0.985818 -0.000000
vn -0.084208 0.996448 -0.000000
vn -0.000000 1.000000 -0.000000
vn -0.000000 1.000000 -0.000000
vn -1.000000 -0.000000 -0.000000
vn -0.984808 0.173648 -0.000000
vn -0.939693 0.342020 -0.000000
vn -0.866025 0.500000 -0.000000
vn -0.766044 0.642788 -0.000000
vn -0.642788 0.766044 -0.000000
vn -0.500000 0.866025 -0.000000
vn -0.342020 0.939693 -0.000000
vn -0.173648 0.984808 -0.000000
vn -0.173648 -0.984808 -0.000000
vn -0.342020 -0.939693 -0.000000
vn -0.500000 -0.866025 -0.000000
vn -0.642788 -0.766044 -0.000000
vn -0.766044 -0.642788 -0.000000
vn -0.866025 -0.500000 -0.000000
vn -0.939693 -0.342020 -0.000000
vn -0.984808 -0.173648 -0.000000
f 2640//2640 2641//2641 2639//2639
f 2673//2673 2642//2642 2641//2641
f 2673//2673 2641//2641 2640//2640
f 2674//2674 2643//2643 2642//2642
f 2674//2674 2642//2642 2673//2673
f 2675//2675 2644//2644 2643//2643
f 2675//2675 2643//2643 2674//2674
f 2676//2676 2645//2645 2644//2644
f 2676//2676 2644//2644 2675//2675
f 2677//2677 2646//2646 2645//2645
f 2677//2677 2645//2645 2676//2676
f 2678//2678 2647//2647 2646//2646
f 2678//2678 2646//2646 2677//2677
f 2679//2679 2648//2648 2647//2647
f 2679//2679 2647//2647 2678//2678
f 2680//2680 2649//2649 2648//2648
f 2680//2680 2650//2650 2649//2649
f 2680//2680 2648//2648 2679//2679
f 2664//2664 2651//2651 2650//2650
f 2664//2664 2652//2652 2651//2651
f 2664//2664 2650//2650 2680//2680
f 2665//2665 2653//2653 2652//2652
f 2665//2665 2652//2652 2664//2664
f 2666//2666 2654//2654 2653//2653
f 2666//2666 2653//2653 2665//2665
f 2667//2667 2655//2655 2654//2654
f 2667//2667 2654//2654 2666//2666
f 2668//2668 2655//2655 2667//2667
f 2668//2668 2656//2656 2655//2655
f 2669//2669 2656//2656 2668//2668
f 2669//2669 2657//2657 2656//2656
f 2670//2670 2657//2657 2669//2669
f 2670//2670 2658//2658 2657//2657
f 2671//2671 2658//2658 2670//2670
f 2671//2671 2659//2659 2658//2658
f 2672//2672 2659//2659 2671//2671
f 2672//2672 2660//2660 2659//2659
f 2672//2672 2661//2661 2660//2660
f 2663//2663 2662//2662 2661//2661
f 2663//2663 2661//2661 2672//2672
v -230.000000 249.000000 35.000000
v -230.000000 249.000000 30.000000
v -233.589172 249.309021 35.000000
v -237.072906 250.226959 35.000000
v -240.139236 251.609909 35.000000
v -242.768677 253.327881 35.000000
v -245.112595 255.418884 35.000000
v -247.118301 257.835968 35.000000
v -248.741043 260.525177 35.000000
v -249.944611 263.426453 35.000000
v -250.701981 266.474701 35.000000
v -250.925308 268.230621 35.000000
v -251.000000 270.000000 35.000000
v -250.690979 273.589142 35.000000
v -249.773026 277.072937 35.000000
v -248.390106 280.139221 35.000000
v -246.672165 282.768616 35.000000
v -244.581116 285.112579 35.000000
v -242.164078 287.118256 35.000000
v -239.474945 288.740997 35.000000
v -236.573593 289.944580 35.000000
v -233.525345 290.701965 35.000000
v -231.769409 290.925323 35.000000
v -230.000000 291.000000 35.000000
v -230.000000 291.000000 30.000000
v -251.000000 270.000000 30.000000
v -250.680969 273.646606 30.000000
v -249.733551 277.182434 30.000000
v -248.186539 280.500000 30.000000
v -246.086929 283.498535 30.000000
v -243.498535 286.086945 30.000000
v -240.500000 288.186523 30.000000
v -237.182419 289.733551 30.000000
v -233.646606 290.680969 30.000000
v -233.646606 249.319031 30.000000
v -237.182419 250.266449 30.000000
v -240.500000 251.813461 30.000000
v -243.498535 253.913071 30.000000
v -246.086929 256.501465 30.000000
v -248.186539 259.500000 30.000000
v -249.733551 262.817566 30.000000
v -250.680969 266.353394 30.000000
vn -0.000000 1.000000 0.000000
vn -0.000000 1.000000 0.000000
vn 0.170923 0.985284 0.000000
vn 0.336816 0.941571 0.000000
vn 0.482840 0.875708 0.000000
vn 0.608057 0.793894 0.000000
vn 0.719669 0.694317 0.000000
vn 0.815181 0.579207 0.000000
vn 0.892454 0.451138 0.000000
vn 0.949761 0.312976 0.000000
vn 0.985819 0.167812 0.000000
vn 0.996448 0.084205 0.000000
vn 1.000000 0.000000 0.000000
vn 0.985284 -0.170923 -0.000000
vn 0.941571 -0.336816 -0.000000
vn 0.875709 -0.482840 -0.000000
vn 0.793894 -0.608056 -0.000000
vn 0.694319 -0.719667 -0.000000
vn 0.579210 -0.815179 -0.000000
vn 0.451142 -0.892452 -0.000000
vn 0.312981 -0.949759 -0.000000
vn 0.167819 -0.985818 -0.000000
vn 0.084208 -0.996448 -0.000000
vn 0.000000 -1.000000 -0.000000
vn 0.000000 -1.000000 -0.000000
vn 1.000000 0.000000 0.000000
vn 0.984808 -0.173648 -0.000000
vn 0.939693 -0.342020 -0.000000
vn 0.866025 -0.500000 -0.000000
vn 0.766044 -0.642788 -0.000000
vn 0.642788 -0.766044 -0.000000
vn 0.500000 -0.866025 -0.000000
vn 0.342020 -0.939693 -0.000000
vn 0.173648 -0.984808 -0.000000
vn 0.173648 0.984808 0.000000
vn 0.342020 0.939693 0.000000
vn 0.500000 0.866025 0.000000
vn 0.642788 0.766044 0.000000
vn 0.766044 0.642788 0.000000
vn 0.866025 0.500000 0.000000
vn 0.939693 0.342020 0.000000
vn 0.984808 0.173648 0.000000
f 2682//2682 2683//2683 2681//2681
f 2715//2715 2684//2684 2683//2683
f 2715//2715 2683//2683 2682//2682
f 2716//2716 2685//2685 2684//2684
f 2716//2716 2684//2684 2715//2715
f 2717//2717 2686//2686 2685//2685
f 2717//2717 2685//2685 2716//2716
f 2718//2718 2687//2687 2686//2686
f 2718//2718 2686//2686 2717//2717
f 2719//2719 2688//2688 2687//2687
f 2719//2719 2687//2687 2718//2718
f 2720//2720 2689//2689 2688//2688
f 2720//2720 2688//2688 2719//2719
f 2721//2721 2690//2690 2689//2689
f 2721//2721 2689//2689 2720//2720
f 2722//2722 2691//2691 2690//2690
f 2722//2722 2692//2692 2691//2691
f 2722//2722 2690//2690 2721//2721
f 2706//2706 2693//2693 2692//2692
f 2706//2706 2694//2694 2693//2693
f 2706//2706 2692//2692 2722//2722
f 2707//2707 2695//2695 2694//2694
f 2707//2707 2694//2694 2706//2706
f 2708//2708 2696//2696 2695//2695
f 2708//2708 2695//2695 2707//2707
f 2709//2709 2697//2697 2696//2696
f 2709//2709 2696//2696 2708//2708
f 2710//2710 2697//2697 2709//2709
f 2710//2710 2698//2698 2697//2697
f 2711//2711 2698//2698 2710//2710
f 2711//2711 2699//2699 2698//2698
f 2712//2712 2699//2699 2711//2711
f 2712//2712 2700//2700 2699//2699
f 2713//2713 2700//2700 2712//2712
f 2713//2713 2701//2701 2700//2700
f 2714//2714 2701//2701 2713//2713
f 2714//2714 2702//2702 2701//2701
f 2714//2714 2703//2703 2702//2702
f 2705//2705 2704//2704 2703//2703
f 2705//2705 2703//2703 2714//2714
v -406.000000 -232.000000 212.500000
v -406.000000 -232.000000 207.500000
v -406.000000 -260.000000 212.500000
v -406.000000 -260.000000 207.500000
vn -1.000000 0.000000 -0.000000
vn -1.000000 0.000000 -0.000000
vn -1.000000 0.000000 -0.000000
vn -1.000000 0.000000 -0.000000
f 2724//2724 2725//2725 2723//2723
f 2724//2724 2726//2726 2725//2725
v -358.000000 -232.000000 212.500000
v -358.000000 -232.000000 207.500000
v -406.000000 -232.000000 212.500000
v -406.000000 -232.000000 207.500000
vn -0.000000 1.000000 -0.000000
vn -0.000000 1.000000 -0.000000
vn -0.000000 1.000000 -0.000000
vn -0.000000 1.000000 -0.000000
f 2728//2728 2729//2729 2727//2727
f 2728//2728 2730//2730 2729//2729
v -358.000000 -260.000000 212.500000
v -358.000000 -260.000000 207.500000
v -358.000000 -232.000000 212.500000
v -358.000000 -232.000000 207.500000
vn 1.000000 0.000000 -0.000000
vn 1.000000 0.000000 -0.000000
vn 1.000000 0.000000 -0.000000
vn 1.000000 0.000000 -0.000000
f 2731//2731 2734//2734 2733//2733
f 2731//2731 2732//2732 2734//2734
v -358.000000 232.000000 212.500000
v -358.000000 232.000000 207.500000
v -358.000000 260.000000 212.500000
v -358.000000 260.000000 207.500000
vn 1.000000 0.000000 -0.000000
vn 1.000000 0.000000 -0.000000
vn 1.000000 0.000000 -0.000000
vn 1.000000 0.000000 -0.000000
f 2735//2735 2738//2738 2737//2737
f 2735//2735 2736//2736 2738//2738
v -406.000000 232.000000 212.500000
v -406.000000 232.000000 207.500000
v -358.000000 232.000000 212.500000
v -358.000000 232.000000 207.500000
vn -0.000000 -1.000000 -0.000000
vn -0.000000 -1.000000 -0.000000
vn -0.000000 -1.000000 -0.000000
vn -0.000000 -1.000000 -0.000000
f 2741//2741 2739//2739 2740//2740
f 2741//2741 2740//2740 2742//2742
v -406.000000 260.000000 212.500000
v -406.000000 260.000000 207.500000
v -406.000000 232.000000 212.500000
v -406.000000 232.000000 207.500000
vn -1.000000 0.000000 -0.000000
vn -1.000000 0.000000 -0.000000
vn -1.000000 0.000000 -0.000000
vn -1.000000 0.000000 -0.000000
f 2744//2744 2745//2745 2743//2743
f 2744//2744 2746//2746 2745//2745
v -393.500000 159.500000 212.500000
v -393.500000 159.500000 207.500000
v -393.500000 108.500000 212.500000
v -393.500000 108.500000 207.500000
vn -1.000000 0.000000 -0.000000
vn -1.000000 0.000000 -0.000000
vn -1.000000 0.000000 -0.000000
vn -1.000000 0.000000 -0.000000
f 2747//2747 2750//2750 2749//2749
f 2747//2747 2748//2748 2750//2750
v -370.500000 159.500000 212.500000
v -370.500000 159.500000 207.500000
v -393.500000 159.500000 212.500000
v -393.500000 159.500000 207.500000
vn -0.000000 1.000000 -0.000000
vn -0.000000 1.000000 -0.000000
vn -0.000000 1.000000 -0.000000
vn -0.000000 1.000000 -0.000000
f 2752//2752 2753//2753 2751//2751
f 2752//2752 2754//2754 2753//2753
v -370.500000 108.500000 212.500000
v -370.500000 108.500000 207.500000
v -370.500000 159.500000 212.500000
v -370.500000 159.500000 207.500000
vn 1.000000 0.000000 -0.000000
vn 1.000000 0.000000 -0.000000
vn 1.000000 0.000000 -0.000000
vn 1.000000 0.000000 -0.000000
f 2755//2755 2758//2758 2757//2757
f 2755//2755 2756//2756 2758//2758
v -393.500000 108.500000 212.500000
v -393.500000 108.500000 207.500000
v -370.500000 108.500000 212.500000
v -370.500000 108.500000 207.500000
vn -0.000000 -1.000000 -0.000000
vn -0.000000 -1.000000 -0.000000
vn -0.000000 -1.000000 -0.000000
vn -0.000000 -1.000000 -0.000000
f 2761//2761 2759//2759 2760//2760
f 2761//2761 2760//2760 2762//2762
v -393.500000 -108.500000 212.500000
v -393.500000 -108.500000 207.500000
v -393.500000 -131.500000 212.500000
v -393.500000 -131.500000 207.500000
vn -1.000000 0.000000 -0.000000
vn -1.000000 0.000000 -0.000000
vn -1.000000 0.000000 -0.000000
vn -1.000000 0.000000 -0.000000
f 2764//2764 2765//2765 2763//2763
f 2764//2764 2766//2766 2765//2765
v -370.500000 -108.500000 212.500000
v -370.500000 -108.500000 207.500000
v -393.500000 -108.500000 212.500000
v -393.500000 -108.500000 207.500000
vn -0.000000 1.000000 -0.000000
vn -0.000000 1.000000 -0.000000
vn -0.000000 1.000000 -0.000000
vn -0.000000 1.000000 -0.000000
f 2768//2768 2769//2769 2767//2767
f 2768//2768 2770//2770 2769//2769
v -370.500000 -131.500000 212.500000
v -370.500000 -131.500000 207.500000
v -370.500000 -108.500000 212.500000
v -370.500000 -108.500000 207.500000
vn 1.000000 0.000000 -0.000000
vn 1.000000 0.000000 -0.000000
vn 1.000000 0.000000 -0.000000
vn 1.000000 0.000000 -0.000000
f 2771//2771 2774//2774 2773//2773
f 2771//2771 2772//2772 2774//2774
v -393.500000 -131.500000 212.500000
v -393.500000 -131.500000 207.500000
v -370.500000 -131.500000 212.500000
v -370.500000 -131.500000 207.500000
vn -0.000000 -1.000000 -0.000000
vn -0.000000 -1.000000 -0.000000
vn -0.000000 -1.000000 -0.000000
vn -0.000000 -1.000000 -0.000000
f 2777//2777 2775//2775 2776//2776
f 2777//2777 2776//2776 2778//2778
v -257.000000 -0.000000 174.000000
v -257.531738 -6.077686 174.000000
v -259.110748 -11.970705 174.000000
v -261.689117 -17.500000 174.000000
v -265.188446 -22.497566 174.000000
v -269.502441 -26.811556 174.000000
v -274.500000 -30.310888 174.000000
v -280.029297 -32.889240 174.000000
v -285.922302 -34.468273 174.000000
v -292.000000 -35.000000 174.000000
v -298.077698 -34.468273 174.000000
v -303.970703 -32.889240 174.000000
v -309.500000 -30.310888 174.000000
v -314.497559 -26.811556 174.000000
v -318.811554 -22.497566 174.000000
v -322.310883 -17.500000 174.000000
v -324.889252 -11.970705 174.000000
v -326.468262 -6.077686 174.000000
v -327.000000 -0.000000 174.000000
v -326.468262 6.077686 174.000000
v -324.889252 11.970705 174.000000
v -322.310883 17.500000 174.000000
v -318.811554 22.497566 174.000000
v -314.497559 26.811556 174.000000
v -309.500000 30.310888 174.000000
v -303.970703 32.889240 174.000000
v -298.077698 34.468273 174.000000
v -292.000000 35.000000 174.000000
v -285.922302 34.468273 174.000000
v -280.029297 32.889240 174.000000
v -274.500000 30.310888 174.000000
v -269.502441 26.811556 174.000000
v -265.188446 22.497566 174.000000
v -261.689117 17.500000 174.000000
v -259.110748 11.970705 174.000000
v -257.531738 6.077686 174.000000
vn -0.000000 -0.000000 1.000000
vn -0.000000 -0.000000 1.000000
vn -0.000000 -0.000000 1.000000
vn -0.000000 -0.000000 1.000000
vn -0.000000 -0.000000 1.000000
vn -0.000000 -0.000000 1.000000
vn -0.000000 -0.000000 1.000000
vn -0.000000 -0.000000 1.000000
vn -0.000000 -0.000000 1.000000
vn -0.000000 -0.000000 1.000000
vn -0.000000 -0.000000 1.000000
vn -0.000000 -0.000000 1.000000
vn -0.000000 -0.000000 1.000000
vn -0.000000 -0.000000 1.000000
vn -0.000000 -0.000000 1.000000
vn -0.000000 -0.000000 1.000000
vn -0.000000 -0.000000 1.000000
vn -0.000000 -0.000000 1.000000
vn -0.000000 -0.000000 1.000000
vn -0.000000 -0.000000 1.000000
vn -0.000000 -0.000000 1.000000
vn -0.000000 -0.000000 1.000000
vn -0.000000 -0.000000 1.000000
vn -0.000000 -0.000000 1.000000
vn -0.000000 -0.000000 1.000000
vn -0.000000 -0.000000 1.000000
vn -0.000000 -0.000000 1.000000
vn -0.000000 -0.000000 1.000000
vn -0.000000 -0.000000 1.000000
vn -0.000000 -0.000000 1.000000
vn -0.000000 -0.000000 1.000000
vn -0.000000 -0.000000 1.000000
vn -0.000000 -0.000000 1.000000
vn -0.000000 -0.000000 1.000000
vn -0.000000 -0.000000 1.000000
vn -0.000000 -0.000000 1.000000
f 2782//2782 2784//2784 2783//2783
f 2782//2782 2785//2785 2784//2784
f 2788//2788 2786//2786 2785//2785
f 2788//2788 2787//2787 2786//2786
f 2814//2814 2780//2780 2779//2779
f 2814//2814 2781//2781 2780//2780
f 2790//2790 2789//2789 2788//2788
f 2813//2813 2782//2782 2781//2781
f 2813//2813 2785//2785 2782//2782
f 2813//2813 2788//2788 2785//2785
f 2813//2813 2790//2790 2788//2788
f 2813//2813 2781//2781 2814//2814
f 2792//2792 2791//2791 2790//2790
f 2811//2811 2813//2813 2812//2812
f 2794//2794 2793//2793 2792//2792
f 2809//2809 2811//2811 2810//2810
f 2795//2795 2792//2792 2790//2790
f 2795//2795 2794//2794 2792//2792
f 2807//2807 2809//2809 2808//2808
f 2807//2807 2813//2813 2811//2811
f 2807//2807 2790//2790 2813//2813
f 2807//2807 2811//2811 2809//2809
f 2798//2798 2796//2796 2795//2795
f 2798//2798 2797//2797 2796//2796
f 2798//2798 2795//2795 2790//2790
f 2805//2805 2807//2807 2806//2806
f 2803//2803 2805//2805 2804//2804
f 2803//2803 2790//2790 2807//2807
f 2803//2803 2807//2807 2805//2805
f 2803//2803 2798//2798 2790//2790
f 2800//2800 2799//2799 2798//2798
f 2801//2801 2800//2800 2798//2798
f 2802//2802 2801//2801 2798//2798
f 2802//2802 2798//2798 2803//2803
v -343.000000 -260.000000 35.000000
v -343.000000 -260.000000 0.000000
v -343.000000 -280.000000 35.000000
v -343.000000 -280.000000 0.000000
vn -1.000000 0.000000 -0.000000
vn -1.000000 0.000000 -0.000000
vn -1.000000 0.000000 -0.000000
vn -1.000000 0.000000 -0.000000
f 2818//2818 2817//2817 2815//2815
f 2816//2816 2818//2818 2815//2815
v -343.000000 -280.000000 35.000000
v -343.000000 -280.000000 0.000000
v -323.000000 -300.000000 35.000000
v -323.000000 -300.000000 0.000000
vn -0.707107 -0.707107 0.000000
vn -0.707107 -0.707107 0.000000
vn -0.707107 -0.707107 0.000000
vn -0.707107 -0.707107 0.000000
f 2819//2819 2822//2822 2821//2821
f 2819//2819 2820//2820 2822//2822
v -270.000000 -209.000000 35.000000
v -270.000000 -209.000000 30.000000
v -266.410828 -209.309021 35.000000
v -262.927094 -210.226959 35.000000
v -259.860779 -211.609909 35.000000
v -257.231323 -213.327881 35.000000
v -254.887405 -215.418884 35.000000
v -252.881699 -217.835968 35.000000
v -251.258957 -220.525162 35.000000
v -250.055389 -223.426453 35.000000
v -249.298019 -226.474701 35.000000
v -249.074692 -228.230621 35.000000
v -249.000000 -230.000000 35.000000
v -249.309021 -233.589142 35.000000
v -250.226974 -237.072937 35.000000
v -251.609894 -240.139221 35.000000
v -253.327835 -242.768616 35.000000
v -255.418884 -245.112564 35.000000
v -257.835907 -247.118271 35.000000
v -260.525055 -248.740982 35.000000
v -263.426422 -249.944580 35.000000
v -266.474640 -250.701981 35.000000
v -268.230591 -250.925308 35.000000
v -270.000000 -251.000000 35.000000
v -270.000000 -251.000000 30.000000
v -249.000000 -230.000000 30.000000
v -249.319031 -233.646606 30.000000
v -250.266449 -237.182419 30.000000
v -251.813461 -240.500000 30.000000
v -253.913071 -243.498535 30.000000
v -256.501465 -246.086929 30.000000
v -259.500000 -248.186539 30.000000
v -262.817566 -249.733551 30.000000
v -266.353394 -250.680969 30.000000
v -266.353394 -209.319031 30.000000
v -262.817566 -210.266449 30.000000
v -259.500000 -211.813461 30.000000
v -256.501465 -213.913071 30.000000
v -253.913071 -216.501465 30.000000
v -251.813461 -219.500000 30.000000
v -250.266449 -222.817581 30.000000
v -249.319031 -226.353394 30.000000
vn 0.000000 -1.000000 -0.000000
vn 0.000000 -1.000000 -0.000000
vn -0.170923 -0.985284 -0.000000
vn -0.336816 -0.941571 -0.000000
vn -0.482840 -0.875708 -0.000000
vn -0.608057 -0.793894 -0.000000
vn -0.719669 -0.694317 -0.000000
vn -0.815181 -0.579207 -0.000000
vn -0.892454 -0.451138 -0.000000
vn -0.949761 -0.312976 -0.000000
vn -0.985819 -0.167812 -0.000000
vn -0.996448 -0.084205 -0.000000
vn -1.000000 -0.000000 -0.000000
vn -0.985284 0.170923 -0.000000
vn -0.941571 0.336816 -0.000000
vn -0.875709 0.482840 -0.000000
vn -0.793894 0.608056 -0.000000
vn -0.694319 0.719667 -0.000000
vn -0.579210 0.815179 -0.000000
vn -0.451142 0.892452 -0.000000
vn -0.312981 0.949759 -0.000000
vn -0.167819 0.985818 -0.000000
vn -0.084208 0.996448 -0.000000
vn 0.000000 1.000000 0.000000
vn -0.000000 1.000000 -0.000000
vn -1.000000 -0.000000 -0.000000
vn -0.984808 0.173648 -0.000000
vn -0.939693 0.342020 -0.000000
vn -0.866025 0.500000 -0.000000
vn -0.766044 0.642788 -0.000000
vn -0.642788 0.766044 -0.000000
vn -0.500000 0.866025 -0.000000
vn -0.342020 0.939693 -0.000000
vn -0.173648 0.984808 -0.000000
vn -0.173648 -0.984808 -0.000000
vn -0.342020 -0.939693 -0.000000
vn -0.500000 -0.866025 -0.000000
vn -0.642788 -0.766044 -0.000000
vn -0.766044 -0.642788 -0.000000
vn -0.866025 -0.500000 -0.000000
vn -0.939693 -0.342020 -0.000000
vn -0.984808 -0.173648 -0.000000
f 2824//2824 2825//2825 2823//2823
f 2857//2857 2826//2826 2825//2825
f 2857//2857 2825//2825 2824//2824
f 2858//2858 2827//2827 2826//2826
f 2858//2858 2826//2826 2857//2857
f 2859//2859 2828//2828 2827//2827
f 2859//2859 2827//2827 2858//2858
f 2860//2860 2829//2829 2828//2828
f 2860//2860 2828//2828 2859//2859
f 2861//2861 2830//2830 2829//2829
f 2861//2861 2829//2829 2860//2860
f 2862//2862 2831//2831 2830//2830
f 2862//2862 2830//2830 2861//2861
f 2863//2863 2832//2832 2831//2831
f 2863//2863 2831//2831 2862//2862
f 2864//2864 2833//2833 2832//2832
f 2864//2864 2834//2834 2833//2833
f 2864//2864 2832//2832 2863//2863
f 2848//2848 2835//2835 2834//2834
f 2848//2848 2836//2836 2835//2835
f 2848//2848 2834//2834 2864//2864
f 2849//2849 2837//2837 2836//2836
f 2849//2849 2836//2836 2848//2848
f 2850//2850 2838//2838 2837//2837
f 2850//2850 2837//2837 2849//2849
f 2851//2851 2839//2839 2838//2838
f 2851//2851 2838//2838 2850//2850
f 2852//2852 2839//2839 2851//2851
f 2852//2852 2840//2840 2839//2839
f 2853//2853 2840//2840 2852//2852
f 2853//2853 2841//2841 2840//2840
f 2854//2854 2841//2841 2853//2853
f 2854//2854 2842//2842 2841//2841
f 2855//2855 2842//2842 2854//2854
f 2855//2855 2843//2843 2842//2842
f 2856//2856 2843//2843 2855//2855
f 2856//2856 2844//2844 2843//2843
f 2856//2856 2845//2845 2844//2844
f 2847//2847 2846//2846 2845//2845
f 2847//2847 2845//2845 2856//2856
v -270.000000 -251.000000 35.000000
v -270.000000 -251.000000 30.000000
v -273.589172 -250.690979 35.000000
v -277.072906 -249.773041 35.000000
v -280.139221 -248.390091 35.000000
v -282.768677 -246.672119 35.000000
v -285.112579 -244.581116 35.000000
v -287.118317 -242.164032 35.000000
v -288.741028 -239.474838 35.000000
v -289.944611 -236.573547 35.000000
v -290.701996 -233.525299 35.000000
v -290.925323 -231.769379 35.000000
v -291.000000 -230.000000 35.000000
v -290.690979 -226.410858 35.000000
v -289.773041 -222.927063 35.000000
v -288.390106 -219.860779 35.000000
v -286.672150 -217.231384 35.000000
v -284.581116 -214.887436 35.000000
v -282.164093 -212.881729 35.000000
v -279.474945 -211.259018 35.000000
v -276.573578 -210.055420 35.000000
v -273.525360 -209.298019 35.000000
v -271.769409 -209.074692 35.000000
v -270.000000 -209.000000 35.000000
v -270.000000 -209.000000 30.000000
v -291.000000 -230.000000 30.000000
v -290.680969 -226.353394 30.000000
v -289.733551 -222.817581 30.000000
v -288.186523 -219.500000 30.000000
v -286.086945 -216.501465 30.000000
v -283.498535 -213.913071 30.000000
v -280.500000 -211.813461 30.000000
v -277.182434 -210.266449 30.000000
v -273.646606 -209.319031 30.000000
v -273.646606 -250.680969 30.000000
v -277.182434 -249.733551 30.000000
v -280.500000 -248.186539 30.000000
v -283.498535 -246.086929 30.000000
v -286.086945 -243.498535 30.000000
v -288.186523 -240.500000 30.000000
v -289.733551 -237.182419 30.000000
v -290.680969 -233.646606 30.000000
vn -0.000000 1.000000 0.000000
vn -0.000000 1.000000 0.000000
vn 0.170923 0.985284 0.000000
vn 0.336816 0.941571 0.000000
vn 0.482840 0.875708 0.000000
vn 0.608057 0.793894 0.000000
vn 0.719669 0.694317 0.000000
vn 0.815181 0.579207 0.000000
vn 0.892454 0.451138 0.000000
vn 0.949761 0.312976 0.000000
vn 0.985819 0.167812 0.000000
vn 0.996448 0.084205 0.000000
vn 1.000000 0.000000 0.000000
vn 0.985284 -0.170923 -0.000000
vn 0.941571 -0.336816 -0.000000
vn 0.875709 -0.482840 -0.000000
vn 0.793894 -0.608056 -0.000000
vn 0.694319 -0.719667 -0.000000
vn 0.579210 -0.815179 -0.000000
vn 0.451142 -0.892452 -0.000000
vn 0.312981 -0.949759 -0.000000
vn 0.167819 -0.985818 -0.000000
vn 0.084208 -0.996448 -0.000000
vn 0.000000 -1.000000 -0.000000
vn 0.000000 -1.000000 -0.000000
vn 1.000000 0.000000 0.000000
vn 0.984808 -0.173648 -0.000000
vn 0.939693 -0.342020 -0.000000
vn 0.866025 -0.500000 -0.000000
vn 0.766044 -0.642788 -0.000000
vn 0.642788 -0.766044 -0.000000
vn 0.500000 -0.866025 -0.000000
vn 0.342020 -0.939693 -0.000000
vn 0.173648 -0.984808 -0.000000
vn 0.173648 0.984808 0.000000
vn 0.342020 0.939693 0.000000
vn 0.500000 0.866025 0.000000
vn 0.642788 0.766044 0.000000
vn 0.766044 0.642788 0.000000
vn 0.866025 0.500000 0.000000
vn 0.939693 0.342020 0.000000
vn 0.984808 0.173648 0.000000
f 2866//2866 2867//2867 2865//2865
f 2899//2899 2868//2868 2867//2867
f 2899//2899 2867//2867 2866//2866
f 2900//2900 2869//2869 2868//2868
f 2900//2900 2868//2868 2899//2899
f 2901//2901 2870//2870 2869//2869
f 2901//2901 2869//2869 2900//2900
f 2902//2902 2871//2871 2870//2870
f 2902//2902 2870//2870 2901//2901
f 2903//2903 2872//2872 2871//2871
f 2903//2903 2871//2871 2902//2902
f 2904//2904 2873//2873 2872//2872
f 2904//2904 2872//2872 2903//2903
f 2905//2905 2874//2874 2873//2873
f 2905//2905 2873//2873 2904//2904
f 2906//2906 2875//2875 2874//2874
f 2906//2906 2876//2876 2875//2875
f 2906//2906 2874//2874 2905//2905
f 2890//2890 2877//2877 2876//2876
f 2890//2890 2878//2878 2877//2877
f 2890//2890 2876//2876 2906//2906
f 2891//2891 2879//2879 2878//2878
f 2891//2891 2878//2878 2890//2890
f 2892//2892 2880//2880 2879//2879
f 2892//2892 2879//2879 2891//2891
f 2893//2893 2881//2881 2880//2880
f 2893//2893 2880//2880 2892//2892
f 2894//2894 2881//2881 2893//2893
f 2894//2894 2882//2882 2881//2881
f 2895//2895 2882//2882 2894//2894
f 2895//2895 2883//2883 2882//2882
f 2896//2896 2883//2883 2895//2895
f 2896//2896 2884//2884 2883//2883
f 2897//2897 2884//2884 2896//2896
f 2897//2897 2885//2885 2884//2884
f 2898//2898 2885//2885 2897//2897
f 2898//2898 2886//2886 2885//2885
f 2898//2898 2887//2887 2886//2886
f 2889//2889 2888//2888 2887//2887
f 2889//2889 2887//2887 2898//2898
v -230.000000 -249.000000 35.000000
v -230.000000 -249.000000 30.000000
v -226.410828 -249.309021 35.000000
v -222.927094 -250.226959 35.000000
v -219.860764 -251.609909 35.000000
v -217.231323 -253.327881 35.000000
v -214.887405 -255.418884 35.000000
v -212.881699 -257.835968 35.000000
v -211.258957 -260.525177 35.000000
v -210.055389 -263.426453 35.000000
v -209.298019 -266.474701 35.000000
v -209.074692 -268.230621 35.000000
v -209.000000 -270.000000 35.000000
v -209.309021 -273.589142 35.000000
v -210.226974 -277.072937 35.000000
v -211.609894 -280.139221 35.000000
v -213.327835 -282.768616 35.000000
v -215.418884 -285.112579 35.000000
v -217.835922 -287.118256 35.000000
v -220.525055 -288.740997 35.000000
v -223.426407 -289.944580 35.000000
v -226.474655 -290.701965 35.000000
v -228.230591 -290.925323 35.000000
v -230.000000 -291.000000 35.000000
v -230.000000 -291.000000 30.000000
v -209.000000 -270.000000 30.000000
v -209.319031 -273.646606 30.000000
v -210.266449 -277.182434 30.000000
v -211.813461 -280.500000 30.000000
v -213.913071 -283.498535 30.000000
v -216.501465 -286.086945 30.000000
v -219.500000 -288.186523 30.000000
v -222.817581 -289.733551 30.000000
v -226.353394 -290.680969 30.000000
v -226.353394 -249.319031 30.000000
v -222.817581 -250.266449 30.000000
v -219.500000 -251.813461 30.000000
v -216.501465 -253.913071 30.000000
v -213.913071 -256.501465 30.000000
v -211.813461 -259.500000 30.000000
v -210.266449 -262.817566 30.000000
v -209.319031 -266.353394 30.000000
vn 0.000000 -1.000000 -0.000000
vn 0.000000 -1.000000 -0.000000
vn -0.170923 -0.985284 -0.000000
vn -0.336816 -0.941571 -0.000000
vn -0.482840 -0.875708 -0.000000
vn -0.608057 -0.793894 -0.000000
vn -0.719669 -0.694317 -0.000000
vn -0.815181 -0.579207 -0.000000
vn -0.892454 -0.451138 -0.000000
vn -0.949761 -0.312976 -0.000000
vn -0.985819 -0.167812 -0.000000
vn -0.996448 -0.084205 -0.000000
vn -1.000000 -0.000000 -0.000000
vn -0.985284 0.170923 -0.000000
vn -0.941571 0.336816 -0.000000
vn -0.875709 0.482840 -0.000000
vn -0.793894 0.608056 -0.000000
vn -0.694319 0.719667 -0.000000
vn -0.579210 0.815179 -0.000000
vn -0.451142 0.892452 -0.000000
vn -0.312981 0.949759 -0.000000
vn -0.167819 0.985818 -0.000000
vn -0.084208 0.996448 -0.000000
vn -0.000000 1.000000 -0.000000
vn -0.000000 1.000000 -0.000000
vn -1.000000 -0.000000 -0.000000
vn -0.984808 0.173648 -0.000000
vn -0.939693 0.342020 -0.000000
vn -0.866025 0.500000 -0.000000
vn -0.766044 0.642788 -0.000000
vn -0.642788 0.766044 -0.000000
vn -0.500000 0.866025 -0.000000
vn -0.342020 0.939693 -0.000000
vn -0.173648 0.984808 -0.000000
vn -0.173648 -0.984808 -0.000000
vn -0.342020 -0.939693 -0.000000
vn -0.500000 -0.866025 -0.000000
vn -0.642788 -0.766044 -0.000000
vn -0.766044 -0.642788 -0.000000
vn -0.866025 -0.500000 -0.000000
vn -0.939693 -0.342020 -0.000000
vn -0.984808 -0.173648 -0.000000
f 2908//2908 2909//2909 2907//2907
f 2941//2941 2910//2910 2909//2909
f 2941//2941 2909//2909 2908//2908
f 2942//2942 2911//2911 2910//2910
f 2942//2942 2910//2910 2941//2941
f 2943//2943 2912//2912 2911//2911
f 2943//2943 2911//2911 2942//2942
f 2944//2944 2913//2913 2912//2912
f 2944//2944 2912//2912 2943//2943
f 2945//2945 2914//2914 2913//2913
f 2945//2945 2913//2913 2944//2944
f 2946//2946 2915//2915 2914//2914
f 2946//2946 2914//2914 2945//2945
f 2947//2947 2916//2916 2915//2915
f 2947//2947 2915//2915 2946//2946
f 2948//2948 2917//2917 2916//2916
f 2948//2948 2918//2918 2917//2917
f 2948//2948 2916//2916 2947//2947
f 2932//2932 2919//2919 2918//2918
f 2932//2932 2920//2920 2919//2919
f 2932//2932 2918//2918 2948//2948
f 2933//2933 2921//2921 2920//2920
f 2933//2933 2920//2920 2932//2932
f 2934//2934 2922//2922 2921//2921
f 2934//2934 2921//2921 2933//2933
f 2935//2935 2923//2923 2922//2922
f 2935//2935 2922//2922 2934//2934
f 2936//2936 2923//2923 2935//2935
f 2936//2936 2924//2924 2923//2923
f 2937//2937 2924//2924 2936//2936
f 2937//2937 2925//2925 2924//2924
f 2938//2938 2925//2925 2937//2937
f 2938//2938 2926//2926 2925//2925
f 2939//2939 2926//2926 2938//2938
f 2939//2939 2927//2927 2926//2926
f 2940//2940 2927//2927 2939//2939
f 2940//2940 2928//2928 2927//2927
f 2940//2940 2929//2929 2928//2928
f 2931//2931 2930//2930 2929//2929
f 2931//2931 2929//2929 2940//2940
v -230.000000 -291.000000 35.000000
v -230.000000 -291.000000 30.000000
v -233.589172 -290.690979 35.000000
v -237.072906 -289.773041 35.000000
v -240.139236 -288.390106 35.000000
v -242.768677 -286.672119 35.000000
v -245.112595 -284.581116 35.000000
v -247.118301 -282.164032 35.000000
v -248.741043 -279.474823 35.000000
v -249.944611 -276.573547 35.000000
v -250.701981 -273.525299 35.000000
v -250.925308 -271.769379 35.000000
v -251.000000 -270.000000 35.000000
v -250.690979 -266.410858 35.000000
v -249.773026 -262.927063 35.000000
v -248.390106 -259.860779 35.000000
v -246.672165 -257.231384 35.000000
v -244.581116 -254.887436 35.000000
v -242.164078 -252.881729 35.000000
v -239.474945 -251.259018 35.000000
v -236.573593 -250.055420 35.000000
v -233.525345 -249.298019 35.000000
v -231.769409 -249.074692 35.000000
v -230.000000 -249.000000 35.000000
v -230.000000 -249.000000 30.000000
v -251.000000 -270.000000 30.000000
v -250.680969 -266.353394 30.000000
v -249.733551 -262.817566 30.000000
v -248.186539 -259.500000 30.000000
v -246.086929 -256.501465 30.000000
v -243.498535 -253.913071 30.000000
v -240.500000 -251.813461 30.000000
v -237.182419 -250.266449 30.000000
v -233.646606 -249.319031 30.000000
v -233.646606 -290.680969 30.000000
v -237.182419 -289.733551 30.000000
v -240.500000 -288.186523 30.000000
v -243.498535 -286.086945 30.000000
v -246.086929 -283.498535 30.000000
v -248.186539 -280.500000 30.000000
v -249.733551 -277.182434 30.000000
v -250.680969 -273.646606 30.000000
vn -0.000000 1.000000 0.000000
vn -0.000000 1.000000 0.000000
vn 0.170923 0.985284 0.000000
vn 0.336816 0.941571 0.000000
vn 0.482840 0.875708 0.000000
vn 0.608057 0.793894 0.000000
vn 0.719669 0.694317 0.000000
vn 0.815181 0.579207 0.000000
vn 0.892454 0.451138 0.000000
vn 0.949761 0.312976 0.000000
vn 0.985819 0.167812 0.000000
vn 0.996448 0.084205 0.000000
vn 1.000000 0.000000 0.000000
vn 0.985284 -0.170923 -0.000000
vn 0.941571 -0.336816 -0.000000
vn 0.875709 -0.482840 -0.000000
vn 0.793894 -0.608056 -0.000000
vn 0.694319 -0.719667 -0.000000
vn 0.579210 -0.815179 -0.000000
vn 0.451142 -0.892452 -0.000000
vn 0.312981 -0.949759 -0.000000
vn 0.167819 -0.985818 -0.000000
vn 0.084208 -0.996448 -0.000000
vn 0.000000 -1.000000 -0.000000
vn 0.000000 -1.000000 -0.000000
vn 1.000000 0.000000 0.000000
vn 0.984808 -0.173648 -0.000000
vn 0.939693 -0.342020 -0.000000
vn 0.866025 -0.500000 -0.000000
vn 0.766044 -0.642788 -0.000000
vn 0.642788 -0.766044 -0.000000
vn 0.500000 -0.866025 -0.000000
vn 0.342020 -0.939693 -0.000000
vn 0.173648 -0.984808 -0.000000
vn 0.173648 0.984808 0.000000
vn 0.342020 0.939693 0.000000
vn 0.500000 0.866025 0.000000
vn 0.642788 0.766044 0.000000
vn 0.766044 0.642788 0.000000
vn 0.866025 0.500000 0.000000
vn 0.939693 0.342020 0.000000
vn 0.984808 0.173648 0.000000
f 2950//2950 2951//2951 2949//2949
f 2983//2983 2952//2952 2951//2951
f 2983//2983 2951//2951 2950//2950
f 2984//2984 2953//2953 2952//2952
f 2984//2984 2952//2952 2983//2983
f 2985//2985 2954//2954 2953//2953
f 2985//2985 2953//2953 2984//2984
f 2986//2986 2955//2955 2954//2954
f 2986//2986 2954//2954 2985//2985
f 2987//2987 2956//2956 2955//2955
f 2987//2987 2955//2955 2986//2986
f 2988//2988 2957//2957 2956//2956
f 2988//2988 2956//2956 2987//2987
f 2989//2989 2958//2958 2957//2957
f 2989//2989 2957//2957 2988//2988
f 2990//2990 2959//2959 2958//2958
f 2990//2990 2960//2960 2959//2959
f 2990//2990 2958//2958 2989//2989
f 2974//2974 2961//2961 2960//2960
f 2974//2974 2962//2962 2961//2961
f 2974//2974 2960//2960 2990//2990
f 2975//2975 2963//2963 2962//2962
f 2975//2975 2962//2962 2974//2974
f 2976//2976 2964//2964 2963//2963
f 2976//2976 2963//2963 2975//2975
f 2977//2977 2965//2965 2964//2964
f 2977//2977 2964//2964 2976//2976
f 2978//2978 2965//2965 2977//2977
f 2978//2978 2966//2966 2965//2965
f 2979//2979 2966//2966 2978//2978
f 2979//2979 2967//2967 2966//2966
f 2980//2980 2967//2967 2979//2979
f 2980//2980 2968//2968 2967//2967
f 2981//2981 2968//2968 2980//2980
f 2981//2981 2969//2969 2968//2968
f 2982//2982 2969//2969 2981//2981
f 2982//2982 2970//2970 2969//2969
f 2982//2982 2971//2971 2970//2970
f 2973//2973 2972//2972 2971//2971
f 2973//2973 2971//2971 2982//2982
v -343.000000 -280.000000 0.000000
v -323.000000 -300.000000 0.000000
v -185.000000 -300.000000 0.000000
v -185.000000 -260.477264 0.000000
v -260.477264 -185.000000 0.000000
v -323.500000 -185.000000 0.000000
v -348.000000 -233.083954 0.000000
v -348.000000 -260.000000 0.000000
v -343.000000 -260.000000 0.000000
v -282.000000 -230.000000 0.000000
v -281.817688 -232.083771 0.000000
v -281.276306 -234.104248 0.000000
v -280.392303 -236.000000 0.000000
v -279.192535 -237.713455 0.000000
v -277.713440 -239.192535 0.000000
v -276.000000 -240.392303 0.000000
v -274.104248 -241.276306 0.000000
v -272.083771 -241.817688 0.000000
v -270.000000 -242.000000 0.000000
v -267.916229 -241.817688 0.000000
v -265.895752 -241.276306 0.000000
v -264.000000 -240.392303 0.000000
v -262.286560 -239.192535 0.000000
v -260.807465 -237.713455 0.000000
v -259.607697 -236.000000 0.000000
v -258.723694 -234.104248 0.000000
v -258.182312 -232.083771 0.000000
v -258.000000 -230.000000 0.000000
v -258.182312 -227.916229 0.000000
v -258.723694 -225.895752 0.000000
v -259.607697 -224.000000 0.000000
v -260.807465 -222.286545 0.000000
v -262.286560 -220.807465 0.000000
v -264.000000 -219.607697 0.000000
v -265.895752 -218.723694 0.000000
v -267.916229 -218.182312 0.000000
v -270.000000 -218.000000 0.000000
v -272.083771 -218.182312 0.000000
v -274.104248 -218.723694 0.000000
v -276.000000 -219.607697 0.000000
v -277.713440 -220.807465 0.000000
v -279.192535 -222.286545 0.000000
v -280.392303 -224.000000 0.000000
v -281.276306 -225.895752 0.000000
v -281.817688 -227.916229 0.000000
v -242.000000 -270.000000 0.000000
v -241.817688 -272.083771 0.000000
v -241.276306 -274.104248 0.000000
v -240.392303 -276.000000 0.000000
v -239.192535 -277.713440 0.000000
v -237.713455 -279.192535 0.000000
v -236.000000 -280.392303 0.000000
v -234.104248 -281.276306 0.000000
v -232.083771 -281.817688 0.000000
v -230.000000 -282.000000 0.000000
v -227.916229 -281.817688 0.000000
v -225.895752 -281.276306 0.000000
v -224.000000 -280.392303 0.000000
v -222.286545 -279.192535 0.000000
v -220.807465 -277.713440 0.000000
v -219.607697 -276.000000 0.000000
v -218.723694 -274.104248 0.000000
v -218.182312 -272.083771 0.000000
v -218.000000 -270.000000 0.000000
v -218.182312 -267.916229 0.000000
v -218.723694 -265.895752 0.000000
v -219.607697 -264.000000 0.000000
v -220.807465 -262.286560 0.000000
v -222.286545 -260.807465 0.000000
v -224.000000 -259.607697 0.000000
v -225.895752 -258.723694 0.000000
v -227.916229 -258.182312 0.000000
v -230.000000 -258.000000 0.000000
v -232.083771 -258.182312 0.000000
v -234.104248 -258.723694 0.000000
v -236.000000 -259.607697 0.000000
v -237.713455 -260.807465 0.000000
v -239.192535 -262.286560 0.000000
v -240.392303 -264.000000 0.000000
v -241.276306 -265.895752 0.000000
v -241.817688 -267.916229 0.000000
vn -0.000000 -0.000000 -1.000000
vn -0.000000 -0.000000 -1.000000
vn -0.000000 -0.000000 -1.000000
vn -0.000000 -0.000000 -1.000000
vn -0.000000 -0.000000 -1.000000
vn -0.000000 -0.000000 -1.000000
vn -0.000000 -0.000000 -1.000000
vn -0.000000 -0.000000 -1.000000
vn -0.000000 -0.000000 -1.000000
vn -0.000000 -0.000000 -1.000000
vn -0.000000 -0.000000 -1.000000
vn -0.000000 -0.000000 -1.000000
vn -0.000000 -0.000000 -1.000000
vn -0.000000 -0.000000 -1.000000
vn -0.000000 -0.000000 -1.000000
vn -0.000000 -0.000000 -1.000000
vn -0.000000 -0.000000 -1.000000
vn -0.000000 -0.000000 -1.000000
vn -0.000000 -0.000000 -1.000000
vn -0.000000 -0.000000 -1.000000
vn -0.000000 -0.000000 -1.000000
vn -0.000000 -0.000000 -1.000000
vn -0.000000 -0.000000 -1.000000
vn -0.000000 -0.000000 -1.000000
vn -0.000000 -0.000000 -1.000000
vn -0.000000 -0.000000 -1.000000
vn -0.000000 -0.000000 -1.000000
vn -0.000000 -0.000000 -1.000000
vn -0.000000 -0.000000 -1.000000
vn -0.000000 -0.000000 -1.000000
vn -0.000000 -0.000000 -1.000000
vn -0.000000 -0.000000 -1.000000
vn -0.000000 -0.000000 -1.000000
vn -0.000000 -0.000000 -1.000000
vn -0.000000 -0.000000 -1.000000
vn -0.000000 -0.000000 -1.000000
vn -0.000000 -0.000000 -1.000000
vn -0.000000 -0.000000 -1.000000
vn -0.000000 -0.000000 -1.000000
vn -0.000000 -0.000000 -1.000000
vn -0.000000 -0.000000 -1.000000
vn -0.000000 -0.000000 -1.000000
vn -0.000000 -0.000000 -1.000000
vn -0.000000 -0.000000 -1.000000
vn -0.000000 -0.000000 -1.000000
vn -0.000000 -0.000000 -1.000000
vn -0.000000 -0.000000 -1.000000
vn -0.000000 -0.000000 -1.000000
vn -0.000000 -0.000000 -1.000000
vn -0.000000 -0.000000 -1.000000
vn -0.000000 -0.000000 -1.000000
vn -0.000000 -0.000000 -1.000000
vn -0.000000 -0.000000 -1.000000
vn -0.000000 -0.000000 -1.000000
vn -0.000000 -0.000000 -1.000000
vn -0.000000 -0.000000 -1.000000
vn -0.000000 -0.000000 -1.000000
vn -0.000000 -0.000000 -1.000000
vn -0.000000 -0.000000 -1.000000
vn -0.000000 -0.000000 -1.000000
vn -0.000000 -0.000000 -1.000000
vn -0.000000 -0.000000 -1.000000
vn -0.000000 -0.000000 -1.000000
vn -0.000000 -0.000000 -1.000000
vn -0.000000 -0.000000 -1.000000
vn -0.000000 -0.000000 -1.000000
vn -0.000000 -0.000000 -1.000000
vn -0.000000 -0.000000 -1.000000
vn -0.000000 -0.000000 -1.000000
vn -0.000000 -0.000000 -1.000000
vn -0.000000 -0.000000 -1.000000
vn -0.000000 -0.000000 -1.000000
vn -0.000000 -0.000000 -1.000000
vn -0.000000 -0.000000 -1.000000
vn -0.000000 -0.000000 -1.000000
vn -0.000000 -0.000000 -1.000000
vn -0.000000 -0.000000 -1.000000
vn -0.000000 -0.000000 -1.000000
vn -0.000000 -0.000000 -1.000000
vn -0.000000 -0.000000 -1.000000
vn -0.000000 -0.000000 -1.000000
f 2999//2999 2992//2992 2991//2991
f 2997//2997 2999//2999 2998//2998
f 3041//3041 2992//2992 3040//3040
f 3005//3005 2992//2992 2999//2999
f 3004//3004 3005//3005 2999//2999
f 3042//3042 2992//2992 3041//3041
f 3039//3039 3040//3040 2992//2992
f 3006//3006 2992//2992 3005//3005
f 3003//3003 3004//3004 2999//2999
f 3043//3043 2992//2992 3042//3042
f 3007//3007 2992//2992 3006//3006
f 3002//3002 3003//3003 2999//2999
f 3038//3038 3039//3039 2992//2992
f 3008//3008 2992//2992 3007//3007
f 3044//3044 2992//2992 3043//3043
f 3037//3037 2992//2992 3008//3008
f 3037//3037 3038//3038 2992//2992
f 3001//3001 3002//3002 2999//2999
f 3001//3001 2999//2999 2997//2997
f 3009//3009 3037//3037 3008//3008
f 3009//3009 3036//3036 3037//3037
f 3000//3000 3001//3001 2997//2997
f 3071//3071 3036//3036 3009//3009
f 3071//3071 3009//3009 3010//3010
f 3035//3035 3000//3000 2997//2997
f 2996//2996 3035//3035 2997//2997
f 3070//3070 3071//3071 3010//3010
f 3070//3070 3010//3010 3011//3011
f 3034//3034 3035//3035 2996//2996
f 3033//3033 3034//3034 2996//2996
f 3012//3012 3070//3070 3011//3011
f 3012//3012 3069//3069 3070//3070
f 3068//3068 3012//3012 3013//3013
f 3068//3068 3069//3069 3012//3012
f 3032//3032 3033//3033 2996//2996
f 3014//3014 3068//3068 3013//3013
f 3014//3014 3067//3067 3068//3068
f 3031//3031 3032//3032 2996//2996
f 3015//3015 3067//3067 3014//3014
f 3015//3015 3066//3066 3067//3067
f 3030//3030 3031//3031 2996//2996
f 3065//3065 3015//3015 3016//3016
f 3065//3065 3066//3066 3015//3015
f 3064//3064 3016//3016 3017//3017
f 3064//3064 3065//3065 3016//3016
f 3018//3018 3063//3063 3064//3064
f 3018//3018 3064//3064 3017//3017
f 3019//3019 3063//3063 3018//3018
f 3019//3019 3062//3062 3063//3063
f 2993//2993 2992//2992 3044//3044
f 2993//2993 3044//3044 3045//3045
f 2993//2993 3045//3045 3046//3046
f 2993//2993 3046//3046 3047//3047
f 2993//2993 3047//3047 3048//3048
f 2993//2993 3048//3048 3049//3049
f 2993//2993 3049//3049 3050//3050
f 2993//2993 3050//3050 3051//3051
f 2993//2993 3051//3051 3052//3052
f 3020//3020 3062//3062 3019//3019
f 3020//3020 3061//3061 3062//3062
f 2994//2994 2993//2993 3052//3052
f 2994//2994 3052//3052 3053//3053
f 2994//2994 3053//3053 3054//3054
f 2994//2994 3054//3054 3055//3055
f 2994//2994 3055//3055 3056//3056
f 2994//2994 3056//3056 3057//3057
f 2994//2994 3057//3057 3058//3058
f 2994//2994 3058//3058 3059//3059
f 2994//2994 3059//3059 3060//3060
f 2994//2994 3060//3060 3061//3061
f 2995//2995 3061//3061 3020//3020
f 2995//2995 3020//3020 3021//3021
f 2995//2995 2994//2994 3061//3061
f 2995//2995 3021//3021 3022//3022
f 2995//2995 3022//3022 3023//3023
f 2995//2995 3023//3023 3024//3024
f 2995//2995 3024//3024 3025//3025
f 2995//2995 3025//3025 3026//3026
f 2995//2995 3026//3026 3027//3027
f 2995//2995 3027//3027 3028//3028
f 2995//2995 3028//3028 3029//3029
f 2995//2995 3029//3029 3030//3030
f 2995//2995 3030//3030 2996//2996
v 300.000000 -205.000000 0.000000
v 300.000000 -205.000000 30.000000
v 320.000000 -205.000000 30.000000
v 319.848083 -203.263519 30.000000
v 319.396912 -201.579803 30.000000
v 318.660248 -200.000000 30.000000
v 317.660431 -198.572128 30.000000
v 316.427887 -197.339554 30.000000
v 315.000000 -196.339752 30.000000
v 313.420197 -195.603073 30.000000
v 311.736481 -195.151917 30.000000
v 310.000000 -195.000000 30.000000
v 308.263519 -195.151917 30.000000
v 306.579803 -195.603073 30.000000
v 305.000000 -196.339752 30.000000
v 303.572113 -197.339554 30.000000
v 302.339569 -198.572128 30.000000
v 301.339752 -200.000000 30.000000
v 300.603088 -201.579803 30.000000
v 300.151917 -203.263519 30.000000
v 320.000000 -205.000000 0.000000
v 319.848083 -203.263519 0.000000
v 319.396912 -201.579803 0.000000
v 318.660248 -200.000000 0.000000
v 317.660431 -198.572128 0.000000
v 316.427887 -197.339554 0.000000
v 315.000000 -196.339752 0.000000
v 313.420197 -195.603073 0.000000
v 311.736481 -195.151917 0.000000
v 310.000000 -195.000000 0.000000
v 308.263519 -195.151917 0.000000
v 306.579803 -195.603073 0.000000
v 305.000000 -196.339752 0.000000
v 303.572113 -197.339554 0.000000
v 302.339569 -198.572128 0.000000
v 301.339752 -200.000000 0.000000
v 300.603088 -201.579803 0.000000
v 300.151917 -203.263519 0.000000
vn 1.000000 -0.000000 -0.000000
vn 1.000000 -0.000000 -0.000000
vn -1.000000 -0.000000 0.000000
vn -0.984808 -0.173648 0.000000
vn -0.939693 -0.342020 0.000000
vn -0.866025 -0.500000 0.000000
vn -0.766044 -0.642788 0.000000
vn -0.642788 -0.766044 0.000000
vn -0.500000 -0.866025 0.000000
vn -0.342020 -0.939693 0.000000
vn -0.173648 -0.984808 0.000000
vn -0.000000 -1.000000 0.000000
vn 0.173648 -0.984808 -0.000000
vn 0.342020 -0.939693 -0.000000
vn 0.500000 -0.866025 -0.000000
vn 0.642788 -0.766044 -0.000000
vn 0.766044 -0.642788 -0.000000
vn 0.866025 -0.500000 -0.000000
vn 0.939693 -0.342020 -0.000000
vn 0.984808 -0.173648 -0.000000
vn -1.000000 -0.000000 0.000000
vn -0.984808 -0.173648 0.000000
vn -0.939693 -0.342020 0.000000
vn -0.866025 -0.500000 0.000000
vn -0.766044 -0.642788 0.000000
vn -0.642788 -0.766044 0.000000
vn -0.500000 -0.866025 0.000000
vn -0.342020 -0.939693 0.000000
vn -0.173648 -0.984808 0.000000
vn -0.000000 -1.000000 0.000000
vn 0.173648 -0.984808 -0.000000
vn 0.342020 -0.939693 -0.000000
vn 0.500000 -0.866025 -0.000000
vn 0.642788 -0.766044 -0.000000
vn 0.766044 -0.642788 -0.000000
vn 0.866025 -0.500000 -0.000000
vn 0.939693 -0.342020 -0.000000
vn 0.984808 -0.173648 -0.000000
f 3075//3075 3092//3092 3074//3074
f 3075//3075 3093//3093 3092//3092
f 3076//3076 3094//3094 3093//3093
f 3076//3076 3095//3095 3094//3094
f 3076//3076 3093//3093 3075//3075
f 3077//3077 3095//3095 3076//3076
f 3078//3078 3096//3096 3095//3095
f 3078//3078 3095//3095 3077//3077
f 3079//3079 3097//3097 3096//3096
f 3079//3079 3098//3098 3097//3097
f 3079//3079 3096//3096 3078//3078
f 3080//3080 3098//3098 3079//3079
f 3081//3081 3099//3099 3098//3098
f 3081//3081 3098//3098 3080//3080
f 3082//3082 3100//3100 3099//3099
f 3082//3082 3101//3101 3100//3100
f 3082//3082 3099//3099 3081//3081
f 3083//3083 3101//3101 3082//3082
f 3084//3084 3102//3102 3101//3101
f 3084//3084 3103//3103 3102//3102
f 3084//3084 3101//3101 3083//3083
f 3085//3085 3103//3103 3084//3084
f 3086//3086 3104//3104 3103//3103
f 3086//3086 3103//3103 3085//3085
f 3087//3087 3105//3105 3104//3104
f 3087//3087 3106//3106 3105//3105
f 3087//3087 3104//3104 3086//3086
f 3088//3088 3107//3107 3106//3106
f 3088//3088 3106//3106 3087//3087
f 3089//3089 3107//3107 3088//3088
f 3090//3090 3107//3107 3089//3089
f 3090//3090 3108//3108 3107//3107
f 3090//3090 3109//3109 3108//3108
f 3091//3091 3109//3109 3090//3090
f 3073//3073 3109//3109 3091//3091
f 3073//3073 3072//3072 3109//3109
v 320.000000 -205.000000 0.000000
v 320.000000 -205.000000 30.000000
v 300.000000 -205.000000 30.000000
v 300.151917 -206.736481 30.000000
v 300.603088 -208.420197 30.000000
v 301.339752 -210.000000 30.000000
v 302.339569 -211.427872 30.000000
v 303.572113 -212.660446 30.000000
v 305.000000 -213.660248 30.000000
v 306.579803 -214.396927 30.000000
v 308.263519 -214.848083 30.000000
v 310.000000 -215.000000 30.000000
v 311.736481 -214.848083 30.000000
v 313.420197 -214.396927 30.000000
v 315.000000 -213.660248 30.000000
v 316.427887 -212.660446 30.000000
v 317.660431 -211.427872 30.000000
v 318.660248 -210.000000 30.000000
v 319.396912 -208.420197 30.000000
v 319.848083 -206.736481 30.000000
v 300.000000 -205.000000 0.000000
v 300.151917 -206.736481 0.000000
v 300.603088 -208.420197 0.000000
v 301.339752 -210.000000 0.000000
v 302.339569 -211.427872 0.000000
v 303.572113 -212.660446 0.000000
v 305.000000 -213.660248 0.000000
v 306.579803 -214.396927 0.000000
v 308.263519 -214.848083 0.000000
v 310.000000 -215.000000 0.000000
v 311.736481 -214.848083 0.000000
v 313.420197 -214.396927 0.000000
v 315.000000 -213.660248 0.000000
v 316.427887 -212.660446 0.000000
v 317.660431 -211.427872 0.000000
v 318.660248 -210.000000 0.000000
v 319.396912 -208.420197 0.000000
v 319.848083 -206.736481 0.000000
vn -1.000000 0.000000 -0.000000
vn -1.000000 0.000000 -0.000000
vn 1.000000 -0.000000 -0.000000
vn 0.984808 0.173648 -0.000000
vn 0.939693 0.342020 -0.000000
vn 0.866025 0.500000 -0.000000
vn 0.766044 0.642788 -0.000000
vn 0.642788 0.766044 -0.000000
vn 0.500000 0.866025 -0.000000
vn 0.342020 0.939693 -0.000000
vn 0.173648 0.984808 -0.000000
vn 0.000000 1.000000 -0.000000
vn -0.173648 0.984808 -0.000000
vn -0.342020 0.939693 -0.000000
vn -0.500000 0.866025 -0.000000
vn -0.642788 0.766044 -0.000000
vn -0.766044 0.642788 -0.000000
vn -0.866025 0.500000 -0.000000
vn -0.939693 0.342020 -0.000000
vn -0.984808 0.173648 -0.000000
vn 1.000000 -0.000000 -0.000000
vn 0.984808 0.173648 -0.000000
vn 0.939693 0.342020 -0.000000
vn 0.866025 0.500000 -0.000000
vn 0.766044 0.642788 -0.000000
vn 0.642788 0.766044 -0.000000
vn 0.500000 0.866025 -0.000000
vn 0.342020 0.939693 -0.000000
vn 0.173648 0.984808 -0.000000
vn 0.000000 1.000000 -0.000000
vn -0.173648 0.984808 -0.000000
vn -0.342020 0.939693 -0.000000
vn -0.500000 0.866025 -0.000000
vn -0.642788 0.766044 -0.000000
vn -0.766044 0.642788 -0.000000
vn -0.866025 0.500000 -0.000000
vn -0.939693 0.342020 -0.000000
vn -0.984808 0.173648 -0.000000
f 3112//3112 3131//3131 3130//3130
f 3113//3113 3131//3131 3112//3112
f 3114//3114 3132//3132 3131//3131
f 3114//3114 3131//3131 3113//3113
f 3115//3115 3133//3133 3132//3132
f 3115//3115 3134//3134 3133//3133
f 3115//3115 3132//3132 3114//3114
f 3116//3116 3134//3134 3115//3115
f 3117//3117 3135//3135 3134//3134
f 3117//3117 3134//3134 3116//3116
f 3118//3118 3136//3136 3135//3135
f 3118//3118 3135//3135 3117//3117
f 3119//3119 3137//3137 3136//3136
f 3119//3119 3136//3136 3118//3118
f 3120//3120 3138//3138 3137//3137
f 3120//3120 3137//3137 3119//3119
f 3121//3121 3139//3139 3138//3138
f 3121//3121 3140//3140 3139//3139
f 3121//3121 3138//3138 3120//3120
f 3122//3122 3140//3140 3121//3121
f 3123//3123 3141//3141 3140//3140
f 3123//3123 3142//3142 3141//3141
f 3123//3123 3140//3140 3122//3122
f 3124//3124 3143//3143 3142//3142
f 3124//3124 3142//3142 3123//3123
f 3125//3125 3143//3143 3124//3124
f 3126//3126 3144//3144 3143//3143
f 3126//3126 3145//3145 3144//3144
f 3126//3126 3143//3143 3125//3125
f 3127//3127 3146//3146 3145//3145
f 3127//3127 3145//3145 3126//3126
f 3128//3128 3146//3146 3127//3127
f 3129//3129 3146//3146 3128//3128
f 3129//3129 3147//3147 3146//3146
f 3111//3111 3147//3147 3129//3129
f 3111//3111 3110//3110 3147//3147
v 218.000000 -270.000000 0.000000
v 218.000000 -270.000000 30.000000
v 242.000000 -270.000000 30.000000
v 241.817688 -267.916229 30.000000
v 241.276306 -265.895752 30.000000
v 240.392303 -264.000000 30.000000
v 239.192535 -262.286560 30.000000
v 237.713455 -260.807465 30.000000
v 236.000000 -259.607697 30.000000
v 234.104248 -258.723694 30.000000
v 232.083771 -258.182312 30.000000
v 230.000000 -258.000000 30.000000
v 227.916229 -258.182312 30.000000
v 225.895752 -258.723694 30.000000
v 224.000000 -259.607697 30.000000
v 222.286545 -260.807465 30.000000
v 220.807465 -262.286560 30.000000
v 219.607697 -264.000000 30.000000
v 218.723694 -265.895752 30.000000
v 218.182312 -267.916229 30.000000
v 242.000000 -270.000000 0.000000
v 241.817688 -267.916229 0.000000
v 241.276306 -265.895752 0.000000
v 240.392303 -264.000000 0.000000
v 239.192535 -262.286560 0.000000
v 237.713455 -260.807465 0.000000
v 236.000000 -259.607697 0.000000
v 234.104248 -258.723694 0.000000
v 232.083771 -258.182312 0.000000
v 230.000000 -258.000000 0.000000
v 227.916229 -258.182312 0.000000
v 225.895752 -258.723694 0.000000
v 224.000000 -259.607697 0.000000
v 222.286545 -260.807465 0.000000
v 220.807465 -262.286560 0.000000
v 219.607697 -264.000000 0.000000
v 218.723694 -265.895752 0.000000
v 218.182312 -267.916229 0.000000
vn 1.000000 -0.000000 -0.000000
vn 1.000000 -0.000000 -0.000000
vn -1.000000 -0.000000 0.000000
vn -0.984808 -0.173648 0.000000
vn -0.939693 -0.342020 0.000000
vn -0.866025 -0.500000 0.000000
vn -0.766044 -0.642788 0.000000
vn -0.642788 -0.766044 0.000000
vn -0.500000 -0.866025 0.000000
vn -0.342020 -0.939693 0.000000
vn -0.173648 -0.984808 0.000000
vn -0.000000 -1.000000 0.000000
vn 0.173648 -0.984808 -0.000000
vn 0.342020 -0.939693 -0.000000
vn 0.500000 -0.866025 -0.000000
vn 0.642788 -0.766044 -0.000000
vn 0.766044 -0.642788 -0.000000
vn 0.866025 -0.500000 -0.000000
vn 0.939693 -0.342020 -0.000000
vn 0.984808 -0.173648 -0.000000
vn -1.000000 -0.000000 0.000000
vn -0.984808 -0.173648 0.000000
vn -0.939693 -0.342020 0.000000
vn -0.866025 -0.500000 0.000000
vn -0.766044 -0.642788 0.000000
vn -0.642788 -0.766044 0.000000
vn -0.500000 -0.866025 0.000000
vn -0.342020 -0.939693 0.000000
vn -0.173648 -0.984808 0.000000
vn -0.000000 -1.000000 0.000000
vn 0.173648 -0.984808 -0.000000
vn 0.342020 -0.939693 -0.000000
vn 0.500000 -0.866025 -0.000000
vn 0.642788 -0.766044 -0.000000
vn 0.766044 -0.642788 -0.000000
vn 0.866025 -0.500000 -0.000000
vn 0.939693 -0.342020 -0.000000
vn 0.984808 -0.173648 -0.000000
f 3151//3151 3168//3168 3150//3150
f 3151//3151 3169//3169 3168//3168
f 3152//3152 3170//3170 3169//3169
f 3152//3152 3169//3169 3151//3151
f 3153//3153 3171//3171 3170//3170
f 3153//3153 3172//3172 3171//3171
f 3153//3153 3170//3170 3152//3152
f 3154//3154 3173//3173 3172//3172
f 3154//3154 3172//3172 3153//3153
f 3155//3155 3173//3173 3154//3154
f 3156//3156 3174//3174 3173//3173
f 3156//3156 3175//3175 3174//3174
f 3156//3156 3173//3173 3155//3155
f 3157//3157 3175//3175 3156//3156
f 3158//3158 3176//3176 3175//3175
f 3158//3158 3175//3175 3157//3157
f 3159//3159 3177//3177 3176//3176
f 3159//3159 3176//3176 3158//3158
f 3160//3160 3178//3178 3177//3177
f 3160//3160 3177//3177 3159//3159
f 3161//3161 3179//3179 3178//3178
f 3161//3161 3178//3178 3160//3160
f 3162//3162 3180//3180 3179//3179
f 3162//3162 3181//3181 3180//3180
f 3162//3162 3179//3179 3161//3161
f 3163//3163 3181//3181 3162//3162
f 3164//3164 3182//3182 3181//3181
f 3164//3164 3181//3181 3163//3163
f 3165//3165 3182//3182 3164//3164
f 3165//3165 3183//3183 3182//3182
f 3166//3166 3183//3183 3165//3165
f 3166//3166 3184//3184 3183//3183
f 3166//3166 3185//3185 3184//3184
f 3167//3167 3148//3148 3185//3185
f 3167//3167 3185//3185 3166//3166
f 3149//3149 3148//3148 3167//3167
v 242.000000 -270.000000 0.000000
v 242.000000 -270.000000 30.000000
v 218.000000 -270.000000 30.000000
v 218.182312 -272.083771 30.000000
v 218.723694 -274.104248 30.000000
v 219.607697 -276.000000 30.000000
v 220.807465 -277.713440 30.000000
v 222.286545 -279.192535 30.000000
v 224.000000 -280.392303 30.000000
v 225.895752 -281.276306 30.000000
v 227.916229 -281.817688 30.000000
v 230.000000 -282.000000 30.000000
v 232.083771 -281.817688 30.000000
v 234.104248 -281.276306 30.000000
v 236.000000 -280.392303 30.000000
v 237.713455 -279.192535 30.000000
v 239.192535 -277.713440 30.000000
v 240.392303 -276.000000 30.000000
v 241.276306 -274.104248 30.000000
v 241.817688 -272.083771 30.000000
v 218.000000 -270.000000 0.000000
v 218.182312 -272.083771 0.000000
v 218.723694 -274.104248 0.000000
v 219.607697 -276.000000 0.000000
v 220.807465 -277.713440 0.000000
v 222.286545 -279.192535 0.000000
v 224.000000 -280.392303 0.000000
v 225.895752 -281.276306 0.000000
v 227.916229 -281.817688 0.000000
v 230.000000 -282.000000 0.000000
v 232.083771 -281.817688 0.000000
v 234.104248 -281.276306 0.000000
v 236.000000 -280.392303 0.000000
v 237.713455 -279.192535 0.000000
v 239.192535 -277.713440 0.000000
v 240.392303 -276.000000 0.000000
v 241.276306 -274.104248 0.000000
v 241.817688 -272.083771 0.000000
vn -1.000000 0.000000 -0.000000
vn -1.000000 0.000000 -0.000000
vn 1.000000 -0.000000 -0.000000
vn 0.984808 0.173648 -0.000000
vn 0.939693 0.342020 -0.000000
vn 0.866025 0.500000 -0.000000
vn 0.766044 0.642788 -0.000000
vn 0.642788 0.766044 -0.000000
vn 0.500000 0.866025 -0.000000
vn 0.342020 0.939693 -0.000000
vn 0.173648 0.984808 -0.000000
vn 0.000000 1.000000 -0.000000
vn -0.173648 0.984808 -0.000000
vn -0.342020 0.939693 -0.000000
vn -0.500000 0.866025 -0.000000
vn -0.642788 0.766044 -0.000000
vn -0.766044 0.642788 -0.000000
vn -0.866025 0.500000 -0.000000
vn -0.939693 0.342020 -0.000000
vn -0.984808 0.173648 -0.000000
vn 1.000000 -0.000000 -0.000000
vn 0.984808 0.173648 -0.000000
vn 0.939693 0.342020 -0.000000
vn 0.866025 0.500000 -0.000000
vn 0.766044 0.642788 -0.000000
vn 0.642788 0.766044 -0.000000
vn 0.500000 0.866025 -0.000000
vn 0.342020 0.939693 -0.000000
vn 0.173648 0.984808 -0.000000
vn 0.000000 1.000000 -0.000000
vn -0.173648 0.984808 -0.000000
vn -0.342020 0.939693 -0.000000
vn -0.500000 0.866025 -0.000000
vn -0.642788 0.766044 -0.000000
vn -0.766044 0.642788 -0.000000
vn -0.866025 0.500000 -0.000000
vn -0.939693 0.342020 -0.000000
vn -0.984808 0.173648 -0.000000
f 3189//3189 3206//3206 3188//3188
f 3189//3189 3207//3207 3206//3206
f 3189//3189 3208//3208 3207//3207
f 3190//3190 3208//3208 3189//3189
f 3191//3191 3209//3209 3208//3208
f 3191//3191 3210//3210 3209//3209
f 3191//3191 3208//3208 3190//3190
f 3192//3192 3210//3210 3191//3191
f 3193//3193 3211//3211 3210//3210
f 3193//3193 3210//3210 3192//3192
f 3194//3194 3212//3212 3211//3211
f 3194//3194 3211//3211 3193//3193
f 3195//3195 3213//3213 3212//3212
f 3195//3195 3214//3214 3213//3213
f 3195//3195 3212//3212 3194//3194
f 3196//3196 3214//3214 3195//3195
f 3197//3197 3215//3215 3214//3214
f 3197//3197 3216//3216 3215//3215
f 3197//3197 3214//3214 3196//3196
f 3198//3198 3216//3216 3197//3197
f 3199//3199 3217//3217 3216//3216
f 3199//3199 3216//3216 3198//3198
f 3200//3200 3218//3218 3217//3217
f 3200//3200 3217//3217 3199//3199
f 3201//3201 3219//3219 3218//3218
f 3201//3201 3218//3218 3200//3200
f 3202//3202 3220//3220 3219//3219
f 3202//3202 3221//3221 3220//3220
f 3202//3202 3219//3219 3201//3201
f 3203//3203 3221//3221 3202//3202
f 3204//3204 3221//3221 3203//3203
f 3204//3204 3222//3222 3221//3221
f 3205//3205 3222//3222 3204//3204
f 3205//3205 3223//3223 3222//3222
f 3205//3205 3186//3186 3223//3223
f 3187//3187 3186//3186 3205//3205
v 258.000000 -230.000000 0.000000
v 258.000000 -230.000000 30.000000
v 282.000000 -230.000000 30.000000
v 281.817688 -227.916229 30.000000
v 281.276306 -225.895752 30.000000
v 280.392303 -224.000000 30.000000
v 279.192535 -222.286545 30.000000
v 277.713440 -220.807465 30.000000
v 276.000000 -219.607697 30.000000
v 274.104248 -218.723694 30.000000
v 272.083771 -218.182312 30.000000
v 270.000000 -218.000000 30.000000
v 267.916229 -218.182312 30.000000
v 265.895752 -218.723694 30.000000
v 264.000000 -219.607697 30.000000
v 262.286560 -220.807465 30.000000
v 260.807465 -222.286545 30.000000
v 259.607697 -224.000000 30.000000
v 258.723694 -225.895752 30.000000
v 258.182312 -227.916229 30.000000
v 282.000000 -230.000000 0.000000
v 281.817688 -227.916229 0.000000
v 281.276306 -225.895752 0.000000
v 280.392303 -224.000000 0.000000
v 279.192535 -222.286545 0.000000
v 277.713440 -220.807465 0.000000
v 276.000000 -219.607697 0.000000
v 274.104248 -218.723694 0.000000
v 272.083771 -218.182312 0.000000
v 270.000000 -218.000000 0.000000
v 267.916229 -218.182312 0.000000
v 265.895752 -218.723694 0.000000
v 264.000000 -219.607697 0.000000
v 262.286560 -220.807465 0.000000
v 260.807465 -222.286545 0.000000
v 259.607697 -224.000000 0.000000
v 258.723694 -225.895752 0.000000
v 258.182312 -227.916229 0.000000
vn 1.000000 -0.000000 -0.000000
vn 1.000000 -0.000000 -0.000000
vn -1.000000 -0.000000 0.000000
vn -0.984808 -0.173648 0.000000
vn -0.939693 -0.342020 0.000000
vn -0.866025 -0.500000 0.000000
vn -0.766044 -0.642788 0.000000
vn -0.642788 -0.766044 0.000000
vn -0.500000 -0.866025 0.000000
vn -0.342020 -0.939693 0.000000
vn -0.173648 -0.984808 0.000000
vn -0.000000 -1.000000 0.000000
vn 0.173648 -0.984808 -0.000000
vn 0.342020 -0.939693 -0.000000
vn 0.500000 -0.866025 -0.000000
vn 0.642788 -0.766044 -0.000000
vn 0.766044 -0.642788 -0.000000
vn 0.866025 -0.500000 -0.000000
vn 0.939693 -0.342020 -0.000000
vn 0.984808 -0.173648 -0.000000
vn -1.000000 -0.000000 0.000000
vn -0.984808 -0.173648 0.000000
vn -0.939693 -0.342020 0.000000
vn -0.866025 -0.500000 0.000000
vn -0.766044 -0.642788 0.000000
vn -0.642788 -0.766044 0.000000
vn -0.500000 -0.866025 0.000000
vn -0.342020 -0.939693 0.000000
vn -0.173648 -0.984808 0.000000
vn -0.000000 -1.000000 0.000000
vn 0.173648 -0.984808 -0.000000
vn 0.342020 -0.939693 -0.000000
vn 0.500000 -0.866025 -0.000000
vn 0.642788 -0.766044 -0.000000
vn 0.766044 -0.642788 -0.000000
vn 0.866025 -0.500000 -0.000000
vn 0.939693 -0.342020 -0.000000
vn 0.984808 -0.173648 -0.000000
f 3227//3227 3244//3244 3226//3226
f 3227//3227 3245//3245 3244//3244
f 3228//3228 3246//3246 3245//3245
f 3228//3228 3245//3245 3227//3227
f 3229//3229 3247//3247 3246//3246
f 3229//3229 3248//3248 3247//3247
f 3229//3229 3246//3246 3228//3228
f 3230//3230 3249//3249 3248//3248
f 3230//3230 3248//3248 3229//3229
f 3231//3231 3249//3249 3230//3230
f 3232//3232 3250//3250 3249//3249
f 3232//3232 3251//3251 3250//3250
f 3232//3232 3249//3249 3231//3231
f 3233//3233 3251//3251 3232//3232
f 3234//3234 3252//3252 3251//3251
f 3234//3234 3251//3251 3233//3233
f 3235//3235 3253//3253 3252//3252
f 3235//3235 3252//3252 3234//3234
f 3236//3236 3254//3254 3253//3253
f 3236//3236 3253//3253 3235//3235
f 3237//3237 3255//3255 3254//3254
f 3237//3237 3254//3254 3236//3236
f 3238//3238 3256//3256 3255//3255
f 3238//3238 3257//3257 3256//3256
f 3238//3238 3255//3255 3237//3237
f 3239//3239 3257//3257 3238//3238
f 3240//3240 3258//3258 3257//3257
f 3240//3240 3257//3257 3239//3239
f 3241//3241 3258//3258 3240//3240
f 3241//3241 3259//3259 3258//3258
f 3242//3242 3259//3259 3241//3241
f 3242//3242 3260//3260 3259//3259
f 3242//3242 3261//3261 3260//3260
f 3243//3243 3224//3224 3261//3261
f 3243//3243 3261//3261 3242//3242
f 3225//3225 3224//3224 3243//3243
v 282.000000 -230.000000 0.000000
v 282.000000 -230.000000 30.000000
v 258.000000 -230.000000 30.000000
v 258.182312 -232.083771 30.000000
v 258.723694 -234.104248 30.000000
v 259.607697 -236.000000 30.000000
v 260.807465 -237.713455 30.000000
v 262.286560 -239.192535 30.000000
v 264.000000 -240.392303 30.000000
v 265.895752 -241.276306 30.000000
v 267.916229 -241.817688 30.000000
v 270.000000 -242.000000 30.000000
v 272.083771 -241.817688 30.000000
v 274.104248 -241.276306 30.000000
v 276.000000 -240.392303 30.000000
v 277.713440 -239.192535 30.000000
v 279.192535 -237.713455 30.000000
v 280.392303 -236.000000 30.000000
v 281.276306 -234.104248 30.000000
v 281.817688 -232.083771 30.000000
v 258.000000 -230.000000 0.000000
v 258.182312 -232.083771 0.000000
v 258.723694 -234.104248 0.000000
v 259.607697 -236.000000 0.000000
v 260.807465 -237.713455 0.000000
v 262.286560 -239.192535 0.000000
v 264.000000 -240.392303 0.000000
v 265.895752 -241.276306 0.000000
v 267.916229 -241.817688 0.000000
v 270.000000 -242.000000 0.000000
v 272.083771 -241.817688 0.000000
v 274.104248 -241.276306 0.000000
v 276.000000 -240.392303 0.000000
v 277.713440 -239.192535 0.000000
v 279.192535 -237.713455 0.000000
v 280.392303 -236.000000 0.000000
v 281.276306 -234.104248 0.000000
v 281.817688 -232.083771 0.000000
vn -1.000000 0.000000 -0.000000
vn -1.000000 0.000000 -0.000000
vn 1.000000 -0.000000 -0.000000
vn 0.984808 0.173648 -0.000000
vn 0.939693 0.342020 -0.000000
vn 0.866025 0.500000 -0.000000
vn 0.766044 0.642788 -0.000000
vn 0.642788 0.766044 -0.000000
vn 0.500000 0.866025 -0.000000
vn 0.342020 0.939693 -0.000000
vn 0.173648 0.984808 -0.000000
vn 0.000000 1.000000 -0.000000
vn -0.173648 0.984808 -0.000000
vn -0.342020 0.939693 -0.000000
vn -0.500000 0.866025 -0.000000
vn -0.642788 0.766044 -0.000000
vn -0.766044 0.642788 -0.000000
vn -0.866025 0.500000 -0.000000
vn -0.939693 0.342020 -0.000000
vn -0.984808 0.173648 -0.000000
vn 1.000000 -0.000000 -0.000000
vn 0.984808 0.173648 -0.000000
vn 0.939693 0.342020 -0.000000
vn 0.866025 0.500000 -0.000000
vn 0.766044 0.642788 -0.000000
vn 0.642788 0.766044 -0.000000
vn 0.500000 0.866025 -0.000000
vn 0.342020 0.939693 -0.000000
vn 0.173648 0.984808 -0.000000
vn 0.000000 1.000000 -0.000000
vn -0.173648 0.984808 -0.000000
vn -0.342020 0.939693 -0.000000
vn -0.500000 0.866025 -0.000000
vn -0.642788 0.766044 -0.000000
vn -0.766044 0.642788 -0.000000
vn -0.866025 0.500000 -0.000000
vn -0.939693 0.342020 -0.000000
vn -0.984808 0.173648 -0.000000
f 3265//3265 3282//3282 3264//3264
f 3265//3265 3283//3283 3282//3282
f 3265//3265 3284//3284 3283//3283
f 3266//3266 3284//3284 3265//3265
f 3267//3267 3285//3285 3284//3284
f 3267//3267 3286//3286 3285//3285
f 3267//3267 3284//3284 3266//3266
f 3268//3268 3286//3286 3267//3267
f 3269//3269 3287//3287 3286//3286
f 3269//3269 3286//3286 3268//3268
f 3270//3270 3288//3288 3287//3287
f 3270//3270 3287//3287 3269//3269
f 3271//3271 3289//3289 3288//3288
f 3271//3271 3290//3290 3289//3289
f 3271//3271 3288//3288 3270//3270
f 3272//3272 3290//3290 3271//3271
f 3273//3273 3291//3291 3290//3290
f 3273//3273 3292//3292 3291//3291
f 3273//3273 3290//3290 3272//3272
f 3274//3274 3292//3292 3273//3273
f 3275//3275 3293//3293 3292//3292
f 3275//3275 3292//3292 3274//3274
f 3276//3276 3294//3294 3293//3293
f 3276//3276 3293//3293 3275//3275
f 3277//3277 3295//3295 3294//3294
f 3277//3277 3294//3294 3276//3276
f 3278//3278 3296//3296 3295//3295
f 3278//3278 3297//3297 3296//3296
f 3278//3278 3295//3295 3277//3277
f 3279//3279 3297//3297 3278//3278
f 3280//3280 3297//3297 3279//3279
f 3280//3280 3298//3298 3297//3297
f 3281//3281 3298//3298 3280//3280
f 3281//3281 3299//3299 3298//3298
f 3281//3281 3262//3262 3299//3299
f 3263//3263 3262//3262 3281//3281
v 185.000000 300.000000 0.000000
v 185.000000 260.477264 0.000000
v 260.477264 185.000000 0.000000
v 343.000000 185.000000 0.000000
v 343.000000 225.000000 0.000000
v 348.000000 230.000000 0.000000
v 348.000000 275.000000 0.000000
v 318.000000 305.000000 0.000000
v 268.000000 305.000000 0.000000
v 263.000000 300.000000 0.000000
v 300.000000 205.000000 0.000000
v 300.151917 203.263519 0.000000
v 300.603088 201.579803 0.000000
v 301.339752 200.000000 0.000000
v 302.339569 198.572128 0.000000
v 303.572113 197.339554 0.000000
v 305.000000 196.339752 0.000000
v 306.579803 195.603073 0.000000
v 308.263519 195.151917 0.000000
v 310.000000 195.000000 0.000000
v 311.736481 195.151917 0.000000
v 313.420197 195.603073 0.000000
v 315.000000 196.339752 0.000000
v 316.427887 197.339554 0.000000
v 317.660431 198.572128 0.000000
v 318.660248 200.000000 0.000000
v 319.396912 201.579803 0.000000
v 319.848083 203.263519 0.000000
v 320.000000 205.000000 0.000000
v 319.848083 206.736481 0.000000
v 319.396912 208.420197 0.000000
v 318.660248 210.000000 0.000000
v 317.660431 211.427872 0.000000
v 316.427887 212.660446 0.000000
v 315.000000 213.660248 0.000000
v 313.420197 214.396927 0.000000
v 311.736481 214.848083 0.000000
v 310.000000 215.000000 0.000000
v 308.263519 214.848083 0.000000
v 306.579803 214.396927 0.000000
v 305.000000 213.660248 0.000000
v 303.572113 212.660446 0.000000
v 302.339569 211.427872 0.000000
v 301.339752 210.000000 0.000000
v 300.603088 208.420197 0.000000
v 300.151917 206.736481 0.000000
v 218.000000 270.000000 0.000000
v 218.182312 267.916229 0.000000
v 218.723694 265.895752 0.000000
v 219.607697 264.000000 0.000000
v 220.807465 262.286560 0.000000
v 222.286545 260.807465 0.000000
v 224.000000 259.607697 0.000000
v 225.895752 258.723694 0.000000
v 227.916229 258.182312 0.000000
v 230.000000 258.000000 0.000000
v 232.083771 258.182312 0.000000
v 234.104248 258.723694 0.000000
v 236.000000 259.607697 0.000000
v 237.713455 260.807465 0.000000
v 239.192535 262.286560 0.000000
v 240.392303 264.000000 0.000000
v 241.276306 265.895752 0.000000
v 241.817688 267.916229 0.000000
v 242.000000 270.000000 0.000000
v 241.817688 272.083771 0.000000
v 241.276306 274.104248 0.000000
v 240.392303 276.000000 0.000000
v 239.192535 277.713440 0.000000
v 237.713455 279.192535 0.000000
v 236.000000 280.392303 0.000000
v 234.104248 281.276306 0.000000
v 232.083771 281.817688 0.000000
v 230.000000 282.000000 0.000000
v 227.916229 281.817688 0.000000
v 225.895752 281.276306 0.000000
v 224.000000 280.392303 0.000000
v 222.286545 279.192535 0.000000
v 220.807465 277.713440 0.000000
v 219.607697 276.000000 0.000000
v 218.723694 274.104248 0.000000
v 218.182312 272.083771 0.000000
v 258.000000 230.000000 0.000000
v 258.182312 227.916229 0.000000
v 258.723694 225.895752 0.000000
v 259.607697 224.000000 0.000000
v 260.807465 222.286545 0.000000
v 262.286560 220.807465 0.000000
v 264.000000 219.607697 0.000000
v 265.895752 218.723694 0.000000
v 267.916229 218.182312 0.000000
v 270.000000 218.000000 0.000000
v 272.083771 218.182312 0.000000
v 274.104248 218.723694 0.000000
v 276.000000 219.607697 0.000000
v 277.713440 220.807465 0.000000
v 279.192535 222.286545 0.000000
v 280.392303 224.000000 0.000000
v 281.276306 225.895752 0.000000
v 281.817688 227.916229 0.000000
v 282.000000 230.000000 0.000000
v 281.817688 232.083771 0.000000
v 281.276306 234.104248 0.000000
v 280.392303 236.000000 0.000000
v 279.192535 237.713455 0.000000
v 277.713440 239.192535 0.000000
v 276.000000 240.392303 0.000000
v 274.104248 241.276306 0.000000
v 272.083771 241.817688 0.000000
v 270.000000 242.000000 0.000000
v 267.916229 241.817688 0.000000
v 265.895752 241.276306 0.000000
v 264.000000 240.392303 0.000000
v 262.286560 239.192535 0.000000
v 260.807465 237.713455 0.000000
v 259.607697 236.000000 0.000000
v 258.723694 234.104248 0.000000
v 258.182312 232.083771 0.000000
vn -0.000000 -0.000000 -1.000000
vn -0.000000 -0.000000 -1.000000
vn -0.000000 -0.000000 -1.000000
vn -0.000000 -0.000000 -1.000000
vn -0.000000 -0.000000 -1.000000
vn -0.000000 -0.000000 -1.000000
vn -0.000000 -0.000000 -1.000000
vn -0.000000 -0.000000 -1.000000
vn -0.000000 -0.000000 -1.000000
vn -0.000000 -0.000000 -1.000000
vn -0.000000 -0.000000 -1.000000
vn -0.000000 -0.000000 -1.000000
vn -0.000000 -0.000000 -1.000000
vn -0.000000 -0.000000 -1.000000
vn -0.000000 -0.000000 -1.000000
vn -0.000000 -0.000000 -1.000000
vn -0.000000 -0.000000 -1.000000
vn -0.000000 -0.000000 -1.000000
vn -0.000000 -0.000000 -1.000000
vn -0.000000 -0.000000 -1.000000
vn -0.000000 -0.000000 -1.000000
vn -0.000000 -0.000000 -1.000000
vn -0.000000 -0.000000 -1.000000
vn -0.000000 -0.000000 -1.000000
vn -0.000000 -0.000000 -1.000000
vn -0.000000 -0.000000 -1.000000
vn -0.000000 -0.000000 -1.000000
vn -0.000000 -0.000000 -1.000000
vn -0.000000 -0.000000 -1.000000
vn -0.000000 -0.000000 -1.000000
vn -0.000000 -0.000000 -1.000000
vn -0.000000 -0.000000 -1.000000
vn -0.000000 -0.000000 -1.000000
vn -0.000000 -0.000000 -1.000000
vn -0.000000 -0.000000 -1.000000
vn -0.000000 -0.000000 -1.000000
vn -0.000000 -0.000000 -1.000000
vn -0.000000 -0.000000 -1.000000
vn -0.000000 -0.000000 -1.000000
vn -0.000000 -0.000000 -1.000000
vn -0.000000 -0.000000 -1.000000
vn -0.000000 -0.000000 -1.000000
vn -0.000000 -0.000000 -1.000000
vn -0.000000 -0.000000 -1.000000
vn -0.000000 -0.000000 -1.000000
vn -0.000000 -0.000000 -1.000000
vn -0.000000 -0.000000 -1.000000
vn -0.000000 -0.000000 -1.000000
vn -0.000000 -0.000000 -1.000000
vn -0.000000 -0.000000 -1.000000
vn -0.000000 -0.000000 -1.000000
vn -0.000000 -0.000000 -1.000000
vn -0.000000 -0.000000 -1.000000
vn -0.000000 -0.000000 -1.000000
vn -0.000000 -0.000000 -1.000000
vn -0.000000 -0.000000 -1.000000
vn -0.000000 -0.000000 -1.000000
vn -0.000000 -0.000000 -1.000000
vn -0.000000 -0.000000 -1.000000
vn -0.000000 -0.000000 -1.000000
vn -0.000000 -0.000000 -1.000000
vn -0.000000 -0.000000 -1.000000
vn -0.000000 -0.000000 -1.000000
vn -0.000000 -0.000000 -1.000000
vn -0.000000 -0.000000 -1.000000
vn -0.000000 -0.000000 -1.000000
vn -0.000000 -0.000000 -1.000000
vn -0.000000 -0.000000 -1.000000
vn -0.000000 -0.000000 -1.000000
vn -0.000000 -0.000000 -1.000000
vn -0.000000 -0.000000 -1.000000
vn -0.000000 -0.000000 -1.000000
vn -0.000000 -0.000000 -1.000000
vn -0.000000 -0.000000 -1.000000
vn -0.000000 -0.000000 -1.000000
vn -0.000000 -0.000000 -1.000000
vn -0.000000 -0.000000 -1.000000
vn -0.000000 -0.000000 -1.000000
vn -0.000000 -0.000000 -1.000000
vn -0.000000 -0.000000 -1.000000
vn -0.000000 -0.000000 -1.000000
vn -0.000000 -0.000000 -1.000000
vn -0.000000 -0.000000 -1.000000
vn -0.000000 -0.000000 -1.000000
vn -0.000000 -0.000000 -1.000000
vn -0.000000 -0.000000 -1.000000
vn -0.000000 -0.000000 -1.000000
vn -0.000000 -0.000000 -1.000000
vn -0.000000 -0.000000 -1.000000
vn -0.000000 -0.000000 -1.000000
vn -0.000000 -0.000000 -1.000000
vn -0.000000 -0.000000 -1.000000
vn -0.000000 -0.000000 -1.000000
vn -0.000000 -0.000000 -1.000000
vn -0.000000 -0.000000 -1.000000
vn -0.000000 -0.000000 -1.000000
vn -0.000000 -0.000000 -1.000000
vn -0.000000 -0.000000 -1.000000
vn -0.000000 -0.000000 -1.000000
vn -0.000000 -0.000000 -1.000000
vn -0.000000 -0.000000 -1.000000
vn -0.000000 -0.000000 -1.000000
vn -0.000000 -0.000000 -1.000000
vn -0.000000 -0.000000 -1.000000
vn -0.000000 -0.000000 -1.000000
vn -0.000000 -0.000000 -1.000000
vn -0.000000 -0.000000 -1.000000
vn -0.000000 -0.000000 -1.000000
vn -0.000000 -0.000000 -1.000000
vn -0.000000 -0.000000 -1.000000
vn -0.000000 -0.000000 -1.000000
vn -0.000000 -0.000000 -1.000000
vn -0.000000 -0.000000 -1.000000
vn -0.000000 -0.000000 -1.000000
vn -0.000000 -0.000000 -1.000000
vn -0.000000 -0.000000 -1.000000
vn -0.000000 -0.000000 -1.000000
vn -0.000000 -0.000000 -1.000000
f 3386//3386 3387//3387 3302//3302
f 3351//3351 3301//3301 3350//3350
f 3385//3385 3386//3386 3302//3302
f 3388//3388 3302//3302 3387//3387
f 3352//3352 3301//3301 3351//3351
f 3349//3349 3350//3350 3301//3301
f 3384//3384 3385//3385 3302//3302
f 3389//3389 3302//3302 3388//3388
f 3353//3353 3302//3302 3301//3301
f 3353//3353 3384//3384 3302//3302
f 3353//3353 3301//3301 3352//3352
f 3348//3348 3349//3349 3301//3301
f 3390//3390 3302//3302 3389//3389
f 3383//3383 3384//3384 3353//3353
f 3354//3354 3383//3383 3353//3353
f 3347//3347 3348//3348 3301//3301
f 3391//3391 3302//3302 3390//3390
f 3355//3355 3383//3383 3354//3354
f 3355//3355 3382//3382 3383//3383
f 3346//3346 3347//3347 3301//3301
f 3392//3392 3302//3302 3391//3391
f 3356//3356 3382//3382 3355//3355
f 3417//3417 3382//3382 3356//3356
f 3381//3381 3346//3346 3301//3301
f 3393//3393 3302//3302 3392//3392
f 3416//3416 3417//3417 3356//3356
f 3357//3357 3416//3416 3356//3356
f 3380//3380 3301//3301 3300//3300
f 3380//3380 3381//3381 3301//3301
f 3358//3358 3415//3415 3416//3416
f 3358//3358 3416//3416 3357//3357
f 3379//3379 3380//3380 3300//3300
f 3359//3359 3415//3415 3358//3358
f 3414//3414 3415//3415 3359//3359
f 3378//3378 3379//3379 3300//3300
f 3314//3314 3315//3315 3302//3302
f 3316//3316 3302//3302 3315//3315
f 3313//3313 3314//3314 3302//3302
f 3413//3413 3414//3414 3359//3359
f 3360//3360 3413//3413 3359//3359
f 3377//3377 3378//3378 3300//3300
f 3312//3312 3313//3313 3302//3302
f 3317//3317 3302//3302 3316//3316
f 3318//3318 3302//3302 3317//3317
f 3311//3311 3302//3302 3393//3393
f 3311//3311 3312//3312 3302//3302
f 3361//3361 3413//3413 3360//3360
f 3412//3412 3413//3413 3361//3361
f 3376//3376 3377//3377 3300//3300
f 3319//3319 3302//3302 3318//3318
f 3310//3310 3311//3311 3393//3393
f 3310//3310 3393//3393 3394//3394
f 3345//3345 3310//3310 3394//3394
f 3345//3345 3394//3394 3395//3395
f 3362//3362 3412//3412 3361//3361
f 3411//3411 3412//3412 3362//3362
f 3375//3375 3376//3376 3300//3300
f 3344//3344 3345//3345 3395//3395
f 3344//3344 3395//3395 3396//3396
f 3410//3410 3411//3411 3362//3362
f 3410//3410 3362//3362 3363//3363
f 3374//3374 3375//3375 3300//3300
f 3343//3343 3344//3344 3396//3396
f 3343//3343 3396//3396 3397//3397
f 3364//3364 3409//3409 3410//3410
f 3364//3364 3410//3410 3363//3363
f 3342//3342 3343//3343 3397//3397
f 3342//3342 3397//3397 3398//3398
f 3341//3341 3342//3342 3398//3398
f 3341//3341 3398//3398 3399//3399
f 3340//3340 3341//3341 3399//3399
f 3340//3340 3399//3399 3400//3400
f 3339//3339 3400//3400 3401//3401
f 3339//3339 3340//3340 3400//3400
f 3338//3338 3401//3401 3402//3402
f 3338//3338 3339//3339 3401//3401
f 3337//3337 3402//3402 3403//3403
f 3337//3337 3338//3338 3402//3402
f 3336//3336 3337//3337 3403//3403
f 3303//3303 3319//3319 3320//3320
f 3303//3303 3320//3320 3321//3321
f 3303//3303 3321//3321 3322//3322
f 3303//3303 3322//3322 3323//3323
f 3303//3303 3323//3323 3324//3324
f 3303//3303 3324//3324 3325//3325
f 3303//3303 3325//3325 3326//3326
f 3303//3303 3326//3326 3327//3327
f 3303//3303 3327//3327 3328//3328
f 3303//3303 3302//3302 3319//3319
f 3309//3309 3406//3406 3407//3407
f 3309//3309 3407//3407 3408//3408
f 3309//3309 3408//3408 3409//3409
f 3309//3309 3409//3409 3364//3364
f 3309//3309 3374//3374 3300//3300
f 3309//3309 3364//3364 3365//3365
f 3309//3309 3365//3365 3366//3366
f 3309//3309 3366//3366 3367//3367
f 3309//3309 3367//3367 3368//3368
f 3309//3309 3368//3368 3369//3369
f 3309//3309 3369//3369 3370//3370
f 3309//3309 3370//3370 3371//3371
f 3309//3309 3371//3371 3372//3372
f 3309//3309 3372//3372 3373//3373
f 3309//3309 3373//3373 3374//3374
f 3304//3304 3328//3328 3329//3329
f 3304//3304 3329//3329 3330//3330
f 3304//3304 3330//3330 3331//3331
f 3304//3304 3331//3331 3332//3332
f 3304//3304 3332//3332 3333//3333
f 3304//3304 3333//3333 3334//3334
f 3304//3304 3303//3303 3328//3328
f 3304//3304 3334//3334 3335//3335
f 3304//3304 3335//3335 3336//3336
f 3308//3308 3406//3406 3309//3309
f 3306//3306 3403//3403 3404//3404
f 3306//3306 3336//3336 3403//3403
f 3306//3306 3305//3305 3304//3304
f 3306//3306 3304//3304 3336//3336
f 3307//3307 3404//3404 3405//3405
f 3307//3307 3405//3405 3406//3406
f 3307//3307 3406//3406 3308//3308
f 3307//3307 3306//3306 3404//3404
v 331.000000 -205.000000 30.000000
v 330.680969 -208.646606 30.000000
v 329.733551 -212.182419 30.000000
v 328.186523 -215.500000 30.000000
v 326.086945 -218.498535 30.000000
v 323.498535 -221.086929 30.000000
v 320.500000 -223.186539 30.000000
v 317.182434 -224.733551 30.000000
v 313.646606 -225.680969 30.000000
v 310.000000 -226.000000 30.000000
v 306.353394 -225.680969 30.000000
v 302.817566 -224.733551 30.000000
v 299.500000 -223.186539 30.000000
v 296.501465 -221.086929 30.000000
v 293.913055 -218.498535 30.000000
v 291.813477 -215.500000 30.000000
v 290.266449 -212.182419 30.000000
v 289.319031 -208.646606 30.000000
v 289.000000 -205.000000 30.000000
v 289.319031 -201.353394 30.000000
v 290.266449 -197.817581 30.000000
v 291.813477 -194.500000 30.000000
v 293.913055 -191.501465 30.000000
v 296.501465 -188.913071 30.000000
v 299.500000 -186.813461 30.000000
v 302.817566 -185.266449 30.000000
v 306.353394 -184.319031 30.000000
v 310.000000 -184.000000 30.000000
v 313.646606 -184.319031 30.000000
v 317.182434 -185.266449 30.000000
v 320.500000 -186.813461 30.000000
v 323.498535 -188.913071 30.000000
v 326.086945 -191.501465 30.000000
v 328.186523 -194.500000 30.000000
v 329.733551 -197.817581 30.000000
v 330.680969 -201.353394 30.000000
v 320.000000 -205.000000 30.000000
v 319.848083 -203.263519 30.000000
v 319.396912 -201.579803 30.000000
v 318.660248 -200.000000 30.000000
v 317.660431 -198.572128 30.000000
v 316.427887 -197.339554 30.000000
v 315.000000 -196.339752 30.000000
v 313.420197 -195.603073 30.000000
v 311.736481 -195.151917 30.000000
v 310.000000 -195.000000 30.000000
v 308.263519 -195.151917 30.000000
v 306.579803 -195.603073 30.000000
v 305.000000 -196.339752 30.000000
v 303.572113 -197.339554 30.000000
v 302.339569 -198.572128 30.000000
v 301.339752 -200.000000 30.000000
v 300.603088 -201.579803 30.000000
v 300.151917 -203.263519 30.000000
v 300.000000 -205.000000 30.000000
v 300.151917 -206.736481 30.000000
v 300.603088 -208.420197 30.000000
v 301.339752 -210.000000 30.000000
v 302.339569 -211.427872 30.000000
v 303.572113 -212.660446 30.000000
v 305.000000 -213.660248 30.000000
v 306.579803 -214.396927 30.000000
v 308.263519 -214.848083 30.000000
v 310.000000 -215.000000 30.000000
v 311.736481 -214.848083 30.000000
v 313.420197 -214.396927 30.000000
v 315.000000 -213.660248 30.000000
v 316.427887 -212.660446 30.000000
v 317.660431 -211.427872 30.000000
v 318.660248 -210.000000 30.000000
v 319.396912 -208.420197 30.000000
v 319.848083 -206.736481 30.000000
vn -0.000000 -0.000000 1.000000
vn -0.000000 -0.000000 1.000000
vn -0.000000 -0.000000 1.000000
vn -0.000000 -0.000000 1.000000
vn -0.000000 -0.000000 1.000000
vn -0.000000 -0.000000 1.000000
vn -0.000000 -0.000000 1.000000
vn -0.000000 -0.000000 1.000000
vn -0.000000 -0.000000 1.000000
vn -0.000000 -0.000000 1.000000
vn -0.000000 -0.000000 1.000000
vn -0.000000 -0.000000 1.000000
vn -0.000000 -0.000000 1.000000
vn -0.000000 -0.000000 1.000000
vn -0.000000 -0.000000 1.000000
vn -0.000000 -0.000000 1.000000
vn -0.000000 -0.000000 1.000000
vn -0.000000 -0.000000 1.000000
vn -0.000000 -0.000000 1.000000
vn -0.000000 -0.000000 1.000000
vn -0.000000 -0.000000 1.000000
vn -0.000000 -0.000000 1.000000
vn -0.000000 -0.000000 1.000000
vn -0.000000 -0.000000 1.000000
vn -0.000000 -0.000000 1.000000
vn -0.000000 -0.000000 1.000000
vn -0.000000 -0.000000 1.000000
vn -0.000000 -0.000000 1.000000
vn -0.000000 -0.000000 1.000000
vn -0.000000 -0.000000 1.000000
vn -0.000000 -0.000000 1.000000
vn -0.000000 -0.000000 1.000000
vn -0.000000 -0.000000 1.000000
vn -0.000000 -0.000000 1.000000
vn -0.000000 -0.000000 1.000000
vn -0.000000 -0.000000 1.000000
vn -0.000000 -0.000000 1.000000
vn -0.000000 -0.000000 1.000000
vn -0.000000 -0.000000 1.000000
vn -0.000000 -0.000000 1.000000
vn -0.000000 -0.000000 1.000000
vn -0.000000 -0.000000 1.000000
vn -0.000000 -0.000000 1.000000
vn -0.000000 -0.000000 1.000000
vn -0.000000 -0.000000 1.000000
vn -0.000000 -0.000000 1.000000
vn -0.000000 -0.000000 1.000000
vn -0.000000 -0.000000 1.000000
vn -0.000000 -0.000000 1.000000
vn -0.000000 -0.000000 1.000000
vn -0.000000 -0.000000 1.000000
vn -0.000000 -0.000000 1.000000
vn -0.000000 -0.000000 1.000000
vn -0.000000 -0.000000 1.000000
vn -0.000000 -0.000000 1.000000
vn -0.000000 -0.000000 1.000000
vn -0.000000 -0.000000 1.000000
vn -0.000000 -0.000000 1.000000
vn -0.000000 -0.000000 1.000000
vn -0.000000 -0.000000 1.000000
vn -0.000000 -0.000000 1.000000
vn -0.000000 -0.000000 1.000000
vn -0.000000 -0.000000 1.000000
vn -0.000000 -0.000000 1.000000
vn -0.000000 -0.000000 1.000000
vn -0.000000 -0.000000 1.000000
vn -0.000000 -0.000000 1.000000
vn -0.000000 -0.000000 1.000000
vn -0.000000 -0.000000 1.000000
vn -0.000000 -0.000000 1.000000
vn -0.000000 -0.000000 1.000000
vn -0.000000 -0.000000 1.000000
f 3486//3486 3423//3423 3422//3422
f 3485//3485 3424//3424 3423//3423
f 3485//3485 3423//3423 3486//3486
f 3487//3487 3422//3422 3421//3421
f 3487//3487 3486//3486 3422//3422
f 3484//3484 3425//3425 3424//3424
f 3484//3484 3424//3424 3485//3485
f 3488//3488 3421//3421 3420//3420
f 3488//3488 3487//3487 3421//3421
f 3483//3483 3426//3426 3425//3425
f 3483//3483 3425//3425 3484//3484
f 3489//3489 3420//3420 3419//3419
f 3489//3489 3488//3488 3420//3420
f 3482//3482 3427//3427 3426//3426
f 3482//3482 3426//3426 3483//3483
f 3454//3454 3419//3419 3418//3418
f 3454//3454 3489//3489 3419//3419
f 3481//3481 3427//3427 3482//3482
f 3455//3455 3418//3418 3453//3453
f 3455//3455 3454//3454 3418//3418
f 3480//3480 3428//3428 3427//3427
f 3480//3480 3429//3429 3428//3428
f 3480//3480 3427//3427 3481//3481
f 3456//3456 3455//3455 3453//3453
f 3456//3456 3453//3453 3452//3452
f 3479//3479 3429//3429 3480//3480
f 3479//3479 3430//3430 3429//3429
f 3457//3457 3456//3456 3452//3452
f 3457//3457 3452//3452 3451//3451
f 3478//3478 3430//3430 3479//3479
f 3458//3458 3457//3457 3451//3451
f 3458//3458 3451//3451 3450//3450
f 3477//3477 3431//3431 3430//3430
f 3477//3477 3430//3430 3478//3478
f 3432//3432 3431//3431 3477//3477
f 3432//3432 3477//3477 3476//3476
f 3449//3449 3459//3459 3458//3458
f 3449//3449 3458//3458 3450//3450
f 3460//3460 3459//3459 3449//3449
f 3433//3433 3432//3432 3476//3476
f 3433//3433 3476//3476 3475//3475
f 3448//3448 3460//3460 3449//3449
f 3434//3434 3475//3475 3474//3474
f 3434//3434 3433//3433 3475//3475
f 3447//3447 3461//3461 3460//3460
f 3447//3447 3460//3460 3448//3448
f 3435//3435 3474//3474 3473//3473
f 3435//3435 3434//3434 3474//3474
f 3446//3446 3462//3462 3461//3461
f 3446//3446 3461//3461 3447//3447
f 3436//3436 3473//3473 3472//3472
f 3436//3436 3435//3435 3473//3473
f 3445//3445 3463//3463 3462//3462
f 3445//3445 3462//3462 3446//3446
f 3437//3437 3472//3472 3471//3471
f 3437//3437 3436//3436 3472//3472
f 3444//3444 3464//3464 3463//3463
f 3444//3444 3465//3465 3464//3464
f 3444//3444 3463//3463 3445//3445
f 3438//3438 3471//3471 3470//3470
f 3438//3438 3437//3437 3471//3471
f 3443//3443 3466//3466 3465//3465
f 3443//3443 3465//3465 3444//3444
f 3439//3439 3438//3438 3470//3470
f 3439//3439 3469//3469 3468//3468
f 3439//3439 3470//3470 3469//3469
f 3442//3442 3467//3467 3466//3466
f 3442//3442 3466//3466 3443//3443
f 3440//3440 3439//3439 3468//3468
f 3440//3440 3468//3468 3467//3467
f 3441//3441 3467//3467 3442//3442
f 3441//3441 3440//3440 3467//3467
v 251.000000 -270.000000 30.000000
v 250.680969 -273.646606 30.000000
v 249.733551 -277.182434 30.000000
v 248.186539 -280.500000 30.000000
v 246.086929 -283.498535 30.000000
v 243.498535 -286.086945 30.000000
v 240.500000 -288.186523 30.000000
v 237.182419 -289.733551 30.000000
v 233.646606 -290.680969 30.000000
v 230.000000 -291.000000 30.000000
v 226.353394 -290.680969 30.000000
v 222.817581 -289.733551 30.000000
v 219.500000 -288.186523 30.000000
v 216.501465 -286.086945 30.000000
v 213.913071 -283.498535 30.000000
v 211.813461 -280.500000 30.000000
v 210.266449 -277.182434 30.000000
v 209.319031 -273.646606 30.000000
v 209.000000 -270.000000 30.000000
v 209.319031 -266.353394 30.000000
v 210.266449 -262.817566 30.000000
v 211.813461 -259.500000 30.000000
v 213.913071 -256.501465 30.000000
v 216.501465 -253.913071 30.000000
v 219.500000 -251.813461 30.000000
v 222.817581 -250.266449 30.000000
v 226.353394 -249.319031 30.000000
v 230.000000 -249.000000 30.000000
v 233.646606 -249.319031 30.000000
v 237.182419 -250.266449 30.000000
v 240.500000 -251.813461 30.000000
v 243.498535 -253.913071 30.000000
v 246.086929 -256.501465 30.000000
v 248.186539 -259.500000 30.000000
v 249.733551 -262.817566 30.000000
v 250.680969 -266.353394 30.000000
v 242.000000 -270.000000 30.000000
v 241.817688 -267.916229 30.000000
v 241.276306 -265.895752 30.000000
v 240.392303 -264.000000 30.000000
v 239.192535 -262.286560 30.000000
v 237.713455 -260.807465 30.000000
v 236.000000 -259.607697 30.000000
v 234.104248 -258.723694 30.000000
v 232.083771 -258.182312 30.000000
v 230.000000 -258.000000 30.000000
v 227.916229 -258.182312 30.000000
v 225.895752 -258.723694 30.000000
v 224.000000 -259.607697 30.000000
v 222.286545 -260.807465 30.000000
v 220.807465 -262.286560 30.000000
v 219.607697 -264.000000 30.000000
v 218.723694 -265.895752 30.000000
v 218.182312 -267.916229 30.000000
v 218.000000 -270.000000 30.000000
v 218.182312 -272.083771 30.000000
v 218.723694 -274.104248 30.000000
v 219.607697 -276.000000 30.000000
v 220.807465 -277.713440 30.000000
v 222.286545 -279.192535 30.000000
v 224.000000 -280.392303 30.000000
v 225.895752 -281.276306 30.000000
v 227.916229 -281.817688 30.000000
v 230.000000 -282.000000 30.000000
v 232.083771 -281.817688 30.000000
v 234.104248 -281.276306 30.000000
v 236.000000 -280.392303 30.000000
v 237.713455 -279.192535 30.000000
v 239.192535 -277.713440 30.000000
v 240.392303 -276.000000 30.000000
v 241.276306 -274.104248 30.000000
v 241.817688 -272.083771 30.000000
vn -0.000000 -0.000000 1.000000
vn -0.000000 -0.000000 1.000000
vn -0.000000 -0.000000 1.000000
vn -0.000000 -0.000000 1.000000
vn -0.000000 -0.000000 1.000000
vn -0.000000 -0.000000 1.000000
vn -0.000000 -0.000000 1.000000
vn -0.000000 -0.000000 1.000000
vn -0.000000 -0.000000 1.000000
vn -0.000000 -0.000000 1.000000
vn -0.000000 -0.000000 1.000000
vn -0.000000 -0.000000 1.000000
vn -0.000000 -0.000000 1.000000
vn -0.000000 -0.000000 1.000000
vn -0.000000 -0.000000 1.000000
vn -0.000000 -0.000000 1.000000
vn -0.000000 -0.000000 1.000000
vn -0.000000 -0.000000 1.000000
vn -0.000000 -0.000000 1.000000
vn -0.000000 -0.000000 1.000000
vn -0.000000 -0.000000 1.000000
vn -0.000000 -0.000000 1.000000
vn -0.000000 -0.000000 1.000000
vn -0.000000 -0.000000 1.000000
vn -0.000000 -0.000000 1.000000
vn -0.000000 -0.000000 1.000000
vn -0.000000 -0.000000 1.000000
vn -0.000000 -0.000000 1.000000
vn -0.000000 -0.000000 1.000000
vn -0.000000 -0.000000 1.000000
vn -0.000000 -0.000000 1.000000
vn -0.000000 -0.000000 1.000000
vn -0.000000 -0.000000 1.000000
vn -0.000000 -0.000000 1.000000
vn -0.000000 -0.000000 1.000000
vn -0.000000 -0.000000 1.000000
vn -0.000000 -0.000000 1.000000
vn -0.000000 -0.000000 1.000000
vn -0.000000 -0.000000 1.000000
vn -0.000000 -0.000000 1.000000
vn -0.000000 -0.000000 1.000000
vn -0.000000 -0.000000 1.000000
vn -0.000000 -0.000000 1.000000
vn -0.000000 -0.000000 1.000000
vn -0.000000 -0.000000 1.000000
vn -0.000000 -0.000000 1.000000
vn -0.000000 -0.000000 1.000000
vn -0.000000 -0.000000 1.000000
vn -0.000000 -0.000000 1.000000
vn -0.000000 -0.000000 1.000000
vn -0.000000 -0.000000 1.000000
vn -0.000000 -0.000000 1.000000
vn -0.000000 -0.000000 1.000000
vn -0.000000 -0.000000 1.000000
vn -0.000000 -0.000000 1.000000
vn -0.000000 -0.000000 1.000000
vn -0.000000 -0.000000 1.000000
vn -0.000000 -0.000000 1.000000
vn -0.000000 -0.000000 1.000000
vn -0.000000 -0.000000 1.000000
vn -0.000000 -0.000000 1.000000
vn -0.000000 -0.000000 1.000000
vn -0.000000 -0.000000 1.000000
vn -0.000000 -0.000000 1.000000
vn -0.000000 -0.000000 1.000000
vn -0.000000 -0.000000 1.000000
vn -0.000000 -0.000000 1.000000
vn -0.000000 -0.000000 1.000000
vn -0.000000 -0.000000 1.000000
vn -0.000000 -0.000000 1.000000
vn -0.000000 -0.000000 1.000000
vn -0.000000 -0.000000 1.000000
f 3558//3558 3495//3495 3494//3494
f 3557//3557 3496//3496 3495//3495
f 3557//3557 3495//3495 3558//3558
f 3559//3559 3494//3494 3493//3493
f 3559//3559 3558//3558 3494//3494
f 3556//3556 3497//3497 3496//3496
f 3556//3556 3496//3496 3557//3557
f 3560//3560 3493//3493 3492//3492
f 3560//3560 3559//3559 3493//3493
f 3555//3555 3497//3497 3556//3556
f 3555//3555 3498//3498 3497//3497
f 3561//3561 3492//3492 3491//3491
f 3561//3561 3560//3560 3492//3492
f 3554//3554 3499//3499 3498//3498
f 3554//3554 3498//3498 3555//3555
f 3526//3526 3491//3491 3490//3490
f 3526//3526 3561//3561 3491//3491
f 3553//3553 3500//3500 3499//3499
f 3553//3553 3499//3499 3554//3554
f 3527//3527 3490//3490 3525//3525
f 3527//3527 3526//3526 3490//3490
f 3552//3552 3500//3500 3553//3553
f 3552//3552 3501//3501 3500//3500
f 3528//3528 3527//3527 3525//3525
f 3528//3528 3525//3525 3524//3524
f 3551//3551 3501//3501 3552//3552
f 3551//3551 3502//3502 3501//3501
f 3529//3529 3528//3528 3524//3524
f 3529//3529 3524//3524 3523//3523
f 3550//3550 3502//3502 3551//3551
f 3530//3530 3529//3529 3523//3523
f 3530//3530 3523//3523 3522//3522
f 3549//3549 3503//3503 3502//3502
f 3549//3549 3502//3502 3550//3550
f 3531//3531 3530//3530 3522//3522
f 3504//3504 3503//3503 3549//3549
f 3504//3504 3549//3549 3548//3548
f 3521//3521 3531//3531 3522//3522
f 3547//3547 3504//3504 3548//3548
f 3505//3505 3504//3504 3547//3547
f 3520//3520 3532//3532 3531//3531
f 3520//3520 3531//3531 3521//3521
f 3506//3506 3547//3547 3546//3546
f 3506//3506 3505//3505 3547//3547
f 3519//3519 3533//3533 3532//3532
f 3519//3519 3532//3532 3520//3520
f 3507//3507 3546//3546 3545//3545
f 3507//3507 3506//3506 3546//3546
f 3518//3518 3534//3534 3533//3533
f 3518//3518 3533//3533 3519//3519
f 3508//3508 3545//3545 3544//3544
f 3508//3508 3507//3507 3545//3545
f 3517//3517 3535//3535 3534//3534
f 3517//3517 3536//3536 3535//3535
f 3517//3517 3534//3534 3518//3518
f 3509//3509 3544//3544 3543//3543
f 3509//3509 3508//3508 3544//3544
f 3516//3516 3536//3536 3517//3517
f 3510//3510 3543//3543 3542//3542
f 3510//3510 3509//3509 3543//3543
f 3515//3515 3537//3537 3536//3536
f 3515//3515 3536//3536 3516//3516
f 3511//3511 3510//3510 3542//3542
f 3511//3511 3542//3542 3541//3541
f 3514//3514 3537//3537 3515//3515
f 3514//3514 3538//3538 3537//3537
f 3512//3512 3511//3511 3541//3541
f 3512//3512 3541//3541 3540//3540
f 3513//3513 3512//3512 3540//3540
f 3513//3513 3539//3539 3538//3538
f 3513//3513 3540//3540 3539//3539
f 3513//3513 3538//3538 3514//3514
v 291.000000 -230.000000 30.000000
v 290.680969 -233.646606 30.000000
v 289.733551 -237.182419 30.000000
v 288.186523 -240.500000 30.000000
v 286.086945 -243.498535 30.000000
v 283.498535 -246.086929 30.000000
v 280.500000 -248.186539 30.000000
v 277.182434 -249.733551 30.000000
v 273.646606 -250.680969 30.000000
v 270.000000 -251.000000 30.000000
v 266.353394 -250.680969 30.000000
v 262.817566 -249.733551 30.000000
v 259.500000 -248.186539 30.000000
v 256.501465 -246.086929 30.000000
v 253.913071 -243.498535 30.000000
v 251.813461 -240.500000 30.000000
v 250.266449 -237.182419 30.000000
v 249.319031 -233.646606 30.000000
v 249.000000 -230.000000 30.000000
v 249.319031 -226.353394 30.000000
v 250.266449 -222.817581 30.000000
v 251.813461 -219.500000 30.000000
v 253.913071 -216.501465 30.000000
v 256.501465 -213.913071 30.000000
v 259.500000 -211.813461 30.000000
v 262.817566 -210.266449 30.000000
v 266.353394 -209.319031 30.000000
v 270.000000 -209.000000 30.000000
v 273.646606 -209.319031 30.000000
v 277.182434 -210.266449 30.000000
v 280.500000 -211.813461 30.000000
v 283.498535 -213.913071 30.000000
v 286.086945 -216.501465 30.000000
v 288.186523 -219.500000 30.000000
v 289.733551 -222.817581 30.000000
v 290.680969 -226.353394 30.000000
v 282.000000 -230.000000 30.000000
v 281.817688 -227.916229 30.000000
v 281.276306 -225.895752 30.000000
v 280.392303 -224.000000 30.000000
v 279.192535 -222.286545 30.000000
v 277.713440 -220.807465 30.000000
v 276.000000 -219.607697 30.000000
v 274.104248 -218.723694 30.000000
v 272.083771 -218.182312 30.000000
v 270.000000 -218.000000 30.000000
v 267.916229 -218.182312 30.000000
v 265.895752 -218.723694 30.000000
v 264.000000 -219.607697 30.000000
v 262.286560 -220.807465 30.000000
v 260.807465 -222.286545 30.000000
v 259.607697 -224.000000 30.000000
v 258.723694 -225.895752 30.000000
v 258.182312 -227.916229 30.000000
v 258.000000 -230.000000 30.000000
v 258.182312 -232.083771 30.000000
v 258.723694 -234.104248 30.000000
v 259.607697 -236.000000 30.000000
v 260.807465 -237.713455 30.000000
v 262.286560 -239.192535 30.000000
v 264.000000 -240.392303 30.000000
v 265.895752 -241.276306 30.000000
v 267.916229 -241.817688 30.000000
v 270.000000 -242.000000 30.000000
v 272.083771 -241.817688 30.000000
v 274.104248 -241.276306 30.000000
v 276.000000 -240.392303 30.000000
v 277.713440 -239.192535 30.000000
v 279.192535 -237.713455 30.000000
v 280.392303 -236.000000 30.000000
v 281.276306 -234.104248 30.000000
v 281.817688 -232.083771 30.000000
vn -0.000000 -0.000000 1.000000
vn -0.000000 -0.000000 1.000000
vn -0.000000 -0.000000 1.000000
vn -0.000000 -0.000000 1.000000
vn -0.000000 -0.000000 1.000000
vn -0.000000 -0.000000 1.000000
vn -0.000000 -0.000000 1.000000
vn -0.000000 -0.000000 1.000000
vn -0.000000 -0.000000 1.000000
vn -0.000000 -0.000000 1.000000
vn -0.000000 -0.000000 1.000000
vn -0.000000 -0.000000 1.000000
vn -0.000000 -0.000000 1.000000
vn -0.000000 -0.000000 1.000000
vn -0.000000 -0.000000 1.000000
vn -0.000000 -0.000000 1.000000
vn -0.000000 -0.000000 1.000000
vn -0.000000 -0.000000 1.000000
vn -0.000000 -0.000000 1.000000
vn -0.000000 -0.000000 1.000000
vn -0.000000 -0.000000 1.000000
vn -0.000000 -0.000000 1.000000
vn -0.000000 -0.000000 1.000000
vn -0.000000 -0.000000 1.000000
vn -0.000000 -0.000000 1.000000
vn -0.000000 -0.000000 1.000000
vn -0.000000 -0.000000 1.000000
vn -0.000000 -0.000000 1.000000
vn -0.000000 -0.000000 1.000000
vn -0.000000 -0.000000 1.000000
vn -0.000000 -0.000000 1.000000
vn -0.000000 -0.000000 1.000000
vn -0.000000 -0.000000 1.000000
vn -0.000000 -0.000000 1.000000
vn -0.000000 -0.000000 1.000000
vn -0.000000 -0.000000 1.000000
vn -0.000000 -0.000000 1.000000
vn -0.000000 -0.000000 1.000000
vn -0.000000 -0.000000 1.000000
vn -0.000000 -0.000000 1.000000
vn -0.000000 -0.000000 1.000000
vn -0.000000 -0.000000 1.000000
vn -0.000000 -0.000000 1.000000
vn -0.000000 -0.000000 1.000000
vn -0.000000 -0.000000 1.000000
vn -0.000000 -0.000000 1.000000
vn -0.000000 -0.000000 1.000000
vn -0.000000 -0.000000 1.000000
vn -0.000000 -0.000000 1.000000
vn -0.000000 -0.000000 1.000000
vn -0.000000 -0.000000 1.000000
vn -0.000000 -0.000000 1.000000
vn -0.000000 -0.000000 1.000000
vn -0.000000 -0.000000 1.000000
vn -0.000000 -0.000000 1.000000
vn -0.000000 -0.000000 1.000000
vn -0.000000 -0.000000 1.000000
vn -0.000000 -0.000000 1.000000
vn -0.000000 -0.000000 1.000000
vn -0.000000 -0.000000 1.000000
vn -0.000000 -0.000000 1.000000
vn -0.000000 -0.000000 1.000000
vn -0.000000 -0.000000 1.000000
vn -0.000000 -0.000000 1.000000
vn -0.000000 -0.000000 1.000000
vn -0.000000 -0.000000 1.000000
vn -0.000000 -0.000000 1.000000
vn -0.000000 -0.000000 1.000000
vn -0.000000 -0.000000 1.000000
vn -0.000000 -0.000000 1.000000
vn -0.000000 -0.000000 1.000000
vn -0.000000 -0.000000 1.000000
f 3630//3630 3567//3567 3566//3566
f 3629//3629 3568//3568 3567//3567
f 3629//3629 3567//3567 3630//3630
f 3631//3631 3566//3566 3565//3565
f 3631//3631 3630//3630 3566//3566
f 3628//3628 3569//3569 3568//3568
f 3628//3628 3568//3568 3629//3629
f 3632//3632 3565//3565 3564//3564
f 3632//3632 3631//3631 3565//3565
f 3627//3627 3569//3569 3628//3628
f 3627//3627 3570//3570 3569//3569
f 3633//3633 3564//3564 3563//3563
f 3633//3633 3632//3632 3564//3564
f 3626//3626 3571//3571 3570//3570
f 3626//3626 3570//3570 3627//3627
f 3598//3598 3563//3563 3562//3562
f 3598//3598 3633//3633 3563//3563
f 3625//3625 3572//3572 3571//3571
f 3625//3625 3571//3571 3626//3626
f 3599//3599 3562//3562 3597//3597
f 3599//3599 3598//3598 3562//3562
f 3624//3624 3572//3572 3625//3625
f 3624//3624 3573//3573 3572//3572
f 3600//3600 3599//3599 3597//3597
f 3600//3600 3597//3597 3596//3596
f 3623//3623 3573//3573 3624//3624
f 3623//3623 3574//3574 3573//3573
f 3601//3601 3600//3600 3596//3596
f 3601//3601 3596//3596 3595//3595
f 3622//3622 3574//3574 3623//3623
f 3602//3602 3601//3601 3595//3595
f 3602//3602 3595//3595 3594//3594
f 3621//3621 3575//3575 3574//3574
f 3621//3621 3574//3574 3622//3622
f 3603//3603 3602//3602 3594//3594
f 3576//3576 3575//3575 3621//3621
f 3576//3576 3621//3621 3620//3620
f 3593//3593 3603//3603 3594//3594
f 3619//3619 3576//3576 3620//3620
f 3577//3577 3576//3576 3619//3619
f 3592//3592 3604//3604 3603//3603
f 3592//3592 3603//3603 3593//3593
f 3578//3578 3619//3619 3618//3618
f 3578//3578 3577//3577 3619//3619
f 3591//3591 3605//3605 3604//3604
f 3591//3591 3604//3604 3592//3592
f 3579//3579 3618//3618 3617//3617
f 3579//3579 3578//3578 3618//3618
f 3590//3590 3606//3606 3605//3605
f 3590//3590 3605//3605 3591//3591
f 3580//3580 3617//3617 3616//3616
f 3580//3580 3579//3579 3617//3617
f 3589//3589 3607//3607 3606//3606
f 3589//3589 3608//3608 3607//3607
f 3589//3589 3606//3606 3590//3590
f 3581//3581 3616//3616 3615//3615
f 3581//3581 3580//3580 3616//3616
f 3588//3588 3608//3608 3589//3589
f 3582//3582 3615//3615 3614//3614
f 3582//3582 3581//3581 3615//3615
f 3587//3587 3609//3609 3608//3608
f 3587//3587 3608//3608 3588//3588
f 3583//3583 3582//3582 3614//3614
f 3583//3583 3614//3614 3613//3613
f 3586//3586 3609//3609 3587//3587
f 3586//3586 3610//3610 3609//3609
f 3584//3584 3583//3583 3613//3613
f 3584//3584 3613//3613 3612//3612
f 3585//3585 3584//3584 3612//3612
f 3585//3585 3611//3611 3610//3610
f 3585//3585 3612//3612 3611//3611
f 3585//3585 3610//3610 3586//3586
v -358.000000 260.000000 212.500000
v -406.000000 260.000000 212.500000
v -406.000000 232.000000 212.500000
v -358.000000 232.000000 212.500000
v -365.899994 245.000000 212.500000
v -365.975067 244.128326 212.500000
v -366.198029 243.282196 212.500000
v -366.562286 242.486694 212.500000
v -367.057129 241.765228 212.500000
v -367.668121 241.138855 212.500000
v -368.377136 240.626160 212.500000
v -369.163239 240.242233 212.500000
v -370.003510 239.998306 212.500000
v -370.499359 239.924637 212.500000
v -371.000000 239.899994 212.500000
v -371.871674 239.975052 212.500000
v -372.717804 240.198013 212.500000
v -373.513306 240.562286 212.500000
v -374.234772 241.057144 212.500000
v -374.861145 241.668121 212.500000
v -375.373840 242.377106 212.500000
v -375.757751 243.163254 212.500000
v -376.001678 244.003510 212.500000
v -376.075378 244.499344 212.500000
v -376.100006 245.000000 212.500000
v -376.024933 245.871674 212.500000
v -375.801971 246.717804 212.500000
v -375.437714 247.513306 212.500000
v -374.942871 248.234772 212.500000
v -374.331879 248.861145 212.500000
v -373.622864 249.373840 212.500000
v -372.836761 249.757767 212.500000
v -371.996490 250.001694 212.500000
v -371.500641 250.075363 212.500000
v -371.000000 250.100006 212.500000
v -370.128326 250.024948 212.500000
v -369.282196 249.801987 212.500000
v -368.486694 249.437714 212.500000
v -367.765228 248.942856 212.500000
v -367.138855 248.331879 212.500000
v -366.626160 247.622894 212.500000
v -366.242249 246.836746 212.500000
v -365.998322 245.996490 212.500000
v -365.924622 245.500656 212.500000
v -387.899994 245.000000 212.500000
v -387.975067 244.128326 212.500000
v -388.198029 243.282196 212.500000
v -388.562286 242.486694 212.500000
v -389.057129 241.765228 212.500000
v -389.668121 241.138855 212.500000
v -390.377136 240.626160 212.500000
v -391.163239 240.242233 212.500000
v -392.003510 239.998306 212.500000
v -392.499359 239.924637 212.500000
v -393.000000 239.899994 212.500000
v -393.871674 239.975052 212.500000
v -394.717804 240.198013 212.500000
v -395.513306 240.562286 212.500000
v -396.234772 241.057144 212.500000
v -396.861145 241.668121 212.500000
v -397.373840 242.377106 212.500000
v -397.757751 243.163254 212.500000
v -398.001678 244.003510 212.500000
v -398.075378 244.499344 212.500000
v -398.100006 245.000000 212.500000
v -398.024933 245.871674 212.500000
v -397.801971 246.717804 212.500000
v -397.437714 247.513306 212.500000
v -396.942871 248.234772 212.500000
v -396.331879 248.861145 212.500000
v -395.622864 249.373840 212.500000
v -394.836761 249.757767 212.500000
v -393.996490 250.001694 212.500000
v -393.500641 250.075363 212.500000
v -393.000000 250.100006 212.500000
v -392.128326 250.024948 212.500000
v -391.282196 249.801987 212.500000
v -390.486694 249.437714 212.500000
v -389.765228 248.942856 212.500000
v -389.138855 248.331879 212.500000
v -388.626160 247.622894 212.500000
v -388.242249 246.836746 212.500000
v -387.998322 245.996490 212.500000
v -387.924622 245.500656 212.500000
vn 0.000000 0.000000 1.000000
vn 0.000000 0.000000 1.000000
vn 0.000000 0.000000 1.000000
vn 0.000000 0.000000 1.000000
vn 0.000000 0.000000 1.000000
vn 0.000000 0.000000 1.000000
vn 0.000000 0.000000 1.000000
vn 0.000000 0.000000 1.000000
vn 0.000000 0.000000 1.000000
vn 0.000000 0.000000 1.000000
vn 0.000000 0.000000 1.000000
vn 0.000000 0.000000 1.000000
vn 0.000000 0.000000 1.000000
vn 0.000000 0.000000 1.000000
vn 0.000000 0.000000 1.000000
vn 0.000000 0.000000 1.000000
vn 0.000000 0.000000 1.000000
vn 0.000000 0.000000 1.000000
vn 0.000000 0.000000 1.000000
vn 0.000000 0.000000 1.000000
vn 0.000000 0.000000 1.000000
vn 0.000000 0.000000 1.000000
vn 0.000000 0.000000 1.000000
vn 0.000000 0.000000 1.000000
vn 0.000000 0.000000 1.000000
vn 0.000000 0.000000 1.000000
vn 0.000000 0.000000 1.000000
vn 0.000000 0.000000 1.000000
vn 0.000000 0.000000 1.000000
vn 0.000000 0.000000 1.000000
vn 0.000000 0.000000 1.000000
vn 0.000000 0.000000 1.000000
vn 0.000000 0.000000 1.000000
vn 0.000000 0.000000 1.000000
vn 0.000000 0.000000 1.000000
vn 0.000000 0.000000 1.000000
vn 0.000000 0.000000 1.000000
vn 0.000000 0.000000 1.000000
vn 0.000000 0.000000 1.000000
vn 0.000000 0.000000 1.000000
vn 0.000000 0.000000 1.000000
vn 0.000000 0.000000 1.000000
vn 0.000000 0.000000 1.000000
vn 0.000000 0.000000 1.000000
vn 0.000000 0.000000 1.000000
vn 0.000000 0.000000 1.000000
vn 0.000000 0.000000 1.000000
vn 0.000000 0.000000 1.000000
vn 0.000000 0.000000 1.000000
vn 0.000000 0.000000 1.000000
vn 0.000000 0.000000 1.000000
vn 0.000000 0.000000 1.000000
vn 0.000000 0.000000 1.000000
vn 0.000000 0.000000 1.000000
vn 0.000000 0.000000 1.000000
vn 0.000000 0.000000 1.000000
vn 0.000000 0.000000 1.000000
vn 0.000000 0.000000 1.000000
vn 0.000000 0.000000 1.000000
vn 0.000000 0.000000 1.000000
vn 0.000000 0.000000 1.000000
vn 0.000000 0.000000 1.000000
vn 0.000000 0.000000 1.000000
vn 0.000000 0.000000 1.000000
vn 0.000000 0.000000 1.000000
vn 0.000000 0.000000 1.000000
vn 0.000000 0.000000 1.000000
vn 0.000000 0.000000 1.000000
vn 0.000000 0.000000 1.000000
vn 0.000000 0.000000 1.000000
vn 0.000000 0.000000 1.000000
vn 0.000000 0.000000 1.000000
vn 0.000000 0.000000 1.000000
vn 0.000000 0.000000 1.000000
vn 0.000000 0.000000 1.000000
vn 0.000000 0.000000 1.000000
vn 0.000000 0.000000 1.000000
vn 0.000000 0.000000 1.000000
vn 0.000000 0.000000 1.000000
vn 0.000000 0.000000 1.000000
vn 0.000000 0.000000 1.000000
vn 0.000000 0.000000 1.000000
vn 0.000000 0.000000 1.000000
vn 0.000000 0.000000 1.000000
f 3692//3692 3693//3693 3636//3636
f 3694//3694 3636//3636 3693//3693
f 3691//3691 3692//3692 3636//3636
f 3695//3695 3636//3636 3694//3694
f 3690//3690 3691//3691 3636//3636
f 3696//3696 3636//3636 3695//3695
f 3689//3689 3690//3690 3636//3636
f 3697//3697 3636//3636 3696//3696
f 3698//3698 3636//3636 3697//3697
f 3688//3688 3689//3689 3636//3636
f 3687//3687 3688//3688 3636//3636
f 3686//3686 3687//3687 3636//3636
f 3635//3635 3636//3636 3698//3698
f 3635//3635 3698//3698 3699//3699
f 3635//3635 3699//3699 3700//3700
f 3635//3635 3700//3700 3701//3701
f 3635//3635 3701//3701 3702//3702
f 3635//3635 3702//3702 3703//3703
f 3635//3635 3703//3703 3704//3704
f 3705//3705 3635//3635 3704//3704
f 3706//3706 3635//3635 3705//3705
f 3707//3707 3635//3635 3706//3706
f 3708//3708 3635//3635 3707//3707
f 3709//3709 3635//3635 3708//3708
f 3710//3710 3635//3635 3709//3709
f 3653//3653 3682//3682 3683//3683
f 3652//3652 3653//3653 3683//3683
f 3652//3652 3683//3683 3684//3684
f 3654//3654 3682//3682 3653//3653
f 3654//3654 3681//3681 3682//3682
f 3651//3651 3684//3684 3685//3685
f 3651//3651 3652//3652 3684//3684
f 3655//3655 3680//3680 3681//3681
f 3655//3655 3681//3681 3654//3654
f 3650//3650 3686//3686 3636//3636
f 3650//3650 3651//3651 3685//3685
f 3650//3650 3685//3685 3686//3686
f 3656//3656 3679//3679 3680//3680
f 3656//3656 3680//3680 3655//3655
f 3657//3657 3678//3678 3679//3679
f 3657//3657 3679//3679 3656//3656
f 3658//3658 3678//3678 3657//3657
f 3658//3658 3717//3717 3678//3678
f 3659//3659 3716//3716 3717//3717
f 3659//3659 3717//3717 3658//3658
f 3660//3660 3716//3716 3659//3659
f 3660//3660 3715//3715 3716//3716
f 3661//3661 3715//3715 3660//3660
f 3661//3661 3714//3714 3715//3715
f 3662//3662 3714//3714 3661//3661
f 3662//3662 3713//3713 3714//3714
f 3637//3637 3643//3643 3644//3644
f 3637//3637 3644//3644 3645//3645
f 3637//3637 3645//3645 3646//3646
f 3637//3637 3646//3646 3647//3647
f 3637//3637 3647//3647 3648//3648
f 3637//3637 3648//3648 3649//3649
f 3637//3637 3649//3649 3650//3650
f 3637//3637 3650//3650 3636//3636
f 3663//3663 3713//3713 3662//3662
f 3663//3663 3712//3712 3713//3713
f 3642//3642 3643//3643 3637//3637
f 3664//3664 3712//3712 3663//3663
f 3664//3664 3711//3711 3712//3712
f 3641//3641 3642//3642 3637//3637
f 3665//3665 3711//3711 3664//3664
f 3665//3665 3710//3710 3711//3711
f 3640//3640 3641//3641 3637//3637
f 3639//3639 3640//3640 3637//3637
f 3638//3638 3639//3639 3637//3637
f 3634//3634 3638//3638 3637//3637
f 3634//3634 3665//3665 3666//3666
f 3634//3634 3666//3666 3667//3667
f 3634//3634 3667//3667 3668//3668
f 3634//3634 3668//3668 3669//3669
f 3634//3634 3669//3669 3670//3670
f 3634//3634 3670//3670 3671//3671
f 3634//3634 3671//3671 3672//3672
f 3634//3634 3672//3672 3673//3673
f 3634//3634 3673//3673 3674//3674
f 3634//3634 3674//3674 3675//3675
f 3634//3634 3675//3675 3676//3676
f 3634//3634 3676//3676 3677//3677
f 3634//3634 3677//3677 3638//3638
f 3634//3634 3635//3635 3710//3710
f 3634//3634 3710//3710 3665//3665
v -343.000000 280.000000 0.000000
v -343.000000 260.000000 0.000000
v -348.000000 260.000000 0.000000
v -348.000000 233.083954 0.000000
v -323.500000 185.000000 0.000000
v -260.477264 185.000000 0.000000
v -185.000000 260.477264 0.000000
v -185.000000 300.000000 0.000000
v -276.000000 300.000000 0.000000
v -281.000000 305.000000 0.000000
v -318.000000 305.000000 0.000000
v -282.000000 230.000000 0.000000
v -281.817688 227.916229 0.000000
v -281.276306 225.895752 0.000000
v -280.392303 224.000000 0.000000
v -279.192535 222.286545 0.000000
v -277.713440 220.807465 0.000000
v -276.000000 219.607697 0.000000
v -274.104248 218.723694 0.000000
v -272.083771 218.182312 0.000000
v -270.000000 218.000000 0.000000
v -267.916229 218.182312 0.000000
v -265.895752 218.723694 0.000000
v -264.000000 219.607697 0.000000
v -262.286560 220.807465 0.000000
v -260.807465 222.286545 0.000000
v -259.607697 224.000000 0.000000
v -258.723694 225.895752 0.000000
v -258.182312 227.916229 0.000000
v -258.000000 230.000000 0.000000
v -258.182312 232.083771 0.000000
v -258.723694 234.104248 0.000000
v -259.607697 236.000000 0.000000
v -260.807465 237.713455 0.000000
v -262.286560 239.192535 0.000000
v -264.000000 240.392303 0.000000
v -265.895752 241.276306 0.000000
v -267.916229 241.817688 0.000000
v -270.000000 242.000000 0.000000
v -272.083771 241.817688 0.000000
v -274.104248 241.276306 0.000000
v -276.000000 240.392303 0.000000
v -277.713440 239.192535 0.000000
v -279.192535 237.713455 0.000000
v -280.392303 236.000000 0.000000
v -281.276306 234.104248 0.000000
v -281.817688 232.083771 0.000000
v -242.000000 270.000000 0.000000
v -241.817688 267.916229 0.000000
v -241.276306 265.895752 0.000000
v -240.392303 264.000000 0.000000
v -239.192535 262.286560 0.000000
v -237.713455 260.807465 0.000000
v -236.000000 259.607697 0.000000
v -234.104248 258.723694 0.000000
v -232.083771 258.182312 0.000000
v -230.000000 258.000000 0.000000
v -227.916229 258.182312 0.000000
v -225.895752 258.723694 0.000000
v -224.000000 259.607697 0.000000
v -222.286545 260.807465 0.000000
v -220.807465 262.286560 0.000000
v -219.607697 264.000000 0.000000
v -218.723694 265.895752 0.000000
v -218.182312 267.916229 0.000000
v -218.000000 270.000000 0.000000
v -218.182312 272.083771 0.000000
v -218.723694 274.104248 0.000000
v -219.607697 276.000000 0.000000
v -220.807465 277.713440 0.000000
v -222.286545 279.192535 0.000000
v -224.000000 280.392303 0.000000
v -225.895752 281.276306 0.000000
v -227.916229 281.817688 0.000000
v -230.000000 282.000000 0.000000
v -232.083771 281.817688 0.000000
v -234.104248 281.276306 0.000000
v -236.000000 280.392303 0.000000
v -237.713455 279.192535 0.000000
v -239.192535 277.713440 0.000000
v -240.392303 276.000000 0.000000
v -241.276306 274.104248 0.000000
v -241.817688 272.083771 0.000000
vn -0.000000 -0.000000 -1.000000
vn -0.000000 -0.000000 -1.000000
vn -0.000000 -0.000000 -1.000000
vn -0.000000 -0.000000 -1.000000
vn -0.000000 -0.000000 -1.000000
vn -0.000000 -0.000000 -1.000000
vn -0.000000 -0.000000 -1.000000
vn -0.000000 -0.000000 -1.000000
vn -0.000000 -0.000000 -1.000000
vn -0.000000 -0.000000 -1.000000
vn -0.000000 -0.000000 -1.000000
vn -0.000000 -0.000000 -1.000000
vn -0.000000 -0.000000 -1.000000
vn -0.000000 -0.000000 -1.000000
vn -0.000000 -0.000000 -1.000000
vn -0.000000 -0.000000 -1.000000
vn -0.000000 -0.000000 -1.000000
vn -0.000000 -0.000000 -1.000000
vn -0.000000 -0.000000 -1.000000
vn -0.000000 -0.000000 -1.000000
vn -0.000000 -0.000000 -1.000000
vn -0.000000 -0.000000 -1.000000
vn -0.000000 -0.000000 -1.000000
vn -0.000000 -0.000000 -1.000000
vn -0.000000 -0.000000 -1.000000
vn -0.000000 -0.000000 -1.000000
vn -0.000000 -0.000000 -1.000000
vn -0.000000 -0.000000 -1.000000
vn -0.000000 -0.000000 -1.000000
vn -0.000000 -0.000000 -1.000000
vn -0.000000 -0.000000 -1.000000
vn -0.000000 -0.000000 -1.000000
vn -0.000000 -0.000000 -1.000000
vn -0.000000 -0.000000 -1.000000
vn -0.000000 -0.000000 -1.000000
vn -0.000000 -0.000000 -1.000000
vn -0.000000 -0.000000 -1.000000
vn -0.000000 -0.000000 -1.000000
vn -0.000000 -0.000000 -1.000000
vn -0.000000 -0.000000 -1.000000
vn -0.000000 -0.000000 -1.000000
vn -0.000000 -0.000000 -1.000000
vn -0.000000 -0.000000 -1.000000
vn -0.000000 -0.000000 -1.000000
vn -0.000000 -0.000000 -1.000000
vn -0.000000 -0.000000 -1.000000
vn -0.000000 -0.000000 -1.000000
vn -0.000000 -0.000000 -1.000000
vn -0.000000 -0.000000 -1.000000
vn -0.000000 -0.000000 -1.000000
vn -0.000000 -0.000000 -1.000000
vn -0.000000 -0.000000 -1.000000
vn -0.000000 -0.000000 -1.000000
vn -0.000000 -0.000000 -1.000000
vn -0.000000 -0.000000 -1.000000
vn -0.000000 -0.000000 -1.000000
vn -0.000000 -0.000000 -1.000000
vn -0.000000 -0.000000 -1.000000
vn -0.000000 -0.000000 -1.000000
vn -0.000000 -0.000000 -1.000000
vn -0.000000 -0.000000 -1.000000
vn -0.000000 -0.000000 -1.000000
vn -0.000000 -0.000000 -1.000000
vn -0.000000 -0.000000 -1.000000
vn -0.000000 -0.000000 -1.000000
vn -0.000000 -0.000000 -1.000000
vn -0.000000 -0.000000 -1.000000
vn -0.000000 -0.000000 -1.000000
vn -0.000000 -0.000000 -1.000000
vn -0.000000 -0.000000 -1.000000
vn -0.000000 -0.000000 -1.000000
vn -0.000000 -0.000000 -1.000000
vn -0.000000 -0.000000 -1.000000
vn -0.000000 -0.000000 -1.000000
vn -0.000000 -0.000000 -1.000000
vn -0.000000 -0.000000 -1.000000
vn -0.000000 -0.000000 -1.000000
vn -0.000000 -0.000000 -1.000000
vn -0.000000 -0.000000 -1.000000
vn -0.000000 -0.000000 -1.000000
vn -0.000000 -0.000000 -1.000000
vn -0.000000 -0.000000 -1.000000
vn -0.000000 -0.000000 -1.000000
f 3719//3719 3721//3721 3720//3720
f 3733//3733 3734//3734 3722//3722
f 3735//3735 3723//3723 3722//3722
f 3735//3735 3722//3722 3734//3734
f 3732//3732 3733//3733 3722//3722
f 3731//3731 3732//3732 3722//3722
f 3736//3736 3723//3723 3735//3735
f 3737//3737 3723//3723 3736//3736
f 3730//3730 3722//3722 3721//3721
f 3730//3730 3731//3731 3722//3722
f 3738//3738 3723//3723 3737//3737
f 3729//3729 3730//3730 3721//3721
f 3739//3739 3723//3723 3738//3738
f 3764//3764 3729//3729 3721//3721
f 3764//3764 3721//3721 3719//3719
f 3740//3740 3723//3723 3739//3739
f 3763//3763 3764//3764 3719//3719
f 3741//3741 3723//3723 3740//3740
f 3762//3762 3763//3763 3719//3719
f 3742//3742 3723//3723 3741//3741
f 3761//3761 3762//3762 3719//3719
f 3743//3743 3723//3723 3742//3742
f 3760//3760 3761//3761 3719//3719
f 3744//3744 3723//3723 3743//3743
f 3745//3745 3723//3723 3744//3744
f 3728//3728 3719//3719 3718//3718
f 3728//3728 3760//3760 3719//3719
f 3770//3770 3751//3751 3752//3752
f 3770//3770 3752//3752 3769//3769
f 3768//3768 3752//3752 3753//3753
f 3768//3768 3769//3769 3752//3752
f 3771//3771 3750//3750 3751//3751
f 3771//3771 3751//3751 3770//3770
f 3726//3726 3756//3756 3757//3757
f 3726//3726 3757//3757 3758//3758
f 3726//3726 3758//3758 3759//3759
f 3726//3726 3759//3759 3760//3760
f 3726//3726 3760//3760 3728//3728
f 3727//3727 3726//3726 3728//3728
f 3772//3772 3749//3749 3750//3750
f 3772//3772 3750//3750 3771//3771
f 3767//3767 3753//3753 3754//3754
f 3767//3767 3754//3754 3755//3755
f 3767//3767 3768//3768 3753//3753
f 3766//3766 3767//3767 3755//3755
f 3773//3773 3748//3748 3749//3749
f 3773//3773 3749//3749 3772//3772
f 3765//3765 3756//3756 3726//3726
f 3765//3765 3755//3755 3756//3756
f 3765//3765 3766//3766 3755//3755
f 3774//3774 3747//3747 3748//3748
f 3774//3774 3748//3748 3773//3773
f 3775//3775 3746//3746 3747//3747
f 3775//3775 3747//3747 3774//3774
f 3800//3800 3765//3765 3726//3726
f 3776//3776 3745//3745 3746//3746
f 3776//3776 3746//3746 3775//3775
f 3799//3799 3800//3800 3726//3726
f 3798//3798 3799//3799 3726//3726
f 3797//3797 3798//3798 3726//3726
f 3796//3796 3797//3797 3726//3726
f 3795//3795 3796//3796 3726//3726
f 3794//3794 3795//3795 3726//3726
f 3793//3793 3794//3794 3726//3726
f 3792//3792 3793//3793 3726//3726
f 3724//3724 3723//3723 3745//3745
f 3724//3724 3776//3776 3777//3777
f 3724//3724 3777//3777 3778//3778
f 3724//3724 3778//3778 3779//3779
f 3724//3724 3779//3779 3780//3780
f 3724//3724 3780//3780 3781//3781
f 3724//3724 3781//3781 3782//3782
f 3724//3724 3782//3782 3783//3783
f 3724//3724 3783//3783 3784//3784
f 3724//3724 3784//3784 3785//3785
f 3724//3724 3745//3745 3776//3776
f 3725//3725 3724//3724 3785//3785
f 3725//3725 3792//3792 3726//3726
f 3725//3725 3785//3785 3786//3786
f 3725//3725 3786//3786 3787//3787
f 3725//3725 3787//3787 3788//3788
f 3725//3725 3788//3788 3789//3789
f 3725//3725 3789//3789 3790//3790
f 3725//3725 3790//3790 3791//3791
f 3725//3725 3791//3791 3792//3792
v -396.000000 268.000000 155.000000
v -396.000000 260.000000 155.000000
v -364.000000 268.000000 155.000000
v -364.000000 260.000000 155.000000
vn 0.000000 -0.000000 1.000000
vn 0.000000 -0.000000 1.000000
vn 0.000000 -0.000000 1.000000
vn 0.000000 -0.000000 1.000000
f 3801//3801 3804//3804 3803//3803
f 3801//3801 3802//3802 3804//3804
usemtl mat_3
v -377.000000 268.000000 73.900002
v -377.000000 250.000000 73.900002
v -376.128326 268.000000 73.975060
v -375.282196 268.000000 74.198021
v -374.486694 268.000000 74.562279
v -373.765228 268.000000 75.057144
v -373.138855 268.000000 75.668121
v -372.626160 268.000000 76.377113
v -372.242249 268.000000 77.163246
v -371.998322 268.000000 78.003502
v -371.924622 268.000000 78.499352
v -371.899994 268.000000 79.000000
v -371.975067 268.000000 79.871674
v -372.198029 268.000000 80.717812
v -372.562286 268.000000 81.513298
v -373.057129 268.000000 82.234779
v -373.668121 268.000000 82.861145
v -374.377136 268.000000 83.373848
v -375.163239 268.000000 83.757759
v -376.003510 268.000000 84.001686
v -376.499359 268.000000 84.075363
v -377.000000 268.000000 84.099998
v -377.000000 250.000000 84.099998
v -371.899994 250.000000 79.000000
v -371.977478 250.000000 79.885605
v -372.207581 250.000000 80.744301
v -372.583282 250.000000 81.550003
v -373.093170 250.000000 82.278214
v -373.721771 250.000000 82.906830
v -374.450012 250.000000 83.416733
v -375.255707 250.000000 83.792435
v -376.114380 250.000000 84.022522
v -376.114380 250.000000 73.977478
v -375.255707 250.000000 74.207565
v -374.450012 250.000000 74.583267
v -373.721771 250.000000 75.093170
v -373.093170 250.000000 75.721786
v -372.583282 250.000000 76.449997
v -372.207581 250.000000 77.255699
v -371.977478 250.000000 78.114395
vn 0.000000 -0.000000 1.000000
vn 0.000000 -0.000000 1.000000
vn -0.170923 -0.000000 0.985284
vn -0.336816 -0.000000 0.941571
vn -0.492796 -0.000000 0.870145
vn -0.634272 -0.000000 0.773110
vn -0.757081 -0.000000 0.653322
vn -0.857607 -0.000000 0.514305
vn -0.932894 -0.000000 0.360151
vn -0.980724 -0.000000 0.195398
vn -0.995169 -0.000000 0.098173
vn -1.000000 -0.000000 0.000000
vn -0.985284 -0.000000 -0.170923
vn -0.941571 -0.000000 -0.336816
vn -0.870145 -0.000000 -0.492796
vn -0.773110 -0.000000 -0.634272
vn -0.653322 -0.000000 -0.757081
vn -0.514305 -0.000000 -0.857607
vn -0.360151 -0.000000 -0.932894
vn -0.195398 -0.000000 -0.980724
vn -0.098173 -0.000000 -0.995169
vn -0.000000 -0.000000 -1.000000
vn -0.000000 -0.000000 -1.000000
vn -1.000000 -0.000000 0.000000
vn -0.984808 -0.000000 -0.173648
vn -0.939693 -0.000000 -0.342020
vn -0.866025 -0.000000 -0.500000
vn -0.766044 -0.000000 -0.642788
vn -0.642788 -0.000000 -0.766044
vn -0.500000 -0.000000 -0.866025
vn -0.342020 -0.000000 -0.939693
vn -0.173648 -0.000000 -0.984808
vn -0.173648 -0.000000 0.984808
vn -0.342020 -0.000000 0.939693
vn -0.500000 -0.000000 0.866025
vn -0.642788 -0.000000 0.766044
vn -0.766044 -0.000000 0.642788
vn -0.866025 -0.000000 0.500000
vn -0.939693 -0.000000 0.342020
vn -0.984808 -0.000000 0.173648
f 3806//3806 3807//3807 3805//3805
f 3837//3837 3808//3808 3807//3807
f 3837//3837 3807//3807 3806//3806
f 3838//3838 3809//3809 3808//3808
f 3838//3838 3808//3808 3837//3837
f 3839//3839 3810//3810 3809//3809
f 3839//3839 3809//3809 3838//3838
f 3840//3840 3811//3811 3810//3810
f 3840//3840 3810//3810 3839//3839
f 3841//3841 3812//3812 3811//3811
f 3841//3841 3811//3811 3840//3840
f 3842//3842 3813//3813 3812//3812
f 3842//3842 3812//3812 3841//3841
f 3843//3843 3814//3814 3813//3813
f 3843//3843 3813//3813 3842//3842
f 3844//3844 3815//3815 3814//3814
f 3844//3844 3814//3814 3843//3843
f 3828//3828 3816//3816 3815//3815
f 3828//3828 3817//3817 3816//3816
f 3828//3828 3815//3815 3844//3844
f 3829//3829 3818//3818 3817//3817
f 3829//3829 3817//3817 3828//3828
f 3830//3830 3819//3819 3818//3818
f 3830//3830 3818//3818 3829//3829
f 3831//3831 3820//3820 3819//3819
f 3831//3831 3819//3819 3830//3830
f 3832//3832 3821//3821 3820//3820
f 3832//3832 3820//3820 3831//3831
f 3833//3833 3821//3821 3832//3832
f 3833//3833 3822//3822 3821//3821
f 3834//3834 3822//3822 3833//3833
f 3834//3834 3823//3823 3822//3822
f 3835//3835 3823//3823 3834//3834
f 3835//3835 3824//3824 3823//3823
f 3836//3836 3824//3824 3835//3835
f 3836//3836 3825//3825 3824//3824
f 3827//3827 3826//3826 3825//3825
f 3827//3827 3825//3825 3836//3836
v -377.000000 268.000000 84.099998
v -377.000000 250.000000 84.099998
v -377.871674 268.000000 84.024940
v -378.717804 268.000000 83.801979
v -379.513306 268.000000 83.437721
v -380.234772 268.000000 82.942856
v -380.861145 268.000000 82.331879
v -381.373840 268.000000 81.622887
v -381.757751 268.000000 80.836754
v -382.001678 268.000000 79.996498
v -382.075378 268.000000 79.500648
v -382.100006 268.000000 79.000000
v -382.024933 268.000000 78.128326
v -381.801971 268.000000 77.282188
v -381.437714 268.000000 76.486702
v -380.942871 268.000000 75.765221
v -380.331879 268.000000 75.138855
v -379.622864 268.000000 74.626152
v -378.836761 268.000000 74.242241
v -377.996490 268.000000 73.998314
v -377.500641 268.000000 73.924637
v -377.000000 268.000000 73.900002
v -377.000000 250.000000 73.900002
v -382.100006 250.000000 79.000000
v -382.022522 250.000000 78.114395
v -381.792419 250.000000 77.255699
v -381.416718 250.000000 76.449997
v -380.906830 250.000000 75.721786
v -380.278229 250.000000 75.093170
v -379.549988 250.000000 74.583267
v -378.744293 250.000000 74.207565
v -377.885620 250.000000 73.977478
v -377.885620 250.000000 84.022522
v -378.744293 250.000000 83.792435
v -379.549988 250.000000 83.416733
v -380.278229 250.000000 82.906830
v -380.906830 250.000000 82.278214
v -381.416718 250.000000 81.550003
v -381.792419 250.000000 80.744301
v -382.022522 250.000000 79.885605
vn -0.000000 -0.000000 -1.000000
vn -0.000000 -0.000000 -1.000000
vn 0.170923 -0.000000 -0.985284
vn 0.336816 -0.000000 -0.941571
vn 0.492796 -0.000000 -0.870145
vn 0.634272 -0.000000 -0.773110
vn 0.757081 -0.000000 -0.653322
vn 0.857607 -0.000000 -0.514305
vn 0.932894 -0.000000 -0.360151
vn 0.980724 -0.000000 -0.195398
vn 0.995169 -0.000000 -0.098173
vn 1.000000 -0.000000 -0.000000
vn 0.985284 0.000000 0.170923
vn 0.941571 0.000000 0.336816
vn 0.870145 0.000000 0.492796
vn 0.773110 0.000000 0.634272
vn 0.653322 0.000000 0.757081
vn 0.514305 0.000000 0.857607
vn 0.360151 0.000000 0.932894
vn 0.195398 0.000000 0.980724
vn 0.098173 0.000000 0.995169
vn 0.000000 0.000000 1.000000
vn 0.000000 0.000000 1.000000
vn 1.000000 -0.000000 -0.000000
vn 0.984808 0.000000 0.173648
vn 0.939693 0.000000 0.342020
vn 0.866025 0.000000 0.500000
vn 0.766044 0.000000 0.642788
vn 0.642788 0.000000 0.766044
vn 0.500000 0.000000 0.866025
vn 0.342020 0.000000 0.939693
vn 0.173648 0.000000 0.984808
vn 0.173648 -0.000000 -0.984808
vn 0.342020 -0.000000 -0.939693
vn 0.500000 -0.000000 -0.866025
vn 0.642788 -0.000000 -0.766044
vn 0.766044 -0.000000 -0.642788
vn 0.866025 -0.000000 -0.500000
vn 0.939693 -0.000000 -0.342020
vn 0.984808 -0.000000 -0.173648
f 3846//3846 3847//3847 3845//3845
f 3877//3877 3848//3848 3847//3847
f 3877//3877 3847//3847 3846//3846
f 3878//3878 3849//3849 3848//3848
f 3878//3878 3848//3848 3877//3877
f 3879//3879 3850//3850 3849//3849
f 3879//3879 3849//3849 3878//3878
f 3880//3880 3851//3851 3850//3850
f 3880//3880 3850//3850 3879//3879
f 3881//3881 3852//3852 3851//3851
f 3881//3881 3851//3851 3880//3880
f 3882//3882 3853//3853 3852//3852
f 3882//3882 3852//3852 3881//3881
f 3883//3883 3854//3854 3853//3853
f 3883//3883 3853//3853 3882//3882
f 3884//3884 3855//3855 3854//3854
f 3884//3884 3854//3854 3883//3883
f 3868//3868 3856//3856 3855//3855
f 3868//3868 3857//3857 3856//3856
f 3868//3868 3855//3855 3884//3884
f 3869//3869 3858//3858 3857//3857
f 3869//3869 3857//3857 3868//3868
f 3870//3870 3859//3859 3858//3858
f 3870//3870 3858//3858 3869//3869
f 3871//3871 3860//3860 3859//3859
f 3871//3871 3859//3859 3870//3870
f 3872//3872 3861//3861 3860//3860
f 3872//3872 3860//3860 3871//3871
f 3873//3873 3861//3861 3872//3872
f 3873//3873 3862//3862 3861//3861
f 3874//3874 3862//3862 3873//3873
f 3874//3874 3863//3863 3862//3862
f 3875//3875 3863//3863 3874//3874
f 3875//3875 3864//3864 3863//3863
f 3876//3876 3864//3864 3875//3875
f 3876//3876 3865//3865 3864//3864
f 3867//3867 3866//3866 3865//3865
f 3867//3867 3865//3865 3876//3876
v -377.000000 268.000000 133.899994
v -377.000000 250.000000 133.899994
v -376.128326 268.000000 133.975052
v -375.282196 268.000000 134.198013
v -374.486694 268.000000 134.562286
v -373.765228 268.000000 135.057144
v -373.138855 268.000000 135.668121
v -372.626160 268.000000 136.377106
v -372.242249 268.000000 137.163254
v -371.998322 268.000000 138.003510
v -371.924622 268.000000 138.499344
v -371.899994 268.000000 139.000000
v -371.975067 268.000000 139.871674
v -372.198029 268.000000 140.717804
v -372.562286 268.000000 141.513306
v -373.057129 268.000000 142.234772
v -373.668121 268.000000 142.861145
v -374.377136 268.000000 143.373840
v -375.163239 268.000000 143.757767
v -376.003510 268.000000 144.001694
v -376.499359 268.000000 144.075363
v -377.000000 268.000000 144.100006
v -377.000000 250.000000 144.100006
v -371.899994 250.000000 139.000000
v -371.977478 250.000000 139.885605
v -372.207581 250.000000 140.744308
v -372.583282 250.000000 141.550003
v -373.093170 250.000000 142.278214
v -373.721771 250.000000 142.906830
v -374.450012 250.000000 143.416733
v -375.255707 250.000000 143.792435
v -376.114380 250.000000 144.022522
v -376.114380 250.000000 133.977478
v -375.255707 250.000000 134.207565
v -374.450012 250.000000 134.583267
v -373.721771 250.000000 135.093170
v -373.093170 250.000000 135.721786
v -372.583282 250.000000 136.449997
v -372.207581 250.000000 137.255692
v -371.977478 250.000000 138.114395
vn 0.000000 -0.000000 1.000000
vn 0.000000 -0.000000 1.000000
vn -0.170923 -0.000000 0.985284
vn -0.336816 -0.000000 0.941571
vn -0.492796 -0.000000 0.870145
vn -0.634272 -0.000000 0.773110
vn -0.757081 -0.000000 0.653322
vn -0.857607 -0.000000 0.514305
vn -0.932894 -0.000000 0.360151
vn -0.980724 -0.000000 0.195398
vn -0.995169 -0.000000 0.098173
vn -1.000000 -0.000000 -0.000000
vn -0.985284 -0.000000 -0.170923
vn -0.941571 -0.000000 -0.336816
vn -0.870145 -0.000000 -0.492796
vn -0.773110 -0.000000 -0.634272
vn -0.653322 -0.000000 -0.757081
vn -0.514305 -0.000000 -0.857607
vn -0.360151 -0.000000 -0.932894
vn -0.195398 -0.000000 -0.980724
vn -0.098173 -0.000000 -0.995169
vn -0.000000 -0.000000 -1.000000
vn 0.000000 0.000000 -1.000000
vn -1.000000 -0.000000 0.000000
vn -0.984808 -0.000000 -0.173648
vn -0.939693 -0.000000 -0.342020
vn -0.866025 -0.000000 -0.500000
vn -0.766044 -0.000000 -0.642788
vn -0.642788 -0.000000 -0.766044
vn -0.500000 -0.000000 -0.866025
vn -0.342020 -0.000000 -0.939693
vn -0.173648 -0.000000 -0.984808
vn -0.173648 -0.000000 0.984808
vn -0.342020 -0.000000 0.939693
vn -0.500000 -0.000000 0.866025
vn -0.642788 -0.000000 0.766044
vn -0.766044 -0.000000 0.642788
vn -0.866025 -0.000000 0.500000
vn -0.939693 -0.000000 0.342020
vn -0.984808 -0.000000 0.173648
f 3886//3886 3887//3887 3885//3885
f 3917//3917 3888//3888 3887//3887
f 3917//3917 3887//3887 3886//3886
f 3918//3918 3889//3889 3888//3888
f 3918//3918 3888//3888 3917//3917
f 3919//3919 3890//3890 3889//3889
f 3919//3919 3889//3889 3918//3918
f 3920//3920 3891//3891 3890//3890
f 3920//3920 3890//3890 3919//3919
f 3921//3921 3892//3892 3891//3891
f 3921//3921 3891//3891 3920//3920
f 3922//3922 3893//3893 3892//3892
f 3922//3922 3892//3892 3921//3921
f 3923//3923 3894//3894 3893//3893
f 3923//3923 3893//3893 3922//3922
f 3924//3924 3895//3895 3894//3894
f 3924//3924 3894//3894 3923//3923
f 3908//3908 3896//3896 3895//3895
f 3908//3908 3897//3897 3896//3896
f 3908//3908 3895//3895 3924//3924
f 3909//3909 3898//3898 3897//3897
f 3909//3909 3897//3897 3908//3908
f 3910//3910 3899//3899 3898//3898
f 3910//3910 3898//3898 3909//3909
f 3911//3911 3900//3900 3899//3899
f 3911//3911 3899//3899 3910//3910
f 3912//3912 3901//3901 3900//3900
f 3912//3912 3900//3900 3911//3911
f 3913//3913 3901//3901 3912//3912
f 3913//3913 3902//3902 3901//3901
f 3914//3914 3902//3902 3913//3913
f 3914//3914 3903//3903 3902//3902
f 3915//3915 3903//3903 3914//3914
f 3915//3915 3904//3904 3903//3903
f 3916//3916 3904//3904 3915//3915
f 3916//3916 3905//3905 3904//3904
f 3907//3907 3906//3906 3905//3905
f 3907//3907 3905//3905 3916//3916
v -377.000000 268.000000 144.100006
v -377.000000 250.000000 144.100006
v -377.871674 268.000000 144.024948
v -378.717804 268.000000 143.801987
v -379.513306 268.000000 143.437714
v -380.234772 268.000000 142.942856
v -380.861145 268.000000 142.331879
v -381.373840 268.000000 141.622894
v -381.757751 268.000000 140.836746
v -382.001678 268.000000 139.996490
v -382.075378 268.000000 139.500656
v -382.100006 268.000000 139.000000
v -382.024933 268.000000 138.128326
v -381.801971 268.000000 137.282196
v -381.437714 268.000000 136.486694
v -380.942871 268.000000 135.765228
v -380.331879 268.000000 135.138855
v -379.622864 268.000000 134.626160
v -378.836761 268.000000 134.242233
v -377.996490 268.000000 133.998306
v -377.500641 268.000000 133.924637
v -377.000000 268.000000 133.899994
v -377.000000 250.000000 133.899994
v -382.100006 250.000000 139.000000
v -382.022522 250.000000 138.114395
v -381.792419 250.000000 137.255692
v -381.416718 250.000000 136.449997
v -380.906830 250.000000 135.721786
v -380.278229 250.000000 135.093170
v -379.549988 250.000000 134.583267
v -378.744293 250.000000 134.207565
v -377.885620 250.000000 133.977478
v -377.885620 250.000000 144.022522
v -378.744293 250.000000 143.792435
v -379.549988 250.000000 143.416733
v -380.278229 250.000000 142.906830
v -380.906830 250.000000 142.278214
v -381.416718 250.000000 141.550003
v -381.792419 250.000000 140.744308
v -382.022522 250.000000 139.885605
vn -0.000000 -0.000000 -1.000000
vn -0.000000 -0.000000 -1.000000
vn 0.170923 -0.000000 -0.985284
vn 0.336816 -0.000000 -0.941571
vn 0.492796 -0.000000 -0.870145
vn 0.634272 -0.000000 -0.773110
vn 0.757081 -0.000000 -0.653322
vn 0.857607 -0.000000 -0.514305
vn 0.932894 -0.000000 -0.360151
vn 0.980724 -0.000000 -0.195398
vn 0.995169 -0.000000 -0.098173
vn 1.000000 -0.000000 -0.000000
vn 0.985284 0.000000 0.170923
vn 0.941571 0.000000 0.336816
vn 0.870145 0.000000 0.492796
vn 0.773110 0.000000 0.634272
vn 0.653322 0.000000 0.757081
vn 0.514305 0.000000 0.857607
vn 0.360151 0.000000 0.932894
vn 0.195398 0.000000 0.980724
vn 0.098173 0.000000 0.995169
vn 0.000000 0.000000 1.000000
vn 0.000000 0.000000 1.000000
vn 1.000000 -0.000000 -0.000000
vn 0.984808 0.000000 0.173648
vn 0.939693 0.000000 0.342020
vn 0.866025 0.000000 0.500000
vn 0.766044 0.000000 0.642788
vn 0.642788 0.000000 0.766044
vn 0.500000 0.000000 0.866025
vn 0.342020 0.000000 0.939693
vn 0.173648 0.000000 0.984808
vn 0.173648 -0.000000 -0.984808
vn 0.342020 -0.000000 -0.939693
vn 0.500000 -0.000000 -0.866025
vn 0.642788 -0.000000 -0.766044
vn 0.766044 -0.000000 -0.642788
vn 0.866025 -0.000000 -0.500000
vn 0.939693 -0.000000 -0.342020
vn 0.984808 -0.000000 -0.173648
f 3926//3926 3927//3927 3925//3925
f 3957//3957 3928//3928 3927//3927
f 3957//3957 3927//3927 3926//3926
f 3958//3958 3929//3929 3928//3928
f 3958//3958 3928//3928 3957//3957
f 3959//3959 3930//3930 3929//3929
f 3959//3959 3929//3929 3958//3958
f 3960//3960 3931//3931 3930//3930
f 3960//3960 3930//3930 3959//3959
f 3961//3961 3932//3932 3931//3931
f 3961//3961 3931//3931 3960//3960
f 3962//3962 3933//3933 3932//3932
f 3962//3962 3932//3932 3961//3961
f 3963//3963 3934//3934 3933//3933
f 3963//3963 3933//3933 3962//3962
f 3964//3964 3935//3935 3934//3934
f 3964//3964 3934//3934 3963//3963
f 3948//3948 3936//3936 3935//3935
f 3948//3948 3937//3937 3936//3936
f 3948//3948 3935//3935 3964//3964
f 3949//3949 3938//3938 3937//3937
f 3949//3949 3937//3937 3948//3948
f 3950//3950 3939//3939 3938//3938
f 3950//3950 3938//3938 3949//3949
f 3951//3951 3940//3940 3939//3939
f 3951//3951 3939//3939 3950//3950
f 3952//3952 3941//3941 3940//3940
f 3952//3952 3940//3940 3951//3951
f 3953//3953 3941//3941 3952//3952
f 3953//3953 3942//3942 3941//3941
f 3954//3954 3942//3942 3953//3953
f 3954//3954 3943//3943 3942//3942
f 3955//3955 3943//3943 3954//3954
f 3955//3955 3944//3944 3943//3943
f 3956//3956 3944//3944 3955//3955
f 3956//3956 3945//3945 3944//3944
f 3947//3947 3946//3946 3945//3945
f 3947//3947 3945//3945 3956//3956
usemtl mat_2
v -361.000000 -268.000000 155.000000
v -361.000000 -260.000000 155.000000
v -393.000000 -268.000000 155.000000
v -393.000000 -260.000000 155.000000
vn -0.000000 -0.000000 1.000000
vn -0.000000 -0.000000 1.000000
vn -0.000000 -0.000000 1.000000
vn -0.000000 -0.000000 1.000000
f 3968//3968 3965//3965 3966//3966
f 3968//3968 3967//3967 3965//3965
v -358.000000 -232.000000 212.500000
v -406.000000 -232.000000 212.500000
v -406.000000 -260.000000 212.500000
v -358.000000 -260.000000 212.500000
v -365.899994 -245.000000 212.500000
v -365.975067 -245.871674 212.500000
v -366.198029 -246.717804 212.500000
v -366.562286 -247.513306 212.500000
v -367.057129 -248.234772 212.500000
v -367.668121 -248.861145 212.500000
v -368.377136 -249.373840 212.500000
v -369.163239 -249.757767 212.500000
v -370.003510 -250.001694 212.500000
v -370.499359 -250.075363 212.500000
v -371.000000 -250.100006 212.500000
v -371.871674 -250.024948 212.500000
v -372.717804 -249.801987 212.500000
v -373.513306 -249.437714 212.500000
v -374.234772 -248.942856 212.500000
v -374.861145 -248.331879 212.500000
v -375.373840 -247.622894 212.500000
v -375.757751 -246.836746 212.500000
v -376.001678 -245.996490 212.500000
v -376.075378 -245.500656 212.500000
v -376.100006 -245.000000 212.500000
v -376.024933 -244.128326 212.500000
v -375.801971 -243.282196 212.500000
v -375.437714 -242.486694 212.500000
v -374.942871 -241.765228 212.500000
v -374.331879 -241.138855 212.500000
v -373.622864 -240.626160 212.500000
v -372.836761 -240.242233 212.500000
v -371.996490 -239.998306 212.500000
v -371.500641 -239.924637 212.500000
v -371.000000 -239.899994 212.500000
v -370.128326 -239.975052 212.500000
v -369.282196 -240.198013 212.500000
v -368.486694 -240.562286 212.500000
v -367.765228 -241.057144 212.500000
v -367.138855 -241.668121 212.500000
v -366.626160 -242.377106 212.500000
v -366.242249 -243.163254 212.500000
v -365.998322 -244.003510 212.500000
v -365.924622 -244.499344 212.500000
v -387.899994 -245.000000 212.500000
v -387.975067 -245.871674 212.500000
v -388.198029 -246.717804 212.500000
v -388.562286 -247.513306 212.500000
v -389.057129 -248.234772 212.500000
v -389.668121 -248.861145 212.500000
v -390.377136 -249.373840 212.500000
v -391.163239 -249.757767 212.500000
v -392.003510 -250.001694 212.500000
v -392.499359 -250.075363 212.500000
v -393.000000 -250.100006 212.500000
v -393.871674 -250.024948 212.500000
v -394.717804 -249.801987 212.500000
v -395.513306 -249.437714 212.500000
v -396.234772 -248.942856 212.500000
v -396.861145 -248.331879 212.500000
v -397.373840 -247.622894 212.500000
v -397.757751 -246.836746 212.500000
v -398.001678 -245.996490 212.500000
v -398.075378 -245.500656 212.500000
v -398.100006 -245.000000 212.500000
v -398.024933 -244.128326 212.500000
v -397.801971 -243.282196 212.500000
v -397.437714 -242.486694 212.500000
v -396.942871 -241.765228 212.500000
v -396.331879 -241.138855 212.500000
v -395.622864 -240.626160 212.500000
v -394.836761 -240.242233 212.500000
v -393.996490 -239.998306 212.500000
v -393.500641 -239.924637 212.500000
v -393.000000 -239.899994 212.500000
v -392.128326 -239.975052 212.500000
v -391.282196 -240.198013 212.500000
v -390.486694 -240.562286 212.500000
v -389.765228 -241.057144 212.500000
v -389.138855 -241.668121 212.500000
v -388.626160 -242.377106 212.500000
v -388.242249 -243.163254 212.500000
v -387.998322 -244.003510 212.500000
v -387.924622 -244.499344 212.500000
vn 0.000000 0.000000 1.000000
vn 0.000000 0.000000 1.000000
vn 0.000000 0.000000 1.000000
vn 0.000000 0.000000 1.000000
vn 0.000000 0.000000 1.000000
vn 0.000000 0.000000 1.000000
vn 0.000000 0.000000 1.000000
vn 0.000000 0.000000 1.000000
vn 0.000000 0.000000 1.000000
vn 0.000000 0.000000 1.000000
vn 0.000000 0.000000 1.000000
vn 0.000000 0.000000 1.000000
vn 0.000000 0.000000 1.000000
vn 0.000000 0.000000 1.000000
vn 0.000000 0.000000 1.000000
vn 0.000000 0.000000 1.000000
vn 0.000000 0.000000 1.000000
vn 0.000000 0.000000 1.000000
vn 0.000000 0.000000 1.000000
vn 0.000000 0.000000 1.000000
vn 0.000000 0.000000 1.000000
vn 0.000000 0.000000 1.000000
vn 0.000000 0.000000 1.000000
vn 0.000000 0.000000 1.000000
vn 0.000000 0.000000 1.000000
vn 0.000000 0.000000 1.000000
vn 0.000000 0.000000 1.000000
vn 0.000000 0.000000 1.000000
vn 0.000000 0.000000 1.000000
vn 0.000000 0.000000 1.000000
vn 0.000000 0.000000 1.000000
vn 0.000000 0.000000 1.000000
vn 0.000000 0.000000 1.000000
vn 0.000000 0.000000 1.000000
vn 0.000000 0.000000 1.000000
vn 0.000000 0.000000 1.000000
vn 0.000000 0.000000 1.000000
vn 0.000000 0.000000 1.000000
vn 0.000000 0.000000 1.000000
vn 0.000000 0.000000 1.000000
vn 0.000000 0.000000 1.000000
vn 0.000000 0.000000 1.000000
vn 0.000000 0.000000 1.000000
vn 0.000000 0.000000 1.000000
vn 0.000000 0.000000 1.000000
vn 0.000000 0.000000 1.000000
vn 0.000000 0.000000 1.000000
vn 0.000000 0.000000 1.000000
vn 0.000000 0.000000 1.000000
vn 0.000000 0.000000 1.000000
vn 0.000000 0.000000 1.000000
vn 0.000000 0.000000 1.000000
vn 0.000000 0.000000 1.000000
vn 0.000000 0.000000 1.000000
vn 0.000000 0.000000 1.000000
vn 0.000000 0.000000 1.000000
vn 0.000000 0.000000 1.000000
vn 0.000000 0.000000 1.000000
vn 0.000000 0.000000 1.000000
vn 0.000000 0.000000 1.000000
vn 0.000000 0.000000 1.000000
vn 0.000000 0.000000 1.000000
vn 0.000000 0.000000 1.000000
vn 0.000000 0.000000 1.000000
vn 0.000000 0.000000 1.000000
vn 0.000000 0.000000 1.000000
vn 0.000000 0.000000 1.000000
vn 0.000000 0.000000 1.000000
vn 0.000000 0.000000 1.000000
vn 0.000000 0.000000 1.000000
vn 0.000000 0.000000 1.000000
vn 0.000000 0.000000 1.000000
vn 0.000000 0.000000 1.000000
vn 0.000000 0.000000 1.000000
vn 0.000000 0.000000 1.000000
vn 0.000000 0.000000 1.000000
vn 0.000000 0.000000 1.000000
vn 0.000000 0.000000 1.000000
vn 0.000000 0.000000 1.000000
vn 0.000000 0.000000 1.000000
vn 0.000000 0.000000 1.000000
vn 0.000000 0.000000 1.000000
vn 0.000000 0.000000 1.000000
vn 0.000000 0.000000 1.000000
f 4027//4027 4028//4028 3971//3971
f 4029//4029 3971//3971 4028//4028
f 4026//4026 4027//4027 3971//3971
f 4030//4030 3971//3971 4029//4029
f 4025//4025 4026//4026 3971//3971
f 4031//4031 3971//3971 4030//4030
f 4024//4024 4025//4025 3971//3971
f 4032//4032 3971//3971 4031//4031
f 4033//4033 3971//3971 4032//4032
f 4023//4023 4024//4024 3971//3971
f 4022//4022 4023//4023 3971//3971
f 4021//4021 4022//4022 3971//3971
f 4020//4020 4021//4021 3971//3971
f 3970//3970 3971//3971 4033//4033
f 3970//3970 4033//4033 4034//4034
f 3970//3970 4034//4034 4035//4035
f 3970//3970 4035//4035 4036//4036
f 3970//3970 4036//4036 4037//4037
f 4038//4038 3970//3970 4037//4037
f 4039//4039 3970//3970 4038//4038
f 4040//4040 3970//3970 4039//4039
f 4041//4041 3970//3970 4040//4040
f 4042//4042 3970//3970 4041//4041
f 4043//4043 3970//3970 4042//4042
f 4044//4044 3970//3970 4043//4043
f 3988//3988 4017//4017 4018//4018
f 3987//3987 3988//3988 4018//4018
f 3987//3987 4018//4018 4019//4019
f 3989//3989 4017//4017 3988//3988
f 3989//3989 4016//4016 4017//4017
f 3986//3986 4019//4019 4020//4020
f 3986//3986 3987//3987 4019//4019
f 3990//3990 4015//4015 4016//4016
f 3990//3990 4016//4016 3989//3989
f 3985//3985 4020//4020 3971//3971
f 3985//3985 3986//3986 4020//4020
f 3991//3991 4014//4014 4015//4015
f 3991//3991 4015//4015 3990//3990
f 3992//3992 4014//4014 3991//3991
f 3992//3992 4013//4013 4014//4014
f 3993//3993 4013//4013 3992//3992
f 3993//3993 4052//4052 4013//4013
f 3994//3994 4051//4051 4052//4052
f 3994//3994 4052//4052 3993//3993
f 3995//3995 4051//4051 3994//3994
f 3995//3995 4050//4050 4051//4051
f 3972//3972 3980//3980 3981//3981
f 3972//3972 3981//3981 3982//3982
f 3972//3972 3982//3982 3983//3983
f 3972//3972 3983//3983 3984//3984
f 3972//3972 3984//3984 3985//3985
f 3972//3972 3985//3985 3971//3971
f 3996//3996 4050//4050 3995//3995
f 3996//3996 4049//4049 4050//4050
f 3979//3979 3980//3980 3972//3972
f 3997//3997 4049//4049 3996//3996
f 3997//3997 4048//4048 4049//4049
f 3978//3978 3979//3979 3972//3972
f 3998//3998 4048//4048 3997//3997
f 3998//3998 4047//4047 4048//4048
f 3977//3977 3978//3978 3972//3972
f 3999//3999 4047//4047 3998//3998
f 3999//3999 4046//4046 4047//4047
f 3976//3976 3977//3977 3972//3972
f 4000//4000 4046//4046 3999//3999
f 4000//4000 4045//4045 4046//4046
f 3975//3975 3976//3976 3972//3972
f 3974//3974 3975//3975 3972//3972
f 3973//3973 3974//3974 3972//3972
f 3969//3969 3973//3973 3972//3972
f 3969//3969 4001//4001 4002//4002
f 3969//3969 4002//4002 4003//4003
f 3969//3969 4003//4003 4004//4004
f 3969//3969 4004//4004 4005//4005
f 3969//3969 4005//4005 4006//4006
f 3969//3969 4006//4006 4007//4007
f 3969//3969 4007//4007 4008//4008
f 3969//3969 4008//4008 4009//4009
f 3969//3969 4009//4009 4010//4010
f 3969//3969 4010//4010 4011//4011
f 3969//3969 4011//4011 4012//4012
f 3969//3969 4012//4012 3973//3973
f 3969//3969 3970//3970 4044//4044
f 3969//3969 4044//4044 4045//4045
f 3969//3969 4045//4045 4001//4001
f 4001//4001 4045//4045 4000//4000
usemtl mat_4
v -377.000000 -278.000000 43.000000
v -377.000000 -268.000000 43.000000
v -376.061401 -268.000000 43.073872
v -375.145905 -268.000000 43.293659
v -374.276062 -268.000000 43.653961
v -373.473297 -268.000000 44.145897
v -372.757355 -268.000000 44.757359
v -372.145905 -268.000000 45.473289
v -371.653961 -268.000000 46.276058
v -371.293671 -268.000000 47.145897
v -371.073883 -268.000000 48.061394
v -371.000000 -268.000000 49.000000
v -371.073883 -268.000000 49.938606
v -371.293671 -268.000000 50.854103
v -371.653961 -268.000000 51.723942
v -372.145905 -268.000000 52.526711
v -372.757355 -268.000000 53.242641
v -373.473297 -268.000000 53.854103
v -374.276062 -268.000000 54.346039
v -375.145905 -268.000000 54.706341
v -376.061401 -268.000000 54.926128
v -377.000000 -268.000000 55.000000
v -377.000000 -278.000000 55.000000
v -375.958099 -278.000000 54.908848
v -374.947876 -278.000000 54.638157
v -374.000000 -278.000000 54.196152
v -373.143280 -278.000000 53.596268
v -372.403748 -278.000000 52.856724
v -371.803833 -278.000000 52.000000
v -371.361847 -278.000000 51.052120
v -371.091156 -278.000000 50.041889
v -371.000000 -278.000000 49.000000
v -371.091156 -278.000000 47.958111
v -371.361847 -278.000000 46.947880
v -371.803833 -278.000000 46.000000
v -372.403748 -278.000000 45.143276
v -373.143280 -278.000000 44.403732
v -374.000000 -278.000000 43.803848
v -374.947876 -278.000000 43.361843
v -375.958099 -278.000000 43.091152
vn 0.000000 0.000000 -1.000000
vn 0.000000 0.000000 -1.000000
vn 0.156434 0.000000 -0.987688
vn 0.309017 0.000000 -0.951057
vn 0.453990 0.000000 -0.891007
vn 0.587785 0.000000 -0.809017
vn 0.707107 0.000000 -0.707107
vn 0.809017 0.000000 -0.587785
vn 0.891007 0.000000 -0.453990
vn 0.951057 0.000000 -0.309017
vn 0.987688 0.000000 -0.156434
vn 1.000000 0.000000 -0.000000
vn 0.987688 0.000000 0.156434
vn 0.951057 0.000000 0.309017
vn 0.891007 0.000000 0.453990
vn 0.809017 0.000000 0.587785
vn 0.707107 0.000000 0.707107
vn 0.587785 0.000000 0.809017
vn 0.453990 0.000000 0.891007
vn 0.309017 0.000000 0.951057
vn 0.156434 0.000000 0.987688
vn 0.000000 0.000000 1.000000
vn 0.000000 0.000000 1.000000
vn 0.173648 0.000000 0.984808
vn 0.342020 0.000000 0.939693
vn 0.500000 0.000000 0.866025
vn 0.642788 0.000000 0.766044
vn 0.766044 0.000000 0.642788
vn 0.866025 0.000000 0.500000
vn 0.939693 0.000000 0.342020
vn 0.984808 0.000000 0.173648
vn 1.000000 0.000000 0.000000
vn 0.984808 0.000000 -0.173648
vn 0.939693 0.000000 -0.342020
vn 0.866025 0.000000 -0.500000
vn 0.766044 0.000000 -0.642788
vn 0.642788 0.000000 -0.766044
vn 0.500000 0.000000 -0.866025
vn 0.342020 0.000000 -0.939693
vn 0.173648 0.000000 -0.984808
f 4073//4073 4074//4074 4075//4075
f 4073//4073 4075//4075 4076//4076
f 4072//4072 4076//4076 4077//4077
f 4072//4072 4073//4073 4076//4076
f 4071//4071 4077//4077 4078//4078
f 4071//4071 4072//4072 4077//4077
f 4070//4070 4078//4078 4079//4079
f 4070//4070 4071//4071 4078//4078
f 4069//4069 4079//4079 4080//4080
f 4069//4069 4070//4070 4079//4079
f 4068//4068 4080//4080 4081//4081
f 4068//4068 4069//4069 4080//4080
f 4067//4067 4081//4081 4082//4082
f 4067//4067 4068//4068 4081//4081
f 4066//4066 4082//4082 4083//4083
f 4066//4066 4067//4067 4082//4082
f 4065//4065 4083//4083 4084//4084
f 4065//4065 4066//4066 4083//4083
f 4064//4064 4065//4065 4084//4084
f 4063//4063 4084//4084 4085//4085
f 4063//4063 4064//4064 4084//4084
f 4062//4062 4085//4085 4086//4086
f 4062//4062 4063//4063 4085//4085
f 4061//4061 4086//4086 4087//4087
f 4061//4061 4062//4062 4086//4086
f 4060//4060 4087//4087 4088//4088
f 4060//4060 4061//4061 4087//4087
f 4059//4059 4060//4060 4088//4088
f 4059//4059 4088//4088 4089//4089
f 4058//4058 4059//4059 4089//4089
f 4058//4058 4089//4089 4090//4090
f 4057//4057 4058//4058 4090//4090
f 4057//4057 4090//4090 4091//4091
f 4056//4056 4057//4057 4091//4091
f 4056//4056 4091//4091 4092//4092
f 4055//4055 4056//4056 4092//4092
f 4055//4055 4092//4092 4053//4053
f 4054//4054 4055//4055 4053//4053
v -377.000000 -278.000000 55.000000
v -377.000000 -268.000000 55.000000
v -377.938599 -268.000000 54.926128
v -378.854095 -268.000000 54.706341
v -379.723938 -268.000000 54.346039
v -380.526703 -268.000000 53.854103
v -381.242645 -268.000000 53.242641
v -381.854095 -268.000000 52.526711
v -382.346039 -268.000000 51.723942
v -382.706329 -268.000000 50.854103
v -382.926117 -268.000000 49.938606
v -383.000000 -268.000000 49.000000
v -382.926117 -268.000000 48.061394
v -382.706329 -268.000000 47.145897
v -382.346039 -268.000000 46.276058
v -381.854095 -268.000000 45.473289
v -381.242645 -268.000000 44.757359
v -380.526703 -268.000000 44.145897
v -379.723938 -268.000000 43.653961
v -378.854095 -268.000000 43.293659
v -377.938599 -268.000000 43.073872
v -377.000000 -268.000000 43.000000
v -377.000000 -278.000000 43.000000
v -378.041901 -278.000000 43.091152
v -379.052124 -278.000000 43.361843
v -380.000000 -278.000000 43.803848
v -380.856720 -278.000000 44.403732
v -381.596252 -278.000000 45.143276
v -382.196167 -278.000000 46.000000
v -382.638153 -278.000000 46.947880
v -382.908844 -278.000000 47.958111
v -383.000000 -278.000000 49.000000
v -382.908844 -278.000000 50.041889
v -382.638153 -278.000000 51.052120
v -382.196167 -278.000000 52.000000
v -381.596252 -278.000000 52.856724
v -380.856720 -278.000000 53.596268
v -380.000000 -278.000000 54.196152
v -379.052124 -278.000000 54.638157
v -378.041901 -278.000000 54.908848
vn 0.000000 -0.000000 1.000000
vn -0.000000 0.000000 1.000000
vn -0.156434 0.000000 0.987688
vn -0.309017 0.000000 0.951057
vn -0.453990 0.000000 0.891007
vn -0.587785 0.000000 0.809017
vn -0.707107 0.000000 0.707107
vn -0.809017 0.000000 0.587785
vn -0.891007 0.000000 0.453990
vn -0.951057 0.000000 0.309017
vn -0.987688 0.000000 0.156434
vn -1.000000 0.000000 0.000000
vn -0.987688 0.000000 -0.156434
vn -0.951057 0.000000 -0.309017
vn -0.891007 0.000000 -0.453990
vn -0.809017 0.000000 -0.587785
vn -0.707107 0.000000 -0.707107
vn -0.587785 0.000000 -0.809017
vn -0.453990 0.000000 -0.891007
vn -0.309017 0.000000 -0.951057
vn -0.156434 0.000000 -0.987688
vn 0.000000 0.000000 -1.000000
vn 0.000000 0.000000 -1.000000
vn -0.173648 0.000000 -0.984808
vn -0.342020 0.000000 -0.939693
vn -0.500000 0.000000 -0.866025
vn -0.642788 0.000000 -0.766044
vn -0.766044 0.000000 -0.642788
vn -0.866025 0.000000 -0.500000
vn -0.939693 0.000000 -0.342020
vn -0.984808 0.000000 -0.173648
vn -1.000000 0.000000 0.000000
vn -0.984808 0.000000 0.173648
vn -0.939693 0.000000 0.342020
vn -0.866025 0.000000 0.500000
vn -0.766044 0.000000 0.642788
vn -0.642788 0.000000 0.766044
vn -0.500000 0.000000 0.866025
vn -0.342020 0.000000 0.939693
vn -0.173648 0.000000 0.984808
f 4113//4113 4114//4114 4115//4115
f 4113//4113 4115//4115 4116//4116
f 4112//4112 4116//4116 4117//4117
f 4112//4112 4113//4113 4116//4116
f 4111//4111 4117//4117 4118//4118
f 4111//4111 4112//4112 4117//4117
f 4110//4110 4118//4118 4119//4119
f 4110//4110 4111//4111 4118//4118
f 4109//4109 4119//4119 4120//4120
f 4109//4109 4110//4110 4119//4119
f 4108//4108 4120//4120 4121//4121
f 4108//4108 4109//4109 4120//4120
f 4107//4107 4121//4121 4122//4122
f 4107//4107 4108//4108 4121//4121
f 4106//4106 4122//4122 4123//4123
f 4106//4106 4107//4107 4122//4122
f 4105//4105 4123//4123 4124//4124
f 4105//4105 4106//4106 4123//4123
f 4104//4104 4105//4105 4124//4124
f 4103//4103 4124//4124 4125//4125
f 4103//4103 4104//4104 4124//4124
f 4102//4102 4125//4125 4126//4126
f 4102//4102 4103//4103 4125//4125
f 4101//4101 4126//4126 4127//4127
f 4101//4101 4102//4102 4126//4126
f 4100//4100 4127//4127 4128//4128
f 4100//4100 4101//4101 4127//4127
f 4099//4099 4100//4100 4128//4128
f 4099//4099 4128//4128 4129//4129
f 4098//4098 4099//4099 4129//4129
f 4098//4098 4129//4129 4130//4130
f 4097//4097 4098//4098 4130//4130
f 4097//4097 4130//4130 4131//4131
f 4096//4096 4097//4097 4131//4131
f 4096//4096 4131//4131 4132//4132
f 4095//4095 4096//4096 4132//4132
f 4095//4095 4132//4132 4093//4093
f 4094//4094 4095//4095 4093//4093
usemtl mat_3
v -377.000000 -268.000000 84.099998
v -377.000000 -250.000000 84.099998
v -376.128326 -268.000000 84.024940
v -375.282196 -268.000000 83.801979
v -374.486694 -268.000000 83.437721
v -373.765228 -268.000000 82.942856
v -373.138855 -268.000000 82.331879
v -372.626160 -268.000000 81.622887
v -372.242249 -268.000000 80.836754
v -371.998322 -268.000000 79.996498
v -371.924622 -268.000000 79.500648
v -371.899994 -268.000000 79.000000
v -371.975067 -268.000000 78.128326
v -372.198029 -268.000000 77.282188
v -372.562286 -268.000000 76.486702
v -373.057129 -268.000000 75.765221
v -373.668121 -268.000000 75.138855
v -374.377136 -268.000000 74.626152
v -375.163239 -268.000000 74.242241
v -376.003510 -268.000000 73.998314
v -376.499359 -268.000000 73.924637
v -377.000000 -268.000000 73.900002
v -377.000000 -250.000000 73.900002
v -371.899994 -250.000000 79.000000
v -371.977478 -250.000000 78.114395
v -372.207581 -250.000000 77.255699
v -372.583282 -250.000000 76.449997
v -373.093170 -250.000000 75.721786
v -373.721771 -250.000000 75.093170
v -374.450012 -250.000000 74.583267
v -375.255707 -250.000000 74.207565
v -376.114380 -250.000000 73.977478
v -376.114380 -250.000000 84.022522
v -375.255707 -250.000000 83.792435
v -374.450012 -250.000000 83.416733
v -373.721771 -250.000000 82.906830
v -373.093170 -250.000000 82.278214
v -372.583282 -250.000000 81.550003
v -372.207581 -250.000000 80.744301
v -371.977478 -250.000000 79.885605
vn 0.000000 -0.000000 -1.000000
vn 0.000000 -0.000000 -1.000000
vn -0.170923 0.000000 -0.985284
vn -0.336816 0.000000 -0.941571
vn -0.492796 0.000000 -0.870145
vn -0.634272 0.000000 -0.773110
vn -0.757081 0.000000 -0.653322
vn -0.857607 0.000000 -0.514305
vn -0.932894 0.000000 -0.360151
vn -0.980724 0.000000 -0.195398
vn -0.995169 0.000000 -0.098173
vn -1.000000 0.000000 -0.000000
vn -0.985284 -0.000000 0.170923
vn -0.941571 -0.000000 0.336816
vn -0.870145 -0.000000 0.492796
vn -0.773110 -0.000000 0.634272
vn -0.653322 -0.000000 0.757081
vn -0.514305 -0.000000 0.857607
vn -0.360151 -0.000000 0.932894
vn -0.195398 -0.000000 0.980724
vn -0.098173 -0.000000 0.995169
vn -0.000000 -0.000000 1.000000
vn -0.000000 -0.000000 1.000000
vn -1.000000 0.000000 -0.000000
vn -0.984808 -0.000000 0.173648
vn -0.939693 -0.000000 0.342020
vn -0.866025 -0.000000 0.500000
vn -0.766044 -0.000000 0.642788
vn -0.642788 -0.000000 0.766044
vn -0.500000 -0.000000 0.866025
vn -0.342020 -0.000000 0.939693
vn -0.173648 -0.000000 0.984808
vn -0.173648 0.000000 -0.984808
vn -0.342020 0.000000 -0.939693
vn -0.500000 0.000000 -0.866025
vn -0.642788 0.000000 -0.766044
vn -0.766044 0.000000 -0.642788
vn -0.866025 0.000000 -0.500000
vn -0.939693 0.000000 -0.342020
vn -0.984808 0.000000 -0.173648
f 4134//4134 4135//4135 4133//4133
f 4165//4165 4136//4136 4135//4135
f 4165//4165 4135//4135 4134//4134
f 4166//4166 4137//4137 4136//4136
f 4166//4166 4136//4136 4165//4165
f 4167//4167 4138//4138 4137//4137
f 4167//4167 4137//4137 4166//4166
f 4168//4168 4139//4139 4138//4138
f 4168//4168 4138//4138 4167//4167
f 4169//4169 4140//4140 4139//4139
f 4169//4169 4139//4139 4168//4168
f 4170//4170 4141//4141 4140//4140
f 4170//4170 4140//4140 4169//4169
f 4171//4171 4142//4142 4141//4141
f 4171//4171 4141//4141 4170//4170
f 4172//4172 4143//4143 4142//4142
f 4172//4172 4142//4142 4171//4171
f 4156//4156 4144//4144 4143//4143
f 4156//4156 4145//4145 4144//4144
f 4156//4156 4143//4143 4172//4172
f 4157//4157 4146//4146 4145//4145
f 4157//4157 4145//4145 4156//4156
f 4158//4158 4147//4147 4146//4146
f 4158//4158 4146//4146 4157//4157
f 4159//4159 4148//4148 4147//4147
f 4159//4159 4147//4147 4158//4158
f 4160//4160 4149//4149 4148//4148
f 4160//4160 4148//4148 4159//4159
f 4161//4161 4149//4149 4160//4160
f 4161//4161 4150//4150 4149//4149
f 4162//4162 4150//4150 4161//4161
f 4162//4162 4151//4151 4150//4150
f 4163//4163 4151//4151 4162//4162
f 4163//4163 4152//4152 4151//4151
f 4164//4164 4152//4152 4163//4163
f 4164//4164 4153//4153 4152//4152
f 4155//4155 4154//4154 4153//4153
f 4155//4155 4153//4153 4164//4164
v -377.000000 -268.000000 73.900002
v -377.000000 -250.000000 73.900002
v -377.871674 -268.000000 73.975060
v -378.717804 -268.000000 74.198021
v -379.513306 -268.000000 74.562279
v -380.234772 -268.000000 75.057144
v -380.861145 -268.000000 75.668121
v -381.373840 -268.000000 76.377113
v -381.757751 -268.000000 77.163246
v -382.001678 -268.000000 78.003502
v -382.075378 -268.000000 78.499352
v -382.100006 -268.000000 79.000000
v -382.024933 -268.000000 79.871674
v -381.801971 -268.000000 80.717812
v -381.437714 -268.000000 81.513298
v -380.942871 -268.000000 82.234779
v -380.331879 -268.000000 82.861145
v -379.622864 -268.000000 83.373848
v -378.836761 -268.000000 83.757759
v -377.996490 -268.000000 84.001686
v -377.500641 -268.000000 84.075363
v -377.000000 -268.000000 84.099998
v -377.000000 -250.000000 84.099998
v -382.100006 -250.000000 79.000000
v -382.022522 -250.000000 79.885605
v -381.792419 -250.000000 80.744301
v -381.416718 -250.000000 81.550003
v -380.906830 -250.000000 82.278214
v -380.278229 -250.000000 82.906830
v -379.549988 -250.000000 83.416733
v -378.744293 -250.000000 83.792435
v -377.885620 -250.000000 84.022522
v -377.885620 -250.000000 73.977478
v -378.744293 -250.000000 74.207565
v -379.549988 -250.000000 74.583267
v -380.278229 -250.000000 75.093170
v -380.906830 -250.000000 75.721786
v -381.416718 -250.000000 76.449997
v -381.792419 -250.000000 77.255699
v -382.022522 -250.000000 78.114395
vn -0.000000 -0.000000 1.000000
vn -0.000000 -0.000000 1.000000
vn 0.170923 -0.000000 0.985284
vn 0.336816 -0.000000 0.941571
vn 0.492796 -0.000000 0.870145
vn 0.634272 -0.000000 0.773110
vn 0.757081 -0.000000 0.653322
vn 0.857607 -0.000000 0.514305
vn 0.932894 -0.000000 0.360151
vn 0.980724 -0.000000 0.195398
vn 0.995169 -0.000000 0.098173
vn 1.000000 -0.000000 0.000000
vn 0.985284 -0.000000 -0.170923
vn 0.941571 -0.000000 -0.336816
vn 0.870145 -0.000000 -0.492796
vn 0.773110 -0.000000 -0.634272
vn 0.653322 -0.000000 -0.757081
vn 0.514305 -0.000000 -0.857607
vn 0.360151 -0.000000 -0.932894
vn 0.195398 -0.000000 -0.980724
vn 0.098173 -0.000000 -0.995169
vn 0.000000 -0.000000 -1.000000
vn 0.000000 -0.000000 -1.000000
vn 1.000000 -0.000000 0.000000
vn 0.984808 -0.000000 -0.173648
vn 0.939693 -0.000000 -0.342020
vn 0.866025 -0.000000 -0.500000
vn 0.766044 -0.000000 -0.642788
vn 0.642788 -0.000000 -0.766044
vn 0.500000 -0.000000 -0.866025
vn 0.342020 -0.000000 -0.939693
vn 0.173648 -0.000000 -0.984808
vn 0.173648 -0.000000 0.984808
vn 0.342020 -0.000000 0.939693
vn 0.500000 -0.000000 0.866025
vn 0.642788 -0.000000 0.766044
vn 0.766044 -0.000000 0.642788
vn 0.866025 -0.000000 0.500000
vn 0.939693 -0.000000 0.342020
vn 0.984808 -0.000000 0.173648
f 4174//4174 4175//4175 4173//4173
f 4205//4205 4176//4176 4175//4175
f 4205//4205 4175//4175 4174//4174
f 4206//4206 4177//4177 4176//4176
f 4206//4206 4176//4176 4205//4205
f 4207//4207 4178//4178 4177//4177
f 4207//4207 4177//4177 4206//4206
f 4208//4208 4179//4179 4178//4178
f 4208//4208 4178//4178 4207//4207
f 4209//4209 4180//4180 4179//4179
f 4209//4209 4179//4179 4208//4208
f 4210//4210 4181//4181 4180//4180
f 4210//4210 4180//4180 4209//4209
f 4211//4211 4182//4182 4181//4181
f 4211//4211 4181//4181 4210//4210
f 4212//4212 4183//4183 4182//4182
f 4212//4212 4182//4182 4211//4211
f 4196//4196 4184//4184 4183//4183
f 4196//4196 4185//4185 4184//4184
f 4196//4196 4183//4183 4212//4212
f 4197//4197 4186//4186 4185//4185
f 4197//4197 4185//4185 4196//4196
f 4198//4198 4187//4187 4186//4186
f 4198//4198 4186//4186 4197//4197
f 4199//4199 4188//4188 4187//4187
f 4199//4199 4187//4187 4198//4198
f 4200//4200 4189//4189 4188//4188
f 4200//4200 4188//4188 4199//4199
f 4201//4201 4189//4189 4200//4200
f 4201//4201 4190//4190 4189//4189
f 4202//4202 4190//4190 4201//4201
f 4202//4202 4191//4191 4190//4190
f 4203//4203 4191//4191 4202//4202
f 4203//4203 4192//4192 4191//4191
f 4204//4204 4192//4192 4203//4203
f 4204//4204 4193//4193 4192//4192
f 4195//4195 4194//4194 4193//4193
f 4195//4195 4193//4193 4204//4204
v -377.000000 -268.000000 144.100006
v -377.000000 -250.000000 144.100006
v -376.128326 -268.000000 144.024948
v -375.282196 -268.000000 143.801987
v -374.486694 -268.000000 143.437714
v -373.765228 -268.000000 142.942856
v -373.138855 -268.000000 142.331879
v -372.626160 -268.000000 141.622894
v -372.242249 -268.000000 140.836746
v -371.998322 -268.000000 139.996490
v -371.924622 -268.000000 139.500656
v -371.899994 -268.000000 139.000000
v -371.975067 -268.000000 138.128326
v -372.198029 -268.000000 137.282196
v -372.562286 -268.000000 136.486694
v -373.057129 -268.000000 135.765228
v -373.668121 -268.000000 135.138855
v -374.377136 -268.000000 134.626160
v -375.163239 -268.000000 134.242233
v -376.003510 -268.000000 133.998306
v -376.499359 -268.000000 133.924637
v -377.000000 -268.000000 133.899994
v -377.000000 -250.000000 133.899994
v -371.899994 -250.000000 139.000000
v -371.977478 -250.000000 138.114395
v -372.207581 -250.000000 137.255692
v -372.583282 -250.000000 136.449997
v -373.093170 -250.000000 135.721786
v -373.721771 -250.000000 135.093170
v -374.450012 -250.000000 134.583267
v -375.255707 -250.000000 134.207565
v -376.114380 -250.000000 133.977478
v -376.114380 -250.000000 144.022522
v -375.255707 -250.000000 143.792435
v -374.450012 -250.000000 143.416733
v -373.721771 -250.000000 142.906830
v -373.093170 -250.000000 142.278214
v -372.583282 -250.000000 141.550003
v -372.207581 -250.000000 140.744308
v -371.977478 -250.000000 139.885605
vn 0.000000 -0.000000 -1.000000
vn 0.000000 -0.000000 -1.000000
vn -0.170923 0.000000 -0.985284
vn -0.336816 0.000000 -0.941571
vn -0.492796 0.000000 -0.870145
vn -0.634272 0.000000 -0.773110
vn -0.757081 0.000000 -0.653322
vn -0.857607 0.000000 -0.514305
vn -0.932894 0.000000 -0.360151
vn -0.980724 0.000000 -0.195398
vn -0.995169 0.000000 -0.098173
vn -1.000000 -0.000000 0.000000
vn -0.985284 -0.000000 0.170923
vn -0.941571 -0.000000 0.336816
vn -0.870145 -0.000000 0.492796
vn -0.773110 -0.000000 0.634272
vn -0.653322 -0.000000 0.757081
vn -0.514305 -0.000000 0.857607
vn -0.360151 -0.000000 0.932894
vn -0.195398 -0.000000 0.980724
vn -0.098173 -0.000000 0.995169
vn -0.000000 -0.000000 1.000000
vn 0.000000 -0.000000 1.000000
vn -1.000000 0.000000 -0.000000
vn -0.984808 -0.000000 0.173648
vn -0.939693 -0.000000 0.342020
vn -0.866025 -0.000000 0.500000
vn -0.766044 -0.000000 0.642788
vn -0.642788 -0.000000 0.766044
vn -0.500000 -0.000000 0.866025
vn -0.342020 -0.000000 0.939693
vn -0.173648 -0.000000 0.984808
vn -0.173648 0.000000 -0.984808
vn -0.342020 0.000000 -0.939693
vn -0.500000 0.000000 -0.866025
vn -0.642788 0.000000 -0.766044
vn -0.766044 0.000000 -0.642788
vn -0.866025 0.000000 -0.500000
vn -0.939693 0.000000 -0.342020
vn -0.984808 0.000000 -0.173648
f 4214//4214 4215//4215 4213//4213
f 4245//4245 4216//4216 4215//4215
f 4245//4245 4215//4215 4214//4214
f 4246//4246 4217//4217 4216//4216
f 4246//4246 4216//4216 4245//4245
f 4247//4247 4218//4218 4217//4217
f 4247//4247 4217//4217 4246//4246
f 4248//4248 4219//4219 4218//4218
f 4248//4248 4218//4218 4247//4247
f 4249//4249 4220//4220 4219//4219
f 4249//4249 4219//4219 4248//4248
f 4250//4250 4221//4221 4220//4220
f 4250//4250 4220//4220 4249//4249
f 4251//4251 4222//4222 4221//4221
f 4251//4251 4221//4221 4250//4250
f 4252//4252 4223//4223 4222//4222
f 4252//4252 4222//4222 4251//4251
f 4236//4236 4224//4224 4223//4223
f 4236//4236 4225//4225 4224//4224
f 4236//4236 4223//4223 4252//4252
f 4237//4237 4226//4226 4225//4225
f 4237//4237 4225//4225 4236//4236
f 4238//4238 4227//4227 4226//4226
f 4238//4238 4226//4226 4237//4237
f 4239//4239 4228//4228 4227//4227
f 4239//4239 4227//4227 4238//4238
f 4240//4240 4229//4229 4228//4228
f 4240//4240 4228//4228 4239//4239
f 4241//4241 4229//4229 4240//4240
f 4241//4241 4230//4230 4229//4229
f 4242//4242 4230//4230 4241//4241
f 4242//4242 4231//4231 4230//4230
f 4243//4243 4231//4231 4242//4242
f 4243//4243 4232//4232 4231//4231
f 4244//4244 4232//4232 4243//4243
f 4244//4244 4233//4233 4232//4232
f 4235//4235 4234//4234 4233//4233
f 4235//4235 4233//4233 4244//4244
v -377.000000 -268.000000 133.899994
v -377.000000 -250.000000 133.899994
v -377.871674 -268.000000 133.975052
v -378.717804 -268.000000 134.198013
v -379.513306 -268.000000 134.562286
v -380.234772 -268.000000 135.057144
v -380.861145 -268.000000 135.668121
v -381.373840 -268.000000 136.377106
v -381.757751 -268.000000 137.163254
v -382.001678 -268.000000 138.003510
v -382.075378 -268.000000 138.499344
v -382.100006 -268.000000 139.000000
v -382.024933 -268.000000 139.871674
v -381.801971 -268.000000 140.717804
v -381.437714 -268.000000 141.513306
v -380.942871 -268.000000 142.234772
v -380.331879 -268.000000 142.861145
v -379.622864 -268.000000 143.373840
v -378.836761 -268.000000 143.757767
v -377.996490 -268.000000 144.001694
v -377.500641 -268.000000 144.075363
v -377.000000 -268.000000 144.100006
v -377.000000 -250.000000 144.100006
v -382.100006 -250.000000 139.000000
v -382.022522 -250.000000 139.885605
v -381.792419 -250.000000 140.744308
v -381.416718 -250.000000 141.550003
v -380.906830 -250.000000 142.278214
v -380.278229 -250.000000 142.906830
v -379.549988 -250.000000 143.416733
v -378.744293 -250.000000 143.792435
v -377.885620 -250.000000 144.022522
v -377.885620 -250.000000 133.977478
v -378.744293 -250.000000 134.207565
v -379.549988 -250.000000 134.583267
v -380.278229 -250.000000 135.093170
v -380.906830 -250.000000 135.721786
v -381.416718 -250.000000 136.449997
v -381.792419 -250.000000 137.255692
v -382.022522 -250.000000 138.114395
vn -0.000000 -0.000000 1.000000
vn -0.000000 -0.000000 1.000000
vn 0.170923 -0.000000 0.985284
vn 0.336816 -0.000000 0.941571
vn 0.492796 -0.000000 0.870145
vn 0.634272 -0.000000 0.773110
vn 0.757081 -0.000000 0.653322
vn 0.857607 -0.000000 0.514305
vn 0.932894 -0.000000 0.360151
vn 0.980724 -0.000000 0.195398
vn 0.995169 -0.000000 0.098173
vn 1.000000 -0.000000 0.000000
vn 0.985284 -0.000000 -0.170923
vn 0.941571 -0.000000 -0.336816
vn 0.870145 -0.000000 -0.492796
vn 0.773110 -0.000000 -0.634272
vn 0.653322 -0.000000 -0.757081
vn 0.514305 -0.000000 -0.857607
vn 0.360151 -0.000000 -0.932894
vn 0.195398 -0.000000 -0.980724
vn 0.098173 -0.000000 -0.995169
vn 0.000000 -0.000000 -1.000000
vn 0.000000 -0.000000 -1.000000
vn 1.000000 -0.000000 0.000000
vn 0.984808 -0.000000 -0.173648
vn 0.939693 -0.000000 -0.342020
vn 0.866025 -0.000000 -0.500000
vn 0.766044 -0.000000 -0.642788
vn 0.642788 -0.000000 -0.766044
vn 0.500000 -0.000000 -0.866025
vn 0.342020 -0.000000 -0.939693
vn 0.173648 -0.000000 -0.984808
vn 0.173648 -0.000000 0.984808
vn 0.342020 -0.000000 0.939693
vn 0.500000 -0.000000 0.866025
vn 0.642788 -0.000000 0.766044
vn 0.766044 -0.000000 0.642788
vn 0.866025 -0.000000 0.500000
vn 0.939693 -0.000000 0.342020
vn 0.984808 -0.000000 0.173648
f 4254//4254 4255//4255 4253//4253
f 4285//4285 4256//4256 4255//4255
f 4285//4285 4255//4255 4254//4254
f 4286//4286 4257//4257 4256//4256
f 4286//4286 4256//4256 4285//4285
f 4287//4287 4258//4258 4257//4257
f 4287//4287 4257//4257 4286//4286
f 4288//4288 4259//4259 4258//4258
f 4288//4288 4258//4258 4287//4287
f 4289//4289 4260//4260 4259//4259
f 4289//4289 4259//4259 4288//4288
f 4290//4290 4261//4261 4260//4260
f 4290//4290 4260//4260 4289//4289
f 4291//4291 4262//4262 4261//4261
f 4291//4291 4261//4261 4290//4290
f 4292//4292 4263//4263 4262//4262
f 4292//4292 4262//4262 4291//4291
f 4276//4276 4264//4264 4263//4263
f 4276//4276 4265//4265 4264//4264
f 4276//4276 4263//4263 4292//4292
f 4277//4277 4266//4266 4265//4265
f 4277//4277 4265//4265 4276//4276
f 4278//4278 4267//4267 4266//4266
f 4278//4278 4266//4266 4277//4277
f 4279//4279 4268//4268 4267//4267
f 4279//4279 4267//4267 4278//4278
f 4280//4280 4269//4269 4268//4268
f 4280//4280 4268//4268 4279//4279
f 4281//4281 4269//4269 4280//4280
f 4281//4281 4270//4270 4269//4269
f 4282//4282 4270//4270 4281//4281
f 4282//4282 4271//4271 4270//4270
f 4283//4283 4271//4271 4282//4282
f 4283//4283 4272//4272 4271//4271
f 4284//4284 4272//4272 4283//4283
f 4284//4284 4273//4273 4272//4272
f 4275//4275 4274//4274 4273//4273
f 4275//4275 4273//4273 4284//4284
usemtl mat_2
v 331.000000 205.000000 30.000000
v 330.680969 201.353394 30.000000
v 329.733551 197.817581 30.000000
v 328.186523 194.500000 30.000000
v 326.086945 191.501465 30.000000
v 323.498535 188.913071 30.000000
v 320.500000 186.813461 30.000000
v 317.182434 185.266449 30.000000
v 313.646606 184.319031 30.000000
v 310.000000 184.000000 30.000000
v 306.353394 184.319031 30.000000
v 302.817566 185.266449 30.000000
v 299.500000 186.813461 30.000000
v 296.501465 188.913071 30.000000
v 293.913055 191.501465 30.000000
v 291.813477 194.500000 30.000000
v 290.266449 197.817581 30.000000
v 289.319031 201.353394 30.000000
v 289.000000 205.000000 30.000000
v 289.319031 208.646606 30.000000
v 290.266449 212.182419 30.000000
v 291.813477 215.500000 30.000000
v 293.913055 218.498535 30.000000
v 296.501465 221.086929 30.000000
v 299.500000 223.186539 30.000000
v 302.817566 224.733551 30.000000
v 306.353394 225.680969 30.000000
v 310.000000 226.000000 30.000000
v 313.646606 225.680969 30.000000
v 317.182434 224.733551 30.000000
v 320.500000 223.186539 30.000000
v 323.498535 221.086929 30.000000
v 326.086945 218.498535 30.000000
v 328.186523 215.500000 30.000000
v 329.733551 212.182419 30.000000
v 330.680969 208.646606 30.000000
v 320.000000 205.000000 30.000000
v 319.852844 206.709213 30.000000
v 319.415680 208.368210 30.000000
v 318.783234 209.780640 30.000000
v 318.031860 210.957245 30.000000
v 317.123901 212.017807 30.000000
v 316.077179 212.941528 30.000000
v 314.912018 213.710449 30.000000
v 313.651031 214.309662 30.000000
v 312.318939 214.727417 30.000000
v 310.941711 214.955551 30.000000
v 309.546021 214.989670 30.000000
v 308.159180 214.829102 30.000000
v 306.808350 214.476990 30.000000
v 305.519623 213.940140 30.000000
v 304.318176 213.229019 30.000000
v 303.227539 212.357574 30.000000
v 302.268921 211.342743 30.000000
v 301.460907 210.204208 30.000000
v 300.819336 208.964279 30.000000
v 300.356750 207.647186 30.000000
v 300.089600 206.335541 30.000000
v 300.000000 205.000000 30.000000
v 300.147156 203.290787 30.000000
v 300.584320 201.631790 30.000000
v 301.216766 200.219360 30.000000
v 301.968140 199.042755 30.000000
v 302.876099 197.982193 30.000000
v 303.922821 197.058472 30.000000
v 305.087982 196.289551 30.000000
v 306.348969 195.690338 30.000000
v 307.681061 195.272583 30.000000
v 309.058289 195.044449 30.000000
v 310.453979 195.010330 30.000000
v 311.840820 195.170898 30.000000
v 313.191650 195.523010 30.000000
v 314.480377 196.059860 30.000000
v 315.681824 196.770981 30.000000
v 316.772461 197.642426 30.000000
v 317.731079 198.657257 30.000000
v 318.539093 199.795792 30.000000
v 319.180664 201.035721 30.000000
v 319.643250 202.352814 30.000000
v 319.910400 203.664459 30.000000
vn -0.000000 -0.000000 1.000000
vn -0.000000 -0.000000 1.000000
vn -0.000000 -0.000000 1.000000
vn -0.000000 -0.000000 1.000000
vn -0.000000 -0.000000 1.000000
vn -0.000000 -0.000000 1.000000
vn -0.000000 -0.000000 1.000000
vn -0.000000 -0.000000 1.000000
vn -0.000000 -0.000000 1.000000
vn -0.000000 -0.000000 1.000000
vn -0.000000 -0.000000 1.000000
vn -0.000000 -0.000000 1.000000
vn -0.000000 -0.000000 1.000000
vn -0.000000 -0.000000 1.000000
vn -0.000000 -0.000000 1.000000
vn -0.000000 -0.000000 1.000000
vn -0.000000 -0.000000 1.000000
vn -0.000000 -0.000000 1.000000
vn -0.000000 -0.000000 1.000000
vn -0.000000 -0.000000 1.000000
vn -0.000000 -0.000000 1.000000
vn -0.000000 -0.000000 1.000000
vn -0.000000 -0.000000 1.000000
vn -0.000000 -0.000000 1.000000
vn -0.000000 -0.000000 1.000000
vn -0.000000 -0.000000 1.000000
vn -0.000000 -0.000000 1.000000
vn -0.000000 -0.000000 1.000000
vn -0.000000 -0.000000 1.000000
vn -0.000000 -0.000000 1.000000
vn -0.000000 -0.000000 1.000000
vn -0.000000 -0.000000 1.000000
vn -0.000000 -0.000000 1.000000
vn -0.000000 -0.000000 1.000000
vn -0.000000 -0.000000 1.000000
vn -0.000000 -0.000000 1.000000
vn -0.000000 -0.000000 1.000000
vn -0.000000 -0.000000 1.000000
vn -0.000000 -0.000000 1.000000
vn -0.000000 -0.000000 1.000000
vn -0.000000 -0.000000 1.000000
vn -0.000000 -0.000000 1.000000
vn -0.000000 -0.000000 1.000000
vn -0.000000 -0.000000 1.000000
vn -0.000000 -0.000000 1.000000
vn -0.000000 -0.000000 1.000000
vn -0.000000 -0.000000 1.000000
vn -0.000000 -0.000000 1.000000
vn -0.000000 -0.000000 1.000000
vn -0.000000 -0.000000 1.000000
vn -0.000000 -0.000000 1.000000
vn -0.000000 -0.000000 1.000000
vn -0.000000 -0.000000 1.000000
vn -0.000000 -0.000000 1.000000
vn -0.000000 -0.000000 1.000000
vn -0.000000 -0.000000 1.000000
vn -0.000000 -0.000000 1.000000
vn -0.000000 -0.000000 1.000000
vn -0.000000 -0.000000 1.000000
vn -0.000000 -0.000000 1.000000
vn -0.000000 -0.000000 1.000000
vn -0.000000 -0.000000 1.000000
vn -0.000000 -0.000000 1.000000
vn -0.000000 -0.000000 1.000000
vn -0.000000 -0.000000 1.000000
vn -0.000000 -0.000000 1.000000
vn -0.000000 -0.000000 1.000000
vn -0.000000 -0.000000 1.000000
vn -0.000000 -0.000000 1.000000
vn -0.000000 -0.000000 1.000000
vn -0.000000 -0.000000 1.000000
vn -0.000000 -0.000000 1.000000
vn -0.000000 -0.000000 1.000000
vn -0.000000 -0.000000 1.000000
vn -0.000000 -0.000000 1.000000
vn -0.000000 -0.000000 1.000000
vn -0.000000 -0.000000 1.000000
vn -0.000000 -0.000000 1.000000
vn -0.000000 -0.000000 1.000000
vn -0.000000 -0.000000 1.000000
f 4367//4367 4298//4298 4297//4297
f 4368//4368 4367//4367 4297//4297
f 4366//4366 4299//4299 4298//4298
f 4366//4366 4298//4298 4367//4367
f 4369//4369 4297//4297 4296//4296
f 4369//4369 4368//4368 4297//4297
f 4365//4365 4300//4300 4299//4299
f 4365//4365 4299//4299 4366//4366
f 4370//4370 4296//4296 4295//4295
f 4370//4370 4369//4369 4296//4296
f 4364//4364 4301//4301 4300//4300
f 4364//4364 4300//4300 4365//4365
f 4371//4371 4295//4295 4294//4294
f 4371//4371 4370//4370 4295//4295
f 4363//4363 4301//4301 4364//4364
f 4372//4372 4294//4294 4293//4293
f 4372//4372 4371//4371 4294//4294
f 4362//4362 4302//4302 4301//4301
f 4362//4362 4301//4301 4363//4363
f 4329//4329 4372//4372 4293//4293
f 4361//4361 4303//4303 4302//4302
f 4361//4361 4302//4302 4362//4362
f 4330//4330 4329//4329 4293//4293
f 4330//4330 4293//4293 4328//4328
f 4360//4360 4304//4304 4303//4303
f 4360//4360 4303//4303 4361//4361
f 4331//4331 4328//4328 4327//4327
f 4331//4331 4330//4330 4328//4328
f 4359//4359 4305//4305 4304//4304
f 4359//4359 4304//4304 4360//4360
f 4332//4332 4327//4327 4326//4326
f 4332//4332 4331//4331 4327//4327
f 4358//4358 4305//4305 4359//4359
f 4333//4333 4326//4326 4325//4325
f 4333//4333 4332//4332 4326//4326
f 4357//4357 4306//4306 4305//4305
f 4357//4357 4305//4305 4358//4358
f 4334//4334 4333//4333 4325//4325
f 4356//4356 4306//4306 4357//4357
f 4307//4307 4306//4306 4356//4356
f 4307//4307 4356//4356 4355//4355
f 4324//4324 4335//4335 4334//4334
f 4324//4324 4334//4334 4325//4325
f 4308//4308 4355//4355 4354//4354
f 4308//4308 4307//4307 4355//4355
f 4323//4323 4336//4336 4335//4335
f 4323//4323 4337//4337 4336//4336
f 4323//4323 4335//4335 4324//4324
f 4309//4309 4354//4354 4353//4353
f 4309//4309 4308//4308 4354//4354
f 4322//4322 4338//4338 4337//4337
f 4322//4322 4337//4337 4323//4323
f 4310//4310 4353//4353 4352//4352
f 4310//4310 4309//4309 4353//4353
f 4321//4321 4339//4339 4338//4338
f 4321//4321 4338//4338 4322//4322
f 4311//4311 4310//4310 4352//4352
f 4311//4311 4351//4351 4350//4350
f 4311//4311 4352//4352 4351//4351
f 4320//4320 4339//4339 4321//4321
f 4320//4320 4340//4340 4339//4339
f 4312//4312 4311//4311 4350//4350
f 4312//4312 4350//4350 4349//4349
f 4319//4319 4340//4340 4320//4320
f 4319//4319 4341//4341 4340//4340
f 4319//4319 4342//4342 4341//4341
f 4313//4313 4312//4312 4349//4349
f 4313//4313 4349//4349 4348//4348
f 4318//4318 4343//4343 4342//4342
f 4318//4318 4342//4342 4319//4319
f 4314//4314 4313//4313 4348//4348
f 4314//4314 4348//4348 4347//4347
f 4317//4317 4343//4343 4318//4318
f 4317//4317 4344//4344 4343//4343
f 4315//4315 4314//4314 4347//4347
f 4315//4315 4346//4346 4345//4345
f 4315//4315 4347//4347 4346//4346
f 4316//4316 4315//4315 4345//4345
f 4316//4316 4344//4344 4317//4317
f 4316//4316 4345//4345 4344//4344
v 251.000000 270.000000 30.000000
v 250.680969 266.353394 30.000000
v 249.733551 262.817566 30.000000
v 248.186539 259.500000 30.000000
v 246.086929 256.501465 30.000000
v 243.498535 253.913071 30.000000
v 240.500000 251.813461 30.000000
v 237.182419 250.266449 30.000000
v 233.646606 249.319031 30.000000
v 230.000000 249.000000 30.000000
v 226.353394 249.319031 30.000000
v 222.817581 250.266449 30.000000
v 219.500000 251.813461 30.000000
v 216.501465 253.913071 30.000000
v 213.913071 256.501465 30.000000
v 211.813461 259.500000 30.000000
v 210.266449 262.817566 30.000000
v 209.319031 266.353394 30.000000
v 209.000000 270.000000 30.000000
v 209.319031 273.646606 30.000000
v 210.266449 277.182434 30.000000
v 211.813461 280.500000 30.000000
v 213.913071 283.498535 30.000000
v 216.501465 286.086945 30.000000
v 219.500000 288.186523 30.000000
v 222.817581 289.733551 30.000000
v 226.353394 290.680969 30.000000
v 230.000000 291.000000 30.000000
v 233.646606 290.680969 30.000000
v 237.182419 289.733551 30.000000
v 240.500000 288.186523 30.000000
v 243.498535 286.086945 30.000000
v 246.086929 283.498535 30.000000
v 248.186539 280.500000 30.000000
v 249.733551 277.182434 30.000000
v 250.680969 273.646606 30.000000
v 242.000000 270.000000 30.000000
v 241.834396 271.986572 30.000000
v 241.342163 273.918518 30.000000
v 240.544601 275.728119 30.000000
v 239.470383 277.369629 30.000000
v 238.142929 278.814331 30.000000
v 236.597961 280.023315 30.000000
v 234.876663 280.964386 30.000000
v 233.024841 281.612488 30.000000
v 231.092346 281.950165 30.000000
v 229.130676 281.968445 30.000000
v 227.192047 281.666840 30.000000
v 225.328629 281.053436 30.000000
v 223.590088 280.144592 30.000000
v 222.022705 278.964508 30.000000
v 220.668655 277.544952 30.000000
v 219.564056 275.923737 30.000000
v 218.738281 274.144043 30.000000
v 218.213531 272.253723 30.000000
v 218.053558 271.132111 30.000000
v 218.000000 270.000000 30.000000
v 218.165604 268.013428 30.000000
v 218.657837 266.081482 30.000000
v 219.455399 264.271881 30.000000
v 220.529617 262.630371 30.000000
v 221.857071 261.185669 30.000000
v 223.402039 259.976685 30.000000
v 225.123337 259.035614 30.000000
v 226.975159 258.387512 30.000000
v 228.907654 258.049835 30.000000
v 230.869324 258.031555 30.000000
v 232.807953 258.333160 30.000000
v 234.671371 258.946564 30.000000
v 236.409912 259.855408 30.000000
v 237.977295 261.035492 30.000000
v 239.331345 262.455048 30.000000
v 240.435944 264.076263 30.000000
v 241.261719 265.855957 30.000000
v 241.786469 267.746277 30.000000
v 241.946442 268.867889 30.000000
vn -0.000000 -0.000000 1.000000
vn -0.000000 -0.000000 1.000000
vn -0.000000 -0.000000 1.000000
vn -0.000000 -0.000000 1.000000
vn -0.000000 -0.000000 1.000000
vn -0.000000 -0.000000 1.000000
vn -0.000000 -0.000000 1.000000
vn -0.000000 -0.000000 1.000000
vn -0.000000 -0.000000 1.000000
vn -0.000000 -0.000000 1.000000
vn -0.000000 -0.000000 1.000000
vn -0.000000 -0.000000 1.000000
vn -0.000000 -0.000000 1.000000
vn -0.000000 -0.000000 1.000000
vn -0.000000 -0.000000 1.000000
vn -0.000000 -0.000000 1.000000
vn -0.000000 -0.000000 1.000000
vn -0.000000 -0.000000 1.000000
vn -0.000000 -0.000000 1.000000
vn -0.000000 -0.000000 1.000000
vn -0.000000 -0.000000 1.000000
vn -0.000000 -0.000000 1.000000
vn -0.000000 -0.000000 1.000000
vn -0.000000 -0.000000 1.000000
vn -0.000000 -0.000000 1.000000
vn -0.000000 -0.000000 1.000000
vn -0.000000 -0.000000 1.000000
vn -0.000000 -0.000000 1.000000
vn -0.000000 -0.000000 1.000000
vn -0.000000 -0.000000 1.000000
vn -0.000000 -0.000000 1.000000
vn -0.000000 -0.000000 1.000000
vn -0.000000 -0.000000 1.000000
vn -0.000000 -0.000000 1.000000
vn -0.000000 -0.000000 1.000000
vn -0.000000 -0.000000 1.000000
vn -0.000000 -0.000000 1.000000
vn -0.000000 -0.000000 1.000000
vn -0.000000 -0.000000 1.000000
vn -0.000000 -0.000000 1.000000
vn -0.000000 -0.000000 1.000000
vn -0.000000 -0.000000 1.000000
vn -0.000000 -0.000000 1.000000
vn -0.000000 -0.000000 1.000000
vn -0.000000 -0.000000 1.000000
vn -0.000000 -0.000000 1.000000
vn -0.000000 -0.000000 1.000000
vn -0.000000 -0.000000 1.000000
vn -0.000000 -0.000000 1.000000
vn -0.000000 -0.000000 1.000000
vn -0.000000 -0.000000 1.000000
vn -0.000000 -0.000000 1.000000
vn -0.000000 -0.000000 1.000000
vn -0.000000 -0.000000 1.000000
vn -0.000000 -0.000000 1.000000
vn -0.000000 -0.000000 1.000000
vn -0.000000 -0.000000 1.000000
vn -0.000000 -0.000000 1.000000
vn -0.000000 -0.000000 1.000000
vn -0.000000 -0.000000 1.000000
vn -0.000000 -0.000000 1.000000
vn -0.000000 -0.000000 1.000000
vn -0.000000 -0.000000 1.000000
vn -0.000000 -0.000000 1.000000
vn -0.000000 -0.000000 1.000000
vn -0.000000 -0.000000 1.000000
vn -0.000000 -0.000000 1.000000
vn -0.000000 -0.000000 1.000000
vn -0.000000 -0.000000 1.000000
vn -0.000000 -0.000000 1.000000
vn -0.000000 -0.000000 1.000000
vn -0.000000 -0.000000 1.000000
vn -0.000000 -0.000000 1.000000
vn -0.000000 -0.000000 1.000000
vn -0.000000 -0.000000 1.000000
vn -0.000000 -0.000000 1.000000
f 4443//4443 4378//4378 4377//4377
f 4444//4444 4377//4377 4376//4376
f 4444//4444 4443//4443 4377//4377
f 4442//4442 4379//4379 4378//4378
f 4442//4442 4378//4378 4443//4443
f 4445//4445 4376//4376 4375//4375
f 4445//4445 4444//4444 4376//4376
f 4441//4441 4379//4379 4442//4442
f 4441//4441 4380//4380 4379//4379
f 4446//4446 4445//4445 4375//4375
f 4440//4440 4381//4381 4380//4380
f 4440//4440 4380//4380 4441//4441
f 4447//4447 4375//4375 4374//4374
f 4447//4447 4446//4446 4375//4375
f 4448//4448 4374//4374 4373//4373
f 4448//4448 4447//4447 4374//4374
f 4439//4439 4382//4382 4381//4381
f 4439//4439 4381//4381 4440//4440
f 4409//4409 4448//4448 4373//4373
f 4438//4438 4383//4383 4382//4382
f 4438//4438 4382//4382 4439//4439
f 4410//4410 4409//4409 4373//4373
f 4410//4410 4373//4373 4408//4408
f 4437//4437 4383//4383 4438//4438
f 4437//4437 4384//4384 4383//4383
f 4411//4411 4410//4410 4408//4408
f 4411//4411 4408//4408 4407//4407
f 4436//4436 4384//4384 4437//4437
f 4436//4436 4385//4385 4384//4384
f 4412//4412 4407//4407 4406//4406
f 4412//4412 4411//4411 4407//4407
f 4435//4435 4385//4385 4436//4436
f 4386//4386 4385//4385 4435//4435
f 4413//4413 4406//4406 4405//4405
f 4413//4413 4412//4412 4406//4406
f 4434//4434 4386//4386 4435//4435
f 4414//4414 4413//4413 4405//4405
f 4387//4387 4386//4386 4434//4434
f 4387//4387 4434//4434 4433//4433
f 4404//4404 4414//4414 4405//4405
f 4415//4415 4414//4414 4404//4404
f 4388//4388 4433//4433 4432//4432
f 4388//4388 4387//4387 4433//4433
f 4403//4403 4416//4416 4415//4415
f 4403//4403 4415//4415 4404//4404
f 4389//4389 4432//4432 4431//4431
f 4389//4389 4388//4388 4432//4432
f 4402//4402 4417//4417 4416//4416
f 4402//4402 4416//4416 4403//4403
f 4390//4390 4431//4431 4430//4430
f 4390//4390 4389//4389 4431//4431
f 4401//4401 4418//4418 4417//4417
f 4401//4401 4417//4417 4402//4402
f 4391//4391 4429//4429 4428//4428
f 4391//4391 4430//4430 4429//4429
f 4391//4391 4390//4390 4430//4430
f 4400//4400 4419//4419 4418//4418
f 4400//4400 4418//4418 4401//4401
f 4392//4392 4428//4428 4427//4427
f 4392//4392 4391//4391 4428//4428
f 4399//4399 4420//4420 4419//4419
f 4399//4399 4419//4419 4400//4400
f 4393//4393 4426//4426 4425//4425
f 4393//4393 4427//4427 4426//4426
f 4393//4393 4392//4392 4427//4427
f 4398//4398 4420//4420 4399//4399
f 4398//4398 4421//4421 4420//4420
f 4394//4394 4425//4425 4424//4424
f 4394//4394 4393//4393 4425//4425
f 4397//4397 4421//4421 4398//4398
f 4397//4397 4422//4422 4421//4421
f 4395//4395 4424//4424 4423//4423
f 4395//4395 4394//4394 4424//4424
f 4396//4396 4422//4422 4397//4397
f 4396//4396 4395//4395 4423//4423
f 4396//4396 4423//4423 4422//4422
v 291.000000 230.000000 30.000000
v 290.680969 226.353394 30.000000
v 289.733551 222.817581 30.000000
v 288.186523 219.500000 30.000000
v 286.086945 216.501465 30.000000
v 283.498535 213.913071 30.000000
v 280.500000 211.813461 30.000000
v 277.182434 210.266449 30.000000
v 273.646606 209.319031 30.000000
v 270.000000 209.000000 30.000000
v 266.353394 209.319031 30.000000
v 262.817566 210.266449 30.000000
v 259.500000 211.813461 30.000000
v 256.501465 213.913071 30.000000
v 253.913071 216.501465 30.000000
v 251.813461 219.500000 30.000000
v 250.266449 222.817581 30.000000
v 249.319031 226.353394 30.000000
v 249.000000 230.000000 30.000000
v 249.319031 233.646606 30.000000
v 250.266449 237.182419 30.000000
v 251.813461 240.500000 30.000000
v 253.913071 243.498535 30.000000
v 256.501465 246.086929 30.000000
v 259.500000 248.186539 30.000000
v 262.817566 249.733551 30.000000
v 266.353394 250.680969 30.000000
v 270.000000 251.000000 30.000000
v 273.646606 250.680969 30.000000
v 277.182434 249.733551 30.000000
v 280.500000 248.186539 30.000000
v 283.498535 246.086929 30.000000
v 286.086945 243.498535 30.000000
v 288.186523 240.500000 30.000000
v 289.733551 237.182419 30.000000
v 290.680969 233.646606 30.000000
v 282.000000 230.000000 30.000000
v 281.834412 231.986588 30.000000
v 281.342163 233.918518 30.000000
v 280.544617 235.728119 30.000000
v 279.470367 237.369629 30.000000
v 278.142914 238.814331 30.000000
v 276.597961 240.023315 30.000000
v 274.876648 240.964386 30.000000
v 273.024841 241.612488 30.000000
v 271.092346 241.950180 30.000000
v 269.130676 241.968445 30.000000
v 267.192047 241.666824 30.000000
v 265.328613 241.053421 30.000000
v 263.590088 240.144592 30.000000
v 262.022705 238.964508 30.000000
v 260.668671 237.544937 30.000000
v 259.564056 235.923737 30.000000
v 258.738281 234.144028 30.000000
v 258.213531 232.253723 30.000000
v 258.053558 231.132126 30.000000
v 258.000000 230.000000 30.000000
v 258.165588 228.013412 30.000000
v 258.657837 226.081482 30.000000
v 259.455383 224.271881 30.000000
v 260.529633 222.630371 30.000000
v 261.857086 221.185669 30.000000
v 263.402039 219.976685 30.000000
v 265.123352 219.035614 30.000000
v 266.975159 218.387512 30.000000
v 268.907654 218.049820 30.000000
v 270.869324 218.031555 30.000000
v 272.807953 218.333176 30.000000
v 274.671387 218.946579 30.000000
v 276.409912 219.855408 30.000000
v 277.977295 221.035492 30.000000
v 279.331329 222.455063 30.000000
v 280.435944 224.076263 30.000000
v 281.261719 225.855972 30.000000
v 281.786469 227.746277 30.000000
v 281.946442 228.867874 30.000000
vn -0.000000 -0.000000 1.000000
vn -0.000000 -0.000000 1.000000
vn -0.000000 -0.000000 1.000000
vn -0.000000 -0.000000 1.000000
vn -0.000000 -0.000000 1.000000
vn -0.000000 -0.000000 1.000000
vn -0.000000 -0.000000 1.000000
vn -0.000000 -0.000000 1.000000
vn -0.000000 -0.000000 1.000000
vn -0.000000 -0.000000 1.000000
vn -0.000000 -0.000000 1.000000
vn -0.000000 -0.000000 1.000000
vn -0.000000 -0.000000 1.000000
vn -0.000000 -0.000000 1.000000
vn -0.000000 -0.000000 1.000000
vn -0.000000 -0.000000 1.000000
vn -0.000000 -0.000000 1.000000
vn -0.000000 -0.000000 1.000000
vn -0.000000 -0.000000 1.000000
vn -0.000000 -0.000000 1.000000
vn -0.000000 -0.000000 1.000000
vn -0.000000 -0.000000 1.000000
vn -0.000000 -0.000000 1.000000
vn -0.000000 -0.000000 1.000000
vn -0.000000 -0.000000 1.000000
vn -0.000000 -0.000000 1.000000
vn -0.000000 -0.000000 1.000000
vn -0.000000 -0.000000 1.000000
vn -0.000000 -0.000000 1.000000
vn -0.000000 -0.000000 1.000000
vn -0.000000 -0.000000 1.000000
vn -0.000000 -0.000000 1.000000
vn -0.000000 -0.000000 1.000000
vn -0.000000 -0.000000 1.000000
vn -0.000000 -0.000000 1.000000
vn -0.000000 -0.000000 1.000000
vn -0.000000 -0.000000 1.000000
vn -0.000000 -0.000000 1.000000
vn -0.000000 -0.000000 1.000000
vn -0.000000 -0.000000 1.000000
vn -0.000000 -0.000000 1.000000
vn -0.000000 -0.000000 1.000000
vn -0.000000 -0.000000 1.000000
vn -0.000000 -0.000000 1.000000
vn -0.000000 -0.000000 1.000000
vn -0.000000 -0.000000 1.000000
vn -0.000000 -0.000000 1.000000
vn -0.000000 -0.000000 1.000000
vn -0.000000 -0.000000 1.000000
vn -0.000000 -0.000000 1.000000
vn -0.000000 -0.000000 1.000000
vn -0.000000 -0.000000 1.000000
vn -0.000000 -0.000000 1.000000
vn -0.000000 -0.000000 1.000000
vn -0.000000 -0.000000 1.000000
vn -0.000000 -0.000000 1.000000
vn -0.000000 -0.000000 1.000000
vn -0.000000 -0.000000 1.000000
vn -0.000000 -0.000000 1.000000
vn -0.000000 -0.000000 1.000000
vn -0.000000 -0.000000 1.000000
vn -0.000000 -0.000000 1.000000
vn -0.000000 -0.000000 1.000000
vn -0.000000 -0.000000 1.000000
vn -0.000000 -0.000000 1.000000
vn -0.000000 -0.000000 1.000000
vn -0.000000 -0.000000 1.000000
vn -0.000000 -0.000000 1.000000
vn -0.000000 -0.000000 1.000000
vn -0.000000 -0.000000 1.000000
vn -0.000000 -0.000000 1.000000
vn -0.000000 -0.000000 1.000000
vn -0.000000 -0.000000 1.000000
vn -0.000000 -0.000000 1.000000
vn -0.000000 -0.000000 1.000000
vn -0.000000 -0.000000 1.000000
f 4519//4519 4454//4454 4453//4453
f 4520//4520 4453//4453 4452//4452
f 4520//4520 4519//4519 4453//4453
f 4518//4518 4455//4455 4454//4454
f 4518//4518 4454//4454 4519//4519
f 4521//4521 4452//4452 4451//4451
f 4521//4521 4520//4520 4452//4452
f 4517//4517 4455//4455 4518//4518
f 4517//4517 4456//4456 4455//4455
f 4522//4522 4521//4521 4451//4451
f 4516//4516 4457//4457 4456//4456
f 4516//4516 4456//4456 4517//4517
f 4523//4523 4451//4451 4450//4450
f 4523//4523 4522//4522 4451//4451
f 4524//4524 4450//4450 4449//4449
f 4524//4524 4523//4523 4450//4450
f 4515//4515 4458//4458 4457//4457
f 4515//4515 4457//4457 4516//4516
f 4485//4485 4524//4524 4449//4449
f 4514//4514 4459//4459 4458//4458
f 4514//4514 4458//4458 4515//4515
f 4486//4486 4485//4485 4449//4449
f 4486//4486 4449//4449 4484//4484
f 4513//4513 4459//4459 4514//4514
f 4513//4513 4460//4460 4459//4459
f 4487//4487 4486//4486 4484//4484
f 4487//4487 4484//4484 4483//4483
f 4512//4512 4460//4460 4513//4513
f 4512//4512 4461//4461 4460//4460
f 4488//4488 4483//4483 4482//4482
f 4488//4488 4487//4487 4483//4483
f 4511//4511 4461//4461 4512//4512
f 4462//4462 4461//4461 4511//4511
f 4489//4489 4482//4482 4481//4481
f 4489//4489 4488//4488 4482//4482
f 4510//4510 4462//4462 4511//4511
f 4490//4490 4489//4489 4481//4481
f 4463//4463 4462//4462 4510//4510
f 4463//4463 4510//4510 4509//4509
f 4480//4480 4490//4490 4481//4481
f 4491//4491 4490//4490 4480//4480
f 4464//4464 4509//4509 4508//4508
f 4464//4464 4463//4463 4509//4509
f 4479//4479 4492//4492 4491//4491
f 4479//4479 4491//4491 4480//4480
f 4465//4465 4508//4508 4507//4507
f 4465//4465 4464//4464 4508//4508
f 4478//4478 4493//4493 4492//4492
f 4478//4478 4492//4492 4479//4479
f 4466//4466 4507//4507 4506//4506
f 4466//4466 4465//4465 4507//4507
f 4477//4477 4494//4494 4493//4493
f 4477//4477 4493//4493 4478//4478
f 4467//4467 4505//4505 4504//4504
f 4467//4467 4506//4506 4505//4505
f 4467//4467 4466//4466 4506//4506
f 4476//4476 4495//4495 4494//4494
f 4476//4476 4494//4494 4477//4477
f 4468//4468 4504//4504 4503//4503
f 4468//4468 4467//4467 4504//4504
f 4475//4475 4496//4496 4495//4495
f 4475//4475 4495//4495 4476//4476
f 4469//4469 4502//4502 4501//4501
f 4469//4469 4503//4503 4502//4502
f 4469//4469 4468//4468 4503//4503
f 4474//4474 4496//4496 4475//4475
f 4474//4474 4497//4497 4496//4496
f 4470//4470 4501//4501 4500//4500
f 4470//4470 4469//4469 4501//4501
f 4473//4473 4497//4497 4474//4474
f 4473//4473 4498//4498 4497//4497
f 4471//4471 4500//4500 4499//4499
f 4471//4471 4470//4470 4500//4500
f 4472//4472 4498//4498 4473//4473
f 4472//4472 4471//4471 4499//4499
f 4472//4472 4499//4499 4498//4498
v -249.000000 230.000000 30.000000
v -249.319031 226.353394 30.000000
v -250.266449 222.817581 30.000000
v -251.813461 219.500000 30.000000
v -253.913071 216.501465 30.000000
v -256.501465 213.913071 30.000000
v -259.500000 211.813461 30.000000
v -262.817566 210.266449 30.000000
v -266.353394 209.319031 30.000000
v -270.000000 209.000000 30.000000
v -273.646606 209.319031 30.000000
v -277.182434 210.266449 30.000000
v -280.500000 211.813461 30.000000
v -283.498535 213.913071 30.000000
v -286.086945 216.501465 30.000000
v -288.186523 219.500000 30.000000
v -289.733551 222.817581 30.000000
v -290.680969 226.353394 30.000000
v -291.000000 230.000000 30.000000
v -290.680969 233.646606 30.000000
v -289.733551 237.182419 30.000000
v -288.186523 240.500000 30.000000
v -286.086945 243.498535 30.000000
v -283.498535 246.086929 30.000000
v -280.500000 248.186539 30.000000
v -277.182434 249.733551 30.000000
v -273.646606 250.680969 30.000000
v -270.000000 251.000000 30.000000
v -266.353394 250.680969 30.000000
v -262.817566 249.733551 30.000000
v -259.500000 248.186539 30.000000
v -256.501465 246.086929 30.000000
v -253.913071 243.498535 30.000000
v -251.813461 240.500000 30.000000
v -250.266449 237.182419 30.000000
v -249.319031 233.646606 30.000000
v -258.000000 230.000000 30.000000
v -258.165588 231.986588 30.000000
v -258.657837 233.918518 30.000000
v -259.455383 235.728119 30.000000
v -260.529633 237.369629 30.000000
v -261.857086 238.814331 30.000000
v -263.402039 240.023315 30.000000
v -265.123352 240.964386 30.000000
v -266.975159 241.612488 30.000000
v -268.907654 241.950180 30.000000
v -270.869324 241.968445 30.000000
v -272.807953 241.666824 30.000000
v -274.671387 241.053421 30.000000
v -276.409912 240.144592 30.000000
v -277.977295 238.964508 30.000000
v -279.331329 237.544937 30.000000
v -280.435944 235.923737 30.000000
v -281.261719 234.144028 30.000000
v -281.786469 232.253723 30.000000
v -281.946442 231.132126 30.000000
v -282.000000 230.000000 30.000000
v -281.834412 228.013412 30.000000
v -281.342163 226.081482 30.000000
v -280.544617 224.271881 30.000000
v -279.470367 222.630371 30.000000
v -278.142914 221.185669 30.000000
v -276.597961 219.976685 30.000000
v -274.876648 219.035614 30.000000
v -273.024841 218.387512 30.000000
v -271.092346 218.049820 30.000000
v -269.130676 218.031555 30.000000
v -267.192047 218.333176 30.000000
v -265.328613 218.946579 30.000000
v -263.590088 219.855408 30.000000
v -262.022705 221.035492 30.000000
v -260.668671 222.455063 30.000000
v -259.564056 224.076263 30.000000
v -258.738281 225.855972 30.000000
v -258.213531 227.746277 30.000000
v -258.053558 228.867874 30.000000
vn -0.000000 -0.000000 1.000000
vn -0.000000 -0.000000 1.000000
vn -0.000000 -0.000000 1.000000
vn -0.000000 -0.000000 1.000000
vn -0.000000 -0.000000 1.000000
vn -0.000000 -0.000000 1.000000
vn -0.000000 -0.000000 1.000000
vn -0.000000 -0.000000 1.000000
vn -0.000000 -0.000000 1.000000
vn -0.000000 -0.000000 1.000000
vn -0.000000 -0.000000 1.000000
vn -0.000000 -0.000000 1.000000
vn -0.000000 -0.000000 1.000000
vn -0.000000 -0.000000 1.000000
vn -0.000000 -0.000000 1.000000
vn -0.000000 -0.000000 1.000000
vn -0.000000 -0.000000 1.000000
vn -0.000000 -0.000000 1.000000
vn -0.000000 -0.000000 1.000000
vn -0.000000 -0.000000 1.000000
vn -0.000000 -0.000000 1.000000
vn -0.000000 -0.000000 1.000000
vn -0.000000 -0.000000 1.000000
vn -0.000000 -0.000000 1.000000
vn -0.000000 -0.000000 1.000000
vn -0.000000 -0.000000 1.000000
vn -0.000000 -0.000000 1.000000
vn -0.000000 -0.000000 1.000000
vn -0.000000 -0.000000 1.000000
vn -0.000000 -0.000000 1.000000
vn -0.000000 -0.000000 1.000000
vn -0.000000 -0.000000 1.000000
vn -0.000000 -0.000000 1.000000
vn -0.000000 -0.000000 1.000000
vn -0.000000 -0.000000 1.000000
vn -0.000000 -0.000000 1.000000
vn -0.000000 -0.000000 1.000000
vn -0.000000 -0.000000 1.000000
vn -0.000000 -0.000000 1.000000
vn -0.000000 -0.000000 1.000000
vn -0.000000 -0.000000 1.000000
vn -0.000000 -0.000000 1.000000
vn -0.000000 -0.000000 1.000000
vn -0.000000 -0.000000 1.000000
vn -0.000000 -0.000000 1.000000
vn -0.000000 -0.000000 1.000000
vn -0.000000 -0.000000 1.000000
vn -0.000000 -0.000000 1.000000
vn -0.000000 -0.000000 1.000000
vn -0.000000 -0.000000 1.000000
vn -0.000000 -0.000000 1.000000
vn -0.000000 -0.000000 1.000000
vn -0.000000 -0.000000 1.000000
vn -0.000000 -0.000000 1.000000
vn -0.000000 -0.000000 1.000000
vn -0.000000 -0.000000 1.000000
vn -0.000000 -0.000000 1.000000
vn -0.000000 -0.000000 1.000000
vn -0.000000 -0.000000 1.000000
vn -0.000000 -0.000000 1.000000
vn -0.000000 -0.000000 1.000000
vn -0.000000 -0.000000 1.000000
vn -0.000000 -0.000000 1.000000
vn -0.000000 -0.000000 1.000000
vn -0.000000 -0.000000 1.000000
vn -0.000000 -0.000000 1.000000
vn -0.000000 -0.000000 1.000000
vn -0.000000 -0.000000 1.000000
vn -0.000000 -0.000000 1.000000
vn -0.000000 -0.000000 1.000000
vn -0.000000 -0.000000 1.000000
vn -0.000000 -0.000000 1.000000
vn -0.000000 -0.000000 1.000000
vn -0.000000 -0.000000 1.000000
vn -0.000000 -0.000000 1.000000
vn -0.000000 -0.000000 1.000000
f 4595//4595 4530//4530 4529//4529
f 4596//4596 4529//4529 4528//4528
f 4596//4596 4595//4595 4529//4529
f 4594//4594 4531//4531 4530//4530
f 4594//4594 4530//4530 4595//4595
f 4597//4597 4528//4528 4527//4527
f 4597//4597 4596//4596 4528//4528
f 4593//4593 4531//4531 4594//4594
f 4593//4593 4532//4532 4531//4531
f 4598//4598 4597//4597 4527//4527
f 4592//4592 4533//4533 4532//4532
f 4592//4592 4532//4532 4593//4593
f 4599//4599 4527//4527 4526//4526
f 4599//4599 4598//4598 4527//4527
f 4600//4600 4526//4526 4525//4525
f 4600//4600 4599//4599 4526//4526
f 4591//4591 4534//4534 4533//4533
f 4591//4591 4533//4533 4592//4592
f 4561//4561 4600//4600 4525//4525
f 4590//4590 4535//4535 4534//4534
f 4590//4590 4534//4534 4591//4591
f 4562//4562 4561//4561 4525//4525
f 4562//4562 4525//4525 4560//4560
f 4589//4589 4535//4535 4590//4590
f 4589//4589 4536//4536 4535//4535
f 4563//4563 4562//4562 4560//4560
f 4563//4563 4560//4560 4559//4559
f 4588//4588 4536//4536 4589//4589
f 4588//4588 4537//4537 4536//4536
f 4564//4564 4559//4559 4558//4558
f 4564//4564 4563//4563 4559//4559
f 4587//4587 4537//4537 4588//4588
f 4538//4538 4537//4537 4587//4587
f 4565//4565 4558//4558 4557//4557
f 4565//4565 4564//4564 4558//4558
f 4586//4586 4538//4538 4587//4587
f 4566//4566 4565//4565 4557//4557
f 4539//4539 4538//4538 4586//4586
f 4539//4539 4586//4586 4585//4585
f 4556//4556 4566//4566 4557//4557
f 4567//4567 4566//4566 4556//4556
f 4540//4540 4585//4585 4584//4584
f 4540//4540 4539//4539 4585//4585
f 4555//4555 4568//4568 4567//4567
f 4555//4555 4567//4567 4556//4556
f 4541//4541 4584//4584 4583//4583
f 4541//4541 4540//4540 4584//4584
f 4554//4554 4569//4569 4568//4568
f 4554//4554 4568//4568 4555//4555
f 4542//4542 4583//4583 4582//4582
f 4542//4542 4541//4541 4583//4583
f 4553//4553 4570//4570 4569//4569
f 4553//4553 4569//4569 4554//4554
f 4543//4543 4581//4581 4580//4580
f 4543//4543 4582//4582 4581//4581
f 4543//4543 4542//4542 4582//4582
f 4552//4552 4571//4571 4570//4570
f 4552//4552 4570//4570 4553//4553
f 4544//4544 4580//4580 4579//4579
f 4544//4544 4543//4543 4580//4580
f 4551//4551 4572//4572 4571//4571
f 4551//4551 4571//4571 4552//4552
f 4545//4545 4578//4578 4577//4577
f 4545//4545 4579//4579 4578//4578
f 4545//4545 4544//4544 4579//4579
f 4550//4550 4572//4572 4551//4551
f 4550//4550 4573//4573 4572//4572
f 4546//4546 4577//4577 4576//4576
f 4546//4546 4545//4545 4577//4577
f 4549//4549 4573//4573 4550//4550
f 4549//4549 4574//4574 4573//4573
f 4547//4547 4576//4576 4575//4575
f 4547//4547 4546//4546 4576//4576
f 4548//4548 4574//4574 4549//4549
f 4548//4548 4547//4547 4575//4575
f 4548//4548 4575//4575 4574//4574
v -209.000000 270.000000 30.000000
v -209.319031 266.353394 30.000000
v -210.266449 262.817566 30.000000
v -211.813461 259.500000 30.000000
v -213.913071 256.501465 30.000000
v -216.501465 253.913071 30.000000
v -219.500000 251.813461 30.000000
v -222.817581 250.266449 30.000000
v -226.353394 249.319031 30.000000
v -230.000000 249.000000 30.000000
v -233.646606 249.319031 30.000000
v -237.182419 250.266449 30.000000
v -240.500000 251.813461 30.000000
v -243.498535 253.913071 30.000000
v -246.086929 256.501465 30.000000
v -248.186539 259.500000 30.000000
v -249.733551 262.817566 30.000000
v -250.680969 266.353394 30.000000
v -251.000000 270.000000 30.000000
v -250.680969 273.646606 30.000000
v -249.733551 277.182434 30.000000
v -248.186539 280.500000 30.000000
v -246.086929 283.498535 30.000000
v -243.498535 286.086945 30.000000
v -240.500000 288.186523 30.000000
v -237.182419 289.733551 30.000000
v -233.646606 290.680969 30.000000
v -230.000000 291.000000 30.000000
v -226.353394 290.680969 30.000000
v -222.817581 289.733551 30.000000
v -219.500000 288.186523 30.000000
v -216.501465 286.086945 30.000000
v -213.913071 283.498535 30.000000
v -211.813461 280.500000 30.000000
v -210.266449 277.182434 30.000000
v -209.319031 273.646606 30.000000
v -218.000000 270.000000 30.000000
v -218.165604 271.986572 30.000000
v -218.657837 273.918518 30.000000
v -219.455399 275.728119 30.000000
v -220.529617 277.369629 30.000000
v -221.857071 278.814331 30.000000
v -223.402039 280.023315 30.000000
v -225.123337 280.964386 30.000000
v -226.975159 281.612488 30.000000
v -228.907654 281.950165 30.000000
v -230.869324 281.968445 30.000000
v -232.807953 281.666840 30.000000
v -234.671371 281.053436 30.000000
v -236.409912 280.144592 30.000000
v -237.977295 278.964508 30.000000
v -239.331345 277.544952 30.000000
v -240.435944 275.923737 30.000000
v -241.261719 274.144043 30.000000
v -241.786469 272.253723 30.000000
v -241.946442 271.132111 30.000000
v -242.000000 270.000000 30.000000
v -241.834396 268.013428 30.000000
v -241.342163 266.081482 30.000000
v -240.544601 264.271881 30.000000
v -239.470383 262.630371 30.000000
v -238.142929 261.185669 30.000000
v -236.597961 259.976685 30.000000
v -234.876663 259.035614 30.000000
v -233.024841 258.387512 30.000000
v -231.092346 258.049835 30.000000
v -229.130676 258.031555 30.000000
v -227.192047 258.333160 30.000000
v -225.328629 258.946564 30.000000
v -223.590088 259.855408 30.000000
v -222.022705 261.035492 30.000000
v -220.668655 262.455048 30.000000
v -219.564056 264.076263 30.000000
v -218.738281 265.855957 30.000000
v -218.213531 267.746277 30.000000
v -218.053558 268.867889 30.000000
vn -0.000000 -0.000000 1.000000
vn -0.000000 -0.000000 1.000000
vn -0.000000 -0.000000 1.000000
vn -0.000000 -0.000000 1.000000
vn -0.000000 -0.000000 1.000000
vn -0.000000 -0.000000 1.000000
vn -0.000000 -0.000000 1.000000
vn -0.000000 -0.000000 1.000000
vn -0.000000 -0.000000 1.000000
vn -0.000000 -0.000000 1.000000
vn -0.000000 -0.000000 1.000000
vn -0.000000 -0.000000 1.000000
vn -0.000000 -0.000000 1.000000
vn -0.000000 -0.000000 1.000000
vn -0.000000 -0.000000 1.000000
vn -0.000000 -0.000000 1.000000
vn -0.000000 -0.000000 1.000000
vn -0.000000 -0.000000 1.000000
vn -0.000000 -0.000000 1.000000
vn -0.000000 -0.000000 1.000000
vn -0.000000 -0.000000 1.000000
vn -0.000000 -0.000000 1.000000
vn -0.000000 -0.000000 1.000000
vn -0.000000 -0.000000 1.000000
vn -0.000000 -0.000000 1.000000
vn -0.000000 -0.000000 1.000000
vn -0.000000 -0.000000 1.000000
vn -0.000000 -0.000000 1.000000
vn -0.000000 -0.000000 1.000000
vn -0.000000 -0.000000 1.000000
vn -0.000000 -0.000000 1.000000
vn -0.000000 -0.000000 1.000000
vn -0.000000 -0.000000 1.000000
vn -0.000000 -0.000000 1.000000
vn -0.000000 -0.000000 1.000000
vn -0.000000 -0.000000 1.000000
vn -0.000000 -0.000000 1.000000
vn -0.000000 -0.000000 1.000000
vn -0.000000 -0.000000 1.000000
vn -0.000000 -0.000000 1.000000
vn -0.000000 -0.000000 1.000000
vn -0.000000 -0.000000 1.000000
vn -0.000000 -0.000000 1.000000
vn -0.000000 -0.000000 1.000000
vn -0.000000 -0.000000 1.000000
vn -0.000000 -0.000000 1.000000
vn -0.000000 -0.000000 1.000000
vn -0.000000 -0.000000 1.000000
vn -0.000000 -0.000000 1.000000
vn -0.000000 -0.000000 1.000000
vn -0.000000 -0.000000 1.000000
vn -0.000000 -0.000000 1.000000
vn -0.000000 -0.000000 1.000000
vn -0.000000 -0.000000 1.000000
vn -0.000000 -0.000000 1.000000
vn -0.000000 -0.000000 1.000000
vn -0.000000 -0.000000 1.000000
vn -0.000000 -0.000000 1.000000
vn -0.000000 -0.000000 1.000000
vn -0.000000 -0.000000 1.000000
vn -0.000000 -0.000000 1.000000
vn -0.000000 -0.000000 1.000000
vn -0.000000 -0.000000 1.000000
vn -0.000000 -0.000000 1.000000
vn -0.000000 -0.000000 1.000000
vn -0.000000 -0.000000 1.000000
vn -0.000000 -0.000000 1.000000
vn -0.000000 -0.000000 1.000000
vn -0.000000 -0.000000 1.000000
vn -0.000000 -0.000000 1.000000
vn -0.000000 -0.000000 1.000000
vn -0.000000 -0.000000 1.000000
vn -0.000000 -0.000000 1.000000
vn -0.000000 -0.000000 1.000000
vn -0.000000 -0.000000 1.000000
vn -0.000000 -0.000000 1.000000
f 4671//4671 4606//4606 4605//4605
f 4672//4672 4605//4605 4604//4604
f 4672//4672 4671//4671 4605//4605
f 4670//4670 4607//4607 4606//4606
f 4670//4670 4606//4606 4671//4671
f 4673//4673 4604//4604 4603//4603
f 4673//4673 4672//4672 4604//4604
f 4669//4669 4607//4607 4670//4670
f 4669//4669 4608//4608 4607//4607
f 4674//4674 4673//4673 4603//4603
f 4668//4668 4609//4609 4608//4608
f 4668//4668 4608//4608 4669//4669
f 4675//4675 4603//4603 4602//4602
f 4675//4675 4674//4674 4603//4603
f 4676//4676 4602//4602 4601//4601
f 4676//4676 4675//4675 4602//4602
f 4667//4667 4610//4610 4609//4609
f 4667//4667 4609//4609 4668//4668
f 4637//4637 4676//4676 4601//4601
f 4666//4666 4611//4611 4610//4610
f 4666//4666 4610//4610 4667//4667
f 4638//4638 4637//4637 4601//4601
f 4638//4638 4601//4601 4636//4636
f 4665//4665 4611//4611 4666//4666
f 4665//4665 4612//4612 4611//4611
f 4639//4639 4638//4638 4636//4636
f 4639//4639 4636//4636 4635//4635
f 4664//4664 4612//4612 4665//4665
f 4664//4664 4613//4613 4612//4612
f 4640//4640 4635//4635 4634//4634
f 4640//4640 4639//4639 4635//4635
f 4663//4663 4613//4613 4664//4664
f 4614//4614 4613//4613 4663//4663
f 4641//4641 4634//4634 4633//4633
f 4641//4641 4640//4640 4634//4634
f 4662//4662 4614//4614 4663//4663
f 4642//4642 4641//4641 4633//4633
f 4615//4615 4614//4614 4662//4662
f 4615//4615 4662//4662 4661//4661
f 4632//4632 4642//4642 4633//4633
f 4643//4643 4642//4642 4632//4632
f 4616//4616 4661//4661 4660//4660
f 4616//4616 4615//4615 4661//4661
f 4631//4631 4644//4644 4643//4643
f 4631//4631 4643//4643 4632//4632
f 4617//4617 4660//4660 4659//4659
f 4617//4617 4616//4616 4660//4660
f 4630//4630 4645//4645 4644//4644
f 4630//4630 4644//4644 4631//4631
f 4618//4618 4659//4659 4658//4658
f 4618//4618 4617//4617 4659//4659
f 4629//4629 4646//4646 4645//4645
f 4629//4629 4645//4645 4630//4630
f 4619//4619 4657//4657 4656//4656
f 4619//4619 4658//4658 4657//4657
f 4619//4619 4618//4618 4658//4658
f 4628//4628 4647//4647 4646//4646
f 4628//4628 4646//4646 4629//4629
f 4620//4620 4656//4656 4655//4655
f 4620//4620 4619//4619 4656//4656
f 4627//4627 4648//4648 4647//4647
f 4627//4627 4647//4647 4628//4628
f 4621//4621 4654//4654 4653//4653
f 4621//4621 4655//4655 4654//4654
f 4621//4621 4620//4620 4655//4655
f 4626//4626 4648//4648 4627//4627
f 4626//4626 4649//4649 4648//4648
f 4622//4622 4653//4653 4652//4652
f 4622//4622 4621//4621 4653//4653
f 4625//4625 4649//4649 4626//4626
f 4625//4625 4650//4650 4649//4649
f 4623//4623 4652//4652 4651//4651
f 4623//4623 4622//4622 4652//4652
f 4624//4624 4650//4650 4625//4625
f 4624//4624 4623//4623 4651//4651
f 4624//4624 4651//4651 4650//4650
v -370.500000 159.500000 212.500000
v -393.500000 159.500000 212.500000
v -393.500000 108.500000 212.500000
v -370.500000 108.500000 212.500000
vn 0.000000 0.000000 1.000000
vn 0.000000 0.000000 1.000000
vn 0.000000 0.000000 1.000000
vn 0.000000 0.000000 1.000000
f 4677//4677 4678//4678 4679//4679
f 4677//4677 4679//4679 4680//4680
v -370.500000 -108.500000 212.500000
v -393.500000 -108.500000 212.500000
v -393.500000 -131.500000 212.500000
v -370.500000 -131.500000 212.500000
vn 0.000000 0.000000 1.000000
vn 0.000000 0.000000 1.000000
vn 0.000000 0.000000 1.000000
vn 0.000000 0.000000 1.000000
f 4681//4681 4682//4682 4683//4683
f 4681//4681 4683//4683 4684//4684
v -249.000000 -230.000000 30.000000
v -249.319031 -233.646606 30.000000
v -250.266449 -237.182419 30.000000
v -251.813461 -240.500000 30.000000
v -253.913071 -243.498535 30.000000
v -256.501465 -246.086929 30.000000
v -259.500000 -248.186539 30.000000
v -262.817566 -249.733551 30.000000
v -266.353394 -250.680969 30.000000
v -270.000000 -251.000000 30.000000
v -273.646606 -250.680969 30.000000
v -277.182434 -249.733551 30.000000
v -280.500000 -248.186539 30.000000
v -283.498535 -246.086929 30.000000
v -286.086945 -243.498535 30.000000
v -288.186523 -240.500000 30.000000
v -289.733551 -237.182419 30.000000
v -290.680969 -233.646606 30.000000
v -291.000000 -230.000000 30.000000
v -290.680969 -226.353394 30.000000
v -289.733551 -222.817581 30.000000
v -288.186523 -219.500000 30.000000
v -286.086945 -216.501465 30.000000
v -283.498535 -213.913071 30.000000
v -280.500000 -211.813461 30.000000
v -277.182434 -210.266449 30.000000
v -273.646606 -209.319031 30.000000
v -270.000000 -209.000000 30.000000
v -266.353394 -209.319031 30.000000
v -262.817566 -210.266449 30.000000
v -259.500000 -211.813461 30.000000
v -256.501465 -213.913071 30.000000
v -253.913071 -216.501465 30.000000
v -251.813461 -219.500000 30.000000
v -250.266449 -222.817581 30.000000
v -249.319031 -226.353394 30.000000
v -258.000000 -230.000000 30.000000
v -258.165588 -228.013412 30.000000
v -258.657837 -226.081482 30.000000
v -259.455383 -224.271881 30.000000
v -260.529633 -222.630371 30.000000
v -261.857086 -221.185669 30.000000
v -263.402039 -219.976685 30.000000
v -265.123352 -219.035614 30.000000
v -266.975159 -218.387512 30.000000
v -268.907654 -218.049820 30.000000
v -270.869324 -218.031555 30.000000
v -272.807953 -218.333176 30.000000
v -274.671387 -218.946579 30.000000
v -276.409912 -219.855408 30.000000
v -277.977295 -221.035492 30.000000
v -279.331329 -222.455063 30.000000
v -280.435944 -224.076263 30.000000
v -281.261719 -225.855972 30.000000
v -281.786469 -227.746277 30.000000
v -281.946442 -228.867874 30.000000
v -282.000000 -230.000000 30.000000
v -281.834412 -231.986588 30.000000
v -281.342163 -233.918518 30.000000
v -280.544617 -235.728119 30.000000
v -279.470367 -237.369629 30.000000
v -278.142914 -238.814331 30.000000
v -276.597961 -240.023315 30.000000
v -274.876648 -240.964386 30.000000
v -273.024841 -241.612488 30.000000
v -271.092346 -241.950180 30.000000
v -269.130676 -241.968445 30.000000
v -267.192047 -241.666824 30.000000
v -265.328613 -241.053421 30.000000
v -263.590088 -240.144592 30.000000
v -262.022705 -238.964508 30.000000
v -260.668671 -237.544937 30.000000
v -259.564056 -235.923737 30.000000
v -258.738281 -234.144028 30.000000
v -258.213531 -232.253723 30.000000
v -258.053558 -231.132126 30.000000
vn -0.000000 -0.000000 1.000000
vn -0.000000 -0.000000 1.000000
vn -0.000000 -0.000000 1.000000
vn -0.000000 -0.000000 1.000000
vn -0.000000 -0.000000 1.000000
vn -0.000000 -0.000000 1.000000
vn -0.000000 -0.000000 1.000000
vn -0.000000 -0.000000 1.000000
vn -0.000000 -0.000000 1.000000
vn -0.000000 -0.000000 1.000000
vn -0.000000 -0.000000 1.000000
vn -0.000000 -0.000000 1.000000
vn -0.000000 -0.000000 1.000000
vn -0.000000 -0.000000 1.000000
vn -0.000000 -0.000000 1.000000
vn -0.000000 -0.000000 1.000000
vn -0.000000 -0.000000 1.000000
vn -0.000000 -0.000000 1.000000
vn -0.000000 -0.000000 1.000000
vn -0.000000 -0.000000 1.000000
vn -0.000000 -0.000000 1.000000
vn -0.000000 -0.000000 1.000000
vn -0.000000 -0.000000 1.000000
vn -0.000000 -0.000000 1.000000
vn -0.000000 -0.000000 1.000000
vn -0.000000 -0.000000 1.000000
vn -0.000000 -0.000000 1.000000
vn -0.000000 -0.000000 1.000000
vn -0.000000 -0.000000 1.000000
vn -0.000000 -0.000000 1.000000
vn -0.000000 -0.000000 1.000000
vn -0.000000 -0.000000 1.000000
vn -0.000000 -0.000000 1.000000
vn -0.000000 -0.000000 1.000000
vn -0.000000 -0.000000 1.000000
vn -0.000000 -0.000000 1.000000
vn -0.000000 -0.000000 1.000000
vn -0.000000 -0.000000 1.000000
vn -0.000000 -0.000000 1.000000
vn -0.000000 -0.000000 1.000000
vn -0.000000 -0.000000 1.000000
vn -0.000000 -0.000000 1.000000
vn -0.000000 -0.000000 1.000000
vn -0.000000 -0.000000 1.000000
vn -0.000000 -0.000000 1.000000
vn -0.000000 -0.000000 1.000000
vn -0.000000 -0.000000 1.000000
vn -0.000000 -0.000000 1.000000
vn -0.000000 -0.000000 1.000000
vn -0.000000 -0.000000 1.000000
vn -0.000000 -0.000000 1.000000
vn -0.000000 -0.000000 1.000000
vn -0.000000 -0.000000 1.000000
vn -0.000000 -0.000000 1.000000
vn -0.000000 -0.000000 1.000000
vn -0.000000 -0.000000 1.000000
vn -0.000000 -0.000000 1.000000
vn -0.000000 -0.000000 1.000000
vn -0.000000 -0.000000 1.000000
vn -0.000000 -0.000000 1.000000
vn -0.000000 -0.000000 1.000000
vn -0.000000 -0.000000 1.000000
vn -0.000000 -0.000000 1.000000
vn -0.000000 -0.000000 1.000000
vn -0.000000 -0.000000 1.000000
vn -0.000000 -0.000000 1.000000
vn -0.000000 -0.000000 1.000000
vn -0.000000 -0.000000 1.000000
vn -0.000000 -0.000000 1.000000
vn -0.000000 -0.000000 1.000000
vn -0.000000 -0.000000 1.000000
vn -0.000000 -0.000000 1.000000
vn -0.000000 -0.000000 1.000000
vn -0.000000 -0.000000 1.000000
vn -0.000000 -0.000000 1.000000
vn -0.000000 -0.000000 1.000000
f 4755//4755 4690//4690 4689//4689
f 4756//4756 4689//4689 4688//4688
f 4756//4756 4755//4755 4689//4689
f 4754//4754 4691//4691 4690//4690
f 4754//4754 4690//4690 4755//4755
f 4757//4757 4688//4688 4687//4687
f 4757//4757 4756//4756 4688//4688
f 4753//4753 4691//4691 4754//4754
f 4753//4753 4692//4692 4691//4691
f 4758//4758 4757//4757 4687//4687
f 4752//4752 4693//4693 4692//4692
f 4752//4752 4692//4692 4753//4753
f 4759//4759 4687//4687 4686//4686
f 4759//4759 4758//4758 4687//4687
f 4760//4760 4686//4686 4685//4685
f 4760//4760 4759//4759 4686//4686
f 4751//4751 4694//4694 4693//4693
f 4751//4751 4693//4693 4752//4752
f 4721//4721 4760//4760 4685//4685
f 4750//4750 4695//4695 4694//4694
f 4750//4750 4694//4694 4751//4751
f 4722//4722 4721//4721 4685//4685
f 4722//4722 4685//4685 4720//4720
f 4749//4749 4695//4695 4750//4750
f 4749//4749 4696//4696 4695//4695
f 4723//4723 4722//4722 4720//4720
f 4723//4723 4720//4720 4719//4719
f 4748//4748 4696//4696 4749//4749
f 4748//4748 4697//4697 4696//4696
f 4724//4724 4719//4719 4718//4718
f 4724//4724 4723//4723 4719//4719
f 4747//4747 4697//4697 4748//4748
f 4698//4698 4697//4697 4747//4747
f 4725//4725 4718//4718 4717//4717
f 4725//4725 4724//4724 4718//4718
f 4746//4746 4698//4698 4747//4747
f 4726//4726 4725//4725 4717//4717
f 4699//4699 4698//4698 4746//4746
f 4699//4699 4746//4746 4745//4745
f 4716//4716 4726//4726 4717//4717
f 4727//4727 4726//4726 4716//4716
f 4700//4700 4745//4745 4744//4744
f 4700//4700 4699//4699 4745//4745
f 4715//4715 4728//4728 4727//4727
f 4715//4715 4727//4727 4716//4716
f 4701//4701 4744//4744 4743//4743
f 4701//4701 4700//4700 4744//4744
f 4714//4714 4729//4729 4728//4728
f 4714//4714 4728//4728 4715//4715
f 4702//4702 4743//4743 4742//4742
f 4702//4702 4701//4701 4743//4743
f 4713//4713 4730//4730 4729//4729
f 4713//4713 4729//4729 4714//4714
f 4703//4703 4741//4741 4740//4740
f 4703//4703 4742//4742 4741//4741
f 4703//4703 4702//4702 4742//4742
f 4712//4712 4731//4731 4730//4730
f 4712//4712 4730//4730 4713//4713
f 4704//4704 4740//4740 4739//4739
f 4704//4704 4703//4703 4740//4740
f 4711//4711 4732//4732 4731//4731
f 4711//4711 4731//4731 4712//4712
f 4705//4705 4738//4738 4737//4737
f 4705//4705 4739//4739 4738//4738
f 4705//4705 4704//4704 4739//4739
f 4710//4710 4732//4732 4711//4711
f 4710//4710 4733//4733 4732//4732
f 4706//4706 4737//4737 4736//4736
f 4706//4706 4705//4705 4737//4737
f 4709//4709 4733//4733 4710//4710
f 4709//4709 4734//4734 4733//4733
f 4707//4707 4736//4736 4735//4735
f 4707//4707 4706//4706 4736//4736
f 4708//4708 4734//4734 4709//4709
f 4708//4708 4707//4707 4735//4735
f 4708//4708 4735//4735 4734//4734
v -209.000000 -270.000000 30.000000
v -209.319031 -273.646606 30.000000
v -210.266449 -277.182434 30.000000
v -211.813461 -280.500000 30.000000
v -213.913071 -283.498535 30.000000
v -216.501465 -286.086945 30.000000
v -219.500000 -288.186523 30.000000
v -222.817581 -289.733551 30.000000
v -226.353394 -290.680969 30.000000
v -230.000000 -291.000000 30.000000
v -233.646606 -290.680969 30.000000
v -237.182419 -289.733551 30.000000
v -240.500000 -288.186523 30.000000
v -243.498535 -286.086945 30.000000
v -246.086929 -283.498535 30.000000
v -248.186539 -280.500000 30.000000
v -249.733551 -277.182434 30.000000
v -250.680969 -273.646606 30.000000
v -251.000000 -270.000000 30.000000
v -250.680969 -266.353394 30.000000
v -249.733551 -262.817566 30.000000
v -248.186539 -259.500000 30.000000
v -246.086929 -256.501465 30.000000
v -243.498535 -253.913071 30.000000
v -240.500000 -251.813461 30.000000
v -237.182419 -250.266449 30.000000
v -233.646606 -249.319031 30.000000
v -230.000000 -249.000000 30.000000
v -226.353394 -249.319031 30.000000
v -222.817581 -250.266449 30.000000
v -219.500000 -251.813461 30.000000
v -216.501465 -253.913071 30.000000
v -213.913071 -256.501465 30.000000
v -211.813461 -259.500000 30.000000
v -210.266449 -262.817566 30.000000
v -209.319031 -266.353394 30.000000
v -218.000000 -270.000000 30.000000
v -218.165604 -268.013428 30.000000
v -218.657837 -266.081482 30.000000
v -219.455399 -264.271881 30.000000
v -220.529617 -262.630371 30.000000
v -221.857071 -261.185669 30.000000
v -223.402039 -259.976685 30.000000
v -225.123337 -259.035614 30.000000
v -226.975159 -258.387512 30.000000
v -228.907654 -258.049835 30.000000
v -230.869324 -258.031555 30.000000
v -232.807953 -258.333160 30.000000
v -234.671371 -258.946564 30.000000
v -236.409912 -259.855408 30.000000
v -237.977295 -261.035492 30.000000
v -239.331345 -262.455048 30.000000
v -240.435944 -264.076263 30.000000
v -241.261719 -265.855957 30.000000
v -241.786469 -267.746277 30.000000
v -241.946442 -268.867889 30.000000
v -242.000000 -270.000000 30.000000
v -241.834396 -271.986572 30.000000
v -241.342163 -273.918518 30.000000
v -240.544601 -275.728119 30.000000
v -239.470383 -277.369629 30.000000
v -238.142929 -278.814331 30.000000
v -236.597961 -280.023315 30.000000
v -234.876663 -280.964386 30.000000
v -233.024841 -281.612488 30.000000
v -231.092346 -281.950165 30.000000
v -229.130676 -281.968445 30.000000
v -227.192047 -281.666840 30.000000
v -225.328613 -281.053436 30.000000
v -223.590088 -280.144592 30.000000
v -222.022705 -278.964508 30.000000
v -220.668655 -277.544952 30.000000
v -219.564056 -275.923737 30.000000
v -218.738281 -274.144043 30.000000
v -218.213531 -272.253723 30.000000
v -218.053558 -271.132111 30.000000
vn -0.000000 -0.000000 1.000000
vn -0.000000 -0.000000 1.000000
vn -0.000000 -0.000000 1.000000
vn -0.000000 -0.000000 1.000000
vn -0.000000 -0.000000 1.000000
vn -0.000000 -0.000000 1.000000
vn -0.000000 -0.000000 1.000000
vn -0.000000 -0.000000 1.000000
vn -0.000000 -0.000000 1.000000
vn -0.000000 -0.000000 1.000000
vn -0.000000 -0.000000 1.000000
vn -0.000000 -0.000000 1.000000
vn -0.000000 -0.000000 1.000000
vn -0.000000 -0.000000 1.000000
vn -0.000000 -0.000000 1.000000
vn -0.000000 -0.000000 1.000000
vn -0.000000 -0.000000 1.000000
vn -0.000000 -0.000000 1.000000
vn -0.000000 -0.000000 1.000000
vn -0.000000 -0.000000 1.000000
vn -0.000000 -0.000000 1.000000
vn -0.000000 -0.000000 1.000000
vn -0.000000 -0.000000 1.000000
vn -0.000000 -0.000000 1.000000
vn -0.000000 -0.000000 1.000000
vn -0.000000 -0.000000 1.000000
vn -0.000000 -0.000000 1.000000
vn -0.000000 -0.000000 1.000000
vn -0.000000 -0.000000 1.000000
vn -0.000000 -0.000000 1.000000
vn -0.000000 -0.000000 1.000000
vn -0.000000 -0.000000 1.000000
vn -0.000000 -0.000000 1.000000
vn -0.000000 -0.000000 1.000000
vn -0.000000 -0.000000 1.000000
vn -0.000000 -0.000000 1.000000
vn -0.000000 -0.000000 1.000000
vn -0.000000 -0.000000 1.000000
vn -0.000000 -0.000000 1.000000
vn -0.000000 -0.000000 1.000000
vn -0.000000 -0.000000 1.000000
vn -0.000000 -0.000000 1.000000
vn -0.000000 -0.000000 1.000000
vn -0.000000 -0.000000 1.000000
vn -0.000000 -0.000000 1.000000
vn -0.000000 -0.000000 1.000000
vn -0.000000 -0.000000 1.000000
vn -0.000000 -0.000000 1.000000
vn -0.000000 -0.000000 1.000000
vn -0.000000 -0.000000 1.000000
vn -0.000000 -0.000000 1.000000
vn -0.000000 -0.000000 1.000000
vn -0.000000 -0.000000 1.000000
vn -0.000000 -0.000000 1.000000
vn -0.000000 -0.000000 1.000000
vn -0.000000 -0.000000 1.000000
vn -0.000000 -0.000000 1.000000
vn -0.000000 -0.000000 1.000000
vn -0.000000 -0.000000 1.000000
vn -0.000000 -0.000000 1.000000
vn -0.000000 -0.000000 1.000000
vn -0.000000 -0.000000 1.000000
vn -0.000000 -0.000000 1.000000
vn -0.000000 -0.000000 1.000000
vn -0.000000 -0.000000 1.000000
vn -0.000000 -0.000000 1.000000
vn -0.000000 -0.000000 1.000000
vn -0.000000 -0.000000 1.000000
vn -0.000000 -0.000000 1.000000
vn -0.000000 -0.000000 1.000000
vn -0.000000 -0.000000 1.000000
vn -0.000000 -0.000000 1.000000
vn -0.000000 -0.000000 1.000000
vn -0.000000 -0.000000 1.000000
vn -0.000000 -0.000000 1.000000
vn -0.000000 -0.000000 1.000000
f 4831//4831 4766//4766 4765//4765
f 4832//4832 4765//4765 4764//4764
f 4832//4832 4831//4831 4765//4765
f 4830//4830 4767//4767 4766//4766
f 4830//4830 4766//4766 4831//4831
f 4833//4833 4764//4764 4763//4763
f 4833//4833 4832//4832 4764//4764
f 4829//4829 4767//4767 4830//4830
f 4829//4829 4768//4768 4767//4767
f 4834//4834 4833//4833 4763//4763
f 4828//4828 4769//4769 4768//4768
f 4828//4828 4768//4768 4829//4829
f 4835//4835 4763//4763 4762//4762
f 4835//4835 4834//4834 4763//4763
f 4836//4836 4762//4762 4761//4761
f 4836//4836 4835//4835 4762//4762
f 4827//4827 4770//4770 4769//4769
f 4827//4827 4769//4769 4828//4828
f 4797//4797 4836//4836 4761//4761
f 4826//4826 4771//4771 4770//4770
f 4826//4826 4770//4770 4827//4827
f 4798//4798 4797//4797 4761//4761
f 4798//4798 4761//4761 4796//4796
f 4825//4825 4771//4771 4826//4826
f 4825//4825 4772//4772 4771//4771
f 4799//4799 4798//4798 4796//4796
f 4799//4799 4796//4796 4795//4795
f 4824//4824 4772//4772 4825//4825
f 4824//4824 4773//4773 4772//4772
f 4800//4800 4795//4795 4794//4794
f 4800//4800 4799//4799 4795//4795
f 4823//4823 4773//4773 4824//4824
f 4774//4774 4773//4773 4823//4823
f 4801//4801 4794//4794 4793//4793
f 4801//4801 4800//4800 4794//4794
f 4822//4822 4774//4774 4823//4823
f 4802//4802 4801//4801 4793//4793
f 4775//4775 4774//4774 4822//4822
f 4775//4775 4822//4822 4821//4821
f 4792//4792 4802//4802 4793//4793
f 4803//4803 4802//4802 4792//4792
f 4776//4776 4821//4821 4820//4820
f 4776//4776 4775//4775 4821//4821
f 4791//4791 4804//4804 4803//4803
f 4791//4791 4803//4803 4792//4792
f 4777//4777 4820//4820 4819//4819
f 4777//4777 4776//4776 4820//4820
f 4790//4790 4805//4805 4804//4804
f 4790//4790 4804//4804 4791//4791
f 4778//4778 4819//4819 4818//4818
f 4778//4778 4777//4777 4819//4819
f 4789//4789 4806//4806 4805//4805
f 4789//4789 4805//4805 4790//4790
f 4779//4779 4817//4817 4816//4816
f 4779//4779 4818//4818 4817//4817
f 4779//4779 4778//4778 4818//4818
f 4788//4788 4807//4807 4806//4806
f 4788//4788 4806//4806 4789//4789
f 4780//4780 4816//4816 4815//4815
f 4780//4780 4779//4779 4816//4816
f 4787//4787 4808//4808 4807//4807
f 4787//4787 4807//4807 4788//4788
f 4781//4781 4814//4814 4813//4813
f 4781//4781 4815//4815 4814//4814
f 4781//4781 4780//4780 4815//4815
f 4786//4786 4808//4808 4787//4787
f 4786//4786 4809//4809 4808//4808
f 4782//4782 4813//4813 4812//4812
f 4782//4782 4781//4781 4813//4813
f 4785//4785 4809//4809 4786//4786
f 4785//4785 4810//4810 4809//4809
f 4783//4783 4812//4812 4811//4811
f 4783//4783 4782//4782 4812//4812
f 4784//4784 4810//4810 4785//4785
f 4784//4784 4783//4783 4811//4811
f 4784//4784 4811//4811 4810//4810
v -282.000000 -230.000000 0.000000
v -282.000000 -230.000000 30.000000
v -258.000000 -230.000000 30.000000
v -258.165588 -228.013412 30.000000
v -258.657837 -226.081482 30.000000
v -259.455383 -224.271881 30.000000
v -260.529633 -222.630371 30.000000
v -261.857086 -221.185669 30.000000
v -263.402039 -219.976685 30.000000
v -265.123352 -219.035614 30.000000
v -266.975159 -218.387512 30.000000
v -268.907654 -218.049820 30.000000
v -270.869324 -218.031555 30.000000
v -272.807953 -218.333176 30.000000
v -274.671387 -218.946579 30.000000
v -276.409912 -219.855408 30.000000
v -277.977295 -221.035492 30.000000
v -279.331329 -222.455063 30.000000
v -280.435944 -224.076263 30.000000
v -281.261719 -225.855972 30.000000
v -281.786469 -227.746277 30.000000
v -281.946442 -228.867874 30.000000
v -258.000000 -230.000000 0.000000
v -258.182312 -227.916229 0.000000
v -258.723694 -225.895752 0.000000
v -259.607697 -224.000000 0.000000
v -260.807465 -222.286545 0.000000
v -262.286560 -220.807465 0.000000
v -264.000000 -219.607697 0.000000
v -265.895752 -218.723694 0.000000
v -267.916229 -218.182312 0.000000
v -270.000000 -218.000000 0.000000
v -272.083771 -218.182312 0.000000
v -274.104248 -218.723694 0.000000
v -276.000000 -219.607697 0.000000
v -277.713440 -220.807465 0.000000
v -279.192535 -222.286545 0.000000
v -280.392303 -224.000000 0.000000
v -281.276306 -225.895752 0.000000
v -281.817688 -227.916229 0.000000
vn 1.000000 -0.000000 -0.000000
vn 1.000000 -0.000000 -0.000000
vn -1.000000 -0.000000 0.000000
vn -0.986199 -0.165564 0.000000
vn -0.945177 -0.326558 0.000000
vn -0.878703 -0.477369 0.000000
vn -0.789172 -0.614172 0.000000
vn -0.678546 -0.734557 0.000000
vn -0.549782 -0.835308 0.000000
vn -0.406322 -0.913730 0.000000
vn -0.252001 -0.967727 0.000000
vn -0.090943 -0.995856 0.000000
vn 0.072545 -0.997365 -0.000000
vn 0.234095 -0.972214 -0.000000
vn 0.389387 -0.921074 -0.000000
vn 0.534270 -0.845314 -0.000000
vn 0.664872 -0.746957 -0.000000
vn 0.777701 -0.628634 -0.000000
vn 0.869742 -0.493507 -0.000000
vn 0.938533 -0.345188 -0.000000
vn 0.982237 -0.187642 -0.000000
vn 0.995549 -0.094240 -0.000000
vn -1.000000 -0.000000 0.000000
vn -0.984808 -0.173648 0.000000
vn -0.939693 -0.342020 0.000000
vn -0.866025 -0.500000 0.000000
vn -0.766044 -0.642788 0.000000
vn -0.642788 -0.766044 0.000000
vn -0.500000 -0.866025 0.000000
vn -0.342020 -0.939693 0.000000
vn -0.173648 -0.984808 0.000000
vn -0.000000 -1.000000 0.000000
vn 0.173648 -0.984808 -0.000000
vn 0.342020 -0.939693 -0.000000
vn 0.500000 -0.866025 -0.000000
vn 0.642788 -0.766044 -0.000000
vn 0.766044 -0.642788 -0.000000
vn 0.866025 -0.500000 -0.000000
vn 0.939693 -0.342020 -0.000000
vn 0.984808 -0.173648 -0.000000
f 4840//4840 4859//4859 4839//4839
f 4840//4840 4860//4860 4859//4859
f 4841//4841 4861//4861 4860//4860
f 4841//4841 4860//4860 4840//4840
f 4842//4842 4862//4862 4861//4861
f 4842//4842 4861//4861 4841//4841
f 4843//4843 4863//4863 4862//4862
f 4843//4843 4862//4862 4842//4842
f 4844//4844 4864//4864 4863//4863
f 4844//4844 4863//4863 4843//4843
f 4845//4845 4865//4865 4864//4864
f 4845//4845 4864//4864 4844//4844
f 4846//4846 4866//4866 4865//4865
f 4846//4846 4865//4865 4845//4845
f 4847//4847 4867//4867 4866//4866
f 4847//4847 4866//4866 4846//4846
f 4848//4848 4868//4868 4867//4867
f 4848//4848 4867//4867 4847//4847
f 4849//4849 4869//4869 4868//4868
f 4849//4849 4868//4868 4848//4848
f 4850//4850 4870//4870 4869//4869
f 4850//4850 4869//4869 4849//4849
f 4851//4851 4871//4871 4870//4870
f 4851//4851 4870//4870 4850//4850
f 4852//4852 4872//4872 4871//4871
f 4852//4852 4871//4871 4851//4851
f 4853//4853 4873//4873 4872//4872
f 4853//4853 4872//4872 4852//4852
f 4854//4854 4873//4873 4853//4853
f 4854//4854 4874//4874 4873//4873
f 4855//4855 4874//4874 4854//4854
f 4855//4855 4875//4875 4874//4874
f 4856//4856 4875//4875 4855//4855
f 4857//4857 4875//4875 4856//4856
f 4857//4857 4876//4876 4875//4875
f 4858//4858 4876//4876 4857//4857
f 4858//4858 4837//4837 4876//4876
f 4838//4838 4837//4837 4858//4858
v -258.000000 -230.000000 0.000000
v -258.000000 -230.000000 30.000000
v -282.000000 -230.000000 30.000000
v -281.834412 -231.986588 30.000000
v -281.342163 -233.918518 30.000000
v -280.544617 -235.728119 30.000000
v -279.470367 -237.369629 30.000000
v -278.142914 -238.814331 30.000000
v -276.597961 -240.023315 30.000000
v -274.876648 -240.964386 30.000000
v -273.024841 -241.612488 30.000000
v -271.092346 -241.950180 30.000000
v -269.130676 -241.968445 30.000000
v -267.192047 -241.666824 30.000000
v -265.328613 -241.053421 30.000000
v -263.590088 -240.144592 30.000000
v -262.022705 -238.964508 30.000000
v -260.668671 -237.544937 30.000000
v -259.564056 -235.923737 30.000000
v -258.738281 -234.144028 30.000000
v -258.213531 -232.253723 30.000000
v -258.053558 -231.132126 30.000000
v -282.000000 -230.000000 0.000000
v -281.817688 -232.083771 0.000000
v -281.276306 -234.104248 0.000000
v -280.392303 -236.000000 0.000000
v -279.192535 -237.713455 0.000000
v -277.713440 -239.192535 0.000000
v -276.000000 -240.392303 0.000000
v -274.104248 -241.276306 0.000000
v -272.083771 -241.817688 0.000000
v -270.000000 -242.000000 0.000000
v -267.916229 -241.817688 0.000000
v -265.895752 -241.276306 0.000000
v -264.000000 -240.392303 0.000000
v -262.286560 -239.192535 0.000000
v -260.807465 -237.713455 0.000000
v -259.607697 -236.000000 0.000000
v -258.723694 -234.104248 0.000000
v -258.182312 -232.083771 0.000000
vn -1.000000 0.000000 -0.000000
vn -1.000000 0.000000 -0.000000
vn 1.000000 -0.000000 -0.000000
vn 0.986199 0.165564 -0.000000
vn 0.945177 0.326558 -0.000000
vn 0.878703 0.477369 -0.000000
vn 0.789172 0.614172 -0.000000
vn 0.678546 0.734557 -0.000000
vn 0.549782 0.835308 -0.000000
vn 0.406322 0.913730 -0.000000
vn 0.252001 0.967727 -0.000000
vn 0.090943 0.995856 -0.000000
vn -0.072545 0.997365 -0.000000
vn -0.234095 0.972214 -0.000000
vn -0.389387 0.921074 -0.000000
vn -0.534270 0.845314 -0.000000
vn -0.664872 0.746957 -0.000000
vn -0.777701 0.628634 -0.000000
vn -0.869742 0.493507 -0.000000
vn -0.938533 0.345188 -0.000000
vn -0.982237 0.187642 -0.000000
vn -0.995549 0.094240 -0.000000
vn 1.000000 -0.000000 -0.000000
vn 0.984808 0.173648 -0.000000
vn 0.939693 0.342020 -0.000000
vn 0.866025 0.500000 -0.000000
vn 0.766044 0.642788 -0.000000
vn 0.642788 0.766044 -0.000000
vn 0.500000 0.866025 -0.000000
vn 0.342020 0.939693 -0.000000
vn 0.173648 0.984808 -0.000000
vn 0.000000 1.000000 -0.000000
vn -0.173648 0.984808 -0.000000
vn -0.342020 0.939693 -0.000000
vn -0.500000 0.866025 -0.000000
vn -0.642788 0.766044 -0.000000
vn -0.766044 0.642788 -0.000000
vn -0.866025 0.500000 -0.000000
vn -0.939693 0.342020 -0.000000
vn -0.984808 0.173648 -0.000000
f 4880//4880 4899//4899 4879//4879
f 4880//4880 4900//4900 4899//4899
f 4881//4881 4901//4901 4900//4900
f 4881//4881 4900//4900 4880//4880
f 4882//4882 4902//4902 4901//4901
f 4882//4882 4901//4901 4881//4881
f 4883//4883 4903//4903 4902//4902
f 4883//4883 4902//4902 4882//4882
f 4884//4884 4904//4904 4903//4903
f 4884//4884 4903//4903 4883//4883
f 4885//4885 4905//4905 4904//4904
f 4885//4885 4904//4904 4884//4884
f 4886//4886 4906//4906 4905//4905
f 4886//4886 4905//4905 4885//4885
f 4887//4887 4907//4907 4906//4906
f 4887//4887 4906//4906 4886//4886
f 4888//4888 4908//4908 4907//4907
f 4888//4888 4907//4907 4887//4887
f 4889//4889 4909//4909 4908//4908
f 4889//4889 4908//4908 4888//4888
f 4890//4890 4910//4910 4909//4909
f 4890//4890 4909//4909 4889//4889
f 4891//4891 4911//4911 4910//4910
f 4891//4891 4910//4910 4890//4890
f 4892//4892 4912//4912 4911//4911
f 4892//4892 4911//4911 4891//4891
f 4893//4893 4913//4913 4912//4912
f 4893//4893 4912//4912 4892//4892
f 4894//4894 4913//4913 4893//4893
f 4894//4894 4914//4914 4913//4913
f 4895//4895 4914//4914 4894//4894
f 4895//4895 4915//4915 4914//4914
f 4896//4896 4915//4915 4895//4895
f 4897//4897 4915//4915 4896//4896
f 4897//4897 4916//4916 4915//4915
f 4898//4898 4916//4916 4897//4897
f 4898//4898 4877//4877 4916//4916
f 4878//4878 4877//4877 4898//4898
v -242.000000 -270.000000 0.000000
v -242.000000 -270.000000 30.000000
v -218.000000 -270.000000 30.000000
v -218.165604 -268.013428 30.000000
v -218.657837 -266.081482 30.000000
v -219.455399 -264.271881 30.000000
v -220.529617 -262.630371 30.000000
v -221.857071 -261.185669 30.000000
v -223.402039 -259.976685 30.000000
v -225.123337 -259.035614 30.000000
v -226.975159 -258.387512 30.000000
v -228.907654 -258.049835 30.000000
v -230.869324 -258.031555 30.000000
v -232.807953 -258.333160 30.000000
v -234.671371 -258.946564 30.000000
v -236.409912 -259.855408 30.000000
v -237.977295 -261.035492 30.000000
v -239.331345 -262.455048 30.000000
v -240.435944 -264.076263 30.000000
v -241.261719 -265.855957 30.000000
v -241.786469 -267.746277 30.000000
v -241.946442 -268.867889 30.000000
v -218.000000 -270.000000 0.000000
v -218.182312 -267.916229 0.000000
v -218.723694 -265.895752 0.000000
v -219.607697 -264.000000 0.000000
v -220.807465 -262.286560 0.000000
v -222.286545 -260.807465 0.000000
v -224.000000 -259.607697 0.000000
v -225.895752 -258.723694 0.000000
v -227.916229 -258.182312 0.000000
v -230.000000 -258.000000 0.000000
v -232.083771 -258.182312 0.000000
v -234.104248 -258.723694 0.000000
v -236.000000 -259.607697 0.000000
v -237.713455 -260.807465 0.000000
v -239.192535 -262.286560 0.000000
v -240.392303 -264.000000 0.000000
v -241.276306 -265.895752 0.000000
v -241.817688 -267.916229 0.000000
vn 1.000000 -0.000000 -0.000000
vn 1.000000 -0.000000 -0.000000
vn -1.000000 -0.000000 0.000000
vn -0.986199 -0.165564 0.000000
vn -0.945177 -0.326558 0.000000
vn -0.878703 -0.477369 0.000000
vn -0.789172 -0.614172 0.000000
vn -0.678546 -0.734557 0.000000
vn -0.549782 -0.835308 0.000000
vn -0.406322 -0.913730 0.000000
vn -0.252001 -0.967727 0.000000
vn -0.090943 -0.995856 0.000000
vn 0.072545 -0.997365 -0.000000
vn 0.234095 -0.972214 -0.000000
vn 0.389387 -0.921074 -0.000000
vn 0.534270 -0.845314 -0.000000
vn 0.664872 -0.746957 -0.000000
vn 0.777701 -0.628634 -0.000000
vn 0.869742 -0.493507 -0.000000
vn 0.938533 -0.345188 -0.000000
vn 0.982237 -0.187642 -0.000000
vn 0.995549 -0.094240 -0.000000
vn -1.000000 -0.000000 0.000000
vn -0.984808 -0.173648 0.000000
vn -0.939693 -0.342020 0.000000
vn -0.866025 -0.500000 0.000000
vn -0.766044 -0.642788 0.000000
vn -0.642788 -0.766044 0.000000
vn -0.500000 -0.866025 0.000000
vn -0.342020 -0.939693 0.000000
vn -0.173648 -0.984808 0.000000
vn -0.000000 -1.000000 0.000000
vn 0.173648 -0.984808 -0.000000
vn 0.342020 -0.939693 -0.000000
vn 0.500000 -0.866025 -0.000000
vn 0.642788 -0.766044 -0.000000
vn 0.766044 -0.642788 -0.000000
vn 0.866025 -0.500000 -0.000000
vn 0.939693 -0.342020 -0.000000
vn 0.984808 -0.173648 -0.000000
f 4920//4920 4939//4939 4919//4919
f 4920//4920 4940//4940 4939//4939
f 4921//4921 4941//4941 4940//4940
f 4921//4921 4940//4940 4920//4920
f 4922//4922 4942//4942 4941//4941
f 4922//4922 4941//4941 4921//4921
f 4923//4923 4943//4943 4942//4942
f 4923//4923 4942//4942 4922//4922
f 4924//4924 4944//4944 4943//4943
f 4924//4924 4943//4943 4923//4923
f 4925//4925 4945//4945 4944//4944
f 4925//4925 4944//4944 4924//4924
f 4926//4926 4946//4946 4945//4945
f 4926//4926 4945//4945 4925//4925
f 4927//4927 4947//4947 4946//4946
f 4927//4927 4946//4946 4926//4926
f 4928//4928 4948//4948 4947//4947
f 4928//4928 4947//4947 4927//4927
f 4929//4929 4949//4949 4948//4948
f 4929//4929 4948//4948 4928//4928
f 4930//4930 4950//4950 4949//4949
f 4930//4930 4949//4949 4929//4929
f 4931//4931 4951//4951 4950//4950
f 4931//4931 4950//4950 4930//4930
f 4932//4932 4952//4952 4951//4951
f 4932//4932 4951//4951 4931//4931
f 4933//4933 4953//4953 4952//4952
f 4933//4933 4952//4952 4932//4932
f 4934//4934 4953//4953 4933//4933
f 4934//4934 4954//4954 4953//4953
f 4935//4935 4954//4954 4934//4934
f 4935//4935 4955//4955 4954//4954
f 4936//4936 4955//4955 4935//4935
f 4937//4937 4955//4955 4936//4936
f 4937//4937 4956//4956 4955//4955
f 4938//4938 4956//4956 4937//4937
f 4938//4938 4917//4917 4956//4956
f 4918//4918 4917//4917 4938//4938
v -218.000000 -270.000000 0.000000
v -218.000000 -270.000000 30.000000
v -242.000000 -270.000000 30.000000
v -241.834396 -271.986572 30.000000
v -241.342163 -273.918518 30.000000
v -240.544601 -275.728119 30.000000
v -239.470383 -277.369629 30.000000
v -238.142929 -278.814331 30.000000
v -236.597961 -280.023315 30.000000
v -234.876663 -280.964386 30.000000
v -233.024841 -281.612488 30.000000
v -231.092346 -281.950165 30.000000
v -229.130676 -281.968445 30.000000
v -227.192047 -281.666840 30.000000
v -225.328613 -281.053436 30.000000
v -223.590088 -280.144592 30.000000
v -222.022705 -278.964508 30.000000
v -220.668655 -277.544952 30.000000
v -219.564056 -275.923737 30.000000
v -218.738281 -274.144043 30.000000
v -218.213531 -272.253723 30.000000
v -218.053558 -271.132111 30.000000
v -242.000000 -270.000000 0.000000
v -241.817688 -272.083771 0.000000
v -241.276306 -274.104248 0.000000
v -240.392303 -276.000000 0.000000
v -239.192535 -277.713440 0.000000
v -237.713455 -279.192535 0.000000
v -236.000000 -280.392303 0.000000
v -234.104248 -281.276306 0.000000
v -232.083771 -281.817688 0.000000
v -230.000000 -282.000000 0.000000
v -227.916229 -281.817688 0.000000
v -225.895752 -281.276306 0.000000
v -224.000000 -280.392303 0.000000
v -222.286545 -279.192535 0.000000
v -220.807465 -277.713440 0.000000
v -219.607697 -276.000000 0.000000
v -218.723694 -274.104248 0.000000
v -218.182312 -272.083771 0.000000
vn -1.000000 0.000000 -0.000000
vn -1.000000 0.000000 -0.000000
vn 1.000000 -0.000000 -0.000000
vn 0.986199 0.165564 -0.000000
vn 0.945177 0.326558 -0.000000
vn 0.878703 0.477369 -0.000000
vn 0.789172 0.614172 -0.000000
vn 0.678546 0.734557 -0.000000
vn 0.549782 0.835308 -0.000000
vn 0.406322 0.913730 -0.000000
vn 0.252001 0.967727 -0.000000
vn 0.090943 0.995856 -0.000000
vn -0.072545 0.997365 -0.000000
vn -0.234095 0.972214 -0.000000
vn -0.389387 0.921074 -0.000000
vn -0.534270 0.845314 -0.000000
vn -0.664872 0.746957 -0.000000
vn -0.777701 0.628634 -0.000000
vn -0.869742 0.493507 -0.000000
vn -0.938533 0.345188 -0.000000
vn -0.982237 0.187642 -0.000000
vn -0.995549 0.094240 -0.000000
vn 1.000000 -0.000000 -0.000000
vn 0.984808 0.173648 -0.000000
vn 0.939693 0.342020 -0.000000
vn 0.866025 0.500000 -0.000000
vn 0.766044 0.642788 -0.000000
vn 0.642788 0.766044 -0.000000
vn 0.500000 0.866025 -0.000000
vn 0.342020 0.939693 -0.000000
vn 0.173648 0.984808 -0.000000
vn 0.000000 1.000000 -0.000000
vn -0.173648 0.984808 -0.000000
vn -0.342020 0.939693 -0.000000
vn -0.500000 0.866025 -0.000000
vn -0.642788 0.766044 -0.000000
vn -0.766044 0.642788 -0.000000
vn -0.866025 0.500000 -0.000000
vn -0.939693 0.342020 -0.000000
vn -0.984808 0.173648 -0.000000
f 4960//4960 4979//4979 4959//4959
f 4960//4960 4980//4980 4979//4979
f 4961//4961 4981//4981 4980//4980
f 4961//4961 4980//4980 4960//4960
f 4962//4962 4982//4982 4981//4981
f 4962//4962 4981//4981 4961//4961
f 4963//4963 4983//4983 4982//4982
f 4963//4963 4982//4982 4962//4962
f 4964//4964 4984//4984 4983//4983
f 4964//4964 4983//4983 4963//4963
f 4965//4965 4985//4985 4984//4984
f 4965//4965 4984//4984 4964//4964
f 4966//4966 4986//4986 4985//4985
f 4966//4966 4985//4985 4965//4965
f 4967//4967 4987//4987 4986//4986
f 4967//4967 4986//4986 4966//4966
f 4968//4968 4988//4988 4987//4987
f 4968//4968 4987//4987 4967//4967
f 4969//4969 4989//4989 4988//4988
f 4969//4969 4988//4988 4968//4968
f 4970//4970 4990//4990 4989//4989
f 4970//4970 4989//4989 4969//4969
f 4971//4971 4991//4991 4990//4990
f 4971//4971 4990//4990 4970//4970
f 4972//4972 4992//4992 4991//4991
f 4972//4972 4991//4991 4971//4971
f 4973//4973 4993//4993 4992//4992
f 4973//4973 4992//4992 4972//4972
f 4974//4974 4993//4993 4973//4973
f 4974//4974 4994//4994 4993//4993
f 4975//4975 4994//4994 4974//4974
f 4975//4975 4995//4995 4994//4994
f 4976//4976 4995//4995 4975//4975
f 4977//4977 4995//4995 4976//4976
f 4977//4977 4996//4996 4995//4995
f 4978//4978 4996//4996 4977//4977
f 4978//4978 4957//4957 4996//4996
f 4958//4958 4957//4957 4978//4978
v 300.000000 205.000000 0.000000
v 300.000000 205.000000 30.000000
v 320.000000 205.000000 30.000000
v 319.852844 206.709213 30.000000
v 319.415680 208.368210 30.000000
v 318.783234 209.780640 30.000000
v 318.031860 210.957245 30.000000
v 317.123901 212.017807 30.000000
v 316.077179 212.941528 30.000000
v 314.912018 213.710449 30.000000
v 313.651031 214.309662 30.000000
v 312.318939 214.727417 30.000000
v 310.941711 214.955551 30.000000
v 309.546021 214.989670 30.000000
v 308.159180 214.829102 30.000000
v 306.808350 214.476990 30.000000
v 305.519623 213.940140 30.000000
v 304.318176 213.229019 30.000000
v 303.227539 212.357574 30.000000
v 302.268921 211.342743 30.000000
v 301.460907 210.204208 30.000000
v 300.819336 208.964279 30.000000
v 300.356750 207.647186 30.000000
v 300.089600 206.335541 30.000000
v 320.000000 205.000000 0.000000
v 319.848083 206.736481 0.000000
v 319.396912 208.420197 0.000000
v 318.660248 210.000000 0.000000
v 317.660431 211.427872 0.000000
v 316.427887 212.660446 0.000000
v 315.000000 213.660248 0.000000
v 313.420197 214.396927 0.000000
v 311.736481 214.848083 0.000000
v 310.000000 215.000000 0.000000
v 308.263519 214.848083 0.000000
v 306.579803 214.396927 0.000000
v 305.000000 213.660248 0.000000
v 303.572113 212.660446 0.000000
v 302.339569 211.427872 0.000000
v 301.339752 210.000000 0.000000
v 300.603088 208.420197 0.000000
v 300.151917 206.736481 0.000000
vn 1.000000 -0.000000 -0.000000
vn 1.000000 -0.000000 -0.000000
vn -1.000000 -0.000000 0.000000
vn -0.985284 -0.170923 0.000000
vn -0.941571 -0.336816 0.000000
vn -0.878325 -0.478064 0.000000
vn -0.803188 -0.595725 0.000000
vn -0.712398 -0.701776 0.000000
vn -0.607723 -0.794149 0.000000
vn -0.491204 -0.871045 0.000000
vn -0.365111 -0.930964 0.000000
vn -0.231903 -0.972739 0.000000
vn -0.094174 -0.995556 0.000000
vn 0.045389 -0.998969 -0.000000
vn 0.184068 -0.982913 -0.000000
vn 0.319160 -0.947701 -0.000000
vn 0.448031 -0.894018 -0.000000
vn 0.568170 -0.822911 -0.000000
vn 0.677236 -0.735766 -0.000000
vn 0.773103 -0.634281 -0.000000
vn 0.853902 -0.520434 -0.000000
vn 0.918059 -0.396443 -0.000000
vn 0.964323 -0.264727 -0.000000
vn 0.991041 -0.133560 -0.000000
vn -1.000000 -0.000000 0.000000
vn -0.984808 -0.173648 0.000000
vn -0.939693 -0.342020 0.000000
vn -0.866025 -0.500000 0.000000
vn -0.766044 -0.642788 0.000000
vn -0.642788 -0.766044 0.000000
vn -0.500000 -0.866025 0.000000
vn -0.342020 -0.939693 0.000000
vn -0.173648 -0.984808 0.000000
vn -0.000000 -1.000000 0.000000
vn 0.173648 -0.984808 -0.000000
vn 0.342020 -0.939693 -0.000000
vn 0.500000 -0.866025 -0.000000
vn 0.642788 -0.766044 -0.000000
vn 0.766044 -0.642788 -0.000000
vn 0.866025 -0.500000 -0.000000
vn 0.939693 -0.342020 -0.000000
vn 0.984808 -0.173648 -0.000000
f 5000//5000 5021//5021 4999//4999
f 5000//5000 5022//5022 5021//5021
f 5001//5001 5023//5023 5022//5022
f 5001//5001 5022//5022 5000//5000
f 5002//5002 5024//5024 5023//5023
f 5002//5002 5023//5023 5001//5001
f 5003//5003 5025//5025 5024//5024
f 5003//5003 5024//5024 5002//5002
f 5004//5004 5026//5026 5025//5025
f 5004//5004 5025//5025 5003//5003
f 5005//5005 5027//5027 5026//5026
f 5005//5005 5026//5026 5004//5004
f 5006//5006 5027//5027 5005//5005
f 5007//5007 5028//5028 5027//5027
f 5007//5007 5027//5027 5006//5006
f 5008//5008 5029//5029 5028//5028
f 5008//5008 5028//5028 5007//5007
f 5009//5009 5030//5030 5029//5029
f 5009//5009 5029//5029 5008//5008
f 5010//5010 5031//5031 5030//5030
f 5010//5010 5030//5030 5009//5009
f 5011//5011 5031//5031 5010//5010
f 5012//5012 5032//5032 5031//5031
f 5012//5012 5031//5031 5011//5011
f 5013//5013 5033//5033 5032//5032
f 5013//5013 5032//5032 5012//5012
f 5014//5014 5033//5033 5013//5013
f 5014//5014 5034//5034 5033//5033
f 5015//5015 5034//5034 5014//5014
f 5015//5015 5035//5035 5034//5034
f 5016//5016 5035//5035 5015//5015
f 5017//5017 5035//5035 5016//5016
f 5017//5017 5036//5036 5035//5035
f 5018//5018 5036//5036 5017//5017
f 5018//5018 5037//5037 5036//5036
f 5019//5019 5037//5037 5018//5018
f 5019//5019 5038//5038 5037//5037
f 5020//5020 5038//5038 5019//5019
f 5020//5020 4997//4997 5038//5038
f 4998//4998 4997//4997 5020//5020
v 320.000000 205.000000 0.000000
v 320.000000 205.000000 30.000000
v 300.000000 205.000000 30.000000
v 300.147156 203.290787 30.000000
v 300.584320 201.631790 30.000000
v 301.216766 200.219360 30.000000
v 301.968140 199.042755 30.000000
v 302.876099 197.982193 30.000000
v 303.922821 197.058472 30.000000
v 305.087982 196.289551 30.000000
v 306.348969 195.690338 30.000000
v 307.681061 195.272583 30.000000
v 309.058289 195.044449 30.000000
v 310.453979 195.010330 30.000000
v 311.840820 195.170898 30.000000
v 313.191650 195.523010 30.000000
v 314.480377 196.059860 30.000000
v 315.681824 196.770981 30.000000
v 316.772461 197.642426 30.000000
v 317.731079 198.657257 30.000000
v 318.539093 199.795792 30.000000
v 319.180664 201.035721 30.000000
v 319.643250 202.352814 30.000000
v 319.910400 203.664459 30.000000
v 300.000000 205.000000 0.000000
v 300.151917 203.263519 0.000000
v 300.603088 201.579803 0.000000
v 301.339752 200.000000 0.000000
v 302.339569 198.572128 0.000000
v 303.572113 197.339554 0.000000
v 305.000000 196.339752 0.000000
v 306.579803 195.603073 0.000000
v 308.263519 195.151917 0.000000
v 310.000000 195.000000 0.000000
v 311.736481 195.151917 0.000000
v 313.420197 195.603073 0.000000
v 315.000000 196.339752 0.000000
v 316.427887 197.339554 0.000000
v 317.660431 198.572128 0.000000
v 318.660248 200.000000 0.000000
v 319.396912 201.579803 0.000000
v 319.848083 203.263519 0.000000
vn -1.000000 0.000000 -0.000000
vn -1.000000 0.000000 -0.000000
vn 1.000000 -0.000000 -0.000000
vn 0.985284 0.170923 -0.000000
vn 0.941571 0.336816 -0.000000
vn 0.878325 0.478064 -0.000000
vn 0.803188 0.595725 -0.000000
vn 0.712398 0.701776 -0.000000
vn 0.607723 0.794149 -0.000000
vn 0.491204 0.871045 -0.000000
vn 0.365111 0.930964 -0.000000
vn 0.231903 0.972739 -0.000000
vn 0.094174 0.995556 -0.000000
vn -0.045389 0.998969 -0.000000
vn -0.184068 0.982913 -0.000000
vn -0.319160 0.947701 -0.000000
vn -0.448031 0.894018 -0.000000
vn -0.568170 0.822911 -0.000000
vn -0.677236 0.735766 -0.000000
vn -0.773103 0.634281 -0.000000
vn -0.853902 0.520434 -0.000000
vn -0.918059 0.396443 -0.000000
vn -0.964323 0.264727 -0.000000
vn -0.991041 0.133560 -0.000000
vn 1.000000 -0.000000 -0.000000
vn 0.984808 0.173648 -0.000000
vn 0.939693 0.342020 -0.000000
vn 0.866025 0.500000 -0.000000
vn 0.766044 0.642788 -0.000000
vn 0.642788 0.766044 -0.000000
vn 0.500000 0.866025 -0.000000
vn 0.342020 0.939693 -0.000000
vn 0.173648 0.984808 -0.000000
vn 0.000000 1.000000 -0.000000
vn -0.173648 0.984808 -0.000000
vn -0.342020 0.939693 -0.000000
vn -0.500000 0.866025 -0.000000
vn -0.642788 0.766044 -0.000000
vn -0.766044 0.642788 -0.000000
vn -0.866025 0.500000 -0.000000
vn -0.939693 0.342020 -0.000000
vn -0.984808 0.173648 -0.000000
f 5042//5042 5063//5063 5041//5041
f 5042//5042 5064//5064 5063//5063
f 5043//5043 5065//5065 5064//5064
f 5043//5043 5064//5064 5042//5042
f 5044//5044 5066//5066 5065//5065
f 5044//5044 5065//5065 5043//5043
f 5045//5045 5067//5067 5066//5066
f 5045//5045 5066//5066 5044//5044
f 5046//5046 5068//5068 5067//5067
f 5046//5046 5067//5067 5045//5045
f 5047//5047 5069//5069 5068//5068
f 5047//5047 5068//5068 5046//5046
f 5048//5048 5069//5069 5047//5047
f 5049//5049 5070//5070 5069//5069
f 5049//5049 5069//5069 5048//5048
f 5050//5050 5071//5071 5070//5070
f 5050//5050 5070//5070 5049//5049
f 5051//5051 5072//5072 5071//5071
f 5051//5051 5071//5071 5050//5050
f 5052//5052 5073//5073 5072//5072
f 5052//5052 5072//5072 5051//5051
f 5053//5053 5073//5073 5052//5052
f 5054//5054 5074//5074 5073//5073
f 5054//5054 5073//5073 5053//5053
f 5055//5055 5075//5075 5074//5074
f 5055//5055 5074//5074 5054//5054
f 5056//5056 5075//5075 5055//5055
f 5056//5056 5076//5076 5075//5075
f 5057//5057 5076//5076 5056//5056
f 5057//5057 5077//5077 5076//5076
f 5058//5058 5077//5077 5057//5057
f 5059//5059 5077//5077 5058//5058
f 5059//5059 5078//5078 5077//5077
f 5060//5060 5078//5078 5059//5059
f 5060//5060 5079//5079 5078//5078
f 5061//5061 5079//5079 5060//5060
f 5061//5061 5080//5080 5079//5079
f 5062//5062 5080//5080 5061//5061
f 5062//5062 5039//5039 5080//5080
f 5040//5040 5039//5039 5062//5062
v 218.000000 270.000000 0.000000
v 218.000000 270.000000 30.000000
v 242.000000 270.000000 30.000000
v 241.834396 271.986572 30.000000
v 241.342163 273.918518 30.000000
v 240.544601 275.728119 30.000000
v 239.470383 277.369629 30.000000
v 238.142929 278.814331 30.000000
v 236.597961 280.023315 30.000000
v 234.876663 280.964386 30.000000
v 233.024841 281.612488 30.000000
v 231.092346 281.950165 30.000000
v 229.130676 281.968445 30.000000
v 227.192047 281.666840 30.000000
v 225.328629 281.053436 30.000000
v 223.590088 280.144592 30.000000
v 222.022705 278.964508 30.000000
v 220.668655 277.544952 30.000000
v 219.564056 275.923737 30.000000
v 218.738281 274.144043 30.000000
v 218.213531 272.253723 30.000000
v 218.053558 271.132111 30.000000
v 242.000000 270.000000 0.000000
v 241.817688 272.083771 0.000000
v 241.276306 274.104248 0.000000
v 240.392303 276.000000 0.000000
v 239.192535 277.713440 0.000000
v 237.713455 279.192535 0.000000
v 236.000000 280.392303 0.000000
v 234.104248 281.276306 0.000000
v 232.083771 281.817688 0.000000
v 230.000000 282.000000 0.000000
v 227.916229 281.817688 0.000000
v 225.895752 281.276306 0.000000
v 224.000000 280.392303 0.000000
v 222.286545 279.192535 0.000000
v 220.807465 277.713440 0.000000
v 219.607697 276.000000 0.000000
v 218.723694 274.104248 0.000000
v 218.182312 272.083771 0.000000
vn 1.000000 -0.000000 -0.000000
vn 1.000000 -0.000000 -0.000000
vn -1.000000 -0.000000 0.000000
vn -0.986199 -0.165564 0.000000
vn -0.945177 -0.326558 0.000000
vn -0.878703 -0.477369 0.000000
vn -0.789172 -0.614172 0.000000
vn -0.678546 -0.734557 0.000000
vn -0.549782 -0.835308 0.000000
vn -0.406322 -0.913730 0.000000
vn -0.252001 -0.967727 0.000000
vn -0.090943 -0.995856 0.000000
vn 0.072545 -0.997365 -0.000000
vn 0.234095 -0.972214 -0.000000
vn 0.389387 -0.921074 -0.000000
vn 0.534270 -0.845314 -0.000000
vn 0.664872 -0.746957 -0.000000
vn 0.777701 -0.628634 -0.000000
vn 0.869742 -0.493507 -0.000000
vn 0.938533 -0.345188 -0.000000
vn 0.982237 -0.187642 -0.000000
vn 0.995549 -0.094240 -0.000000
vn -1.000000 -0.000000 0.000000
vn -0.984808 -0.173648 0.000000
vn -0.939693 -0.342020 0.000000
vn -0.866025 -0.500000 0.000000
vn -0.766044 -0.642788 0.000000
vn -0.642788 -0.766044 0.000000
vn -0.500000 -0.866025 0.000000
vn -0.342020 -0.939693 0.000000
vn -0.173648 -0.984808 0.000000
vn -0.000000 -1.000000 0.000000
vn 0.173648 -0.984808 -0.000000
vn 0.342020 -0.939693 -0.000000
vn 0.500000 -0.866025 -0.000000
vn 0.642788 -0.766044 -0.000000
vn 0.766044 -0.642788 -0.000000
vn 0.866025 -0.500000 -0.000000
vn 0.939693 -0.342020 -0.000000
vn 0.984808 -0.173648 -0.000000
f 5084//5084 5103//5103 5083//5083
f 5084//5084 5104//5104 5103//5103
f 5085//5085 5105//5105 5104//5104
f 5085//5085 5104//5104 5084//5084
f 5086//5086 5106//5106 5105//5105
f 5086//5086 5105//5105 5085//5085
f 5087//5087 5107//5107 5106//5106
f 5087//5087 5106//5106 5086//5086
f 5088//5088 5108//5108 5107//5107
f 5088//5088 5107//5107 5087//5087
f 5089//5089 5109//5109 5108//5108
f 5089//5089 5108//5108 5088//5088
f 5090//5090 5110//5110 5109//5109
f 5090//5090 5109//5109 5089//5089
f 5091//5091 5111//5111 5110//5110
f 5091//5091 5110//5110 5090//5090
f 5092//5092 5112//5112 5111//5111
f 5092//5092 5111//5111 5091//5091
f 5093//5093 5113//5113 5112//5112
f 5093//5093 5112//5112 5092//5092
f 5094//5094 5114//5114 5113//5113
f 5094//5094 5113//5113 5093//5093
f 5095//5095 5115//5115 5114//5114
f 5095//5095 5114//5114 5094//5094
f 5096//5096 5116//5116 5115//5115
f 5096//5096 5115//5115 5095//5095
f 5097//5097 5117//5117 5116//5116
f 5097//5097 5116//5116 5096//5096
f 5098//5098 5117//5117 5097//5097
f 5098//5098 5118//5118 5117//5117
f 5099//5099 5118//5118 5098//5098
f 5099//5099 5119//5119 5118//5118
f 5100//5100 5119//5119 5099//5099
f 5101//5101 5119//5119 5100//5100
f 5101//5101 5120//5120 5119//5119
f 5102//5102 5120//5120 5101//5101
f 5102//5102 5081//5081 5120//5120
f 5082//5082 5081//5081 5102//5102
v 242.000000 270.000000 0.000000
v 242.000000 270.000000 30.000000
v 218.000000 270.000000 30.000000
v 218.165604 268.013428 30.000000
v 218.657837 266.081482 30.000000
v 219.455399 264.271881 30.000000
v 220.529617 262.630371 30.000000
v 221.857071 261.185669 30.000000
v 223.402039 259.976685 30.000000
v 225.123337 259.035614 30.000000
v 226.975159 258.387512 30.000000
v 228.907654 258.049835 30.000000
v 230.869324 258.031555 30.000000
v 232.807953 258.333160 30.000000
v 234.671371 258.946564 30.000000
v 236.409912 259.855408 30.000000
v 237.977295 261.035492 30.000000
v 239.331345 262.455048 30.000000
v 240.435944 264.076263 30.000000
v 241.261719 265.855957 30.000000
v 241.786469 267.746277 30.000000
v 241.946442 268.867889 30.000000
v 218.000000 270.000000 0.000000
v 218.182312 267.916229 0.000000
v 218.723694 265.895752 0.000000
v 219.607697 264.000000 0.000000
v 220.807465 262.286560 0.000000
v 222.286545 260.807465 0.000000
v 224.000000 259.607697 0.000000
v 225.895752 258.723694 0.000000
v 227.916229 258.182312 0.000000
v 230.000000 258.000000 0.000000
v 232.083771 258.182312 0.000000
v 234.104248 258.723694 0.000000
v 236.000000 259.607697 0.000000
v 237.713455 260.807465 0.000000
v 239.192535 262.286560 0.000000
v 240.392303 264.000000 0.000000
v 241.276306 265.895752 0.000000
v 241.817688 267.916229 0.000000
vn -1.000000 0.000000 -0.000000
vn -1.000000 -0.000000 0.000000
vn 1.000000 -0.000000 -0.000000
vn 0.986199 0.165564 -0.000000
vn 0.945177 0.326558 -0.000000
vn 0.878703 0.477369 -0.000000
vn 0.789172 0.614172 -0.000000
vn 0.678546 0.734557 -0.000000
vn 0.549782 0.835308 -0.000000
vn 0.406322 0.913730 -0.000000
vn 0.252001 0.967727 -0.000000
vn 0.090943 0.995856 -0.000000
vn -0.072545 0.997365 -0.000000
vn -0.234095 0.972214 -0.000000
vn -0.389387 0.921074 -0.000000
vn -0.534270 0.845314 -0.000000
vn -0.664872 0.746957 -0.000000
vn -0.777701 0.628634 -0.000000
vn -0.869742 0.493507 -0.000000
vn -0.938533 0.345188 -0.000000
vn -0.982237 0.187642 -0.000000
vn -0.995549 0.094240 -0.000000
vn 1.000000 -0.000000 -0.000000
vn 0.984808 0.173648 -0.000000
vn 0.939693 0.342020 -0.000000
vn 0.866025 0.500000 -0.000000
vn 0.766044 0.642788 -0.000000
vn 0.642788 0.766044 -0.000000
vn 0.500000 0.866025 -0.000000
vn 0.342020 0.939693 -0.000000
vn 0.173648 0.984808 -0.000000
vn 0.000000 1.000000 -0.000000
vn -0.173648 0.984808 -0.000000
vn -0.342020 0.939693 -0.000000
vn -0.500000 0.866025 -0.000000
vn -0.642788 0.766044 -0.000000
vn -0.766044 0.642788 -0.000000
vn -0.866025 0.500000 -0.000000
vn -0.939693 0.342020 -0.000000
vn -0.984808 0.173648 -0.000000
f 5124//5124 5143//5143 5123//5123
f 5124//5124 5144//5144 5143//5143
f 5125//5125 5145//5145 5144//5144
f 5125//5125 5144//5144 5124//5124
f 5126//5126 5146//5146 5145//5145
f 5126//5126 5145//5145 5125//5125
f 5127//5127 5147//5147 5146//5146
f 5127//5127 5146//5146 5126//5126
f 5128//5128 5148//5148 5147//5147
f 5128//5128 5147//5147 5127//5127
f 5129//5129 5149//5149 5148//5148
f 5129//5129 5148//5148 5128//5128
f 5130//5130 5150//5150 5149//5149
f 5130//5130 5149//5149 5129//5129
f 5131//5131 5151//5151 5150//5150
f 5131//5131 5150//5150 5130//5130
f 5132//5132 5152//5152 5151//5151
f 5132//5132 5151//5151 5131//5131
f 5133//5133 5153//5153 5152//5152
f 5133//5133 5152//5152 5132//5132
f 5134//5134 5154//5154 5153//5153
f 5134//5134 5153//5153 5133//5133
f 5135//5135 5155//5155 5154//5154
f 5135//5135 5154//5154 5134//5134
f 5136//5136 5156//5156 5155//5155
f 5136//5136 5155//5155 5135//5135
f 5137//5137 5157//5157 5156//5156
f 5137//5137 5156//5156 5136//5136
f 5138//5138 5157//5157 5137//5137
f 5138//5138 5158//5158 5157//5157
f 5139//5139 5158//5158 5138//5138
f 5139//5139 5159//5159 5158//5158
f 5140//5140 5159//5159 5139//5139
f 5141//5141 5159//5159 5140//5140
f 5141//5141 5160//5160 5159//5159
f 5142//5142 5160//5160 5141//5141
f 5142//5142 5121//5121 5160//5160
f 5122//5122 5121//5121 5142//5142
v 258.000000 230.000000 0.000000
v 258.000000 230.000000 30.000000
v 282.000000 230.000000 30.000000
v 281.834412 231.986588 30.000000
v 281.342163 233.918518 30.000000
v 280.544617 235.728119 30.000000
v 279.470367 237.369629 30.000000
v 278.142914 238.814331 30.000000
v 276.597961 240.023315 30.000000
v 274.876648 240.964386 30.000000
v 273.024841 241.612488 30.000000
v 271.092346 241.950180 30.000000
v 269.130676 241.968445 30.000000
v 267.192047 241.666824 30.000000
v 265.328613 241.053421 30.000000
v 263.590088 240.144592 30.000000
v 262.022705 238.964508 30.000000
v 260.668671 237.544937 30.000000
v 259.564056 235.923737 30.000000
v 258.738281 234.144028 30.000000
v 258.213531 232.253723 30.000000
v 258.053558 231.132126 30.000000
v 282.000000 230.000000 0.000000
v 281.817688 232.083771 0.000000
v 281.276306 234.104248 0.000000
v 280.392303 236.000000 0.000000
v 279.192535 237.713455 0.000000
v 277.713440 239.192535 0.000000
v 276.000000 240.392303 0.000000
v 274.104248 241.276306 0.000000
v 272.083771 241.817688 0.000000
v 270.000000 242.000000 0.000000
v 267.916229 241.817688 0.000000
v 265.895752 241.276306 0.000000
v 264.000000 240.392303 0.000000
v 262.286560 239.192535 0.000000
v 260.807465 237.713455 0.000000
v 259.607697 236.000000 0.000000
v 258.723694 234.104248 0.000000
v 258.182312 232.083771 0.000000
vn 1.000000 -0.000000 -0.000000
vn 1.000000 -0.000000 -0.000000
vn -1.000000 -0.000000 0.000000
vn -0.986199 -0.165564 0.000000
vn -0.945177 -0.326558 0.000000
vn -0.878703 -0.477369 0.000000
vn -0.789172 -0.614172 0.000000
vn -0.678546 -0.734557 0.000000
vn -0.549782 -0.835308 0.000000
vn -0.406322 -0.913730 0.000000
vn -0.252001 -0.967727 0.000000
vn -0.090943 -0.995856 0.000000
vn 0.072545 -0.997365 -0.000000
vn 0.234095 -0.972214 -0.000000
vn 0.389387 -0.921074 -0.000000
vn 0.534270 -0.845314 -0.000000
vn 0.664872 -0.746957 -0.000000
vn 0.777701 -0.628634 -0.000000
vn 0.869742 -0.493507 -0.000000
vn 0.938533 -0.345188 -0.000000
vn 0.982237 -0.187642 -0.000000
vn 0.995549 -0.094240 -0.000000
vn -1.000000 -0.000000 0.000000
vn -0.984808 -0.173648 0.000000
vn -0.939693 -0.342020 0.000000
vn -0.866025 -0.500000 0.000000
vn -0.766044 -0.642788 0.000000
vn -0.642788 -0.766044 0.000000
vn -0.500000 -0.866025 0.000000
vn -0.342020 -0.939693 0.000000
vn -0.173648 -0.984808 0.000000
vn -0.000000 -1.000000 0.000000
vn 0.173648 -0.984808 -0.000000
vn 0.342020 -0.939693 -0.000000
vn 0.500000 -0.866025 -0.000000
vn 0.642788 -0.766044 -0.000000
vn 0.766044 -0.642788 -0.000000
vn 0.866025 -0.500000 -0.000000
vn 0.939693 -0.342020 -0.000000
vn 0.984808 -0.173648 -0.000000
f 5164//5164 5183//5183 5163//5163
f 5164//5164 5184//5184 5183//5183
f 5165//5165 5185//5185 5184//5184
f 5165//5165 5184//5184 5164//5164
f 5166//5166 5186//5186 5185//5185
f 5166//5166 5185//5185 5165//5165
f 5167//5167 5187//5187 5186//5186
f 5167//5167 5186//5186 5166//5166
f 5168//5168 5188//5188 5187//5187
f 5168//5168 5187//5187 5167//5167
f 5169//5169 5189//5189 5188//5188
f 5169//5169 5188//5188 5168//5168
f 5170//5170 5190//5190 5189//5189
f 5170//5170 5189//5189 5169//5169
f 5171//5171 5191//5191 5190//5190
f 5171//5171 5190//5190 5170//5170
f 5172//5172 5192//5192 5191//5191
f 5172//5172 5191//5191 5171//5171
f 5173//5173 5193//5193 5192//5192
f 5173//5173 5192//5192 5172//5172
f 5174//5174 5194//5194 5193//5193
f 5174//5174 5193//5193 5173//5173
f 5175//5175 5195//5195 5194//5194
f 5175//5175 5194//5194 5174//5174
f 5176//5176 5196//5196 5195//5195
f 5176//5176 5195//5195 5175//5175
f 5177//5177 5197//5197 5196//5196
f 5177//5177 5196//5196 5176//5176
f 5178//5178 5197//5197 5177//5177
f 5178//5178 5198//5198 5197//5197
f 5179//5179 5198//5198 5178//5178
f 5179//5179 5199//5199 5198//5198
f 5180//5180 5199//5199 5179//5179
f 5181//5181 5199//5199 5180//5180
f 5181//5181 5200//5200 5199//5199
f 5182//5182 5200//5200 5181//5181
f 5182//5182 5161//5161 5200//5200
f 5162//5162 5161//5161 5182//5182
v 282.000000 230.000000 0.000000
v 282.000000 230.000000 30.000000
v 258.000000 230.000000 30.000000
v 258.165588 228.013412 30.000000
v 258.657837 226.081482 30.000000
v 259.455383 224.271881 30.000000
v 260.529633 222.630371 30.000000
v 261.857086 221.185669 30.000000
v 263.402039 219.976685 30.000000
v 265.123352 219.035614 30.000000
v 266.975159 218.387512 30.000000
v 268.907654 218.049820 30.000000
v 270.869324 218.031555 30.000000
v 272.807953 218.333176 30.000000
v 274.671387 218.946579 30.000000
v 276.409912 219.855408 30.000000
v 277.977295 221.035492 30.000000
v 279.331329 222.455063 30.000000
v 280.435944 224.076263 30.000000
v 281.261719 225.855972 30.000000
v 281.786469 227.746277 30.000000
v 281.946442 228.867874 30.000000
v 258.000000 230.000000 0.000000
v 258.182312 227.916229 0.000000
v 258.723694 225.895752 0.000000
v 259.607697 224.000000 0.000000
v 260.807465 222.286545 0.000000
v 262.286560 220.807465 0.000000
v 264.000000 219.607697 0.000000
v 265.895752 218.723694 0.000000
v 267.916229 218.182312 0.000000
v 270.000000 218.000000 0.000000
v 272.083771 218.182312 0.000000
v 274.104248 218.723694 0.000000
v 276.000000 219.607697 0.000000
v 277.713440 220.807465 0.000000
v 279.192535 222.286545 0.000000
v 280.392303 224.000000 0.000000
v 281.276306 225.895752 0.000000
v 281.817688 227.916229 0.000000
vn -1.000000 0.000000 -0.000000
vn -1.000000 0.000000 -0.000000
vn 1.000000 -0.000000 -0.000000
vn 0.986199 0.165564 -0.000000
vn 0.945177 0.326558 -0.000000
vn 0.878703 0.477369 -0.000000
vn 0.789172 0.614172 -0.000000
vn 0.678546 0.734557 -0.000000
vn 0.549782 0.835308 -0.000000
vn 0.406322 0.913730 -0.000000
vn 0.252001 0.967727 -0.000000
vn 0.090943 0.995856 -0.000000
vn -0.072545 0.997365 -0.000000
vn -0.234095 0.972214 -0.000000
vn -0.389387 0.921074 -0.000000
vn -0.534270 0.845314 -0.000000
vn -0.664872 0.746957 -0.000000
vn -0.777701 0.628634 -0.000000
vn -0.869742 0.493507 -0.000000
vn -0.938533 0.345188 -0.000000
vn -0.982237 0.187642 -0.000000
vn -0.995549 0.094240 -0.000000
vn 1.000000 -0.000000 -0.000000
vn 0.984808 0.173648 -0.000000
vn 0.939693 0.342020 -0.000000
vn 0.866025 0.500000 -0.000000
vn 0.766044 0.642788 -0.000000
vn 0.642788 0.766044 -0.000000
vn 0.500000 0.866025 -0.000000
vn 0.342020 0.939693 -0.000000
vn 0.173648 0.984808 -0.000000
vn 0.000000 1.000000 -0.000000
vn -0.173648 0.984808 -0.000000
vn -0.342020 0.939693 -0.000000
vn -0.500000 0.866025 -0.000000
vn -0.642788 0.766044 -0.000000
vn -0.766044 0.642788 -0.000000
vn -0.866025 0.500000 -0.000000
vn -0.939693 0.342020 -0.000000
vn -0.984808 0.173648 -0.000000
f 5204//5204 5223//5223 5203//5203
f 5204//5204 5224//5224 5223//5223
f 5205//5205 5225//5225 5224//5224
f 5205//5205 5224//5224 5204//5204
f 5206//5206 5226//5226 5225//5225
f 5206//5206 5225//5225 5205//5205
f 5207//5207 5227//5227 5226//5226
f 5207//5207 5226//5226 5206//5206
f 5208//5208 5228//5228 5227//5227
f 5208//5208 5227//5227 5207//5207
f 5209//5209 5229//5229 5228//5228
f 5209//5209 5228//5228 5208//5208
f 5210//5210 5230//5230 5229//5229
f 5210//5210 5229//5229 5209//5209
f 5211//5211 5231//5231 5230//5230
f 5211//5211 5230//5230 5210//5210
f 5212//5212 5232//5232 5231//5231
f 5212//5212 5231//5231 5211//5211
f 5213//5213 5233//5233 5232//5232
f 5213//5213 5232//5232 5212//5212
f 5214//5214 5234//5234 5233//5233
f 5214//5214 5233//5233 5213//5213
f 5215//5215 5235//5235 5234//5234
f 5215//5215 5234//5234 5214//5214
f 5216//5216 5236//5236 5235//5235
f 5216//5216 5235//5235 5215//5215
f 5217//5217 5237//5237 5236//5236
f 5217//5217 5236//5236 5216//5216
f 5218//5218 5237//5237 5217//5217
f 5218//5218 5238//5238 5237//5237
f 5219//5219 5238//5238 5218//5218
f 5219//5219 5239//5239 5238//5238
f 5220//5220 5239//5239 5219//5219
f 5221//5221 5239//5239 5220//5220
f 5221//5221 5240//5240 5239//5239
f 5222//5222 5240//5240 5221//5221
f 5222//5222 5201//5201 5240//5240
f 5202//5202 5201//5201 5222//5222
usemtl mat_3
v -371.000000 250.100006 212.500000
v -371.000000 250.100006 194.500000
v -370.128326 250.024948 212.500000
v -369.282196 249.801987 212.500000
v -368.486694 249.437714 212.500000
v -367.765228 248.942856 212.500000
v -367.138855 248.331879 212.500000
v -366.626160 247.622894 212.500000
v -366.242249 246.836746 212.500000
v -365.998322 245.996490 212.500000
v -365.924622 245.500656 212.500000
v -365.899994 245.000000 212.500000
v -365.975067 244.128326 212.500000
v -366.198029 243.282196 212.500000
v -366.562286 242.486694 212.500000
v -367.057129 241.765228 212.500000
v -367.668121 241.138855 212.500000
v -368.377136 240.626160 212.500000
v -369.163239 240.242233 212.500000
v -370.003510 239.998306 212.500000
v -370.499359 239.924637 212.500000
v -371.000000 239.899994 212.500000
v -371.000000 239.899994 194.500000
v -365.899994 245.000000 194.500000
v -365.977478 244.114395 194.500000
v -366.207581 243.255692 194.500000
v -366.583282 242.449997 194.500000
v -367.093170 241.721786 194.500000
v -367.721771 241.093170 194.500000
v -368.450012 240.583267 194.500000
v -369.255707 240.207565 194.500000
v -370.114380 239.977478 194.500000
v -370.114380 250.022522 194.500000
v -369.255707 249.792435 194.500000
v -368.450012 249.416733 194.500000
v -367.721771 248.906830 194.500000
v -367.093170 248.278214 194.500000
v -366.583282 247.550003 194.500000
v -366.207581 246.744308 194.500000
v -365.977478 245.885605 194.500000
vn 0.000000 -1.000000 -0.000000
vn 0.000000 -1.000000 -0.000000
vn -0.170923 -0.985284 -0.000000
vn -0.336816 -0.941571 -0.000000
vn -0.492796 -0.870145 -0.000000
vn -0.634272 -0.773110 -0.000000
vn -0.757081 -0.653322 -0.000000
vn -0.857607 -0.514305 -0.000000
vn -0.932894 -0.360151 -0.000000
vn -0.980724 -0.195398 -0.000000
vn -0.995169 -0.098173 -0.000000
vn -1.000000 -0.000000 -0.000000
vn -0.985284 0.170923 -0.000000
vn -0.941571 0.336816 -0.000000
vn -0.870145 0.492796 -0.000000
vn -0.773110 0.634272 -0.000000
vn -0.653322 0.757081 -0.000000
vn -0.514305 0.857607 -0.000000
vn -0.360151 0.932894 -0.000000
vn -0.195398 0.980724 -0.000000
vn -0.098173 0.995169 -0.000000
vn -0.000000 1.000000 -0.000000
vn -0.000000 1.000000 -0.000000
vn -1.000000 -0.000000 -0.000000
vn -0.984808 0.173648 -0.000000
vn -0.939693 0.342020 -0.000000
vn -0.866025 0.500000 -0.000000
vn -0.766044 0.642788 -0.000000
vn -0.642788 0.766044 -0.000000
vn -0.500000 0.866025 -0.000000
vn -0.342020 0.939693 -0.000000
vn -0.173648 0.984808 -0.000000
vn -0.173648 -0.984808 -0.000000
vn -0.342020 -0.939693 -0.000000
vn -0.500000 -0.866025 -0.000000
vn -0.642788 -0.766044 -0.000000
vn -0.766044 -0.642788 -0.000000
vn -0.866025 -0.500000 -0.000000
vn -0.939693 -0.342020 -0.000000
vn -0.984808 -0.173648 -0.000000
f 5242//5242 5243//5243 5241//5241
f 5273//5273 5244//5244 5243//5243
f 5273//5273 5243//5243 5242//5242
f 5274//5274 5245//5245 5244//5244
f 5274//5274 5244//5244 5273//5273
f 5275//5275 5246//5246 5245//5245
f 5275//5275 5245//5245 5274//5274
f 5276//5276 5247//5247 5246//5246
f 5276//5276 5246//5246 5275//5275
f 5277//5277 5248//5248 5247//5247
f 5277//5277 5247//5247 5276//5276
f 5278//5278 5249//5249 5248//5248
f 5278//5278 5248//5248 5277//5277
f 5279//5279 5250//5250 5249//5249
f 5279//5279 5249//5249 5278//5278
f 5280//5280 5251//5251 5250//5250
f 5280//5280 5250//5250 5279//5279
f 5264//5264 5252//5252 5251//5251
f 5264//5264 5253//5253 5252//5252
f 5264//5264 5251//5251 5280//5280
f 5265//5265 5254//5254 5253//5253
f 5265//5265 5253//5253 5264//5264
f 5266//5266 5255//5255 5254//5254
f 5266//5266 5254//5254 5265//5265
f 5267//5267 5256//5256 5255//5255
f 5267//5267 5255//5255 5266//5266
f 5268//5268 5257//5257 5256//5256
f 5268//5268 5256//5256 5267//5267
f 5269//5269 5257//5257 5268//5268
f 5269//5269 5258//5258 5257//5257
f 5270//5270 5258//5258 5269//5269
f 5270//5270 5259//5259 5258//5258
f 5271//5271 5259//5259 5270//5270
f 5271//5271 5260//5260 5259//5259
f 5272//5272 5260//5260 5271//5271
f 5272//5272 5261//5261 5260//5260
f 5263//5263 5262//5262 5261//5261
f 5263//5263 5261//5261 5272//5272
v -371.000000 239.899994 212.500000
v -371.000000 239.899994 194.500000
v -371.871674 239.975052 212.500000
v -372.717804 240.198013 212.500000
v -373.513306 240.562286 212.500000
v -374.234772 241.057144 212.500000
v -374.861145 241.668121 212.500000
v -375.373840 242.377106 212.500000
v -375.757751 243.163254 212.500000
v -376.001678 244.003510 212.500000
v -376.075378 244.499344 212.500000
v -376.100006 245.000000 212.500000
v -376.024933 245.871674 212.500000
v -375.801971 246.717804 212.500000
v -375.437714 247.513306 212.500000
v -374.942871 248.234772 212.500000
v -374.331879 248.861145 212.500000
v -373.622864 249.373840 212.500000
v -372.836761 249.757767 212.500000
v -371.996490 250.001694 212.500000
v -371.500641 250.075363 212.500000
v -371.000000 250.100006 212.500000
v -371.000000 250.100006 194.500000
v -376.100006 245.000000 194.500000
v -376.022522 245.885605 194.500000
v -375.792419 246.744308 194.500000
v -375.416718 247.550003 194.500000
v -374.906830 248.278214 194.500000
v -374.278229 248.906830 194.500000
v -373.549988 249.416733 194.500000
v -372.744293 249.792435 194.500000
v -371.885620 250.022522 194.500000
v -371.885620 239.977478 194.500000
v -372.744293 240.207565 194.500000
v -373.549988 240.583267 194.500000
v -374.278229 241.093170 194.500000
v -374.906830 241.721786 194.500000
v -375.416718 242.449997 194.500000
v -375.792419 243.255692 194.500000
v -376.022522 244.114395 194.500000
vn -0.000000 1.000000 0.000000
vn -0.000000 1.000000 0.000000
vn 0.170923 0.985284 0.000000
vn 0.336816 0.941571 0.000000
vn 0.492796 0.870145 0.000000
vn 0.634272 0.773110 0.000000
vn 0.757081 0.653322 0.000000
vn 0.857607 0.514305 0.000000
vn 0.932894 0.360151 0.000000
vn 0.980724 0.195398 0.000000
vn 0.995169 0.098173 0.000000
vn 1.000000 0.000000 0.000000
vn 0.985284 -0.170923 -0.000000
vn 0.941571 -0.336816 -0.000000
vn 0.870145 -0.492796 -0.000000
vn 0.773110 -0.634272 -0.000000
vn 0.653322 -0.757081 -0.000000
vn 0.514305 -0.857607 -0.000000
vn 0.360151 -0.932894 -0.000000
vn 0.195398 -0.980724 -0.000000
vn 0.098173 -0.995169 -0.000000
vn 0.000000 -1.000000 -0.000000
vn 0.000000 -1.000000 -0.000000
vn 1.000000 0.000000 0.000000
vn 0.984808 -0.173648 -0.000000
vn 0.939693 -0.342020 -0.000000
vn 0.866025 -0.500000 -0.000000
vn 0.766044 -0.642788 -0.000000
vn 0.642788 -0.766044 -0.000000
vn 0.500000 -0.866025 -0.000000
vn 0.342020 -0.939693 -0.000000
vn 0.173648 -0.984808 -0.000000
vn 0.173648 0.984808 0.000000
vn 0.342020 0.939693 0.000000
vn 0.500000 0.866025 0.000000
vn 0.642788 0.766044 0.000000
vn 0.766044 0.642788 0.000000
vn 0.866025 0.500000 0.000000
vn 0.939693 0.342020 0.000000
vn 0.984808 0.173648 0.000000
f 5282//5282 5283//5283 5281//5281
f 5313//5313 5284//5284 5283//5283
f 5313//5313 5283//5283 5282//5282
f 5314//5314 5285//5285 5284//5284
f 5314//5314 5284//5284 5313//5313
f 5315//5315 5286//5286 5285//5285
f 5315//5315 5285//5285 5314//5314
f 5316//5316 5287//5287 5286//5286
f 5316//5316 5286//5286 5315//5315
f 5317//5317 5288//5288 5287//5287
f 5317//5317 5287//5287 5316//5316
f 5318//5318 5289//5289 5288//5288
f 5318//5318 5288//5288 5317//5317
f 5319//5319 5290//5290 5289//5289
f 5319//5319 5289//5289 5318//5318
f 5320//5320 5291//5291 5290//5290
f 5320//5320 5290//5290 5319//5319
f 5304//5304 5292//5292 5291//5291
f 5304//5304 5293//5293 5292//5292
f 5304//5304 5291//5291 5320//5320
f 5305//5305 5294//5294 5293//5293
f 5305//5305 5293//5293 5304//5304
f 5306//5306 5295//5295 5294//5294
f 5306//5306 5294//5294 5305//5305
f 5307//5307 5296//5296 5295//5295
f 5307//5307 5295//5295 5306//5306
f 5308//5308 5297//5297 5296//5296
f 5308//5308 5296//5296 5307//5307
f 5309//5309 5297//5297 5308//5308
f 5309//5309 5298//5298 5297//5297
f 5310//5310 5298//5298 5309//5309
f 5310//5310 5299//5299 5298//5298
f 5311//5311 5299//5299 5310//5310
f 5311//5311 5300//5300 5299//5299
f 5312//5312 5300//5300 5311//5311
f 5312//5312 5301//5301 5300//5300
f 5303//5303 5302//5302 5301//5301
f 5303//5303 5301//5301 5312//5312
v -393.000000 250.100006 212.500000
v -393.000000 250.100006 194.500000
v -392.128326 250.024948 212.500000
v -391.282196 249.801987 212.500000
v -390.486694 249.437714 212.500000
v -389.765228 248.942856 212.500000
v -389.138855 248.331879 212.500000
v -388.626160 247.622894 212.500000
v -388.242249 246.836746 212.500000
v -387.998322 245.996490 212.500000
v -387.924622 245.500656 212.500000
v -387.899994 245.000000 212.500000
v -387.975067 244.128326 212.500000
v -388.198029 243.282196 212.500000
v -388.562286 242.486694 212.500000
v -389.057129 241.765228 212.500000
v -389.668121 241.138855 212.500000
v -390.377136 240.626160 212.500000
v -391.163239 240.242233 212.500000
v -392.003510 239.998306 212.500000
v -392.499359 239.924637 212.500000
v -393.000000 239.899994 212.500000
v -393.000000 239.899994 194.500000
v -387.899994 245.000000 194.500000
v -387.977478 244.114395 194.500000
v -388.207581 243.255692 194.500000
v -388.583282 242.449997 194.500000
v -389.093170 241.721786 194.500000
v -389.721771 241.093170 194.500000
v -390.450012 240.583267 194.500000
v -391.255707 240.207565 194.500000
v -392.114380 239.977478 194.500000
v -392.114380 250.022522 194.500000
v -391.255707 249.792435 194.500000
v -390.450012 249.416733 194.500000
v -389.721771 248.906830 194.500000
v -389.093170 248.278214 194.500000
v -388.583282 247.550003 194.500000
v -388.207581 246.744308 194.500000
v -387.977478 245.885605 194.500000
vn 0.000000 -1.000000 -0.000000
vn 0.000000 -1.000000 -0.000000
vn -0.170923 -0.985284 -0.000000
vn -0.336816 -0.941571 -0.000000
vn -0.492796 -0.870145 -0.000000
vn -0.634272 -0.773110 -0.000000
vn -0.757081 -0.653322 -0.000000
vn -0.857607 -0.514305 -0.000000
vn -0.932894 -0.360151 -0.000000
vn -0.980724 -0.195398 -0.000000
vn -0.995169 -0.098173 -0.000000
vn -1.000000 -0.000000 -0.000000
vn -0.985284 0.170923 -0.000000
vn -0.941571 0.336816 -0.000000
vn -0.870145 0.492796 -0.000000
vn -0.773110 0.634272 -0.000000
vn -0.653322 0.757081 -0.000000
vn -0.514305 0.857607 -0.000000
vn -0.360151 0.932894 -0.000000
vn -0.195398 0.980724 -0.000000
vn -0.098173 0.995169 -0.000000
vn -0.000000 1.000000 -0.000000
vn -0.000000 1.000000 -0.000000
vn -1.000000 -0.000000 -0.000000
vn -0.984808 0.173648 -0.000000
vn -0.939693 0.342020 -0.000000
vn -0.866025 0.500000 -0.000000
vn -0.766044 0.642788 -0.000000
vn -0.642788 0.766044 -0.000000
vn -0.500000 0.866025 -0.000000
vn -0.342020 0.939693 -0.000000
vn -0.173648 0.984808 -0.000000
vn -0.173648 -0.984808 -0.000000
vn -0.342020 -0.939693 -0.000000
vn -0.500000 -0.866025 -0.000000
vn -0.642788 -0.766044 -0.000000
vn -0.766044 -0.642788 -0.000000
vn -0.866025 -0.500000 -0.000000
vn -0.939693 -0.342020 -0.000000
vn -0.984808 -0.173648 -0.000000
f 5322//5322 5323//5323 5321//5321
f 5353//5353 5324//5324 5323//5323
f 5353//5353 5323//5323 5322//5322
f 5354//5354 5325//5325 5324//5324
f 5354//5354 5324//5324 5353//5353
f 5355//5355 5326//5326 5325//5325
f 5355//5355 5325//5325 5354//5354
f 5356//5356 5327//5327 5326//5326
f 5356//5356 5326//5326 5355//5355
f 5357//5357 5328//5328 5327//5327
f 5357//5357 5327//5327 5356//5356
f 5358//5358 5329//5329 5328//5328
f 5358//5358 5328//5328 5357//5357
f 5359//5359 5330//5330 5329//5329
f 5359//5359 5329//5329 5358//5358
f 5360//5360 5331//5331 5330//5330
f 5360//5360 5330//5330 5359//5359
f 5344//5344 5332//5332 5331//5331
f 5344//5344 5333//5333 5332//5332
f 5344//5344 5331//5331 5360//5360
f 5345//5345 5334//5334 5333//5333
f 5345//5345 5333//5333 5344//5344
f 5346//5346 5335//5335 5334//5334
f 5346//5346 5334//5334 5345//5345
f 5347//5347 5336//5336 5335//5335
f 5347//5347 5335//5335 5346//5346
f 5348//5348 5337//5337 5336//5336
f 5348//5348 5336//5336 5347//5347
f 5349//5349 5337//5337 5348//5348
f 5349//5349 5338//5338 5337//5337
f 5350//5350 5338//5338 5349//5349
f 5350//5350 5339//5339 5338//5338
f 5351//5351 5339//5339 5350//5350
f 5351//5351 5340//5340 5339//5339
f 5352//5352 5340//5340 5351//5351
f 5352//5352 5341//5341 5340//5340
f 5343//5343 5342//5342 5341//5341
f 5343//5343 5341//5341 5352//5352
v -393.000000 239.899994 212.500000
v -393.000000 239.899994 194.500000
v -393.871674 239.975052 212.500000
v -394.717804 240.198013 212.500000
v -395.513306 240.562286 212.500000
v -396.234772 241.057144 212.500000
v -396.861145 241.668121 212.500000
v -397.373840 242.377106 212.500000
v -397.757751 243.163254 212.500000
v -398.001678 244.003510 212.500000
v -398.075378 244.499344 212.500000
v -398.100006 245.000000 212.500000
v -398.024933 245.871674 212.500000
v -397.801971 246.717804 212.500000
v -397.437714 247.513306 212.500000
v -396.942871 248.234772 212.500000
v -396.331879 248.861145 212.500000
v -395.622864 249.373840 212.500000
v -394.836761 249.757767 212.500000
v -393.996490 250.001694 212.500000
v -393.500641 250.075363 212.500000
v -393.000000 250.100006 212.500000
v -393.000000 250.100006 194.500000
v -398.100006 245.000000 194.500000
v -398.022522 245.885605 194.500000
v -397.792419 246.744308 194.500000
v -397.416718 247.550003 194.500000
v -396.906830 248.278214 194.500000
v -396.278229 248.906830 194.500000
v -395.549988 249.416733 194.500000
v -394.744293 249.792435 194.500000
v -393.885620 250.022522 194.500000
v -393.885620 239.977478 194.500000
v -394.744293 240.207565 194.500000
v -395.549988 240.583267 194.500000
v -396.278229 241.093170 194.500000
v -396.906830 241.721786 194.500000
v -397.416718 242.449997 194.500000
v -397.792419 243.255692 194.500000
v -398.022522 244.114395 194.500000
vn -0.000000 1.000000 0.000000
vn -0.000000 1.000000 0.000000
vn 0.170923 0.985284 0.000000
vn 0.336816 0.941571 0.000000
vn 0.492796 0.870145 0.000000
vn 0.634272 0.773110 0.000000
vn 0.757081 0.653322 0.000000
vn 0.857607 0.514305 0.000000
vn 0.932894 0.360151 0.000000
vn 0.980724 0.195398 0.000000
vn 0.995169 0.098173 0.000000
vn 1.000000 0.000000 0.000000
vn 0.985284 -0.170923 -0.000000
vn 0.941571 -0.336816 -0.000000
vn 0.870145 -0.492796 -0.000000
vn 0.773110 -0.634272 -0.000000
vn 0.653322 -0.757081 -0.000000
vn 0.514305 -0.857607 -0.000000
vn 0.360151 -0.932894 -0.000000
vn 0.195398 -0.980724 -0.000000
vn 0.098173 -0.995169 -0.000000
vn 0.000000 -1.000000 -0.000000
vn 0.000000 -1.000000 -0.000000
vn 1.000000 0.000000 0.000000
vn 0.984808 -0.173648 -0.000000
vn 0.939693 -0.342020 -0.000000
vn 0.866025 -0.500000 -0.000000
vn 0.766044 -0.642788 -0.000000
vn 0.642788 -0.766044 -0.000000
vn 0.500000 -0.866025 -0.000000
vn 0.342020 -0.939693 -0.000000
vn 0.173648 -0.984808 -0.000000
vn 0.173648 0.984808 0.000000
vn 0.342020 0.939693 0.000000
vn 0.500000 0.866025 0.000000
vn 0.642788 0.766044 0.000000
vn 0.766044 0.642788 0.000000
vn 0.866025 0.500000 0.000000
vn 0.939693 0.342020 0.000000
vn 0.984808 0.173648 0.000000
f 5362//5362 5363//5363 5361//5361
f 5393//5393 5364//5364 5363//5363
f 5393//5393 5363//5363 5362//5362
f 5394//5394 5365//5365 5364//5364
f 5394//5394 5364//5364 5393//5393
f 5395//5395 5366//5366 5365//5365
f 5395//5395 5365//5365 5394//5394
f 5396//5396 5367//5367 5366//5366
f 5396//5396 5366//5366 5395//5395
f 5397//5397 5368//5368 5367//5367
f 5397//5397 5367//5367 5396//5396
f 5398//5398 5369//5369 5368//5368
f 5398//5398 5368//5368 5397//5397
f 5399//5399 5370//5370 5369//5369
f 5399//5399 5369//5369 5398//5398
f 5400//5400 5371//5371 5370//5370
f 5400//5400 5370//5370 5399//5399
f 5384//5384 5372//5372 5371//5371
f 5384//5384 5373//5373 5372//5372
f 5384//5384 5371//5371 5400//5400
f 5385//5385 5374//5374 5373//5373
f 5385//5385 5373//5373 5384//5384
f 5386//5386 5375//5375 5374//5374
f 5386//5386 5374//5374 5385//5385
f 5387//5387 5376//5376 5375//5375
f 5387//5387 5375//5375 5386//5386
f 5388//5388 5377//5377 5376//5376
f 5388//5388 5376//5376 5387//5387
f 5389//5389 5377//5377 5388//5388
f 5389//5389 5378//5378 5377//5377
f 5390//5390 5378//5378 5389//5389
f 5390//5390 5379//5379 5378//5378
f 5391//5391 5379//5379 5390//5390
f 5391//5391 5380//5380 5379//5379
f 5392//5392 5380//5380 5391//5391
f 5392//5392 5381//5381 5380//5380
f 5383//5383 5382//5382 5381//5381
f 5383//5383 5381//5381 5392//5392
usemtl mat_2
v -282.000000 230.000000 0.000000
v -282.000000 230.000000 30.000000
v -258.000000 230.000000 30.000000
v -258.165588 231.986588 30.000000
v -258.657837 233.918518 30.000000
v -259.455383 235.728119 30.000000
v -260.529633 237.369629 30.000000
v -261.857086 238.814331 30.000000
v -263.402039 240.023315 30.000000
v -265.123352 240.964386 30.000000
v -266.975159 241.612488 30.000000
v -268.907654 241.950180 30.000000
v -270.869324 241.968445 30.000000
v -272.807953 241.666824 30.000000
v -274.671387 241.053421 30.000000
v -276.409912 240.144592 30.000000
v -277.977295 238.964508 30.000000
v -279.331329 237.544937 30.000000
v -280.435944 235.923737 30.000000
v -281.261719 234.144028 30.000000
v -281.786469 232.253723 30.000000
v -281.946442 231.132126 30.000000
v -258.000000 230.000000 0.000000
v -258.182312 232.083771 0.000000
v -258.723694 234.104248 0.000000
v -259.607697 236.000000 0.000000
v -260.807465 237.713455 0.000000
v -262.286560 239.192535 0.000000
v -264.000000 240.392303 0.000000
v -265.895752 241.276306 0.000000
v -267.916229 241.817688 0.000000
v -270.000000 242.000000 0.000000
v -272.083771 241.817688 0.000000
v -274.104248 241.276306 0.000000
v -276.000000 240.392303 0.000000
v -277.713440 239.192535 0.000000
v -279.192535 237.713455 0.000000
v -280.392303 236.000000 0.000000
v -281.276306 234.104248 0.000000
v -281.817688 232.083771 0.000000
vn 1.000000 -0.000000 -0.000000
vn 1.000000 -0.000000 -0.000000
vn -1.000000 -0.000000 0.000000
vn -0.986199 -0.165564 0.000000
vn -0.945177 -0.326558 0.000000
vn -0.878703 -0.477369 0.000000
vn -0.789172 -0.614172 0.000000
vn -0.678546 -0.734557 0.000000
vn -0.549782 -0.835308 0.000000
vn -0.406322 -0.913730 0.000000
vn -0.252001 -0.967727 0.000000
vn -0.090943 -0.995856 0.000000
vn 0.072545 -0.997365 -0.000000
vn 0.234095 -0.972214 -0.000000
vn 0.389387 -0.921074 -0.000000
vn 0.534270 -0.845314 -0.000000
vn 0.664872 -0.746957 -0.000000
vn 0.777701 -0.628634 -0.000000
vn 0.869742 -0.493507 -0.000000
vn 0.938533 -0.345188 -0.000000
vn 0.982237 -0.187642 -0.000000
vn 0.995549 -0.094240 -0.000000
vn -1.000000 -0.000000 0.000000
vn -0.984808 -0.173648 0.000000
vn -0.939693 -0.342020 0.000000
vn -0.866025 -0.500000 0.000000
vn -0.766044 -0.642788 0.000000
vn -0.642788 -0.766044 0.000000
vn -0.500000 -0.866025 0.000000
vn -0.342020 -0.939693 0.000000
vn -0.173648 -0.984808 0.000000
vn -0.000000 -1.000000 0.000000
vn 0.173648 -0.984808 -0.000000
vn 0.342020 -0.939693 -0.000000
vn 0.500000 -0.866025 -0.000000
vn 0.642788 -0.766044 -0.000000
vn 0.766044 -0.642788 -0.000000
vn 0.866025 -0.500000 -0.000000
vn 0.939693 -0.342020 -0.000000
vn 0.984808 -0.173648 -0.000000
f 5404//5404 5423//5423 5403//5403
f 5404//5404 5424//5424 5423//5423
f 5405//5405 5425//5425 5424//5424
f 5405//5405 5424//5424 5404//5404
f 5406//5406 5426//5426 5425//5425
f 5406//5406 5425//5425 5405//5405
f 5407//5407 5427//5427 5426//5426
f 5407//5407 5426//5426 5406//5406
f 5408//5408 5428//5428 5427//5427
f 5408//5408 5427//5427 5407//5407
f 5409//5409 5429//5429 5428//5428
f 5409//5409 5428//5428 5408//5408
f 5410//5410 5430//5430 5429//5429
f 5410//5410 5429//5429 5409//5409
f 5411//5411 5431//5431 5430//5430
f 5411//5411 5430//5430 5410//5410
f 5412//5412 5432//5432 5431//5431
f 5412//5412 5431//5431 5411//5411
f 5413//5413 5433//5433 5432//5432
f 5413//5413 5432//5432 5412//5412
f 5414//5414 5434//5434 5433//5433
f 5414//5414 5433//5433 5413//5413
f 5415//5415 5435//5435 5434//5434
f 5415//5415 5434//5434 5414//5414
f 5416//5416 5436//5436 5435//5435
f 5416//5416 5435//5435 5415//5415
f 5417//5417 5437//5437 5436//5436
f 5417//5417 5436//5436 5416//5416
f 5418//5418 5437//5437 5417//5417
f 5418//5418 5438//5438 5437//5437
f 5419//5419 5438//5438 5418//5418
f 5419//5419 5439//5439 5438//5438
f 5420//5420 5439//5439 5419//5419
f 5421//5421 5439//5439 5420//5420
f 5421//5421 5440//5440 5439//5439
f 5422//5422 5440//5440 5421//5421
f 5422//5422 5401//5401 5440//5440
f 5402//5402 5401//5401 5422//5422
v -258.000000 230.000000 0.000000
v -258.000000 230.000000 30.000000
v -282.000000 230.000000 30.000000
v -281.834412 228.013412 30.000000
v -281.342163 226.081482 30.000000
v -280.544617 224.271881 30.000000
v -279.470367 222.630371 30.000000
v -278.142914 221.185669 30.000000
v -276.597961 219.976685 30.000000
v -274.876648 219.035614 30.000000
v -273.024841 218.387512 30.000000
v -271.092346 218.049820 30.000000
v -269.130676 218.031555 30.000000
v -267.192047 218.333176 30.000000
v -265.328613 218.946579 30.000000
v -263.590088 219.855408 30.000000
v -262.022705 221.035492 30.000000
v -260.668671 222.455063 30.000000
v -259.564056 224.076263 30.000000
v -258.738281 225.855972 30.000000
v -258.213531 227.746277 30.000000
v -258.053558 228.867874 30.000000
v -282.000000 230.000000 0.000000
v -281.817688 227.916229 0.000000
v -281.276306 225.895752 0.000000
v -280.392303 224.000000 0.000000
v -279.192535 222.286545 0.000000
v -277.713440 220.807465 0.000000
v -276.000000 219.607697 0.000000
v -274.104248 218.723694 0.000000
v -272.083771 218.182312 0.000000
v -270.000000 218.000000 0.000000
v -267.916229 218.182312 0.000000
v -265.895752 218.723694 0.000000
v -264.000000 219.607697 0.000000
v -262.286560 220.807465 0.000000
v -260.807465 222.286545 0.000000
v -259.607697 224.000000 0.000000
v -258.723694 225.895752 0.000000
v -258.182312 227.916229 0.000000
vn -1.000000 0.000000 -0.000000
vn -1.000000 0.000000 -0.000000
vn 1.000000 -0.000000 -0.000000
vn 0.986199 0.165564 -0.000000
vn 0.945177 0.326558 -0.000000
vn 0.878703 0.477369 -0.000000
vn 0.789172 0.614172 -0.000000
vn 0.678546 0.734557 -0.000000
vn 0.549782 0.835308 -0.000000
vn 0.406322 0.913730 -0.000000
vn 0.252001 0.967727 -0.000000
vn 0.090943 0.995856 -0.000000
vn -0.072545 0.997365 -0.000000
vn -0.234095 0.972214 -0.000000
vn -0.389387 0.921074 -0.000000
vn -0.534270 0.845314 -0.000000
vn -0.664872 0.746957 -0.000000
vn -0.777701 0.628634 -0.000000
vn -0.869742 0.493507 -0.000000
vn -0.938533 0.345188 -0.000000
vn -0.982237 0.187642 -0.000000
vn -0.995549 0.094240 -0.000000
vn 1.000000 -0.000000 -0.000000
vn 0.984808 0.173648 -0.000000
vn 0.939693 0.342020 -0.000000
vn 0.866025 0.500000 -0.000000
vn 0.766044 0.642788 -0.000000
vn 0.642788 0.766044 -0.000000
vn 0.500000 0.866025 -0.000000
vn 0.342020 0.939693 -0.000000
vn 0.173648 0.984808 -0.000000
vn 0.000000 1.000000 -0.000000
vn -0.173648 0.984808 -0.000000
vn -0.342020 0.939693 -0.000000
vn -0.500000 0.866025 -0.000000
vn -0.642788 0.766044 -0.000000
vn -0.766044 0.642788 -0.000000
vn -0.866025 0.500000 -0.000000
vn -0.939693 0.342020 -0.000000
vn -0.984808 0.173648 -0.000000
f 5444//5444 5463//5463 5443//5443
f 5444//5444 5464//5464 5463//5463
f 5445//5445 5465//5465 5464//5464
f 5445//5445 5464//5464 5444//5444
f 5446//5446 5466//5466 5465//5465
f 5446//5446 5465//5465 5445//5445
f 5447//5447 5467//5467 5466//5466
f 5447//5447 5466//5466 5446//5446
f 5448//5448 5468//5468 5467//5467
f 5448//5448 5467//5467 5447//5447
f 5449//5449 5469//5469 5468//5468
f 5449//5449 5468//5468 5448//5448
f 5450//5450 5470//5470 5469//5469
f 5450//5450 5469//5469 5449//5449
f 5451//5451 5471//5471 5470//5470
f 5451//5451 5470//5470 5450//5450
f 5452//5452 5472//5472 5471//5471
f 5452//5452 5471//5471 5451//5451
f 5453//5453 5473//5473 5472//5472
f 5453//5453 5472//5472 5452//5452
f 5454//5454 5474//5474 5473//5473
f 5454//5454 5473//5473 5453//5453
f 5455//5455 5475//5475 5474//5474
f 5455//5455 5474//5474 5454//5454
f 5456//5456 5476//5476 5475//5475
f 5456//5456 5475//5475 5455//5455
f 5457//5457 5477//5477 5476//5476
f 5457//5457 5476//5476 5456//5456
f 5458//5458 5477//5477 5457//5457
f 5458//5458 5478//5478 5477//5477
f 5459//5459 5478//5478 5458//5458
f 5459//5459 5479//5479 5478//5478
f 5460//5460 5479//5479 5459//5459
f 5461//5461 5479//5479 5460//5460
f 5461//5461 5480//5480 5479//5479
f 5462//5462 5480//5480 5461//5461
f 5462//5462 5441//5441 5480//5480
f 5442//5442 5441//5441 5462//5462
v -242.000000 270.000000 0.000000
v -242.000000 270.000000 30.000000
v -218.000000 270.000000 30.000000
v -218.165604 271.986572 30.000000
v -218.657837 273.918518 30.000000
v -219.455399 275.728119 30.000000
v -220.529617 277.369629 30.000000
v -221.857071 278.814331 30.000000
v -223.402039 280.023315 30.000000
v -225.123337 280.964386 30.000000
v -226.975159 281.612488 30.000000
v -228.907654 281.950165 30.000000
v -230.869324 281.968445 30.000000
v -232.807953 281.666840 30.000000
v -234.671371 281.053436 30.000000
v -236.409912 280.144592 30.000000
v -237.977295 278.964508 30.000000
v -239.331345 277.544952 30.000000
v -240.435944 275.923737 30.000000
v -241.261719 274.144043 30.000000
v -241.786469 272.253723 30.000000
v -241.946442 271.132111 30.000000
v -218.000000 270.000000 0.000000
v -218.182312 272.083771 0.000000
v -218.723694 274.104248 0.000000
v -219.607697 276.000000 0.000000
v -220.807465 277.713440 0.000000
v -222.286545 279.192535 0.000000
v -224.000000 280.392303 0.000000
v -225.895752 281.276306 0.000000
v -227.916229 281.817688 0.000000
v -230.000000 282.000000 0.000000
v -232.083771 281.817688 0.000000
v -234.104248 281.276306 0.000000
v -236.000000 280.392303 0.000000
v -237.713455 279.192535 0.000000
v -239.192535 277.713440 0.000000
v -240.392303 276.000000 0.000000
v -241.276306 274.104248 0.000000
v -241.817688 272.083771 0.000000
vn 1.000000 -0.000000 -0.000000
vn 1.000000 -0.000000 -0.000000
vn -1.000000 -0.000000 0.000000
vn -0.986199 -0.165564 0.000000
vn -0.945177 -0.326558 0.000000
vn -0.878703 -0.477369 0.000000
vn -0.789172 -0.614172 0.000000
vn -0.678546 -0.734557 0.000000
vn -0.549782 -0.835308 0.000000
vn -0.406322 -0.913730 0.000000
vn -0.252001 -0.967727 0.000000
vn -0.090943 -0.995856 0.000000
vn 0.072545 -0.997365 -0.000000
vn 0.234095 -0.972214 -0.000000
vn 0.389387 -0.921074 -0.000000
vn 0.534270 -0.845314 -0.000000
vn 0.664872 -0.746957 -0.000000
vn 0.777701 -0.628634 -0.000000
vn 0.869742 -0.493507 -0.000000
vn 0.938533 -0.345188 -0.000000
vn 0.982237 -0.187642 -0.000000
vn 0.995549 -0.094240 -0.000000
vn -1.000000 -0.000000 0.000000
vn -0.984808 -0.173648 0.000000
vn -0.939693 -0.342020 0.000000
vn -0.866025 -0.500000 0.000000
vn -0.766044 -0.642788 0.000000
vn -0.642788 -0.766044 0.000000
vn -0.500000 -0.866025 0.000000
vn -0.342020 -0.939693 0.000000
vn -0.173648 -0.984808 0.000000
vn -0.000000 -1.000000 0.000000
vn 0.173648 -0.984808 -0.000000
vn 0.342020 -0.939693 -0.000000
vn 0.500000 -0.866025 -0.000000
vn 0.642788 -0.766044 -0.000000
vn 0.766044 -0.642788 -0.000000
vn 0.866025 -0.500000 -0.000000
vn 0.939693 -0.342020 -0.000000
vn 0.984808 -0.173648 -0.000000
f 5484//5484 5503//5503 5483//5483
f 5484//5484 5504//5504 5503//5503
f 5485//5485 5505//5505 5504//5504
f 5485//5485 5504//5504 5484//5484
f 5486//5486 5506//5506 5505//5505
f 5486//5486 5505//5505 5485//5485
f 5487//5487 5507//5507 5506//5506
f 5487//5487 5506//5506 5486//5486
f 5488//5488 5508//5508 5507//5507
f 5488//5488 5507//5507 5487//5487
f 5489//5489 5509//5509 5508//5508
f 5489//5489 5508//5508 5488//5488
f 5490//5490 5510//5510 5509//5509
f 5490//5490 5509//5509 5489//5489
f 5491//5491 5511//5511 5510//5510
f 5491//5491 5510//5510 5490//5490
f 5492//5492 5512//5512 5511//5511
f 5492//5492 5511//5511 5491//5491
f 5493//5493 5513//5513 5512//5512
f 5493//5493 5512//5512 5492//5492
f 5494//5494 5514//5514 5513//5513
f 5494//5494 5513//5513 5493//5493
f 5495//5495 5515//5515 5514//5514
f 5495//5495 5514//5514 5494//5494
f 5496//5496 5516//5516 5515//5515
f 5496//5496 5515//5515 5495//5495
f 5497//5497 5517//5517 5516//5516
f 5497//5497 5516//5516 5496//5496
f 5498//5498 5517//5517 5497//5497
f 5498//5498 5518//5518 5517//5517
f 5499//5499 5518//5518 5498//5498
f 5499//5499 5519//5519 5518//5518
f 5500//5500 5519//5519 5499//5499
f 5501//5501 5519//5519 5500//5500
f 5501//5501 5520//5520 5519//5519
f 5502//5502 5520//5520 5501//5501
f 5502//5502 5481//5481 5520//5520
f 5482//5482 5481//5481 5502//5502
v -218.000000 270.000000 0.000000
v -218.000000 270.000000 30.000000
v -242.000000 270.000000 30.000000
v -241.834396 268.013428 30.000000
v -241.342163 266.081482 30.000000
v -240.544601 264.271881 30.000000
v -239.470383 262.630371 30.000000
v -238.142929 261.185669 30.000000
v -236.597961 259.976685 30.000000
v -234.876663 259.035614 30.000000
v -233.024841 258.387512 30.000000
v -231.092346 258.049835 30.000000
v -229.130676 258.031555 30.000000
v -227.192047 258.333160 30.000000
v -225.328629 258.946564 30.000000
v -223.590088 259.855408 30.000000
v -222.022705 261.035492 30.000000
v -220.668655 262.455048 30.000000
v -219.564056 264.076263 30.000000
v -218.738281 265.855957 30.000000
v -218.213531 267.746277 30.000000
v -218.053558 268.867889 30.000000
v -242.000000 270.000000 0.000000
v -241.817688 267.916229 0.000000
v -241.276306 265.895752 0.000000
v -240.392303 264.000000 0.000000
v -239.192535 262.286560 0.000000
v -237.713455 260.807465 0.000000
v -236.000000 259.607697 0.000000
v -234.104248 258.723694 0.000000
v -232.083771 258.182312 0.000000
v -230.000000 258.000000 0.000000
v -227.916229 258.182312 0.000000
v -225.895752 258.723694 0.000000
v -224.000000 259.607697 0.000000
v -222.286545 260.807465 0.000000
v -220.807465 262.286560 0.000000
v -219.607697 264.000000 0.000000
v -218.723694 265.895752 0.000000
v -218.182312 267.916229 0.000000
vn -1.000000 0.000000 -0.000000
vn -1.000000 0.000000 -0.000000
vn 1.000000 -0.000000 -0.000000
vn 0.986199 0.165564 -0.000000
vn 0.945177 0.326558 -0.000000
vn 0.878703 0.477369 -0.000000
vn 0.789172 0.614172 -0.000000
vn 0.678546 0.734557 -0.000000
vn 0.549782 0.835308 -0.000000
vn 0.406322 0.913730 -0.000000
vn 0.252001 0.967727 -0.000000
vn 0.090943 0.995856 -0.000000
vn -0.072545 0.997365 -0.000000
vn -0.234095 0.972214 -0.000000
vn -0.389387 0.921074 -0.000000
vn -0.534270 0.845314 -0.000000
vn -0.664872 0.746957 -0.000000
vn -0.777701 0.628634 -0.000000
vn -0.869742 0.493507 -0.000000
vn -0.938533 0.345188 -0.000000
vn -0.982237 0.187642 -0.000000
vn -0.995549 0.094240 -0.000000
vn 1.000000 -0.000000 -0.000000
vn 0.984808 0.173648 -0.000000
vn 0.939693 0.342020 -0.000000
vn 0.866025 0.500000 -0.000000
vn 0.766044 0.642788 -0.000000
vn 0.642788 0.766044 -0.000000
vn 0.500000 0.866025 -0.000000
vn 0.342020 0.939693 -0.000000
vn 0.173648 0.984808 -0.000000
vn 0.000000 1.000000 -0.000000
vn -0.173648 0.984808 -0.000000
vn -0.342020 0.939693 -0.000000
vn -0.500000 0.866025 -0.000000
vn -0.642788 0.766044 -0.000000
vn -0.766044 0.642788 -0.000000
vn -0.866025 0.500000 -0.000000
vn -0.939693 0.342020 -0.000000
vn -0.984808 0.173648 -0.000000
f 5524//5524 5543//5543 5523//5523
f 5524//5524 5544//5544 5543//5543
f 5525//5525 5545//5545 5544//5544
f 5525//5525 5544//5544 5524//5524
f 5526//5526 5546//5546 5545//5545
f 5526//5526 5545//5545 5525//5525
f 5527//5527 5547//5547 5546//5546
f 5527//5527 5546//5546 5526//5526
f 5528//5528 5548//5548 5547//5547
f 5528//5528 5547//5547 5527//5527
f 5529//5529 5549//5549 5548//5548
f 5529//5529 5548//5548 5528//5528
f 5530//5530 5550//5550 5549//5549
f 5530//5530 5549//5549 5529//5529
f 5531//5531 5551//5551 5550//5550
f 5531//5531 5550//5550 5530//5530
f 5532//5532 5552//5552 5551//5551
f 5532//5532 5551//5551 5531//5531
f 5533//5533 5553//5553 5552//5552
f 5533//5533 5552//5552 5532//5532
f 5534//5534 5554//5554 5553//5553
f 5534//5534 5553//5553 5533//5533
f 5535//5535 5555//5555 5554//5554
f 5535//5535 5554//5554 5534//5534
f 5536//5536 5556//5556 5555//5555
f 5536//5536 5555//5555 5535//5535
f 5537//5537 5557//5557 5556//5556
f 5537//5537 5556//5556 5536//5536
f 5538//5538 5557//5557 5537//5537
f 5538//5538 5558//5558 5557//5557
f 5539//5539 5558//5558 5538//5538
f 5539//5539 5559//5559 5558//5558
f 5540//5540 5559//5559 5539//5539
f 5541//5541 5559//5559 5540//5540
f 5541//5541 5560//5560 5559//5559
f 5542//5542 5560//5560 5541//5541
f 5542//5542 5521//5521 5560//5560
f 5522//5522 5521//5521 5542//5542
v -377.000000 250.000000 73.900002
v -377.000000 243.864395 73.900002
v -376.114380 250.000000 73.977478
v -375.255707 250.000000 74.207565
v -374.450012 250.000000 74.583267
v -373.721771 250.000000 75.093170
v -373.093170 250.000000 75.721786
v -372.583282 250.000000 76.449997
v -372.207581 250.000000 77.255699
v -371.977478 250.000000 78.114395
v -371.899994 250.000000 79.000000
v -371.977478 250.000000 79.885605
v -372.207581 250.000000 80.744301
v -372.583282 250.000000 81.550003
v -373.093170 250.000000 82.278214
v -373.721771 250.000000 82.906830
v -374.450012 250.000000 83.416733
v -375.255707 250.000000 83.792435
v -376.114380 250.000000 84.022522
v -377.000000 250.000000 84.099998
v -377.000000 243.864395 84.099998
v -371.899994 243.864395 79.000000
v -371.977478 243.864395 79.885605
v -372.207581 243.864395 80.744301
v -372.583282 243.864395 81.550003
v -373.093170 243.864395 82.278214
v -373.721771 243.864395 82.906830
v -374.450012 243.864395 83.416733
v -375.255707 243.864395 83.792435
v -376.114380 243.864395 84.022522
v -376.114380 243.864395 73.977478
v -375.255707 243.864395 74.207565
v -374.450012 243.864395 74.583267
v -373.721771 243.864395 75.093170
v -373.093170 243.864395 75.721786
v -372.583282 243.864395 76.449997
v -372.207581 243.864395 77.255699
v -371.977478 243.864395 78.114395
vn 0.000000 -0.000000 1.000000
vn 0.000000 -0.000000 1.000000
vn -0.173648 -0.000000 0.984808
vn -0.342020 -0.000000 0.939693
vn -0.500000 -0.000000 0.866025
vn -0.642788 -0.000000 0.766044
vn -0.766044 -0.000000 0.642788
vn -0.866025 -0.000000 0.500000
vn -0.939693 -0.000000 0.342020
vn -0.984808 -0.000000 0.173648
vn -1.000000 -0.000000 -0.000000
vn -0.984808 -0.000000 -0.173648
vn -0.939693 -0.000000 -0.342020
vn -0.866025 -0.000000 -0.500000
vn -0.766044 -0.000000 -0.642788
vn -0.642788 -0.000000 -0.766044
vn -0.500000 -0.000000 -0.866025
vn -0.342020 -0.000000 -0.939693
vn -0.173648 -0.000000 -0.984808
vn -0.000000 -0.000000 -1.000000
vn 0.000000 0.000000 -1.000000
vn -1.000000 -0.000000 0.000000
vn -0.984808 -0.000000 -0.173648
vn -0.939693 -0.000000 -0.342020
vn -0.866025 -0.000000 -0.500000
vn -0.766044 -0.000000 -0.642788
vn -0.642788 -0.000000 -0.766044
vn -0.500000 -0.000000 -0.866025
vn -0.342020 -0.000000 -0.939693
vn -0.173648 -0.000000 -0.984808
vn -0.173648 -0.000000 0.984808
vn -0.342020 -0.000000 0.939693
vn -0.500000 -0.000000 0.866025
vn -0.642788 -0.000000 0.766044
vn -0.766044 -0.000000 0.642788
vn -0.866025 -0.000000 0.500000
vn -0.939693 -0.000000 0.342020
vn -0.984808 -0.000000 0.173648
f 5591//5591 5561//5561 5562//5562
f 5591//5591 5563//5563 5561//5561
f 5592//5592 5564//5564 5563//5563
f 5592//5592 5565//5565 5564//5564
f 5592//5592 5563//5563 5591//5591
f 5593//5593 5565//5565 5592//5592
f 5594//5594 5566//5566 5565//5565
f 5594//5594 5565//5565 5593//5593
f 5595//5595 5567//5567 5566//5566
f 5595//5595 5568//5568 5567//5567
f 5595//5595 5566//5566 5594//5594
f 5596//5596 5568//5568 5595//5595
f 5597//5597 5569//5569 5568//5568
f 5597//5597 5568//5568 5596//5596
f 5598//5598 5570//5570 5569//5569
f 5598//5598 5569//5569 5597//5597
f 5582//5582 5571//5571 5570//5570
f 5582//5582 5572//5572 5571//5571
f 5582//5582 5570//5570 5598//5598
f 5583//5583 5572//5572 5582//5582
f 5584//5584 5573//5573 5572//5572
f 5584//5584 5572//5572 5583//5583
f 5585//5585 5574//5574 5573//5573
f 5585//5585 5575//5575 5574//5574
f 5585//5585 5573//5573 5584//5584
f 5586//5586 5575//5575 5585//5585
f 5587//5587 5576//5576 5575//5575
f 5587//5587 5575//5575 5586//5586
f 5588//5588 5576//5576 5587//5587
f 5588//5588 5577//5577 5576//5576
f 5589//5589 5577//5577 5588//5588
f 5589//5589 5578//5578 5577//5577
f 5590//5590 5578//5578 5589//5589
f 5590//5590 5579//5579 5578//5578
f 5590//5590 5580//5580 5579//5579
f 5581//5581 5580//5580 5590//5590
v -377.000000 250.000000 84.099998
v -377.000000 243.864395 84.099998
v -377.885620 250.000000 84.022522
v -378.744293 250.000000 83.792435
v -379.549988 250.000000 83.416733
v -380.278229 250.000000 82.906830
v -380.906830 250.000000 82.278214
v -381.416718 250.000000 81.550003
v -381.792419 250.000000 80.744301
v -382.022522 250.000000 79.885605
v -382.100006 250.000000 79.000000
v -382.022522 250.000000 78.114395
v -381.792419 250.000000 77.255699
v -381.416718 250.000000 76.449997
v -380.906830 250.000000 75.721786
v -380.278229 250.000000 75.093170
v -379.549988 250.000000 74.583267
v -378.744293 250.000000 74.207565
v -377.885620 250.000000 73.977478
v -377.000000 250.000000 73.900002
v -377.000000 243.864395 73.900002
v -382.100006 243.864395 79.000000
v -382.022522 243.864395 78.114395
v -381.792419 243.864395 77.255699
v -381.416718 243.864395 76.449997
v -380.906830 243.864395 75.721786
v -380.278229 243.864395 75.093170
v -379.549988 243.864395 74.583267
v -378.744293 243.864395 74.207565
v -377.885620 243.864395 73.977478
v -377.885620 243.864395 84.022522
v -378.744293 243.864395 83.792435
v -379.549988 243.864395 83.416733
v -380.278229 243.864395 82.906830
v -380.906830 243.864395 82.278214
v -381.416718 243.864395 81.550003
v -381.792419 243.864395 80.744301
v -382.022522 243.864395 79.885605
vn -0.000000 -0.000000 -1.000000
vn -0.000000 -0.000000 -1.000000
vn 0.173648 -0.000000 -0.984808
vn 0.342020 -0.000000 -0.939693
vn 0.500000 -0.000000 -0.866025
vn 0.642788 -0.000000 -0.766044
vn 0.766044 -0.000000 -0.642788
vn 0.866025 -0.000000 -0.500000
vn 0.939693 -0.000000 -0.342020
vn 0.984808 -0.000000 -0.173648
vn 1.000000 -0.000000 -0.000000
vn 0.984808 0.000000 0.173648
vn 0.939693 0.000000 0.342020
vn 0.866025 0.000000 0.500000
vn 0.766044 0.000000 0.642788
vn 0.642788 0.000000 0.766044
vn 0.500000 0.000000 0.866025
vn 0.342020 0.000000 0.939693
vn 0.173648 0.000000 0.984808
vn 0.000000 0.000000 1.000000
vn 0.000000 0.000000 1.000000
vn 1.000000 -0.000000 -0.000000
vn 0.984808 0.000000 0.173648
vn 0.939693 0.000000 0.342020
vn 0.866025 0.000000 0.500000
vn 0.766044 0.000000 0.642788
vn 0.642788 0.000000 0.766044
vn 0.500000 0.000000 0.866025
vn 0.342020 0.000000 0.939693
vn 0.173648 0.000000 0.984808
vn 0.173648 -0.000000 -0.984808
vn 0.342020 -0.000000 -0.939693
vn 0.500000 -0.000000 -0.866025
vn 0.642788 -0.000000 -0.766044
vn 0.766044 -0.000000 -0.642788
vn 0.866025 -0.000000 -0.500000
vn 0.939693 -0.000000 -0.342020
vn 0.984808 -0.000000 -0.173648
f 5629//5629 5599//5599 5600//5600
f 5629//5629 5601//5601 5599//5599
f 5630//5630 5602//5602 5601//5601
f 5630//5630 5601//5601 5629//5629
f 5631//5631 5603//5603 5602//5602
f 5631//5631 5602//5602 5630//5630
f 5632//5632 5604//5604 5603//5603
f 5632//5632 5603//5603 5631//5631
f 5633//5633 5605//5605 5604//5604
f 5633//5633 5604//5604 5632//5632
f 5634//5634 5606//5606 5605//5605
f 5634//5634 5605//5605 5633//5633
f 5635//5635 5607//5607 5606//5606
f 5635//5635 5606//5606 5634//5634
f 5636//5636 5608//5608 5607//5607
f 5636//5636 5609//5609 5608//5608
f 5636//5636 5607//5607 5635//5635
f 5620//5620 5609//5609 5636//5636
f 5621//5621 5610//5610 5609//5609
f 5621//5621 5611//5611 5610//5610
f 5621//5621 5609//5609 5620//5620
f 5622//5622 5611//5611 5621//5621
f 5623//5623 5612//5612 5611//5611
f 5623//5623 5611//5611 5622//5622
f 5624//5624 5613//5613 5612//5612
f 5624//5624 5612//5612 5623//5623
f 5625//5625 5614//5614 5613//5613
f 5625//5625 5613//5613 5624//5624
f 5626//5626 5614//5614 5625//5625
f 5626//5626 5615//5615 5614//5614
f 5627//5627 5615//5615 5626//5626
f 5627//5627 5616//5616 5615//5615
f 5627//5627 5617//5617 5616//5616
f 5628//5628 5617//5617 5627//5627
f 5619//5619 5617//5617 5628//5628
f 5619//5619 5618//5618 5617//5617
v -377.000000 250.000000 133.899994
v -377.000000 243.864395 133.899994
v -376.114380 250.000000 133.977478
v -375.255707 250.000000 134.207565
v -374.450012 250.000000 134.583267
v -373.721771 250.000000 135.093170
v -373.093170 250.000000 135.721786
v -372.583282 250.000000 136.449997
v -372.207581 250.000000 137.255692
v -371.977478 250.000000 138.114395
v -371.899994 250.000000 139.000000
v -371.977478 250.000000 139.885605
v -372.207581 250.000000 140.744308
v -372.583282 250.000000 141.550003
v -373.093170 250.000000 142.278214
v -373.721771 250.000000 142.906830
v -374.450012 250.000000 143.416733
v -375.255707 250.000000 143.792435
v -376.114380 250.000000 144.022522
v -377.000000 250.000000 144.100006
v -377.000000 243.864395 144.100006
v -371.899994 243.864395 139.000000
v -371.977478 243.864395 139.885605
v -372.207581 243.864395 140.744308
v -372.583282 243.864395 141.550003
v -373.093170 243.864395 142.278214
v -373.721771 243.864395 142.906830
v -374.450012 243.864395 143.416733
v -375.255707 243.864395 143.792435
v -376.114380 243.864395 144.022522
v -376.114380 243.864395 133.977478
v -375.255707 243.864395 134.207565
v -374.450012 243.864395 134.583267
v -373.721771 243.864395 135.093170
v -373.093170 243.864395 135.721786
v -372.583282 243.864395 136.449997
v -372.207581 243.864395 137.255692
v -371.977478 243.864395 138.114395
vn 0.000000 -0.000000 1.000000
vn 0.000000 -0.000000 1.000000
vn -0.173648 -0.000000 0.984808
vn -0.342020 -0.000000 0.939693
vn -0.500000 -0.000000 0.866025
vn -0.642788 -0.000000 0.766044
vn -0.766044 -0.000000 0.642788
vn -0.866025 -0.000000 0.500000
vn -0.939693 -0.000000 0.342020
vn -0.984808 -0.000000 0.173648
vn -1.000000 -0.000000 -0.000000
vn -0.984808 -0.000000 -0.173648
vn -0.939693 -0.000000 -0.342020
vn -0.866025 -0.000000 -0.500000
vn -0.766044 -0.000000 -0.642788
vn -0.642788 -0.000000 -0.766044
vn -0.500000 -0.000000 -0.866025
vn -0.342020 -0.000000 -0.939693
vn -0.173648 -0.000000 -0.984808
vn -0.000000 -0.000000 -1.000000
vn 0.000000 0.000000 -1.000000
vn -1.000000 -0.000000 0.000000
vn -0.984808 -0.000000 -0.173648
vn -0.939693 -0.000000 -0.342020
vn -0.866025 -0.000000 -0.500000
vn -0.766044 -0.000000 -0.642788
vn -0.642788 -0.000000 -0.766044
vn -0.500000 -0.000000 -0.866025
vn -0.342020 -0.000000 -0.939693
vn -0.173648 -0.000000 -0.984808
vn -0.173648 -0.000000 0.984808
vn -0.342020 -0.000000 0.939693
vn -0.500000 -0.000000 0.866025
vn -0.642788 -0.000000 0.766044
vn -0.766044 -0.000000 0.642788
vn -0.866025 -0.000000 0.500000
vn -0.939693 -0.000000 0.342020
vn -0.984808 -0.000000 0.173648
f 5667//5667 5637//5637 5638//5638
f 5667//5667 5639//5639 5637//5637
f 5668//5668 5640//5640 5639//5639
f 5668//5668 5641//5641 5640//5640
f 5668//5668 5639//5639 5667//5667
f 5669//5669 5641//5641 5668//5668
f 5670//5670 5642//5642 5641//5641
f 5670//5670 5641//5641 5669//5669
f 5671//5671 5643//5643 5642//5642
f 5671//5671 5644//5644 5643//5643
f 5671//5671 5642//5642 5670//5670
f 5672//5672 5644//5644 5671//5671
f 5673//5673 5645//5645 5644//5644
f 5673//5673 5644//5644 5672//5672
f 5674//5674 5646//5646 5645//5645
f 5674//5674 5645//5645 5673//5673
f 5658//5658 5647//5647 5646//5646
f 5658//5658 5646//5646 5674//5674
f 5659//5659 5648//5648 5647//5647
f 5659//5659 5649//5649 5648//5648
f 5659//5659 5647//5647 5658//5658
f 5660//5660 5649//5649 5659//5659
f 5661//5661 5650//5650 5649//5649
f 5661//5661 5649//5649 5660//5660
f 5662//5662 5651//5651 5650//5650
f 5662//5662 5650//5650 5661//5661
f 5663//5663 5652//5652 5651//5651
f 5663//5663 5653//5653 5652//5652
f 5663//5663 5651//5651 5662//5662
f 5664//5664 5654//5654 5653//5653
f 5664//5664 5653//5653 5663//5663
f 5665//5665 5654//5654 5664//5664
f 5666//5666 5654//5654 5665//5665
f 5666//5666 5655//5655 5654//5654
f 5666//5666 5656//5656 5655//5655
f 5657//5657 5656//5656 5666//5666
v -377.000000 250.000000 144.100006
v -377.000000 243.864395 144.100006
v -377.885620 250.000000 144.022522
v -378.744293 250.000000 143.792435
v -379.549988 250.000000 143.416733
v -380.278229 250.000000 142.906830
v -380.906830 250.000000 142.278214
v -381.416718 250.000000 141.550003
v -381.792419 250.000000 140.744308
v -382.022522 250.000000 139.885605
v -382.100006 250.000000 139.000000
v -382.022522 250.000000 138.114395
v -381.792419 250.000000 137.255692
v -381.416718 250.000000 136.449997
v -380.906830 250.000000 135.721786
v -380.278229 250.000000 135.093170
v -379.549988 250.000000 134.583267
v -378.744293 250.000000 134.207565
v -377.885620 250.000000 133.977478
v -377.000000 250.000000 133.899994
v -377.000000 243.864395 133.899994
v -382.100006 243.864395 139.000000
v -382.022522 243.864395 138.114395
v -381.792419 243.864395 137.255692
v -381.416718 243.864395 136.449997
v -380.906830 243.864395 135.721786
v -380.278229 243.864395 135.093170
v -379.549988 243.864395 134.583267
v -378.744293 243.864395 134.207565
v -377.885620 243.864395 133.977478
v -377.885620 243.864395 144.022522
v -378.744293 243.864395 143.792435
v -379.549988 243.864395 143.416733
v -380.278229 243.864395 142.906830
v -380.906830 243.864395 142.278214
v -381.416718 243.864395 141.550003
v -381.792419 243.864395 140.744308
v -382.022522 243.864395 139.885605
vn -0.000000 -0.000000 -1.000000
vn -0.000000 -0.000000 -1.000000
vn 0.173648 -0.000000 -0.984808
vn 0.342020 -0.000000 -0.939693
vn 0.500000 -0.000000 -0.866025
vn 0.642788 -0.000000 -0.766044
vn 0.766044 -0.000000 -0.642788
vn 0.866025 -0.000000 -0.500000
vn 0.939693 -0.000000 -0.342020
vn 0.984808 -0.000000 -0.173648
vn 1.000000 -0.000000 -0.000000
vn 0.984808 0.000000 0.173648
vn 0.939693 0.000000 0.342020
vn 0.866025 0.000000 0.500000
vn 0.766044 0.000000 0.642788
vn 0.642788 0.000000 0.766044
vn 0.500000 0.000000 0.866025
vn 0.342020 0.000000 0.939693
vn 0.173648 0.000000 0.984808
vn 0.000000 0.000000 1.000000
vn 0.000000 0.000000 1.000000
vn 1.000000 -0.000000 -0.000000
vn 0.984808 0.000000 0.173648
vn 0.939693 0.000000 0.342020
vn 0.866025 0.000000 0.500000
vn 0.766044 0.000000 0.642788
vn 0.642788 0.000000 0.766044
vn 0.500000 0.000000 0.866025
vn 0.342020 0.000000 0.939693
vn 0.173648 0.000000 0.984808
vn 0.173648 -0.000000 -0.984808
vn 0.342020 -0.000000 -0.939693
vn 0.500000 -0.000000 -0.866025
vn 0.642788 -0.000000 -0.766044
vn 0.766044 -0.000000 -0.642788
vn 0.866025 -0.000000 -0.500000
vn 0.939693 -0.000000 -0.342020
vn 0.984808 -0.000000 -0.173648
f 5705//5705 5675//5675 5676//5676
f 5705//5705 5677//5677 5675//5675
f 5706//5706 5678//5678 5677//5677
f 5706//5706 5677//5677 5705//5705
f 5707//5707 5679//5679 5678//5678
f 5707//5707 5678//5678 5706//5706
f 5708//5708 5680//5680 5679//5679
f 5708//5708 5679//5679 5707//5707
f 5709//5709 5681//5681 5680//5680
f 5709//5709 5680//5680 5708//5708
f 5710//5710 5682//5682 5681//5681
f 5710//5710 5681//5681 5709//5709
f 5711//5711 5683//5683 5682//5682
f 5711//5711 5682//5682 5710//5710
f 5712//5712 5684//5684 5683//5683
f 5712//5712 5685//5685 5684//5684
f 5712//5712 5683//5683 5711//5711
f 5696//5696 5685//5685 5712//5712
f 5697//5697 5686//5686 5685//5685
f 5697//5697 5687//5687 5686//5686
f 5697//5697 5685//5685 5696//5696
f 5698//5698 5687//5687 5697//5697
f 5699//5699 5688//5688 5687//5687
f 5699//5699 5687//5687 5698//5698
f 5700//5700 5689//5689 5688//5688
f 5700//5700 5688//5688 5699//5699
f 5701//5701 5690//5690 5689//5689
f 5701//5701 5689//5689 5700//5700
f 5702//5702 5690//5690 5701//5701
f 5702//5702 5691//5691 5690//5690
f 5703//5703 5691//5691 5702//5702
f 5703//5703 5692//5692 5691//5691
f 5703//5703 5693//5693 5692//5692
f 5704//5704 5693//5693 5703//5703
f 5695//5695 5693//5693 5704//5704
f 5695//5695 5694//5694 5693//5693
usemtl mat_3
v -371.000000 -239.899994 212.500000
v -371.000000 -239.899994 194.500000
v -370.128326 -239.975052 212.500000
v -369.282196 -240.198013 212.500000
v -368.486694 -240.562286 212.500000
v -367.765228 -241.057144 212.500000
v -367.138855 -241.668121 212.500000
v -366.626160 -242.377106 212.500000
v -366.242249 -243.163254 212.500000
v -365.998322 -244.003510 212.500000
v -365.924622 -244.499344 212.500000
v -365.899994 -245.000000 212.500000
v -365.975067 -245.871674 212.500000
v -366.198029 -246.717804 212.500000
v -366.562286 -247.513306 212.500000
v -367.057129 -248.234772 212.500000
v -367.668121 -248.861145 212.500000
v -368.377136 -249.373840 212.500000
v -369.163239 -249.757767 212.500000
v -370.003510 -250.001694 212.500000
v -370.499359 -250.075363 212.500000
v -371.000000 -250.100006 212.500000
v -371.000000 -250.100006 194.500000
v -365.899994 -245.000000 194.500000
v -365.977478 -245.885605 194.500000
v -366.207581 -246.744308 194.500000
v -366.583282 -247.550003 194.500000
v -367.093170 -248.278214 194.500000
v -367.721771 -248.906830 194.500000
v -368.450012 -249.416733 194.500000
v -369.255707 -249.792435 194.500000
v -370.114380 -250.022522 194.500000
v -370.114380 -239.977478 194.500000
v -369.255707 -240.207565 194.500000
v -368.450012 -240.583267 194.500000
v -367.721771 -241.093170 194.500000
v -367.093170 -241.721786 194.500000
v -366.583282 -242.449997 194.500000
v -366.207581 -243.255692 194.500000
v -365.977478 -244.114395 194.500000
vn 0.000000 -1.000000 -0.000000
vn 0.000000 -1.000000 -0.000000
vn -0.170923 -0.985284 -0.000000
vn -0.336816 -0.941571 -0.000000
vn -0.492796 -0.870145 -0.000000
vn -0.634272 -0.773110 -0.000000
vn -0.757081 -0.653322 -0.000000
vn -0.857607 -0.514305 -0.000000
vn -0.932894 -0.360151 -0.000000
vn -0.980724 -0.195398 -0.000000
vn -0.995169 -0.098173 -0.000000
vn -1.000000 -0.000000 -0.000000
vn -0.985284 0.170923 -0.000000
vn -0.941571 0.336816 -0.000000
vn -0.870145 0.492796 -0.000000
vn -0.773110 0.634272 -0.000000
vn -0.653322 0.757081 -0.000000
vn -0.514305 0.857607 -0.000000
vn -0.360151 0.932894 -0.000000
vn -0.195398 0.980724 -0.000000
vn -0.098173 0.995169 -0.000000
vn -0.000000 1.000000 -0.000000
vn -0.000000 1.000000 -0.000000
vn -1.000000 -0.000000 -0.000000
vn -0.984808 0.173648 -0.000000
vn -0.939693 0.342020 -0.000000
vn -0.866025 0.500000 -0.000000
vn -0.766044 0.642788 -0.000000
vn -0.642788 0.766044 -0.000000
vn -0.500000 0.866025 -0.000000
vn -0.342020 0.939693 -0.000000
vn -0.173648 0.984808 -0.000000
vn -0.173648 -0.984808 -0.000000
vn -0.342020 -0.939693 -0.000000
vn -0.500000 -0.866025 -0.000000
vn -0.642788 -0.766044 -0.000000
vn -0.766044 -0.642788 -0.000000
vn -0.866025 -0.500000 -0.000000
vn -0.939693 -0.342020 -0.000000
vn -0.984808 -0.173648 -0.000000
f 5714//5714 5715//5715 5713//5713
f 5745//5745 5716//5716 5715//5715
f 5745//5745 5715//5715 5714//5714
f 5746//5746 5717//5717 5716//5716
f 5746//5746 5716//5716 5745//5745
f 5747//5747 5718//5718 5717//5717
f 5747//5747 5717//5717 5746//5746
f 5748//5748 5719//5719 5718//5718
f 5748//5748 5718//5718 5747//5747
f 5749//5749 5720//5720 5719//5719
f 5749//5749 5719//5719 5748//5748
f 5750//5750 5721//5721 5720//5720
f 5750//5750 5720//5720 5749//5749
f 5751//5751 5722//5722 5721//5721
f 5751//5751 5721//5721 5750//5750
f 5752//5752 5723//5723 5722//5722
f 5752//5752 5722//5722 5751//5751
f 5736//5736 5724//5724 5723//5723
f 5736//5736 5725//5725 5724//5724
f 5736//5736 5723//5723 5752//5752
f 5737//5737 5726//5726 5725//5725
f 5737//5737 5725//5725 5736//5736
f 5738//5738 5727//5727 5726//5726
f 5738//5738 5726//5726 5737//5737
f 5739//5739 5728//5728 5727//5727
f 5739//5739 5727//5727 5738//5738
f 5740//5740 5729//5729 5728//5728
f 5740//5740 5728//5728 5739//5739
f 5741//5741 5729//5729 5740//5740
f 5741//5741 5730//5730 5729//5729
f 5742//5742 5730//5730 5741//5741
f 5742//5742 5731//5731 5730//5730
f 5743//5743 5731//5731 5742//5742
f 5743//5743 5732//5732 5731//5731
f 5744//5744 5732//5732 5743//5743
f 5744//5744 5733//5733 5732//5732
f 5735//5735 5734//5734 5733//5733
f 5735//5735 5733//5733 5744//5744
v -371.000000 -250.100006 212.500000
v -371.000000 -250.100006 194.500000
v -371.871674 -250.024948 212.500000
v -372.717804 -249.801987 212.500000
v -373.513306 -249.437714 212.500000
v -374.234772 -248.942856 212.500000
v -374.861145 -248.331879 212.500000
v -375.373840 -247.622894 212.500000
v -375.757751 -246.836746 212.500000
v -376.001678 -245.996490 212.500000
v -376.075378 -245.500656 212.500000
v -376.100006 -245.000000 212.500000
v -376.024933 -244.128326 212.500000
v -375.801971 -243.282196 212.500000
v -375.437714 -242.486694 212.500000
v -374.942871 -241.765228 212.500000
v -374.331879 -241.138855 212.500000
v -373.622864 -240.626160 212.500000
v -372.836761 -240.242233 212.500000
v -371.996490 -239.998306 212.500000
v -371.500641 -239.924637 212.500000
v -371.000000 -239.899994 212.500000
v -371.000000 -239.899994 194.500000
v -376.100006 -245.000000 194.500000
v -376.022522 -244.114395 194.500000
v -375.792419 -243.255692 194.500000
v -375.416718 -242.449997 194.500000
v -374.906830 -241.721786 194.500000
v -374.278229 -241.093170 194.500000
v -373.549988 -240.583267 194.500000
v -372.744293 -240.207565 194.500000
v -371.885620 -239.977478 194.500000
v -371.885620 -250.022522 194.500000
v -372.744293 -249.792435 194.500000
v -373.549988 -249.416733 194.500000
v -374.278229 -248.906830 194.500000
v -374.906830 -248.278214 194.500000
v -375.416718 -247.550003 194.500000
v -375.792419 -246.744308 194.500000
v -376.022522 -245.885605 194.500000
vn -0.000000 1.000000 0.000000
vn -0.000000 1.000000 0.000000
vn 0.170923 0.985284 0.000000
vn 0.336816 0.941571 0.000000
vn 0.492796 0.870145 0.000000
vn 0.634272 0.773110 0.000000
vn 0.757081 0.653322 0.000000
vn 0.857607 0.514305 0.000000
vn 0.932894 0.360151 0.000000
vn 0.980724 0.195398 0.000000
vn 0.995169 0.098173 0.000000
vn 1.000000 0.000000 0.000000
vn 0.985284 -0.170923 -0.000000
vn 0.941571 -0.336816 -0.000000
vn 0.870145 -0.492796 -0.000000
vn 0.773110 -0.634272 -0.000000
vn 0.653322 -0.757081 -0.000000
vn 0.514305 -0.857607 -0.000000
vn 0.360151 -0.932894 -0.000000
vn 0.195398 -0.980724 -0.000000
vn 0.098173 -0.995169 -0.000000
vn 0.000000 -1.000000 -0.000000
vn 0.000000 -1.000000 -0.000000
vn 1.000000 0.000000 0.000000
vn 0.984808 -0.173648 -0.000000
vn 0.939693 -0.342020 -0.000000
vn 0.866025 -0.500000 -0.000000
vn 0.766044 -0.642788 -0.000000
vn 0.642788 -0.766044 -0.000000
vn 0.500000 -0.866025 -0.000000
vn 0.342020 -0.939693 -0.000000
vn 0.173648 -0.984808 -0.000000
vn 0.173648 0.984808 0.000000
vn 0.342020 0.939693 0.000000
vn 0.500000 0.866025 0.000000
vn 0.642788 0.766044 0.000000
vn 0.766044 0.642788 0.000000
vn 0.866025 0.500000 0.000000
vn 0.939693 0.342020 0.000000
vn 0.984808 0.173648 0.000000
f 5754//5754 5755//5755 5753//5753
f 5785//5785 5756//5756 5755//5755
f 5785//5785 5755//5755 5754//5754
f 5786//5786 5757//5757 5756//5756
f 5786//5786 5756//5756 5785//5785
f 5787//5787 5758//5758 5757//5757
f 5787//5787 5757//5757 5786//5786
f 5788//5788 5759//5759 5758//5758
f 5788//5788 5758//5758 5787//5787
f 5789//5789 5760//5760 5759//5759
f 5789//5789 5759//5759 5788//5788
f 5790//5790 5761//5761 5760//5760
f 5790//5790 5760//5760 5789//5789
f 5791//5791 5762//5762 5761//5761
f 5791//5791 5761//5761 5790//5790
f 5792//5792 5763//5763 5762//5762
f 5792//5792 5762//5762 5791//5791
f 5776//5776 5764//5764 5763//5763
f 5776//5776 5765//5765 5764//5764
f 5776//5776 5763//5763 5792//5792
f 5777//5777 5766//5766 5765//5765
f 5777//5777 5765//5765 5776//5776
f 5778//5778 5767//5767 5766//5766
f 5778//5778 5766//5766 5777//5777
f 5779//5779 5768//5768 5767//5767
f 5779//5779 5767//5767 5778//5778
f 5780//5780 5769//5769 5768//5768
f 5780//5780 5768//5768 5779//5779
f 5781//5781 5769//5769 5780//5780
f 5781//5781 5770//5770 5769//5769
f 5782//5782 5770//5770 5781//5781
f 5782//5782 5771//5771 5770//5770
f 5783//5783 5771//5771 5782//5782
f 5783//5783 5772//5772 5771//5771
f 5784//5784 5772//5772 5783//5783
f 5784//5784 5773//5773 5772//5772
f 5775//5775 5774//5774 5773//5773
f 5775//5775 5773//5773 5784//5784
v -393.000000 -239.899994 212.500000
v -393.000000 -239.899994 194.500000
v -392.128326 -239.975052 212.500000
v -391.282196 -240.198013 212.500000
v -390.486694 -240.562286 212.500000
v -389.765228 -241.057144 212.500000
v -389.138855 -241.668121 212.500000
v -388.626160 -242.377106 212.500000
v -388.242249 -243.163254 212.500000
v -387.998322 -244.003510 212.500000
v -387.924622 -244.499344 212.500000
v -387.899994 -245.000000 212.500000
v -387.975067 -245.871674 212.500000
v -388.198029 -246.717804 212.500000
v -388.562286 -247.513306 212.500000
v -389.057129 -248.234772 212.500000
v -389.668121 -248.861145 212.500000
v -390.377136 -249.373840 212.500000
v -391.163239 -249.757767 212.500000
v -392.003510 -250.001694 212.500000
v -392.499359 -250.075363 212.500000
v -393.000000 -250.100006 212.500000
v -393.000000 -250.100006 194.500000
v -387.899994 -245.000000 194.500000
v -387.977478 -245.885605 194.500000
v -388.207581 -246.744308 194.500000
v -388.583282 -247.550003 194.500000
v -389.093170 -248.278214 194.500000
v -389.721771 -248.906830 194.500000
v -390.450012 -249.416733 194.500000
v -391.255707 -249.792435 194.500000
v -392.114380 -250.022522 194.500000
v -392.114380 -239.977478 194.500000
v -391.255707 -240.207565 194.500000
v -390.450012 -240.583267 194.500000
v -389.721771 -241.093170 194.500000
v -389.093170 -241.721786 194.500000
v -388.583282 -242.449997 194.500000
v -388.207581 -243.255692 194.500000
v -387.977478 -244.114395 194.500000
vn 0.000000 -1.000000 -0.000000
vn 0.000000 -1.000000 -0.000000
vn -0.170923 -0.985284 -0.000000
vn -0.336816 -0.941571 -0.000000
vn -0.492796 -0.870145 -0.000000
vn -0.634272 -0.773110 -0.000000
vn -0.757081 -0.653322 -0.000000
vn -0.857607 -0.514305 -0.000000
vn -0.932894 -0.360151 -0.000000
vn -0.980724 -0.195398 -0.000000
vn -0.995169 -0.098173 -0.000000
vn -1.000000 -0.000000 -0.000000
vn -0.985284 0.170923 -0.000000
vn -0.941571 0.336816 -0.000000
vn -0.870145 0.492796 -0.000000
vn -0.773110 0.634272 -0.000000
vn -0.653322 0.757081 -0.000000
vn -0.514305 0.857607 -0.000000
vn -0.360151 0.932894 -0.000000
vn -0.195398 0.980724 -0.000000
vn -0.098173 0.995169 -0.000000
vn -0.000000 1.000000 -0.000000
vn -0.000000 1.000000 -0.000000
vn -1.000000 -0.000000 -0.000000
vn -0.984808 0.173648 -0.000000
vn -0.939693 0.342020 -0.000000
vn -0.866025 0.500000 -0.000000
vn -0.766044 0.642788 -0.000000
vn -0.642788 0.766044 -0.000000
vn -0.500000 0.866025 -0.000000
vn -0.342020 0.939693 -0.000000
vn -0.173648 0.984808 -0.000000
vn -0.173648 -0.984808 -0.000000
vn -0.342020 -0.939693 -0.000000
vn -0.500000 -0.866025 -0.000000
vn -0.642788 -0.766044 -0.000000
vn -0.766044 -0.642788 -0.000000
vn -0.866025 -0.500000 -0.000000
vn -0.939693 -0.342020 -0.000000
vn -0.984808 -0.173648 -0.000000
f 5794//5794 5795//5795 5793//5793
f 5825//5825 5796//5796 5795//5795
f 5825//5825 5795//5795 5794//5794
f 5826//5826 5797//5797 5796//5796
f 5826//5826 5796//5796 5825//5825
f 5827//5827 5798//5798 5797//5797
f 5827//5827 5797//5797 5826//5826
f 5828//5828 5799//5799 5798//5798
f 5828//5828 5798//5798 5827//5827
f 5829//5829 5800//5800 5799//5799
f 5829//5829 5799//5799 5828//5828
f 5830//5830 5801//5801 5800//5800
f 5830//5830 5800//5800 5829//5829
f 5831//5831 5802//5802 5801//5801
f 5831//5831 5801//5801 5830//5830
f 5832//5832 5803//5803 5802//5802
f 5832//5832 5802//5802 5831//5831
f 5816//5816 5804//5804 5803//5803
f 5816//5816 5805//5805 5804//5804
f 5816//5816 5803//5803 5832//5832
f 5817//5817 5806//5806 5805//5805
f 5817//5817 5805//5805 5816//5816
f 5818//5818 5807//5807 5806//5806
f 5818//5818 5806//5806 5817//5817
f 5819//5819 5808//5808 5807//5807
f 5819//5819 5807//5807 5818//5818
f 5820//5820 5809//5809 5808//5808
f 5820//5820 5808//5808 5819//5819
f 5821//5821 5809//5809 5820//5820
f 5821//5821 5810//5810 5809//5809
f 5822//5822 5810//5810 5821//5821
f 5822//5822 5811//5811 5810//5810
f 5823//5823 5811//5811 5822//5822
f 5823//5823 5812//5812 5811//5811
f 5824//5824 5812//5812 5823//5823
f 5824//5824 5813//5813 5812//5812
f 5815//5815 5814//5814 5813//5813
f 5815//5815 5813//5813 5824//5824
v -393.000000 -250.100006 212.500000
v -393.000000 -250.100006 194.500000
v -393.871674 -250.024948 212.500000
v -394.717804 -249.801987 212.500000
v -395.513306 -249.437714 212.500000
v -396.234772 -248.942856 212.500000
v -396.861145 -248.331879 212.500000
v -397.373840 -247.622894 212.500000
v -397.757751 -246.836746 212.500000
v -398.001678 -245.996490 212.500000
v -398.075378 -245.500656 212.500000
v -398.100006 -245.000000 212.500000
v -398.024933 -244.128326 212.500000
v -397.801971 -243.282196 212.500000
v -397.437714 -242.486694 212.500000
v -396.942871 -241.765228 212.500000
v -396.331879 -241.138855 212.500000
v -395.622864 -240.626160 212.500000
v -394.836761 -240.242233 212.500000
v -393.996490 -239.998306 212.500000
v -393.500641 -239.924637 212.500000
v -393.000000 -239.899994 212.500000
v -393.000000 -239.899994 194.500000
v -398.100006 -245.000000 194.500000
v -398.022522 -244.114395 194.500000
v -397.792419 -243.255692 194.500000
v -397.416718 -242.449997 194.500000
v -396.906830 -241.721786 194.500000
v -396.278229 -241.093170 194.500000
v -395.549988 -240.583267 194.500000
v -394.744293 -240.207565 194.500000
v -393.885620 -239.977478 194.500000
v -393.885620 -250.022522 194.500000
v -394.744293 -249.792435 194.500000
v -395.549988 -249.416733 194.500000
v -396.278229 -248.906830 194.500000
v -396.906830 -248.278214 194.500000
v -397.416718 -247.550003 194.500000
v -397.792419 -246.744308 194.500000
v -398.022522 -245.885605 194.500000
vn -0.000000 1.000000 0.000000
vn -0.000000 1.000000 0.000000
vn 0.170923 0.985284 0.000000
vn 0.336816 0.941571 0.000000
vn 0.492796 0.870145 0.000000
vn 0.634272 0.773110 0.000000
vn 0.757081 0.653322 0.000000
vn 0.857607 0.514305 0.000000
vn 0.932894 0.360151 0.000000
vn 0.980724 0.195398 0.000000
vn 0.995169 0.098173 0.000000
vn 1.000000 0.000000 0.000000
vn 0.985284 -0.170923 -0.000000
vn 0.941571 -0.336816 -0.000000
vn 0.870145 -0.492796 -0.000000
vn 0.773110 -0.634272 -0.000000
vn 0.653322 -0.757081 -0.000000
vn 0.514305 -0.857607 -0.000000
vn 0.360151 -0.932894 -0.000000
vn 0.195398 -0.980724 -0.000000
vn 0.098173 -0.995169 -0.000000
vn 0.000000 -1.000000 -0.000000
vn 0.000000 -1.000000 -0.000000
vn 1.000000 0.000000 0.000000
vn 0.984808 -0.173648 -0.000000
vn 0.939693 -0.342020 -0.000000
vn 0.866025 -0.500000 -0.000000
vn 0.766044 -0.642788 -0.000000
vn 0.642788 -0.766044 -0.000000
vn 0.500000 -0.866025 -0.000000
vn 0.342020 -0.939693 -0.000000
vn 0.173648 -0.984808 -0.000000
vn 0.173648 0.984808 0.000000
vn 0.342020 0.939693 0.000000
vn 0.500000 0.866025 0.000000
vn 0.642788 0.766044 0.000000
vn 0.766044 0.642788 0.000000
vn 0.866025 0.500000 0.000000
vn 0.939693 0.342020 0.000000
vn 0.984808 0.173648 0.000000
f 5834//5834 5835//5835 5833//5833
f 5865//5865 5836//5836 5835//5835
f 5865//5865 5835//5835 5834//5834
f 5866//5866 5837//5837 5836//5836
f 5866//5866 5836//5836 5865//5865
f 5867//5867 5838//5838 5837//5837
f 5867//5867 5837//5837 5866//5866
f 5868//5868 5839//5839 5838//5838
f 5868//5868 5838//5838 5867//5867
f 5869//5869 5840//5840 5839//5839
f 5869//5869 5839//5839 5868//5868
f 5870//5870 5841//5841 5840//5840
f 5870//5870 5840//5840 5869//5869
f 5871//5871 5842//5842 5841//5841
f 5871//5871 5841//5841 5870//5870
f 5872//5872 5843//5843 5842//5842
f 5872//5872 5842//5842 5871//5871
f 5856//5856 5844//5844 5843//5843
f 5856//5856 5845//5845 5844//5844
f 5856//5856 5843//5843 5872//5872
f 5857//5857 5846//5846 5845//5845
f 5857//5857 5845//5845 5856//5856
f 5858//5858 5847//5847 5846//5846
f 5858//5858 5846//5846 5857//5857
f 5859//5859 5848//5848 5847//5847
f 5859//5859 5847//5847 5858//5858
f 5860//5860 5849//5849 5848//5848
f 5860//5860 5848//5848 5859//5859
f 5861//5861 5849//5849 5860//5860
f 5861//5861 5850//5850 5849//5849
f 5862//5862 5850//5850 5861//5861
f 5862//5862 5851//5851 5850//5850
f 5863//5863 5851//5851 5862//5862
f 5863//5863 5852//5852 5851//5851
f 5864//5864 5852//5852 5863//5863
f 5864//5864 5853//5853 5852//5852
f 5855//5855 5854//5854 5853//5853
f 5855//5855 5853//5853 5864//5864
usemtl mat_4
v -377.000000 -278.000000 55.000000
v -375.958099 -278.000000 54.908848
v -374.947876 -278.000000 54.638157
v -374.000000 -278.000000 54.196152
v -373.143280 -278.000000 53.596268
v -372.403748 -278.000000 52.856724
v -371.803833 -278.000000 52.000000
v -371.361847 -278.000000 51.052120
v -371.091156 -278.000000 50.041889
v -371.000000 -278.000000 49.000000
v -383.000000 -278.000000 49.000000
v -382.908844 -278.000000 50.041889
v -382.638153 -278.000000 51.052120
v -382.196167 -278.000000 52.000000
v -381.596252 -278.000000 52.856724
v -380.856720 -278.000000 53.596268
v -380.000000 -278.000000 54.196152
v -379.052124 -278.000000 54.638157
v -378.041901 -278.000000 54.908848
v -377.000000 -278.000000 43.000000
v -378.041901 -278.000000 43.091152
v -379.052124 -278.000000 43.361843
v -380.000000 -278.000000 43.803848
v -380.856720 -278.000000 44.403732
v -381.596252 -278.000000 45.143276
v -382.196167 -278.000000 46.000000
v -382.638153 -278.000000 46.947880
v -382.908844 -278.000000 47.958111
v -371.091156 -278.000000 47.958111
v -371.361847 -278.000000 46.947880
v -371.803833 -278.000000 46.000000
v -372.403748 -278.000000 45.143276
v -373.143280 -278.000000 44.403732
v -374.000000 -278.000000 43.803848
v -374.947876 -278.000000 43.361843
v -375.958099 -278.000000 43.091152
vn 0.000000 -1.000000 0.000000
vn 0.000000 -1.000000 0.000000
vn 0.000000 -1.000000 0.000000
vn 0.000000 -1.000000 0.000000
vn 0.000000 -1.000000 0.000000
vn 0.000000 -1.000000 0.000000
vn 0.000000 -1.000000 0.000000
vn 0.000000 -1.000000 0.000000
vn 0.000000 -1.000000 0.000000
vn 0.000000 -1.000000 0.000000
vn 0.000000 -1.000000 0.000000
vn 0.000000 -1.000000 0.000000
vn 0.000000 -1.000000 0.000000
vn 0.000000 -1.000000 0.000000
vn 0.000000 -1.000000 0.000000
vn 0.000000 -1.000000 0.000000
vn 0.000000 -1.000000 0.000000
vn 0.000000 -1.000000 0.000000
vn 0.000000 -1.000000 0.000000
vn 0.000000 -1.000000 0.000000
vn 0.000000 -1.000000 0.000000
vn 0.000000 -1.000000 0.000000
vn 0.000000 -1.000000 0.000000
vn 0.000000 -1.000000 0.000000
vn 0.000000 -1.000000 0.000000
vn 0.000000 -1.000000 0.000000
vn 0.000000 -1.000000 0.000000
vn 0.000000 -1.000000 0.000000
vn 0.000000 -1.000000 0.000000
vn 0.000000 -1.000000 0.000000
vn 0.000000 -1.000000 0.000000
vn 0.000000 -1.000000 0.000000
vn 0.000000 -1.000000 0.000000
vn 0.000000 -1.000000 0.000000
vn 0.000000 -1.000000 0.000000
vn 0.000000 -1.000000 0.000000
f 5889//5889 5888//5888 5887//5887
f 5873//5873 5891//5891 5890//5890
f 5874//5874 5885//5885 5884//5884
f 5874//5874 5886//5886 5885//5885
f 5874//5874 5887//5887 5886//5886
f 5874//5874 5890//5890 5889//5889
f 5874//5874 5889//5889 5887//5887
f 5874//5874 5873//5873 5890//5890
f 5899//5899 5883//5883 5900//5900
f 5877//5877 5875//5875 5874//5874
f 5877//5877 5876//5876 5875//5875
f 5897//5897 5899//5899 5898//5898
f 5879//5879 5878//5878 5877//5877
f 5895//5895 5897//5897 5896//5896
f 5895//5895 5899//5899 5897//5897
f 5880//5880 5879//5879 5877//5877
f 5881//5881 5874//5874 5884//5884
f 5881//5881 5877//5877 5874//5874
f 5881//5881 5880//5880 5877//5877
f 5901//5901 5882//5882 5881//5881
f 5908//5908 5893//5893 5892//5892
f 5908//5908 5894//5894 5893//5893
f 5908//5908 5895//5895 5894//5894
f 5903//5903 5902//5902 5901//5901
f 5905//5905 5884//5884 5883//5883
f 5905//5905 5904//5904 5903//5903
f 5905//5905 5907//5907 5906//5906
f 5905//5905 5908//5908 5907//5907
f 5905//5905 5883//5883 5899//5899
f 5905//5905 5899//5899 5895//5895
f 5905//5905 5901//5901 5881//5881
f 5905//5905 5881//5881 5884//5884
f 5905//5905 5895//5895 5908//5908
f 5905//5905 5903//5903 5901//5901
usemtl mat_2
v -377.000000 -250.000000 84.099998
v -377.000000 -243.864395 84.099998
v -376.114380 -250.000000 84.022522
v -375.255707 -250.000000 83.792435
v -374.450012 -250.000000 83.416733
v -373.721771 -250.000000 82.906830
v -373.093170 -250.000000 82.278214
v -372.583282 -250.000000 81.550003
v -372.207581 -250.000000 80.744301
v -371.977478 -250.000000 79.885605
v -371.899994 -250.000000 79.000000
v -371.977478 -250.000000 78.114395
v -372.207581 -250.000000 77.255699
v -372.583282 -250.000000 76.449997
v -373.093170 -250.000000 75.721786
v -373.721771 -250.000000 75.093170
v -374.450012 -250.000000 74.583267
v -375.255707 -250.000000 74.207565
v -376.114380 -250.000000 73.977478
v -377.000000 -250.000000 73.900002
v -377.000000 -243.864395 73.900002
v -371.899994 -243.864395 79.000000
v -371.974945 -243.864395 78.128204
v -372.197876 -243.864395 77.282120
v -372.562225 -243.864395 76.486717
v -373.057220 -243.864395 75.765297
v -373.668152 -243.864395 75.138985
v -374.377045 -243.864395 74.626198
v -375.163116 -243.864395 74.242126
v -376.003357 -243.864395 73.998199
v -376.499268 -243.864395 73.924591
v -376.114380 -243.864395 84.022522
v -375.255707 -243.864395 83.792435
v -374.450012 -243.864395 83.416733
v -373.721771 -243.864395 82.906830
v -373.093170 -243.864395 82.278214
v -372.583282 -243.864395 81.550003
v -372.207581 -243.864395 80.744301
v -371.977478 -243.864395 79.885605
vn 0.000000 -0.000000 -1.000000
vn 0.000000 -0.000000 -1.000000
vn -0.173648 0.000000 -0.984808
vn -0.342020 0.000000 -0.939693
vn -0.500000 0.000000 -0.866025
vn -0.642788 0.000000 -0.766044
vn -0.766044 0.000000 -0.642788
vn -0.866025 0.000000 -0.500000
vn -0.939693 0.000000 -0.342020
vn -0.984808 0.000000 -0.173648
vn -1.000000 -0.000000 0.000000
vn -0.984808 -0.000000 0.173648
vn -0.939693 -0.000000 0.342020
vn -0.866025 -0.000000 0.500000
vn -0.766044 -0.000000 0.642788
vn -0.642788 -0.000000 0.766044
vn -0.500000 -0.000000 0.866025
vn -0.342020 -0.000000 0.939693
vn -0.173648 -0.000000 0.984808
vn -0.000000 -0.000000 1.000000
vn -0.000000 -0.000000 1.000000
vn -1.000000 0.000000 -0.000000
vn -0.985284 -0.000000 0.170923
vn -0.941571 -0.000000 0.336816
vn -0.870145 -0.000000 0.492796
vn -0.773110 -0.000000 0.634272
vn -0.653322 -0.000000 0.757081
vn -0.514305 -0.000000 0.857607
vn -0.360151 -0.000000 0.932894
vn -0.195398 -0.000000 0.980724
vn -0.098173 -0.000000 0.995169
vn -0.173648 0.000000 -0.984808
vn -0.342020 0.000000 -0.939693
vn -0.500000 0.000000 -0.866025
vn -0.642788 0.000000 -0.766044
vn -0.766044 0.000000 -0.642788
vn -0.866025 0.000000 -0.500000
vn -0.939693 0.000000 -0.342020
vn -0.984808 0.000000 -0.173648
f 5940//5940 5909//5909 5910//5910
f 5940//5940 5911//5911 5909//5909
f 5941//5941 5912//5912 5911//5911
f 5941//5941 5913//5913 5912//5912
f 5941//5941 5911//5911 5940//5940
f 5942//5942 5913//5913 5941//5941
f 5943//5943 5914//5914 5913//5913
f 5943//5943 5913//5913 5942//5942
f 5944//5944 5915//5915 5914//5914
f 5944//5944 5916//5916 5915//5915
f 5944//5944 5914//5914 5943//5943
f 5945//5945 5916//5916 5944//5944
f 5946//5946 5917//5917 5916//5916
f 5946//5946 5916//5916 5945//5945
f 5947//5947 5918//5918 5917//5917
f 5947//5947 5917//5917 5946//5946
f 5930//5930 5919//5919 5918//5918
f 5930//5930 5918//5918 5947//5947
f 5931//5931 5920//5920 5919//5919
f 5931//5931 5919//5919 5930//5930
f 5932//5932 5921//5921 5920//5920
f 5932//5932 5920//5920 5931//5931
f 5933//5933 5922//5922 5921//5921
f 5933//5933 5921//5921 5932//5932
f 5934//5934 5923//5923 5922//5922
f 5934//5934 5922//5922 5933//5933
f 5935//5935 5924//5924 5923//5923
f 5935//5935 5923//5923 5934//5934
f 5936//5936 5924//5924 5935//5935
f 5936//5936 5925//5925 5924//5924
f 5937//5937 5925//5925 5936//5936
f 5937//5937 5926//5926 5925//5925
f 5938//5938 5926//5926 5937//5937
f 5938//5938 5927//5927 5926//5926
f 5939//5939 5927//5927 5938//5938
f 5939//5939 5928//5928 5927//5927
f 5929//5929 5928//5928 5939//5939
v -377.000000 -250.000000 73.900002
v -377.000000 -243.864395 73.900002
v -377.885620 -250.000000 73.977478
v -378.744293 -250.000000 74.207565
v -379.549988 -250.000000 74.583267
v -380.278229 -250.000000 75.093170
v -380.906830 -250.000000 75.721786
v -381.416718 -250.000000 76.449997
v -381.792419 -250.000000 77.255699
v -382.022522 -250.000000 78.114395
v -382.100006 -250.000000 79.000000
v -382.022522 -250.000000 79.885605
v -381.792419 -250.000000 80.744301
v -381.416718 -250.000000 81.550003
v -380.906830 -250.000000 82.278214
v -380.278229 -250.000000 82.906830
v -379.549988 -250.000000 83.416733
v -378.744293 -250.000000 83.792435
v -377.885620 -250.000000 84.022522
v -377.000000 -250.000000 84.099998
v -377.000000 -243.864395 84.099998
v -382.100006 -243.864395 79.000000
v -382.022522 -243.864395 79.885605
v -381.792419 -243.864395 80.744301
v -381.416718 -243.864395 81.550003
v -380.906830 -243.864395 82.278214
v -380.278229 -243.864395 82.906830
v -379.549988 -243.864395 83.416733
v -378.744293 -243.864395 83.792435
v -377.885620 -243.864395 84.022522
v -377.885620 -243.864395 73.977478
v -378.744293 -243.864395 74.207565
v -379.549988 -243.864395 74.583267
v -380.278229 -243.864395 75.093170
v -380.906830 -243.864395 75.721786
v -381.416718 -243.864395 76.449997
v -381.792419 -243.864395 77.255699
v -382.022522 -243.864395 78.114395
vn -0.000000 -0.000000 1.000000
vn -0.000000 -0.000000 1.000000
vn 0.173648 -0.000000 0.984808
vn 0.342020 -0.000000 0.939693
vn 0.500000 -0.000000 0.866025
vn 0.642788 -0.000000 0.766044
vn 0.766044 -0.000000 0.642788
vn 0.866025 -0.000000 0.500000
vn 0.939693 -0.000000 0.342020
vn 0.984808 -0.000000 0.173648
vn 1.000000 -0.000000 0.000000
vn 0.984808 -0.000000 -0.173648
vn 0.939693 -0.000000 -0.342020
vn 0.866025 -0.000000 -0.500000
vn 0.766044 -0.000000 -0.642788
vn 0.642788 -0.000000 -0.766044
vn 0.500000 -0.000000 -0.866025
vn 0.342020 -0.000000 -0.939693
vn 0.173648 -0.000000 -0.984808
vn 0.000000 -0.000000 -1.000000
vn 0.000000 -0.000000 -1.000000
vn 1.000000 -0.000000 0.000000
vn 0.984808 -0.000000 -0.173648
vn 0.939693 -0.000000 -0.342020
vn 0.866025 -0.000000 -0.500000
vn 0.766044 -0.000000 -0.642788
vn 0.642788 -0.000000 -0.766044
vn 0.500000 -0.000000 -0.866025
vn 0.342020 -0.000000 -0.939693
vn 0.173648 -0.000000 -0.984808
vn 0.173648 -0.000000 0.984808
vn 0.342020 -0.000000 0.939693
vn 0.500000 -0.000000 0.866025
vn 0.642788 -0.000000 0.766044
vn 0.766044 -0.000000 0.642788
vn 0.866025 -0.000000 0.500000
vn 0.939693 -0.000000 0.342020
vn 0.984808 -0.000000 0.173648
f 5978//5978 5948//5948 5949//5949
f 5978//5978 5950//5950 5948//5948
f 5979//5979 5951//5951 5950//5950
f 5979//5979 5950//5950 5978//5978
f 5980//5980 5952//5952 5951//5951
f 5980//5980 5951//5951 5979//5979
f 5981//5981 5953//5953 5952//5952
f 5981//5981 5952//5952 5980//5980
f 5982//5982 5954//5954 5953//5953
f 5982//5982 5953//5953 5981//5981
f 5983//5983 5955//5955 5954//5954
f 5983//5983 5954//5954 5982//5982
f 5984//5984 5956//5956 5955//5955
f 5984//5984 5955//5955 5983//5983
f 5985//5985 5957//5957 5956//5956
f 5985//5985 5958//5958 5957//5957
f 5985//5985 5956//5956 5984//5984
f 5969//5969 5958//5958 5985//5985
f 5970//5970 5959//5959 5958//5958
f 5970//5970 5960//5960 5959//5959
f 5970//5970 5958//5958 5969//5969
f 5971//5971 5960//5960 5970//5970
f 5972//5972 5961//5961 5960//5960
f 5972//5972 5960//5960 5971//5971
f 5973//5973 5962//5962 5961//5961
f 5973//5973 5961//5961 5972//5972
f 5974//5974 5963//5963 5962//5962
f 5974//5974 5962//5962 5973//5973
f 5975//5975 5963//5963 5974//5974
f 5975//5975 5964//5964 5963//5963
f 5976//5976 5964//5964 5975//5975
f 5976//5976 5965//5965 5964//5964
f 5976//5976 5966//5966 5965//5965
f 5977//5977 5966//5966 5976//5976
f 5968//5968 5966//5966 5977//5977
f 5968//5968 5967//5967 5966//5966
v -377.000000 -250.000000 144.100006
v -377.000000 -243.864395 144.100006
v -376.114380 -250.000000 144.022522
v -375.255707 -250.000000 143.792435
v -374.450012 -250.000000 143.416733
v -373.721771 -250.000000 142.906830
v -373.093170 -250.000000 142.278214
v -372.583282 -250.000000 141.550003
v -372.207581 -250.000000 140.744308
v -371.977478 -250.000000 139.885605
v -371.899994 -250.000000 139.000000
v -371.977478 -250.000000 138.114395
v -372.207581 -250.000000 137.255692
v -372.583282 -250.000000 136.449997
v -373.093170 -250.000000 135.721786
v -373.721771 -250.000000 135.093170
v -374.450012 -250.000000 134.583267
v -375.255707 -250.000000 134.207565
v -376.114380 -250.000000 133.977478
v -377.000000 -250.000000 133.899994
v -377.000000 -243.864395 133.899994
v -371.899994 -243.864395 139.000000
v -371.977478 -243.864395 138.114395
v -372.207581 -243.864395 137.255692
v -372.583282 -243.864395 136.449997
v -373.093170 -243.864395 135.721786
v -373.721771 -243.864395 135.093170
v -374.450012 -243.864395 134.583267
v -375.255707 -243.864395 134.207565
v -376.114380 -243.864395 133.977478
v -376.114380 -243.864395 144.022522
v -375.255707 -243.864395 143.792435
v -374.450012 -243.864395 143.416733
v -373.721771 -243.864395 142.906830
v -373.093170 -243.864395 142.278214
v -372.583282 -243.864395 141.550003
v -372.207581 -243.864395 140.744308
v -371.977478 -243.864395 139.885605
vn 0.000000 -0.000000 -1.000000
vn 0.000000 -0.000000 -1.000000
vn -0.173648 0.000000 -0.984808
vn -0.342020 0.000000 -0.939693
vn -0.500000 0.000000 -0.866025
vn -0.642788 0.000000 -0.766044
vn -0.766044 0.000000 -0.642788
vn -0.866025 0.000000 -0.500000
vn -0.939693 0.000000 -0.342020
vn -0.984808 0.000000 -0.173648
vn -1.000000 -0.000000 0.000000
vn -0.984808 -0.000000 0.173648
vn -0.939693 -0.000000 0.342020
vn -0.866025 -0.000000 0.500000
vn -0.766044 -0.000000 0.642788
vn -0.642788 -0.000000 0.766044
vn -0.500000 -0.000000 0.866025
vn -0.342020 -0.000000 0.939693
vn -0.173648 -0.000000 0.984808
vn -0.000000 -0.000000 1.000000
vn 0.000000 -0.000000 1.000000
vn -1.000000 0.000000 -0.000000
vn -0.984808 -0.000000 0.173648
vn -0.939693 -0.000000 0.342020
vn -0.866025 -0.000000 0.500000
vn -0.766044 -0.000000 0.642788
vn -0.642788 -0.000000 0.766044
vn -0.500000 -0.000000 0.866025
vn -0.342020 -0.000000 0.939693
vn -0.173648 -0.000000 0.984808
vn -0.173648 0.000000 -0.984808
vn -0.342020 0.000000 -0.939693
vn -0.500000 0.000000 -0.866025
vn -0.642788 0.000000 -0.766044
vn -0.766044 0.000000 -0.642788
vn -0.866025 0.000000 -0.500000
vn -0.939693 0.000000 -0.342020
vn -0.984808 0.000000 -0.173648
f 6016//6016 5986//5986 5987//5987
f 6016//6016 5988//5988 5986//5986
f 6017//6017 5989//5989 5988//5988
f 6017//6017 5990//5990 5989//5989
f 6017//6017 5988//5988 6016//6016
f 6018//6018 5990//5990 6017//6017
f 6019//6019 5991//5991 5990//5990
f 6019//6019 5990//5990 6018//6018
f 6020//6020 5992//5992 5991//5991
f 6020//6020 5993//5993 5992//5992
f 6020//6020 5991//5991 6019//6019
f 6021//6021 5993//5993 6020//6020
f 6022//6022 5994//5994 5993//5993
f 6022//6022 5993//5993 6021//6021
f 6023//6023 5995//5995 5994//5994
f 6023//6023 5994//5994 6022//6022
f 6007//6007 5996//5996 5995//5995
f 6007//6007 5995//5995 6023//6023
f 6008//6008 5997//5997 5996//5996
f 6008//6008 5998//5998 5997//5997
f 6008//6008 5996//5996 6007//6007
f 6009//6009 5998//5998 6008//6008
f 6010//6010 5999//5999 5998//5998
f 6010//6010 5998//5998 6009//6009
f 6011//6011 6000//6000 5999//5999
f 6011//6011 5999//5999 6010//6010
f 6012//6012 6001//6001 6000//6000
f 6012//6012 6002//6002 6001//6001
f 6012//6012 6000//6000 6011//6011
f 6013//6013 6003//6003 6002//6002
f 6013//6013 6002//6002 6012//6012
f 6014//6014 6003//6003 6013//6013
f 6015//6015 6003//6003 6014//6014
f 6015//6015 6004//6004 6003//6003
f 6015//6015 6005//6005 6004//6004
f 6006//6006 6005//6005 6015//6015
v -377.000000 -250.000000 133.899994
v -377.000000 -243.864395 133.899994
v -377.885620 -250.000000 133.977478
v -378.744293 -250.000000 134.207565
v -379.549988 -250.000000 134.583267
v -380.278229 -250.000000 135.093170
v -380.906830 -250.000000 135.721786
v -381.416718 -250.000000 136.449997
v -381.792419 -250.000000 137.255692
v -382.022522 -250.000000 138.114395
v -382.100006 -250.000000 139.000000
v -382.022522 -250.000000 139.885605
v -381.792419 -250.000000 140.744308
v -381.416718 -250.000000 141.550003
v -380.906830 -250.000000 142.278214
v -380.278229 -250.000000 142.906830
v -379.549988 -250.000000 143.416733
v -378.744293 -250.000000 143.792435
v -377.885620 -250.000000 144.022522
v -377.000000 -250.000000 144.100006
v -377.000000 -243.864395 144.100006
v -382.100006 -243.864395 139.000000
v -382.022522 -243.864395 139.885605
v -381.792419 -243.864395 140.744308
v -381.416718 -243.864395 141.550003
v -380.906830 -243.864395 142.278214
v -380.278229 -243.864395 142.906830
v -379.549988 -243.864395 143.416733
v -378.744293 -243.864395 143.792435
v -377.885620 -243.864395 144.022522
v -377.885620 -243.864395 133.977478
v -378.744293 -243.864395 134.207565
v -379.549988 -243.864395 134.583267
v -380.278229 -243.864395 135.093170
v -380.906830 -243.864395 135.721786
v -381.416718 -243.864395 136.449997
v -381.792419 -243.864395 137.255692
v -382.022522 -243.864395 138.114395
vn -0.000000 -0.000000 1.000000
vn -0.000000 -0.000000 1.000000
vn 0.173648 -0.000000 0.984808
vn 0.342020 -0.000000 0.939693
vn 0.500000 -0.000000 0.866025
vn 0.642788 -0.000000 0.766044
vn 0.766044 -0.000000 0.642788
vn 0.866025 -0.000000 0.500000
vn 0.939693 -0.000000 0.342020
vn 0.984808 -0.000000 0.173648
vn 1.000000 -0.000000 0.000000
vn 0.984808 -0.000000 -0.173648
vn 0.939693 -0.000000 -0.342020
vn 0.866025 -0.000000 -0.500000
vn 0.766044 -0.000000 -0.642788
vn 0.642788 -0.000000 -0.766044
vn 0.500000 -0.000000 -0.866025
vn 0.342020 -0.000000 -0.939693
vn 0.173648 -0.000000 -0.984808
vn 0.000000 -0.000000 -1.000000
vn 0.000000 -0.000000 -1.000000
vn 1.000000 -0.000000 0.000000
vn 0.984808 -0.000000 -0.173648
vn 0.939693 -0.000000 -0.342020
vn 0.866025 -0.000000 -0.500000
vn 0.766044 -0.000000 -0.642788
vn 0.642788 -0.000000 -0.766044
vn 0.500000 -0.000000 -0.866025
vn 0.342020 -0.000000 -0.939693
vn 0.173648 -0.000000 -0.984808
vn 0.173648 -0.000000 0.984808
vn 0.342020 -0.000000 0.939693
vn 0.500000 -0.000000 0.866025
vn 0.642788 -0.000000 0.766044
vn 0.766044 -0.000000 0.642788
vn 0.866025 -0.000000 0.500000
vn 0.939693 -0.000000 0.342020
vn 0.984808 -0.000000 0.173648
f 6054//6054 6024//6024 6025//6025
f 6054//6054 6026//6026 6024//6024
f 6055//6055 6027//6027 6026//6026
f 6055//6055 6026//6026 6054//6054
f 6056//6056 6028//6028 6027//6027
f 6056//6056 6027//6027 6055//6055
f 6057//6057 6029//6029 6028//6028
f 6057//6057 6028//6028 6056//6056
f 6058//6058 6030//6030 6029//6029
f 6058//6058 6029//6029 6057//6057
f 6059//6059 6031//6031 6030//6030
f 6059//6059 6030//6030 6058//6058
f 6060//6060 6032//6032 6031//6031
f 6060//6060 6031//6031 6059//6059
f 6061//6061 6033//6033 6032//6032
f 6061//6061 6034//6034 6033//6033
f 6061//6061 6032//6032 6060//6060
f 6045//6045 6034//6034 6061//6061
f 6046//6046 6035//6035 6034//6034
f 6046//6046 6036//6036 6035//6035
f 6046//6046 6034//6034 6045//6045
f 6047//6047 6036//6036 6046//6046
f 6048//6048 6037//6037 6036//6036
f 6048//6048 6036//6036 6047//6047
f 6049//6049 6038//6038 6037//6037
f 6049//6049 6037//6037 6048//6048
f 6050//6050 6039//6039 6038//6038
f 6050//6050 6038//6038 6049//6049
f 6051//6051 6039//6039 6050//6050
f 6051//6051 6040//6040 6039//6039
f 6052//6052 6040//6040 6051//6051
f 6052//6052 6041//6041 6040//6040
f 6052//6052 6042//6042 6041//6041
f 6053//6053 6042//6042 6052//6052
f 6044//6044 6042//6042 6053//6053
f 6044//6044 6043//6043 6042//6042
v -371.000000 250.100006 194.500000
v -371.000000 250.100006 188.364395
v -370.114380 250.022522 194.500000
v -369.255707 249.792435 194.500000
v -368.450012 249.416733 194.500000
v -367.721771 248.906830 194.500000
v -367.093170 248.278214 194.500000
v -366.583282 247.550003 194.500000
v -366.207581 246.744308 194.500000
v -365.977478 245.885605 194.500000
v -365.899994 245.000000 194.500000
v -365.977478 244.114395 194.500000
v -366.207581 243.255692 194.500000
v -366.583282 242.449997 194.500000
v -367.093170 241.721786 194.500000
v -367.721771 241.093170 194.500000
v -368.450012 240.583267 194.500000
v -369.255707 240.207565 194.500000
v -370.114380 239.977478 194.500000
v -371.000000 239.899994 194.500000
v -371.000000 239.899994 188.364395
v -365.899994 245.000000 188.364395
v -365.977478 244.114395 188.364395
v -366.207581 243.255692 188.364395
v -366.583282 242.449997 188.364395
v -367.093170 241.721786 188.364395
v -367.721771 241.093170 188.364395
v -368.450012 240.583267 188.364395
v -369.255707 240.207565 188.364395
v -370.114380 239.977478 188.364395
v -370.114380 250.022522 188.364395
v -369.255707 249.792435 188.364395
v -368.450012 249.416733 188.364395
v -367.721771 248.906830 188.364395
v -367.093170 248.278214 188.364395
v -366.583282 247.550003 188.364395
v -366.207581 246.744308 188.364395
v -365.977478 245.885605 188.364395
vn 0.000000 -1.000000 -0.000000
vn 0.000000 -1.000000 -0.000000
vn -0.173648 -0.984808 -0.000000
vn -0.342020 -0.939693 -0.000000
vn -0.500000 -0.866025 -0.000000
vn -0.642788 -0.766044 -0.000000
vn -0.766044 -0.642788 -0.000000
vn -0.866025 -0.500000 -0.000000
vn -0.939693 -0.342020 -0.000000
vn -0.984808 -0.173648 -0.000000
vn -1.000000 -0.000000 -0.000000
vn -0.984808 0.173648 -0.000000
vn -0.939693 0.342020 -0.000000
vn -0.866025 0.500000 -0.000000
vn -0.766044 0.642788 -0.000000
vn -0.642788 0.766044 -0.000000
vn -0.500000 0.866025 -0.000000
vn -0.342020 0.939693 -0.000000
vn -0.173648 0.984808 -0.000000
vn -0.000000 1.000000 -0.000000
vn -0.000000 1.000000 -0.000000
vn -1.000000 -0.000000 -0.000000
vn -0.984808 0.173648 -0.000000
vn -0.939693 0.342020 -0.000000
vn -0.866025 0.500000 -0.000000
vn -0.766044 0.642788 -0.000000
vn -0.642788 0.766044 -0.000000
vn -0.500000 0.866025 -0.000000
vn -0.342020 0.939693 -0.000000
vn -0.173648 0.984808 -0.000000
vn -0.173648 -0.984808 -0.000000
vn -0.342020 -0.939693 -0.000000
vn -0.500000 -0.866025 -0.000000
vn -0.642788 -0.766044 -0.000000
vn -0.766044 -0.642788 -0.000000
vn -0.866025 -0.500000 -0.000000
vn -0.939693 -0.342020 -0.000000
vn -0.984808 -0.173648 -0.000000
f 6092//6092 6062//6062 6063//6063
f 6092//6092 6064//6064 6062//6062
f 6093//6093 6065//6065 6064//6064
f 6093//6093 6064//6064 6092//6092
f 6094//6094 6066//6066 6065//6065
f 6094//6094 6065//6065 6093//6093
f 6095//6095 6067//6067 6066//6066
f 6095//6095 6066//6066 6094//6094
f 6096//6096 6068//6068 6067//6067
f 6096//6096 6069//6069 6068//6068
f 6096//6096 6067//6067 6095//6095
f 6097//6097 6069//6069 6096//6096
f 6098//6098 6070//6070 6069//6069
f 6098//6098 6069//6069 6097//6097
f 6099//6099 6071//6071 6070//6070
f 6099//6099 6072//6072 6071//6071
f 6099//6099 6070//6070 6098//6098
f 6083//6083 6072//6072 6099//6099
f 6084//6084 6073//6073 6072//6072
f 6084//6084 6074//6074 6073//6073
f 6084//6084 6072//6072 6083//6083
f 6085//6085 6074//6074 6084//6084
f 6086//6086 6075//6075 6074//6074
f 6086//6086 6074//6074 6085//6085
f 6087//6087 6076//6076 6075//6075
f 6087//6087 6075//6075 6086//6086
f 6088//6088 6077//6077 6076//6076
f 6088//6088 6076//6076 6087//6087
f 6089//6089 6077//6077 6088//6088
f 6089//6089 6078//6078 6077//6077
f 6090//6090 6078//6078 6089//6089
f 6090//6090 6079//6079 6078//6078
f 6090//6090 6080//6080 6079//6079
f 6091//6091 6080//6080 6090//6090
f 6082//6082 6080//6080 6091//6091
f 6082//6082 6081//6081 6080//6080
v -371.000000 239.899994 194.500000
v -371.000000 239.899994 188.364395
v -371.885620 239.977478 194.500000
v -372.744293 240.207565 194.500000
v -373.549988 240.583267 194.500000
v -374.278229 241.093170 194.500000
v -374.906830 241.721786 194.500000
v -375.416718 242.449997 194.500000
v -375.792419 243.255692 194.500000
v -376.022522 244.114395 194.500000
v -376.100006 245.000000 194.500000
v -376.022522 245.885605 194.500000
v -375.792419 246.744308 194.500000
v -375.416718 247.550003 194.500000
v -374.906830 248.278214 194.500000
v -374.278229 248.906830 194.500000
v -373.549988 249.416733 194.500000
v -372.744293 249.792435 194.500000
v -371.885620 250.022522 194.500000
v -371.000000 250.100006 194.500000
v -371.000000 250.100006 188.364395
v -376.100006 245.000000 188.364395
v -376.022522 245.885605 188.364395
v -375.792419 246.744308 188.364395
v -375.416718 247.550003 188.364395
v -374.906830 248.278214 188.364395
v -374.278229 248.906830 188.364395
v -373.549988 249.416733 188.364395
v -372.744293 249.792435 188.364395
v -371.885620 250.022522 188.364395
v -371.885620 239.977478 188.364395
v -372.744293 240.207565 188.364395
v -373.549988 240.583267 188.364395
v -374.278229 241.093170 188.364395
v -374.906830 241.721786 188.364395
v -375.416718 242.449997 188.364395
v -375.792419 243.255692 188.364395
v -376.022522 244.114395 188.364395
vn -0.000000 1.000000 0.000000
vn -0.000000 1.000000 0.000000
vn 0.173648 0.984808 0.000000
vn 0.342020 0.939693 0.000000
vn 0.500000 0.866025 0.000000
vn 0.642788 0.766044 0.000000
vn 0.766044 0.642788 0.000000
vn 0.866025 0.500000 0.000000
vn 0.939693 0.342020 0.000000
vn 0.984808 0.173648 0.000000
vn 1.000000 0.000000 0.000000
vn 0.984808 -0.173648 -0.000000
vn 0.939693 -0.342020 -0.000000
vn 0.866025 -0.500000 -0.000000
vn 0.766044 -0.642788 -0.000000
vn 0.642788 -0.766044 -0.000000
vn 0.500000 -0.866025 -0.000000
vn 0.342020 -0.939693 -0.000000
vn 0.173648 -0.984808 -0.000000
vn 0.000000 -1.000000 -0.000000
vn 0.000000 -1.000000 -0.000000
vn 1.000000 0.000000 0.000000
vn 0.984808 -0.173648 -0.000000
vn 0.939693 -0.342020 -0.000000
vn 0.866025 -0.500000 -0.000000
vn 0.766044 -0.642788 -0.000000
vn 0.642788 -0.766044 -0.000000
vn 0.500000 -0.866025 -0.000000
vn 0.342020 -0.939693 -0.000000
vn 0.173648 -0.984808 -0.000000
vn 0.173648 0.984808 0.000000
vn 0.342020 0.939693 0.000000
vn 0.500000 0.866025 0.000000
vn 0.642788 0.766044 0.000000
vn 0.766044 0.642788 0.000000
vn 0.866025 0.500000 0.000000
vn 0.939693 0.342020 0.000000
vn 0.984808 0.173648 0.000000
f 6130//6130 6100//6100 6101//6101
f 6130//6130 6102//6102 6100//6100
f 6131//6131 6103//6103 6102//6102
f 6131//6131 6102//6102 6130//6130
f 6132//6132 6104//6104 6103//6103
f 6132//6132 6103//6103 6131//6131
f 6133//6133 6105//6105 6104//6104
f 6133//6133 6104//6104 6132//6132
f 6134//6134 6106//6106 6105//6105
f 6134//6134 6105//6105 6133//6133
f 6135//6135 6107//6107 6106//6106
f 6135//6135 6106//6106 6134//6134
f 6136//6136 6108//6108 6107//6107
f 6136//6136 6107//6107 6135//6135
f 6137//6137 6109//6109 6108//6108
f 6137//6137 6110//6110 6109//6109
f 6137//6137 6108//6108 6136//6136
f 6121//6121 6110//6110 6137//6137
f 6122//6122 6111//6111 6110//6110
f 6122//6122 6110//6110 6121//6121
f 6123//6123 6112//6112 6111//6111
f 6123//6123 6113//6113 6112//6112
f 6123//6123 6111//6111 6122//6122
f 6124//6124 6113//6113 6123//6123
f 6125//6125 6114//6114 6113//6113
f 6125//6125 6113//6113 6124//6124
f 6126//6126 6115//6115 6114//6114
f 6126//6126 6116//6116 6115//6115
f 6126//6126 6114//6114 6125//6125
f 6127//6127 6116//6116 6126//6126
f 6128//6128 6116//6116 6127//6127
f 6128//6128 6117//6117 6116//6116
f 6129//6129 6117//6117 6128//6128
f 6129//6129 6118//6118 6117//6117
f 6129//6129 6119//6119 6118//6118
f 6120//6120 6119//6119 6129//6129
v -393.000000 250.100006 194.500000
v -393.000000 250.100006 188.364395
v -392.114380 250.022522 194.500000
v -391.255707 249.792435 194.500000
v -390.450012 249.416733 194.500000
v -389.721771 248.906830 194.500000
v -389.093170 248.278214 194.500000
v -388.583282 247.550003 194.500000
v -388.207581 246.744308 194.500000
v -387.977478 245.885605 194.500000
v -387.899994 245.000000 194.500000
v -387.977478 244.114395 194.500000
v -388.207581 243.255692 194.500000
v -388.583282 242.449997 194.500000
v -389.093170 241.721786 194.500000
v -389.721771 241.093170 194.500000
v -390.450012 240.583267 194.500000
v -391.255707 240.207565 194.500000
v -392.114380 239.977478 194.500000
v -393.000000 239.899994 194.500000
v -393.000000 239.899994 188.364395
v -387.899994 245.000000 188.364395
v -387.977478 244.114395 188.364395
v -388.207581 243.255692 188.364395
v -388.583282 242.449997 188.364395
v -389.093170 241.721786 188.364395
v -389.721771 241.093170 188.364395
v -390.450012 240.583267 188.364395
v -391.255707 240.207565 188.364395
v -392.114380 239.977478 188.364395
v -392.114380 250.022522 188.364395
v -391.255707 249.792435 188.364395
v -390.450012 249.416733 188.364395
v -389.721771 248.906830 188.364395
v -389.093170 248.278214 188.364395
v -388.583282 247.550003 188.364395
v -388.207581 246.744308 188.364395
v -387.977478 245.885605 188.364395
vn 0.000000 -1.000000 -0.000000
vn 0.000000 -1.000000 -0.000000
vn -0.173648 -0.984808 -0.000000
vn -0.342020 -0.939693 -0.000000
vn -0.500000 -0.866025 -0.000000
vn -0.642788 -0.766044 -0.000000
vn -0.766044 -0.642788 -0.000000
vn -0.866025 -0.500000 -0.000000
vn -0.939693 -0.342020 -0.000000
vn -0.984808 -0.173648 -0.000000
vn -1.000000 -0.000000 -0.000000
vn -0.984808 0.173648 -0.000000
vn -0.939693 0.342020 -0.000000
vn -0.866025 0.500000 -0.000000
vn -0.766044 0.642788 -0.000000
vn -0.642788 0.766044 -0.000000
vn -0.500000 0.866025 -0.000000
vn -0.342020 0.939693 -0.000000
vn -0.173648 0.984808 -0.000000
vn -0.000000 1.000000 -0.000000
vn -0.000000 1.000000 -0.000000
vn -1.000000 -0.000000 -0.000000
vn -0.984808 0.173648 -0.000000
vn -0.939693 0.342020 -0.000000
vn -0.866025 0.500000 -0.000000
vn -0.766044 0.642788 -0.000000
vn -0.642788 0.766044 -0.000000
vn -0.500000 0.866025 -0.000000
vn -0.342020 0.939693 -0.000000
vn -0.173648 0.984808 -0.000000
vn -0.173648 -0.984808 -0.000000
vn -0.342020 -0.939693 -0.000000
vn -0.500000 -0.866025 -0.000000
vn -0.642788 -0.766044 -0.000000
vn -0.766044 -0.642788 -0.000000
vn -0.866025 -0.500000 -0.000000
vn -0.939693 -0.342020 -0.000000
vn -0.984808 -0.173648 -0.000000
f 6168//6168 6138//6138 6139//6139
f 6168//6168 6140//6140 6138//6138
f 6169//6169 6141//6141 6140//6140
f 6169//6169 6140//6140 6168//6168
f 6170//6170 6142//6142 6141//6141
f 6170//6170 6141//6141 6169//6169
f 6171//6171 6143//6143 6142//6142
f 6171//6171 6142//6142 6170//6170
f 6172//6172 6144//6144 6143//6143
f 6172//6172 6145//6145 6144//6144
f 6172//6172 6143//6143 6171//6171
f 6173//6173 6145//6145 6172//6172
f 6174//6174 6146//6146 6145//6145
f 6174//6174 6145//6145 6173//6173
f 6175//6175 6147//6147 6146//6146
f 6175//6175 6148//6148 6147//6147
f 6175//6175 6146//6146 6174//6174
f 6159//6159 6148//6148 6175//6175
f 6160//6160 6149//6149 6148//6148
f 6160//6160 6150//6150 6149//6149
f 6160//6160 6148//6148 6159//6159
f 6161//6161 6150//6150 6160//6160
f 6162//6162 6151//6151 6150//6150
f 6162//6162 6150//6150 6161//6161
f 6163//6163 6152//6152 6151//6151
f 6163//6163 6151//6151 6162//6162
f 6164//6164 6153//6153 6152//6152
f 6164//6164 6152//6152 6163//6163
f 6165//6165 6153//6153 6164//6164
f 6165//6165 6154//6154 6153//6153
f 6166//6166 6154//6154 6165//6165
f 6166//6166 6155//6155 6154//6154
f 6166//6166 6156//6156 6155//6155
f 6167//6167 6156//6156 6166//6166
f 6158//6158 6156//6156 6167//6167
f 6158//6158 6157//6157 6156//6156
v -393.000000 239.899994 194.500000
v -393.000000 239.899994 188.364395
v -393.885620 239.977478 194.500000
v -394.744293 240.207565 194.500000
v -395.549988 240.583267 194.500000
v -396.278229 241.093170 194.500000
v -396.906830 241.721786 194.500000
v -397.416718 242.449997 194.500000
v -397.792419 243.255692 194.500000
v -398.022522 244.114395 194.500000
v -398.100006 245.000000 194.500000
v -398.022522 245.885605 194.500000
v -397.792419 246.744308 194.500000
v -397.416718 247.550003 194.500000
v -396.906830 248.278214 194.500000
v -396.278229 248.906830 194.500000
v -395.549988 249.416733 194.500000
v -394.744293 249.792435 194.500000
v -393.885620 250.022522 194.500000
v -393.000000 250.100006 194.500000
v -393.000000 250.100006 188.364395
v -398.100006 245.000000 188.364395
v -398.022522 245.885605 188.364395
v -397.792419 246.744308 188.364395
v -397.416718 247.550003 188.364395
v -396.906830 248.278214 188.364395
v -396.278229 248.906830 188.364395
v -395.549988 249.416733 188.364395
v -394.744293 249.792435 188.364395
v -393.885620 250.022522 188.364395
v -393.885620 239.977478 188.364395
v -394.744293 240.207565 188.364395
v -395.549988 240.583267 188.364395
v -396.278229 241.093170 188.364395
v -396.906830 241.721786 188.364395
v -397.416718 242.449997 188.364395
v -397.792419 243.255692 188.364395
v -398.022522 244.114395 188.364395
vn -0.000000 1.000000 0.000000
vn -0.000000 1.000000 0.000000
vn 0.173648 0.984808 0.000000
vn 0.342020 0.939693 0.000000
vn 0.500000 0.866025 0.000000
vn 0.642788 0.766044 0.000000
vn 0.766044 0.642788 0.000000
vn 0.866025 0.500000 0.000000
vn 0.939693 0.342020 0.000000
vn 0.984808 0.173648 0.000000
vn 1.000000 0.000000 0.000000
vn 0.984808 -0.173648 -0.000000
vn 0.939693 -0.342020 -0.000000
vn 0.866025 -0.500000 -0.000000
vn 0.766044 -0.642788 -0.000000
vn 0.642788 -0.766044 -0.000000
vn 0.500000 -0.866025 -0.000000
vn 0.342020 -0.939693 -0.000000
vn 0.173648 -0.984808 -0.000000
vn 0.000000 -1.000000 -0.000000
vn 0.000000 -1.000000 -0.000000
vn 1.000000 0.000000 0.000000
vn 0.984808 -0.173648 -0.000000
vn 0.939693 -0.342020 -0.000000
vn 0.866025 -0.500000 -0.000000
vn 0.766044 -0.642788 -0.000000
vn 0.642788 -0.766044 -0.000000
vn 0.500000 -0.866025 -0.000000
vn 0.342020 -0.939693 -0.000000
vn 0.173648 -0.984808 -0.000000
vn 0.173648 0.984808 0.000000
vn 0.342020 0.939693 0.000000
vn 0.500000 0.866025 0.000000
vn 0.642788 0.766044 0.000000
vn 0.766044 0.642788 0.000000
vn 0.866025 0.500000 0.000000
vn 0.939693 0.342020 0.000000
vn 0.984808 0.173648 0.000000
f 6206//6206 6176//6176 6177//6177
f 6206//6206 6178//6178 6176//6176
f 6207//6207 6179//6179 6178//6178
f 6207//6207 6178//6178 6206//6206
f 6208//6208 6180//6180 6179//6179
f 6208//6208 6179//6179 6207//6207
f 6209//6209 6181//6181 6180//6180
f 6209//6209 6180//6180 6208//6208
f 6210//6210 6182//6182 6181//6181
f 6210//6210 6181//6181 6209//6209
f 6211//6211 6183//6183 6182//6182
f 6211//6211 6182//6182 6210//6210
f 6212//6212 6184//6184 6183//6183
f 6212//6212 6183//6183 6211//6211
f 6213//6213 6185//6185 6184//6184
f 6213//6213 6186//6186 6185//6185
f 6213//6213 6184//6184 6212//6212
f 6197//6197 6186//6186 6213//6213
f 6198//6198 6187//6187 6186//6186
f 6198//6198 6186//6186 6197//6197
f 6199//6199 6188//6188 6187//6187
f 6199//6199 6189//6189 6188//6188
f 6199//6199 6187//6187 6198//6198
f 6200//6200 6189//6189 6199//6199
f 6201//6201 6190//6190 6189//6189
f 6201//6201 6189//6189 6200//6200
f 6202//6202 6191//6191 6190//6190
f 6202//6202 6192//6192 6191//6191
f 6202//6202 6190//6190 6201//6201
f 6203//6203 6192//6192 6202//6202
f 6204//6204 6192//6192 6203//6203
f 6204//6204 6193//6193 6192//6192
f 6205//6205 6193//6193 6204//6204
f 6205//6205 6194//6194 6193//6193
f 6205//6205 6195//6195 6194//6194
f 6196//6196 6195//6195 6205//6205
v -377.000000 240.800003 79.000000
v -377.000000 243.864395 84.099998
v -377.000000 240.800003 79.000000
v -377.000000 243.864395 73.900002
v -376.114380 243.864395 73.977478
v -375.255707 243.864395 74.207565
v -374.450012 243.864395 74.583267
v -373.721771 243.864395 75.093170
v -373.093170 243.864395 75.721786
v -372.583282 243.864395 76.449997
v -372.207581 243.864395 77.255699
v -371.977478 243.864395 78.114395
v -371.899994 243.864395 79.000000
v -371.977478 243.864395 79.885605
v -372.207581 243.864395 80.744301
v -372.583282 243.864395 81.550003
v -373.093170 243.864395 82.278214
v -373.721771 243.864395 82.906830
v -374.450012 243.864395 83.416733
v -375.255707 243.864395 83.792435
v -376.114380 243.864395 84.022522
v -376.250580 241.566101 80.031494
v -376.606018 241.566101 80.212601
v -376.212006 242.332199 81.425194
v -375.968506 241.566101 79.749428
v -375.501160 242.332199 81.062996
v -375.787415 241.566101 79.393997
v -375.818024 243.098297 82.637794
v -374.937012 242.332199 80.498856
v -375.725006 241.566101 79.000000
v -374.751709 243.098297 82.094490
v -374.574799 242.332199 79.787994
v -375.787415 241.566101 78.606003
v -373.905518 243.098297 81.248276
v -374.450012 242.332199 79.000000
v -375.968506 241.566101 78.250572
v -373.362213 243.098297 80.181992
v -374.574799 242.332199 78.212006
v -376.250580 241.566101 77.968506
v -373.174988 243.098297 79.000000
v -374.937012 242.332199 77.501144
v -376.606018 241.566101 77.787399
v -373.362213 243.098297 77.818008
v -375.501160 242.332199 76.937004
v -373.905518 243.098297 76.751724
v -376.212006 242.332199 76.574806
v -374.751709 243.098297 75.905510
v -375.818024 243.098297 75.362206
vn -0.340752 0.876228 -0.340752
vn 0.000000 0.857167 -0.515038
vn -0.340752 0.876228 0.340752
vn -0.000000 0.857167 0.515038
vn -0.089435 0.857167 0.507213
vn -0.176153 0.857167 0.483977
vn -0.257519 0.857167 0.446036
vn -0.331060 0.857167 0.394542
vn -0.394542 0.857167 0.331060
vn -0.446036 0.857167 0.257519
vn -0.483977 0.857167 0.176153
vn -0.507213 0.857167 0.089435
vn -0.515038 0.857167 -0.000000
vn -0.507213 0.857167 -0.089435
vn -0.483977 0.857167 -0.176153
vn -0.446036 0.857167 -0.257519
vn -0.394542 0.857167 -0.331060
vn -0.331060 0.857167 -0.394542
vn -0.257519 0.857167 -0.446036
vn -0.176153 0.857167 -0.483977
vn -0.089435 0.857167 -0.507213
vn -0.302732 0.857167 -0.416675
vn -0.159156 0.857167 -0.489830
vn -0.159156 0.857167 -0.489830
vn -0.416675 0.857167 -0.302732
vn -0.302732 0.857167 -0.416675
vn -0.489830 0.857167 -0.159156
vn -0.159156 0.857167 -0.489830
vn -0.416675 0.857167 -0.302732
vn -0.515038 0.857167 0.000000
vn -0.302732 0.857167 -0.416675
vn -0.489830 0.857167 -0.159156
vn -0.489830 0.857167 0.159156
vn -0.416675 0.857167 -0.302732
vn -0.515038 0.857167 0.000000
vn -0.416675 0.857167 0.302732
vn -0.489830 0.857167 -0.159156
vn -0.489830 0.857167 0.159156
vn -0.302732 0.857167 0.416675
vn -0.515038 0.857167 0.000000
vn -0.416675 0.857167 0.302732
vn -0.159156 0.857167 0.489830
vn -0.489830 0.857167 0.159156
vn -0.302732 0.857167 0.416675
vn -0.416675 0.857167 0.302732
vn -0.159156 0.857167 0.489830
vn -0.302732 0.857167 0.416675
vn -0.159156 0.857167 0.489830
f 6235//6235 6214//6214 6236//6236
f 6237//6237 6214//6214 6215//6215
f 6237//6237 6236//6236 6214//6214
f 6238//6238 6214//6214 6235//6235
f 6239//6239 6236//6236 6237//6237
f 6239//6239 6235//6235 6236//6236
f 6240//6240 6214//6214 6238//6238
f 6241//6241 6233//6233 6232//6232
f 6241//6241 6234//6234 6233//6233
f 6241//6241 6215//6215 6234//6234
f 6241//6241 6237//6237 6215//6215
f 6242//6242 6235//6235 6239//6239
f 6242//6242 6238//6238 6235//6235
f 6243//6243 6216//6216 6214//6214
f 6243//6243 6214//6214 6240//6240
f 6244//6244 6231//6231 6230//6230
f 6244//6244 6232//6232 6231//6231
f 6244//6244 6239//6239 6237//6237
f 6244//6244 6241//6241 6232//6232
f 6244//6244 6237//6237 6241//6241
f 6245//6245 6238//6238 6242//6242
f 6245//6245 6240//6240 6238//6238
f 6245//6245 6243//6243 6240//6240
f 6246//6246 6216//6216 6243//6243
f 6247//6247 6230//6230 6229//6229
f 6247//6247 6244//6244 6230//6230
f 6247//6247 6242//6242 6239//6239
f 6247//6247 6239//6239 6244//6244
f 6248//6248 6243//6243 6245//6245
f 6249//6249 6216//6216 6246//6246
f 6250//6250 6228//6228 6227//6227
f 6250//6250 6229//6229 6228//6228
f 6250//6250 6245//6245 6242//6242
f 6250//6250 6247//6247 6229//6229
f 6250//6250 6242//6242 6247//6247
f 6251//6251 6246//6246 6243//6243
f 6251//6251 6243//6243 6248//6248
f 6252//6252 6216//6216 6249//6249
f 6253//6253 6226//6226 6225//6225
f 6253//6253 6227//6227 6226//6226
f 6253//6253 6250//6250 6227//6227
f 6253//6253 6248//6248 6245//6245
f 6253//6253 6245//6245 6250//6250
f 6254//6254 6249//6249 6246//6246
f 6254//6254 6246//6246 6251//6251
f 6254//6254 6252//6252 6249//6249
f 6255//6255 6216//6216 6252//6252
f 6256//6256 6224//6224 6223//6223
f 6256//6256 6225//6225 6224//6224
f 6256//6256 6253//6253 6225//6225
f 6256//6256 6251//6251 6248//6248
f 6256//6256 6254//6254 6251//6251
f 6256//6256 6248//6248 6253//6253
f 6257//6257 6255//6255 6252//6252
f 6257//6257 6252//6252 6254//6254
f 6258//6258 6222//6222 6221//6221
f 6258//6258 6223//6223 6222//6222
f 6258//6258 6254//6254 6256//6256
f 6258//6258 6256//6256 6223//6223
f 6259//6259 6217//6217 6216//6216
f 6259//6259 6216//6216 6255//6255
f 6259//6259 6255//6255 6257//6257
f 6260//6260 6221//6221 6220//6220
f 6260//6260 6257//6257 6254//6254
f 6260//6260 6259//6259 6257//6257
f 6260//6260 6254//6254 6258//6258
f 6260//6260 6258//6258 6221//6221
f 6261//6261 6218//6218 6217//6217
f 6261//6261 6219//6219 6218//6218
f 6261//6261 6220//6220 6219//6219
f 6261//6261 6259//6259 6260//6260
f 6261//6261 6260//6260 6220//6220
f 6261//6261 6217//6217 6259//6259
v -377.000000 240.800003 79.000000
v -377.000000 243.864395 73.900002
v -377.000000 240.800003 79.000000
v -377.000000 243.864395 84.099998
v -377.885620 243.864395 84.022522
v -378.744293 243.864395 83.792435
v -379.549988 243.864395 83.416733
v -380.278229 243.864395 82.906830
v -380.906830 243.864395 82.278214
v -381.416718 243.864395 81.550003
v -381.792419 243.864395 80.744301
v -382.022522 243.864395 79.885605
v -382.100006 243.864395 79.000000
v -382.022522 243.864395 78.114395
v -381.792419 243.864395 77.255699
v -381.416718 243.864395 76.449997
v -380.906830 243.864395 75.721786
v -380.278229 243.864395 75.093170
v -379.549988 243.864395 74.583267
v -378.744293 243.864395 74.207565
v -377.885620 243.864395 73.977478
v -377.749420 241.566101 77.968506
v -377.393982 241.566101 77.787399
v -377.787994 242.332199 76.574806
v -378.031494 241.566101 78.250572
v -378.498840 242.332199 76.937004
v -378.212585 241.566101 78.606003
v -378.181976 243.098297 75.362206
v -379.062988 242.332199 77.501144
v -378.274994 241.566101 79.000000
v -379.248291 243.098297 75.905510
v -379.425201 242.332199 78.212006
v -378.212585 241.566101 79.393997
v -380.094482 243.098297 76.751724
v -379.549988 242.332199 79.000000
v -378.031494 241.566101 79.749428
v -380.637787 243.098297 77.818008
v -379.425201 242.332199 79.787994
v -377.749420 241.566101 80.031494
v -380.825012 243.098297 79.000000
v -379.062988 242.332199 80.498856
v -377.393982 241.566101 80.212601
v -380.637787 243.098297 80.181992
v -378.498840 242.332199 81.062996
v -380.094482 243.098297 81.248276
v -377.787994 242.332199 81.425194
v -379.248291 243.098297 82.094490
v -378.181976 243.098297 82.637794
vn 0.340752 0.876228 0.340752
vn 0.000000 0.857167 0.515038
vn 0.340752 0.876228 -0.340752
vn 0.000000 0.857167 -0.515038
vn 0.089435 0.857167 -0.507213
vn 0.176153 0.857167 -0.483977
vn 0.257519 0.857167 -0.446036
vn 0.331060 0.857167 -0.394542
vn 0.394542 0.857167 -0.331060
vn 0.446036 0.857167 -0.257519
vn 0.483977 0.857167 -0.176153
vn 0.507213 0.857167 -0.089435
vn 0.515038 0.857167 0.000000
vn 0.507213 0.857167 0.089435
vn 0.483977 0.857167 0.176153
vn 0.446036 0.857167 0.257519
vn 0.394542 0.857167 0.331060
vn 0.331060 0.857167 0.394542
vn 0.257519 0.857167 0.446036
vn 0.176153 0.857167 0.483977
vn 0.089435 0.857167 0.507213
vn 0.302732 0.857167 0.416675
vn 0.159156 0.857167 0.489830
vn 0.159156 0.857167 0.489830
vn 0.416675 0.857167 0.302732
vn 0.302732 0.857167 0.416675
vn 0.489830 0.857167 0.159156
vn 0.159156 0.857167 0.489830
vn 0.416675 0.857167 0.302732
vn 0.515038 0.857167 -0.000000
vn 0.302732 0.857167 0.416675
vn 0.489830 0.857167 0.159156
vn 0.489830 0.857167 -0.159156
vn 0.416675 0.857167 0.302732
vn 0.515038 0.857167 -0.000000
vn 0.416675 0.857167 -0.302732
vn 0.489830 0.857167 0.159156
vn 0.489830 0.857167 -0.159156
vn 0.302732 0.857167 -0.416675
vn 0.515038 0.857167 -0.000000
vn 0.416675 0.857167 -0.302732
vn 0.159156 0.857167 -0.489830
vn 0.489830 0.857167 -0.159156
vn 0.302732 0.857167 -0.416675
vn 0.416675 0.857167 -0.302732
vn 0.159156 0.857167 -0.489830
vn 0.302732 0.857167 -0.416675
vn 0.159156 0.857167 -0.489830
f 6283//6283 6262//6262 6284//6284
f 6285//6285 6262//6262 6263//6263
f 6285//6285 6284//6284 6262//6262
f 6286//6286 6262//6262 6283//6283
f 6287//6287 6284//6284 6285//6285
f 6287//6287 6283//6283 6284//6284
f 6288//6288 6262//6262 6286//6286
f 6289//6289 6281//6281 6280//6280
f 6289//6289 6282//6282 6281//6281
f 6289//6289 6263//6263 6282//6282
f 6289//6289 6285//6285 6263//6263
f 6290//6290 6283//6283 6287//6287
f 6290//6290 6286//6286 6283//6283
f 6291//6291 6264//6264 6262//6262
f 6291//6291 6262//6262 6288//6288
f 6292//6292 6279//6279 6278//6278
f 6292//6292 6280//6280 6279//6279
f 6292//6292 6287//6287 6285//6285
f 6292//6292 6289//6289 6280//6280
f 6292//6292 6285//6285 6289//6289
f 6293//6293 6286//6286 6290//6290
f 6293//6293 6288//6288 6286//6286
f 6294//6294 6264//6264 6291//6291
f 6295//6295 6278//6278 6277//6277
f 6295//6295 6292//6292 6278//6278
f 6295//6295 6290//6290 6287//6287
f 6295//6295 6287//6287 6292//6292
f 6296//6296 6291//6291 6288//6288
f 6296//6296 6288//6288 6293//6293
f 6296//6296 6294//6294 6291//6291
f 6297//6297 6264//6264 6294//6294
f 6298//6298 6276//6276 6275//6275
f 6298//6298 6277//6277 6276//6276
f 6298//6298 6293//6293 6290//6290
f 6298//6298 6295//6295 6277//6277
f 6298//6298 6290//6290 6295//6295
f 6299//6299 6294//6294 6296//6296
f 6300//6300 6264//6264 6297//6297
f 6301//6301 6274//6274 6273//6273
f 6301//6301 6275//6275 6274//6274
f 6301//6301 6298//6298 6275//6275
f 6301//6301 6296//6296 6293//6293
f 6301//6301 6293//6293 6298//6298
f 6301//6301 6299//6299 6296//6296
f 6302//6302 6297//6297 6294//6294
f 6302//6302 6294//6294 6299//6299
f 6303//6303 6264//6264 6300//6300
f 6304//6304 6272//6272 6271//6271
f 6304//6304 6273//6273 6272//6272
f 6304//6304 6299//6299 6301//6301
f 6304//6304 6301//6301 6273//6273
f 6304//6304 6302//6302 6299//6299
f 6305//6305 6303//6303 6300//6300
f 6305//6305 6300//6300 6297//6297
f 6305//6305 6297//6297 6302//6302
f 6306//6306 6302//6302 6304//6304
f 6306//6306 6270//6270 6269//6269
f 6306//6306 6271//6271 6270//6270
f 6306//6306 6304//6304 6271//6271
f 6307//6307 6265//6265 6264//6264
f 6307//6307 6264//6264 6303//6303
f 6307//6307 6303//6303 6305//6305
f 6308//6308 6302//6302 6306//6306
f 6308//6308 6269//6269 6268//6268
f 6308//6308 6306//6306 6269//6269
f 6308//6308 6305//6305 6302//6302
f 6309//6309 6266//6266 6265//6265
f 6309//6309 6267//6267 6266//6266
f 6309//6309 6268//6268 6267//6267
f 6309//6309 6307//6307 6305//6305
f 6309//6309 6305//6305 6308//6308
f 6309//6309 6265//6265 6307//6307
f 6309//6309 6308//6308 6268//6268
v -377.000000 240.800003 139.000000
v -377.000000 243.864395 144.100006
v -377.000000 240.800003 139.000000
v -377.000000 243.864395 133.899994
v -376.114380 243.864395 133.977478
v -375.255707 243.864395 134.207565
v -374.450012 243.864395 134.583267
v -373.721771 243.864395 135.093170
v -373.093170 243.864395 135.721786
v -372.583282 243.864395 136.449997
v -372.207581 243.864395 137.255692
v -371.977478 243.864395 138.114395
v -371.899994 243.864395 139.000000
v -371.977478 243.864395 139.885605
v -372.207581 243.864395 140.744308
v -372.583282 243.864395 141.550003
v -373.093170 243.864395 142.278214
v -373.721771 243.864395 142.906830
v -374.450012 243.864395 143.416733
v -375.255707 243.864395 143.792435
v -376.114380 243.864395 144.022522
v -376.250580 241.566101 140.031494
v -376.606018 241.566101 140.212601
v -376.212006 242.332199 141.425201
v -375.968506 241.566101 139.749420
v -375.501160 242.332199 141.062988
v -375.787415 241.566101 139.393997
v -375.818024 243.098297 142.637787
v -374.937012 242.332199 140.498856
v -375.725006 241.566101 139.000000
v -374.751709 243.098297 142.094482
v -374.574799 242.332199 139.787994
v -375.787415 241.566101 138.606003
v -373.905518 243.098297 141.248276
v -374.450012 242.332199 139.000000
v -375.968506 241.566101 138.250580
v -373.362213 243.098297 140.181992
v -374.574799 242.332199 138.212006
v -376.250580 241.566101 137.968506
v -373.174988 243.098297 139.000000
v -374.937012 242.332199 137.501144
v -376.606018 241.566101 137.787399
v -373.362213 243.098297 137.818008
v -375.501160 242.332199 136.937012
v -373.905518 243.098297 136.751724
v -376.212006 242.332199 136.574799
v -374.751709 243.098297 135.905518
v -375.818024 243.098297 135.362213
vn -0.340752 0.876228 -0.340752
vn 0.000000 0.857167 -0.515038
vn -0.340752 0.876228 0.340752
vn -0.000000 0.857167 0.515038
vn -0.089435 0.857167 0.507213
vn -0.176153 0.857167 0.483977
vn -0.257519 0.857167 0.446036
vn -0.331060 0.857167 0.394542
vn -0.394542 0.857167 0.331060
vn -0.446036 0.857167 0.257519
vn -0.483977 0.857167 0.176153
vn -0.507213 0.857167 0.089435
vn -0.515038 0.857167 -0.000000
vn -0.507213 0.857167 -0.089435
vn -0.483977 0.857167 -0.176153
vn -0.446036 0.857167 -0.257519
vn -0.394542 0.857167 -0.331060
vn -0.331060 0.857167 -0.394542
vn -0.257519 0.857167 -0.446036
vn -0.176153 0.857167 -0.483977
vn -0.089435 0.857167 -0.507213
vn -0.302732 0.857167 -0.416675
vn -0.159156 0.857167 -0.489830
vn -0.159156 0.857167 -0.489830
vn -0.416675 0.857167 -0.302732
vn -0.302732 0.857167 -0.416675
vn -0.489830 0.857167 -0.159156
vn -0.159156 0.857167 -0.489830
vn -0.416675 0.857167 -0.302732
vn -0.515038 0.857167 0.000000
vn -0.302732 0.857167 -0.416675
vn -0.489830 0.857167 -0.159156
vn -0.489830 0.857167 0.159156
vn -0.416675 0.857167 -0.302732
vn -0.515038 0.857167 0.000000
vn -0.416675 0.857167 0.302732
vn -0.489830 0.857167 -0.159156
vn -0.489830 0.857167 0.159156
vn -0.302732 0.857167 0.416675
vn -0.515038 0.857167 0.000000
vn -0.416675 0.857167 0.302732
vn -0.159156 0.857167 0.489830
vn -0.489830 0.857167 0.159156
vn -0.302732 0.857167 0.416675
vn -0.416675 0.857167 0.302732
vn -0.159156 0.857167 0.489830
vn -0.302732 0.857167 0.416675
vn -0.159156 0.857167 0.489830
f 6331//6331 6310//6310 6332//6332
f 6333//6333 6310//6310 6311//6311
f 6333//6333 6332//6332 6310//6310
f 6334//6334 6310//6310 6331//6331
f 6335//6335 6334//6334 6331//6331
f 6335//6335 6332//6332 6333//6333
f 6335//6335 6331//6331 6332//6332
f 6336//6336 6310//6310 6334//6334
f 6337//6337 6329//6329 6328//6328
f 6337//6337 6330//6330 6329//6329
f 6337//6337 6311//6311 6330//6330
f 6337//6337 6333//6333 6311//6311
f 6338//6338 6334//6334 6335//6335
f 6339//6339 6312//6312 6310//6310
f 6339//6339 6310//6310 6336//6336
f 6340//6340 6327//6327 6326//6326
f 6340//6340 6328//6328 6327//6327
f 6340//6340 6335//6335 6333//6333
f 6340//6340 6337//6337 6328//6328
f 6340//6340 6333//6333 6337//6337
f 6341//6341 6334//6334 6338//6338
f 6341//6341 6336//6336 6334//6334
f 6342//6342 6312//6312 6339//6339
f 6343//6343 6326//6326 6325//6325
f 6343//6343 6340//6340 6326//6326
f 6343//6343 6338//6338 6335//6335
f 6343//6343 6335//6335 6340//6340
f 6344//6344 6339//6339 6336//6336
f 6344//6344 6336//6336 6341//6341
f 6345//6345 6312//6312 6342//6342
f 6346//6346 6324//6324 6323//6323
f 6346//6346 6325//6325 6324//6324
f 6346//6346 6341//6341 6338//6338
f 6346//6346 6343//6343 6325//6325
f 6346//6346 6338//6338 6343//6343
f 6347//6347 6339//6339 6344//6344
f 6347//6347 6342//6342 6339//6339
f 6348//6348 6312//6312 6345//6345
f 6349//6349 6322//6322 6321//6321
f 6349//6349 6323//6323 6322//6322
f 6349//6349 6347//6347 6344//6344
f 6349//6349 6346//6346 6323//6323
f 6349//6349 6344//6344 6341//6341
f 6349//6349 6341//6341 6346//6346
f 6350//6350 6345//6345 6342//6342
f 6350//6350 6342//6342 6347//6347
f 6350//6350 6348//6348 6345//6345
f 6351//6351 6312//6312 6348//6348
f 6352//6352 6320//6320 6319//6319
f 6352//6352 6321//6321 6320//6320
f 6352//6352 6349//6349 6321//6321
f 6352//6352 6347//6347 6349//6349
f 6353//6353 6348//6348 6350//6350
f 6354//6354 6347//6347 6352//6352
f 6354//6354 6318//6318 6317//6317
f 6354//6354 6319//6319 6318//6318
f 6354//6354 6352//6352 6319//6319
f 6354//6354 6353//6353 6350//6350
f 6354//6354 6350//6350 6347//6347
f 6355//6355 6351//6351 6348//6348
f 6355//6355 6348//6348 6353//6353
f 6355//6355 6313//6313 6312//6312
f 6355//6355 6312//6312 6351//6351
f 6356//6356 6355//6355 6353//6353
f 6356//6356 6317//6317 6316//6316
f 6356//6356 6354//6354 6317//6317
f 6356//6356 6353//6353 6354//6354
f 6357//6357 6314//6314 6313//6313
f 6357//6357 6315//6315 6314//6314
f 6357//6357 6316//6316 6315//6315
f 6357//6357 6313//6313 6355//6355
f 6357//6357 6356//6356 6316//6316
f 6357//6357 6355//6355 6356//6356
v -377.000000 240.800003 139.000000
v -377.000000 243.864395 133.899994
v -377.000000 240.800003 139.000000
v -377.000000 243.864395 144.100006
v -377.885620 243.864395 144.022522
v -378.744293 243.864395 143.792435
v -379.549988 243.864395 143.416733
v -380.278229 243.864395 142.906830
v -380.906830 243.864395 142.278214
v -381.416718 243.864395 141.550003
v -381.792419 243.864395 140.744308
v -382.022522 243.864395 139.885605
v -382.100006 243.864395 139.000000
v -382.022522 243.864395 138.114395
v -381.792419 243.864395 137.255692
v -381.416718 243.864395 136.449997
v -380.906830 243.864395 135.721786
v -380.278229 243.864395 135.093170
v -379.549988 243.864395 134.583267
v -378.744293 243.864395 134.207565
v -377.885620 243.864395 133.977478
v -377.749420 241.566101 137.968506
v -377.393982 241.566101 137.787399
v -377.787994 242.332199 136.574799
v -378.031494 241.566101 138.250580
v -378.498840 242.332199 136.937012
v -378.212585 241.566101 138.606003
v -378.181976 243.098297 135.362213
v -379.062988 242.332199 137.501144
v -378.274994 241.566101 139.000000
v -379.248291 243.098297 135.905518
v -379.425201 242.332199 138.212006
v -378.212585 241.566101 139.393997
v -380.094482 243.098297 136.751724
v -379.549988 242.332199 139.000000
v -378.031494 241.566101 139.749420
v -380.637787 243.098297 137.818008
v -379.425201 242.332199 139.787994
v -377.749420 241.566101 140.031494
v -380.825012 243.098297 139.000000
v -379.062988 242.332199 140.498856
v -377.393982 241.566101 140.212601
v -380.637787 243.098297 140.181992
v -378.498840 242.332199 141.062988
v -380.094482 243.098297 141.248276
v -377.787994 242.332199 141.425201
v -379.248291 243.098297 142.094482
v -378.181976 243.098297 142.637787
vn 0.340752 0.876228 0.340752
vn 0.000000 0.857167 0.515038
vn 0.340752 0.876228 -0.340752
vn 0.000000 0.857167 -0.515038
vn 0.089435 0.857167 -0.507213
vn 0.176153 0.857167 -0.483977
vn 0.257519 0.857167 -0.446036
vn 0.331060 0.857167 -0.394542
vn 0.394542 0.857167 -0.331060
vn 0.446036 0.857167 -0.257519
vn 0.483977 0.857167 -0.176153
vn 0.507213 0.857167 -0.089435
vn 0.515038 0.857167 0.000000
vn 0.507213 0.857167 0.089435
vn 0.483977 0.857167 0.176153
vn 0.446036 0.857167 0.257519
vn 0.394542 0.857167 0.331060
vn 0.331060 0.857167 0.394542
vn 0.257519 0.857167 0.446036
vn 0.176153 0.857167 0.483977
vn 0.089435 0.857167 0.507213
vn 0.302732 0.857167 0.416675
vn 0.159156 0.857167 0.489830
vn 0.159156 0.857167 0.489830
vn 0.416675 0.857167 0.302732
vn 0.302732 0.857167 0.416675
vn 0.489830 0.857167 0.159156
vn 0.159156 0.857167 0.489830
vn 0.416675 0.857167 0.302732
vn 0.515038 0.857167 -0.000000
vn 0.302732 0.857167 0.416675
vn 0.489830 0.857167 0.159156
vn 0.489830 0.857167 -0.159156
vn 0.416675 0.857167 0.302732
vn 0.515038 0.857167 -0.000000
vn 0.416675 0.857167 -0.302732
vn 0.489830 0.857167 0.159156
vn 0.489830 0.857167 -0.159156
vn 0.302732 0.857167 -0.416675
vn 0.515038 0.857167 -0.000000
vn 0.416675 0.857167 -0.302732
vn 0.159156 0.857167 -0.489830
vn 0.489830 0.857167 -0.159156
vn 0.302732 0.857167 -0.416675
vn 0.416675 0.857167 -0.302732
vn 0.159156 0.857167 -0.489830
vn 0.302732 0.857167 -0.416675
vn 0.159156 0.857167 -0.489830
f 6379//6379 6358//6358 6380//6380
f 6381//6381 6358//6358 6359//6359
f 6381//6381 6380//6380 6358//6358
f 6382//6382 6358//6358 6379//6379
f 6383//6383 6380//6380 6381//6381
f 6383//6383 6379//6379 6380//6380
f 6384//6384 6358//6358 6382//6382
f 6385//6385 6377//6377 6376//6376
f 6385//6385 6378//6378 6377//6377
f 6385//6385 6359//6359 6378//6378
f 6385//6385 6381//6381 6359//6359
f 6386//6386 6379//6379 6383//6383
f 6386//6386 6382//6382 6379//6379
f 6387//6387 6360//6360 6358//6358
f 6387//6387 6358//6358 6384//6384
f 6388//6388 6375//6375 6374//6374
f 6388//6388 6376//6376 6375//6375
f 6388//6388 6383//6383 6381//6381
f 6388//6388 6385//6385 6376//6376
f 6388//6388 6381//6381 6385//6385
f 6389//6389 6382//6382 6386//6386
f 6389//6389 6384//6384 6382//6382
f 6390//6390 6360//6360 6387//6387
f 6391//6391 6374//6374 6373//6373
f 6391//6391 6388//6388 6374//6374
f 6391//6391 6386//6386 6383//6383
f 6391//6391 6383//6383 6388//6388
f 6392//6392 6387//6387 6384//6384
f 6392//6392 6384//6384 6389//6389
f 6393//6393 6360//6360 6390//6390
f 6394//6394 6372//6372 6371//6371
f 6394//6394 6373//6373 6372//6372
f 6394//6394 6389//6389 6386//6386
f 6394//6394 6391//6391 6373//6373
f 6394//6394 6386//6386 6391//6391
f 6395//6395 6387//6387 6392//6392
f 6395//6395 6390//6390 6387//6387
f 6396//6396 6360//6360 6393//6393
f 6397//6397 6370//6370 6369//6369
f 6397//6397 6371//6371 6370//6370
f 6397//6397 6395//6395 6392//6392
f 6397//6397 6394//6394 6371//6371
f 6397//6397 6392//6392 6389//6389
f 6397//6397 6389//6389 6394//6394
f 6398//6398 6393//6393 6390//6390
f 6398//6398 6390//6390 6395//6395
f 6398//6398 6396//6396 6393//6393
f 6399//6399 6360//6360 6396//6396
f 6400//6400 6368//6368 6367//6367
f 6400//6400 6369//6369 6368//6368
f 6400//6400 6397//6397 6369//6369
f 6400//6400 6395//6395 6397//6397
f 6401//6401 6396//6396 6398//6398
f 6402//6402 6395//6395 6400//6400
f 6402//6402 6366//6366 6365//6365
f 6402//6402 6367//6367 6366//6366
f 6402//6402 6400//6400 6367//6367
f 6402//6402 6398//6398 6395//6395
f 6403//6403 6399//6399 6396//6396
f 6403//6403 6396//6396 6401//6401
f 6403//6403 6361//6361 6360//6360
f 6403//6403 6360//6360 6399//6399
f 6404//6404 6365//6365 6364//6364
f 6404//6404 6398//6398 6402//6402
f 6404//6404 6402//6402 6365//6365
f 6404//6404 6401//6401 6398//6398
f 6405//6405 6362//6362 6361//6361
f 6405//6405 6363//6363 6362//6362
f 6405//6405 6403//6403 6401//6401
f 6405//6405 6364//6364 6363//6363
f 6405//6405 6361//6361 6403//6403
f 6405//6405 6404//6404 6364//6364
f 6405//6405 6401//6401 6404//6404
v -371.000000 -239.899994 194.500000
v -371.000000 -239.899994 188.364395
v -370.114380 -239.977478 194.500000
v -369.255707 -240.207565 194.500000
v -368.450012 -240.583267 194.500000
v -367.721771 -241.093170 194.500000
v -367.093170 -241.721786 194.500000
v -366.583282 -242.449997 194.500000
v -366.207581 -243.255692 194.500000
v -365.977478 -244.114395 194.500000
v -365.899994 -245.000000 194.500000
v -365.977478 -245.885605 194.500000
v -366.207581 -246.744308 194.500000
v -366.583282 -247.550003 194.500000
v -367.093170 -248.278214 194.500000
v -367.721771 -248.906830 194.500000
v -368.450012 -249.416733 194.500000
v -369.255707 -249.792435 194.500000
v -370.114380 -250.022522 194.500000
v -371.000000 -250.100006 194.500000
v -371.000000 -250.100006 188.364395
v -365.899994 -245.000000 188.364395
v -365.977478 -245.885605 188.364395
v -366.207581 -246.744308 188.364395
v -366.583282 -247.550003 188.364395
v -367.093170 -248.278214 188.364395
v -367.721771 -248.906830 188.364395
v -368.450012 -249.416733 188.364395
v -369.255707 -249.792435 188.364395
v -370.114380 -250.022522 188.364395
v -370.114380 -239.977478 188.364395
v -369.255707 -240.207565 188.364395
v -368.450012 -240.583267 188.364395
v -367.721771 -241.093170 188.364395
v -367.093170 -241.721786 188.364395
v -366.583282 -242.449997 188.364395
v -366.207581 -243.255692 188.364395
v -365.977478 -244.114395 188.364395
vn 0.000000 -1.000000 -0.000000
vn 0.000000 -1.000000 -0.000000
vn -0.173648 -0.984808 -0.000000
vn -0.342020 -0.939693 -0.000000
vn -0.500000 -0.866025 -0.000000
vn -0.642788 -0.766044 -0.000000
vn -0.766044 -0.642788 -0.000000
vn -0.866025 -0.500000 -0.000000
vn -0.939693 -0.342020 -0.000000
vn -0.984808 -0.173648 -0.000000
vn -1.000000 -0.000000 -0.000000
vn -0.984808 0.173648 -0.000000
vn -0.939693 0.342020 -0.000000
vn -0.866025 0.500000 -0.000000
vn -0.766044 0.642788 -0.000000
vn -0.642788 0.766044 -0.000000
vn -0.500000 0.866025 -0.000000
vn -0.342020 0.939693 -0.000000
vn -0.173648 0.984808 -0.000000
vn -0.000000 1.000000 -0.000000
vn -0.000000 1.000000 -0.000000
vn -1.000000 -0.000000 -0.000000
vn -0.984808 0.173648 -0.000000
vn -0.939693 0.342020 -0.000000
vn -0.866025 0.500000 -0.000000
vn -0.766044 0.642788 -0.000000
vn -0.642788 0.766044 -0.000000
vn -0.500000 0.866025 -0.000000
vn -0.342020 0.939693 -0.000000
vn -0.173648 0.984808 -0.000000
vn -0.173648 -0.984808 -0.000000
vn -0.342020 -0.939693 -0.000000
vn -0.500000 -0.866025 -0.000000
vn -0.642788 -0.766044 -0.000000
vn -0.766044 -0.642788 -0.000000
vn -0.866025 -0.500000 -0.000000
vn -0.939693 -0.342020 -0.000000
vn -0.984808 -0.173648 -0.000000
f 6436//6436 6406//6406 6407//6407
f 6436//6436 6408//6408 6406//6406
f 6437//6437 6409//6409 6408//6408
f 6437//6437 6408//6408 6436//6436
f 6438//6438 6410//6410 6409//6409
f 6438//6438 6409//6409 6437//6437
f 6439//6439 6411//6411 6410//6410
f 6439//6439 6410//6410 6438//6438
f 6440//6440 6412//6412 6411//6411
f 6440//6440 6413//6413 6412//6412
f 6440//6440 6411//6411 6439//6439
f 6441//6441 6413//6413 6440//6440
f 6442//6442 6414//6414 6413//6413
f 6442//6442 6413//6413 6441//6441
f 6443//6443 6415//6415 6414//6414
f 6443//6443 6416//6416 6415//6415
f 6443//6443 6414//6414 6442//6442
f 6427//6427 6416//6416 6443//6443
f 6428//6428 6417//6417 6416//6416
f 6428//6428 6418//6418 6417//6417
f 6428//6428 6416//6416 6427//6427
f 6429//6429 6418//6418 6428//6428
f 6430//6430 6419//6419 6418//6418
f 6430//6430 6418//6418 6429//6429
f 6431//6431 6420//6420 6419//6419
f 6431//6431 6419//6419 6430//6430
f 6432//6432 6421//6421 6420//6420
f 6432//6432 6420//6420 6431//6431
f 6433//6433 6421//6421 6432//6432
f 6433//6433 6422//6422 6421//6421
f 6434//6434 6422//6422 6433//6433
f 6434//6434 6423//6423 6422//6422
f 6434//6434 6424//6424 6423//6423
f 6435//6435 6424//6424 6434//6434
f 6426//6426 6424//6424 6435//6435
f 6426//6426 6425//6425 6424//6424
v -371.000000 -250.100006 194.500000
v -371.000000 -250.100006 188.364395
v -371.885620 -250.022522 194.500000
v -372.744293 -249.792435 194.500000
v -373.549988 -249.416733 194.500000
v -374.278229 -248.906830 194.500000
v -374.906830 -248.278214 194.500000
v -375.416718 -247.550003 194.500000
v -375.792419 -246.744308 194.500000
v -376.022522 -245.885605 194.500000
v -376.100006 -245.000000 194.500000
v -376.022522 -244.114395 194.500000
v -375.792419 -243.255692 194.500000
v -375.416718 -242.449997 194.500000
v -374.906830 -241.721786 194.500000
v -374.278229 -241.093170 194.500000
v -373.549988 -240.583267 194.500000
v -372.744293 -240.207565 194.500000
v -371.885620 -239.977478 194.500000
v -371.000000 -239.899994 194.500000
v -371.000000 -239.899994 188.364395
v -376.100006 -245.000000 188.364395
v -376.022522 -244.114395 188.364395
v -375.792419 -243.255692 188.364395
v -375.416718 -242.449997 188.364395
v -374.906830 -241.721786 188.364395
v -374.278229 -241.093170 188.364395
v -373.549988 -240.583267 188.364395
v -372.744293 -240.207565 188.364395
v -371.885620 -239.977478 188.364395
v -371.885620 -250.022522 188.364395
v -372.744293 -249.792435 188.364395
v -373.549988 -249.416733 188.364395
v -374.278229 -248.906830 188.364395
v -374.906830 -248.278214 188.364395
v -375.416718 -247.550003 188.364395
v -375.792419 -246.744308 188.364395
v -376.022522 -245.885605 188.364395
vn -0.000000 1.000000 0.000000
vn -0.000000 1.000000 0.000000
vn 0.173648 0.984808 0.000000
vn 0.342020 0.939693 0.000000
vn 0.500000 0.866025 0.000000
vn 0.642788 0.766044 0.000000
vn 0.766044 0.642788 0.000000
vn 0.866025 0.500000 0.000000
vn 0.939693 0.342020 0.000000
vn 0.984808 0.173648 0.000000
vn 1.000000 0.000000 0.000000
vn 0.984808 -0.173648 -0.000000
vn 0.939693 -0.342020 -0.000000
vn 0.866025 -0.500000 -0.000000
vn 0.766044 -0.642788 -0.000000
vn 0.642788 -0.766044 -0.000000
vn 0.500000 -0.866025 -0.000000
vn 0.342020 -0.939693 -0.000000
vn 0.173648 -0.984808 -0.000000
vn 0.000000 -1.000000 -0.000000
vn 0.000000 -1.000000 -0.000000
vn 1.000000 0.000000 0.000000
vn 0.984808 -0.173648 -0.000000
vn 0.939693 -0.342020 -0.000000
vn 0.866025 -0.500000 -0.000000
vn 0.766044 -0.642788 -0.000000
vn 0.642788 -0.766044 -0.000000
vn 0.500000 -0.866025 -0.000000
vn 0.342020 -0.939693 -0.000000
vn 0.173648 -0.984808 -0.000000
vn 0.173648 0.984808 0.000000
vn 0.342020 0.939693 0.000000
vn 0.500000 0.866025 0.000000
vn 0.642788 0.766044 0.000000
vn 0.766044 0.642788 0.000000
vn 0.866025 0.500000 0.000000
vn 0.939693 0.342020 0.000000
vn 0.984808 0.173648 0.000000
f 6474//6474 6444//6444 6445//6445
f 6474//6474 6446//6446 6444//6444
f 6475//6475 6447//6447 6446//6446
f 6475//6475 6446//6446 6474//6474
f 6476//6476 6448//6448 6447//6447
f 6476//6476 6447//6447 6475//6475
f 6477//6477 6449//6449 6448//6448
f 6477//6477 6448//6448 6476//6476
f 6478//6478 6450//6450 6449//6449
f 6478//6478 6449//6449 6477//6477
f 6479//6479 6451//6451 6450//6450
f 6479//6479 6450//6450 6478//6478
f 6480//6480 6452//6452 6451//6451
f 6480//6480 6451//6451 6479//6479
f 6481//6481 6453//6453 6452//6452
f 6481//6481 6454//6454 6453//6453
f 6481//6481 6452//6452 6480//6480
f 6465//6465 6454//6454 6481//6481
f 6466//6466 6455//6455 6454//6454
f 6466//6466 6454//6454 6465//6465
f 6467//6467 6456//6456 6455//6455
f 6467//6467 6457//6457 6456//6456
f 6467//6467 6455//6455 6466//6466
f 6468//6468 6457//6457 6467//6467
f 6469//6469 6458//6458 6457//6457
f 6469//6469 6457//6457 6468//6468
f 6470//6470 6459//6459 6458//6458
f 6470//6470 6460//6460 6459//6459
f 6470//6470 6458//6458 6469//6469
f 6471//6471 6460//6460 6470//6470
f 6472//6472 6460//6460 6471//6471
f 6472//6472 6461//6461 6460//6460
f 6473//6473 6461//6461 6472//6472
f 6473//6473 6462//6462 6461//6461
f 6473//6473 6463//6463 6462//6462
f 6464//6464 6463//6463 6473//6473
v -393.000000 -239.899994 194.500000
v -393.000000 -239.899994 188.364395
v -392.114380 -239.977478 194.500000
v -391.255707 -240.207565 194.500000
v -390.450012 -240.583267 194.500000
v -389.721771 -241.093170 194.500000
v -389.093170 -241.721786 194.500000
v -388.583282 -242.449997 194.500000
v -388.207581 -243.255692 194.500000
v -387.977478 -244.114395 194.500000
v -387.899994 -245.000000 194.500000
v -387.977478 -245.885605 194.500000
v -388.207581 -246.744308 194.500000
v -388.583282 -247.550003 194.500000
v -389.093170 -248.278214 194.500000
v -389.721771 -248.906830 194.500000
v -390.450012 -249.416733 194.500000
v -391.255707 -249.792435 194.500000
v -392.114380 -250.022522 194.500000
v -393.000000 -250.100006 194.500000
v -393.000000 -250.100006 188.364395
v -387.899994 -245.000000 188.364395
v -387.977478 -245.885605 188.364395
v -388.207581 -246.744308 188.364395
v -388.583282 -247.550003 188.364395
v -389.093170 -248.278214 188.364395
v -389.721771 -248.906830 188.364395
v -390.450012 -249.416733 188.364395
v -391.255707 -249.792435 188.364395
v -392.114380 -250.022522 188.364395
v -392.114380 -239.977478 188.364395
v -391.255707 -240.207565 188.364395
v -390.450012 -240.583267 188.364395
v -389.721771 -241.093170 188.364395
v -389.093170 -241.721786 188.364395
v -388.583282 -242.449997 188.364395
v -388.207581 -243.255692 188.364395
v -387.977478 -244.114395 188.364395
vn 0.000000 -1.000000 -0.000000
vn 0.000000 -1.000000 -0.000000
vn -0.173648 -0.984808 -0.000000
vn -0.342020 -0.939693 -0.000000
vn -0.500000 -0.866025 -0.000000
vn -0.642788 -0.766044 -0.000000
vn -0.766044 -0.642788 -0.000000
vn -0.866025 -0.500000 -0.000000
vn -0.939693 -0.342020 -0.000000
vn -0.984808 -0.173648 -0.000000
vn -1.000000 -0.000000 -0.000000
vn -0.984808 0.173648 -0.000000
vn -0.939693 0.342020 -0.000000
vn -0.866025 0.500000 -0.000000
vn -0.766044 0.642788 -0.000000
vn -0.642788 0.766044 -0.000000
vn -0.500000 0.866025 -0.000000
vn -0.342020 0.939693 -0.000000
vn -0.173648 0.984808 -0.000000
vn -0.000000 1.000000 -0.000000
vn -0.000000 1.000000 -0.000000
vn -1.000000 -0.000000 -0.000000
vn -0.984808 0.173648 -0.000000
vn -0.939693 0.342020 -0.000000
vn -0.866025 0.500000 -0.000000
vn -0.766044 0.642788 -0.000000
vn -0.642788 0.766044 -0.000000
vn -0.500000 0.866025 -0.000000
vn -0.342020 0.939693 -0.000000
vn -0.173648 0.984808 -0.000000
vn -0.173648 -0.984808 -0.000000
vn -0.342020 -0.939693 -0.000000
vn -0.500000 -0.866025 -0.000000
vn -0.642788 -0.766044 -0.000000
vn -0.766044 -0.642788 -0.000000
vn -0.866025 -0.500000 -0.000000
vn -0.939693 -0.342020 -0.000000
vn -0.984808 -0.173648 -0.000000
f 6512//6512 6482//6482 6483//6483
f 6512//6512 6484//6484 6482//6482
f 6513//6513 6485//6485 6484//6484
f 6513//6513 6484//6484 6512//6512
f 6514//6514 6486//6486 6485//6485
f 6514//6514 6485//6485 6513//6513
f 6515//6515 6487//6487 6486//6486
f 6515//6515 6486//6486 6514//6514
f 6516//6516 6488//6488 6487//6487
f 6516//6516 6489//6489 6488//6488
f 6516//6516 6487//6487 6515//6515
f 6517//6517 6489//6489 6516//6516
f 6518//6518 6490//6490 6489//6489
f 6518//6518 6489//6489 6517//6517
f 6519//6519 6491//6491 6490//6490
f 6519//6519 6492//6492 6491//6491
f 6519//6519 6490//6490 6518//6518
f 6503//6503 6492//6492 6519//6519
f 6504//6504 6493//6493 6492//6492
f 6504//6504 6494//6494 6493//6493
f 6504//6504 6492//6492 6503//6503
f 6505//6505 6494//6494 6504//6504
f 6506//6506 6495//6495 6494//6494
f 6506//6506 6494//6494 6505//6505
f 6507//6507 6496//6496 6495//6495
f 6507//6507 6495//6495 6506//6506
f 6508//6508 6497//6497 6496//6496
f 6508//6508 6496//6496 6507//6507
f 6509//6509 6497//6497 6508//6508
f 6509//6509 6498//6498 6497//6497
f 6510//6510 6498//6498 6509//6509
f 6510//6510 6499//6499 6498//6498
f 6510//6510 6500//6500 6499//6499
f 6511//6511 6500//6500 6510//6510
f 6502//6502 6500//6500 6511//6511
f 6502//6502 6501//6501 6500//6500
v -393.000000 -250.100006 194.500000
v -393.000000 -250.100006 188.364395
v -393.885620 -250.022522 194.500000
v -394.744293 -249.792435 194.500000
v -395.549988 -249.416733 194.500000
v -396.278229 -248.906830 194.500000
v -396.906830 -248.278214 194.500000
v -397.416718 -247.550003 194.500000
v -397.792419 -246.744308 194.500000
v -398.022522 -245.885605 194.500000
v -398.100006 -245.000000 194.500000
v -398.022522 -244.114395 194.500000
v -397.792419 -243.255692 194.500000
v -397.416718 -242.449997 194.500000
v -396.906830 -241.721786 194.500000
v -396.278229 -241.093170 194.500000
v -395.549988 -240.583267 194.500000
v -394.744293 -240.207565 194.500000
v -393.885620 -239.977478 194.500000
v -393.000000 -239.899994 194.500000
v -393.000000 -239.899994 188.364395
v -398.100006 -245.000000 188.364395
v -398.022522 -244.114395 188.364395
v -397.792419 -243.255692 188.364395
v -397.416718 -242.449997 188.364395
v -396.906830 -241.721786 188.364395
v -396.278229 -241.093170 188.364395
v -395.549988 -240.583267 188.364395
v -394.744293 -240.207565 188.364395
v -393.885620 -239.977478 188.364395
v -393.885620 -250.022522 188.364395
v -394.744293 -249.792435 188.364395
v -395.549988 -249.416733 188.364395
v -396.278229 -248.906830 188.364395
v -396.906830 -248.278214 188.364395
v -397.416718 -247.550003 188.364395
v -397.792419 -246.744308 188.364395
v -398.022522 -245.885605 188.364395
vn -0.000000 1.000000 0.000000
vn -0.000000 1.000000 0.000000
vn 0.173648 0.984808 0.000000
vn 0.342020 0.939693 0.000000
vn 0.500000 0.866025 0.000000
vn 0.642788 0.766044 0.000000
vn 0.766044 0.642788 0.000000
vn 0.866025 0.500000 0.000000
vn 0.939693 0.342020 0.000000
vn 0.984808 0.173648 0.000000
vn 1.000000 0.000000 0.000000
vn 0.984808 -0.173648 -0.000000
vn 0.939693 -0.342020 -0.000000
vn 0.866025 -0.500000 -0.000000
vn 0.766044 -0.642788 -0.000000
vn 0.642788 -0.766044 -0.000000
vn 0.500000 -0.866025 -0.000000
vn 0.342020 -0.939693 -0.000000
vn 0.173648 -0.984808 -0.000000
vn 0.000000 -1.000000 -0.000000
vn 0.000000 -1.000000 -0.000000
vn 1.000000 0.000000 0.000000
vn 0.984808 -0.173648 -0.000000
vn 0.939693 -0.342020 -0.000000
vn 0.866025 -0.500000 -0.000000
vn 0.766044 -0.642788 -0.000000
vn 0.642788 -0.766044 -0.000000
vn 0.500000 -0.866025 -0.000000
vn 0.342020 -0.939693 -0.000000
vn 0.173648 -0.984808 -0.000000
vn 0.173648 0.984808 0.000000
vn 0.342020 0.939693 0.000000
vn 0.500000 0.866025 0.000000
vn 0.642788 0.766044 0.000000
vn 0.766044 0.642788 0.000000
vn 0.866025 0.500000 0.000000
vn 0.939693 0.342020 0.000000
vn 0.984808 0.173648 0.000000
f 6550//6550 6520//6520 6521//6521
f 6550//6550 6522//6522 6520//6520
f 6551//6551 6523//6523 6522//6522
f 6551//6551 6522//6522 6550//6550
f 6552//6552 6524//6524 6523//6523
f 6552//6552 6523//6523 6551//6551
f 6553//6553 6525//6525 6524//6524
f 6553//6553 6524//6524 6552//6552
f 6554//6554 6526//6526 6525//6525
f 6554//6554 6525//6525 6553//6553
f 6555//6555 6527//6527 6526//6526
f 6555//6555 6526//6526 6554//6554
f 6556//6556 6528//6528 6527//6527
f 6556//6556 6527//6527 6555//6555
f 6557//6557 6529//6529 6528//6528
f 6557//6557 6530//6530 6529//6529
f 6557//6557 6528//6528 6556//6556
f 6541//6541 6530//6530 6557//6557
f 6542//6542 6531//6531 6530//6530
f 6542//6542 6530//6530 6541//6541
f 6543//6543 6532//6532 6531//6531
f 6543//6543 6533//6533 6532//6532
f 6543//6543 6531//6531 6542//6542
f 6544//6544 6533//6533 6543//6543
f 6545//6545 6534//6534 6533//6533
f 6545//6545 6533//6533 6544//6544
f 6546//6546 6535//6535 6534//6534
f 6546//6546 6536//6536 6535//6535
f 6546//6546 6534//6534 6545//6545
f 6547//6547 6536//6536 6546//6546
f 6548//6548 6536//6536 6547//6547
f 6548//6548 6537//6537 6536//6536
f 6549//6549 6537//6537 6548//6548
f 6549//6549 6538//6538 6537//6537
f 6549//6549 6539//6539 6538//6538
f 6540//6540 6539//6539 6549//6549
v -377.000000 -240.800003 79.000000
v -377.000000 -243.864395 73.900002
v -377.000000 -240.800003 79.000000
v -377.000000 -243.864395 84.099998
v -376.114380 -243.864395 84.022522
v -375.255707 -243.864395 83.792435
v -374.450012 -243.864395 83.416733
v -373.721771 -243.864395 82.906830
v -373.093170 -243.864395 82.278214
v -372.583282 -243.864395 81.550003
v -372.207581 -243.864395 80.744301
v -371.977478 -243.864395 79.885605
v -371.899994 -243.864395 79.000000
v -371.974945 -243.864395 78.128204
v -372.197876 -243.864395 77.282120
v -372.562225 -243.864395 76.486717
v -373.057220 -243.864395 75.765297
v -373.668152 -243.864395 75.138985
v -374.377045 -243.864395 74.626198
v -375.163116 -243.864395 74.242126
v -376.003357 -243.864395 73.998199
v -376.499268 -243.864395 73.924591
v -376.250580 -241.566101 77.968506
v -376.606018 -241.566101 77.787399
v -376.212006 -242.332199 76.574806
v -375.968506 -241.566101 78.250572
v -375.501160 -242.332199 76.937004
v -375.787415 -241.566101 78.606003
v -375.818024 -243.098297 75.362206
v -374.937012 -242.332199 77.501144
v -375.725006 -241.566101 79.000000
v -374.751709 -243.098297 75.905510
v -374.574799 -242.332199 78.212006
v -375.787415 -241.566101 79.393997
v -373.905518 -243.098297 76.751724
v -374.450012 -242.332199 79.000000
v -375.968506 -241.566101 79.749428
v -373.362213 -243.098297 77.818008
v -374.574799 -242.332199 79.787994
v -376.250580 -241.566101 80.031494
v -373.174988 -243.098297 79.000000
v -374.937012 -242.332199 80.498856
v -376.606018 -241.566101 80.212601
v -373.362213 -243.098297 80.181992
v -375.501160 -242.332199 81.062996
v -373.905518 -243.098297 81.248276
v -376.212006 -242.332199 81.425194
v -374.751709 -243.098297 82.094490
v -375.818024 -243.098297 82.637794
vn -0.340752 -0.876228 0.340752
vn 0.000000 -0.857167 0.515038
vn -0.340752 -0.876228 -0.340752
vn -0.000000 -0.857167 -0.515038
vn -0.089435 -0.857167 -0.507213
vn -0.176153 -0.857167 -0.483977
vn -0.257519 -0.857167 -0.446036
vn -0.331060 -0.857167 -0.394542
vn -0.394542 -0.857167 -0.331060
vn -0.446036 -0.857167 -0.257519
vn -0.483977 -0.857167 -0.176153
vn -0.507213 -0.857167 -0.089435
vn -0.515038 -0.857167 0.000000
vn -0.507459 -0.857167 0.088032
vn -0.484945 -0.857167 0.173473
vn -0.448158 -0.857167 0.253809
vn -0.398181 -0.857167 0.326674
vn -0.336485 -0.857167 0.389925
vn -0.264887 -0.857167 0.441700
vn -0.185492 -0.857167 0.480476
vn -0.100638 -0.857167 0.505110
vn -0.050563 -0.857167 0.512550
vn -0.302732 -0.857167 0.416675
vn -0.159156 -0.857167 0.489830
vn -0.159156 -0.857167 0.489830
vn -0.416675 -0.857167 0.302732
vn -0.302732 -0.857167 0.416675
vn -0.489830 -0.857167 0.159156
vn -0.159156 -0.857167 0.489830
vn -0.416675 -0.857167 0.302732
vn -0.515038 -0.857167 -0.000000
vn -0.302732 -0.857167 0.416675
vn -0.489830 -0.857167 0.159156
vn -0.489830 -0.857167 -0.159156
vn -0.416675 -0.857167 0.302732
vn -0.515038 -0.857167 -0.000000
vn -0.416675 -0.857167 -0.302732
vn -0.489830 -0.857167 0.159156
vn -0.489830 -0.857167 -0.159156
vn -0.302732 -0.857167 -0.416675
vn -0.515038 -0.857167 -0.000000
vn -0.416675 -0.857167 -0.302732
vn -0.159156 -0.857167 -0.489830
vn -0.489830 -0.857167 -0.159156
vn -0.302732 -0.857167 -0.416675
vn -0.416675 -0.857167 -0.302732
vn -0.159156 -0.857167 -0.489830
vn -0.302732 -0.857167 -0.416675
vn -0.159156 -0.857167 -0.489830
f 6580//6580 6558//6558 6581//6581
f 6582//6582 6558//6558 6559//6559
f 6582//6582 6581//6581 6558//6558
f 6583//6583 6558//6558 6580//6580
f 6584//6584 6581//6581 6582//6582
f 6584//6584 6580//6580 6581//6581
f 6585//6585 6558//6558 6583//6583
f 6586//6586 6577//6577 6576//6576
f 6586//6586 6578//6578 6577//6577
f 6586//6586 6579//6579 6578//6578
f 6586//6586 6559//6559 6579//6579
f 6586//6586 6582//6582 6559//6559
f 6587//6587 6580//6580 6584//6584
f 6587//6587 6583//6583 6580//6580
f 6588//6588 6560//6560 6558//6558
f 6588//6588 6558//6558 6585//6585
f 6589//6589 6576//6576 6575//6575
f 6589//6589 6584//6584 6582//6582
f 6589//6589 6582//6582 6586//6586
f 6589//6589 6586//6586 6576//6576
f 6590//6590 6588//6588 6585//6585
f 6590//6590 6583//6583 6587//6587
f 6590//6590 6585//6585 6583//6583
f 6591//6591 6560//6560 6588//6588
f 6592//6592 6574//6574 6573//6573
f 6592//6592 6575//6575 6574//6574
f 6592//6592 6589//6589 6575//6575
f 6592//6592 6584//6584 6589//6589
f 6592//6592 6587//6587 6584//6584
f 6593//6593 6588//6588 6590//6590
f 6594//6594 6560//6560 6591//6591
f 6595//6595 6572//6572 6571//6571
f 6595//6595 6573//6573 6572//6572
f 6595//6595 6592//6592 6573//6573
f 6595//6595 6590//6590 6587//6587
f 6595//6595 6587//6587 6592//6592
f 6596//6596 6591//6591 6588//6588
f 6596//6596 6588//6588 6593//6593
f 6597//6597 6560//6560 6594//6594
f 6598//6598 6570//6570 6569//6569
f 6598//6598 6571//6571 6570//6570
f 6598//6598 6595//6595 6571//6571
f 6598//6598 6593//6593 6590//6590
f 6598//6598 6590//6590 6595//6595
f 6599//6599 6594//6594 6591//6591
f 6599//6599 6591//6591 6596//6596
f 6599//6599 6597//6597 6594//6594
f 6600//6600 6560//6560 6597//6597
f 6601//6601 6568//6568 6567//6567
f 6601//6601 6569//6569 6568//6568
f 6601//6601 6598//6598 6569//6569
f 6601//6601 6596//6596 6593//6593
f 6601//6601 6593//6593 6598//6598
f 6601//6601 6599//6599 6596//6596
f 6602//6602 6600//6600 6597//6597
f 6602//6602 6597//6597 6599//6599
f 6603//6603 6599//6599 6601//6601
f 6603//6603 6566//6566 6565//6565
f 6603//6603 6567//6567 6566//6566
f 6603//6603 6601//6601 6567//6567
f 6604//6604 6600//6600 6602//6602
f 6604//6604 6561//6561 6560//6560
f 6604//6604 6560//6560 6600//6600
f 6605//6605 6565//6565 6564//6564
f 6605//6605 6599//6599 6603//6603
f 6605//6605 6603//6603 6565//6565
f 6605//6605 6604//6604 6602//6602
f 6605//6605 6602//6602 6599//6599
f 6606//6606 6562//6562 6561//6561
f 6606//6606 6563//6563 6562//6562
f 6606//6606 6564//6564 6563//6563
f 6606//6606 6604//6604 6605//6605
f 6606//6606 6605//6605 6564//6564
f 6606//6606 6561//6561 6604//6604
v -377.000000 -240.800003 79.000000
v -377.000000 -243.864395 84.099998
v -377.000000 -240.800003 79.000000
v -377.000000 -243.864395 73.900002
v -377.885620 -243.864395 73.977478
v -378.744293 -243.864395 74.207565
v -379.549988 -243.864395 74.583267
v -380.278229 -243.864395 75.093170
v -380.906830 -243.864395 75.721786
v -381.416718 -243.864395 76.449997
v -381.792419 -243.864395 77.255699
v -382.022522 -243.864395 78.114395
v -382.100006 -243.864395 79.000000
v -382.022522 -243.864395 79.885605
v -381.792419 -243.864395 80.744301
v -381.416718 -243.864395 81.550003
v -380.906830 -243.864395 82.278214
v -380.278229 -243.864395 82.906830
v -379.549988 -243.864395 83.416733
v -378.744293 -243.864395 83.792435
v -377.885620 -243.864395 84.022522
v -377.749420 -241.566101 80.031494
v -377.393982 -241.566101 80.212601
v -377.787994 -242.332199 81.425194
v -378.031494 -241.566101 79.749428
v -378.498840 -242.332199 81.062996
v -378.212585 -241.566101 79.393997
v -378.181976 -243.098297 82.637794
v -379.062988 -242.332199 80.498856
v -378.274994 -241.566101 79.000000
v -379.248291 -243.098297 82.094490
v -379.425201 -242.332199 79.787994
v -378.212585 -241.566101 78.606003
v -380.094482 -243.098297 81.248276
v -379.549988 -242.332199 79.000000
v -378.031494 -241.566101 78.250572
v -380.637787 -243.098297 80.181992
v -379.425201 -242.332199 78.212006
v -377.749420 -241.566101 77.968506
v -380.825012 -243.098297 79.000000
v -379.062988 -242.332199 77.501144
v -377.393982 -241.566101 77.787399
v -380.637787 -243.098297 77.818008
v -378.498840 -242.332199 76.937004
v -380.094482 -243.098297 76.751724
v -377.787994 -242.332199 76.574806
v -379.248291 -243.098297 75.905510
v -378.181976 -243.098297 75.362206
vn 0.340752 -0.876228 -0.340752
vn -0.000000 -0.857167 -0.515038
vn 0.340752 -0.876228 0.340752
vn 0.000000 -0.857167 0.515038
vn 0.089435 -0.857167 0.507213
vn 0.176153 -0.857167 0.483977
vn 0.257519 -0.857167 0.446036
vn 0.331060 -0.857167 0.394542
vn 0.394542 -0.857167 0.331060
vn 0.446036 -0.857167 0.257519
vn 0.483977 -0.857167 0.176153
vn 0.507213 -0.857167 0.089435
vn 0.515038 -0.857167 -0.000000
vn 0.507213 -0.857167 -0.089435
vn 0.483977 -0.857167 -0.176153
vn 0.446036 -0.857167 -0.257519
vn 0.394542 -0.857167 -0.331060
vn 0.331060 -0.857167 -0.394542
vn 0.257519 -0.857167 -0.446036
vn 0.176153 -0.857167 -0.483977
vn 0.089435 -0.857167 -0.507213
vn 0.302732 -0.857167 -0.416675
vn 0.159156 -0.857167 -0.489830
vn 0.159156 -0.857167 -0.489830
vn 0.416675 -0.857167 -0.302732
vn 0.302732 -0.857167 -0.416675
vn 0.489830 -0.857167 -0.159156
vn 0.159156 -0.857167 -0.489830
vn 0.416675 -0.857167 -0.302732
vn 0.515038 -0.857167 0.000000
vn 0.302732 -0.857167 -0.416675
vn 0.489830 -0.857167 -0.159156
vn 0.489830 -0.857167 0.159156
vn 0.416675 -0.857167 -0.302732
vn 0.515038 -0.857167 0.000000
vn 0.416675 -0.857167 0.302732
vn 0.489830 -0.857167 -0.159156
vn 0.489830 -0.857167 0.159156
vn 0.302732 -0.857167 0.416675
vn 0.515038 -0.857167 0.000000
vn 0.416675 -0.857167 0.302732
vn 0.159156 -0.857167 0.489830
vn 0.489830 -0.857167 0.159156
vn 0.302732 -0.857167 0.416675
vn 0.416675 -0.857167 0.302732
vn 0.159156 -0.857167 0.489830
vn 0.302732 -0.857167 0.416675
vn 0.159156 -0.857167 0.489830
f 6628//6628 6607//6607 6629//6629
f 6630//6630 6607//6607 6608//6608
f 6630//6630 6629//6629 6607//6607
f 6631//6631 6607//6607 6628//6628
f 6632//6632 6629//6629 6630//6630
f 6632//6632 6628//6628 6629//6629
f 6633//6633 6607//6607 6631//6631
f 6634//6634 6626//6626 6625//6625
f 6634//6634 6627//6627 6626//6626
f 6634//6634 6608//6608 6627//6627
f 6634//6634 6630//6630 6608//6608
f 6635//6635 6628//6628 6632//6632
f 6635//6635 6631//6631 6628//6628
f 6636//6636 6609//6609 6607//6607
f 6636//6636 6607//6607 6633//6633
f 6637//6637 6624//6624 6623//6623
f 6637//6637 6625//6625 6624//6624
f 6637//6637 6632//6632 6630//6630
f 6637//6637 6634//6634 6625//6625
f 6637//6637 6630//6630 6634//6634
f 6638//6638 6631//6631 6635//6635
f 6638//6638 6633//6633 6631//6631
f 6639//6639 6609//6609 6636//6636
f 6640//6640 6623//6623 6622//6622
f 6640//6640 6637//6637 6623//6623
f 6640//6640 6635//6635 6632//6632
f 6640//6640 6632//6632 6637//6637
f 6641//6641 6636//6636 6633//6633
f 6641//6641 6633//6633 6638//6638
f 6641//6641 6639//6639 6636//6636
f 6642//6642 6609//6609 6639//6639
f 6643//6643 6621//6621 6620//6620
f 6643//6643 6622//6622 6621//6621
f 6643//6643 6638//6638 6635//6635
f 6643//6643 6640//6640 6622//6622
f 6643//6643 6635//6635 6640//6640
f 6644//6644 6639//6639 6641//6641
f 6645//6645 6609//6609 6642//6642
f 6646//6646 6619//6619 6618//6618
f 6646//6646 6620//6620 6619//6619
f 6646//6646 6643//6643 6620//6620
f 6646//6646 6641//6641 6638//6638
f 6646//6646 6638//6638 6643//6643
f 6646//6646 6644//6644 6641//6641
f 6647//6647 6642//6642 6639//6639
f 6647//6647 6639//6639 6644//6644
f 6648//6648 6609//6609 6645//6645
f 6649//6649 6617//6617 6616//6616
f 6649//6649 6618//6618 6617//6617
f 6649//6649 6644//6644 6646//6646
f 6649//6649 6646//6646 6618//6618
f 6649//6649 6647//6647 6644//6644
f 6650//6650 6648//6648 6645//6645
f 6650//6650 6645//6645 6642//6642
f 6650//6650 6642//6642 6647//6647
f 6651//6651 6647//6647 6649//6649
f 6651//6651 6615//6615 6614//6614
f 6651//6651 6616//6616 6615//6615
f 6651//6651 6649//6649 6616//6616
f 6652//6652 6610//6610 6609//6609
f 6652//6652 6609//6609 6648//6648
f 6652//6652 6648//6648 6650//6650
f 6653//6653 6647//6647 6651//6651
f 6653//6653 6614//6614 6613//6613
f 6653//6653 6651//6651 6614//6614
f 6653//6653 6650//6650 6647//6647
f 6654//6654 6611//6611 6610//6610
f 6654//6654 6612//6612 6611//6611
f 6654//6654 6613//6613 6612//6612
f 6654//6654 6652//6652 6650//6650
f 6654//6654 6650//6650 6653//6653
f 6654//6654 6610//6610 6652//6652
f 6654//6654 6653//6653 6613//6613
v -377.000000 -240.800003 139.000000
v -377.000000 -243.864395 133.899994
v -377.000000 -240.800003 139.000000
v -377.000000 -243.864395 144.100006
v -376.114380 -243.864395 144.022522
v -375.255707 -243.864395 143.792435
v -374.450012 -243.864395 143.416733
v -373.721771 -243.864395 142.906830
v -373.093170 -243.864395 142.278214
v -372.583282 -243.864395 141.550003
v -372.207581 -243.864395 140.744308
v -371.977478 -243.864395 139.885605
v -371.899994 -243.864395 139.000000
v -371.977478 -243.864395 138.114395
v -372.207581 -243.864395 137.255692
v -372.583282 -243.864395 136.449997
v -373.093170 -243.864395 135.721786
v -373.721771 -243.864395 135.093170
v -374.450012 -243.864395 134.583267
v -375.255707 -243.864395 134.207565
v -376.114380 -243.864395 133.977478
v -376.250580 -241.566101 137.968506
v -376.606018 -241.566101 137.787399
v -376.212006 -242.332199 136.574799
v -375.968506 -241.566101 138.250580
v -375.501160 -242.332199 136.937012
v -375.787415 -241.566101 138.606003
v -375.818024 -243.098297 135.362213
v -374.937012 -242.332199 137.501144
v -375.725006 -241.566101 139.000000
v -374.751709 -243.098297 135.905518
v -374.574799 -242.332199 138.212006
v -375.787415 -241.566101 139.393997
v -373.905518 -243.098297 136.751724
v -374.450012 -242.332199 139.000000
v -375.968506 -241.566101 139.749420
v -373.362213 -243.098297 137.818008
v -374.574799 -242.332199 139.787994
v -376.250580 -241.566101 140.031494
v -373.174988 -243.098297 139.000000
v -374.937012 -242.332199 140.498856
v -376.606018 -241.566101 140.212601
v -373.362213 -243.098297 140.181992
v -375.501160 -242.332199 141.062988
v -373.905518 -243.098297 141.248276
v -376.212006 -242.332199 141.425201
v -374.751709 -243.098297 142.094482
v -375.818024 -243.098297 142.637787
vn -0.340752 -0.876228 0.340752
vn 0.000000 -0.857167 0.515038
vn -0.340752 -0.876228 -0.340752
vn -0.000000 -0.857167 -0.515038
vn -0.089435 -0.857167 -0.507213
vn -0.176153 -0.857167 -0.483977
vn -0.257519 -0.857167 -0.446036
vn -0.331060 -0.857167 -0.394542
vn -0.394542 -0.857167 -0.331060
vn -0.446036 -0.857167 -0.257519
vn -0.483977 -0.857167 -0.176153
vn -0.507213 -0.857167 -0.089435
vn -0.515038 -0.857167 0.000000
vn -0.507213 -0.857167 0.089435
vn -0.483977 -0.857167 0.176153
vn -0.446036 -0.857167 0.257519
vn -0.394542 -0.857167 0.331060
vn -0.331060 -0.857167 0.394542
vn -0.257519 -0.857167 0.446036
vn -0.176153 -0.857167 0.483977
vn -0.089435 -0.857167 0.507213
vn -0.302732 -0.857167 0.416675
vn -0.159156 -0.857167 0.489830
vn -0.159156 -0.857167 0.489830
vn -0.416675 -0.857167 0.302732
vn -0.302732 -0.857167 0.416675
vn -0.489830 -0.857167 0.159156
vn -0.159156 -0.857167 0.489830
vn -0.416675 -0.857167 0.302732
vn -0.515038 -0.857167 -0.000000
vn -0.302732 -0.857167 0.416675
vn -0.489830 -0.857167 0.159156
vn -0.489830 -0.857167 -0.159156
vn -0.416675 -0.857167 0.302732
vn -0.515038 -0.857167 -0.000000
vn -0.416675 -0.857167 -0.302732
vn -0.489830 -0.857167 0.159156
vn -0.489830 -0.857167 -0.159156
vn -0.302732 -0.857167 -0.416675
vn -0.515038 -0.857167 -0.000000
vn -0.416675 -0.857167 -0.302732
vn -0.159156 -0.857167 -0.489830
vn -0.489830 -0.857167 -0.159156
vn -0.302732 -0.857167 -0.416675
vn -0.416675 -0.857167 -0.302732
vn -0.159156 -0.857167 -0.489830
vn -0.302732 -0.857167 -0.416675
vn -0.159156 -0.857167 -0.489830
f 6676//6676 6655//6655 6677//6677
f 6678//6678 6655//6655 6656//6656
f 6678//6678 6677//6677 6655//6655
f 6679//6679 6655//6655 6676//6676
f 6680//6680 6679//6679 6676//6676
f 6680//6680 6677//6677 6678//6678
f 6680//6680 6676//6676 6677//6677
f 6681//6681 6655//6655 6679//6679
f 6682//6682 6674//6674 6673//6673
f 6682//6682 6675//6675 6674//6674
f 6682//6682 6656//6656 6675//6675
f 6682//6682 6678//6678 6656//6656
f 6683//6683 6679//6679 6680//6680
f 6684//6684 6657//6657 6655//6655
f 6684//6684 6655//6655 6681//6681
f 6685//6685 6672//6672 6671//6671
f 6685//6685 6673//6673 6672//6672
f 6685//6685 6680//6680 6678//6678
f 6685//6685 6682//6682 6673//6673
f 6685//6685 6678//6678 6682//6682
f 6686//6686 6679//6679 6683//6683
f 6686//6686 6681//6681 6679//6679
f 6687//6687 6657//6657 6684//6684
f 6688//6688 6671//6671 6670//6670
f 6688//6688 6685//6685 6671//6671
f 6688//6688 6683//6683 6680//6680
f 6688//6688 6680//6680 6685//6685
f 6689//6689 6684//6684 6681//6681
f 6689//6689 6681//6681 6686//6686
f 6690//6690 6657//6657 6687//6687
f 6691//6691 6669//6669 6668//6668
f 6691//6691 6670//6670 6669//6669
f 6691//6691 6686//6686 6683//6683
f 6691//6691 6688//6688 6670//6670
f 6691//6691 6683//6683 6688//6688
f 6692//6692 6684//6684 6689//6689
f 6692//6692 6687//6687 6684//6684
f 6693//6693 6657//6657 6690//6690
f 6694//6694 6667//6667 6666//6666
f 6694//6694 6668//6668 6667//6667
f 6694//6694 6692//6692 6689//6689
f 6694//6694 6691//6691 6668//6668
f 6694//6694 6689//6689 6686//6686
f 6694//6694 6686//6686 6691//6691
f 6695//6695 6690//6690 6687//6687
f 6695//6695 6687//6687 6692//6692
f 6695//6695 6693//6693 6690//6690
f 6696//6696 6657//6657 6693//6693
f 6697//6697 6665//6665 6664//6664
f 6697//6697 6666//6666 6665//6665
f 6697//6697 6694//6694 6666//6666
f 6697//6697 6692//6692 6694//6694
f 6698//6698 6693//6693 6695//6695
f 6699//6699 6692//6692 6697//6697
f 6699//6699 6663//6663 6662//6662
f 6699//6699 6664//6664 6663//6663
f 6699//6699 6697//6697 6664//6664
f 6699//6699 6698//6698 6695//6695
f 6699//6699 6695//6695 6692//6692
f 6700//6700 6696//6696 6693//6693
f 6700//6700 6693//6693 6698//6698
f 6700//6700 6658//6658 6657//6657
f 6700//6700 6657//6657 6696//6696
f 6701//6701 6700//6700 6698//6698
f 6701//6701 6662//6662 6661//6661
f 6701//6701 6699//6699 6662//6662
f 6701//6701 6698//6698 6699//6699
f 6702//6702 6659//6659 6658//6658
f 6702//6702 6660//6660 6659//6659
f 6702//6702 6661//6661 6660//6660
f 6702//6702 6658//6658 6700//6700
f 6702//6702 6701//6701 6661//6661
f 6702//6702 6700//6700 6701//6701
v -377.000000 -240.800003 139.000000
v -377.000000 -243.864395 144.100006
v -377.000000 -240.800003 139.000000
v -377.000000 -243.864395 133.899994
v -377.885620 -243.864395 133.977478
v -378.744293 -243.864395 134.207565
v -379.549988 -243.864395 134.583267
v -380.278229 -243.864395 135.093170
v -380.906830 -243.864395 135.721786
v -381.416718 -243.864395 136.449997
v -381.792419 -243.864395 137.255692
v -382.022522 -243.864395 138.114395
v -382.100006 -243.864395 139.000000
v -382.022522 -243.864395 139.885605
v -381.792419 -243.864395 140.744308
v -381.416718 -243.864395 141.550003
v -380.906830 -243.864395 142.278214
v -380.278229 -243.864395 142.906830
v -379.549988 -243.864395 143.416733
v -378.744293 -243.864395 143.792435
v -377.885620 -243.864395 144.022522
v -377.749420 -241.566101 140.031494
v -377.393982 -241.566101 140.212601
v -377.787994 -242.332199 141.425201
v -378.031494 -241.566101 139.749420
v -378.498840 -242.332199 141.062988
v -378.212585 -241.566101 139.393997
v -378.181976 -243.098297 142.637787
v -379.062988 -242.332199 140.498856
v -378.274994 -241.566101 139.000000
v -379.248291 -243.098297 142.094482
v -379.425201 -242.332199 139.787994
v -378.212585 -241.566101 138.606003
v -380.094482 -243.098297 141.248276
v -379.549988 -242.332199 139.000000
v -378.031494 -241.566101 138.250580
v -380.637787 -243.098297 140.181992
v -379.425201 -242.332199 138.212006
v -377.749420 -241.566101 137.968506
v -380.825012 -243.098297 139.000000
v -379.062988 -242.332199 137.501144
v -377.393982 -241.566101 137.787399
v -380.637787 -243.098297 137.818008
v -378.498840 -242.332199 136.937012
v -380.094482 -243.098297 136.751724
v -377.787994 -242.332199 136.574799
v -379.248291 -243.098297 135.905518
v -378.181976 -243.098297 135.362213
vn 0.340752 -0.876228 -0.340752
vn -0.000000 -0.857167 -0.515038
vn 0.340752 -0.876228 0.340752
vn 0.000000 -0.857167 0.515038
vn 0.089435 -0.857167 0.507213
vn 0.176153 -0.857167 0.483977
vn 0.257519 -0.857167 0.446036
vn 0.331060 -0.857167 0.394542
vn 0.394542 -0.857167 0.331060
vn 0.446036 -0.857167 0.257519
vn 0.483977 -0.857167 0.176153
vn 0.507213 -0.857167 0.089435
vn 0.515038 -0.857167 -0.000000
vn 0.507213 -0.857167 -0.089435
vn 0.483977 -0.857167 -0.176153
vn 0.446036 -0.857167 -0.257519
vn 0.394542 -0.857167 -0.331060
vn 0.331060 -0.857167 -0.394542
vn 0.257519 -0.857167 -0.446036
vn 0.176153 -0.857167 -0.483977
vn 0.089435 -0.857167 -0.507213
vn 0.302732 -0.857167 -0.416675
vn 0.159156 -0.857167 -0.489830
vn 0.159156 -0.857167 -0.489830
vn 0.416675 -0.857167 -0.302732
vn 0.302732 -0.857167 -0.416675
vn 0.489830 -0.857167 -0.159156
vn 0.159156 -0.857167 -0.489830
vn 0.416675 -0.857167 -0.302732
vn 0.515038 -0.857167 0.000000
vn 0.302732 -0.857167 -0.416675
vn 0.489830 -0.857167 -0.159156
vn 0.489830 -0.857167 0.159156
vn 0.416675 -0.857167 -0.302732
vn 0.515038 -0.857167 0.000000
vn 0.416675 -0.857167 0.302732
vn 0.489830 -0.857167 -0.159156
vn 0.489830 -0.857167 0.159156
vn 0.302732 -0.857167 0.416675
vn 0.515038 -0.857167 0.000000
vn 0.416675 -0.857167 0.302732
vn 0.159156 -0.857167 0.489830
vn 0.489830 -0.857167 0.159156
vn 0.302732 -0.857167 0.416675
vn 0.416675 -0.857167 0.302732
vn 0.159156 -0.857167 0.489830
vn 0.302732 -0.857167 0.416675
vn 0.159156 -0.857167 0.489830
f 6724//6724 6703//6703 6725//6725
f 6726//6726 6703//6703 6704//6704
f 6726//6726 6725//6725 6703//6703
f 6727//6727 6703//6703 6724//6724
f 6728//6728 6725//6725 6726//6726
f 6728//6728 6724//6724 6725//6725
f 6729//6729 6703//6703 6727//6727
f 6730//6730 6722//6722 6721//6721
f 6730//6730 6723//6723 6722//6722
f 6730//6730 6704//6704 6723//6723
f 6730//6730 6726//6726 6704//6704
f 6731//6731 6724//6724 6728//6728
f 6731//6731 6727//6727 6724//6724
f 6732//6732 6705//6705 6703//6703
f 6732//6732 6703//6703 6729//6729
f 6733//6733 6720//6720 6719//6719
f 6733//6733 6721//6721 6720//6720
f 6733//6733 6728//6728 6726//6726
f 6733//6733 6730//6730 6721//6721
f 6733//6733 6726//6726 6730//6730
f 6734//6734 6727//6727 6731//6731
f 6734//6734 6729//6729 6727//6727
f 6735//6735 6705//6705 6732//6732
f 6736//6736 6719//6719 6718//6718
f 6736//6736 6733//6733 6719//6719
f 6736//6736 6731//6731 6728//6728
f 6736//6736 6728//6728 6733//6733
f 6737//6737 6732//6732 6729//6729
f 6737//6737 6729//6729 6734//6734
f 6738//6738 6705//6705 6735//6735
f 6739//6739 6717//6717 6716//6716
f 6739//6739 6718//6718 6717//6717
f 6739//6739 6734//6734 6731//6731
f 6739//6739 6736//6736 6718//6718
f 6739//6739 6731//6731 6736//6736
f 6740//6740 6732//6732 6737//6737
f 6740//6740 6735//6735 6732//6732
f 6741//6741 6705//6705 6738//6738
f 6742//6742 6715//6715 6714//6714
f 6742//6742 6716//6716 6715//6715
f 6742//6742 6740//6740 6737//6737
f 6742//6742 6739//6739 6716//6716
f 6742//6742 6737//6737 6734//6734
f 6742//6742 6734//6734 6739//6739
f 6743//6743 6738//6738 6735//6735
f 6743//6743 6735//6735 6740//6740
f 6743//6743 6741//6741 6738//6738
f 6744//6744 6705//6705 6741//6741
f 6745//6745 6713//6713 6712//6712
f 6745//6745 6714//6714 6713//6713
f 6745//6745 6742//6742 6714//6714
f 6745//6745 6740//6740 6742//6742
f 6746//6746 6741//6741 6743//6743
f 6747//6747 6740//6740 6745//6745
f 6747//6747 6711//6711 6710//6710
f 6747//6747 6712//6712 6711//6711
f 6747//6747 6745//6745 6712//6712
f 6747//6747 6743//6743 6740//6740
f 6748//6748 6744//6744 6741//6741
f 6748//6748 6741//6741 6746//6746
f 6748//6748 6706//6706 6705//6705
f 6748//6748 6705//6705 6744//6744
f 6749//6749 6710//6710 6709//6709
f 6749//6749 6743//6743 6747//6747
f 6749//6749 6747//6747 6710//6710
f 6749//6749 6746//6746 6743//6743
f 6750//6750 6707//6707 6706//6706
f 6750//6750 6708//6708 6707//6707
f 6750//6750 6748//6748 6746//6746
f 6750//6750 6709//6709 6708//6708
f 6750//6750 6706//6706 6748//6748
f 6750//6750 6749//6749 6709//6709
f 6750//6750 6746//6746 6749//6749
v -371.000000 245.000000 185.300003
v -371.000000 239.899994 188.364395
v -371.000000 245.000000 185.300003
v -371.000000 250.100006 188.364395
v -370.114380 250.022522 188.364395
v -369.255707 249.792435 188.364395
v -368.450012 249.416733 188.364395
v -367.721771 248.906830 188.364395
v -367.093170 248.278214 188.364395
v -366.583282 247.550003 188.364395
v -366.207581 246.744308 188.364395
v -365.977478 245.885605 188.364395
v -365.899994 245.000000 188.364395
v -365.977478 244.114395 188.364395
v -366.207581 243.255692 188.364395
v -366.583282 242.449997 188.364395
v -367.093170 241.721786 188.364395
v -367.721771 241.093170 188.364395
v -368.450012 240.583267 188.364395
v -369.255707 240.207565 188.364395
v -370.114380 239.977478 188.364395
v -370.250580 243.968506 186.066101
v -370.606018 243.787399 186.066101
v -370.212006 242.574799 186.832199
v -369.968506 244.250580 186.066101
v -369.501160 242.937012 186.832199
v -369.787415 244.606003 186.066101
v -369.818024 241.362213 187.598297
v -368.937012 243.501144 186.832199
v -369.725006 245.000000 186.066101
v -368.751709 241.905518 187.598297
v -368.574799 244.212006 186.832199
v -369.787415 245.393997 186.066101
v -367.905518 242.751724 187.598297
v -368.450012 245.000000 186.832199
v -369.968506 245.749420 186.066101
v -367.362213 243.818008 187.598297
v -368.574799 245.787994 186.832199
v -370.250580 246.031494 186.066101
v -367.174988 245.000000 187.598297
v -368.937012 246.498856 186.832199
v -370.606018 246.212601 186.066101
v -367.362213 246.181992 187.598297
v -369.501160 247.062988 186.832199
v -367.905518 247.248276 187.598297
v -370.212006 247.425201 186.832199
v -368.751709 248.094482 187.598297
v -369.818024 248.637787 187.598297
vn -0.340752 0.340752 0.876228
vn 0.000000 0.515038 0.857167
vn -0.340752 -0.340752 0.876228
vn -0.000000 -0.515038 0.857167
vn -0.089435 -0.507213 0.857167
vn -0.176153 -0.483977 0.857167
vn -0.257519 -0.446036 0.857167
vn -0.331060 -0.394542 0.857167
vn -0.394542 -0.331060 0.857167
vn -0.446036 -0.257519 0.857167
vn -0.483977 -0.176153 0.857167
vn -0.507213 -0.089435 0.857167
vn -0.515038 0.000000 0.857167
vn -0.507213 0.089435 0.857167
vn -0.483977 0.176153 0.857167
vn -0.446036 0.257519 0.857167
vn -0.394542 0.331060 0.857167
vn -0.331060 0.394542 0.857167
vn -0.257519 0.446036 0.857167
vn -0.176153 0.483977 0.857167
vn -0.089435 0.507213 0.857167
vn -0.302732 0.416675 0.857167
vn -0.159156 0.489830 0.857167
vn -0.159156 0.489830 0.857167
vn -0.416675 0.302732 0.857167
vn -0.302732 0.416675 0.857167
vn -0.489830 0.159156 0.857167
vn -0.159156 0.489830 0.857167
vn -0.416675 0.302732 0.857167
vn -0.515038 -0.000000 0.857167
vn -0.302732 0.416675 0.857167
vn -0.489830 0.159156 0.857167
vn -0.489830 -0.159156 0.857167
vn -0.416675 0.302732 0.857167
vn -0.515038 -0.000000 0.857167
vn -0.416675 -0.302732 0.857167
vn -0.489830 0.159156 0.857167
vn -0.489830 -0.159156 0.857167
vn -0.302732 -0.416675 0.857167
vn -0.515038 -0.000000 0.857167
vn -0.416675 -0.302732 0.857167
vn -0.159156 -0.489830 0.857167
vn -0.489830 -0.159156 0.857167
vn -0.302732 -0.416675 0.857167
vn -0.416675 -0.302732 0.857167
vn -0.159156 -0.489830 0.857167
vn -0.302732 -0.416675 0.857167
vn -0.159156 -0.489830 0.857167
f 6772//6772 6751//6751 6773//6773
f 6774//6774 6751//6751 6752//6752
f 6774//6774 6773//6773 6751//6751
f 6775//6775 6751//6751 6772//6772
f 6776//6776 6775//6775 6772//6772
f 6776//6776 6773//6773 6774//6774
f 6776//6776 6772//6772 6773//6773
f 6777//6777 6751//6751 6775//6775
f 6778//6778 6770//6770 6769//6769
f 6778//6778 6771//6771 6770//6770
f 6778//6778 6752//6752 6771//6771
f 6778//6778 6774//6774 6752//6752
f 6779//6779 6775//6775 6776//6776
f 6780//6780 6753//6753 6751//6751
f 6780//6780 6751//6751 6777//6777
f 6781//6781 6768//6768 6767//6767
f 6781//6781 6769//6769 6768//6768
f 6781//6781 6776//6776 6774//6774
f 6781//6781 6778//6778 6769//6769
f 6781//6781 6774//6774 6778//6778
f 6782//6782 6775//6775 6779//6779
f 6782//6782 6777//6777 6775//6775
f 6783//6783 6753//6753 6780//6780
f 6784//6784 6767//6767 6766//6766
f 6784//6784 6781//6781 6767//6767
f 6784//6784 6779//6779 6776//6776
f 6784//6784 6776//6776 6781//6781
f 6785//6785 6780//6780 6777//6777
f 6785//6785 6777//6777 6782//6782
f 6786//6786 6753//6753 6783//6783
f 6787//6787 6765//6765 6764//6764
f 6787//6787 6766//6766 6765//6765
f 6787//6787 6782//6782 6779//6779
f 6787//6787 6784//6784 6766//6766
f 6787//6787 6779//6779 6784//6784
f 6788//6788 6780//6780 6785//6785
f 6788//6788 6783//6783 6780//6780
f 6789//6789 6753//6753 6786//6786
f 6790//6790 6763//6763 6762//6762
f 6790//6790 6764//6764 6763//6763
f 6790//6790 6788//6788 6785//6785
f 6790//6790 6787//6787 6764//6764
f 6790//6790 6785//6785 6782//6782
f 6790//6790 6782//6782 6787//6787
f 6791//6791 6786//6786 6783//6783
f 6791//6791 6783//6783 6788//6788
f 6791//6791 6789//6789 6786//6786
f 6792//6792 6753//6753 6789//6789
f 6793//6793 6761//6761 6760//6760
f 6793//6793 6762//6762 6761//6761
f 6793//6793 6790//6790 6762//6762
f 6793//6793 6788//6788 6790//6790
f 6794//6794 6789//6789 6791//6791
f 6795//6795 6788//6788 6793//6793
f 6795//6795 6759//6759 6758//6758
f 6795//6795 6760//6760 6759//6759
f 6795//6795 6793//6793 6760//6760
f 6795//6795 6794//6794 6791//6791
f 6795//6795 6791//6791 6788//6788
f 6796//6796 6792//6792 6789//6789
f 6796//6796 6789//6789 6794//6794
f 6796//6796 6754//6754 6753//6753
f 6796//6796 6753//6753 6792//6792
f 6797//6797 6796//6796 6794//6794
f 6797//6797 6758//6758 6757//6757
f 6797//6797 6795//6795 6758//6758
f 6797//6797 6794//6794 6795//6795
f 6798//6798 6755//6755 6754//6754
f 6798//6798 6756//6756 6755//6755
f 6798//6798 6757//6757 6756//6756
f 6798//6798 6754//6754 6796//6796
f 6798//6798 6797//6797 6757//6757
f 6798//6798 6796//6796 6797//6797
v -371.000000 245.000000 185.300003
v -371.000000 250.100006 188.364395
v -371.000000 245.000000 185.300003
v -371.000000 239.899994 188.364395
v -371.885620 239.977478 188.364395
v -372.744293 240.207565 188.364395
v -373.549988 240.583267 188.364395
v -374.278229 241.093170 188.364395
v -374.906830 241.721786 188.364395
v -375.416718 242.449997 188.364395
v -375.792419 243.255692 188.364395
v -376.022522 244.114395 188.364395
v -376.100006 245.000000 188.364395
v -376.022522 245.885605 188.364395
v -375.792419 246.744308 188.364395
v -375.416718 247.550003 188.364395
v -374.906830 248.278214 188.364395
v -374.278229 248.906830 188.364395
v -373.549988 249.416733 188.364395
v -372.744293 249.792435 188.364395
v -371.885620 250.022522 188.364395
v -371.749420 246.031494 186.066101
v -371.393982 246.212601 186.066101
v -371.787994 247.425201 186.832199
v -372.031494 245.749420 186.066101
v -372.498840 247.062988 186.832199
v -372.212585 245.393997 186.066101
v -372.181976 248.637787 187.598297
v -373.062988 246.498856 186.832199
v -372.274994 245.000000 186.066101
v -373.248291 248.094482 187.598297
v -373.425201 245.787994 186.832199
v -372.212585 244.606003 186.066101
v -374.094482 247.248276 187.598297
v -373.549988 245.000000 186.832199
v -372.031494 244.250580 186.066101
v -374.637787 246.181992 187.598297
v -373.425201 244.212006 186.832199
v -371.749420 243.968506 186.066101
v -374.825012 245.000000 187.598297
v -373.062988 243.501144 186.832199
v -371.393982 243.787399 186.066101
v -374.637787 243.818008 187.598297
v -372.498840 242.937012 186.832199
v -374.094482 242.751724 187.598297
v -371.787994 242.574799 186.832199
v -373.248291 241.905518 187.598297
v -372.181976 241.362213 187.598297
vn 0.340752 -0.340752 0.876228
vn -0.000000 -0.515038 0.857167
vn 0.340752 0.340752 0.876228
vn 0.000000 0.515038 0.857167
vn 0.089435 0.507213 0.857167
vn 0.176153 0.483977 0.857167
vn 0.257519 0.446036 0.857167
vn 0.331060 0.394542 0.857167
vn 0.394542 0.331060 0.857167
vn 0.446036 0.257519 0.857167
vn 0.483977 0.176153 0.857167
vn 0.507213 0.089435 0.857167
vn 0.515038 -0.000000 0.857167
vn 0.507213 -0.089435 0.857167
vn 0.483977 -0.176153 0.857167
vn 0.446036 -0.257519 0.857167
vn 0.394542 -0.331060 0.857167
vn 0.331060 -0.394542 0.857167
vn 0.257519 -0.446036 0.857167
vn 0.176153 -0.483977 0.857167
vn 0.089435 -0.507213 0.857167
vn 0.302732 -0.416675 0.857167
vn 0.159156 -0.489830 0.857167
vn 0.159156 -0.489830 0.857167
vn 0.416675 -0.302732 0.857167
vn 0.302732 -0.416675 0.857167
vn 0.489830 -0.159156 0.857167
vn 0.159156 -0.489830 0.857167
vn 0.416675 -0.302732 0.857167
vn 0.515038 0.000000 0.857167
vn 0.302732 -0.416675 0.857167
vn 0.489830 -0.159156 0.857167
vn 0.489830 0.159156 0.857167
vn 0.416675 -0.302732 0.857167
vn 0.515038 0.000000 0.857167
vn 0.416675 0.302732 0.857167
vn 0.489830 -0.159156 0.857167
vn 0.489830 0.159156 0.857167
vn 0.302732 0.416675 0.857167
vn 0.515038 0.000000 0.857167
vn 0.416675 0.302732 0.857167
vn 0.159156 0.489830 0.857167
vn 0.489830 0.159156 0.857167
vn 0.302732 0.416675 0.857167
vn 0.416675 0.302732 0.857167
vn 0.159156 0.489830 0.857167
vn 0.302732 0.416675 0.857167
vn 0.159156 0.489830 0.857167
f 6820//6820 6799//6799 6821//6821
f 6822//6822 6799//6799 6800//6800
f 6822//6822 6821//6821 6799//6799
f 6823//6823 6799//6799 6820//6820
f 6824//6824 6821//6821 6822//6822
f 6824//6824 6820//6820 6821//6821
f 6825//6825 6799//6799 6823//6823
f 6826//6826 6818//6818 6817//6817
f 6826//6826 6819//6819 6818//6818
f 6826//6826 6800//6800 6819//6819
f 6826//6826 6822//6822 6800//6800
f 6827//6827 6820//6820 6824//6824
f 6827//6827 6823//6823 6820//6820
f 6828//6828 6801//6801 6799//6799
f 6828//6828 6799//6799 6825//6825
f 6829//6829 6816//6816 6815//6815
f 6829//6829 6817//6817 6816//6816
f 6829//6829 6824//6824 6822//6822
f 6829//6829 6826//6826 6817//6817
f 6829//6829 6822//6822 6826//6826
f 6830//6830 6823//6823 6827//6827
f 6830//6830 6825//6825 6823//6823
f 6831//6831 6801//6801 6828//6828
f 6832//6832 6815//6815 6814//6814
f 6832//6832 6829//6829 6815//6815
f 6832//6832 6827//6827 6824//6824
f 6832//6832 6824//6824 6829//6829
f 6833//6833 6828//6828 6825//6825
f 6833//6833 6825//6825 6830//6830
f 6834//6834 6801//6801 6831//6831
f 6835//6835 6813//6813 6812//6812
f 6835//6835 6814//6814 6813//6813
f 6835//6835 6830//6830 6827//6827
f 6835//6835 6832//6832 6814//6814
f 6835//6835 6827//6827 6832//6832
f 6836//6836 6828//6828 6833//6833
f 6836//6836 6831//6831 6828//6828
f 6837//6837 6801//6801 6834//6834
f 6838//6838 6811//6811 6810//6810
f 6838//6838 6812//6812 6811//6811
f 6838//6838 6836//6836 6833//6833
f 6838//6838 6835//6835 6812//6812
f 6838//6838 6833//6833 6830//6830
f 6838//6838 6830//6830 6835//6835
f 6839//6839 6834//6834 6831//6831
f 6839//6839 6831//6831 6836//6836
f 6839//6839 6837//6837 6834//6834
f 6840//6840 6801//6801 6837//6837
f 6841//6841 6809//6809 6808//6808
f 6841//6841 6810//6810 6809//6809
f 6841//6841 6838//6838 6810//6810
f 6841//6841 6836//6836 6838//6838
f 6842//6842 6837//6837 6839//6839
f 6843//6843 6836//6836 6841//6841
f 6843//6843 6807//6807 6806//6806
f 6843//6843 6808//6808 6807//6807
f 6843//6843 6841//6841 6808//6808
f 6843//6843 6839//6839 6836//6836
f 6844//6844 6840//6840 6837//6837
f 6844//6844 6837//6837 6842//6842
f 6844//6844 6802//6802 6801//6801
f 6844//6844 6801//6801 6840//6840
f 6845//6845 6806//6806 6805//6805
f 6845//6845 6839//6839 6843//6843
f 6845//6845 6843//6843 6806//6806
f 6845//6845 6842//6842 6839//6839
f 6846//6846 6803//6803 6802//6802
f 6846//6846 6804//6804 6803//6803
f 6846//6846 6844//6844 6842//6842
f 6846//6846 6805//6805 6804//6804
f 6846//6846 6802//6802 6844//6844
f 6846//6846 6845//6845 6805//6805
f 6846//6846 6842//6842 6845//6845
v -393.000000 245.000000 185.300003
v -393.000000 239.899994 188.364395
v -393.000000 245.000000 185.300003
v -393.000000 250.100006 188.364395
v -392.114380 250.022522 188.364395
v -391.255707 249.792435 188.364395
v -390.450012 249.416733 188.364395
v -389.721771 248.906830 188.364395
v -389.093170 248.278214 188.364395
v -388.583282 247.550003 188.364395
v -388.207581 246.744308 188.364395
v -387.977478 245.885605 188.364395
v -387.899994 245.000000 188.364395
v -387.977478 244.114395 188.364395
v -388.207581 243.255692 188.364395
v -388.583282 242.449997 188.364395
v -389.093170 241.721786 188.364395
v -389.721771 241.093170 188.364395
v -390.450012 240.583267 188.364395
v -391.255707 240.207565 188.364395
v -392.114380 239.977478 188.364395
v -392.250580 243.968506 186.066101
v -392.606018 243.787399 186.066101
v -392.212006 242.574799 186.832199
v -391.968506 244.250580 186.066101
v -391.501160 242.937012 186.832199
v -391.787415 244.606003 186.066101
v -391.818024 241.362213 187.598297
v -390.937012 243.501144 186.832199
v -391.725006 245.000000 186.066101
v -390.751709 241.905518 187.598297
v -390.574799 244.212006 186.832199
v -391.787415 245.393997 186.066101
v -389.905518 242.751724 187.598297
v -390.450012 245.000000 186.832199
v -391.968506 245.749420 186.066101
v -389.362213 243.818008 187.598297
v -390.574799 245.787994 186.832199
v -392.250580 246.031494 186.066101
v -389.174988 245.000000 187.598297
v -390.937012 246.498856 186.832199
v -392.606018 246.212601 186.066101
v -389.362213 246.181992 187.598297
v -391.501160 247.062988 186.832199
v -389.905518 247.248276 187.598297
v -392.212006 247.425201 186.832199
v -390.751709 248.094482 187.598297
v -391.818024 248.637787 187.598297
vn -0.340752 0.340752 0.876228
vn 0.000000 0.515038 0.857167
vn -0.340752 -0.340752 0.876228
vn -0.000000 -0.515038 0.857167
vn -0.089435 -0.507213 0.857167
vn -0.176153 -0.483977 0.857167
vn -0.257519 -0.446036 0.857167
vn -0.331060 -0.394542 0.857167
vn -0.394542 -0.331060 0.857167
vn -0.446036 -0.257519 0.857167
vn -0.483977 -0.176153 0.857167
vn -0.507213 -0.089435 0.857167
vn -0.515038 0.000000 0.857167
vn -0.507213 0.089435 0.857167
vn -0.483977 0.176153 0.857167
vn -0.446036 0.257519 0.857167
vn -0.394542 0.331060 0.857167
vn -0.331060 0.394542 0.857167
vn -0.257519 0.446036 0.857167
vn -0.176153 0.483977 0.857167
vn -0.089435 0.507213 0.857167
vn -0.302732 0.416675 0.857167
vn -0.159156 0.489830 0.857167
vn -0.159156 0.489830 0.857167
vn -0.416675 0.302732 0.857167
vn -0.302732 0.416675 0.857167
vn -0.489830 0.159156 0.857167
vn -0.159156 0.489830 0.857167
vn -0.416675 0.302732 0.857167
vn -0.515038 -0.000000 0.857167
vn -0.302732 0.416675 0.857167
vn -0.489830 0.159156 0.857167
vn -0.489830 -0.159156 0.857167
vn -0.416675 0.302732 0.857167
vn -0.515038 -0.000000 0.857167
vn -0.416675 -0.302732 0.857167
vn -0.489830 0.159156 0.857167
vn -0.489830 -0.159156 0.857167
vn -0.302732 -0.416675 0.857167
vn -0.515038 -0.000000 0.857167
vn -0.416675 -0.302732 0.857167
vn -0.159156 -0.489830 0.857167
vn -0.489830 -0.159156 0.857167
vn -0.302732 -0.416675 0.857167
vn -0.416675 -0.302732 0.857167
vn -0.159156 -0.489830 0.857167
vn -0.302732 -0.416675 0.857167
vn -0.159156 -0.489830 0.857167
f 6868//6868 6847//6847 6869//6869
f 6870//6870 6847//6847 6848//6848
f 6870//6870 6869//6869 6847//6847
f 6871//6871 6847//6847 6868//6868
f 6872//6872 6871//6871 6868//6868
f 6872//6872 6869//6869 6870//6870
f 6872//6872 6868//6868 6869//6869
f 6873//6873 6847//6847 6871//6871
f 6874//6874 6866//6866 6865//6865
f 6874//6874 6867//6867 6866//6866
f 6874//6874 6848//6848 6867//6867
f 6874//6874 6870//6870 6848//6848
f 6875//6875 6871//6871 6872//6872
f 6876//6876 6849//6849 6847//6847
f 6876//6876 6847//6847 6873//6873
f 6877//6877 6864//6864 6863//6863
f 6877//6877 6865//6865 6864//6864
f 6877//6877 6872//6872 6870//6870
f 6877//6877 6874//6874 6865//6865
f 6877//6877 6870//6870 6874//6874
f 6878//6878 6871//6871 6875//6875
f 6878//6878 6873//6873 6871//6871
f 6879//6879 6849//6849 6876//6876
f 6880//6880 6863//6863 6862//6862
f 6880//6880 6877//6877 6863//6863
f 6880//6880 6875//6875 6872//6872
f 6880//6880 6872//6872 6877//6877
f 6881//6881 6876//6876 6873//6873
f 6881//6881 6873//6873 6878//6878
f 6882//6882 6849//6849 6879//6879
f 6883//6883 6861//6861 6860//6860
f 6883//6883 6862//6862 6861//6861
f 6883//6883 6878//6878 6875//6875
f 6883//6883 6880//6880 6862//6862
f 6883//6883 6875//6875 6880//6880
f 6884//6884 6876//6876 6881//6881
f 6884//6884 6879//6879 6876//6876
f 6885//6885 6849//6849 6882//6882
f 6886//6886 6859//6859 6858//6858
f 6886//6886 6860//6860 6859//6859
f 6886//6886 6884//6884 6881//6881
f 6886//6886 6883//6883 6860//6860
f 6886//6886 6881//6881 6878//6878
f 6886//6886 6878//6878 6883//6883
f 6887//6887 6882//6882 6879//6879
f 6887//6887 6879//6879 6884//6884
f 6887//6887 6885//6885 6882//6882
f 6888//6888 6849//6849 6885//6885
f 6889//6889 6857//6857 6856//6856
f 6889//6889 6858//6858 6857//6857
f 6889//6889 6886//6886 6858//6858
f 6889//6889 6884//6884 6886//6886
f 6890//6890 6885//6885 6887//6887
f 6891//6891 6884//6884 6889//6889
f 6891//6891 6855//6855 6854//6854
f 6891//6891 6856//6856 6855//6855
f 6891//6891 6889//6889 6856//6856
f 6891//6891 6890//6890 6887//6887
f 6891//6891 6887//6887 6884//6884
f 6892//6892 6888//6888 6885//6885
f 6892//6892 6885//6885 6890//6890
f 6892//6892 6850//6850 6849//6849
f 6892//6892 6849//6849 6888//6888
f 6893//6893 6892//6892 6890//6890
f 6893//6893 6854//6854 6853//6853
f 6893//6893 6891//6891 6854//6854
f 6893//6893 6890//6890 6891//6891
f 6894//6894 6851//6851 6850//6850
f 6894//6894 6852//6852 6851//6851
f 6894//6894 6853//6853 6852//6852
f 6894//6894 6850//6850 6892//6892
f 6894//6894 6893//6893 6853//6853
f 6894//6894 6892//6892 6893//6893
v -393.000000 245.000000 185.300003
v -393.000000 250.100006 188.364395
v -393.000000 245.000000 185.300003
v -393.000000 239.899994 188.364395
v -393.885620 239.977478 188.364395
v -394.744293 240.207565 188.364395
v -395.549988 240.583267 188.364395
v -396.278229 241.093170 188.364395
v -396.906830 241.721786 188.364395
v -397.416718 242.449997 188.364395
v -397.792419 243.255692 188.364395
v -398.022522 244.114395 188.364395
v -398.100006 245.000000 188.364395
v -398.022522 245.885605 188.364395
v -397.792419 246.744308 188.364395
v -397.416718 247.550003 188.364395
v -396.906830 248.278214 188.364395
v -396.278229 248.906830 188.364395
v -395.549988 249.416733 188.364395
v -394.744293 249.792435 188.364395
v -393.885620 250.022522 188.364395
v -393.749420 246.031494 186.066101
v -393.393982 246.212601 186.066101
v -393.787994 247.425201 186.832199
v -394.031494 245.749420 186.066101
v -394.498840 247.062988 186.832199
v -394.212585 245.393997 186.066101
v -394.181976 248.637787 187.598297
v -395.062988 246.498856 186.832199
v -394.274994 245.000000 186.066101
v -395.248291 248.094482 187.598297
v -395.425201 245.787994 186.832199
v -394.212585 244.606003 186.066101
v -396.094482 247.248276 187.598297
v -395.549988 245.000000 186.832199
v -394.031494 244.250580 186.066101
v -396.637787 246.181992 187.598297
v -395.425201 244.212006 186.832199
v -393.749420 243.968506 186.066101
v -396.825012 245.000000 187.598297
v -395.062988 243.501144 186.832199
v -393.393982 243.787399 186.066101
v -396.637787 243.818008 187.598297
v -394.498840 242.937012 186.832199
v -396.094482 242.751724 187.598297
v -393.787994 242.574799 186.832199
v -395.248291 241.905518 187.598297
v -394.181976 241.362213 187.598297
vn 0.340752 -0.340752 0.876228
vn -0.000000 -0.515038 0.857167
vn 0.340752 0.340752 0.876228
vn 0.000000 0.515038 0.857167
vn 0.089435 0.507213 0.857167
vn 0.176153 0.483977 0.857167
vn 0.257519 0.446036 0.857167
vn 0.331060 0.394542 0.857167
vn 0.394542 0.331060 0.857167
vn 0.446036 0.257519 0.857167
vn 0.483977 0.176153 0.857167
vn 0.507213 0.089435 0.857167
vn 0.515038 -0.000000 0.857167
vn 0.507213 -0.089435 0.857167
vn 0.483977 -0.176153 0.857167
vn 0.446036 -0.257519 0.857167
vn 0.394542 -0.331060 0.857167
vn 0.331060 -0.394542 0.857167
vn 0.257519 -0.446036 0.857167
vn 0.176153 -0.483977 0.857167
vn 0.089435 -0.507213 0.857167
vn 0.302732 -0.416675 0.857167
vn 0.159156 -0.489830 0.857167
vn 0.159156 -0.489830 0.857167
vn 0.416675 -0.302732 0.857167
vn 0.302732 -0.416675 0.857167
vn 0.489830 -0.159156 0.857167
vn 0.159156 -0.489830 0.857167
vn 0.416675 -0.302732 0.857167
vn 0.515038 0.000000 0.857167
vn 0.302732 -0.416675 0.857167
vn 0.489830 -0.159156 0.857167
vn 0.489830 0.159156 0.857167
vn 0.416675 -0.302732 0.857167
vn 0.515038 0.000000 0.857167
vn 0.416675 0.302732 0.857167
vn 0.489830 -0.159156 0.857167
vn 0.489830 0.159156 0.857167
vn 0.302732 0.416675 0.857167
vn 0.515038 0.000000 0.857167
vn 0.416675 0.302732 0.857167
vn 0.159156 0.489830 0.857167
vn 0.489830 0.159156 0.857167
vn 0.302732 0.416675 0.857167
vn 0.416675 0.302732 0.857167
vn 0.159156 0.489830 0.857167
vn 0.302732 0.416675 0.857167
vn 0.159156 0.489830 0.857167
f 6916//6916 6895//6895 6917//6917
f 6918//6918 6895//6895 6896//6896
f 6918//6918 6917//6917 6895//6895
f 6919//6919 6895//6895 6916//6916
f 6920//6920 6917//6917 6918//6918
f 6920//6920 6916//6916 6917//6917
f 6921//6921 6895//6895 6919//6919
f 6922//6922 6914//6914 6913//6913
f 6922//6922 6915//6915 6914//6914
f 6922//6922 6896//6896 6915//6915
f 6922//6922 6918//6918 6896//6896
f 6923//6923 6916//6916 6920//6920
f 6923//6923 6919//6919 6916//6916
f 6924//6924 6897//6897 6895//6895
f 6924//6924 6895//6895 6921//6921
f 6925//6925 6912//6912 6911//6911
f 6925//6925 6913//6913 6912//6912
f 6925//6925 6920//6920 6918//6918
f 6925//6925 6922//6922 6913//6913
f 6925//6925 6918//6918 6922//6922
f 6926//6926 6919//6919 6923//6923
f 6926//6926 6921//6921 6919//6919
f 6927//6927 6897//6897 6924//6924
f 6928//6928 6911//6911 6910//6910
f 6928//6928 6925//6925 6911//6911
f 6928//6928 6923//6923 6920//6920
f 6928//6928 6920//6920 6925//6925
f 6929//6929 6924//6924 6921//6921
f 6929//6929 6921//6921 6926//6926
f 6930//6930 6897//6897 6927//6927
f 6931//6931 6909//6909 6908//6908
f 6931//6931 6910//6910 6909//6909
f 6931//6931 6926//6926 6923//6923
f 6931//6931 6928//6928 6910//6910
f 6931//6931 6923//6923 6928//6928
f 6932//6932 6924//6924 6929//6929
f 6932//6932 6927//6927 6924//6924
f 6933//6933 6897//6897 6930//6930
f 6934//6934 6907//6907 6906//6906
f 6934//6934 6908//6908 6907//6907
f 6934//6934 6932//6932 6929//6929
f 6934//6934 6931//6931 6908//6908
f 6934//6934 6929//6929 6926//6926
f 6934//6934 6926//6926 6931//6931
f 6935//6935 6930//6930 6927//6927
f 6935//6935 6927//6927 6932//6932
f 6935//6935 6933//6933 6930//6930
f 6936//6936 6897//6897 6933//6933
f 6937//6937 6905//6905 6904//6904
f 6937//6937 6906//6906 6905//6905
f 6937//6937 6934//6934 6906//6906
f 6937//6937 6932//6932 6934//6934
f 6938//6938 6933//6933 6935//6935
f 6939//6939 6932//6932 6937//6937
f 6939//6939 6903//6903 6902//6902
f 6939//6939 6904//6904 6903//6903
f 6939//6939 6937//6937 6904//6904
f 6939//6939 6935//6935 6932//6932
f 6940//6940 6936//6936 6933//6933
f 6940//6940 6933//6933 6938//6938
f 6940//6940 6898//6898 6897//6897
f 6940//6940 6897//6897 6936//6936
f 6941//6941 6902//6902 6901//6901
f 6941//6941 6935//6935 6939//6939
f 6941//6941 6939//6939 6902//6902
f 6941//6941 6938//6938 6935//6935
f 6942//6942 6899//6899 6898//6898
f 6942//6942 6900//6900 6899//6899
f 6942//6942 6940//6940 6938//6938
f 6942//6942 6901//6901 6900//6900
f 6942//6942 6898//6898 6940//6940
f 6942//6942 6941//6941 6901//6901
f 6942//6942 6938//6938 6941//6941
v -371.000000 -245.000000 185.300003
v -371.000000 -250.100006 188.364395
v -371.000000 -245.000000 185.300003
v -371.000000 -239.899994 188.364395
v -370.114380 -239.977478 188.364395
v -369.255707 -240.207565 188.364395
v -368.450012 -240.583267 188.364395
v -367.721771 -241.093170 188.364395
v -367.093170 -241.721786 188.364395
v -366.583282 -242.449997 188.364395
v -366.207581 -243.255692 188.364395
v -365.977478 -244.114395 188.364395
v -365.899994 -245.000000 188.364395
v -365.977478 -245.885605 188.364395
v -366.207581 -246.744308 188.364395
v -366.583282 -247.550003 188.364395
v -367.093170 -248.278214 188.364395
v -367.721771 -248.906830 188.364395
v -368.450012 -249.416733 188.364395
v -369.255707 -249.792435 188.364395
v -370.114380 -250.022522 188.364395
v -370.250580 -246.031494 186.066101
v -370.606018 -246.212601 186.066101
v -370.212006 -247.425201 186.832199
v -369.968506 -245.749420 186.066101
v -369.501160 -247.062988 186.832199
v -369.787415 -245.393997 186.066101
v -369.818024 -248.637787 187.598297
v -368.937012 -246.498856 186.832199
v -369.725006 -245.000000 186.066101
v -368.751709 -248.094482 187.598297
v -368.574799 -245.787994 186.832199
v -369.787415 -244.606003 186.066101
v -367.905518 -247.248276 187.598297
v -368.450012 -245.000000 186.832199
v -369.968506 -244.250580 186.066101
v -367.362213 -246.181992 187.598297
v -368.574799 -244.212006 186.832199
v -370.250580 -243.968506 186.066101
v -367.174988 -245.000000 187.598297
v -368.937012 -243.501144 186.832199
v -370.606018 -243.787399 186.066101
v -367.362213 -243.818008 187.598297
v -369.501160 -242.937012 186.832199
v -367.905518 -242.751724 187.598297
v -370.212006 -242.574799 186.832199
v -368.751709 -241.905518 187.598297
v -369.818024 -241.362213 187.598297
vn -0.340752 0.340752 0.876228
vn 0.000000 0.515038 0.857167
vn -0.340752 -0.340752 0.876228
vn -0.000000 -0.515038 0.857167
vn -0.089435 -0.507213 0.857167
vn -0.176153 -0.483977 0.857167
vn -0.257519 -0.446036 0.857167
vn -0.331060 -0.394542 0.857167
vn -0.394542 -0.331060 0.857167
vn -0.446036 -0.257519 0.857167
vn -0.483977 -0.176153 0.857167
vn -0.507213 -0.089435 0.857167
vn -0.515038 0.000000 0.857167
vn -0.507213 0.089435 0.857167
vn -0.483977 0.176153 0.857167
vn -0.446036 0.257519 0.857167
vn -0.394542 0.331060 0.857167
vn -0.331060 0.394542 0.857167
vn -0.257519 0.446036 0.857167
vn -0.176153 0.483977 0.857167
vn -0.089435 0.507213 0.857167
vn -0.302732 0.416675 0.857167
vn -0.159156 0.489830 0.857167
vn -0.159156 0.489830 0.857167
vn -0.416675 0.302732 0.857167
vn -0.302732 0.416675 0.857167
vn -0.489830 0.159156 0.857167
vn -0.159156 0.489830 0.857167
vn -0.416675 0.302732 0.857167
vn -0.515038 -0.000000 0.857167
vn -0.302732 0.416675 0.857167
vn -0.489830 0.159156 0.857167
vn -0.489830 -0.159156 0.857167
vn -0.416675 0.302732 0.857167
vn -0.515038 -0.000000 0.857167
vn -0.416675 -0.302732 0.857167
vn -0.489830 0.159156 0.857167
vn -0.489830 -0.159156 0.857167
vn -0.302732 -0.416675 0.857167
vn -0.515038 -0.000000 0.857167
vn -0.416675 -0.302732 0.857167
vn -0.159156 -0.489830 0.857167
vn -0.489830 -0.159156 0.857167
vn -0.302732 -0.416675 0.857167
vn -0.416675 -0.302732 0.857167
vn -0.159156 -0.489830 0.857167
vn -0.302732 -0.416675 0.857167
vn -0.159156 -0.489830 0.857167
f 6964//6964 6943//6943 6965//6965
f 6966//6966 6943//6943 6944//6944
f 6966//6966 6965//6965 6943//6943
f 6967//6967 6943//6943 6964//6964
f 6968//6968 6967//6967 6964//6964
f 6968//6968 6965//6965 6966//6966
f 6968//6968 6964//6964 6965//6965
f 6969//6969 6943//6943 6967//6967
f 6970//6970 6962//6962 6961//6961
f 6970//6970 6963//6963 6962//6962
f 6970//6970 6944//6944 6963//6963
f 6970//6970 6966//6966 6944//6944
f 6971//6971 6967//6967 6968//6968
f 6972//6972 6945//6945 6943//6943
f 6972//6972 6943//6943 6969//6969
f 6973//6973 6960//6960 6959//6959
f 6973//6973 6961//6961 6960//6960
f 6973//6973 6968//6968 6966//6966
f 6973//6973 6970//6970 6961//6961
f 6973//6973 6966//6966 6970//6970
f 6974//6974 6967//6967 6971//6971
f 6974//6974 6969//6969 6967//6967
f 6975//6975 6945//6945 6972//6972
f 6976//6976 6959//6959 6958//6958
f 6976//6976 6973//6973 6959//6959
f 6976//6976 6971//6971 6968//6968
f 6976//6976 6968//6968 6973//6973
f 6977//6977 6972//6972 6969//6969
f 6977//6977 6969//6969 6974//6974
f 6978//6978 6945//6945 6975//6975
f 6979//6979 6957//6957 6956//6956
f 6979//6979 6958//6958 6957//6957
f 6979//6979 6974//6974 6971//6971
f 6979//6979 6976//6976 6958//6958
f 6979//6979 6971//6971 6976//6976
f 6980//6980 6972//6972 6977//6977
f 6980//6980 6975//6975 6972//6972
f 6981//6981 6945//6945 6978//6978
f 6982//6982 6955//6955 6954//6954
f 6982//6982 6956//6956 6955//6955
f 6982//6982 6980//6980 6977//6977
f 6982//6982 6979//6979 6956//6956
f 6982//6982 6977//6977 6974//6974
f 6982//6982 6974//6974 6979//6979
f 6983//6983 6978//6978 6975//6975
f 6983//6983 6975//6975 6980//6980
f 6983//6983 6981//6981 6978//6978
f 6984//6984 6945//6945 6981//6981
f 6985//6985 6953//6953 6952//6952
f 6985//6985 6954//6954 6953//6953
f 6985//6985 6982//6982 6954//6954
f 6985//6985 6980//6980 6982//6982
f 6986//6986 6981//6981 6983//6983
f 6987//6987 6980//6980 6985//6985
f 6987//6987 6951//6951 6950//6950
f 6987//6987 6952//6952 6951//6951
f 6987//6987 6985//6985 6952//6952
f 6987//6987 6986//6986 6983//6983
f 6987//6987 6983//6983 6980//6980
f 6988//6988 6984//6984 6981//6981
f 6988//6988 6981//6981 6986//6986
f 6988//6988 6946//6946 6945//6945
f 6988//6988 6945//6945 6984//6984
f 6989//6989 6988//6988 6986//6986
f 6989//6989 6950//6950 6949//6949
f 6989//6989 6987//6987 6950//6950
f 6989//6989 6986//6986 6987//6987
f 6990//6990 6947//6947 6946//6946
f 6990//6990 6948//6948 6947//6947
f 6990//6990 6949//6949 6948//6948
f 6990//6990 6946//6946 6988//6988
f 6990//6990 6989//6989 6949//6949
f 6990//6990 6988//6988 6989//6989
v -371.000000 -245.000000 185.300003
v -371.000000 -239.899994 188.364395
v -371.000000 -245.000000 185.300003
v -371.000000 -250.100006 188.364395
v -371.885620 -250.022522 188.364395
v -372.744293 -249.792435 188.364395
v -373.549988 -249.416733 188.364395
v -374.278229 -248.906830 188.364395
v -374.906830 -248.278214 188.364395
v -375.416718 -247.550003 188.364395
v -375.792419 -246.744308 188.364395
v -376.022522 -245.885605 188.364395
v -376.100006 -245.000000 188.364395
v -376.022522 -244.114395 188.364395
v -375.792419 -243.255692 188.364395
v -375.416718 -242.449997 188.364395
v -374.906830 -241.721786 188.364395
v -374.278229 -241.093170 188.364395
v -373.549988 -240.583267 188.364395
v -372.744293 -240.207565 188.364395
v -371.885620 -239.977478 188.364395
v -371.749420 -243.968506 186.066101
v -371.393982 -243.787399 186.066101
v -371.787994 -242.574799 186.832199
v -372.031494 -244.250580 186.066101
v -372.498840 -242.937012 186.832199
v -372.212585 -244.606003 186.066101
v -372.181976 -241.362213 187.598297
v -373.062988 -243.501144 186.832199
v -372.274994 -245.000000 186.066101
v -373.248291 -241.905518 187.598297
v -373.425201 -244.212006 186.832199
v -372.212585 -245.393997 186.066101
v -374.094482 -242.751724 187.598297
v -373.549988 -245.000000 186.832199
v -372.031494 -245.749420 186.066101
v -374.637787 -243.818008 187.598297
v -373.425201 -245.787994 186.832199
v -371.749420 -246.031494 186.066101
v -374.825012 -245.000000 187.598297
v -373.062988 -246.498856 186.832199
v -371.393982 -246.212601 186.066101
v -374.637787 -246.181992 187.598297
v -372.498840 -247.062988 186.832199
v -374.094482 -247.248276 187.598297
v -371.787994 -247.425201 186.832199
v -373.248291 -248.094482 187.598297
v -372.181976 -248.637787 187.598297
vn 0.340752 -0.340752 0.876228
vn -0.000000 -0.515038 0.857167
vn 0.340752 0.340752 0.876228
vn 0.000000 0.515038 0.857167
vn 0.089435 0.507213 0.857167
vn 0.176153 0.483977 0.857167
vn 0.257519 0.446036 0.857167
vn 0.331060 0.394542 0.857167
vn 0.394542 0.331060 0.857167
vn 0.446036 0.257519 0.857167
vn 0.483977 0.176153 0.857167
vn 0.507213 0.089435 0.857167
vn 0.515038 -0.000000 0.857167
vn 0.507213 -0.089435 0.857167
vn 0.483977 -0.176153 0.857167
vn 0.446036 -0.257519 0.857167
vn 0.394542 -0.331060 0.857167
vn 0.331060 -0.394542 0.857167
vn 0.257519 -0.446036 0.857167
vn 0.176153 -0.483977 0.857167
vn 0.089435 -0.507213 0.857167
vn 0.302732 -0.416675 0.857167
vn 0.159156 -0.489830 0.857167
vn 0.159156 -0.489830 0.857167
vn 0.416675 -0.302732 0.857167
vn 0.302732 -0.416675 0.857167
vn 0.489830 -0.159156 0.857167
vn 0.159156 -0.489830 0.857167
vn 0.416675 -0.302732 0.857167
vn 0.515038 0.000000 0.857167
vn 0.302732 -0.416675 0.857167
vn 0.489830 -0.159156 0.857167
vn 0.489830 0.159156 0.857167
vn 0.416675 -0.302732 0.857167
vn 0.515038 0.000000 0.857167
vn 0.416675 0.302732 0.857167
vn 0.489830 -0.159156 0.857167
vn 0.489830 0.159156 0.857167
vn 0.302732 0.416675 0.857167
vn 0.515038 0.000000 0.857167
vn 0.416675 0.302732 0.857167
vn 0.159156 0.489830 0.857167
vn 0.489830 0.159156 0.857167
vn 0.302732 0.416675 0.857167
vn 0.416675 0.302732 0.857167
vn 0.159156 0.489830 0.857167
vn 0.302732 0.416675 0.857167
vn 0.159156 0.489830 0.857167
f 7012//7012 6991//6991 7013//7013
f 7014//7014 6991//6991 6992//6992
f 7014//7014 7013//7013 6991//6991
f 7015//7015 6991//6991 7012//7012
f 7016//7016 7013//7013 7014//7014
f 7016//7016 7012//7012 7013//7013
f 7017//7017 6991//6991 7015//7015
f 7018//7018 7010//7010 7009//7009
f 7018//7018 7011//7011 7010//7010
f 7018//7018 6992//6992 7011//7011
f 7018//7018 7014//7014 6992//6992
f 7019//7019 7012//7012 7016//7016
f 7019//7019 7015//7015 7012//7012
f 7020//7020 6993//6993 6991//6991
f 7020//7020 6991//6991 7017//7017
f 7021//7021 7008//7008 7007//7007
f 7021//7021 7009//7009 7008//7008
f 7021//7021 7016//7016 7014//7014
f 7021//7021 7018//7018 7009//7009
f 7021//7021 7014//7014 7018//7018
f 7022//7022 7015//7015 7019//7019
f 7022//7022 7017//7017 7015//7015
f 7023//7023 6993//6993 7020//7020
f 7024//7024 7007//7007 7006//7006
f 7024//7024 7021//7021 7007//7007
f 7024//7024 7019//7019 7016//7016
f 7024//7024 7016//7016 7021//7021
f 7025//7025 7020//7020 7017//7017
f 7025//7025 7017//7017 7022//7022
f 7026//7026 6993//6993 7023//7023
f 7027//7027 7005//7005 7004//7004
f 7027//7027 7006//7006 7005//7005
f 7027//7027 7022//7022 7019//7019
f 7027//7027 7024//7024 7006//7006
f 7027//7027 7019//7019 7024//7024
f 7028//7028 7020//7020 7025//7025
f 7028//7028 7023//7023 7020//7020
f 7029//7029 6993//6993 7026//7026
f 7030//7030 7003//7003 7002//7002
f 7030//7030 7004//7004 7003//7003
f 7030//7030 7028//7028 7025//7025
f 7030//7030 7027//7027 7004//7004
f 7030//7030 7025//7025 7022//7022
f 7030//7030 7022//7022 7027//7027
f 7031//7031 7026//7026 7023//7023
f 7031//7031 7023//7023 7028//7028
f 7031//7031 7029//7029 7026//7026
f 7032//7032 6993//6993 7029//7029
f 7033//7033 7001//7001 7000//7000
f 7033//7033 7002//7002 7001//7001
f 7033//7033 7030//7030 7002//7002
f 7033//7033 7028//7028 7030//7030
f 7034//7034 7029//7029 7031//7031
f 7035//7035 7028//7028 7033//7033
f 7035//7035 6999//6999 6998//6998
f 7035//7035 7000//7000 6999//6999
f 7035//7035 7033//7033 7000//7000
f 7035//7035 7031//7031 7028//7028
f 7036//7036 7032//7032 7029//7029
f 7036//7036 7029//7029 7034//7034
f 7036//7036 6994//6994 6993//6993
f 7036//7036 6993//6993 7032//7032
f 7037//7037 6998//6998 6997//6997
f 7037//7037 7031//7031 7035//7035
f 7037//7037 7035//7035 6998//6998
f 7037//7037 7034//7034 7031//7031
f 7038//7038 6995//6995 6994//6994
f 7038//7038 6996//6996 6995//6995
f 7038//7038 7036//7036 7034//7034
f 7038//7038 6997//6997 6996//6996
f 7038//7038 6994//6994 7036//7036
f 7038//7038 7037//7037 6997//6997
f 7038//7038 7034//7034 7037//7037
v -393.000000 -245.000000 185.300003
v -393.000000 -250.100006 188.364395
v -393.000000 -245.000000 185.300003
v -393.000000 -239.899994 188.364395
v -392.114380 -239.977478 188.364395
v -391.255707 -240.207565 188.364395
v -390.450012 -240.583267 188.364395
v -389.721771 -241.093170 188.364395
v -389.093170 -241.721786 188.364395
v -388.583282 -242.449997 188.364395
v -388.207581 -243.255692 188.364395
v -387.977478 -244.114395 188.364395
v -387.899994 -245.000000 188.364395
v -387.977478 -245.885605 188.364395
v -388.207581 -246.744308 188.364395
v -388.583282 -247.550003 188.364395
v -389.093170 -248.278214 188.364395
v -389.721771 -248.906830 188.364395
v -390.450012 -249.416733 188.364395
v -391.255707 -249.792435 188.364395
v -392.114380 -250.022522 188.364395
v -392.250580 -246.031494 186.066101
v -392.606018 -246.212601 186.066101
v -392.212006 -247.425201 186.832199
v -391.968506 -245.749420 186.066101
v -391.501160 -247.062988 186.832199
v -391.787415 -245.393997 186.066101
v -391.818024 -248.637787 187.598297
v -390.937012 -246.498856 186.832199
v -391.725006 -245.000000 186.066101
v -390.751709 -248.094482 187.598297
v -390.574799 -245.787994 186.832199
v -391.787415 -244.606003 186.066101
v -389.905518 -247.248276 187.598297
v -390.450012 -245.000000 186.832199
v -391.968506 -244.250580 186.066101
v -389.362213 -246.181992 187.598297
v -390.574799 -244.212006 186.832199
v -392.250580 -243.968506 186.066101
v -389.174988 -245.000000 187.598297
v -390.937012 -243.501144 186.832199
v -392.606018 -243.787399 186.066101
v -389.362213 -243.818008 187.598297
v -391.501160 -242.937012 186.832199
v -389.905518 -242.751724 187.598297
v -392.212006 -242.574799 186.832199
v -390.751709 -241.905518 187.598297
v -391.818024 -241.362213 187.598297
vn -0.340752 0.340752 0.876228
vn 0.000000 0.515038 0.857167
vn -0.340752 -0.340752 0.876228
vn -0.000000 -0.515038 0.857167
vn -0.089435 -0.507213 0.857167
vn -0.176153 -0.483977 0.857167
vn -0.257519 -0.446036 0.857167
vn -0.331060 -0.394542 0.857167
vn -0.394542 -0.331060 0.857167
vn -0.446036 -0.257519 0.857167
vn -0.483977 -0.176153 0.857167
vn -0.507213 -0.089435 0.857167
vn -0.515038 0.000000 0.857167
vn -0.507213 0.089435 0.857167
vn -0.483977 0.176153 0.857167
vn -0.446036 0.257519 0.857167
vn -0.394542 0.331060 0.857167
vn -0.331060 0.394542 0.857167
vn -0.257519 0.446036 0.857167
vn -0.176153 0.483977 0.857167
vn -0.089435 0.507213 0.857167
vn -0.302732 0.416675 0.857167
vn -0.159156 0.489830 0.857167
vn -0.159156 0.489830 0.857167
vn -0.416675 0.302732 0.857167
vn -0.302732 0.416675 0.857167
vn -0.489830 0.159156 0.857167
vn -0.159156 0.489830 0.857167
vn -0.416675 0.302732 0.857167
vn -0.515038 -0.000000 0.857167
vn -0.302732 0.416675 0.857167
vn -0.489830 0.159156 0.857167
vn -0.489830 -0.159156 0.857167
vn -0.416675 0.302732 0.857167
vn -0.515038 -0.000000 0.857167
vn -0.416675 -0.302732 0.857167
vn -0.489830 0.159156 0.857167
vn -0.489830 -0.159156 0.857167
vn -0.302732 -0.416675 0.857167
vn -0.515038 -0.000000 0.857167
vn -0.416675 -0.302732 0.857167
vn -0.159156 -0.489830 0.857167
vn -0.489830 -0.159156 0.857167
vn -0.302732 -0.416675 0.857167
vn -0.416675 -0.302732 0.857167
vn -0.159156 -0.489830 0.857167
vn -0.302732 -0.416675 0.857167
vn -0.159156 -0.489830 0.857167
f 7060//7060 7039//7039 7061//7061
f 7062//7062 7039//7039 7040//7040
f 7062//7062 7061//7061 7039//7039
f 7063//7063 7039//7039 7060//7060
f 7064//7064 7063//7063 7060//7060
f 7064//7064 7061//7061 7062//7062
f 7064//7064 7060//7060 7061//7061
f 7065//7065 7039//7039 7063//7063
f 7066//7066 7058//7058 7057//7057
f 7066//7066 7059//7059 7058//7058
f 7066//7066 7040//7040 7059//7059
f 7066//7066 7062//7062 7040//7040
f 7067//7067 7063//7063 7064//7064
f 7068//7068 7041//7041 7039//7039
f 7068//7068 7039//7039 7065//7065
f 7069//7069 7056//7056 7055//7055
f 7069//7069 7057//7057 7056//7056
f 7069//7069 7064//7064 7062//7062
f 7069//7069 7066//7066 7057//7057
f 7069//7069 7062//7062 7066//7066
f 7070//7070 7063//7063 7067//7067
f 7070//7070 7065//7065 7063//7063
f 7071//7071 7041//7041 7068//7068
f 7072//7072 7055//7055 7054//7054
f 7072//7072 7069//7069 7055//7055
f 7072//7072 7067//7067 7064//7064
f 7072//7072 7064//7064 7069//7069
f 7073//7073 7068//7068 7065//7065
f 7073//7073 7065//7065 7070//7070
f 7074//7074 7041//7041 7071//7071
f 7075//7075 7053//7053 7052//7052
f 7075//7075 7054//7054 7053//7053
f 7075//7075 7070//7070 7067//7067
f 7075//7075 7072//7072 7054//7054
f 7075//7075 7067//7067 7072//7072
f 7076//7076 7068//7068 7073//7073
f 7076//7076 7071//7071 7068//7068
f 7077//7077 7041//7041 7074//7074
f 7078//7078 7051//7051 7050//7050
f 7078//7078 7052//7052 7051//7051
f 7078//7078 7076//7076 7073//7073
f 7078//7078 7075//7075 7052//7052
f 7078//7078 7073//7073 7070//7070
f 7078//7078 7070//7070 7075//7075
f 7079//7079 7074//7074 7071//7071
f 7079//7079 7071//7071 7076//7076
f 7079//7079 7077//7077 7074//7074
f 7080//7080 7041//7041 7077//7077
f 7081//7081 7049//7049 7048//7048
f 7081//7081 7050//7050 7049//7049
f 7081//7081 7078//7078 7050//7050
f 7081//7081 7076//7076 7078//7078
f 7082//7082 7077//7077 7079//7079
f 7083//7083 7076//7076 7081//7081
f 7083//7083 7047//7047 7046//7046
f 7083//7083 7048//7048 7047//7047
f 7083//7083 7081//7081 7048//7048
f 7083//7083 7082//7082 7079//7079
f 7083//7083 7079//7079 7076//7076
f 7084//7084 7080//7080 7077//7077
f 7084//7084 7077//7077 7082//7082
f 7084//7084 7042//7042 7041//7041
f 7084//7084 7041//7041 7080//7080
f 7085//7085 7084//7084 7082//7082
f 7085//7085 7046//7046 7045//7045
f 7085//7085 7083//7083 7046//7046
f 7085//7085 7082//7082 7083//7083
f 7086//7086 7043//7043 7042//7042
f 7086//7086 7044//7044 7043//7043
f 7086//7086 7045//7045 7044//7044
f 7086//7086 7042//7042 7084//7084
f 7086//7086 7085//7085 7045//7045
f 7086//7086 7084//7084 7085//7085
v -393.000000 -245.000000 185.300003
v -393.000000 -239.899994 188.364395
v -393.000000 -245.000000 185.300003
v -393.000000 -250.100006 188.364395
v -393.885620 -250.022522 188.364395
v -394.744293 -249.792435 188.364395
v -395.549988 -249.416733 188.364395
v -396.278229 -248.906830 188.364395
v -396.906830 -248.278214 188.364395
v -397.416718 -247.550003 188.364395
v -397.792419 -246.744308 188.364395
v -398.022522 -245.885605 188.364395
v -398.100006 -245.000000 188.364395
v -398.022522 -244.114395 188.364395
v -397.792419 -243.255692 188.364395
v -397.416718 -242.449997 188.364395
v -396.906830 -241.721786 188.364395
v -396.278229 -241.093170 188.364395
v -395.549988 -240.583267 188.364395
v -394.744293 -240.207565 188.364395
v -393.885620 -239.977478 188.364395
v -393.749420 -243.968506 186.066101
v -393.393982 -243.787399 186.066101
v -393.787994 -242.574799 186.832199
v -394.031494 -244.250580 186.066101
v -394.498840 -242.937012 186.832199
v -394.212585 -244.606003 186.066101
v -394.181976 -241.362213 187.598297
v -395.062988 -243.501144 186.832199
v -394.274994 -245.000000 186.066101
v -395.248291 -241.905518 187.598297
v -395.425201 -244.212006 186.832199
v -394.212585 -245.393997 186.066101
v -396.094482 -242.751724 187.598297
v -395.549988 -245.000000 186.832199
v -394.031494 -245.749420 186.066101
v -396.637787 -243.818008 187.598297
v -395.425201 -245.787994 186.832199
v -393.749420 -246.031494 186.066101
v -396.825012 -245.000000 187.598297
v -395.062988 -246.498856 186.832199
v -393.393982 -246.212601 186.066101
v -396.637787 -246.181992 187.598297
v -394.498840 -247.062988 186.832199
v -396.094482 -247.248276 187.598297
v -393.787994 -247.425201 186.832199
v -395.248291 -248.094482 187.598297
v -394.181976 -248.637787 187.598297
vn 0.340752 -0.340752 0.876228
vn -0.000000 -0.515038 0.857167
vn 0.340752 0.340752 0.876228
vn 0.000000 0.515038 0.857167
vn 0.089435 0.507213 0.857167
vn 0.176153 0.483977 0.857167
vn 0.257519 0.446036 0.857167
vn 0.331060 0.394542 0.857167
vn 0.394542 0.331060 0.857167
vn 0.446036 0.257519 0.857167
vn 0.483977 0.176153 0.857167
vn 0.507213 0.089435 0.857167
vn 0.515038 -0.000000 0.857167
vn 0.507213 -0.089435 0.857167
vn 0.483977 -0.176153 0.857167
vn 0.446036 -0.257519 0.857167
vn 0.394542 -0.331060 0.857167
vn 0.331060 -0.394542 0.857167
vn 0.257519 -0.446036 0.857167
vn 0.176153 -0.483977 0.857167
vn 0.089435 -0.507213 0.857167
vn 0.302732 -0.416675 0.857167
vn 0.159156 -0.489830 0.857167
vn 0.159156 -0.489830 0.857167
vn 0.416675 -0.302732 0.857167
vn 0.302732 -0.416675 0.857167
vn 0.489830 -0.159156 0.857167
vn 0.159156 -0.489830 0.857167
vn 0.416675 -0.302732 0.857167
vn 0.515038 0.000000 0.857167
vn 0.302732 -0.416675 0.857167
vn 0.489830 -0.159156 0.857167
vn 0.489830 0.159156 0.857167
vn 0.416675 -0.302732 0.857167
vn 0.515038 0.000000 0.857167
vn 0.416675 0.302732 0.857167
vn 0.489830 -0.159156 0.857167
vn 0.489830 0.159156 0.857167
vn 0.302732 0.416675 0.857167
vn 0.515038 0.000000 0.857167
vn 0.416675 0.302732 0.857167
vn 0.159156 0.489830 0.857167
vn 0.489830 0.159156 0.857167
vn 0.302732 0.416675 0.857167
vn 0.416675 0.302732 0.857167
vn 0.159156 0.489830 0.857167
vn 0.302732 0.416675 0.857167
vn 0.159156 0.489830 0.857167
f 7108//7108 7087//7087 7109//7109
f 7110//7110 7087//7087 7088//7088
f 7110//7110 7109//7109 7087//7087
f 7111//7111 7087//7087 7108//7108
f 7112//7112 7109//7109 7110//7110
f 7112//7112 7108//7108 7109//7109
f 7113//7113 7087//7087 7111//7111
f 7114//7114 7106//7106 7105//7105
f 7114//7114 7107//7107 7106//7106
f 7114//7114 7088//7088 7107//7107
f 7114//7114 7110//7110 7088//7088
f 7115//7115 7108//7108 7112//7112
f 7115//7115 7111//7111 7108//7108
f 7116//7116 7089//7089 7087//7087
f 7116//7116 7087//7087 7113//7113
f 7117//7117 7104//7104 7103//7103
f 7117//7117 7105//7105 7104//7104
f 7117//7117 7112//7112 7110//7110
f 7117//7117 7114//7114 7105//7105
f 7117//7117 7110//7110 7114//7114
f 7118//7118 7111//7111 7115//7115
f 7118//7118 7113//7113 7111//7111
f 7119//7119 7089//7089 7116//7116
f 7120//7120 7103//7103 7102//7102
f 7120//7120 7117//7117 7103//7103
f 7120//7120 7115//7115 7112//7112
f 7120//7120 7112//7112 7117//7117
f 7121//7121 7116//7116 7113//7113
f 7121//7121 7113//7113 7118//7118
f 7122//7122 7089//7089 7119//7119
f 7123//7123 7101//7101 7100//7100
f 7123//7123 7102//7102 7101//7101
f 7123//7123 7118//7118 7115//7115
f 7123//7123 7120//7120 7102//7102
f 7123//7123 7115//7115 7120//7120
f 7124//7124 7116//7116 7121//7121
f 7124//7124 7119//7119 7116//7116
f 7125//7125 7089//7089 7122//7122
f 7126//7126 7099//7099 7098//7098
f 7126//7126 7100//7100 7099//7099
f 7126//7126 7124//7124 7121//7121
f 7126//7126 7123//7123 7100//7100
f 7126//7126 7121//7121 7118//7118
f 7126//7126 7118//7118 7123//7123
f 7127//7127 7122//7122 7119//7119
f 7127//7127 7119//7119 7124//7124
f 7127//7127 7125//7125 7122//7122
f 7128//7128 7089//7089 7125//7125
f 7129//7129 7097//7097 7096//7096
f 7129//7129 7098//7098 7097//7097
f 7129//7129 7126//7126 7098//7098
f 7129//7129 7124//7124 7126//7126
f 7130//7130 7125//7125 7127//7127
f 7131//7131 7124//7124 7129//7129
f 7131//7131 7095//7095 7094//7094
f 7131//7131 7096//7096 7095//7095
f 7131//7131 7129//7129 7096//7096
f 7131//7131 7127//7127 7124//7124
f 7132//7132 7128//7128 7125//7125
f 7132//7132 7125//7125 7130//7130
f 7132//7132 7090//7090 7089//7089
f 7132//7132 7089//7089 7128//7128
f 7133//7133 7094//7094 7093//7093
f 7133//7133 7127//7127 7131//7131
f 7133//7133 7131//7131 7094//7094
f 7133//7133 7130//7130 7127//7127
f 7134//7134 7091//7091 7090//7090
f 7134//7134 7092//7092 7091//7091
f 7134//7134 7132//7132 7130//7130
f 7134//7134 7093//7093 7092//7092
f 7134//7134 7090//7090 7132//7132
f 7134//7134 7133//7133 7093//7093
f 7134//7134 7130//7130 7133//7133
