# Exported by OpenCASCADE CAD Assistant [www.opencascade.com]
#  Vertices: 1263
#     Faces: 1182
mtllib J4.mtl
g 3D_J4_AllCATPart
usemtl mat_1
v 1371.500000 0.000000 2062.500000
v 1361.000000 0.000000 2062.500000
v 1371.500000 14.946904 2061.284424
v 1371.500000 29.500952 2057.669434
v 1371.500000 43.279613 2051.750488
v 1371.500000 55.920738 2043.682617
v 1371.500000 67.092072 2033.678101
v 1371.500000 76.500000 2022.000000
v 1368.000000 76.500000 2022.000000
v 1368.000000 79.751190 2016.861450
v 1368.000000 82.657738 2011.520508
v 1368.000000 85.207100 2006.000000
v 1361.000000 87.836494 1999.000000
v 1361.000000 14.416150 2061.369629
v 1361.000000 28.479990 2058.006592
v 1361.000000 41.847816 2052.492432
v 1361.000000 54.192944 2044.962524
v 1361.000000 65.213669 2035.600464
v 1361.000000 74.640656 2024.635376
v 1361.000000 82.243538 2012.334961
vn 0.000000 0.000000 1.000000
vn 0.000000 0.000000 1.000000
vn 0.000000 0.161588 0.986858
vn 0.000000 0.318929 0.947779
vn 0.000000 0.467888 0.883788
vn 0.000000 0.604549 0.796568
vn 0.000000 0.725320 0.688412
vn 0.000000 0.827027 0.562162
vn 0.000000 0.827027 0.562162
vn 0.000000 0.862175 0.506611
vn 0.000000 0.893597 0.448870
vn 0.000000 0.921158 0.389189
vn 0.000000 0.949584 0.313514
vn 0.000000 0.155850 0.987781
vn 0.000000 0.307892 0.951421
vn 0.000000 0.452409 0.891811
vn 0.000000 0.585870 0.810405
vn 0.000000 0.705013 0.709195
vn 0.000000 0.806926 0.590652
vn 0.000000 0.889119 0.457675
f 14//14 2//2 1//1
f 14//14 1//1 3//3
f 15//15 3//3 4//4
f 15//15 14//14 3//3
f 16//16 4//4 5//5
f 16//16 15//15 4//4
f 17//17 5//5 6//6
f 17//17 16//16 5//5
f 9//9 7//7 8//8
f 18//18 6//6 7//7
f 18//18 17//17 6//6
f 18//18 7//7 9//9
f 19//19 9//9 10//10
f 19//19 18//18 9//9
f 20//20 10//10 11//11
f 20//20 11//11 12//12
f 20//20 19//19 10//10
f 13//13 20//20 12//12
v 1371.500000 0.000000 2062.500000
v 1361.000000 0.000000 2062.500000
v 1361.000000 -87.836494 1999.000000
v 1361.000000 -82.243538 2012.334961
v 1361.000000 -74.640656 2024.635376
v 1361.000000 -65.213669 2035.600464
v 1361.000000 -54.192944 2044.962524
v 1361.000000 -41.847816 2052.492432
v 1361.000000 -28.479990 2058.006592
v 1361.000000 -14.416150 2061.369629
v 1368.000000 -85.207100 2006.000000
v 1368.000000 -82.657738 2011.520508
v 1368.000000 -79.751190 2016.861450
v 1368.000000 -76.500000 2022.000000
v 1371.500000 -76.500000 2022.000000
v 1371.500000 -67.092072 2033.678101
v 1371.500000 -55.920738 2043.682617
v 1371.500000 -43.279613 2051.750488
v 1371.500000 -29.500952 2057.669434
v 1371.500000 -14.946904 2061.284424
vn 0.000000 -0.000000 1.000000
vn 0.000000 0.000000 1.000000
vn 0.000000 -0.949584 0.313514
vn 0.000000 -0.889119 0.457675
vn 0.000000 -0.806926 0.590652
vn 0.000000 -0.705013 0.709195
vn 0.000000 -0.585870 0.810405
vn 0.000000 -0.452409 0.891811
vn 0.000000 -0.307892 0.951421
vn 0.000000 -0.155850 0.987781
vn 0.000000 -0.921158 0.389189
vn 0.000000 -0.893597 0.448870
vn 0.000000 -0.862175 0.506611
vn 0.000000 -0.827027 0.562162
vn 0.000000 -0.827027 0.562162
vn 0.000000 -0.725320 0.688412
vn 0.000000 -0.604549 0.796568
vn 0.000000 -0.467888 0.883788
vn 0.000000 -0.318929 0.947779
vn 0.000000 -0.161588 0.986858
f 36//36 34//34 35//35
f 24//24 23//23 31//31
f 24//24 31//31 32//32
f 24//24 32//32 33//33
f 25//25 33//33 34//34
f 25//25 24//24 33//33
f 26//26 36//36 37//37
f 26//26 34//34 36//36
f 26//26 25//25 34//34
f 27//27 37//37 38//38
f 27//27 26//26 37//37
f 28//28 38//38 39//39
f 28//28 27//27 38//38
f 29//29 39//39 40//40
f 29//29 28//28 39//39
f 30//30 40//40 21//21
f 30//30 29//29 40//40
f 22//22 30//30 21//21
v 1399.000000 0.000000 2055.000000
v 1371.500000 0.000000 2062.500000
v 1399.000000 14.760095 2053.708740
v 1399.000000 29.071712 2049.873779
v 1399.000000 42.500000 2043.612183
v 1399.000000 54.636948 2035.113770
v 1399.000000 65.113777 2024.636963
v 1399.000000 73.612160 2012.500000
v 1399.000000 79.873871 1999.071655
v 1399.000000 83.708656 1984.760132
v 1399.000000 85.000000 1970.000000
v 1399.000000 83.708656 1955.239868
v 1399.000000 79.873871 1940.928345
v 1399.000000 73.612160 1927.500000
v 1399.000000 65.113777 1915.363037
v 1399.000000 54.636948 1904.886230
v 1399.000000 42.500000 1896.387817
v 1399.000000 29.071712 1890.126099
v 1399.000000 14.760095 1886.291382
v 1399.000000 0.000000 1885.000000
v 1371.500000 0.000000 1877.500000
v 1371.500000 76.500000 1918.000000
v 1371.500000 67.092072 1906.321899
v 1371.500000 55.920738 1896.317383
v 1371.500000 43.279613 1888.249634
v 1371.500000 29.500952 1882.330444
v 1371.500000 14.946904 1878.715576
v 1392.000000 69.636124 1918.000000
v 1392.000000 69.636124 2022.000000
v 1392.000000 77.045418 2010.214355
v 1392.000000 82.477882 1997.396851
v 1392.000000 85.794136 1983.876465
v 1392.000000 86.909088 1970.000000
v 1392.000000 85.794136 1956.123535
v 1392.000000 82.477882 1942.603149
v 1392.000000 77.045418 1929.785645
v 1371.500000 76.500000 2022.000000
v 1371.500000 14.946904 2061.284424
v 1371.500000 29.500952 2057.669434
v 1371.500000 43.279613 2051.750488
v 1371.500000 55.920738 2043.682617
v 1371.500000 67.092072 2033.678101
vn 0.263117 0.000000 0.964764
vn 0.263117 0.000000 0.964764
vn 0.263117 0.167529 0.950107
vn 0.263117 0.329969 0.906581
vn 0.263117 0.482382 0.835510
vn 0.263117 0.620138 0.739052
vn 0.263117 0.739052 0.620138
vn 0.263117 0.835510 0.482382
vn 0.263117 0.906581 0.329969
vn 0.263117 0.950107 0.167529
vn 0.263117 0.964764 -0.000000
vn 0.263117 0.950107 -0.167529
vn 0.263117 0.906581 -0.329969
vn 0.263117 0.835510 -0.482382
vn 0.263117 0.739052 -0.620138
vn 0.263117 0.620138 -0.739052
vn 0.263117 0.482382 -0.835510
vn 0.263117 0.329969 -0.906581
vn 0.263117 0.167529 -0.950107
vn 0.263117 0.000000 -0.964764
vn 0.263117 -0.000000 -0.964764
vn 0.263117 0.797886 -0.542354
vn 0.263117 0.699762 -0.664155
vn 0.263117 0.583247 -0.768500
vn 0.263117 0.451401 -0.852647
vn 0.263117 0.307691 -0.914382
vn 0.263117 0.155894 -0.952085
vn 0.263117 0.773019 -0.577244
vn 0.263117 0.773019 0.577244
vn 0.263117 0.855269 0.446413
vn 0.263117 0.915574 0.304128
vn 0.263117 0.952387 0.154040
vn 0.263117 0.964764 -0.000000
vn 0.263117 0.952387 -0.154040
vn 0.263117 0.915574 -0.304128
vn 0.263117 0.855269 -0.446413
vn 0.263117 0.797886 0.542354
vn 0.263117 0.155894 0.952085
vn 0.263117 0.307691 0.914382
vn 0.263117 0.451401 0.852647
vn 0.263117 0.583247 0.768500
vn 0.263117 0.699762 0.664155
f 78//78 42//42 41//41
f 78//78 41//41 43//43
f 79//79 43//43 44//44
f 79//79 78//78 43//43
f 80//80 44//44 45//45
f 80//80 79//79 44//44
f 81//81 45//45 46//46
f 81//81 80//80 45//45
f 69//69 46//46 47//47
f 48//48 69//69 47//47
f 82//82 81//81 46//46
f 82//82 46//46 69//69
f 70//70 69//69 48//48
f 49//49 70//70 48//48
f 77//77 82//82 69//69
f 71//71 70//70 49//49
f 50//50 71//71 49//49
f 72//72 71//71 50//50
f 51//51 72//72 50//50
f 73//73 72//72 51//51
f 74//74 51//51 52//52
f 74//74 73//73 51//51
f 75//75 52//52 53//53
f 75//75 74//74 52//52
f 76//76 53//53 54//54
f 76//76 75//75 53//53
f 68//68 54//54 55//55
f 68//68 76//76 54//54
f 56//56 68//68 55//55
f 63//63 68//68 56//56
f 63//63 62//62 68//68
f 64//64 63//63 56//56
f 64//64 56//56 57//57
f 65//65 57//57 58//58
f 65//65 64//64 57//57
f 66//66 65//65 58//58
f 66//66 58//58 59//59
f 67//67 59//59 60//60
f 67//67 66//66 59//59
f 61//61 67//67 60//60
v 1371.500000 76.500000 2022.000000
v 1368.000000 76.500000 2022.000000
v 1392.000000 69.636124 2022.000000
v 1392.000000 93.000000 2022.000000
v 1368.000000 93.000000 2022.000000
vn 0.000000 0.000000 1.000000
vn 0.000000 0.000000 1.000000
vn 0.000000 0.000000 1.000000
vn 0.000000 0.000000 1.000000
vn 0.000000 0.000000 1.000000
f 87//87 84//84 83//83
f 86//86 83//83 85//85
f 86//86 87//87 83//83
v 1368.000000 76.500000 2022.000000
v 1368.000000 79.751190 2016.861450
v 1368.000000 82.657738 2011.520508
v 1368.000000 85.207100 2006.000000
v 1368.000000 93.000000 2022.000000
v 1368.000000 93.000000 2006.000000
vn -1.000000 0.000000 0.000000
vn -1.000000 0.000000 0.000000
vn -1.000000 0.000000 0.000000
vn -1.000000 0.000000 0.000000
vn -1.000000 0.000000 0.000000
vn -1.000000 0.000000 0.000000
f 93//93 91//91 90//90
f 92//92 89//89 88//88
f 92//92 90//90 89//89
f 92//92 93//93 90//90
v 1368.000000 85.207100 2006.000000
v 1361.000000 87.836494 1999.000000
v 1368.000000 93.000000 2006.000000
v 1361.000000 93.000000 1999.000000
vn -0.707107 0.000000 0.707107
vn -0.707107 0.000000 0.707107
vn -0.707107 0.000000 0.707107
vn -0.707107 0.000000 0.707107
f 96//96 95//95 94//94
f 96//96 97//97 95//95
v 1361.000000 93.000000 1941.000000
v 1361.000000 87.836494 1941.000000
v 1361.000000 93.000000 1999.000000
v 1361.000000 87.836494 1999.000000
v 1361.000000 0.000000 2062.500000
v 1361.000000 14.416150 2061.369629
v 1361.000000 28.479990 2058.006592
v 1361.000000 41.847816 2052.492432
v 1361.000000 54.192944 2044.962524
v 1361.000000 65.213669 2035.600464
v 1361.000000 74.640656 2024.635376
v 1361.000000 82.243538 2012.334961
v 1361.000000 -87.836494 1999.000000
v 1361.000000 -82.243538 2012.334961
v 1361.000000 -74.640656 2024.635376
v 1361.000000 -65.213669 2035.600464
v 1361.000000 -54.192944 2044.962524
v 1361.000000 -41.847816 2052.492432
v 1361.000000 -28.479990 2058.006592
v 1361.000000 -14.416150 2061.369629
v 1361.000000 -93.000000 1999.000000
v 1361.000000 -93.000000 1941.000000
v 1361.000000 -87.836494 1941.000000
v 1361.000000 -82.243538 1927.665039
v 1361.000000 -74.640656 1915.364624
v 1361.000000 -65.213669 1904.399536
v 1361.000000 -54.192944 1895.037476
v 1361.000000 -41.847816 1887.507568
v 1361.000000 -28.479990 1881.993530
v 1361.000000 -14.416150 1878.630249
v 1361.000000 -0.000000 1877.500000
v 1361.000000 14.416150 1878.630249
v 1361.000000 28.479990 1881.993530
v 1361.000000 41.847816 1887.507568
v 1361.000000 54.192944 1895.037476
v 1361.000000 65.213669 1904.399536
v 1361.000000 74.640656 1915.364624
v 1361.000000 82.243538 1927.665039
vn -1.000000 0.000000 -0.000000
vn -1.000000 0.000000 -0.000000
vn -1.000000 0.000000 -0.000000
vn -1.000000 0.000000 -0.000000
vn -1.000000 0.000000 -0.000000
vn -1.000000 0.000000 -0.000000
vn -1.000000 0.000000 -0.000000
vn -1.000000 0.000000 -0.000000
vn -1.000000 0.000000 -0.000000
vn -1.000000 0.000000 -0.000000
vn -1.000000 0.000000 -0.000000
vn -1.000000 0.000000 -0.000000
vn -1.000000 0.000000 -0.000000
vn -1.000000 0.000000 -0.000000
vn -1.000000 0.000000 -0.000000
vn -1.000000 0.000000 -0.000000
vn -1.000000 0.000000 -0.000000
vn -1.000000 0.000000 -0.000000
vn -1.000000 0.000000 -0.000000
vn -1.000000 0.000000 -0.000000
vn -1.000000 0.000000 -0.000000
vn -1.000000 0.000000 -0.000000
vn -1.000000 0.000000 -0.000000
vn -1.000000 0.000000 -0.000000
vn -1.000000 0.000000 -0.000000
vn -1.000000 0.000000 -0.000000
vn -1.000000 0.000000 -0.000000
vn -1.000000 0.000000 -0.000000
vn -1.000000 0.000000 -0.000000
vn -1.000000 0.000000 -0.000000
vn -1.000000 0.000000 -0.000000
vn -1.000000 0.000000 -0.000000
vn -1.000000 0.000000 -0.000000
vn -1.000000 0.000000 -0.000000
vn -1.000000 0.000000 -0.000000
vn -1.000000 0.000000 -0.000000
vn -1.000000 0.000000 -0.000000
vn -1.000000 0.000000 -0.000000
f 120//120 110//110 111//111
f 120//120 111//111 112//112
f 120//120 118//118 110//110
f 120//120 119//119 118//118
f 122//122 121//121 120//120
f 123//123 122//122 120//120
f 125//125 124//124 123//123
f 126//126 123//123 120//120
f 126//126 125//125 123//123
f 128//128 102//102 103//103
f 128//128 103//103 104//104
f 128//128 104//104 105//105
f 128//128 105//105 106//106
f 128//128 106//106 107//107
f 128//128 107//107 108//108
f 128//128 112//112 113//113
f 128//128 113//113 114//114
f 128//128 114//114 115//115
f 128//128 115//115 116//116
f 128//128 116//116 117//117
f 128//128 117//117 102//102
f 128//128 127//127 126//126
f 128//128 120//120 112//112
f 128//128 126//126 120//120
f 99//99 101//101 100//100
f 99//99 108//108 109//109
f 99//99 109//109 101//101
f 99//99 128//128 108//108
f 98//98 99//99 100//100
f 133//133 129//129 128//128
f 133//133 130//130 129//129
f 133//133 131//131 130//130
f 133//133 132//132 131//131
f 133//133 135//135 134//134
f 133//133 99//99 135//135
f 133//133 128//128 99//99
v 1361.000000 -87.836494 1999.000000
v 1368.000000 -85.207100 2006.000000
v 1361.000000 -93.000000 1999.000000
v 1368.000000 -93.000000 2006.000000
vn -0.707107 0.000000 0.707107
vn -0.707107 0.000000 0.707107
vn -0.707107 0.000000 0.707107
vn -0.707107 0.000000 0.707107
f 139//139 136//136 138//138
f 137//137 136//136 139//139
v 1368.000000 -85.207100 2006.000000
v 1368.000000 -82.657738 2011.520508
v 1368.000000 -79.751190 2016.861450
v 1368.000000 -76.500000 2022.000000
v 1368.000000 -93.000000 2006.000000
v 1368.000000 -93.000000 2022.000000
vn -1.000000 0.000000 0.000000
vn -1.000000 0.000000 0.000000
vn -1.000000 0.000000 0.000000
vn -1.000000 0.000000 0.000000
vn -1.000000 0.000000 0.000000
vn -1.000000 0.000000 0.000000
f 141//141 140//140 144//144
f 145//145 141//141 144//144
f 142//142 141//141 145//145
f 143//143 142//142 145//145
v 1371.500000 -76.500000 2022.000000
v 1368.000000 -76.500000 2022.000000
v 1368.000000 -93.000000 2022.000000
v 1392.000000 -93.000000 2022.000000
v 1392.000000 -69.636124 2022.000000
vn 0.000000 0.000000 1.000000
vn 0.000000 0.000000 1.000000
vn 0.000000 0.000000 1.000000
vn 0.000000 0.000000 1.000000
vn 0.000000 0.000000 1.000000
f 146//146 147//147 148//148
f 149//149 146//146 148//148
f 150//150 146//146 149//149
v 1399.000000 0.000000 1885.000000
v 1371.500000 0.000000 1877.500000
v 1399.000000 -14.760095 1886.291382
v 1399.000000 -29.071712 1890.126099
v 1399.000000 -42.500000 1896.387817
v 1399.000000 -54.636948 1904.886230
v 1399.000000 -65.113777 1915.363037
v 1399.000000 -73.612160 1927.500000
v 1399.000000 -79.873871 1940.928345
v 1399.000000 -83.708656 1955.239868
v 1399.000000 -85.000000 1970.000000
v 1399.000000 -83.708656 1984.760132
v 1399.000000 -79.873871 1999.071655
v 1399.000000 -73.612160 2012.500000
v 1399.000000 -65.113777 2024.636963
v 1399.000000 -54.636948 2035.113770
v 1399.000000 -42.500000 2043.612183
v 1399.000000 -29.071712 2049.873779
v 1399.000000 -14.760095 2053.708740
v 1399.000000 0.000000 2055.000000
v 1371.500000 0.000000 2062.500000
v 1371.500000 -76.500000 2022.000000
v 1371.500000 -67.092072 2033.678101
v 1371.500000 -55.920738 2043.682617
v 1371.500000 -43.279613 2051.750488
v 1371.500000 -29.500952 2057.669434
v 1371.500000 -14.946904 2061.284424
v 1392.000000 -69.636124 2022.000000
v 1392.000000 -69.636124 1918.000000
v 1392.000000 -77.045418 1929.785645
v 1392.000000 -82.477882 1942.603149
v 1392.000000 -85.794136 1956.123535
v 1392.000000 -86.909088 1970.000000
v 1392.000000 -85.794136 1983.876465
v 1392.000000 -82.477882 1997.396851
v 1392.000000 -77.045418 2010.214355
v 1371.500000 -76.500000 1918.000000
v 1371.500000 -14.946904 1878.715576
v 1371.500000 -29.500952 1882.330444
v 1371.500000 -43.279613 1888.249634
v 1371.500000 -55.920738 1896.317383
v 1371.500000 -67.092072 1906.321899
vn 0.263117 0.000000 -0.964764
vn 0.263117 0.000000 -0.964764
vn 0.263117 -0.167529 -0.950107
vn 0.263117 -0.329969 -0.906581
vn 0.263117 -0.482382 -0.835510
vn 0.263117 -0.620138 -0.739052
vn 0.263117 -0.739052 -0.620138
vn 0.263117 -0.835510 -0.482382
vn 0.263117 -0.906581 -0.329969
vn 0.263117 -0.950107 -0.167529
vn 0.263117 -0.964764 -0.000000
vn 0.263117 -0.950107 0.167529
vn 0.263117 -0.906581 0.329969
vn 0.263117 -0.835510 0.482382
vn 0.263117 -0.739052 0.620138
vn 0.263117 -0.620138 0.739052
vn 0.263117 -0.482382 0.835510
vn 0.263117 -0.329969 0.906581
vn 0.263117 -0.167529 0.950107
vn 0.263117 -0.000000 0.964764
vn 0.263117 -0.000000 0.964764
vn 0.263117 -0.797886 0.542354
vn 0.263117 -0.699762 0.664155
vn 0.263117 -0.583247 0.768500
vn 0.263117 -0.451401 0.852647
vn 0.263117 -0.307691 0.914382
vn 0.263117 -0.155894 0.952085
vn 0.263117 -0.773019 0.577244
vn 0.263117 -0.773019 -0.577244
vn 0.263117 -0.855269 -0.446413
vn 0.263117 -0.915574 -0.304128
vn 0.263117 -0.952387 -0.154040
vn 0.263117 -0.964764 -0.000000
vn 0.263117 -0.952387 0.154040
vn 0.263117 -0.915574 0.304128
vn 0.263117 -0.855269 0.446413
vn 0.263117 -0.797886 -0.542354
vn 0.263117 -0.155894 -0.952085
vn 0.263117 -0.307691 -0.914382
vn 0.263117 -0.451401 -0.852647
vn 0.263117 -0.583247 -0.768500
vn 0.263117 -0.699762 -0.664155
f 188//188 152//152 151//151
f 188//188 151//151 153//153
f 189//189 153//153 154//154
f 189//189 188//188 153//153
f 190//190 154//154 155//155
f 190//190 189//189 154//154
f 191//191 155//155 156//156
f 191//191 190//190 155//155
f 179//179 156//156 157//157
f 158//158 179//179 157//157
f 192//192 191//191 156//156
f 192//192 156//156 179//179
f 180//180 179//179 158//158
f 159//159 180//180 158//158
f 187//187 192//192 179//179
f 181//181 180//180 159//159
f 160//160 181//181 159//159
f 182//182 181//181 160//160
f 161//161 182//182 160//160
f 183//183 182//182 161//161
f 184//184 161//161 162//162
f 184//184 183//183 161//161
f 185//185 162//162 163//163
f 185//185 184//184 162//162
f 186//186 163//163 164//164
f 186//186 185//185 163//163
f 178//178 164//164 165//165
f 178//178 186//186 164//164
f 166//166 178//178 165//165
f 173//173 178//178 166//166
f 173//173 172//172 178//178
f 174//174 173//173 166//166
f 174//174 166//166 167//167
f 175//175 167//167 168//168
f 175//175 174//174 167//167
f 176//176 175//175 168//168
f 176//176 168//168 169//169
f 177//177 169//169 170//170
f 177//177 176//176 169//169
f 171//171 177//177 170//170
v 1399.000000 0.000000 2055.000000
v 1399.000000 14.760095 2053.708740
v 1399.000000 29.071712 2049.873779
v 1399.000000 42.500000 2043.612183
v 1399.000000 54.636948 2035.113770
v 1399.000000 65.113777 2024.636963
v 1399.000000 73.612160 2012.500000
v 1399.000000 79.873871 1999.071655
v 1399.000000 83.708656 1984.760132
v 1399.000000 85.000000 1970.000000
v 1399.000000 83.708656 1955.239868
v 1399.000000 79.873871 1940.928345
v 1399.000000 73.612160 1927.500000
v 1399.000000 65.113777 1915.363037
v 1399.000000 54.636948 1904.886230
v 1399.000000 42.500000 1896.387817
v 1399.000000 29.071712 1890.126099
v 1399.000000 14.760095 1886.291382
v 1399.000000 0.000000 1885.000000
v 1399.000000 -14.760095 1886.291382
v 1399.000000 -29.071712 1890.126099
v 1399.000000 -42.500000 1896.387817
v 1399.000000 -54.636948 1904.886230
v 1399.000000 -65.113777 1915.363037
v 1399.000000 -73.612160 1927.500000
v 1399.000000 -79.873871 1940.928345
v 1399.000000 -83.708656 1955.239868
v 1399.000000 -85.000000 1970.000000
v 1399.000000 -83.708656 1984.760132
v 1399.000000 -79.873871 1999.071655
v 1399.000000 -73.612160 2012.500000
v 1399.000000 -65.113777 2024.636963
v 1399.000000 -54.636948 2035.113770
v 1399.000000 -42.500000 2043.612183
v 1399.000000 -29.071712 2049.873779
v 1399.000000 -14.760095 2053.708740
v 1399.000000 -0.000000 1907.231812
v 1399.000000 -10.899571 1908.185425
v 1399.000000 -21.467966 1911.017212
v 1399.000000 -31.384066 1915.641235
v 1399.000000 -40.346577 1921.916870
v 1399.000000 -48.083179 1929.653442
v 1399.000000 -54.358795 1938.615967
v 1399.000000 -58.982750 1948.531982
v 1399.000000 -61.814545 1959.100464
v 1399.000000 -62.768131 1970.000000
v 1399.000000 -61.814545 1980.899536
v 1399.000000 -58.982750 1991.468018
v 1399.000000 -54.358795 2001.384033
v 1399.000000 -48.083179 2010.346558
v 1399.000000 -40.346577 2018.083130
v 1399.000000 -31.384066 2024.358765
v 1399.000000 -21.467966 2028.982788
v 1399.000000 -10.899571 2031.814575
v 1399.000000 0.000000 2032.768188
v 1399.000000 10.899571 2031.814575
v 1399.000000 21.467966 2028.982788
v 1399.000000 31.384066 2024.358765
v 1399.000000 40.346577 2018.083130
v 1399.000000 48.083179 2010.346558
v 1399.000000 54.358795 2001.384033
v 1399.000000 58.982750 1991.468018
v 1399.000000 61.814545 1980.899536
v 1399.000000 62.768131 1970.000000
v 1399.000000 61.814545 1959.100464
v 1399.000000 58.982750 1948.531982
v 1399.000000 54.358795 1938.615967
v 1399.000000 48.083179 1929.653442
v 1399.000000 40.346577 1921.916870
v 1399.000000 31.384066 1915.641235
v 1399.000000 21.467966 1911.017212
v 1399.000000 10.899571 1908.185425
vn 1.000000 -0.000000 -0.000000
vn 1.000000 -0.000000 -0.000000
vn 1.000000 -0.000000 -0.000000
vn 1.000000 -0.000000 -0.000000
vn 1.000000 -0.000000 -0.000000
vn 1.000000 -0.000000 -0.000000
vn 1.000000 -0.000000 -0.000000
vn 1.000000 -0.000000 -0.000000
vn 1.000000 -0.000000 -0.000000
vn 1.000000 -0.000000 -0.000000
vn 1.000000 -0.000000 -0.000000
vn 1.000000 -0.000000 -0.000000
vn 1.000000 -0.000000 -0.000000
vn 1.000000 -0.000000 -0.000000
vn 1.000000 -0.000000 -0.000000
vn 1.000000 -0.000000 -0.000000
vn 1.000000 -0.000000 -0.000000
vn 1.000000 -0.000000 -0.000000
vn 1.000000 -0.000000 -0.000000
vn 1.000000 -0.000000 -0.000000
vn 1.000000 -0.000000 -0.000000
vn 1.000000 -0.000000 -0.000000
vn 1.000000 -0.000000 -0.000000
vn 1.000000 -0.000000 -0.000000
vn 1.000000 -0.000000 -0.000000
vn 1.000000 -0.000000 -0.000000
vn 1.000000 -0.000000 -0.000000
vn 1.000000 -0.000000 -0.000000
vn 1.000000 -0.000000 -0.000000
vn 1.000000 -0.000000 -0.000000
vn 1.000000 -0.000000 -0.000000
vn 1.000000 -0.000000 -0.000000
vn 1.000000 -0.000000 -0.000000
vn 1.000000 -0.000000 -0.000000
vn 1.000000 -0.000000 -0.000000
vn 1.000000 -0.000000 -0.000000
vn 1.000000 -0.000000 -0.000000
vn 1.000000 -0.000000 -0.000000
vn 1.000000 -0.000000 -0.000000
vn 1.000000 -0.000000 -0.000000
vn 1.000000 -0.000000 -0.000000
vn 1.000000 -0.000000 -0.000000
vn 1.000000 -0.000000 -0.000000
vn 1.000000 -0.000000 -0.000000
vn 1.000000 -0.000000 -0.000000
vn 1.000000 -0.000000 -0.000000
vn 1.000000 -0.000000 -0.000000
vn 1.000000 -0.000000 -0.000000
vn 1.000000 -0.000000 -0.000000
vn 1.000000 -0.000000 -0.000000
vn 1.000000 -0.000000 -0.000000
vn 1.000000 -0.000000 -0.000000
vn 1.000000 -0.000000 -0.000000
vn 1.000000 -0.000000 -0.000000
vn 1.000000 -0.000000 -0.000000
vn 1.000000 -0.000000 -0.000000
vn 1.000000 -0.000000 -0.000000
vn 1.000000 -0.000000 -0.000000
vn 1.000000 -0.000000 -0.000000
vn 1.000000 -0.000000 -0.000000
vn 1.000000 -0.000000 -0.000000
vn 1.000000 -0.000000 -0.000000
vn 1.000000 -0.000000 -0.000000
vn 1.000000 -0.000000 -0.000000
vn 1.000000 -0.000000 -0.000000
vn 1.000000 -0.000000 -0.000000
vn 1.000000 -0.000000 -0.000000
vn 1.000000 -0.000000 -0.000000
vn 1.000000 -0.000000 -0.000000
vn 1.000000 -0.000000 -0.000000
vn 1.000000 -0.000000 -0.000000
vn 1.000000 -0.000000 -0.000000
f 234//234 216//216 215//215
f 234//234 217//217 216//216
f 233//233 234//234 215//215
f 232//232 215//215 214//214
f 232//232 233//233 215//215
f 235//235 218//218 217//217
f 235//235 217//217 234//234
f 231//231 214//214 213//213
f 231//231 232//232 214//214
f 236//236 218//218 235//235
f 237//237 219//219 218//218
f 237//237 218//218 236//236
f 230//230 213//213 212//212
f 230//230 231//231 213//213
f 229//229 230//230 212//212
f 229//229 212//212 211//211
f 238//238 219//219 237//237
f 238//238 220//220 219//219
f 239//239 220//220 238//238
f 239//239 221//221 220//220
f 264//264 229//229 211//211
f 264//264 211//211 210//210
f 240//240 221//221 239//239
f 240//240 222//222 221//221
f 263//263 210//210 209//209
f 263//263 264//264 210//210
f 208//208 263//263 209//209
f 241//241 222//222 240//240
f 241//241 223//223 222//222
f 262//262 263//263 208//208
f 207//207 262//262 208//208
f 242//242 223//223 241//241
f 242//242 224//224 223//223
f 261//261 262//262 207//207
f 243//243 224//224 242//242
f 225//225 224//224 243//243
f 206//206 261//261 207//207
f 206//206 260//260 261//261
f 226//226 225//225 243//243
f 226//226 243//243 244//244
f 205//205 260//260 206//206
f 205//205 259//259 260//260
f 227//227 226//226 244//244
f 227//227 244//244 245//245
f 204//204 259//259 205//205
f 204//204 258//258 259//259
f 228//228 245//245 246//246
f 228//228 227//227 245//245
f 203//203 257//257 258//258
f 203//203 258//258 204//204
f 193//193 246//246 247//247
f 193//193 228//228 246//246
f 202//202 256//256 257//257
f 202//202 257//257 203//203
f 194//194 247//247 248//248
f 194//194 193//193 247//247
f 201//201 255//255 256//256
f 201//201 256//256 202//202
f 195//195 248//248 249//249
f 195//195 249//249 250//250
f 195//195 194//194 248//248
f 200//200 255//255 201//201
f 200//200 254//254 255//255
f 196//196 195//195 250//250
f 199//199 254//254 200//200
f 199//199 252//252 253//253
f 199//199 253//253 254//254
f 197//197 196//196 250//250
f 197//197 250//250 251//251
f 198//198 252//252 199//199
f 198//198 197//197 251//251
f 198//198 251//251 252//252
v 1371.500000 0.000000 1877.500000
v 1361.000000 -0.000000 1877.500000
v 1361.000000 14.416150 1878.630249
v 1361.000000 28.479990 1881.993530
v 1361.000000 41.847816 1887.507568
v 1361.000000 54.192944 1895.037476
v 1361.000000 65.213669 1904.399536
v 1361.000000 74.640656 1915.364624
v 1361.000000 82.243538 1927.665039
v 1361.000000 87.836494 1941.000000
v 1368.000000 85.207100 1934.000000
v 1368.000000 82.657738 1928.479492
v 1368.000000 79.751190 1923.138550
v 1368.000000 76.500000 1918.000000
v 1371.500000 76.500000 1918.000000
v 1371.500000 67.092072 1906.321899
v 1371.500000 55.920738 1896.317383
v 1371.500000 43.279613 1888.249634
v 1371.500000 29.500952 1882.330444
v 1371.500000 14.946904 1878.715576
vn 0.000000 0.000000 -1.000000
vn -0.000000 -0.000000 -1.000000
vn 0.000000 0.155850 -0.987781
vn 0.000000 0.307892 -0.951421
vn 0.000000 0.452409 -0.891811
vn 0.000000 0.585870 -0.810405
vn 0.000000 0.705013 -0.709195
vn 0.000000 0.806926 -0.590652
vn 0.000000 0.889119 -0.457675
vn 0.000000 0.949584 -0.313514
vn 0.000000 0.921158 -0.389189
vn 0.000000 0.893597 -0.448870
vn 0.000000 0.862175 -0.506611
vn 0.000000 0.827027 -0.562162
vn 0.000000 0.827027 -0.562162
vn 0.000000 0.725320 -0.688412
vn 0.000000 0.604549 -0.796568
vn 0.000000 0.467888 -0.883788
vn 0.000000 0.318929 -0.947779
vn 0.000000 0.161588 -0.986858
f 280//280 278//278 279//279
f 273//273 274//274 275//275
f 273//273 275//275 276//276
f 273//273 276//276 277//277
f 272//272 277//277 278//278
f 272//272 273//273 277//277
f 271//271 280//280 281//281
f 271//271 278//278 280//280
f 271//271 272//272 278//278
f 270//270 281//281 282//282
f 270//270 271//271 281//281
f 269//269 282//282 283//283
f 269//269 270//270 282//282
f 268//268 283//283 284//284
f 268//268 269//269 283//283
f 267//267 284//284 265//265
f 267//267 268//268 284//284
f 266//266 267//267 265//265
v 1371.500000 76.500000 1918.000000
v 1368.000000 76.500000 1918.000000
v 1368.000000 93.000000 1918.000000
v 1392.000000 93.000000 1918.000000
v 1392.000000 69.636124 1918.000000
vn 0.000000 0.000000 -1.000000
vn 0.000000 0.000000 -1.000000
vn 0.000000 0.000000 -1.000000
vn 0.000000 0.000000 -1.000000
vn 0.000000 0.000000 -1.000000
f 285//285 288//288 289//289
f 287//287 285//285 286//286
f 287//287 288//288 285//285
v 1392.000000 69.636124 2022.000000
v 1392.000000 77.045418 2010.214355
v 1392.000000 82.477882 1997.396851
v 1392.000000 85.794136 1983.876465
v 1392.000000 86.909088 1970.000000
v 1392.000000 85.794136 1956.123535
v 1392.000000 82.477882 1942.603149
v 1392.000000 77.045418 1929.785645
v 1392.000000 69.636124 1918.000000
v 1392.000000 93.000000 1918.000000
v 1392.000000 93.000000 2022.000000
vn 1.000000 -0.000000 0.000000
vn 1.000000 -0.000000 0.000000
vn 1.000000 -0.000000 0.000000
vn 1.000000 -0.000000 0.000000
vn 1.000000 -0.000000 0.000000
vn 1.000000 -0.000000 0.000000
vn 1.000000 -0.000000 0.000000
vn 1.000000 -0.000000 0.000000
vn 1.000000 -0.000000 0.000000
vn 1.000000 -0.000000 0.000000
vn 1.000000 -0.000000 0.000000
f 300//300 290//290 291//291
f 292//292 300//300 291//291
f 293//293 300//300 292//292
f 299//299 295//295 296//296
f 299//299 296//296 297//297
f 299//299 297//297 298//298
f 299//299 300//300 294//294
f 294//294 300//300 293//293
f 299//299 294//294 295//295
v 1368.000000 93.000000 1918.000000
v 1392.000000 93.000000 1918.000000
v 1392.000000 93.000000 2022.000000
v 1368.000000 93.000000 2022.000000
v 1368.000000 93.000000 2006.000000
v 1361.000000 93.000000 1999.000000
v 1361.000000 93.000000 1941.000000
v 1368.000000 93.000000 1934.000000
vn -0.000000 1.000000 -0.000000
vn -0.000000 1.000000 -0.000000
vn -0.000000 1.000000 -0.000000
vn -0.000000 1.000000 -0.000000
vn -0.000000 1.000000 -0.000000
vn -0.000000 1.000000 -0.000000
vn -0.000000 1.000000 -0.000000
vn -0.000000 1.000000 -0.000000
f 303//303 305//305 304//304
f 308//308 306//306 305//305
f 308//308 307//307 306//306
f 302//302 301//301 308//308
f 302//302 305//305 303//303
f 302//302 308//308 305//305
v 1371.500000 0.000000 1877.500000
v 1361.000000 -0.000000 1877.500000
v 1371.500000 -14.946904 1878.715576
v 1371.500000 -29.500952 1882.330444
v 1371.500000 -43.279613 1888.249634
v 1371.500000 -55.920738 1896.317383
v 1371.500000 -67.092072 1906.321899
v 1371.500000 -76.500000 1918.000000
v 1368.000000 -76.500000 1918.000000
v 1368.000000 -79.751190 1923.138550
v 1368.000000 -82.657738 1928.479492
v 1368.000000 -85.207100 1934.000000
v 1361.000000 -87.836494 1941.000000
v 1361.000000 -82.243538 1927.665039
v 1361.000000 -74.640656 1915.364624
v 1361.000000 -65.213669 1904.399536
v 1361.000000 -54.192944 1895.037476
v 1361.000000 -41.847816 1887.507568
v 1361.000000 -28.479990 1881.993530
v 1361.000000 -14.416150 1878.630249
vn 0.000000 0.000000 -1.000000
vn 0.000000 0.000000 -1.000000
vn -0.000000 -0.161588 -0.986858
vn -0.000000 -0.318929 -0.947779
vn -0.000000 -0.467888 -0.883788
vn -0.000000 -0.604549 -0.796568
vn -0.000000 -0.725320 -0.688412
vn -0.000000 -0.827027 -0.562162
vn -0.000000 -0.827027 -0.562162
vn -0.000000 -0.862175 -0.506611
vn -0.000000 -0.893597 -0.448870
vn -0.000000 -0.921158 -0.389189
vn -0.000000 -0.949584 -0.313514
vn -0.000000 -0.889119 -0.457675
vn -0.000000 -0.806926 -0.590652
vn -0.000000 -0.705013 -0.709195
vn -0.000000 -0.585870 -0.810405
vn -0.000000 -0.452409 -0.891811
vn -0.000000 -0.307892 -0.951421
vn -0.000000 -0.155850 -0.987781
f 328//328 310//310 309//309
f 328//328 309//309 311//311
f 327//327 311//311 312//312
f 327//327 328//328 311//311
f 326//326 312//312 313//313
f 326//326 327//327 312//312
f 325//325 313//313 314//314
f 325//325 326//326 313//313
f 317//317 315//315 316//316
f 324//324 314//314 315//315
f 324//324 325//325 314//314
f 324//324 315//315 317//317
f 323//323 317//317 318//318
f 323//323 324//324 317//317
f 322//322 318//318 319//319
f 322//322 319//319 320//320
f 322//322 323//323 318//318
f 321//321 322//322 320//320
v 1368.000000 -85.207100 1934.000000
v 1361.000000 -87.836494 1941.000000
v 1368.000000 -93.000000 1934.000000
v 1361.000000 -93.000000 1941.000000
vn -0.707107 0.000000 -0.707107
vn -0.707107 0.000000 -0.707107
vn -0.707107 0.000000 -0.707107
vn -0.707107 0.000000 -0.707107
f 330//330 329//329 331//331
f 330//330 331//331 332//332
v 1368.000000 -93.000000 1934.000000
v 1368.000000 -93.000000 1918.000000
v 1392.000000 -93.000000 1918.000000
v 1392.000000 -93.000000 2022.000000
v 1368.000000 -93.000000 2022.000000
v 1368.000000 -93.000000 2006.000000
v 1361.000000 -93.000000 1999.000000
v 1361.000000 -93.000000 1941.000000
vn 0.000000 -1.000000 0.000000
vn 0.000000 -1.000000 0.000000
vn 0.000000 -1.000000 0.000000
vn 0.000000 -1.000000 0.000000
vn 0.000000 -1.000000 0.000000
vn 0.000000 -1.000000 0.000000
vn 0.000000 -1.000000 0.000000
vn 0.000000 -1.000000 0.000000
f 336//336 337//337 338//338
f 333//333 338//338 339//339
f 333//333 339//339 340//340
f 335//335 333//333 334//334
f 335//335 336//336 338//338
f 335//335 338//338 333//333
v 1361.000000 87.836494 1941.000000
v 1368.000000 85.207100 1934.000000
v 1361.000000 93.000000 1941.000000
v 1368.000000 93.000000 1934.000000
vn -0.707107 0.000000 -0.707107
vn -0.707107 0.000000 -0.707107
vn -0.707107 0.000000 -0.707107
vn -0.707107 0.000000 -0.707107
f 341//341 344//344 342//342
f 343//343 344//344 341//341
v 1392.000000 -69.636124 1918.000000
v 1392.000000 -77.045418 1929.785645
v 1392.000000 -82.477882 1942.603149
v 1392.000000 -85.794136 1956.123535
v 1392.000000 -86.909088 1970.000000
v 1392.000000 -85.794136 1983.876465
v 1392.000000 -82.477882 1997.396851
v 1392.000000 -77.045418 2010.214355
v 1392.000000 -69.636124 2022.000000
v 1392.000000 -93.000000 2022.000000
v 1392.000000 -93.000000 1918.000000
vn 1.000000 -0.000000 0.000000
vn 1.000000 -0.000000 0.000000
vn 1.000000 -0.000000 0.000000
vn 1.000000 -0.000000 0.000000
vn 1.000000 -0.000000 0.000000
vn 1.000000 -0.000000 0.000000
vn 1.000000 -0.000000 0.000000
vn 1.000000 -0.000000 0.000000
vn 1.000000 -0.000000 0.000000
vn 1.000000 -0.000000 0.000000
vn 1.000000 -0.000000 0.000000
f 352//352 353//353 354//354
f 351//351 352//352 354//354
f 350//350 351//351 354//354
f 349//349 350//350 354//354
f 355//355 347//347 348//348
f 355//355 348//348 349//349
f 355//355 349//349 354//354
f 346//346 347//347 355//355
f 345//345 346//346 355//355
v 1371.500000 -76.500000 1918.000000
v 1368.000000 -76.500000 1918.000000
v 1392.000000 -69.636124 1918.000000
v 1392.000000 -93.000000 1918.000000
v 1368.000000 -93.000000 1918.000000
vn 0.000000 0.000000 -1.000000
vn 0.000000 0.000000 -1.000000
vn 0.000000 0.000000 -1.000000
vn 0.000000 0.000000 -1.000000
vn 0.000000 0.000000 -1.000000
f 356//356 358//358 359//359
f 356//356 359//359 360//360
f 357//357 356//356 360//360
v 1425.191406 0.000000 2030.476685
v 1399.000000 0.000000 2032.768188
v 1425.596558 6.857131 2030.050659
v 1426.735596 12.864656 2028.954224
v 1427.902954 16.408348 2027.961670
v 1429.571533 19.795298 2026.739502
v 1431.418213 22.338493 2025.613159
v 1433.167725 24.032597 2024.735229
v 1434.409058 24.933044 2024.211426
v 1435.846802 25.726135 2023.700195
v 1437.484863 26.355026 2023.234497
v 1438.920166 26.697283 2022.923096
v 1440.415161 26.865450 2022.691040
v 1441.541748 26.872580 2022.576782
v 1442.667114 26.779289 2022.513916
v 1453.500000 25.378876 2022.152832
v 1453.500000 33.929825 2017.040039
v 1453.500000 41.479637 2010.539307
v 1453.500000 47.805546 2002.842529
v 1453.500000 52.720894 1994.176636
v 1453.500000 56.080650 1984.797363
v 1453.500000 57.785683 1974.981445
v 1453.500000 57.785683 1965.018555
v 1453.500000 56.080650 1955.202637
v 1453.500000 52.720894 1945.823364
v 1453.500000 47.805546 1937.157471
v 1453.500000 41.479637 1929.460693
v 1453.500000 33.929825 1922.959961
v 1453.500000 25.378876 1917.847168
v 1442.667114 26.779289 1917.486084
v 1441.086914 26.881804 1917.383179
v 1439.531860 26.788656 1917.183228
v 1438.067505 26.516264 1916.902588
v 1436.342896 25.945259 1916.453613
v 1434.849365 25.202097 1915.955566
v 1433.558838 24.340700 1915.438599
v 1432.440674 23.398115 1914.921509
v 1431.168823 22.047474 1914.247314
v 1429.974609 20.435345 1913.525391
v 1428.693115 18.184660 1912.643311
v 1427.570190 15.532948 1911.767456
v 1426.719482 12.803343 1911.030884
v 1425.917603 9.074417 1910.272217
v 1425.386963 4.802275 1909.731445
v 1425.239746 2.404025 1909.575317
v 1425.191406 0.000000 1909.523315
v 1399.000000 -0.000000 1907.231812
v 1399.000000 10.899571 2031.814575
v 1399.000000 21.467966 2028.982788
v 1399.000000 31.384066 2024.358765
v 1399.000000 40.346577 2018.083130
v 1399.000000 48.083179 2010.346558
v 1399.000000 54.358795 2001.384033
v 1399.000000 58.982750 1991.468018
v 1399.000000 61.814545 1980.899536
v 1399.000000 62.768131 1970.000000
v 1399.000000 61.814545 1959.100464
v 1399.000000 58.982750 1948.531982
v 1399.000000 54.358795 1938.615967
v 1399.000000 48.083179 1929.653442
v 1399.000000 40.346577 1921.916870
v 1399.000000 31.384066 1915.641235
v 1399.000000 21.467966 1911.017212
v 1399.000000 10.899571 1908.185425
v 1417.166626 18.905275 2028.184448
v 1435.333374 35.025757 2018.208862
v 1417.166626 35.959969 2019.494629
v 1435.333374 48.208820 2005.025757
v 1417.166626 49.494652 2005.959961
v 1435.333374 56.672867 1988.414185
v 1417.166626 58.184452 1988.905273
v 1435.333374 59.589378 1970.000000
v 1417.166626 61.178753 1970.000000
v 1435.333374 56.672867 1951.585815
v 1417.166626 58.184452 1951.094727
v 1435.333374 48.208820 1934.974243
v 1417.166626 49.494652 1934.040039
v 1435.333374 35.025757 1921.791138
v 1417.166626 35.959969 1920.505371
v 1417.166626 18.905275 1911.815552
vn 0.087156 0.000000 0.996195
vn 0.087156 0.000000 0.996195
vn 0.087156 0.113020 0.989763
vn 0.087156 0.212386 0.973291
vn 0.087156 0.271349 0.958527
vn 0.087156 0.328155 0.940595
vn 0.087156 0.371313 0.924408
vn 0.087156 0.400495 0.912144
vn 0.087156 0.416257 0.905060
vn 0.087156 0.430405 0.898418
vn 0.087156 0.441990 0.892776
vn 0.087156 0.448679 0.889433
vn 0.087156 0.452504 0.887493
vn 0.087156 0.453379 0.887046
vn 0.087156 0.452560 0.887465
vn 0.087156 0.435902 0.895764
vn 0.087156 0.582771 0.807949
vn 0.087156 0.712445 0.696295
vn 0.087156 0.821097 0.564095
vn 0.087156 0.905522 0.415252
vn 0.087156 0.963228 0.254155
vn 0.087156 0.992514 0.085560
vn 0.087156 0.992514 -0.085560
vn 0.087156 0.963228 -0.254155
vn 0.087156 0.905522 -0.415252
vn 0.087156 0.821097 -0.564095
vn 0.087156 0.712445 -0.696295
vn 0.087156 0.582771 -0.807949
vn 0.087156 0.435902 -0.895764
vn 0.087156 0.452560 -0.887465
vn 0.087156 0.453229 -0.887123
vn 0.087156 0.450621 -0.888450
vn 0.087156 0.445076 -0.891241
vn 0.087156 0.434388 -0.896499
vn 0.087156 0.421021 -0.902854
vn 0.087156 0.405862 -0.909769
vn 0.087156 0.389507 -0.916890
vn 0.087156 0.366342 -0.926389
vn 0.087156 0.338964 -0.936754
vn 0.087156 0.301070 -0.949611
vn 0.087156 0.256748 -0.962541
vn 0.087156 0.211369 -0.973513
vn 0.087156 0.149634 -0.984893
vn 0.087156 0.079127 -0.993047
vn 0.087156 0.039603 -0.995407
vn 0.087156 0.000000 -0.996195
vn 0.087156 0.000000 -0.996195
vn 0.087156 0.172987 0.981060
vn 0.087156 0.340719 0.936117
vn 0.087156 0.498097 0.862730
vn 0.087156 0.640342 0.763129
vn 0.087156 0.763129 0.640342
vn 0.087156 0.862730 0.498097
vn 0.087156 0.936117 0.340719
vn 0.087156 0.981060 0.172987
vn 0.087156 0.996195 0.000000
vn 0.087156 0.981060 -0.172987
vn 0.087156 0.936117 -0.340719
vn 0.087156 0.862730 -0.498097
vn 0.087156 0.763129 -0.640342
vn 0.087156 0.640342 -0.763129
vn 0.087156 0.498097 -0.862730
vn 0.087156 0.340719 -0.936117
vn 0.087156 0.172987 -0.981060
vn 0.087156 0.307841 0.947437
vn 0.087156 0.585549 0.805938
vn 0.087156 0.585549 0.805938
vn 0.087156 0.805938 0.585549
vn 0.087156 0.805938 0.585549
vn 0.087156 0.947437 0.307841
vn 0.087156 0.947437 0.307841
vn 0.087156 0.996195 -0.000000
vn 0.087156 0.996195 -0.000000
vn 0.087156 0.947437 -0.307841
vn 0.087156 0.947437 -0.307841
vn 0.087156 0.805938 -0.585549
vn 0.087156 0.805938 -0.585549
vn 0.087156 0.585549 -0.805938
vn 0.087156 0.585549 -0.805938
vn 0.087156 0.307841 -0.947437
f 375//375 376//376 377//377
f 362//362 361//361 363//363
f 408//408 362//362 363//363
f 390//390 388//388 389//389
f 407//407 404//404 405//405
f 407//407 405//405 406//406
f 407//407 424//424 404//404
f 425//425 363//363 364//364
f 425//425 364//364 365//365
f 425//425 365//365 366//366
f 425//425 366//366 367//367
f 425//425 409//409 408//408
f 425//425 410//410 409//409
f 425//425 408//408 363//363
f 426//426 368//368 369//369
f 426//426 369//369 370//370
f 426//426 370//370 371//371
f 426//426 371//371 372//372
f 426//426 372//372 373//373
f 426//426 373//373 374//374
f 426//426 374//374 375//375
f 426//426 377//377 378//378
f 426//426 375//375 377//377
f 427//427 367//367 368//368
f 427//427 411//411 410//410
f 427//427 368//368 426//426
f 427//427 410//410 425//425
f 427//427 425//425 367//367
f 428//428 378//378 379//379
f 428//428 379//379 380//380
f 428//428 426//426 378//378
f 428//428 427//427 426//426
f 429//429 427//427 428//428
f 429//429 412//412 411//411
f 429//429 413//413 412//412
f 429//429 411//411 427//427
f 430//430 380//380 381//381
f 430//430 381//381 382//382
f 430//430 428//428 380//380
f 431//431 428//428 430//430
f 431//431 429//429 428//428
f 431//431 414//414 413//413
f 431//431 415//415 414//414
f 431//431 413//413 429//429
f 432//432 382//382 383//383
f 432//432 430//430 382//382
f 433//433 430//430 432//432
f 433//433 416//416 415//415
f 433//433 417//417 416//416
f 433//433 431//431 430//430
f 433//433 415//415 431//431
f 434//434 383//383 384//384
f 434//434 384//384 385//385
f 434//434 432//432 383//383
f 435//435 418//418 417//417
f 435//435 419//419 418//418
f 435//435 417//417 433//433
f 435//435 432//432 434//434
f 435//435 433//433 432//432
f 436//436 385//385 386//386
f 436//436 386//386 387//387
f 436//436 434//434 385//385
f 437//437 419//419 435//435
f 437//437 435//435 434//434
f 437//437 420//420 419//419
f 437//437 434//434 436//436
f 438//438 387//387 388//388
f 438//438 390//390 391//391
f 438//438 391//391 392//392
f 438//438 392//392 393//393
f 438//438 393//393 394//394
f 438//438 394//394 395//395
f 438//438 436//436 387//387
f 438//438 395//395 396//396
f 438//438 388//388 390//390
f 439//439 420//420 437//437
f 439//439 396//396 397//397
f 439//439 397//397 398//398
f 439//439 421//421 420//420
f 439//439 422//422 421//421
f 439//439 437//437 436//436
f 439//439 436//436 438//438
f 439//439 438//438 396//396
f 440//440 398//398 399//399
f 440//440 399//399 400//400
f 440//440 400//400 401//401
f 440//440 401//401 402//402
f 440//440 402//402 403//403
f 440//440 403//403 404//404
f 440//440 439//439 398//398
f 440//440 422//422 439//439
f 440//440 404//404 424//424
f 440//440 423//423 422//422
f 440//440 424//424 423//423
v 1425.191406 0.000000 1909.523315
v 1425.596680 -6.858319 1909.949463
v 1426.735718 -12.865296 1911.045898
v 1427.903076 -16.408659 1912.038330
v 1429.571533 -19.795296 1913.260498
v 1431.418213 -22.338493 1914.386841
v 1433.167725 -24.032597 1915.264771
v 1434.409058 -24.933044 1915.788574
v 1435.846802 -25.726135 1916.299805
v 1437.484863 -26.355026 1916.765503
v 1438.920166 -26.697283 1917.076904
v 1440.415161 -26.865450 1917.308960
v 1441.541748 -26.872580 1917.423218
v 1442.667114 -26.779289 1917.486084
v 1453.500000 -25.378876 1917.847168
v 1453.500000 -33.929825 1922.959961
v 1453.500000 -41.479637 1929.460693
v 1453.500000 -47.805546 1937.157471
v 1453.500000 -52.720894 1945.823364
v 1453.500000 -56.080650 1955.202637
v 1453.500000 -57.785683 1965.018555
v 1453.500000 -57.785683 1974.981445
v 1453.500000 -56.080650 1984.797363
v 1453.500000 -52.720894 1994.176636
v 1453.500000 -47.805546 2002.842529
v 1453.500000 -41.479637 2010.539307
v 1453.500000 -33.929825 2017.040039
v 1453.500000 -25.378876 2022.152832
v 1442.667114 -26.779289 2022.513916
v 1441.086914 -26.881804 2022.616821
v 1439.531860 -26.788656 2022.816772
v 1438.067505 -26.516264 2023.097412
v 1436.342896 -25.945259 2023.546387
v 1434.849365 -25.202097 2024.044434
v 1433.558838 -24.340700 2024.561401
v 1432.440674 -23.398115 2025.078491
v 1431.168823 -22.047472 2025.752686
v 1429.974609 -20.435345 2026.474609
v 1428.693115 -18.184660 2027.356689
v 1427.570190 -15.532948 2028.232544
v 1426.719482 -12.803342 2028.969116
v 1425.917603 -9.074416 2029.727783
v 1425.386963 -4.802274 2030.268555
v 1425.239746 -2.404025 2030.424683
v 1425.191406 0.000000 2030.476685
v 1399.000000 0.000000 2032.768188
v 1399.000000 -0.000000 1907.231812
v 1399.000000 -10.899571 1908.185425
v 1399.000000 -21.467966 1911.017212
v 1399.000000 -31.384066 1915.641235
v 1399.000000 -40.346577 1921.916870
v 1399.000000 -48.083179 1929.653442
v 1399.000000 -54.358795 1938.615967
v 1399.000000 -58.982750 1948.531982
v 1399.000000 -61.814545 1959.100464
v 1399.000000 -62.768131 1970.000000
v 1399.000000 -61.814545 1980.899536
v 1399.000000 -58.982750 1991.468018
v 1399.000000 -54.358795 2001.384033
v 1399.000000 -48.083179 2010.346558
v 1399.000000 -40.346577 2018.083130
v 1399.000000 -31.384066 2024.358765
v 1399.000000 -21.467966 2028.982788
v 1399.000000 -10.899571 2031.814575
v 1417.166626 -18.905275 1911.815552
v 1435.333374 -35.025757 1921.791138
v 1417.166626 -35.959969 1920.505371
v 1435.333374 -48.208820 1934.974243
v 1417.166626 -49.494652 1934.040039
v 1435.333374 -56.672867 1951.585815
v 1417.166626 -58.184452 1951.094727
v 1435.333374 -59.589378 1970.000000
v 1417.166626 -61.178753 1970.000000
v 1435.333374 -56.672867 1988.414185
v 1417.166626 -58.184452 1988.905273
v 1435.333374 -48.208820 2005.025757
v 1417.166626 -49.494652 2005.959961
v 1435.333374 -35.025757 2018.208862
v 1417.166626 -35.959969 2019.494629
v 1417.166626 -18.905275 2028.184448
vn 0.087156 0.000000 -0.996195
vn 0.087156 -0.113040 -0.989761
vn 0.087156 -0.212397 -0.973289
vn 0.087156 -0.271354 -0.958525
vn 0.087156 -0.328155 -0.940595
vn 0.087156 -0.371313 -0.924408
vn 0.087156 -0.400495 -0.912144
vn 0.087156 -0.416257 -0.905060
vn 0.087156 -0.430405 -0.898418
vn 0.087156 -0.441990 -0.892776
vn 0.087156 -0.448679 -0.889433
vn 0.087156 -0.452504 -0.887493
vn 0.087156 -0.453379 -0.887046
vn 0.087156 -0.452560 -0.887465
vn 0.087156 -0.435902 -0.895764
vn 0.087156 -0.582771 -0.807949
vn 0.087156 -0.712445 -0.696295
vn 0.087156 -0.821097 -0.564095
vn 0.087156 -0.905522 -0.415252
vn 0.087156 -0.963228 -0.254155
vn 0.087156 -0.992514 -0.085560
vn 0.087156 -0.992514 0.085560
vn 0.087156 -0.963228 0.254155
vn 0.087156 -0.905522 0.415252
vn 0.087156 -0.821097 0.564095
vn 0.087156 -0.712445 0.696295
vn 0.087156 -0.582771 0.807949
vn 0.087156 -0.435902 0.895764
vn 0.087156 -0.452560 0.887465
vn 0.087156 -0.453229 0.887123
vn 0.087156 -0.450621 0.888450
vn 0.087156 -0.445076 0.891241
vn 0.087156 -0.434388 0.896499
vn 0.087156 -0.421021 0.902854
vn 0.087156 -0.405862 0.909769
vn 0.087156 -0.389507 0.916890
vn 0.087156 -0.366342 0.926389
vn 0.087156 -0.338964 0.936754
vn 0.087156 -0.301070 0.949611
vn 0.087156 -0.256748 0.962541
vn 0.087156 -0.211369 0.973513
vn 0.087156 -0.149634 0.984893
vn 0.087156 -0.079127 0.993047
vn 0.087156 -0.039603 0.995407
vn 0.087156 -0.000000 0.996195
vn 0.087156 -0.000000 0.996195
vn 0.087156 0.000000 -0.996195
vn 0.087156 -0.172987 -0.981060
vn 0.087156 -0.340719 -0.936117
vn 0.087156 -0.498097 -0.862730
vn 0.087156 -0.640342 -0.763129
vn 0.087156 -0.763129 -0.640342
vn 0.087156 -0.862730 -0.498097
vn 0.087156 -0.936117 -0.340719
vn 0.087156 -0.981060 -0.172987
vn 0.087156 -0.996195 -0.000000
vn 0.087156 -0.981060 0.172987
vn 0.087156 -0.936117 0.340719
vn 0.087156 -0.862730 0.498097
vn 0.087156 -0.763129 0.640342
vn 0.087156 -0.640342 0.763129
vn 0.087156 -0.498097 0.862730
vn 0.087156 -0.340719 0.936117
vn 0.087156 -0.172987 0.981060
vn 0.087156 -0.307841 -0.947437
vn 0.087156 -0.585549 -0.805938
vn 0.087156 -0.585549 -0.805938
vn 0.087156 -0.805938 -0.585549
vn 0.087156 -0.805938 -0.585549
vn 0.087156 -0.947437 -0.307841
vn 0.087156 -0.947437 -0.307841
vn 0.087156 -0.996195 -0.000000
vn 0.087156 -0.996195 -0.000000
vn 0.087156 -0.947437 0.307841
vn 0.087156 -0.947437 0.307841
vn 0.087156 -0.805938 0.585549
vn 0.087156 -0.805938 0.585549
vn 0.087156 -0.585549 0.805938
vn 0.087156 -0.585549 0.805938
vn 0.087156 -0.307841 0.947437
f 454//454 455//455 456//456
f 487//487 441//441 442//442
f 488//488 487//487 442//442
f 469//469 467//467 468//468
f 486//486 483//483 484//484
f 486//486 484//484 485//485
f 486//486 504//504 483//483
f 505//505 442//442 443//443
f 505//505 443//443 444//444
f 505//505 444//444 445//445
f 505//505 445//445 446//446
f 505//505 489//489 488//488
f 505//505 490//490 489//489
f 505//505 488//488 442//442
f 506//506 447//447 448//448
f 506//506 448//448 449//449
f 506//506 449//449 450//450
f 506//506 450//450 451//451
f 506//506 451//451 452//452
f 506//506 452//452 453//453
f 506//506 453//453 454//454
f 506//506 456//456 457//457
f 506//506 454//454 456//456
f 507//507 446//446 447//447
f 507//507 491//491 490//490
f 507//507 492//492 491//491
f 507//507 447//447 506//506
f 507//507 490//490 505//505
f 507//507 505//505 446//446
f 508//508 457//457 458//458
f 508//508 458//458 459//459
f 508//508 506//506 457//457
f 508//508 507//507 506//506
f 509//509 507//507 508//508
f 509//509 493//493 492//492
f 509//509 492//492 507//507
f 510//510 459//459 460//460
f 510//510 460//460 461//461
f 510//510 508//508 459//459
f 511//511 508//508 510//510
f 511//511 509//509 508//508
f 511//511 493//493 509//509
f 511//511 494//494 493//493
f 511//511 495//495 494//494
f 512//512 461//461 462//462
f 512//512 511//511 510//510
f 512//512 510//510 461//461
f 513//513 496//496 495//495
f 513//513 497//497 496//496
f 513//513 511//511 512//512
f 513//513 495//495 511//511
f 514//514 512//512 462//462
f 514//514 513//513 512//512
f 514//514 462//462 463//463
f 514//514 463//463 464//464
f 515//515 497//497 513//513
f 515//515 498//498 497//497
f 515//515 499//499 498//498
f 515//515 513//513 514//514
f 516//516 464//464 465//465
f 516//516 465//465 466//466
f 516//516 514//514 464//464
f 517//517 515//515 514//514
f 517//517 499//499 515//515
f 517//517 500//500 499//499
f 517//517 501//501 500//500
f 517//517 514//514 516//516
f 518//518 467//467 469//469
f 518//518 466//466 467//467
f 518//518 469//469 470//470
f 518//518 470//470 471//471
f 518//518 471//471 472//472
f 518//518 516//516 466//466
f 518//518 472//472 473//473
f 518//518 473//473 474//474
f 518//518 474//474 475//475
f 518//518 517//517 516//516
f 519//519 501//501 517//517
f 519//519 475//475 476//476
f 519//519 476//476 477//477
f 519//519 518//518 475//475
f 519//519 502//502 501//501
f 519//519 517//517 518//518
f 520//520 477//477 478//478
f 520//520 478//478 479//479
f 520//520 479//479 480//480
f 520//520 480//480 481//481
f 520//520 481//481 482//482
f 520//520 482//482 483//483
f 520//520 502//502 519//519
f 520//520 483//483 504//504
f 520//520 519//519 477//477
f 520//520 503//503 502//502
f 520//520 504//504 503//503
v 1368.000000 85.207100 1934.000000
v 1368.000000 82.657738 1928.479492
v 1368.000000 79.751190 1923.138550
v 1368.000000 76.500000 1918.000000
v 1368.000000 93.000000 1934.000000
v 1368.000000 93.000000 1918.000000
vn -1.000000 0.000000 0.000000
vn -1.000000 0.000000 0.000000
vn -1.000000 0.000000 0.000000
vn -1.000000 0.000000 0.000000
vn -1.000000 0.000000 0.000000
vn -1.000000 0.000000 0.000000
f 526//526 524//524 523//523
f 522//522 526//526 523//523
f 525//525 522//522 521//521
f 525//525 526//526 522//522
v 1368.000000 -76.500000 1918.000000
v 1368.000000 -79.751190 1923.138550
v 1368.000000 -82.657738 1928.479492
v 1368.000000 -85.207100 1934.000000
v 1368.000000 -93.000000 1918.000000
v 1368.000000 -93.000000 1934.000000
vn -1.000000 0.000000 0.000000
vn -1.000000 0.000000 0.000000
vn -1.000000 0.000000 0.000000
vn -1.000000 0.000000 0.000000
vn -1.000000 0.000000 0.000000
vn -1.000000 0.000000 0.000000
f 528//528 527//527 531//531
f 529//529 531//531 532//532
f 529//529 528//528 531//531
f 530//530 529//529 532//532
v 1425.191406 0.000000 2030.476685
v 1425.596558 6.857131 2030.050659
v 1426.735596 12.864656 2028.954224
v 1427.902954 16.408348 2027.961670
v 1429.571533 19.795298 2026.739502
v 1431.418213 22.338493 2025.613159
v 1433.167725 24.032597 2024.735229
v 1434.409058 24.933044 2024.211426
v 1435.846802 25.726135 2023.700195
v 1437.484863 26.355026 2023.234497
v 1438.920166 26.697283 2022.923096
v 1440.415161 26.865450 2022.691040
v 1441.541748 26.872580 2022.576782
v 1442.667114 26.779289 2022.513916
v 1442.667114 -26.779289 2022.513916
v 1441.086914 -26.881804 2022.616821
v 1439.531860 -26.788656 2022.816772
v 1438.067505 -26.516264 2023.097412
v 1436.342896 -25.945259 2023.546387
v 1434.849365 -25.202097 2024.044434
v 1433.558838 -24.340700 2024.561401
v 1432.440674 -23.398115 2025.078491
v 1431.168823 -22.047472 2025.752686
v 1429.974609 -20.435345 2026.474609
v 1428.693115 -18.184660 2027.356689
v 1427.570190 -15.532948 2028.232544
v 1426.719482 -12.803342 2028.969116
v 1425.917603 -9.074416 2029.727783
v 1425.386963 -4.802274 2030.268555
v 1425.239746 -2.404025 2030.424683
vn 0.732346 0.000000 0.680933
vn 0.716131 0.000000 0.697966
vn 0.670583 0.000000 0.741834
vn 0.623877 0.000000 0.781523
vn 0.557140 0.000000 0.830418
vn 0.483271 0.000000 0.875471
vn 0.413294 0.000000 0.910598
vn 0.363636 0.000000 0.931541
vn 0.306127 0.000000 0.951991
vn 0.240606 0.000000 0.970623
vn 0.183192 0.000000 0.983077
vn 0.123394 0.000000 0.992358
vn 0.078332 0.000000 0.996927
vn 0.033315 0.000000 0.999445
vn 0.033315 0.000000 0.999445
vn 0.096526 0.000000 0.995331
vn 0.158727 0.000000 0.987323
vn 0.217300 0.000000 0.976105
vn 0.286286 0.000000 0.958144
vn 0.346027 0.000000 0.938224
vn 0.397645 0.000000 0.917539
vn 0.442361 0.000000 0.896837
vn 0.493245 0.000000 0.869891
vn 0.541015 0.000000 0.841013
vn 0.592277 0.000000 0.805734
vn 0.637195 0.000000 0.770703
vn 0.671231 0.000000 0.741248
vn 0.703299 0.000000 0.710894
vn 0.724519 0.000000 0.689255
vn 0.730407 0.000000 0.683013
f 562//562 534//534 533//533
f 561//561 534//534 562//562
f 560//560 535//535 534//534
f 560//560 534//534 561//561
f 559//559 535//535 560//560
f 558//558 536//536 535//535
f 558//558 535//535 559//559
f 557//557 537//537 536//536
f 557//557 536//536 558//558
f 556//556 538//538 537//537
f 556//556 537//537 557//557
f 555//555 538//538 556//556
f 554//554 539//539 538//538
f 554//554 538//538 555//555
f 553//553 540//540 539//539
f 553//553 539//539 554//554
f 552//552 541//541 540//540
f 552//552 540//540 553//553
f 551//551 542//542 541//541
f 551//551 541//541 552//552
f 550//550 543//543 542//542
f 550//550 542//542 551//551
f 549//549 544//544 543//543
f 549//549 543//543 550//550
f 548//548 545//545 544//544
f 548//548 544//544 549//549
f 547//547 546//546 545//545
f 547//547 545//545 548//548
v 1487.667114 27.596817 2021.013916
v 1453.500000 25.378876 2022.152832
v 1442.667114 26.779289 2022.513916
v 1442.667114 -26.779289 2022.513916
v 1453.500000 -25.378876 2022.152832
v 1487.667114 -27.596817 2021.013916
vn 0.033315 -0.000000 0.999445
vn 0.033315 -0.000000 0.999445
vn 0.033315 -0.000000 0.999445
vn 0.033315 -0.000000 0.999445
vn 0.033315 -0.000000 0.999445
vn 0.033315 -0.000000 0.999445
f 565//565 566//566 567//567
f 564//564 565//565 567//567
f 563//563 567//567 568//568
f 563//563 564//564 567//567
v 1453.500000 25.378876 1917.847168
v 1487.667114 27.596817 1918.986084
v 1453.500000 25.378876 2022.152832
v 1453.500000 33.929825 2017.040039
v 1453.500000 41.479637 2010.539307
v 1453.500000 47.805546 2002.842529
v 1453.500000 52.720894 1994.176636
v 1453.500000 56.080650 1984.797363
v 1453.500000 57.785683 1974.981445
v 1453.500000 57.785683 1965.018555
v 1453.500000 56.080650 1955.202637
v 1453.500000 52.720894 1945.823364
v 1453.500000 47.805546 1937.157471
v 1453.500000 41.479637 1929.460693
v 1453.500000 33.929825 1922.959961
v 1487.667114 27.596817 2021.013916
v 1488.500000 27.622379 2021.000000
v 1493.500000 26.668791 2021.505127
v 1491.888428 27.192263 2021.230591
v 1490.212158 27.513771 2021.058716
v 1493.500000 30.565308 2019.292603
v 1493.500000 34.279396 2016.785889
v 1493.500000 37.788887 2014.000000
v 1507.000000 37.788887 2014.000000
v 1507.000000 41.525745 2010.492188
v 1507.000000 44.938335 2006.668091
v 1507.000000 48.000000 2002.557617
v 1478.500000 48.000000 2002.557617
v 1478.500000 52.823109 1993.952393
v 1478.500000 56.118179 1984.654297
v 1478.500000 57.789894 1974.932373
v 1478.500000 57.789894 1965.067627
v 1478.500000 56.118179 1955.345703
v 1478.500000 52.823109 1946.047607
v 1478.500000 48.000000 1937.442383
v 1507.000000 48.000000 1937.442383
v 1507.000000 44.938335 1933.331909
v 1507.000000 41.525745 1929.507813
v 1507.000000 37.788887 1926.000000
v 1493.500000 37.788887 1926.000000
v 1493.500000 34.279396 1923.214111
v 1493.500000 30.565308 1920.707397
v 1493.500000 26.668791 1918.494873
v 1488.500000 27.622572 1919.000122
v 1490.213257 27.513733 1918.941284
v 1491.885742 27.192860 1918.769653
vn 0.000000 0.437567 -0.899186
vn 0.000000 0.475807 -0.879550
vn 0.000000 0.437567 0.899186
vn 0.000000 0.584997 0.811035
vn 0.000000 0.715166 0.698954
vn 0.000000 0.824234 0.566250
vn 0.000000 0.908981 0.416838
vn 0.000000 0.966908 0.255126
vn 0.000000 0.996305 0.085887
vn 0.000000 0.996305 -0.085887
vn 0.000000 0.966908 -0.255126
vn 0.000000 0.908981 -0.416838
vn 0.000000 0.824234 -0.566250
vn 0.000000 0.715166 -0.698954
vn 0.000000 0.584997 -0.811035
vn 0.000000 0.475807 0.879550
vn 0.000000 0.476248 0.879311
vn 0.000000 0.459807 0.888019
vn 0.000000 0.468832 0.883287
vn 0.000000 0.474375 0.880323
vn 0.000000 0.526988 0.849873
vn 0.000000 0.591024 0.806654
vn 0.000000 0.651533 0.758621
vn 0.000000 0.651533 0.758621
vn 0.000000 0.715961 0.698140
vn 0.000000 0.774799 0.632208
vn 0.000000 0.827586 0.561339
vn 0.000000 0.827586 0.561339
vn 0.000000 0.910743 0.412973
vn 0.000000 0.967555 0.252661
vn 0.000000 0.996378 0.085040
vn 0.000000 0.996378 -0.085040
vn 0.000000 0.967555 -0.252661
vn 0.000000 0.910743 -0.412973
vn 0.000000 0.827586 -0.561339
vn 0.000000 0.827586 -0.561339
vn 0.000000 0.774799 -0.632208
vn 0.000000 0.715961 -0.698140
vn 0.000000 0.651533 -0.758621
vn 0.000000 0.651533 -0.758621
vn 0.000000 0.591024 -0.806654
vn 0.000000 0.526988 -0.849873
vn 0.000000 0.459807 -0.888019
vn 0.000000 0.476251 -0.879309
vn 0.000000 0.474375 -0.880323
vn 0.000000 0.468842 -0.883282
f 589//589 584//584 585//585
f 589//589 587//587 586//586
f 589//589 588//588 587//587
f 589//589 585//585 588//588
f 590//590 584//584 589//589
f 593//593 591//591 592//592
f 594//594 591//591 593//593
f 572//572 571//571 584//584
f 572//572 590//590 591//591
f 572//572 584//584 590//590
f 573//573 572//572 591//591
f 596//596 594//594 595//595
f 596//596 591//591 594//594
f 596//596 573//573 591//591
f 574//574 573//573 596//596
f 575//575 596//596 597//597
f 575//575 574//574 596//596
f 576//576 597//597 598//598
f 576//576 575//575 597//597
f 577//577 598//598 599//599
f 577//577 576//576 598//598
f 578//578 599//599 600//600
f 578//578 577//577 599//599
f 601//601 578//578 600//600
f 579//579 578//578 601//601
f 602//602 579//579 601//601
f 580//580 579//579 602//602
f 603//603 580//580 602//602
f 603//603 604//604 605//605
f 608//608 603//603 605//605
f 608//608 605//605 606//606
f 608//608 606//606 607//607
f 581//581 580//580 603//603
f 582//582 603//603 608//608
f 582//582 581//581 603//603
f 614//614 610//610 611//611
f 613//613 610//610 614//614
f 612//612 610//610 613//613
f 570//570 610//610 612//612
f 570//570 609//609 610//610
f 583//583 582//582 608//608
f 583//583 609//609 570//570
f 583//583 608//608 609//609
f 569//569 583//583 570//570
v 1453.500000 25.378876 1917.847168
v 1487.667114 27.596817 1918.986084
v 1487.667114 -27.596817 1918.986084
v 1453.500000 -25.378876 1917.847168
v 1442.667114 -26.779289 1917.486084
v 1442.667114 26.779289 1917.486084
vn 0.033315 0.000000 -0.999445
vn 0.033315 0.000000 -0.999445
vn 0.033315 0.000000 -0.999445
vn 0.033315 0.000000 -0.999445
vn 0.033315 0.000000 -0.999445
vn 0.033315 0.000000 -0.999445
f 616//616 617//617 618//618
f 615//615 618//618 619//619
f 615//615 616//616 618//618
f 620//620 615//615 619//619
v 1425.191406 0.000000 1909.523315
v 1425.596680 -6.858319 1909.949463
v 1426.735718 -12.865296 1911.045898
v 1427.903076 -16.408659 1912.038330
v 1429.571533 -19.795296 1913.260498
v 1431.418213 -22.338493 1914.386841
v 1433.167725 -24.032597 1915.264771
v 1434.409058 -24.933044 1915.788574
v 1435.846802 -25.726135 1916.299805
v 1437.484863 -26.355026 1916.765503
v 1438.920166 -26.697283 1917.076904
v 1440.415161 -26.865450 1917.308960
v 1441.541748 -26.872580 1917.423218
v 1442.667114 -26.779289 1917.486084
v 1442.667114 26.779289 1917.486084
v 1441.086914 26.881804 1917.383179
v 1439.531860 26.788656 1917.183228
v 1438.067505 26.516264 1916.902588
v 1436.342896 25.945259 1916.453613
v 1434.849365 25.202097 1915.955566
v 1433.558838 24.340700 1915.438599
v 1432.440674 23.398115 1914.921509
v 1431.168823 22.047474 1914.247314
v 1429.974609 20.435345 1913.525391
v 1428.693115 18.184660 1912.643311
v 1427.570190 15.532948 1911.767456
v 1426.719482 12.803343 1911.030884
v 1425.917603 9.074417 1910.272217
v 1425.386963 4.802275 1909.731445
v 1425.239746 2.404025 1909.575317
vn 0.732346 -0.000000 -0.680933
vn 0.716125 -0.000000 -0.697972
vn 0.670576 -0.000000 -0.741840
vn 0.623872 -0.000000 -0.781527
vn 0.557140 -0.000000 -0.830418
vn 0.483271 -0.000000 -0.875471
vn 0.413294 -0.000000 -0.910598
vn 0.363636 -0.000000 -0.931541
vn 0.306127 -0.000000 -0.951991
vn 0.240606 -0.000000 -0.970623
vn 0.183192 -0.000000 -0.983077
vn 0.123394 -0.000000 -0.992358
vn 0.078332 -0.000000 -0.996927
vn 0.033315 -0.000000 -0.999445
vn 0.033315 -0.000000 -0.999445
vn 0.096526 -0.000000 -0.995331
vn 0.158727 -0.000000 -0.987323
vn 0.217300 -0.000000 -0.976105
vn 0.286286 -0.000000 -0.958144
vn 0.346027 -0.000000 -0.938224
vn 0.397645 -0.000000 -0.917539
vn 0.442361 -0.000000 -0.896837
vn 0.493245 -0.000000 -0.869891
vn 0.541015 -0.000000 -0.841013
vn 0.592277 -0.000000 -0.805734
vn 0.637195 -0.000000 -0.770703
vn 0.671231 -0.000000 -0.741248
vn 0.703299 -0.000000 -0.710894
vn 0.724519 -0.000000 -0.689255
vn 0.730407 -0.000000 -0.683013
f 633//633 635//635 634//634
f 633//633 636//636 635//635
f 632//632 637//637 636//636
f 632//632 636//636 633//633
f 631//631 638//638 637//637
f 631//631 637//637 632//632
f 630//630 639//639 638//638
f 630//630 638//638 631//631
f 629//629 640//640 639//639
f 629//629 639//639 630//630
f 628//628 641//641 640//640
f 628//628 640//640 629//629
f 627//627 642//642 641//641
f 627//627 641//641 628//628
f 626//626 643//643 642//642
f 626//626 644//644 643//643
f 626//626 642//642 627//627
f 625//625 645//645 644//644
f 625//625 644//644 626//626
f 624//624 646//646 645//645
f 624//624 645//645 625//625
f 623//623 647//647 646//646
f 623//623 648//648 647//647
f 623//623 646//646 624//624
f 622//622 649//649 648//648
f 622//622 650//650 649//649
f 622//622 621//621 650//650
f 622//622 648//648 623//623
v 1522.686646 -33.457825 1922.623047
v 1513.941772 -28.420200 1919.440186
v 1505.863647 -22.399776 1916.500000
v 1507.790405 -42.500000 1930.531616
v 1501.519287 -53.867920 1948.500122
v 1503.319214 -50.786362 1941.986694
v 1505.446655 -46.973293 1935.977783
v 1499.161987 -57.739979 1964.514160
v 1499.650391 -56.951408 1959.021118
v 1500.445068 -55.653419 1953.669189
v 1507.790405 -42.500000 2009.468384
v 1505.172485 -47.476414 2003.316528
v 1502.847168 -51.606632 1996.471802
v 1500.965088 -54.793598 1989.017456
v 1500.029907 -56.333862 1983.802002
v 1499.319702 -57.485806 1977.706421
v 1499.011963 -57.980824 1971.491211
v 1499.021729 -57.965427 1967.998047
v 1522.686646 -33.457825 2017.376953
v 1505.863647 -22.399776 2023.500000
v 1511.155884 -26.536100 2021.573730
v 1516.799561 -30.195858 2019.519653
v 1499.397217 -22.399776 2023.500000
v 1498.260376 -23.594448 2022.983887
v 1497.046021 -24.639534 2022.506104
v 1494.999146 -25.972902 2021.859497
v 1492.957764 -26.869413 2021.400757
v 1490.995972 -27.390568 2021.124878
v 1489.755127 -27.564163 2021.031494
v 1488.500000 -27.622353 2021.000000
v 1487.667114 -27.596817 2021.013916
v 1453.500000 -25.378876 2022.152832
v 1453.500000 -25.378876 1917.847168
v 1453.500000 -33.929825 1922.959961
v 1453.500000 -41.479637 1929.460693
v 1453.500000 -47.805546 1937.157471
v 1453.500000 -52.720894 1945.823364
v 1453.500000 -56.080650 1955.202637
v 1453.500000 -57.785683 1965.018555
v 1453.500000 -57.785683 1974.981445
v 1453.500000 -56.080650 1984.797363
v 1453.500000 -52.720894 1994.176636
v 1453.500000 -47.805546 2002.842529
v 1453.500000 -41.479637 2010.539307
v 1453.500000 -33.929825 2017.040039
v 1487.667114 -27.596817 1918.986084
v 1488.500000 -27.622641 1919.000122
v 1490.406128 -27.487814 1918.927246
v 1492.265869 -27.089088 1918.714722
v 1494.034790 -26.444881 1918.379517
v 1495.685669 -25.579052 1917.945068
v 1497.201050 -24.518042 1917.437012
v 1498.350342 -23.508318 1916.977783
v 1499.397217 -22.399776 1916.500000
vn -0.000000 -0.576859 -0.816844
vn -0.000000 -0.490003 -0.871720
vn -0.000000 -0.386203 -0.922414
vn -0.000000 -0.732759 -0.680489
vn -0.000000 -0.928757 -0.370688
vn -0.000000 -0.875627 -0.482987
vn -0.000000 -0.809884 -0.586590
vn -0.000000 -0.995517 -0.094584
vn -0.000000 -0.981921 -0.189291
vn -0.000000 -0.959542 -0.281566
vn 0.000000 -0.732759 0.680489
vn 0.000000 -0.818559 0.574423
vn 0.000000 -0.889769 0.456411
vn 0.000000 -0.944717 0.327886
vn 0.000000 -0.971274 0.237966
vn 0.000000 -0.991134 0.132869
vn 0.000000 -0.999669 0.025710
vn -0.000000 -0.999404 -0.034516
vn 0.000000 -0.576859 0.816844
vn 0.000000 -0.386203 0.922414
vn 0.000000 -0.457518 0.889201
vn 0.000000 -0.520620 0.853789
vn 0.000000 -0.386203 0.922414
vn 0.000000 -0.406801 0.913517
vn 0.000000 -0.424820 0.905278
vn 0.000000 -0.447809 0.894129
vn 0.000000 -0.463266 0.886219
vn 0.000000 -0.472251 0.881464
vn 0.000000 -0.475244 0.879854
vn 0.000000 -0.476247 0.879311
vn 0.000000 -0.475807 0.879550
vn 0.000000 -0.437567 0.899186
vn -0.000000 -0.437567 -0.899186
vn -0.000000 -0.584997 -0.811035
vn -0.000000 -0.715166 -0.698954
vn -0.000000 -0.824234 -0.566250
vn -0.000000 -0.908981 -0.416838
vn -0.000000 -0.966908 -0.255126
vn -0.000000 -0.996305 -0.085887
vn 0.000000 -0.996305 0.085887
vn 0.000000 -0.966908 0.255126
vn 0.000000 -0.908981 0.416838
vn 0.000000 -0.824234 0.566250
vn 0.000000 -0.715166 0.698954
vn 0.000000 -0.584997 0.811035
vn -0.000000 -0.475807 -0.879550
vn -0.000000 -0.476252 -0.879309
vn -0.000000 -0.473928 -0.880564
vn -0.000000 -0.467053 -0.884229
vn -0.000000 -0.455946 -0.890007
vn -0.000000 -0.441018 -0.897498
vn -0.000000 -0.422725 -0.906258
vn -0.000000 -0.405316 -0.914177
vn -0.000000 -0.386203 -0.922414
f 703//703 704//704 653//653
f 702//702 653//653 652//652
f 702//702 703//703 653//653
f 701//701 702//702 652//652
f 700//700 701//701 652//652
f 699//699 700//700 652//652
f 698//698 652//652 651//651
f 698//698 699//699 652//652
f 697//697 698//698 651//651
f 654//654 697//697 651//651
f 684//684 683//683 696//696
f 684//684 696//696 697//697
f 684//684 697//697 654//654
f 685//685 654//654 657//657
f 685//685 684//684 654//654
f 686//686 657//657 656//656
f 686//686 685//685 657//657
f 687//687 656//656 655//655
f 687//687 686//686 656//656
f 688//688 660//660 659//659
f 688//688 655//655 660//660
f 688//688 687//687 655//655
f 689//689 659//659 658//658
f 689//689 668//668 667//667
f 689//689 658//658 668//668
f 689//689 688//688 659//659
f 690//690 689//689 667//667
f 690//690 667//667 666//666
f 691//691 665//665 664//664
f 691//691 666//666 665//665
f 691//691 690//690 666//666
f 692//692 664//664 663//663
f 692//692 691//691 664//664
f 693//693 663//663 662//662
f 693//693 692//692 663//663
f 694//694 662//662 661//661
f 694//694 693//693 662//662
f 677//677 672//672 671//671
f 677//677 678//678 672//672
f 679//679 669//669 672//672
f 679//679 672//672 678//678
f 676//676 677//677 671//671
f 680//680 661//661 669//669
f 680//680 669//669 679//679
f 675//675 676//676 671//671
f 674//674 671//671 670//670
f 674//674 675//675 671//671
f 673//673 674//674 670//670
f 695//695 680//680 681//681
f 695//695 694//694 661//661
f 695//695 661//661 680//680
f 682//682 695//695 681//681
v 1488.500000 27.622379 2021.000000
v 1488.500000 -27.622353 2021.000000
v 1487.667114 -27.596817 2021.013916
v 1487.667114 27.596817 2021.013916
vn 0.000000 0.000000 1.000000
vn 0.000000 0.000000 1.000000
vn 0.033315 0.000000 0.999445
vn 0.033315 0.000000 0.999445
f 706//706 708//708 707//707
f 706//706 705//705 708//708
v 1488.500000 27.622379 2021.000000
v 1488.500000 -27.622353 2021.000000
v 1493.500000 26.668791 2021.505127
v 1491.888428 27.192263 2021.230591
v 1490.212158 27.513771 2021.058716
v 1495.906372 23.376083 2022.122314
v 1497.862305 19.811722 2022.819214
v 1499.397217 16.042822 2023.500000
v 1499.397217 -22.399776 2023.500000
v 1498.260376 -23.594448 2022.983887
v 1497.046021 -24.639534 2022.506104
v 1494.999146 -25.972902 2021.859497
v 1492.957764 -26.869413 2021.400757
v 1490.995972 -27.390568 2021.124878
v 1489.755127 -27.564163 2021.031494
vn -0.000000 -0.000000 1.000000
vn -0.000000 -0.000000 1.000000
vn -0.200000 -0.000000 0.979796
vn -0.135536 -0.000000 0.990772
vn -0.068486 -0.000000 0.997652
vn -0.296257 -0.000000 0.955108
vn -0.374490 -0.000000 0.927231
vn -0.435890 -0.000000 0.900000
vn -0.435890 -0.000000 0.900000
vn -0.390412 -0.000000 0.920640
vn -0.341844 -0.000000 0.939757
vn -0.259966 -0.000000 0.965618
vn -0.178312 -0.000000 0.983974
vn -0.099840 -0.000000 0.995004
vn -0.050206 -0.000000 0.998739
f 723//723 709//709 710//710
f 723//723 713//713 709//709
f 722//722 712//712 713//713
f 722//722 713//713 723//723
f 721//721 711//711 712//712
f 721//721 712//712 722//722
f 720//720 714//714 711//711
f 720//720 711//711 721//721
f 719//719 715//715 714//714
f 719//719 714//714 720//720
f 718//718 716//716 715//715
f 718//718 715//715 719//719
f 717//717 716//716 718//718
v 1493.500000 26.668791 2021.505127
v 1493.500000 30.565308 2019.292603
v 1493.500000 34.279396 2016.785889
v 1493.500000 37.788887 2014.000000
v 1495.906372 23.376083 2022.122314
v 1497.862305 19.811722 2022.819214
v 1499.397217 16.042822 2023.500000
v 1505.375244 4.365373 2023.500000
v 1504.272217 7.893344 2023.500122
v 1502.563354 11.401011 2023.499878
v 1501.102417 13.727519 2023.499878
v 1505.863647 0.000000 2023.500000
v 1505.766846 1.940976 2023.500000
v 1505.608398 3.153548 2023.500000
v 1531.964722 0.000000 2014.000000
v 1522.084839 18.148716 2014.000000
v 1527.050659 12.672091 2014.000000
v 1529.625732 8.697063 2014.000000
v 1531.059082 5.397258 2014.000000
v 1531.745239 2.654536 2014.000000
v 1531.909912 1.327079 2014.000000
v 1509.467285 28.064882 2013.999878
v 1512.732300 11.951077 2019.579956
vn 0.342020 0.432077 0.834465
vn 0.342020 0.495207 0.798619
vn 0.342020 0.555381 0.758007
vn 0.342020 0.612240 0.712870
vn 0.342020 0.384536 0.857411
vn 0.342020 0.330014 0.879837
vn 0.342020 0.269908 0.900096
vn 0.342020 0.076421 0.936580
vn 0.342020 0.137156 0.929629
vn 0.342020 0.195854 0.919056
vn 0.342020 0.233550 0.910207
vn 0.342020 0.000000 0.939693
vn 0.342020 0.034070 0.939075
vn 0.342020 0.055294 0.938064
vn 0.342020 0.000000 0.939693
vn 0.342020 0.358312 0.868697
vn 0.342020 0.260063 0.902989
vn 0.342020 0.182215 0.921857
vn 0.342020 0.114410 0.932702
vn 0.342020 0.056589 0.937987
vn 0.342020 0.028329 0.939265
vn 0.342020 0.505330 0.792252
vn 0.342020 0.220203 0.913528
f 745//745 730//730 734//734
f 729//729 730//730 745//745
f 728//728 729//729 745//745
f 725//725 724//724 728//728
f 725//725 728//728 745//745
f 726//726 725//725 745//745
f 727//727 726//726 745//745
f 746//746 732//732 731//731
f 746//746 733//733 732//732
f 746//746 734//734 733//733
f 746//746 736//736 735//735
f 746//746 737//737 736//736
f 746//746 731//731 737//737
f 746//746 735//735 738//738
f 746//746 740//740 739//739
f 746//746 741//741 740//740
f 746//746 742//742 741//741
f 746//746 743//743 742//742
f 746//746 744//744 743//743
f 746//746 738//738 744//744
f 746//746 739//739 745//745
f 746//746 745//745 734//734
v 1522.084839 18.148716 2014.000000
v 1527.050659 12.672091 2014.000000
v 1529.625732 8.697063 2014.000000
v 1531.059082 5.397258 2014.000000
v 1531.745239 2.654536 2014.000000
v 1531.909912 1.327079 2014.000000
v 1531.964722 0.000000 2014.000000
v 1493.500000 37.788887 2014.000000
v 1509.467285 28.064882 2013.999878
v 1507.000000 37.788887 2014.000000
v 1507.000000 52.000000 2014.000000
v 1592.000000 52.000000 2014.000000
v 1592.000000 -32.500000 2014.000000
v 1531.964722 -32.500000 2014.000000
vn 0.000000 -0.000000 1.000000
vn 0.000000 -0.000000 1.000000
vn 0.000000 -0.000000 1.000000
vn 0.000000 -0.000000 1.000000
vn 0.000000 -0.000000 1.000000
vn 0.000000 -0.000000 1.000000
vn 0.000000 -0.000000 1.000000
vn 0.000000 -0.000000 1.000000
vn 0.000000 -0.000000 1.000000
vn 0.000000 -0.000000 1.000000
vn 0.000000 -0.000000 1.000000
vn 0.000000 -0.000000 1.000000
vn 0.000000 -0.000000 1.000000
vn 0.000000 -0.000000 1.000000
f 753//753 760//760 759//759
f 752//752 753//753 759//759
f 751//751 759//759 758//758
f 751//751 752//752 759//759
f 750//750 751//751 758//758
f 749//749 750//750 758//758
f 748//748 749//749 758//758
f 747//747 748//748 758//758
f 756//756 755//755 747//747
f 754//754 755//755 756//756
f 757//757 747//747 758//758
f 757//757 756//756 747//747
v 1507.000000 37.788887 2014.000000
v 1507.000000 41.525745 2010.492188
v 1507.000000 44.938335 2006.668091
v 1507.000000 48.000000 2002.557617
v 1507.000000 52.000000 2014.000000
v 1507.000000 52.000000 1994.000000
v 1507.000000 48.000000 1994.000000
vn -1.000000 0.000000 0.000000
vn -1.000000 0.000000 0.000000
vn -1.000000 0.000000 0.000000
vn -1.000000 0.000000 0.000000
vn -1.000000 0.000000 0.000000
vn -1.000000 0.000000 0.000000
vn -1.000000 0.000000 0.000000
f 764//764 766//766 767//767
f 765//765 762//762 761//761
f 765//765 763//763 762//762
f 765//765 764//764 763//763
f 765//765 766//766 764//764
v 1555.121826 48.000000 1994.000000
v 1551.683472 48.000000 1987.623291
v 1549.338135 48.000000 1980.768799
v 1548.149414 48.000000 1973.622314
v 1548.149414 48.000000 1966.377686
v 1549.338135 48.000000 1959.231201
v 1551.683472 48.000000 1952.376709
v 1555.121826 48.000000 1946.000000
v 1507.000000 48.000000 1994.000000
v 1507.000000 48.000000 2002.557617
v 1478.500000 48.000000 2002.557617
v 1487.526367 48.000000 1996.262085
v 1501.308594 48.000000 1982.881348
v 1497.175415 48.000000 1987.825195
v 1492.524292 48.000000 1992.224854
v 1505.107666 48.000000 1975.512939
v 1504.111206 48.000000 1978.100098
v 1502.824341 48.000000 1980.554077
v 1478.500000 48.000000 1937.442383
v 1491.896606 48.000000 1947.236694
v 1497.903809 48.000000 1952.951050
v 1501.786499 48.000000 1957.806885
v 1504.097900 48.000000 1961.872925
v 1505.306152 48.000000 1965.159790
v 1505.827148 48.000000 1967.729126
v 1505.964600 48.000000 1970.596069
v 1505.703003 48.000000 1973.083008
v 1507.000000 48.000000 1937.442383
v 1507.000000 48.000000 1946.000000
vn -0.000000 1.000000 -0.000000
vn -0.000000 1.000000 -0.000000
vn -0.000000 1.000000 -0.000000
vn -0.000000 1.000000 -0.000000
vn -0.000000 1.000000 -0.000000
vn -0.000000 1.000000 -0.000000
vn -0.000000 1.000000 -0.000000
vn -0.000000 1.000000 -0.000000
vn -0.000000 1.000000 -0.000000
vn -0.000000 1.000000 -0.000000
vn -0.000000 1.000000 -0.000000
vn -0.000000 1.000000 -0.000000
vn -0.000000 1.000000 -0.000000
vn -0.000000 1.000000 -0.000000
vn -0.000000 1.000000 -0.000000
vn -0.000000 1.000000 -0.000000
vn -0.000000 1.000000 -0.000000
vn -0.000000 1.000000 -0.000000
vn -0.000000 1.000000 -0.000000
vn -0.000000 1.000000 -0.000000
vn -0.000000 1.000000 -0.000000
vn -0.000000 1.000000 -0.000000
vn -0.000000 1.000000 -0.000000
vn -0.000000 1.000000 -0.000000
vn -0.000000 1.000000 -0.000000
vn -0.000000 1.000000 -0.000000
vn -0.000000 1.000000 -0.000000
vn -0.000000 1.000000 -0.000000
vn -0.000000 1.000000 -0.000000
f 777//777 779//779 778//778
f 777//777 782//782 779//779
f 776//776 781//781 782//782
f 776//776 782//782 777//777
f 780//780 781//781 776//776
f 785//785 780//780 776//776
f 784//784 785//785 776//776
f 783//783 784//784 776//776
f 796//796 787//787 788//788
f 796//796 788//788 789//789
f 796//796 789//789 790//790
f 796//796 790//790 791//791
f 770//770 783//783 776//776
f 770//770 776//776 769//769
f 795//795 786//786 787//787
f 795//795 787//787 796//796
f 771//771 793//793 794//794
f 771//771 794//794 783//783
f 771//771 783//783 770//770
f 772//772 791//791 792//792
f 772//772 792//792 793//793
f 772//772 793//793 771//771
f 773//773 791//791 772//772
f 773//773 796//796 791//791
f 774//774 796//796 773//773
f 768//768 769//769 776//776
f 796//796 774//774 775//775
v 1487.526367 48.000000 1996.262085
v 1478.500000 48.000000 2002.557617
v 1501.308594 48.000000 1982.881348
v 1497.175415 48.000000 1987.825195
v 1492.524292 48.000000 1992.224854
v 1505.107666 48.000000 1975.512939
v 1504.111206 48.000000 1978.100098
v 1502.824341 48.000000 1980.554077
v 1478.500000 48.000000 1937.442383
v 1491.896606 48.000000 1947.236694
v 1497.903809 48.000000 1952.951050
v 1501.786499 48.000000 1957.806885
v 1504.097900 48.000000 1961.872925
v 1505.306152 48.000000 1965.159790
v 1505.827148 48.000000 1967.729126
v 1505.964600 48.000000 1970.596069
v 1505.703003 48.000000 1973.083008
v 1478.500000 52.823109 1993.952393
v 1478.500000 56.118179 1984.654297
v 1478.500000 57.789894 1974.932373
v 1478.500000 57.789894 1965.067627
v 1478.500000 56.118179 1955.345703
v 1478.500000 52.823109 1946.047607
v 1492.232300 50.665810 1985.561890
v 1492.232300 53.001854 1970.000000
v 1492.232300 50.665810 1954.438110
vn 0.342020 0.824372 0.451036
vn 0.342020 0.777677 0.527486
vn 0.342020 0.907580 0.243559
vn 0.342020 0.880912 0.327134
vn 0.342020 0.852722 0.394825
vn 0.342020 0.933555 0.107222
vn 0.342020 0.926592 0.156363
vn 0.342020 0.917769 0.201796
vn 0.342020 0.777677 -0.527486
vn 0.342020 0.849055 -0.402651
vn 0.342020 0.885495 -0.314516
vn 0.342020 0.910767 -0.231355
vn 0.342020 0.926506 -0.156870
vn 0.342020 0.934951 -0.094278
vn 0.342020 0.938643 -0.044408
vn 0.342020 0.939620 0.011668
vn 0.342020 0.937760 0.060232
vn 0.342020 0.855819 0.388068
vn 0.342020 0.909204 0.237424
vn 0.342020 0.936289 0.079912
vn 0.342020 0.936289 -0.079912
vn 0.342020 0.909204 -0.237424
vn 0.342020 0.855819 -0.388068
vn 0.342020 0.898276 0.275903
vn 0.342020 0.939693 0.000000
vn 0.342020 0.898276 -0.275903
f 814//814 798//798 797//797
f 805//805 819//819 806//806
f 820//820 800//800 799//799
f 820//820 801//801 800//800
f 820//820 797//797 801//801
f 820//820 799//799 804//804
f 820//820 815//815 814//814
f 820//820 816//816 815//815
f 820//820 814//814 797//797
f 821//821 803//803 802//802
f 821//821 804//804 803//803
f 821//821 809//809 808//808
f 821//821 810//810 809//809
f 821//821 811//811 810//810
f 821//821 812//812 811//811
f 821//821 813//813 812//812
f 821//821 802//802 813//813
f 821//821 817//817 816//816
f 821//821 816//816 820//820
f 821//821 820//820 804//804
f 822//822 807//807 806//806
f 822//822 808//808 807//807
f 822//822 818//818 817//817
f 822//822 819//819 818//818
f 822//822 817//817 821//821
f 822//822 821//821 808//808
f 822//822 806//806 819//819
v 1507.000000 48.000000 1937.442383
v 1507.000000 44.938335 1933.331909
v 1507.000000 41.525745 1929.507813
v 1507.000000 37.788887 1926.000000
v 1507.000000 48.000000 1946.000000
v 1507.000000 52.000000 1946.000000
v 1507.000000 52.000000 1926.000000
vn -1.000000 0.000000 0.000000
vn -1.000000 0.000000 0.000000
vn -1.000000 0.000000 0.000000
vn -1.000000 0.000000 0.000000
vn -1.000000 0.000000 0.000000
vn -1.000000 0.000000 0.000000
vn -1.000000 0.000000 0.000000
f 829//829 826//826 825//825
f 824//824 829//829 825//825
f 823//823 829//829 824//824
f 828//828 823//823 827//827
f 828//828 829//829 823//823
v 1592.000000 52.000000 1926.000000
v 1507.000000 52.000000 1926.000000
v 1507.000000 37.788887 1926.000000
v 1493.500000 37.788887 1926.000000
v 1522.084839 18.148708 1926.000000
v 1508.347900 28.815269 1926.000000
v 1531.964722 -0.000000 1926.000000
v 1531.759155 2.566325 1926.000000
v 1531.416870 4.193760 1926.000000
v 1530.832397 6.035845 1926.000000
v 1529.785767 8.391576 1926.000000
v 1528.316040 10.891854 1926.000000
v 1525.395386 14.701213 1926.000000
v 1531.964722 -32.500000 1926.000000
v 1592.000000 -32.500000 1926.000000
vn -0.000000 0.000000 -1.000000
vn -0.000000 0.000000 -1.000000
vn -0.000000 0.000000 -1.000000
vn -0.000000 0.000000 -1.000000
vn -0.000000 0.000000 -1.000000
vn -0.000000 0.000000 -1.000000
vn -0.000000 0.000000 -1.000000
vn -0.000000 0.000000 -1.000000
vn -0.000000 0.000000 -1.000000
vn -0.000000 0.000000 -1.000000
vn -0.000000 0.000000 -1.000000
vn -0.000000 0.000000 -1.000000
vn -0.000000 0.000000 -1.000000
vn -0.000000 0.000000 -1.000000
vn -0.000000 0.000000 -1.000000
f 832//832 834//834 835//835
f 832//832 835//835 833//833
f 831//831 834//834 832//832
f 844//844 836//836 837//837
f 844//844 843//843 836//836
f 830//830 837//837 838//838
f 830//830 838//838 839//839
f 830//830 839//839 840//840
f 830//830 840//840 841//841
f 830//830 841//841 842//842
f 830//830 842//842 834//834
f 830//830 844//844 837//837
f 830//830 834//834 831//831
v 1505.375244 4.365373 1916.500000
v 1505.741211 2.183537 1916.500000
v 1505.863647 0.000000 1916.500000
v 1499.397217 16.042822 1916.500000
v 1502.103027 12.179283 1916.500000
v 1504.112305 8.283422 1916.500000
v 1504.839722 6.326505 1916.500122
v 1497.954590 19.613081 1917.142578
v 1496.041504 23.162474 1917.836548
v 1493.500000 26.668791 1918.494873
v 1493.500000 37.788887 1926.000000
v 1493.500000 34.279396 1923.214111
v 1493.500000 30.565308 1920.707397
v 1522.084839 18.148708 1926.000000
v 1508.347900 28.815269 1926.000000
v 1531.964722 -0.000000 1926.000000
v 1531.759155 2.566325 1926.000000
v 1531.416870 4.193760 1926.000000
v 1530.832397 6.035845 1926.000000
v 1529.785767 8.391576 1926.000000
v 1528.316040 10.891854 1926.000000
v 1525.395386 14.701213 1926.000000
v 1512.732300 11.951077 1920.420044
vn 0.342020 0.076421 -0.936580
vn 0.342020 0.038320 -0.938911
vn 0.342020 0.000000 -0.939693
vn 0.342020 0.269908 -0.900096
vn 0.342020 0.208585 -0.916250
vn 0.342020 0.143780 -0.928628
vn 0.342020 0.110352 -0.933191
vn 0.342020 0.326900 -0.880999
vn 0.342020 0.381353 -0.858832
vn 0.342020 0.432077 -0.834465
vn 0.342020 0.612240 -0.712870
vn 0.342020 0.555381 -0.758007
vn 0.342020 0.495207 -0.798619
vn 0.342020 0.358312 -0.868697
vn 0.342020 0.514822 -0.786117
vn 0.342020 0.000000 -0.939693
vn 0.342020 0.054715 -0.938098
vn 0.342020 0.089161 -0.935453
vn 0.342020 0.127709 -0.930974
vn 0.342020 0.176043 -0.923055
vn 0.342020 0.225798 -0.912161
vn 0.342020 0.297787 -0.891261
vn 0.342020 0.220203 -0.913528
f 856//856 855//855 859//859
f 857//857 856//856 859//859
f 853//853 854//854 857//857
f 853//853 857//857 859//859
f 852//852 853//853 859//859
f 848//848 852//852 859//859
f 867//867 846//846 845//845
f 867//867 847//847 846//846
f 867//867 849//849 848//848
f 867//867 850//850 849//849
f 867//867 851//851 850//850
f 867//867 845//845 851//851
f 867//867 859//859 858//858
f 867//867 861//861 860//860
f 867//867 862//862 861//861
f 867//867 863//863 862//862
f 867//867 864//864 863//863
f 867//867 865//865 864//864
f 867//867 866//866 865//865
f 867//867 858//858 866//866
f 867//867 860//860 847//847
f 867//867 848//848 859//859
v 1488.500000 27.622572 1919.000122
v 1488.500000 -27.622641 1919.000122
v 1490.406128 -27.487814 1918.927246
v 1492.265869 -27.089088 1918.714722
v 1494.034790 -26.444881 1918.379517
v 1495.685669 -25.579052 1917.945068
v 1497.201050 -24.518042 1917.437012
v 1498.350342 -23.508318 1916.977783
v 1499.397217 -22.399776 1916.500000
v 1499.397217 16.042822 1916.500000
v 1497.954590 19.613081 1917.142578
v 1496.041504 23.162474 1917.836548
v 1493.500000 26.668791 1918.494873
v 1490.213257 27.513733 1918.941284
v 1491.885742 27.192860 1918.769653
vn -0.000000 -0.000000 -1.000000
vn 0.000000 -0.000000 -1.000000
vn -0.076247 -0.000000 -0.997089
vn -0.150636 -0.000000 -0.988589
vn -0.221394 -0.000000 -0.975185
vn -0.287427 -0.000000 -0.957803
vn -0.348042 -0.000000 -0.937479
vn -0.394012 -0.000000 -0.919105
vn -0.435890 -0.000000 -0.900000
vn -0.435890 -0.000000 -0.900000
vn -0.378193 -0.000000 -0.925727
vn -0.301645 -0.000000 -0.953420
vn -0.200000 -0.000000 -0.979796
vn -0.068532 -0.000000 -0.997649
vn -0.135432 -0.000000 -0.990787
f 875//875 877//877 876//876
f 875//875 878//878 877//877
f 874//874 878//878 875//875
f 873//873 879//879 878//878
f 873//873 878//878 874//874
f 872//872 880//880 879//879
f 872//872 879//879 873//873
f 871//871 882//882 880//880
f 871//871 880//880 872//872
f 870//870 881//881 882//882
f 870//870 882//882 871//871
f 869//869 868//868 881//881
f 869//869 881//881 870//870
v 1488.500000 27.622572 1919.000122
v 1488.500000 -27.622641 1919.000122
v 1487.667114 27.596817 1918.986084
v 1487.667114 -27.596817 1918.986084
vn -0.000000 -0.000000 -1.000000
vn -0.000000 -0.000000 -1.000000
vn 0.033315 -0.000000 -0.999445
vn 0.033315 -0.000000 -0.999445
f 886//886 883//883 884//884
f 886//886 885//885 883//883
v 1523.616089 -32.500000 1922.961304
v 1531.964722 -32.500000 1926.000000
v 1522.686646 -33.457825 1922.623047
v 1513.941772 -28.420200 1919.440186
v 1505.863647 -22.399776 1916.500000
v 1505.863647 0.000000 1916.500000
v 1531.964722 -0.000000 1926.000000
vn 0.342020 0.000000 -0.939693
vn 0.342020 0.000000 -0.939693
vn 0.342020 0.000000 -0.939693
vn 0.342020 0.000000 -0.939693
vn 0.342020 0.000000 -0.939693
vn 0.342020 0.000000 -0.939693
vn 0.342020 0.000000 -0.939693
f 890//890 887//887 889//889
f 893//893 888//888 887//887
f 893//893 887//887 890//890
f 891//891 893//893 890//890
f 892//892 893//893 891//891
v 1592.000000 -32.500000 1887.000000
v 1592.000000 -42.500000 1877.000000
v 1507.790405 -42.500000 1930.531616
v 1515.798218 -42.500000 1916.686279
v 1526.060059 -42.500000 1904.418213
v 1538.272461 -42.500000 1894.090210
v 1552.073608 -42.500000 1886.006836
v 1567.055420 -42.500000 1880.407349
v 1579.411865 -42.500000 1877.855591
v 1522.686646 -33.457825 1922.623047
v 1523.616089 -32.500000 1922.961304
v 1532.062622 -32.500000 1912.584717
v 1542.066772 -32.500000 1903.700195
v 1553.368408 -32.500000 1896.538452
v 1565.674072 -32.500000 1891.285645
v 1578.663696 -32.500000 1888.078369
vn 0.000000 0.707107 -0.707107
vn -0.000000 0.707107 -0.707107
vn -0.640270 0.707107 -0.300090
vn -0.579383 0.707107 -0.405358
vn -0.501360 0.707107 -0.498636
vn -0.408508 0.707107 -0.577167
vn -0.303573 0.707107 -0.638626
vn -0.189659 0.707107 -0.681197
vn -0.095710 0.707107 -0.700599
vn -0.583769 0.707107 -0.399016
vn -0.582587 0.707107 -0.400739
vn -0.510628 0.707107 -0.489141
vn -0.425399 0.707107 -0.564832
vn -0.329116 0.707107 -0.625846
vn -0.224280 0.707107 -0.670596
vn -0.113616 0.707107 -0.697919
f 905//905 903//903 904//904
f 897//897 896//896 903//903
f 897//897 903//903 905//905
f 898//898 905//905 906//906
f 898//898 897//897 905//905
f 899//899 906//906 907//907
f 899//899 898//898 906//906
f 900//900 907//907 908//908
f 900//900 899//899 907//907
f 901//901 908//908 909//909
f 901//901 900//900 908//908
f 902//902 909//909 894//894
f 902//902 901//901 909//909
f 895//895 902//902 894//894
v 1592.000000 -42.500000 2063.000000
v 1592.000000 -60.500000 2063.000000
v 1577.019409 -42.500000 2061.785400
v 1562.430054 -42.500000 2058.173828
v 1548.613037 -42.500000 2052.259033
v 1535.929077 -42.500000 2044.196045
v 1524.709717 -42.500000 2034.195190
v 1515.247803 -42.500000 2022.517578
v 1507.790405 -42.500000 2009.468384
v 1505.172485 -47.476414 2003.316528
v 1502.847168 -51.606632 1996.471802
v 1500.965088 -54.793598 1989.017456
v 1500.029907 -56.333862 1983.802002
v 1499.319702 -57.485806 1977.706421
v 1499.011963 -57.980824 1971.491211
v 1499.021729 -57.965427 1967.998047
v 1499.161987 -57.739979 1964.514160
v 1499.650391 -56.951408 1959.021118
v 1500.445068 -55.653419 1953.669189
v 1501.519287 -53.867920 1948.500122
v 1503.319214 -50.786362 1941.986694
v 1505.446655 -46.973293 1935.977783
v 1507.790405 -42.500000 1930.531616
v 1515.798218 -42.500000 1916.686279
v 1526.060059 -42.500000 1904.418213
v 1538.272461 -42.500000 1894.090210
v 1552.073608 -42.500000 1886.006836
v 1567.055420 -42.500000 1880.407349
v 1579.411865 -42.500000 1877.855591
v 1592.000000 -42.500000 1877.000000
v 1592.000000 -60.500000 1877.000000
v 1499.000000 -60.500000 1970.000000
v 1500.412842 -60.500000 1953.850708
v 1504.608643 -60.500000 1938.192139
v 1511.459595 -60.500000 1923.500000
v 1520.757813 -60.500000 1910.220703
v 1532.220703 -60.500000 1898.757813
v 1545.500000 -60.500000 1889.459595
v 1560.192139 -60.500000 1882.608643
v 1575.850708 -60.500000 1878.412842
v 1575.850708 -60.500000 2061.587158
v 1560.192139 -60.500000 2057.391357
v 1545.500000 -60.500000 2050.540283
v 1532.220703 -60.500000 2041.242188
v 1520.757813 -60.500000 2029.779297
v 1511.459595 -60.500000 2016.500000
v 1504.608643 -60.500000 2001.807861
v 1500.412842 -60.500000 1986.149292
vn 0.000000 0.000000 1.000000
vn 0.000000 0.000000 1.000000
vn -0.161082 0.000000 0.986941
vn -0.317957 0.000000 0.948105
vn -0.466527 0.000000 0.884507
vn -0.602913 0.000000 0.797807
vn -0.723552 0.000000 0.690270
vn -0.825293 0.000000 0.564705
vn -0.905479 0.000000 0.424391
vn -0.933629 0.000000 0.358242
vn -0.958633 0.000000 0.284644
vn -0.978869 0.000000 0.204488
vn -0.988926 0.000000 0.148409
vn -0.996561 0.000000 0.082865
vn -0.999871 0.000000 0.016034
vn -0.999768 -0.000000 -0.021526
vn -0.998259 -0.000000 -0.058988
vn -0.993007 -0.000000 -0.118053
vn -0.984462 -0.000000 -0.175600
vn -0.972911 -0.000000 -0.231182
vn -0.953555 -0.000000 -0.301218
vn -0.930682 -0.000000 -0.365830
vn -0.905479 -0.000000 -0.424391
vn -0.819372 -0.000000 -0.573262
vn -0.709030 -0.000000 -0.705178
vn -0.577717 -0.000000 -0.816237
vn -0.429317 -0.000000 -0.903154
vn -0.268219 -0.000000 -0.963358
vn -0.135355 -0.000000 -0.990797
vn -0.000000 -0.000000 -1.000000
vn -0.000000 -0.000000 -1.000000
vn -1.000000 0.000000 0.000000
vn -0.984808 -0.000000 -0.173648
vn -0.939693 -0.000000 -0.342020
vn -0.866025 -0.000000 -0.500000
vn -0.766044 -0.000000 -0.642788
vn -0.642788 -0.000000 -0.766044
vn -0.500000 -0.000000 -0.866025
vn -0.342020 -0.000000 -0.939693
vn -0.173648 -0.000000 -0.984808
vn -0.173648 0.000000 0.984808
vn -0.342020 0.000000 0.939693
vn -0.500000 0.000000 0.866025
vn -0.642788 0.000000 0.766044
vn -0.766044 0.000000 0.642788
vn -0.866025 0.000000 0.500000
vn -0.939693 0.000000 0.342020
vn -0.984808 0.000000 0.173648
f 911//911 910//910 912//912
f 950//950 912//912 913//913
f 950//950 911//911 912//912
f 951//951 913//913 914//914
f 951//951 950//950 913//913
f 952//952 914//914 915//915
f 952//952 951//951 914//914
f 953//953 915//915 916//916
f 953//953 952//952 915//915
f 954//954 916//916 917//917
f 954//954 953//953 916//916
f 919//919 917//917 918//918
f 955//955 954//954 917//917
f 955//955 917//917 919//919
f 956//956 919//919 920//920
f 956//956 955//955 919//919
f 921//921 956//956 920//920
f 957//957 921//921 922//922
f 957//957 956//956 921//921
f 923//923 957//957 922//922
f 941//941 923//923 924//924
f 941//941 924//924 925//925
f 941//941 957//957 923//923
f 926//926 941//941 925//925
f 942//942 926//926 927//927
f 942//942 927//927 928//928
f 942//942 928//928 929//929
f 942//942 941//941 926//926
f 933//933 931//931 932//932
f 943//943 942//942 929//929
f 943//943 929//929 930//930
f 944//944 931//931 933//933
f 944//944 930//930 931//931
f 944//944 943//943 930//930
f 945//945 933//933 934//934
f 945//945 944//944 933//933
f 946//946 945//945 934//934
f 946//946 934//934 935//935
f 947//947 935//935 936//936
f 947//947 946//946 935//935
f 948//948 936//936 937//937
f 948//948 947//947 936//936
f 949//949 937//937 938//938
f 949//949 948//948 937//937
f 940//940 938//938 939//939
f 940//940 949//949 938//938
v 1592.000000 -32.500000 2053.000000
v 1592.000000 -42.500000 2063.000000
v 1578.663696 -32.500000 2051.921631
v 1565.674072 -32.500000 2048.714355
v 1553.368408 -32.500000 2043.461548
v 1542.066772 -32.500000 2036.299805
v 1532.062622 -32.500000 2027.415283
v 1523.616089 -32.500000 2017.038696
v 1522.686646 -33.457825 2017.376953
v 1507.790405 -42.500000 2009.468384
v 1577.019409 -42.500000 2061.785400
v 1562.430054 -42.500000 2058.173828
v 1548.613037 -42.500000 2052.259033
v 1535.929077 -42.500000 2044.196045
v 1524.709717 -42.500000 2034.195190
v 1515.247803 -42.500000 2022.517578
vn 0.000000 0.707107 0.707107
vn 0.000000 0.707107 0.707107
vn -0.113616 0.707107 0.697919
vn -0.224280 0.707107 0.670596
vn -0.329116 0.707107 0.625846
vn -0.425399 0.707107 0.564832
vn -0.510628 0.707107 0.489141
vn -0.582587 0.707107 0.400739
vn -0.583769 0.707107 0.399016
vn -0.640270 0.707107 0.300090
vn -0.113902 0.707107 0.697873
vn -0.224829 0.707107 0.670412
vn -0.329884 0.707107 0.625441
vn -0.426324 0.707107 0.564135
vn -0.511628 0.707107 0.488095
vn -0.583570 0.707107 0.399307
f 960//960 959//959 958//958
f 968//968 959//959 960//960
f 961//961 968//968 960//960
f 969//969 961//961 962//962
f 969//969 968//968 961//961
f 970//970 962//962 963//963
f 970//970 969//969 962//962
f 971//971 963//963 964//964
f 971//971 970//970 963//963
f 972//972 971//971 964//964
f 966//966 964//964 965//965
f 966//966 972//972 964//964
f 973//973 972//972 966//966
f 967//967 973//973 966//966
v 1531.964722 -32.500000 2014.000000
v 1523.616089 -32.500000 2017.038696
v 1531.964722 0.000000 2014.000000
v 1505.863647 0.000000 2023.500000
v 1505.863647 -22.399776 2023.500000
v 1511.155884 -26.536100 2021.573730
v 1516.799561 -30.195858 2019.519653
v 1522.686646 -33.457825 2017.376953
vn 0.342020 -0.000000 0.939693
vn 0.342020 -0.000000 0.939693
vn 0.342020 -0.000000 0.939693
vn 0.342020 -0.000000 0.939693
vn 0.342020 -0.000000 0.939693
vn 0.342020 -0.000000 0.939693
vn 0.342020 -0.000000 0.939693
vn 0.342020 -0.000000 0.939693
f 975//975 980//980 981//981
f 977//977 978//978 979//979
f 976//976 975//975 974//974
f 976//976 979//979 980//980
f 976//976 980//980 975//975
f 976//976 977//977 979//979
v 1499.397217 16.042822 2023.500000
v 1499.397217 -22.399776 2023.500000
v 1505.863647 -22.399776 2023.500000
v 1505.863647 0.000000 2023.500000
v 1505.766846 1.940976 2023.500000
v 1505.608398 3.153548 2023.500000
v 1505.375244 4.365373 2023.500000
v 1504.272217 7.893344 2023.500122
v 1502.563354 11.401011 2023.499878
v 1501.102417 13.727519 2023.499878
vn 0.000000 0.000000 1.000000
vn 0.000000 0.000000 1.000000
vn 0.000000 0.000000 1.000000
vn 0.000000 0.000000 1.000000
vn 0.000000 0.000000 1.000000
vn 0.000000 0.000000 1.000000
vn 0.000000 0.000000 1.000000
vn 0.000000 0.000000 1.000000
vn 0.000000 0.000000 1.000000
vn 0.000000 0.000000 1.000000
f 985//985 983//983 984//984
f 987//987 985//985 986//986
f 988//988 985//985 987//987
f 989//989 985//985 988//988
f 990//990 985//985 989//989
f 991//991 985//985 990//990
f 982//982 983//983 985//985
f 982//982 985//985 991//991
v 1505.863647 -22.399776 1916.500000
v 1499.397217 -22.399776 1916.500000
v 1499.397217 16.042822 1916.500000
v 1502.103027 12.179283 1916.500000
v 1504.112305 8.283422 1916.500000
v 1504.839722 6.326505 1916.500122
v 1505.375244 4.365373 1916.500000
v 1505.741211 2.183537 1916.500000
v 1505.863647 0.000000 1916.500000
vn 0.000000 0.000000 -1.000000
vn 0.000000 0.000000 -1.000000
vn 0.000000 0.000000 -1.000000
vn 0.000000 0.000000 -1.000000
vn 0.000000 0.000000 -1.000000
vn 0.000000 0.000000 -1.000000
vn 0.000000 0.000000 -1.000000
vn 0.000000 0.000000 -1.000000
vn 0.000000 0.000000 -1.000000
f 1000//1000 992//992 993//993
f 998//998 999//999 1000//1000
f 997//997 998//998 1000//1000
f 996//996 997//997 1000//1000
f 995//995 996//996 1000//1000
f 994//994 1000//1000 993//993
f 994//994 995//995 1000//1000
v 1531.964722 -32.500000 2014.000000
v 1523.616089 -32.500000 2017.038696
v 1592.000000 -32.500000 2053.000000
v 1578.663696 -32.500000 2051.921631
v 1565.674072 -32.500000 2048.714355
v 1553.368408 -32.500000 2043.461548
v 1542.066772 -32.500000 2036.299805
v 1532.062622 -32.500000 2027.415283
v 1606.412842 -32.500000 2051.739014
v 1620.387695 -32.500000 2047.994507
v 1633.500000 -32.500000 2041.880127
v 1645.351318 -32.500000 2033.581665
v 1655.581665 -32.500000 2023.351318
v 1663.880127 -32.500000 2011.500000
v 1669.994507 -32.500000 1998.387695
v 1673.739014 -32.500000 1984.412842
v 1675.000000 -32.500000 1970.000000
v 1673.739014 -32.500000 1955.587158
v 1669.994507 -32.500000 1941.612305
v 1663.880127 -32.500000 1928.500000
v 1655.581665 -32.500000 1916.648682
v 1645.351318 -32.500000 1906.418335
v 1633.500000 -32.500000 1898.119873
v 1620.387695 -32.500000 1892.005493
v 1606.412842 -32.500000 1888.260986
v 1592.000000 -32.500000 1887.000000
v 1523.616089 -32.500000 1922.961304
v 1532.062622 -32.500000 1912.584717
v 1542.066772 -32.500000 1903.700195
v 1553.368408 -32.500000 1896.538452
v 1565.674072 -32.500000 1891.285645
v 1578.663696 -32.500000 1888.078369
v 1531.964722 -32.500000 1926.000000
v 1592.000000 -32.500000 1926.000000
v 1599.514771 -32.500000 1926.646484
v 1606.809326 -32.500000 1928.567139
v 1613.221558 -32.500000 1931.455933
v 1618.714600 -32.500000 1935.038330
v 1623.614624 -32.500000 1939.397583
v 1627.811890 -32.500000 1944.436279
v 1631.213623 -32.500000 1950.042847
v 1633.744385 -32.500000 1956.093262
v 1635.347778 -32.500000 1962.452271
v 1635.988159 -32.500000 1968.978638
v 1635.651245 -32.500000 1975.528320
v 1634.344727 -32.500000 1981.955078
v 1632.097656 -32.500000 1988.115723
v 1628.959595 -32.500000 1993.874390
v 1625.000366 -32.500000 1999.102783
v 1620.308472 -32.500000 2003.684204
v 1614.987427 -32.500000 2007.517578
v 1609.155518 -32.500000 2010.517700
v 1602.942993 -32.500000 2012.617554
v 1597.515015 -32.500000 2013.652954
v 1592.000000 -32.500000 2014.000000
vn 0.000000 1.000000 0.000000
vn 0.000000 1.000000 0.000000
vn 0.000000 1.000000 0.000000
vn 0.000000 1.000000 0.000000
vn 0.000000 1.000000 0.000000
vn 0.000000 1.000000 0.000000
vn 0.000000 1.000000 0.000000
vn 0.000000 1.000000 0.000000
vn 0.000000 1.000000 0.000000
vn 0.000000 1.000000 0.000000
vn 0.000000 1.000000 0.000000
vn 0.000000 1.000000 0.000000
vn 0.000000 1.000000 0.000000
vn 0.000000 1.000000 0.000000
vn 0.000000 1.000000 0.000000
vn 0.000000 1.000000 0.000000
vn 0.000000 1.000000 0.000000
vn 0.000000 1.000000 0.000000
vn 0.000000 1.000000 0.000000
vn 0.000000 1.000000 0.000000
vn 0.000000 1.000000 0.000000
vn 0.000000 1.000000 0.000000
vn 0.000000 1.000000 0.000000
vn 0.000000 1.000000 0.000000
vn 0.000000 1.000000 0.000000
vn 0.000000 1.000000 0.000000
vn 0.000000 1.000000 0.000000
vn 0.000000 1.000000 0.000000
vn 0.000000 1.000000 0.000000
vn 0.000000 1.000000 0.000000
vn 0.000000 1.000000 0.000000
vn 0.000000 1.000000 0.000000
vn 0.000000 1.000000 0.000000
vn 0.000000 1.000000 0.000000
vn 0.000000 1.000000 0.000000
vn 0.000000 1.000000 0.000000
vn 0.000000 1.000000 0.000000
vn 0.000000 1.000000 0.000000
vn 0.000000 1.000000 0.000000
vn 0.000000 1.000000 0.000000
vn 0.000000 1.000000 0.000000
vn 0.000000 1.000000 0.000000
vn 0.000000 1.000000 0.000000
vn 0.000000 1.000000 0.000000
vn 0.000000 1.000000 0.000000
vn 0.000000 1.000000 0.000000
vn 0.000000 1.000000 0.000000
vn 0.000000 1.000000 0.000000
vn 0.000000 1.000000 0.000000
vn 0.000000 1.000000 0.000000
vn 0.000000 1.000000 0.000000
vn 0.000000 1.000000 0.000000
vn 0.000000 1.000000 0.000000
vn 0.000000 1.000000 0.000000
vn 0.000000 1.000000 0.000000
f 1033//1033 1028//1028 1027//1027
f 1033//1033 1029//1029 1028//1028
f 1034//1034 1030//1030 1029//1029
f 1034//1034 1031//1031 1030//1030
f 1034//1034 1032//1032 1031//1031
f 1034//1034 1026//1026 1032//1032
f 1034//1034 1029//1029 1033//1033
f 1035//1035 1025//1025 1026//1026
f 1035//1035 1026//1026 1034//1034
f 1036//1036 1024//1024 1025//1025
f 1036//1036 1025//1025 1035//1035
f 1037//1037 1023//1023 1024//1024
f 1037//1037 1024//1024 1036//1036
f 1038//1038 1022//1022 1023//1023
f 1038//1038 1023//1023 1037//1037
f 1008//1008 1001//1001 1002//1002
f 1039//1039 1022//1022 1038//1038
f 1021//1021 1022//1022 1039//1039
f 1040//1040 1021//1021 1039//1039
f 1007//1007 1001//1001 1008//1008
f 1020//1020 1021//1021 1040//1040
f 1020//1020 1040//1040 1041//1041
f 1055//1055 1007//1007 1006//1006
f 1055//1055 1001//1001 1007//1007
f 1019//1019 1020//1020 1041//1041
f 1019//1019 1041//1041 1042//1042
f 1005//1005 1055//1055 1006//1006
f 1018//1018 1019//1019 1042//1042
f 1018//1018 1042//1042 1043//1043
f 1018//1018 1043//1043 1044//1044
f 1004//1004 1055//1055 1005//1005
f 1017//1017 1018//1018 1044//1044
f 1017//1017 1044//1044 1045//1045
f 1003//1003 1055//1055 1004//1004
f 1003//1003 1054//1054 1055//1055
f 1016//1016 1017//1017 1045//1045
f 1016//1016 1045//1045 1046//1046
f 1009//1009 1054//1054 1003//1003
f 1009//1009 1053//1053 1054//1054
f 1010//1010 1052//1052 1053//1053
f 1010//1010 1053//1053 1009//1009
f 1015//1015 1016//1016 1046//1046
f 1015//1015 1046//1046 1047//1047
f 1011//1011 1051//1051 1052//1052
f 1011//1011 1052//1052 1010//1010
f 1014//1014 1047//1047 1048//1048
f 1014//1014 1015//1015 1047//1047
f 1012//1012 1049//1049 1050//1050
f 1012//1012 1050//1050 1051//1051
f 1012//1012 1051//1051 1011//1011
f 1013//1013 1048//1048 1049//1049
f 1013//1013 1049//1049 1012//1012
f 1013//1013 1014//1014 1048//1048
v 1592.000000 -32.500000 1926.000000
v 1599.514771 -32.500000 1926.646484
v 1606.809326 -32.500000 1928.567139
v 1613.221558 -32.500000 1931.455933
v 1618.714600 -32.500000 1935.038330
v 1623.614624 -32.500000 1939.397583
v 1627.811890 -32.500000 1944.436279
v 1631.213623 -32.500000 1950.042847
v 1633.744385 -32.500000 1956.093262
v 1635.347778 -32.500000 1962.452271
v 1635.988159 -32.500000 1968.978638
v 1635.651245 -32.500000 1975.528320
v 1634.344727 -32.500000 1981.955078
v 1632.097656 -32.500000 1988.115723
v 1628.959595 -32.500000 1993.874390
v 1625.000366 -32.500000 1999.102783
v 1620.308472 -32.500000 2003.684204
v 1614.987427 -32.500000 2007.517578
v 1609.155518 -32.500000 2010.517700
v 1602.942993 -32.500000 2012.617554
v 1597.515015 -32.500000 2013.652954
v 1592.000000 -32.500000 2014.000000
v 1592.000000 52.000000 1926.000000
v 1592.000000 52.000000 2014.000000
v 1599.640503 52.000000 2013.331543
v 1607.048828 52.000000 2011.346436
v 1614.000000 52.000000 2008.105103
v 1620.282715 52.000000 2003.705933
v 1625.705933 52.000000 1998.282715
v 1630.105103 52.000000 1992.000000
v 1633.346436 52.000000 1985.048828
v 1635.331543 52.000000 1977.640503
v 1636.000000 52.000000 1970.000000
v 1635.331543 52.000000 1962.359497
v 1633.346436 52.000000 1954.951172
v 1630.105103 52.000000 1948.000000
v 1625.705933 52.000000 1941.717285
v 1620.282715 52.000000 1936.294067
v 1614.000000 52.000000 1931.894897
v 1607.048828 52.000000 1928.653564
v 1599.640503 52.000000 1926.668457
vn 0.000000 0.000000 -1.000000
vn 0.170794 0.000000 -0.985307
vn 0.336569 0.000000 -0.941659
vn 0.482308 0.000000 -0.876002
vn 0.607152 0.000000 -0.794585
vn 0.718509 0.000000 -0.695518
vn 0.813904 0.000000 -0.580999
vn 0.891219 0.000000 -0.453574
vn 0.948735 0.000000 -0.316073
vn 0.985175 0.000000 -0.171550
vn 0.999730 0.000000 -0.023217
vn 0.992077 -0.000000 0.125633
vn 0.962385 -0.000000 0.271691
vn 0.911313 -0.000000 0.411714
vn 0.839997 -0.000000 0.542591
vn 0.750021 -0.000000 0.661414
vn 0.643383 -0.000000 0.765544
vn 0.522453 -0.000000 0.852668
vn 0.389917 -0.000000 0.920850
vn 0.248718 -0.000000 0.968576
vn 0.125348 -0.000000 0.992113
vn 0.000000 -0.000000 1.000000
vn 0.000000 0.000000 -1.000000
vn 0.000000 -0.000000 1.000000
vn 0.173648 -0.000000 0.984808
vn 0.342020 -0.000000 0.939693
vn 0.500000 -0.000000 0.866025
vn 0.642788 -0.000000 0.766044
vn 0.766044 -0.000000 0.642788
vn 0.866025 -0.000000 0.500000
vn 0.939693 -0.000000 0.342020
vn 0.984808 -0.000000 0.173648
vn 1.000000 -0.000000 0.000000
vn 0.984808 0.000000 -0.173648
vn 0.939693 0.000000 -0.342020
vn 0.866025 0.000000 -0.500000
vn 0.766044 0.000000 -0.642788
vn 0.642788 0.000000 -0.766044
vn 0.500000 0.000000 -0.866025
vn 0.342020 0.000000 -0.939693
vn 0.173648 0.000000 -0.984808
f 1079//1079 1077//1077 1076//1076
f 1080//1080 1076//1076 1075//1075
f 1080//1080 1079//1079 1076//1076
f 1081//1081 1075//1075 1074//1074
f 1081//1081 1080//1080 1075//1075
f 1082//1082 1074//1074 1073//1073
f 1082//1082 1081//1081 1074//1074
f 1083//1083 1072//1072 1071//1071
f 1083//1083 1073//1073 1072//1072
f 1083//1083 1082//1082 1073//1073
f 1084//1084 1071//1071 1070//1070
f 1084//1084 1083//1083 1071//1071
f 1085//1085 1070//1070 1069//1069
f 1085//1085 1084//1084 1070//1070
f 1086//1086 1069//1069 1068//1068
f 1086//1086 1085//1085 1069//1069
f 1087//1087 1068//1068 1067//1067
f 1087//1087 1086//1086 1068//1068
f 1088//1088 1067//1067 1066//1066
f 1088//1088 1087//1087 1067//1067
f 1089//1089 1065//1065 1064//1064
f 1089//1089 1066//1066 1065//1065
f 1089//1089 1088//1088 1066//1066
f 1090//1090 1064//1064 1063//1063
f 1090//1090 1089//1089 1064//1064
f 1091//1091 1063//1063 1062//1062
f 1091//1091 1090//1090 1063//1063
f 1092//1092 1091//1091 1062//1062
f 1092//1092 1062//1062 1061//1061
f 1093//1093 1061//1061 1060//1060
f 1093//1093 1092//1092 1061//1061
f 1094//1094 1060//1060 1059//1059
f 1094//1094 1093//1093 1060//1060
f 1095//1095 1059//1059 1058//1058
f 1095//1095 1094//1094 1059//1059
f 1096//1096 1058//1058 1057//1057
f 1096//1096 1095//1095 1058//1058
f 1078//1078 1057//1057 1056//1056
f 1078//1078 1096//1096 1057//1057
v 1555.121826 52.000000 1946.000000
v 1551.683472 52.000000 1952.376709
v 1549.338135 52.000000 1959.231201
v 1548.149414 52.000000 1966.377686
v 1548.149414 52.000000 1973.622314
v 1549.338135 52.000000 1980.768799
v 1551.683472 52.000000 1987.623291
v 1555.121826 52.000000 1994.000000
v 1507.000000 52.000000 1994.000000
v 1507.000000 52.000000 2014.000000
v 1592.000000 52.000000 2014.000000
v 1599.640503 52.000000 2013.331543
v 1607.048828 52.000000 2011.346436
v 1614.000000 52.000000 2008.105103
v 1620.282715 52.000000 2003.705933
v 1625.705933 52.000000 1998.282715
v 1630.105103 52.000000 1992.000000
v 1633.346436 52.000000 1985.048828
v 1635.331543 52.000000 1977.640503
v 1636.000000 52.000000 1970.000000
v 1635.331543 52.000000 1962.359497
v 1633.346436 52.000000 1954.951172
v 1630.105103 52.000000 1948.000000
v 1625.705933 52.000000 1941.717285
v 1620.282715 52.000000 1936.294067
v 1614.000000 52.000000 1931.894897
v 1607.048828 52.000000 1928.653564
v 1599.640503 52.000000 1926.668457
v 1592.000000 52.000000 1926.000000
v 1507.000000 52.000000 1926.000000
v 1507.000000 52.000000 1946.000000
vn 0.000000 1.000000 0.000000
vn 0.000000 1.000000 0.000000
vn 0.000000 1.000000 0.000000
vn 0.000000 1.000000 0.000000
vn 0.000000 1.000000 0.000000
vn 0.000000 1.000000 0.000000
vn 0.000000 1.000000 0.000000
vn 0.000000 1.000000 0.000000
vn 0.000000 1.000000 0.000000
vn 0.000000 1.000000 0.000000
vn 0.000000 1.000000 0.000000
vn 0.000000 1.000000 0.000000
vn 0.000000 1.000000 0.000000
vn 0.000000 1.000000 0.000000
vn 0.000000 1.000000 0.000000
vn 0.000000 1.000000 0.000000
vn 0.000000 1.000000 0.000000
vn 0.000000 1.000000 0.000000
vn 0.000000 1.000000 0.000000
vn 0.000000 1.000000 0.000000
vn 0.000000 1.000000 0.000000
vn 0.000000 1.000000 0.000000
vn 0.000000 1.000000 0.000000
vn 0.000000 1.000000 0.000000
vn 0.000000 1.000000 0.000000
vn 0.000000 1.000000 0.000000
vn 0.000000 1.000000 0.000000
vn 0.000000 1.000000 0.000000
vn 0.000000 1.000000 0.000000
vn 0.000000 1.000000 0.000000
vn 0.000000 1.000000 0.000000
f 1097//1097 1126//1126 1127//1127
f 1125//1125 1097//1097 1098//1098
f 1125//1125 1126//1126 1097//1097
f 1124//1124 1125//1125 1098//1098
f 1102//1102 1098//1098 1099//1099
f 1102//1102 1099//1099 1100//1100
f 1102//1102 1100//1100 1101//1101
f 1123//1123 1124//1124 1098//1098
f 1103//1103 1098//1098 1102//1102
f 1122//1122 1123//1123 1098//1098
f 1104//1104 1105//1105 1106//1106
f 1121//1121 1122//1122 1098//1098
f 1120//1120 1121//1121 1098//1098
f 1119//1119 1120//1120 1098//1098
f 1118//1118 1119//1119 1098//1098
f 1117//1117 1118//1118 1098//1098
f 1116//1116 1098//1098 1103//1103
f 1116//1116 1117//1117 1098//1098
f 1107//1107 1103//1103 1104//1104
f 1107//1107 1104//1104 1106//1106
f 1115//1115 1116//1116 1103//1103
f 1108//1108 1103//1103 1107//1107
f 1114//1114 1115//1115 1103//1103
f 1109//1109 1103//1103 1108//1108
f 1113//1113 1114//1114 1103//1103
f 1110//1110 1103//1103 1109//1109
f 1112//1112 1113//1113 1103//1103
f 1111//1111 1103//1103 1110//1110
f 1111//1111 1112//1112 1103//1103
v 1507.000000 48.000000 1994.000000
v 1555.121826 48.000000 1994.000000
v 1507.000000 52.000000 1994.000000
v 1555.121826 52.000000 1994.000000
vn -0.000000 0.000000 -1.000000
vn -0.000000 0.000000 -1.000000
vn -0.000000 0.000000 -1.000000
vn -0.000000 0.000000 -1.000000
f 1130//1130 1129//1129 1128//1128
f 1130//1130 1131//1131 1129//1129
v 1555.121826 48.000000 1946.000000
v 1507.000000 48.000000 1946.000000
v 1555.121826 52.000000 1946.000000
v 1507.000000 52.000000 1946.000000
vn 0.000000 -0.000000 1.000000
vn 0.000000 -0.000000 1.000000
vn 0.000000 -0.000000 1.000000
vn 0.000000 -0.000000 1.000000
f 1132//1132 1135//1135 1133//1133
f 1134//1134 1135//1135 1132//1132
v 1555.121826 48.000000 1946.000000
v 1555.121826 52.000000 1946.000000
v 1555.121826 48.000000 1994.000000
v 1551.683472 48.000000 1987.623291
v 1549.338135 48.000000 1980.768799
v 1548.149414 48.000000 1973.622314
v 1548.149414 48.000000 1966.377686
v 1549.338135 48.000000 1959.231201
v 1551.683472 48.000000 1952.376709
v 1555.121826 52.000000 1994.000000
v 1551.683472 52.000000 1952.376709
v 1549.338135 52.000000 1959.231201
v 1548.149414 52.000000 1966.377686
v 1548.149414 52.000000 1973.622314
v 1549.338135 52.000000 1980.768799
v 1551.683472 52.000000 1987.623291
vn -0.838140 0.000000 -0.545455
vn -0.838140 0.000000 -0.545455
vn -0.838140 0.000000 0.545455
vn -0.916284 0.000000 0.400529
vn -0.969588 0.000000 0.244745
vn -0.996606 0.000000 0.082325
vn -0.996606 0.000000 -0.082325
vn -0.969588 0.000000 -0.244745
vn -0.916284 0.000000 -0.400529
vn -0.838140 0.000000 0.545455
vn -0.916284 0.000000 -0.400529
vn -0.969588 0.000000 -0.244745
vn -0.996606 0.000000 -0.082325
vn -0.996606 0.000000 0.082325
vn -0.969588 0.000000 0.244745
vn -0.916284 0.000000 0.400529
f 1146//1146 1137//1137 1136//1136
f 1146//1146 1136//1136 1144//1144
f 1147//1147 1144//1144 1143//1143
f 1147//1147 1146//1146 1144//1144
f 1148//1148 1143//1143 1142//1142
f 1148//1148 1147//1147 1143//1143
f 1149//1149 1142//1142 1141//1141
f 1149//1149 1148//1148 1142//1142
f 1150//1150 1141//1141 1140//1140
f 1150//1150 1149//1149 1141//1141
f 1151//1151 1140//1140 1139//1139
f 1151//1151 1150//1150 1140//1140
f 1145//1145 1139//1139 1138//1138
f 1145//1145 1151//1151 1139//1139
v 1592.000000 -32.500000 2053.000000
v 1592.000000 -42.500000 2063.000000
v 1592.000000 -42.500000 1877.000000
v 1608.149292 -42.500000 1878.412842
v 1623.807861 -42.500000 1882.608643
v 1638.500000 -42.500000 1889.459595
v 1651.779297 -42.500000 1898.757813
v 1663.242188 -42.500000 1910.220703
v 1672.540405 -42.500000 1923.500000
v 1679.391357 -42.500000 1938.192139
v 1683.587158 -42.500000 1953.850708
v 1685.000000 -42.500000 1970.000000
v 1683.587158 -42.500000 1986.149292
v 1679.391357 -42.500000 2001.807861
v 1672.540405 -42.500000 2016.500000
v 1663.242188 -42.500000 2029.779297
v 1651.779297 -42.500000 2041.242188
v 1638.500000 -42.500000 2050.540283
v 1623.807861 -42.500000 2057.391357
v 1608.149292 -42.500000 2061.587158
v 1592.000000 -32.500000 1887.000000
v 1606.412842 -32.500000 2051.739014
v 1620.387695 -32.500000 2047.994507
v 1633.500000 -32.500000 2041.880127
v 1645.351318 -32.500000 2033.581665
v 1655.581665 -32.500000 2023.351318
v 1663.880127 -32.500000 2011.500000
v 1669.994507 -32.500000 1998.387695
v 1673.739014 -32.500000 1984.412842
v 1675.000000 -32.500000 1970.000000
v 1673.739014 -32.500000 1955.587158
v 1669.994507 -32.500000 1941.612305
v 1663.880127 -32.500000 1928.500000
v 1655.581665 -32.500000 1916.648682
v 1645.351318 -32.500000 1906.418335
v 1633.500000 -32.500000 1898.119873
v 1620.387695 -32.500000 1892.005493
v 1606.412842 -32.500000 1888.260986
vn 0.000000 0.707107 0.707107
vn 0.000000 0.707107 0.707107
vn 0.000000 0.707107 -0.707107
vn 0.122788 0.707107 -0.696364
vn 0.241845 0.707107 -0.664463
vn 0.353553 0.707107 -0.612372
vn 0.454519 0.707107 -0.541675
vn 0.541675 0.707107 -0.454519
vn 0.612372 0.707107 -0.353553
vn 0.664463 0.707107 -0.241845
vn 0.696364 0.707107 -0.122788
vn 0.707107 0.707107 -0.000000
vn 0.696364 0.707107 0.122788
vn 0.664463 0.707107 0.241845
vn 0.612372 0.707107 0.353553
vn 0.541675 0.707107 0.454519
vn 0.454519 0.707107 0.541675
vn 0.353553 0.707107 0.612372
vn 0.241845 0.707107 0.664463
vn 0.122788 0.707107 0.696364
vn 0.000000 0.707107 -0.707107
vn 0.122788 0.707107 0.696364
vn 0.241845 0.707107 0.664463
vn 0.353553 0.707107 0.612372
vn 0.454519 0.707107 0.541675
vn 0.541675 0.707107 0.454519
vn 0.612372 0.707107 0.353553
vn 0.664463 0.707107 0.241845
vn 0.696364 0.707107 0.122788
vn 0.707107 0.707107 -0.000000
vn 0.696364 0.707107 -0.122788
vn 0.664463 0.707107 -0.241845
vn 0.612372 0.707107 -0.353553
vn 0.541675 0.707107 -0.454519
vn 0.454519 0.707107 -0.541675
vn 0.353553 0.707107 -0.612372
vn 0.241845 0.707107 -0.664463
vn 0.122788 0.707107 -0.696364
f 1155//1155 1154//1154 1172//1172
f 1155//1155 1172//1172 1189//1189
f 1156//1156 1189//1189 1188//1188
f 1156//1156 1155//1155 1189//1189
f 1157//1157 1188//1188 1187//1187
f 1157//1157 1156//1156 1188//1188
f 1158//1158 1187//1187 1186//1186
f 1158//1158 1157//1157 1187//1187
f 1159//1159 1186//1186 1185//1185
f 1159//1159 1158//1158 1186//1186
f 1160//1160 1185//1185 1184//1184
f 1160//1160 1159//1159 1185//1185
f 1161//1161 1184//1184 1183//1183
f 1161//1161 1160//1160 1184//1184
f 1162//1162 1183//1183 1182//1182
f 1162//1162 1161//1161 1183//1183
f 1163//1163 1182//1182 1181//1181
f 1163//1163 1162//1162 1182//1182
f 1164//1164 1181//1181 1180//1180
f 1164//1164 1163//1163 1181//1181
f 1165//1165 1180//1180 1179//1179
f 1165//1165 1164//1164 1180//1180
f 1166//1166 1179//1179 1178//1178
f 1166//1166 1165//1165 1179//1179
f 1167//1167 1178//1178 1177//1177
f 1167//1167 1166//1166 1178//1178
f 1168//1168 1177//1177 1176//1176
f 1168//1168 1167//1167 1177//1177
f 1175//1175 1168//1168 1176//1176
f 1169//1169 1168//1168 1175//1175
f 1174//1174 1169//1169 1175//1175
f 1170//1170 1169//1169 1174//1174
f 1171//1171 1170//1170 1174//1174
f 1171//1171 1174//1174 1173//1173
f 1152//1152 1171//1171 1173//1173
f 1153//1153 1171//1171 1152//1152
v 1592.000000 -42.500000 1877.000000
v 1592.000000 -60.500000 1877.000000
v 1608.149292 -42.500000 1878.412842
v 1623.807861 -42.500000 1882.608643
v 1638.500000 -42.500000 1889.459595
v 1651.779297 -42.500000 1898.757813
v 1663.242188 -42.500000 1910.220703
v 1672.540405 -42.500000 1923.500000
v 1679.391357 -42.500000 1938.192139
v 1683.587158 -42.500000 1953.850708
v 1685.000000 -42.500000 1970.000000
v 1683.587158 -42.500000 1986.149292
v 1679.391357 -42.500000 2001.807861
v 1672.540405 -42.500000 2016.500000
v 1663.242188 -42.500000 2029.779297
v 1651.779297 -42.500000 2041.242188
v 1638.500000 -42.500000 2050.540283
v 1623.807861 -42.500000 2057.391357
v 1608.149292 -42.500000 2061.587158
v 1592.000000 -42.500000 2063.000000
v 1592.000000 -60.500000 2063.000000
v 1685.000000 -60.500000 1970.000000
v 1683.587158 -60.500000 1986.149292
v 1679.391357 -60.500000 2001.807861
v 1672.540405 -60.500000 2016.500000
v 1663.242188 -60.500000 2029.779297
v 1651.779297 -60.500000 2041.242188
v 1638.500000 -60.500000 2050.540283
v 1623.807861 -60.500000 2057.391357
v 1608.149292 -60.500000 2061.587158
v 1608.149292 -60.500000 1878.412842
v 1623.807861 -60.500000 1882.608643
v 1638.500000 -60.500000 1889.459595
v 1651.779297 -60.500000 1898.757813
v 1663.242188 -60.500000 1910.220703
v 1672.540405 -60.500000 1923.500000
v 1679.391357 -60.500000 1938.192139
v 1683.587158 -60.500000 1953.850708
vn 0.000000 0.000000 -1.000000
vn 0.000000 0.000000 -1.000000
vn 0.173648 0.000000 -0.984808
vn 0.342020 0.000000 -0.939693
vn 0.500000 0.000000 -0.866025
vn 0.642788 0.000000 -0.766044
vn 0.766044 0.000000 -0.642788
vn 0.866025 0.000000 -0.500000
vn 0.939693 0.000000 -0.342020
vn 0.984808 0.000000 -0.173648
vn 1.000000 0.000000 -0.000000
vn 0.984808 0.000000 0.173648
vn 0.939693 0.000000 0.342020
vn 0.866025 0.000000 0.500000
vn 0.766044 0.000000 0.642788
vn 0.642788 0.000000 0.766044
vn 0.500000 0.000000 0.866025
vn 0.342020 0.000000 0.939693
vn 0.173648 0.000000 0.984808
vn 0.000000 0.000000 1.000000
vn 0.000000 0.000000 1.000000
vn 1.000000 0.000000 -0.000000
vn 0.984808 0.000000 0.173648
vn 0.939693 0.000000 0.342020
vn 0.866025 0.000000 0.500000
vn 0.766044 0.000000 0.642788
vn 0.642788 0.000000 0.766044
vn 0.500000 0.000000 0.866025
vn 0.342020 0.000000 0.939693
vn 0.173648 0.000000 0.984808
vn 0.173648 0.000000 -0.984808
vn 0.342020 0.000000 -0.939693
vn 0.500000 0.000000 -0.866025
vn 0.642788 0.000000 -0.766044
vn 0.766044 0.000000 -0.642788
vn 0.866025 0.000000 -0.500000
vn 0.939693 0.000000 -0.342020
vn 0.984808 0.000000 -0.173648
f 1191//1191 1190//1190 1192//1192
f 1220//1220 1191//1191 1192//1192
f 1221//1221 1192//1192 1193//1193
f 1221//1221 1193//1193 1194//1194
f 1221//1221 1220//1220 1192//1192
f 1222//1222 1221//1221 1194//1194
f 1223//1223 1194//1194 1195//1195
f 1223//1223 1222//1222 1194//1194
f 1224//1224 1195//1195 1196//1196
f 1224//1224 1223//1223 1195//1195
f 1225//1225 1196//1196 1197//1197
f 1225//1225 1224//1224 1196//1196
f 1226//1226 1197//1197 1198//1198
f 1226//1226 1198//1198 1199//1199
f 1226//1226 1225//1225 1197//1197
f 1227//1227 1226//1226 1199//1199
f 1211//1211 1199//1199 1200//1200
f 1211//1211 1227//1227 1199//1199
f 1212//1212 1200//1200 1201//1201
f 1212//1212 1211//1211 1200//1200
f 1213//1213 1201//1201 1202//1202
f 1213//1213 1212//1212 1201//1201
f 1214//1214 1202//1202 1203//1203
f 1214//1214 1213//1213 1202//1202
f 1215//1215 1203//1203 1204//1204
f 1215//1215 1214//1214 1203//1203
f 1216//1216 1204//1204 1205//1205
f 1216//1216 1215//1215 1204//1204
f 1217//1217 1216//1216 1205//1205
f 1217//1217 1205//1205 1206//1206
f 1218//1218 1217//1217 1206//1206
f 1218//1218 1206//1206 1207//1207
f 1218//1218 1207//1207 1208//1208
f 1219//1219 1218//1218 1208//1208
f 1210//1210 1219//1219 1208//1208
f 1210//1210 1208//1208 1209//1209
v 1592.000000 -60.500000 1877.000000
v 1608.149292 -60.500000 1878.412842
v 1623.807861 -60.500000 1882.608643
v 1638.500000 -60.500000 1889.459595
v 1651.779297 -60.500000 1898.757813
v 1663.242188 -60.500000 1910.220703
v 1672.540405 -60.500000 1923.500000
v 1679.391357 -60.500000 1938.192139
v 1683.587158 -60.500000 1953.850708
v 1685.000000 -60.500000 1970.000000
v 1499.000000 -60.500000 1970.000000
v 1500.412842 -60.500000 1953.850708
v 1504.608643 -60.500000 1938.192139
v 1511.459595 -60.500000 1923.500000
v 1520.757813 -60.500000 1910.220703
v 1532.220703 -60.500000 1898.757813
v 1545.500000 -60.500000 1889.459595
v 1560.192139 -60.500000 1882.608643
v 1575.850708 -60.500000 1878.412842
v 1592.000000 -60.500000 2063.000000
v 1575.850708 -60.500000 2061.587158
v 1560.192139 -60.500000 2057.391357
v 1545.500000 -60.500000 2050.540283
v 1532.220703 -60.500000 2041.242188
v 1520.757813 -60.500000 2029.779297
v 1511.459595 -60.500000 2016.500000
v 1504.608643 -60.500000 2001.807861
v 1500.412842 -60.500000 1986.149292
v 1683.587158 -60.500000 1986.149292
v 1679.391357 -60.500000 2001.807861
v 1672.540405 -60.500000 2016.500000
v 1663.242188 -60.500000 2029.779297
v 1651.779297 -60.500000 2041.242188
v 1638.500000 -60.500000 2050.540283
v 1623.807861 -60.500000 2057.391357
v 1608.149292 -60.500000 2061.587158
vn -0.000000 -1.000000 -0.000000
vn -0.000000 -1.000000 -0.000000
vn -0.000000 -1.000000 -0.000000
vn -0.000000 -1.000000 -0.000000
vn -0.000000 -1.000000 -0.000000
vn -0.000000 -1.000000 -0.000000
vn -0.000000 -1.000000 -0.000000
vn -0.000000 -1.000000 -0.000000
vn -0.000000 -1.000000 -0.000000
vn -0.000000 -1.000000 -0.000000
vn -0.000000 -1.000000 -0.000000
vn -0.000000 -1.000000 -0.000000
vn -0.000000 -1.000000 -0.000000
vn -0.000000 -1.000000 -0.000000
vn -0.000000 -1.000000 -0.000000
vn -0.000000 -1.000000 -0.000000
vn -0.000000 -1.000000 -0.000000
vn -0.000000 -1.000000 -0.000000
vn -0.000000 -1.000000 -0.000000
vn -0.000000 -1.000000 -0.000000
vn -0.000000 -1.000000 -0.000000
vn -0.000000 -1.000000 -0.000000
vn -0.000000 -1.000000 -0.000000
vn -0.000000 -1.000000 -0.000000
vn -0.000000 -1.000000 -0.000000
vn -0.000000 -1.000000 -0.000000
vn -0.000000 -1.000000 -0.000000
vn -0.000000 -1.000000 -0.000000
vn -0.000000 -1.000000 -0.000000
vn -0.000000 -1.000000 -0.000000
vn -0.000000 -1.000000 -0.000000
vn -0.000000 -1.000000 -0.000000
vn -0.000000 -1.000000 -0.000000
vn -0.000000 -1.000000 -0.000000
vn -0.000000 -1.000000 -0.000000
vn -0.000000 -1.000000 -0.000000
f 1241//1241 1242//1242 1243//1243
f 1229//1229 1244//1244 1245//1245
f 1229//1229 1245//1245 1246//1246
f 1229//1229 1246//1246 1228//1228
f 1254//1254 1238//1238 1239//1239
f 1254//1254 1255//1255 1238//1238
f 1253//1253 1239//1239 1240//1240
f 1253//1253 1254//1254 1239//1239
f 1232//1232 1229//1229 1230//1230
f 1232//1232 1230//1230 1231//1231
f 1232//1232 1240//1240 1241//1241
f 1232//1232 1243//1243 1244//1244
f 1232//1232 1241//1241 1243//1243
f 1232//1232 1244//1244 1229//1229
f 1250//1250 1251//1251 1252//1252
f 1235//1235 1233//1233 1234//1234
f 1249//1249 1250//1250 1252//1252
f 1236//1236 1233//1233 1235//1235
f 1248//1248 1252//1252 1253//1253
f 1248//1248 1253//1253 1240//1240
f 1248//1248 1249//1249 1252//1252
f 1256//1256 1236//1236 1237//1237
f 1256//1256 1233//1233 1236//1236
f 1262//1262 1247//1247 1248//1248
f 1262//1262 1263//1263 1247//1247
f 1261//1261 1232//1232 1233//1233
f 1261//1261 1256//1256 1257//1257
f 1261//1261 1257//1257 1258//1258
f 1261//1261 1240//1240 1232//1232
f 1261//1261 1248//1248 1240//1240
f 1261//1261 1233//1233 1256//1256
f 1261//1261 1262//1262 1248//1248
f 1260//1260 1261//1261 1258//1258
f 1260//1260 1258//1258 1259//1259
