# Exported by OpenCASCADE CAD Assistant [www.opencascade.com]
#  Vertices: 4176
#     Faces: 4686
mtllib J6.mtl
g 3D_J6_AllCATPart
usemtl mat_1
v 1791.000000 -31.250000 2019.876587
v 1786.053711 -31.250000 2019.876587
v 1791.000000 -31.988005 2019.941162
v 1791.000000 -32.703587 2020.132935
v 1791.000000 -33.375000 2020.445923
v 1791.000000 -33.981846 2020.870850
v 1791.000000 -34.505688 2021.394775
v 1791.000000 -34.930607 2022.001587
v 1791.000000 -35.243694 2022.672974
v 1791.000000 -35.435432 2023.388550
v 1791.000000 -35.500000 2024.126587
v 1791.000000 -35.435432 2024.864624
v 1791.000000 -35.243694 2025.580200
v 1791.000000 -34.930607 2026.251587
v 1791.000000 -34.505688 2026.858398
v 1791.000000 -33.981846 2027.382324
v 1791.000000 -33.375000 2027.807251
v 1791.000000 -32.703587 2028.120239
v 1791.000000 -31.988005 2028.312012
v 1791.000000 -31.250000 2028.376587
v 1786.053711 -31.250000 2028.376587
v 1786.053711 -35.500000 2024.126587
v 1786.053711 -35.435432 2024.864624
v 1786.053711 -35.243694 2025.580200
v 1786.053711 -34.930607 2026.251587
v 1786.053711 -34.505688 2026.858398
v 1786.053711 -33.981846 2027.382324
v 1786.053711 -33.375000 2027.807251
v 1786.053711 -32.703587 2028.120239
v 1786.053711 -31.988005 2028.312012
v 1786.053711 -31.988005 2019.941162
v 1786.053711 -32.703587 2020.132935
v 1786.053711 -33.375000 2020.445923
v 1786.053711 -33.981846 2020.870850
v 1786.053711 -34.505688 2021.394775
v 1786.053711 -34.930607 2022.001587
v 1786.053711 -35.243694 2022.672974
v 1786.053711 -35.435432 2023.388550
vn 0.000000 -0.000000 1.000000
vn 0.000000 -0.000000 1.000000
vn 0.000000 0.173648 0.984808
vn 0.000000 0.342020 0.939693
vn 0.000000 0.500000 0.866025
vn 0.000000 0.642788 0.766044
vn 0.000000 0.766044 0.642788
vn 0.000000 0.866025 0.500000
vn 0.000000 0.939693 0.342020
vn 0.000000 0.984808 0.173648
vn 0.000000 1.000000 0.000000
vn -0.000000 0.984808 -0.173648
vn -0.000000 0.939693 -0.342020
vn -0.000000 0.866025 -0.500000
vn -0.000000 0.766044 -0.642788
vn -0.000000 0.642788 -0.766044
vn -0.000000 0.500000 -0.866025
vn -0.000000 0.342020 -0.939693
vn -0.000000 0.173648 -0.984808
vn -0.000000 0.000000 -1.000000
vn -0.000000 0.000000 -1.000000
vn 0.000000 1.000000 0.000000
vn -0.000000 0.984808 -0.173648
vn -0.000000 0.939693 -0.342020
vn -0.000000 0.866025 -0.500000
vn -0.000000 0.766044 -0.642788
vn -0.000000 0.642788 -0.766044
vn -0.000000 0.500000 -0.866025
vn -0.000000 0.342020 -0.939693
vn -0.000000 0.173648 -0.984808
vn 0.000000 0.173648 0.984808
vn 0.000000 0.342020 0.939693
vn 0.000000 0.500000 0.866025
vn 0.000000 0.642788 0.766044
vn 0.000000 0.766044 0.642788
vn 0.000000 0.866025 0.500000
vn 0.000000 0.939693 0.342020
vn 0.000000 0.984808 0.173648
f 31//31 1//1 2//2
f 31//31 3//3 1//1
f 32//32 4//4 3//3
f 32//32 3//3 31//31
f 33//33 5//5 4//4
f 33//33 4//4 32//32
f 34//34 6//6 5//5
f 34//34 5//5 33//33
f 35//35 7//7 6//6
f 35//35 6//6 34//34
f 36//36 8//8 7//7
f 36//36 7//7 35//35
f 37//37 9//9 8//8
f 37//37 10//10 9//9
f 37//37 8//8 36//36
f 38//38 10//10 37//37
f 22//22 11//11 10//10
f 22//22 12//12 11//11
f 22//22 10//10 38//38
f 23//23 12//12 22//22
f 24//24 13//13 12//12
f 24//24 14//14 13//13
f 24//24 12//12 23//23
f 25//25 14//14 24//24
f 26//26 15//15 14//14
f 26//26 14//14 25//25
f 27//27 16//16 15//15
f 27//27 15//15 26//26
f 28//28 16//16 27//27
f 28//28 17//17 16//16
f 29//29 17//17 28//28
f 29//29 18//18 17//17
f 30//30 18//18 29//29
f 30//30 19//19 18//18
f 21//21 19//19 30//30
f 21//21 20//20 19//19
v 1783.599976 -31.250000 2024.126587
v 1786.053711 -31.250000 2028.376587
v 1783.599976 -31.250000 2024.126587
v 1786.053711 -31.250000 2019.876587
v 1786.053711 -31.988005 2019.941162
v 1786.053711 -32.703587 2020.132935
v 1786.053711 -33.375000 2020.445923
v 1786.053711 -33.981846 2020.870850
v 1786.053711 -34.505688 2021.394775
v 1786.053711 -34.930607 2022.001587
v 1786.053711 -35.243694 2022.672974
v 1786.053711 -35.435432 2023.388550
v 1786.053711 -35.500000 2024.126587
v 1786.053711 -35.435432 2024.864624
v 1786.053711 -35.243694 2025.580200
v 1786.053711 -34.930607 2026.251587
v 1786.053711 -34.505688 2026.858398
v 1786.053711 -33.981846 2027.382324
v 1786.053711 -33.375000 2027.807251
v 1786.053711 -32.703587 2028.120239
v 1786.053711 -31.988005 2028.312012
v 1784.213379 -31.874521 2024.986206
v 1784.213379 -31.578331 2025.137085
v 1784.826904 -31.906662 2026.147583
v 1784.213379 -32.109581 2024.751099
v 1784.826904 -32.499043 2025.845703
v 1784.213379 -32.260498 2024.454956
v 1785.440308 -32.234993 2027.158081
v 1784.826904 -32.969162 2025.375610
v 1784.213379 -32.312500 2024.126587
v 1785.440308 -33.123566 2026.705322
v 1784.826904 -33.270996 2024.783203
v 1784.213379 -32.260498 2023.798218
v 1785.440308 -33.828743 2026.000122
v 1784.826904 -33.375000 2024.126587
v 1784.213379 -32.109581 2023.502075
v 1785.440308 -34.281494 2025.111572
v 1784.826904 -33.270996 2023.469971
v 1784.213379 -31.874521 2023.266968
v 1785.440308 -34.437500 2024.126587
v 1784.826904 -32.969162 2022.877563
v 1784.213379 -31.578331 2023.116089
v 1785.440308 -34.281494 2023.141602
v 1784.826904 -32.499043 2022.407471
v 1785.440308 -33.828743 2022.253052
v 1784.826904 -31.906662 2022.105591
v 1785.440308 -33.123566 2021.547852
v 1785.440308 -32.234993 2021.095093
vn 0.884140 0.330376 -0.330376
vn 0.866025 -0.000000 -0.500000
vn 0.866025 0.000000 0.500000
vn 0.866025 0.000000 0.500000
vn 0.866025 0.086824 0.492404
vn 0.866025 0.171010 0.469846
vn 0.866025 0.250000 0.433013
vn 0.866025 0.321394 0.383022
vn 0.866025 0.383022 0.321394
vn 0.866025 0.433013 0.250000
vn 0.866025 0.469846 0.171010
vn 0.866025 0.492404 0.086824
vn 0.866025 0.500000 -0.000000
vn 0.866025 0.492404 -0.086824
vn 0.866025 0.469846 -0.171010
vn 0.866025 0.433013 -0.250000
vn 0.866025 0.383022 -0.321394
vn 0.866025 0.321394 -0.383022
vn 0.866025 0.250000 -0.433013
vn 0.866025 0.171010 -0.469846
vn 0.866025 0.086824 -0.492404
vn 0.866025 0.293893 -0.404509
vn 0.866025 0.154509 -0.475528
vn 0.866025 0.154509 -0.475528
vn 0.866025 0.404509 -0.293893
vn 0.866025 0.293893 -0.404509
vn 0.866025 0.475528 -0.154509
vn 0.866025 0.154509 -0.475528
vn 0.866025 0.404509 -0.293893
vn 0.866025 0.500000 -0.000000
vn 0.866025 0.293893 -0.404509
vn 0.866025 0.475528 -0.154509
vn 0.866025 0.475528 0.154509
vn 0.866025 0.404509 -0.293893
vn 0.866025 0.500000 -0.000000
vn 0.866025 0.404509 0.293893
vn 0.866025 0.475528 -0.154509
vn 0.866025 0.475528 0.154509
vn 0.866025 0.293893 0.404509
vn 0.866025 0.500000 -0.000000
vn 0.866025 0.404509 0.293893
vn 0.866025 0.154509 0.475528
vn 0.866025 0.475528 0.154509
vn 0.866025 0.293893 0.404509
vn 0.866025 0.404509 0.293893
vn 0.866025 0.154509 0.475528
vn 0.866025 0.293893 0.404509
vn 0.866025 0.154509 0.475528
f 60//60 39//39 61//61
f 62//62 39//39 40//40
f 62//62 61//61 39//39
f 63//63 39//39 60//60
f 64//64 61//61 62//62
f 64//64 60//60 61//61
f 65//65 39//39 63//63
f 66//66 58//58 57//57
f 66//66 59//59 58//58
f 66//66 40//40 59//59
f 66//66 62//62 40//40
f 67//67 60//60 64//64
f 67//67 63//63 60//60
f 68//68 41//41 39//39
f 68//68 39//39 65//65
f 69//69 57//57 56//56
f 69//69 64//64 62//62
f 69//69 67//67 64//64
f 69//69 66//66 57//57
f 69//69 62//62 66//66
f 70//70 63//63 67//67
f 70//70 65//65 63//63
f 71//71 41//41 68//68
f 72//72 55//55 54//54
f 72//72 56//56 55//55
f 72//72 69//69 56//56
f 72//72 67//67 69//69
f 73//73 68//68 65//65
f 73//73 65//65 70//70
f 74//74 41//41 71//71
f 75//75 53//53 52//52
f 75//75 54//54 53//53
f 75//75 70//70 67//67
f 75//75 72//72 54//54
f 75//75 67//67 72//72
f 76//76 68//68 73//73
f 76//76 71//71 68//68
f 77//77 41//41 74//74
f 78//78 51//51 50//50
f 78//78 52//52 51//51
f 78//78 76//76 73//73
f 78//78 75//75 52//52
f 78//78 73//73 70//70
f 78//78 70//70 75//75
f 79//79 74//74 71//71
f 79//79 71//71 76//76
f 79//79 77//77 74//74
f 80//80 41//41 77//77
f 81//81 49//49 48//48
f 81//81 50//50 49//49
f 81//81 78//78 50//50
f 81//81 76//76 78//78
f 82//82 77//77 79//79
f 83//83 76//76 81//81
f 83//83 48//48 47//47
f 83//83 81//81 48//48
f 83//83 79//79 76//76
f 84//84 80//80 77//77
f 84//84 77//77 82//82
f 84//84 42//42 41//41
f 84//84 41//41 80//80
f 85//85 84//84 82//82
f 85//85 46//46 45//45
f 85//85 83//83 47//47
f 85//85 47//47 46//46
f 85//85 79//79 83//83
f 85//85 82//82 79//79
f 86//86 84//84 85//85
f 86//86 43//43 42//42
f 86//86 44//44 43//43
f 86//86 45//45 44//44
f 86//86 42//42 84//84
f 86//86 85//85 45//45
v 1791.000000 -31.250000 2028.376587
v 1786.053711 -31.250000 2028.376587
v 1791.000000 -30.511995 2028.312012
v 1791.000000 -29.796415 2028.120239
v 1791.000000 -29.125000 2027.807251
v 1791.000000 -28.518152 2027.382324
v 1791.000000 -27.994310 2026.858398
v 1791.000000 -27.569391 2026.251587
v 1791.000000 -27.256306 2025.580200
v 1791.000000 -27.064568 2024.864624
v 1791.000000 -27.000000 2024.126587
v 1791.000000 -27.064568 2023.388550
v 1791.000000 -27.256306 2022.672974
v 1791.000000 -27.569391 2022.001587
v 1791.000000 -27.994310 2021.394775
v 1791.000000 -28.518152 2020.870850
v 1791.000000 -29.125000 2020.445923
v 1791.000000 -29.796415 2020.132935
v 1791.000000 -30.511995 2019.941162
v 1791.000000 -31.250000 2019.876587
v 1786.053711 -31.250000 2019.876587
v 1786.053711 -27.000000 2024.126587
v 1786.053711 -27.064568 2023.388550
v 1786.053711 -27.256306 2022.672974
v 1786.053711 -27.569391 2022.001587
v 1786.053711 -27.994310 2021.394775
v 1786.053711 -28.518152 2020.870850
v 1786.053711 -29.125000 2020.445923
v 1786.053711 -29.796415 2020.132935
v 1786.053711 -30.511995 2019.941162
v 1786.053711 -30.511995 2028.312012
v 1786.053711 -29.796415 2028.120239
v 1786.053711 -29.125000 2027.807251
v 1786.053711 -28.518152 2027.382324
v 1786.053711 -27.994310 2026.858398
v 1786.053711 -27.569391 2026.251587
v 1786.053711 -27.256306 2025.580200
v 1786.053711 -27.064568 2024.864624
vn -0.000000 0.000000 -1.000000
vn -0.000000 0.000000 -1.000000
vn -0.000000 -0.173648 -0.984808
vn -0.000000 -0.342020 -0.939693
vn -0.000000 -0.500000 -0.866025
vn -0.000000 -0.642788 -0.766044
vn -0.000000 -0.766044 -0.642788
vn -0.000000 -0.866025 -0.500000
vn -0.000000 -0.939693 -0.342020
vn -0.000000 -0.984808 -0.173648
vn -0.000000 -1.000000 -0.000000
vn -0.000000 -0.984808 0.173648
vn -0.000000 -0.939693 0.342020
vn -0.000000 -0.866025 0.500000
vn -0.000000 -0.766044 0.642788
vn -0.000000 -0.642788 0.766044
vn -0.000000 -0.500000 0.866025
vn -0.000000 -0.342020 0.939693
vn -0.000000 -0.173648 0.984808
vn -0.000000 -0.000000 1.000000
vn -0.000000 -0.000000 1.000000
vn -0.000000 -1.000000 -0.000000
vn -0.000000 -0.984808 0.173648
vn -0.000000 -0.939693 0.342020
vn -0.000000 -0.866025 0.500000
vn -0.000000 -0.766044 0.642788
vn -0.000000 -0.642788 0.766044
vn -0.000000 -0.500000 0.866025
vn -0.000000 -0.342020 0.939693
vn -0.000000 -0.173648 0.984808
vn -0.000000 -0.173648 -0.984808
vn -0.000000 -0.342020 -0.939693
vn -0.000000 -0.500000 -0.866025
vn -0.000000 -0.642788 -0.766044
vn -0.000000 -0.766044 -0.642788
vn -0.000000 -0.866025 -0.500000
vn -0.000000 -0.939693 -0.342020
vn -0.000000 -0.984808 -0.173648
f 117//117 87//87 88//88
f 117//117 89//89 87//87
f 118//118 90//90 89//89
f 118//118 89//89 117//117
f 119//119 91//91 90//90
f 119//119 90//90 118//118
f 120//120 92//92 91//91
f 120//120 91//91 119//119
f 121//121 93//93 92//92
f 121//121 92//92 120//120
f 122//122 94//94 93//93
f 122//122 95//95 94//94
f 122//122 93//93 121//121
f 123//123 95//95 122//122
f 124//124 96//96 95//95
f 124//124 95//95 123//123
f 108//108 97//97 96//96
f 108//108 98//98 97//97
f 108//108 96//96 124//124
f 109//109 99//99 98//98
f 109//109 98//98 108//108
f 110//110 99//99 109//109
f 111//111 100//100 99//99
f 111//111 99//99 110//110
f 112//112 101//101 100//100
f 112//112 100//100 111//111
f 113//113 102//102 101//101
f 113//113 101//101 112//112
f 114//114 102//102 113//113
f 114//114 103//103 102//102
f 115//115 103//103 114//114
f 115//115 104//104 103//103
f 116//116 104//104 115//115
f 116//116 105//105 104//104
f 107//107 105//105 116//116
f 107//107 106//106 105//105
usemtl mat_2
v 1807.000000 -31.250000 2019.876587
v 1791.000000 -31.250000 2019.876587
v 1807.000000 -31.988005 2019.941162
v 1807.000000 -32.703587 2020.132935
v 1807.000000 -33.375000 2020.445923
v 1807.000000 -33.981846 2020.870850
v 1807.000000 -34.505688 2021.394775
v 1807.000000 -34.930607 2022.001587
v 1807.000000 -35.243694 2022.672974
v 1807.000000 -35.435432 2023.388550
v 1807.000000 -35.500000 2024.126587
v 1807.000000 -35.435432 2024.864624
v 1807.000000 -35.243694 2025.580200
v 1807.000000 -34.930607 2026.251587
v 1807.000000 -34.505688 2026.858398
v 1807.000000 -33.981846 2027.382324
v 1807.000000 -33.375000 2027.807251
v 1807.000000 -32.703587 2028.120239
v 1807.000000 -31.988005 2028.312012
v 1807.000000 -31.250000 2028.376587
v 1791.000000 -31.250000 2028.376587
v 1791.000000 -35.500000 2024.126587
v 1791.000000 -35.435432 2024.864624
v 1791.000000 -35.243694 2025.580200
v 1791.000000 -34.930607 2026.251587
v 1791.000000 -34.505688 2026.858398
v 1791.000000 -33.981846 2027.382324
v 1791.000000 -33.375000 2027.807251
v 1791.000000 -32.703587 2028.120239
v 1791.000000 -31.988005 2028.312012
v 1791.000000 -31.988005 2019.941162
v 1791.000000 -32.703587 2020.132935
v 1791.000000 -33.375000 2020.445923
v 1791.000000 -33.981846 2020.870850
v 1791.000000 -34.505688 2021.394775
v 1791.000000 -34.930607 2022.001587
v 1791.000000 -35.243694 2022.672974
v 1791.000000 -35.435432 2023.388550
vn 0.000000 -0.000000 1.000000
vn 0.000000 -0.000000 1.000000
vn 0.000000 0.173648 0.984808
vn 0.000000 0.342020 0.939693
vn 0.000000 0.500000 0.866025
vn 0.000000 0.642788 0.766044
vn 0.000000 0.766044 0.642788
vn 0.000000 0.866025 0.500000
vn 0.000000 0.939693 0.342020
vn 0.000000 0.984808 0.173648
vn 0.000000 1.000000 0.000000
vn -0.000000 0.984808 -0.173648
vn -0.000000 0.939693 -0.342020
vn -0.000000 0.866025 -0.500000
vn -0.000000 0.766044 -0.642788
vn -0.000000 0.642788 -0.766044
vn -0.000000 0.500000 -0.866025
vn -0.000000 0.342020 -0.939693
vn -0.000000 0.173648 -0.984808
vn -0.000000 0.000000 -1.000000
vn -0.000000 0.000000 -1.000000
vn 0.000000 1.000000 0.000000
vn -0.000000 0.984808 -0.173648
vn -0.000000 0.939693 -0.342020
vn -0.000000 0.866025 -0.500000
vn -0.000000 0.766044 -0.642788
vn -0.000000 0.642788 -0.766044
vn -0.000000 0.500000 -0.866025
vn -0.000000 0.342020 -0.939693
vn -0.000000 0.173648 -0.984808
vn 0.000000 0.173648 0.984808
vn 0.000000 0.342020 0.939693
vn 0.000000 0.500000 0.866025
vn 0.000000 0.642788 0.766044
vn 0.000000 0.766044 0.642788
vn 0.000000 0.866025 0.500000
vn 0.000000 0.939693 0.342020
vn 0.000000 0.984808 0.173648
f 155//155 125//125 126//126
f 155//155 127//127 125//125
f 156//156 128//128 127//127
f 156//156 127//127 155//155
f 157//157 129//129 128//128
f 157//157 128//128 156//156
f 158//158 130//130 129//129
f 158//158 129//129 157//157
f 159//159 131//131 130//130
f 159//159 130//130 158//158
f 160//160 132//132 131//131
f 160//160 131//131 159//159
f 161//161 133//133 132//132
f 161//161 132//132 160//160
f 162//162 134//134 133//133
f 162//162 133//133 161//161
f 146//146 135//135 134//134
f 146//146 134//134 162//162
f 147//147 136//136 135//135
f 147//147 135//135 146//146
f 148//148 137//137 136//136
f 148//148 136//136 147//147
f 149//149 138//138 137//137
f 149//149 137//137 148//148
f 150//150 139//139 138//138
f 150//150 138//138 149//149
f 151//151 140//140 139//139
f 151//151 139//139 150//150
f 152//152 140//140 151//151
f 152//152 141//141 140//140
f 153//153 141//141 152//152
f 153//153 142//142 141//141
f 154//154 142//142 153//153
f 154//154 143//143 142//142
f 145//145 143//143 154//154
f 145//145 144//144 143//143
usemtl mat_1
v 1783.599976 -31.250000 2024.126587
v 1786.053711 -31.250000 2019.876587
v 1783.599976 -31.250000 2024.126587
v 1786.053711 -31.250000 2028.376587
v 1786.053711 -30.511995 2028.312012
v 1786.053711 -29.796415 2028.120239
v 1786.053711 -29.125000 2027.807251
v 1786.053711 -28.518152 2027.382324
v 1786.053711 -27.994310 2026.858398
v 1786.053711 -27.569391 2026.251587
v 1786.053711 -27.256306 2025.580200
v 1786.053711 -27.064568 2024.864624
v 1786.053711 -27.000000 2024.126587
v 1786.053711 -27.064568 2023.388550
v 1786.053711 -27.256306 2022.672974
v 1786.053711 -27.569391 2022.001587
v 1786.053711 -27.994310 2021.394775
v 1786.053711 -28.518152 2020.870850
v 1786.053711 -29.125000 2020.445923
v 1786.053711 -29.796415 2020.132935
v 1786.053711 -30.511995 2019.941162
v 1784.213379 -30.625479 2023.266968
v 1784.213379 -30.921669 2023.116089
v 1784.826904 -30.593338 2022.105591
v 1784.213379 -30.390419 2023.502075
v 1784.826904 -30.000956 2022.407471
v 1784.213379 -30.239502 2023.798218
v 1785.440308 -30.265009 2021.095093
v 1784.826904 -29.530838 2022.877563
v 1784.213379 -30.187500 2024.126587
v 1785.440308 -29.376434 2021.547852
v 1784.826904 -29.229006 2023.469971
v 1784.213379 -30.239502 2024.454956
v 1785.440308 -28.671259 2022.253052
v 1784.826904 -29.125000 2024.126587
v 1784.213379 -30.390419 2024.751099
v 1785.440308 -28.218508 2023.141602
v 1784.826904 -29.229006 2024.783203
v 1784.213379 -30.625479 2024.986206
v 1785.440308 -28.062500 2024.126587
v 1784.826904 -29.530838 2025.375610
v 1784.213379 -30.921669 2025.137085
v 1785.440308 -28.218508 2025.111572
v 1784.826904 -30.000956 2025.845703
v 1785.440308 -28.671259 2026.000122
v 1784.826904 -30.593338 2026.147583
v 1785.440308 -29.376434 2026.705322
v 1785.440308 -30.265009 2027.158081
vn 0.866025 0.000000 0.500000
vn 0.866025 0.000000 0.500000
vn 0.884140 -0.330376 -0.330376
vn 0.866025 -0.000000 -0.500000
vn 0.866025 -0.086824 -0.492404
vn 0.866025 -0.171010 -0.469846
vn 0.866025 -0.250000 -0.433013
vn 0.866025 -0.321394 -0.383022
vn 0.866025 -0.383022 -0.321394
vn 0.866025 -0.433013 -0.250000
vn 0.866025 -0.469846 -0.171010
vn 0.866025 -0.492404 -0.086824
vn 0.866025 -0.500000 0.000000
vn 0.866025 -0.492404 0.086824
vn 0.866025 -0.469846 0.171010
vn 0.866025 -0.433013 0.250000
vn 0.866025 -0.383022 0.321394
vn 0.866025 -0.321394 0.383022
vn 0.866025 -0.250000 0.433013
vn 0.866025 -0.171010 0.469846
vn 0.866025 -0.086824 0.492404
vn 0.866025 -0.293893 0.404509
vn 0.866025 -0.154509 0.475528
vn 0.866025 -0.154509 0.475528
vn 0.866025 -0.404509 0.293893
vn 0.866025 -0.293893 0.404509
vn 0.866025 -0.475528 0.154509
vn 0.866025 -0.154509 0.475528
vn 0.866025 -0.404509 0.293893
vn 0.866025 -0.500000 0.000000
vn 0.866025 -0.293893 0.404509
vn 0.866025 -0.475528 0.154509
vn 0.866025 -0.475528 -0.154509
vn 0.866025 -0.404509 0.293893
vn 0.866025 -0.500000 0.000000
vn 0.866025 -0.404509 -0.293893
vn 0.866025 -0.475528 0.154509
vn 0.866025 -0.475528 -0.154509
vn 0.866025 -0.293893 -0.404509
vn 0.866025 -0.500000 0.000000
vn 0.866025 -0.404509 -0.293893
vn 0.866025 -0.154509 -0.475528
vn 0.866025 -0.475528 -0.154509
vn 0.866025 -0.293893 -0.404509
vn 0.866025 -0.404509 -0.293893
vn 0.866025 -0.154509 -0.475528
vn 0.866025 -0.293893 -0.404509
vn 0.866025 -0.154509 -0.475528
f 184//184 163//163 185//185
f 186//186 163//163 164//164
f 186//186 185//185 163//163
f 187//187 163//163 184//184
f 188//188 185//185 186//186
f 188//188 184//184 185//185
f 189//189 163//163 187//187
f 190//190 182//182 181//181
f 190//190 183//183 182//182
f 190//190 164//164 183//183
f 190//190 188//188 186//186
f 190//190 186//186 164//164
f 191//191 184//184 188//188
f 191//191 187//187 184//184
f 192//192 165//165 163//163
f 192//192 163//163 189//189
f 193//193 181//181 180//180
f 193//193 188//188 190//190
f 193//193 190//190 181//181
f 194//194 187//187 191//191
f 194//194 189//189 187//187
f 195//195 165//165 192//192
f 196//196 179//179 178//178
f 196//196 180//180 179//179
f 196//196 193//193 180//180
f 196//196 191//191 188//188
f 196//196 188//188 193//193
f 197//197 192//192 189//189
f 197//197 189//189 194//194
f 197//197 195//195 192//192
f 198//198 165//165 195//195
f 199//199 177//177 176//176
f 199//199 178//178 177//177
f 199//199 191//191 196//196
f 199//199 194//194 191//191
f 199//199 196//196 178//178
f 200//200 195//195 197//197
f 201//201 165//165 198//198
f 202//202 175//175 174//174
f 202//202 176//176 175//175
f 202//202 199//199 176//176
f 202//202 197//197 194//194
f 202//202 194//194 199//199
f 202//202 200//200 197//197
f 203//203 198//198 195//195
f 203//203 195//195 200//200
f 204//204 165//165 201//201
f 205//205 173//173 172//172
f 205//205 174//174 173//173
f 205//205 200//200 202//202
f 205//205 202//202 174//174
f 206//206 201//201 198//198
f 206//206 198//198 203//203
f 207//207 200//200 205//205
f 207//207 172//172 171//171
f 207//207 205//205 172//172
f 207//207 203//203 200//200
f 208//208 204//204 201//201
f 208//208 201//201 206//206
f 208//208 166//166 165//165
f 208//208 165//165 204//204
f 209//209 170//170 169//169
f 209//209 171//171 170//170
f 209//209 203//203 207//207
f 209//209 207//207 171//171
f 209//209 206//206 203//203
f 210//210 167//167 166//166
f 210//210 168//168 167//167
f 210//210 169//169 168//168
f 210//210 209//209 169//169
f 210//210 206//206 209//209
f 210//210 208//208 206//206
f 210//210 166//166 208//208
usemtl mat_2
v 1807.000000 -31.250000 2028.376587
v 1791.000000 -31.250000 2028.376587
v 1807.000000 -30.511995 2028.312012
v 1807.000000 -29.796415 2028.120239
v 1807.000000 -29.125000 2027.807251
v 1807.000000 -28.518152 2027.382324
v 1807.000000 -27.994310 2026.858398
v 1807.000000 -27.569391 2026.251587
v 1807.000000 -27.256306 2025.580200
v 1807.000000 -27.064568 2024.864624
v 1807.000000 -27.000000 2024.126587
v 1807.000000 -27.064568 2023.388550
v 1807.000000 -27.256306 2022.672974
v 1807.000000 -27.569391 2022.001587
v 1807.000000 -27.994310 2021.394775
v 1807.000000 -28.518152 2020.870850
v 1807.000000 -29.125000 2020.445923
v 1807.000000 -29.796415 2020.132935
v 1807.000000 -30.511995 2019.941162
v 1807.000000 -31.250000 2019.876587
v 1791.000000 -31.250000 2019.876587
v 1791.000000 -27.000000 2024.126587
v 1791.000000 -27.064568 2023.388550
v 1791.000000 -27.256306 2022.672974
v 1791.000000 -27.569391 2022.001587
v 1791.000000 -27.994310 2021.394775
v 1791.000000 -28.518152 2020.870850
v 1791.000000 -29.125000 2020.445923
v 1791.000000 -29.796415 2020.132935
v 1791.000000 -30.511995 2019.941162
v 1791.000000 -30.511995 2028.312012
v 1791.000000 -29.796415 2028.120239
v 1791.000000 -29.125000 2027.807251
v 1791.000000 -28.518152 2027.382324
v 1791.000000 -27.994310 2026.858398
v 1791.000000 -27.569391 2026.251587
v 1791.000000 -27.256306 2025.580200
v 1791.000000 -27.064568 2024.864624
vn -0.000000 0.000000 -1.000000
vn -0.000000 0.000000 -1.000000
vn -0.000000 -0.173648 -0.984808
vn -0.000000 -0.342020 -0.939693
vn -0.000000 -0.500000 -0.866025
vn -0.000000 -0.642788 -0.766044
vn -0.000000 -0.766044 -0.642788
vn -0.000000 -0.866025 -0.500000
vn -0.000000 -0.939693 -0.342020
vn -0.000000 -0.984808 -0.173648
vn -0.000000 -1.000000 -0.000000
vn -0.000000 -0.984808 0.173648
vn -0.000000 -0.939693 0.342020
vn -0.000000 -0.866025 0.500000
vn -0.000000 -0.766044 0.642788
vn -0.000000 -0.642788 0.766044
vn -0.000000 -0.500000 0.866025
vn -0.000000 -0.342020 0.939693
vn -0.000000 -0.173648 0.984808
vn -0.000000 -0.000000 1.000000
vn -0.000000 -0.000000 1.000000
vn -0.000000 -1.000000 -0.000000
vn -0.000000 -0.984808 0.173648
vn -0.000000 -0.939693 0.342020
vn -0.000000 -0.866025 0.500000
vn -0.000000 -0.766044 0.642788
vn -0.000000 -0.642788 0.766044
vn -0.000000 -0.500000 0.866025
vn -0.000000 -0.342020 0.939693
vn -0.000000 -0.173648 0.984808
vn -0.000000 -0.173648 -0.984808
vn -0.000000 -0.342020 -0.939693
vn -0.000000 -0.500000 -0.866025
vn -0.000000 -0.642788 -0.766044
vn -0.000000 -0.766044 -0.642788
vn -0.000000 -0.866025 -0.500000
vn -0.000000 -0.939693 -0.342020
vn -0.000000 -0.984808 -0.173648
f 241//241 211//211 212//212
f 241//241 213//213 211//211
f 242//242 214//214 213//213
f 242//242 213//213 241//241
f 243//243 215//215 214//214
f 243//243 214//214 242//242
f 244//244 216//216 215//215
f 244//244 215//215 243//243
f 245//245 217//217 216//216
f 245//245 216//216 244//244
f 246//246 218//218 217//217
f 246//246 219//219 218//218
f 246//246 217//217 245//245
f 247//247 219//219 246//246
f 248//248 220//220 219//219
f 248//248 221//221 220//220
f 248//248 219//219 247//247
f 232//232 221//221 248//248
f 233//233 222//222 221//221
f 233//233 223//223 222//222
f 233//233 221//221 232//232
f 234//234 223//223 233//233
f 235//235 224//224 223//223
f 235//235 223//223 234//234
f 236//236 225//225 224//224
f 236//236 224//224 235//235
f 237//237 226//226 225//225
f 237//237 225//225 236//236
f 238//238 226//226 237//237
f 238//238 227//227 226//226
f 239//239 227//227 238//238
f 239//239 228//228 227//227
f 240//240 228//228 239//239
f 240//240 229//229 228//228
f 231//231 229//229 240//240
f 231//231 230//230 229//229
usemtl mat_1
v 1807.000000 17.776388 1892.000000
v 1807.000000 -17.776388 1892.000000
v 1807.000000 30.835890 1896.181641
v 1807.000000 42.989407 1902.532104
v 1807.000000 53.879864 1910.864868
v 1807.000000 63.187294 1920.935059
v 1807.000000 70.638229 1932.446777
v 1807.000000 76.013763 1945.061890
v 1807.000000 79.155952 1958.409668
v 1807.000000 79.972488 1972.098022
v 1807.000000 78.439362 1985.724731
v 1807.000000 74.601639 1998.889404
v 1807.000000 68.572052 2011.205200
v 1807.000000 60.527779 2022.310547
v 1807.000000 50.705147 2031.878784
v 1807.000000 39.392761 2039.629150
v 1807.000000 26.922989 2045.333618
v 1807.000000 13.662197 2048.824707
v 1807.000000 0.000000 2050.000000
v 1807.000000 -13.662197 2048.824707
v 1807.000000 -26.922989 2045.333618
v 1807.000000 -39.392761 2039.629150
v 1807.000000 -50.705147 2031.878784
v 1807.000000 -60.527779 2022.310547
v 1807.000000 -68.572052 2011.205200
v 1807.000000 -74.601639 1998.889404
v 1807.000000 -78.439362 1985.724731
v 1807.000000 -79.972488 1972.098022
v 1807.000000 -79.155952 1958.409668
v 1807.000000 -76.013763 1945.061890
v 1807.000000 -70.638229 1932.446777
v 1807.000000 -63.187294 1920.935059
v 1807.000000 -53.879864 1910.864868
v 1807.000000 -42.989407 1902.532104
v 1807.000000 -30.835890 1896.181641
v 1807.000000 -27.000000 2024.126587
v 1807.000000 -27.064568 2023.388550
v 1807.000000 -27.256306 2022.672974
v 1807.000000 -27.569391 2022.001587
v 1807.000000 -27.994310 2021.394775
v 1807.000000 -28.518152 2020.870850
v 1807.000000 -29.125000 2020.445923
v 1807.000000 -29.796415 2020.132935
v 1807.000000 -30.511995 2019.941162
v 1807.000000 -31.250000 2019.876587
v 1807.000000 -31.988005 2019.941162
v 1807.000000 -32.703587 2020.132935
v 1807.000000 -33.375000 2020.445923
v 1807.000000 -33.981846 2020.870850
v 1807.000000 -34.505688 2021.394775
v 1807.000000 -34.930607 2022.001587
v 1807.000000 -35.243694 2022.672974
v 1807.000000 -35.435432 2023.388550
v 1807.000000 -35.500000 2024.126587
v 1807.000000 -35.435432 2024.864624
v 1807.000000 -35.243694 2025.580200
v 1807.000000 -34.930607 2026.251587
v 1807.000000 -34.505688 2026.858398
v 1807.000000 -33.981846 2027.382324
v 1807.000000 -33.375000 2027.807251
v 1807.000000 -32.703587 2028.120239
v 1807.000000 -31.988005 2028.312012
v 1807.000000 -31.250000 2028.376587
v 1807.000000 -30.511995 2028.312012
v 1807.000000 -29.796415 2028.120239
v 1807.000000 -29.125000 2027.807251
v 1807.000000 -28.518152 2027.382324
v 1807.000000 -27.994310 2026.858398
v 1807.000000 -27.569391 2026.251587
v 1807.000000 -27.256306 2025.580200
v 1807.000000 -27.064568 2024.864624
v 1807.000000 -49.876587 2001.250000
v 1807.000000 -49.939125 2000.523682
v 1807.000000 -50.124893 1999.818604
v 1807.000000 -50.400803 1999.205200
v 1807.000000 -50.738228 1998.684570
v 1807.000000 -51.147896 1998.218506
v 1807.000000 -51.621014 1997.817139
v 1807.000000 -52.147530 1997.488892
v 1807.000000 -52.716274 1997.240845
v 1807.000000 -53.315052 1997.078247
v 1807.000000 -53.718807 1997.019653
v 1807.000000 -54.126587 1997.000000
v 1807.000000 -54.852955 1997.062500
v 1807.000000 -55.557980 1997.248291
v 1807.000000 -56.171349 1997.524170
v 1807.000000 -56.692039 1997.861694
v 1807.000000 -57.158073 1998.271362
v 1807.000000 -57.559471 1998.744507
v 1807.000000 -57.887695 1999.270996
v 1807.000000 -58.135773 1999.839722
v 1807.000000 -58.298393 2000.438477
v 1807.000000 -58.356976 2000.842285
v 1807.000000 -58.376587 2001.250000
v 1807.000000 -58.314053 2001.976318
v 1807.000000 -58.128284 2002.681396
v 1807.000000 -57.852375 2003.294800
v 1807.000000 -57.514946 2003.815430
v 1807.000000 -57.105282 2004.281494
v 1807.000000 -56.632160 2004.682861
v 1807.000000 -56.105644 2005.011108
v 1807.000000 -55.536900 2005.259155
v 1807.000000 -54.938126 2005.421753
v 1807.000000 -54.534367 2005.480347
v 1807.000000 -54.126587 2005.500000
v 1807.000000 -53.400223 2005.437500
v 1807.000000 -52.695198 2005.251709
v 1807.000000 -52.081829 2004.975830
v 1807.000000 -51.561134 2004.638306
v 1807.000000 -51.095100 2004.228638
v 1807.000000 -50.693703 2003.755493
v 1807.000000 -50.365479 2003.229004
v 1807.000000 -50.117405 2002.660278
v 1807.000000 -49.954784 2002.061523
v 1807.000000 -49.896198 2001.657715
v 1807.000000 -58.250000 1970.000000
v 1807.000000 -58.312538 1969.273682
v 1807.000000 -58.498306 1968.568604
v 1807.000000 -58.774216 1967.955200
v 1807.000000 -59.111641 1967.434570
v 1807.000000 -59.521309 1966.968506
v 1807.000000 -59.994427 1966.567139
v 1807.000000 -60.520943 1966.238892
v 1807.000000 -61.089687 1965.990845
v 1807.000000 -61.688461 1965.828247
v 1807.000000 -62.092220 1965.769653
v 1807.000000 -62.500000 1965.750000
v 1807.000000 -63.226368 1965.812500
v 1807.000000 -63.931393 1965.998291
v 1807.000000 -64.544762 1966.274170
v 1807.000000 -65.065453 1966.611694
v 1807.000000 -65.531487 1967.021362
v 1807.000000 -65.932884 1967.494507
v 1807.000000 -66.261108 1968.020996
v 1807.000000 -66.509186 1968.589722
v 1807.000000 -66.671806 1969.188477
v 1807.000000 -66.730392 1969.592285
v 1807.000000 -66.750000 1970.000000
v 1807.000000 -66.687462 1970.726318
v 1807.000000 -66.501694 1971.431396
v 1807.000000 -66.225784 1972.044800
v 1807.000000 -65.888359 1972.565430
v 1807.000000 -65.478691 1973.031494
v 1807.000000 -65.005577 1973.432861
v 1807.000000 -64.479057 1973.761108
v 1807.000000 -63.910313 1974.009155
v 1807.000000 -63.311539 1974.171753
v 1807.000000 -62.907780 1974.230347
v 1807.000000 -62.500000 1974.250000
v 1807.000000 -61.773632 1974.187500
v 1807.000000 -61.068607 1974.001709
v 1807.000000 -60.455242 1973.725830
v 1807.000000 -59.934547 1973.388306
v 1807.000000 -59.468513 1972.978638
v 1807.000000 -59.067116 1972.505493
v 1807.000000 -58.738892 1971.979004
v 1807.000000 -58.490814 1971.410278
v 1807.000000 -58.328194 1970.811523
v 1807.000000 -58.269611 1970.407715
v 1807.000000 -49.876587 1938.750000
v 1807.000000 -49.939125 1938.023682
v 1807.000000 -50.124893 1937.318604
v 1807.000000 -50.400803 1936.705200
v 1807.000000 -50.738228 1936.184570
v 1807.000000 -51.147896 1935.718506
v 1807.000000 -51.621014 1935.317139
v 1807.000000 -52.147530 1934.988892
v 1807.000000 -52.716274 1934.740845
v 1807.000000 -53.315052 1934.578247
v 1807.000000 -53.718807 1934.519653
v 1807.000000 -54.126587 1934.500000
v 1807.000000 -54.852955 1934.562500
v 1807.000000 -55.557980 1934.748291
v 1807.000000 -56.171349 1935.024170
v 1807.000000 -56.692039 1935.361694
v 1807.000000 -57.158073 1935.771362
v 1807.000000 -57.559471 1936.244507
v 1807.000000 -57.887695 1936.770996
v 1807.000000 -58.135773 1937.339722
v 1807.000000 -58.298393 1937.938477
v 1807.000000 -58.356976 1938.342285
v 1807.000000 -58.376587 1938.750000
v 1807.000000 -58.314053 1939.476318
v 1807.000000 -58.128284 1940.181396
v 1807.000000 -57.852375 1940.794800
v 1807.000000 -57.514946 1941.315430
v 1807.000000 -57.105282 1941.781494
v 1807.000000 -56.632160 1942.182861
v 1807.000000 -56.105644 1942.511108
v 1807.000000 -55.536900 1942.759155
v 1807.000000 -54.938126 1942.921753
v 1807.000000 -54.534370 1942.980347
v 1807.000000 -54.126587 1943.000000
v 1807.000000 -53.400223 1942.937500
v 1807.000000 -52.695198 1942.751709
v 1807.000000 -52.081829 1942.475830
v 1807.000000 -51.561134 1942.138306
v 1807.000000 -51.095100 1941.728638
v 1807.000000 -50.693703 1941.255493
v 1807.000000 -50.365479 1940.729004
v 1807.000000 -50.117405 1940.160278
v 1807.000000 -49.954781 1939.561523
v 1807.000000 -49.896198 1939.157715
v 1807.000000 -27.000000 1915.873413
v 1807.000000 -27.062536 1915.147095
v 1807.000000 -27.248304 1914.442017
v 1807.000000 -27.524214 1913.828613
v 1807.000000 -27.861641 1913.307983
v 1807.000000 -28.271307 1912.841919
v 1807.000000 -28.744427 1912.440552
v 1807.000000 -29.270943 1912.112305
v 1807.000000 -29.839687 1911.864258
v 1807.000000 -30.438463 1911.701660
v 1807.000000 -30.842220 1911.643066
v 1807.000000 -31.250000 1911.623413
v 1807.000000 -31.976366 1911.685913
v 1807.000000 -32.681393 1911.871704
v 1807.000000 -33.294758 1912.147583
v 1807.000000 -33.815453 1912.485107
v 1807.000000 -34.281487 1912.894775
v 1807.000000 -34.682884 1913.367920
v 1807.000000 -35.011108 1913.894409
v 1807.000000 -35.259186 1914.463135
v 1807.000000 -35.421806 1915.061890
v 1807.000000 -35.480389 1915.465698
v 1807.000000 -35.500000 1915.873413
v 1807.000000 -35.437462 1916.599731
v 1807.000000 -35.251694 1917.304810
v 1807.000000 -34.975784 1917.918213
v 1807.000000 -34.638359 1918.438843
v 1807.000000 -34.228691 1918.904907
v 1807.000000 -33.755573 1919.306274
v 1807.000000 -33.229057 1919.634521
v 1807.000000 -32.660313 1919.882568
v 1807.000000 -32.061539 1920.045166
v 1807.000000 -31.657782 1920.103760
v 1807.000000 -31.250000 1920.123413
v 1807.000000 -30.523634 1920.060913
v 1807.000000 -29.818609 1919.875122
v 1807.000000 -29.205240 1919.599243
v 1807.000000 -28.684547 1919.261719
v 1807.000000 -28.218513 1918.852051
v 1807.000000 -27.817116 1918.378906
v 1807.000000 -27.488892 1917.852417
v 1807.000000 -27.240816 1917.283691
v 1807.000000 -27.078196 1916.684937
v 1807.000000 -27.019611 1916.281128
v 1807.000000 35.500000 1915.873413
v 1807.000000 35.437462 1915.147095
v 1807.000000 35.251694 1914.442017
v 1807.000000 34.975784 1913.828613
v 1807.000000 34.638359 1913.307983
v 1807.000000 34.228691 1912.841919
v 1807.000000 33.755573 1912.440552
v 1807.000000 33.229057 1912.112305
v 1807.000000 32.660313 1911.864258
v 1807.000000 32.061539 1911.701660
v 1807.000000 31.657782 1911.643066
v 1807.000000 31.250000 1911.623413
v 1807.000000 30.523634 1911.685913
v 1807.000000 29.818609 1911.871704
v 1807.000000 29.205240 1912.147583
v 1807.000000 28.684547 1912.485107
v 1807.000000 28.218513 1912.894775
v 1807.000000 27.817116 1913.367920
v 1807.000000 27.488892 1913.894409
v 1807.000000 27.240816 1914.463135
v 1807.000000 27.078196 1915.061890
v 1807.000000 27.019611 1915.465698
v 1807.000000 27.000000 1915.873413
v 1807.000000 27.062536 1916.599731
v 1807.000000 27.248304 1917.304810
v 1807.000000 27.524214 1917.918213
v 1807.000000 27.861641 1918.438843
v 1807.000000 28.271307 1918.904907
v 1807.000000 28.744427 1919.306274
v 1807.000000 29.270943 1919.634521
v 1807.000000 29.839687 1919.882568
v 1807.000000 30.438463 1920.045166
v 1807.000000 30.842218 1920.103760
v 1807.000000 31.250000 1920.123413
v 1807.000000 31.976366 1920.060913
v 1807.000000 32.681393 1919.875122
v 1807.000000 33.294758 1919.599243
v 1807.000000 33.815453 1919.261719
v 1807.000000 34.281487 1918.852051
v 1807.000000 34.682884 1918.378906
v 1807.000000 35.011108 1917.852417
v 1807.000000 35.259186 1917.283691
v 1807.000000 35.421806 1916.684937
v 1807.000000 35.480389 1916.281128
v 1807.000000 58.376587 1938.750000
v 1807.000000 58.314053 1938.023682
v 1807.000000 58.128284 1937.318604
v 1807.000000 57.852375 1936.705200
v 1807.000000 57.514946 1936.184570
v 1807.000000 57.105282 1935.718506
v 1807.000000 56.632160 1935.317139
v 1807.000000 56.105644 1934.988892
v 1807.000000 55.536900 1934.740845
v 1807.000000 54.938126 1934.578247
v 1807.000000 54.534367 1934.519653
v 1807.000000 54.126587 1934.500000
v 1807.000000 53.400223 1934.562500
v 1807.000000 52.695198 1934.748291
v 1807.000000 52.081829 1935.024170
v 1807.000000 51.561134 1935.361694
v 1807.000000 51.095100 1935.771362
v 1807.000000 50.693703 1936.244507
v 1807.000000 50.365479 1936.770996
v 1807.000000 50.117405 1937.339722
v 1807.000000 49.954784 1937.938477
v 1807.000000 49.896198 1938.342285
v 1807.000000 49.876587 1938.750000
v 1807.000000 49.939125 1939.476318
v 1807.000000 50.124893 1940.181396
v 1807.000000 50.400803 1940.794800
v 1807.000000 50.738228 1941.315430
v 1807.000000 51.147896 1941.781494
v 1807.000000 51.621014 1942.182861
v 1807.000000 52.147530 1942.511108
v 1807.000000 52.716274 1942.759155
v 1807.000000 53.315052 1942.921753
v 1807.000000 53.718807 1942.980347
v 1807.000000 54.126587 1943.000000
v 1807.000000 54.852955 1942.937500
v 1807.000000 55.557980 1942.751709
v 1807.000000 56.171349 1942.475830
v 1807.000000 56.692039 1942.138306
v 1807.000000 57.158073 1941.728638
v 1807.000000 57.559471 1941.255493
v 1807.000000 57.887695 1940.729004
v 1807.000000 58.135773 1940.160278
v 1807.000000 58.298393 1939.561523
v 1807.000000 58.356976 1939.157715
v 1807.000000 66.750000 1970.000000
v 1807.000000 66.687462 1969.273682
v 1807.000000 66.501694 1968.568604
v 1807.000000 66.225784 1967.955200
v 1807.000000 65.888359 1967.434570
v 1807.000000 65.478691 1966.968506
v 1807.000000 65.005577 1966.567139
v 1807.000000 64.479057 1966.238892
v 1807.000000 63.910313 1965.990845
v 1807.000000 63.311539 1965.828247
v 1807.000000 62.907780 1965.769653
v 1807.000000 62.500000 1965.750000
v 1807.000000 61.773632 1965.812500
v 1807.000000 61.068607 1965.998291
v 1807.000000 60.455242 1966.274170
v 1807.000000 59.934547 1966.611694
v 1807.000000 59.468513 1967.021362
v 1807.000000 59.067116 1967.494507
v 1807.000000 58.738892 1968.020996
v 1807.000000 58.490814 1968.589722
v 1807.000000 58.328194 1969.188477
v 1807.000000 58.269611 1969.592285
v 1807.000000 58.250000 1970.000000
v 1807.000000 58.312538 1970.726318
v 1807.000000 58.498306 1971.431396
v 1807.000000 58.774216 1972.044800
v 1807.000000 59.111641 1972.565430
v 1807.000000 59.521309 1973.031494
v 1807.000000 59.994427 1973.432861
v 1807.000000 60.520943 1973.761108
v 1807.000000 61.089687 1974.009155
v 1807.000000 61.688461 1974.171753
v 1807.000000 62.092220 1974.230347
v 1807.000000 62.500000 1974.250000
v 1807.000000 63.226368 1974.187500
v 1807.000000 63.931393 1974.001709
v 1807.000000 64.544762 1973.725830
v 1807.000000 65.065453 1973.388306
v 1807.000000 65.531487 1972.978638
v 1807.000000 65.932884 1972.505493
v 1807.000000 66.261108 1971.979004
v 1807.000000 66.509186 1971.410278
v 1807.000000 66.671806 1970.811523
v 1807.000000 66.730392 1970.407715
v 1807.000000 58.376587 2001.250000
v 1807.000000 58.314053 2000.523682
v 1807.000000 58.128284 1999.818604
v 1807.000000 57.852375 1999.205200
v 1807.000000 57.514946 1998.684570
v 1807.000000 57.105282 1998.218506
v 1807.000000 56.632160 1997.817139
v 1807.000000 56.105644 1997.488892
v 1807.000000 55.536900 1997.240845
v 1807.000000 54.938126 1997.078247
v 1807.000000 54.534367 1997.019653
v 1807.000000 54.126587 1997.000000
v 1807.000000 53.400223 1997.062500
v 1807.000000 52.695198 1997.248291
v 1807.000000 52.081829 1997.524170
v 1807.000000 51.561134 1997.861694
v 1807.000000 51.095100 1998.271362
v 1807.000000 50.693703 1998.744507
v 1807.000000 50.365479 1999.270996
v 1807.000000 50.117405 1999.839722
v 1807.000000 49.954784 2000.438477
v 1807.000000 49.896198 2000.842285
v 1807.000000 49.876587 2001.250000
v 1807.000000 49.939125 2001.976318
v 1807.000000 50.124893 2002.681396
v 1807.000000 50.400803 2003.294800
v 1807.000000 50.738228 2003.815430
v 1807.000000 51.147896 2004.281494
v 1807.000000 51.621014 2004.682861
v 1807.000000 52.147530 2005.011108
v 1807.000000 52.716274 2005.259155
v 1807.000000 53.315052 2005.421753
v 1807.000000 53.718807 2005.480347
v 1807.000000 54.126587 2005.500000
v 1807.000000 54.852955 2005.437500
v 1807.000000 55.557980 2005.251709
v 1807.000000 56.171349 2004.975830
v 1807.000000 56.692039 2004.638306
v 1807.000000 57.158073 2004.228638
v 1807.000000 57.559471 2003.755493
v 1807.000000 57.887695 2003.229004
v 1807.000000 58.135773 2002.660278
v 1807.000000 58.298393 2002.061523
v 1807.000000 58.356976 2001.657715
v 1807.000000 35.500000 2024.126587
v 1807.000000 35.437462 2023.400269
v 1807.000000 35.251694 2022.695190
v 1807.000000 34.975784 2022.081787
v 1807.000000 34.638359 2021.561157
v 1807.000000 34.228691 2021.095093
v 1807.000000 33.755573 2020.693726
v 1807.000000 33.229057 2020.365479
v 1807.000000 32.660313 2020.117432
v 1807.000000 32.061539 2019.954834
v 1807.000000 31.657780 2019.896240
v 1807.000000 31.250000 2019.876587
v 1807.000000 30.523634 2019.939087
v 1807.000000 29.818609 2020.124878
v 1807.000000 29.205240 2020.400757
v 1807.000000 28.684547 2020.738281
v 1807.000000 28.218513 2021.147949
v 1807.000000 27.817116 2021.621094
v 1807.000000 27.488892 2022.147583
v 1807.000000 27.240816 2022.716309
v 1807.000000 27.078196 2023.315063
v 1807.000000 27.019611 2023.718872
v 1807.000000 27.000000 2024.126587
v 1807.000000 27.062536 2024.852905
v 1807.000000 27.248304 2025.557983
v 1807.000000 27.524214 2026.171387
v 1807.000000 27.861641 2026.692017
v 1807.000000 28.271307 2027.158081
v 1807.000000 28.744427 2027.559448
v 1807.000000 29.270943 2027.887695
v 1807.000000 29.839687 2028.135742
v 1807.000000 30.438463 2028.298340
v 1807.000000 30.842218 2028.356934
v 1807.000000 31.250000 2028.376587
v 1807.000000 31.976366 2028.314087
v 1807.000000 32.681393 2028.128296
v 1807.000000 33.294758 2027.852417
v 1807.000000 33.815453 2027.514893
v 1807.000000 34.281487 2027.105225
v 1807.000000 34.682884 2026.632080
v 1807.000000 35.011108 2026.105591
v 1807.000000 35.259186 2025.536865
v 1807.000000 35.421806 2024.938110
v 1807.000000 35.480389 2024.534302
v 1807.000000 5.000000 1907.500000
v 1807.000000 4.926414 1906.645386
v 1807.000000 4.707816 1905.815918
v 1807.000000 4.350696 1905.036011
v 1807.000000 3.865542 1904.328613
v 1807.000000 3.266529 1903.714600
v 1807.000000 2.571424 1903.211914
v 1807.000000 1.800718 1902.835571
v 1807.000000 0.976944 1902.596436
v 1807.000000 0.490825 1902.524170
v 1807.000000 0.000000 1902.500000
v 1807.000000 -0.854588 1902.573608
v 1807.000000 -1.684114 1902.792236
v 1807.000000 -2.464014 1903.149292
v 1807.000000 -3.171354 1903.634399
v 1807.000000 -3.785429 1904.233398
v 1807.000000 -4.288078 1904.928589
v 1807.000000 -4.664477 1905.699219
v 1807.000000 -4.903620 1906.523071
v 1807.000000 -4.975848 1907.009155
v 1807.000000 -5.000000 1907.500000
v 1807.000000 -4.926414 1908.354614
v 1807.000000 -4.707816 1909.184082
v 1807.000000 -4.350696 1909.963989
v 1807.000000 -3.865542 1910.671387
v 1807.000000 -3.266529 1911.285400
v 1807.000000 -2.571424 1911.788086
v 1807.000000 -1.800718 1912.164429
v 1807.000000 -0.976944 1912.403564
v 1807.000000 -0.490825 1912.475830
v 1807.000000 -0.000000 1912.500000
v 1807.000000 0.854588 1912.426392
v 1807.000000 1.684114 1912.207764
v 1807.000000 2.464014 1911.850708
v 1807.000000 3.171354 1911.365601
v 1807.000000 3.785429 1910.766602
v 1807.000000 4.288078 1910.071411
v 1807.000000 4.664477 1909.300781
v 1807.000000 4.903620 1908.476929
v 1807.000000 4.975848 1907.990845
v 1807.000000 5.000000 2032.500000
v 1807.000000 4.926414 2031.645386
v 1807.000000 4.707816 2030.815918
v 1807.000000 4.350696 2030.036011
v 1807.000000 3.865542 2029.328613
v 1807.000000 3.266529 2028.714600
v 1807.000000 2.571424 2028.211914
v 1807.000000 1.800718 2027.835571
v 1807.000000 0.976944 2027.596436
v 1807.000000 0.490825 2027.524170
v 1807.000000 0.000000 2027.500000
v 1807.000000 -0.854588 2027.573608
v 1807.000000 -1.684114 2027.792236
v 1807.000000 -2.464015 2028.149292
v 1807.000000 -3.171354 2028.634399
v 1807.000000 -3.785429 2029.233398
v 1807.000000 -4.288078 2029.928589
v 1807.000000 -4.664477 2030.699219
v 1807.000000 -4.903620 2031.523071
v 1807.000000 -4.975848 2032.009155
v 1807.000000 -5.000000 2032.500000
v 1807.000000 -4.926414 2033.354614
v 1807.000000 -4.707816 2034.184082
v 1807.000000 -4.350696 2034.963989
v 1807.000000 -3.865542 2035.671387
v 1807.000000 -3.266529 2036.285400
v 1807.000000 -2.571424 2036.788086
v 1807.000000 -1.800718 2037.164429
v 1807.000000 -0.976944 2037.403564
v 1807.000000 -0.490825 2037.475830
v 1807.000000 -0.000000 2037.500000
v 1807.000000 0.854588 2037.426392
v 1807.000000 1.684114 2037.207764
v 1807.000000 2.464015 2036.850708
v 1807.000000 3.171354 2036.365601
v 1807.000000 3.785429 2035.766602
v 1807.000000 4.288078 2035.071411
v 1807.000000 4.664477 2034.300781
v 1807.000000 4.903620 2033.476929
v 1807.000000 4.975848 2032.990845
v 1807.000000 -0.000000 1930.000000
v 1807.000000 6.257379 1930.492432
v 1807.000000 12.360680 1931.957764
v 1807.000000 18.159620 1934.359741
v 1807.000000 23.511410 1937.639282
v 1807.000000 28.284271 1941.715698
v 1807.000000 32.360680 1946.488647
v 1807.000000 35.640263 1951.840332
v 1807.000000 38.042259 1957.639282
v 1807.000000 39.507534 1963.742676
v 1807.000000 40.000000 1970.000000
v 1807.000000 -40.000000 1970.000000
v 1807.000000 -39.507534 1963.742676
v 1807.000000 -38.042259 1957.639282
v 1807.000000 -35.640263 1951.840332
v 1807.000000 -32.360680 1946.488647
v 1807.000000 -28.284271 1941.715698
v 1807.000000 -23.511410 1937.639282
v 1807.000000 -18.159620 1934.359741
v 1807.000000 -12.360680 1931.957764
v 1807.000000 -6.257379 1930.492432
v 1807.000000 0.000000 2010.000000
v 1807.000000 -6.945927 2009.392334
v 1807.000000 -13.680806 2007.587646
v 1807.000000 -20.000000 2004.640991
v 1807.000000 -25.711504 2000.641724
v 1807.000000 -30.641777 1995.711548
v 1807.000000 -34.641018 1990.000000
v 1807.000000 -37.587704 1983.680786
v 1807.000000 -39.392311 1976.945923
v 1807.000000 39.392311 1976.945923
v 1807.000000 37.587704 1983.680786
v 1807.000000 34.641018 1990.000000
v 1807.000000 30.641777 1995.711548
v 1807.000000 25.711504 2000.641724
v 1807.000000 20.000000 2004.640991
v 1807.000000 13.680806 2007.587646
v 1807.000000 6.945927 2009.392334
vn 1.000000 -0.000000 0.000000
vn 1.000000 -0.000000 0.000000
vn 1.000000 -0.000000 0.000000
vn 1.000000 -0.000000 0.000000
vn 1.000000 -0.000000 0.000000
vn 1.000000 -0.000000 0.000000
vn 1.000000 -0.000000 0.000000
vn 1.000000 -0.000000 0.000000
vn 1.000000 -0.000000 0.000000
vn 1.000000 -0.000000 0.000000
vn 1.000000 -0.000000 0.000000
vn 1.000000 -0.000000 0.000000
vn 1.000000 -0.000000 0.000000
vn 1.000000 -0.000000 0.000000
vn 1.000000 -0.000000 0.000000
vn 1.000000 -0.000000 0.000000
vn 1.000000 -0.000000 0.000000
vn 1.000000 -0.000000 0.000000
vn 1.000000 -0.000000 0.000000
vn 1.000000 -0.000000 0.000000
vn 1.000000 -0.000000 0.000000
vn 1.000000 -0.000000 0.000000
vn 1.000000 -0.000000 0.000000
vn 1.000000 -0.000000 0.000000
vn 1.000000 -0.000000 0.000000
vn 1.000000 -0.000000 0.000000
vn 1.000000 -0.000000 0.000000
vn 1.000000 -0.000000 0.000000
vn 1.000000 -0.000000 0.000000
vn 1.000000 -0.000000 0.000000
vn 1.000000 -0.000000 0.000000
vn 1.000000 -0.000000 0.000000
vn 1.000000 -0.000000 0.000000
vn 1.000000 -0.000000 0.000000
vn 1.000000 -0.000000 0.000000
vn 1.000000 -0.000000 0.000000
vn 1.000000 -0.000000 0.000000
vn 1.000000 -0.000000 0.000000
vn 1.000000 -0.000000 0.000000
vn 1.000000 -0.000000 0.000000
vn 1.000000 -0.000000 0.000000
vn 1.000000 -0.000000 0.000000
vn 1.000000 -0.000000 0.000000
vn 1.000000 -0.000000 0.000000
vn 1.000000 -0.000000 0.000000
vn 1.000000 -0.000000 0.000000
vn 1.000000 -0.000000 0.000000
vn 1.000000 -0.000000 0.000000
vn 1.000000 -0.000000 0.000000
vn 1.000000 -0.000000 0.000000
vn 1.000000 -0.000000 0.000000
vn 1.000000 -0.000000 0.000000
vn 1.000000 -0.000000 0.000000
vn 1.000000 -0.000000 0.000000
vn 1.000000 -0.000000 0.000000
vn 1.000000 -0.000000 0.000000
vn 1.000000 -0.000000 0.000000
vn 1.000000 -0.000000 0.000000
vn 1.000000 -0.000000 0.000000
vn 1.000000 -0.000000 0.000000
vn 1.000000 -0.000000 0.000000
vn 1.000000 -0.000000 0.000000
vn 1.000000 -0.000000 0.000000
vn 1.000000 -0.000000 0.000000
vn 1.000000 -0.000000 0.000000
vn 1.000000 -0.000000 0.000000
vn 1.000000 -0.000000 0.000000
vn 1.000000 -0.000000 0.000000
vn 1.000000 -0.000000 0.000000
vn 1.000000 -0.000000 0.000000
vn 1.000000 -0.000000 0.000000
vn 1.000000 -0.000000 0.000000
vn 1.000000 -0.000000 0.000000
vn 1.000000 -0.000000 0.000000
vn 1.000000 -0.000000 0.000000
vn 1.000000 -0.000000 0.000000
vn 1.000000 -0.000000 0.000000
vn 1.000000 -0.000000 0.000000
vn 1.000000 -0.000000 0.000000
vn 1.000000 -0.000000 0.000000
vn 1.000000 -0.000000 0.000000
vn 1.000000 -0.000000 0.000000
vn 1.000000 -0.000000 0.000000
vn 1.000000 -0.000000 0.000000
vn 1.000000 -0.000000 0.000000
vn 1.000000 -0.000000 0.000000
vn 1.000000 -0.000000 0.000000
vn 1.000000 -0.000000 0.000000
vn 1.000000 -0.000000 0.000000
vn 1.000000 -0.000000 0.000000
vn 1.000000 -0.000000 0.000000
vn 1.000000 -0.000000 0.000000
vn 1.000000 -0.000000 0.000000
vn 1.000000 -0.000000 0.000000
vn 1.000000 -0.000000 0.000000
vn 1.000000 -0.000000 0.000000
vn 1.000000 -0.000000 0.000000
vn 1.000000 -0.000000 0.000000
vn 1.000000 -0.000000 0.000000
vn 1.000000 -0.000000 0.000000
vn 1.000000 -0.000000 0.000000
vn 1.000000 -0.000000 0.000000
vn 1.000000 -0.000000 0.000000
vn 1.000000 -0.000000 0.000000
vn 1.000000 -0.000000 0.000000
vn 1.000000 -0.000000 0.000000
vn 1.000000 -0.000000 0.000000
vn 1.000000 -0.000000 0.000000
vn 1.000000 -0.000000 0.000000
vn 1.000000 -0.000000 0.000000
vn 1.000000 -0.000000 0.000000
vn 1.000000 -0.000000 0.000000
vn 1.000000 -0.000000 0.000000
vn 1.000000 -0.000000 0.000000
vn 1.000000 -0.000000 0.000000
vn 1.000000 -0.000000 0.000000
vn 1.000000 -0.000000 0.000000
vn 1.000000 -0.000000 0.000000
vn 1.000000 -0.000000 0.000000
vn 1.000000 -0.000000 0.000000
vn 1.000000 -0.000000 0.000000
vn 1.000000 -0.000000 0.000000
vn 1.000000 -0.000000 0.000000
vn 1.000000 -0.000000 0.000000
vn 1.000000 -0.000000 0.000000
vn 1.000000 -0.000000 0.000000
vn 1.000000 -0.000000 0.000000
vn 1.000000 -0.000000 0.000000
vn 1.000000 -0.000000 0.000000
vn 1.000000 -0.000000 0.000000
vn 1.000000 -0.000000 0.000000
vn 1.000000 -0.000000 0.000000
vn 1.000000 -0.000000 0.000000
vn 1.000000 -0.000000 0.000000
vn 1.000000 -0.000000 0.000000
vn 1.000000 -0.000000 0.000000
vn 1.000000 -0.000000 0.000000
vn 1.000000 -0.000000 0.000000
vn 1.000000 -0.000000 0.000000
vn 1.000000 -0.000000 0.000000
vn 1.000000 -0.000000 0.000000
vn 1.000000 -0.000000 0.000000
vn 1.000000 -0.000000 0.000000
vn 1.000000 -0.000000 0.000000
vn 1.000000 -0.000000 0.000000
vn 1.000000 -0.000000 0.000000
vn 1.000000 -0.000000 0.000000
vn 1.000000 -0.000000 0.000000
vn 1.000000 -0.000000 0.000000
vn 1.000000 -0.000000 0.000000
vn 1.000000 -0.000000 0.000000
vn 1.000000 -0.000000 0.000000
vn 1.000000 -0.000000 0.000000
vn 1.000000 -0.000000 0.000000
vn 1.000000 -0.000000 0.000000
vn 1.000000 -0.000000 0.000000
vn 1.000000 -0.000000 0.000000
vn 1.000000 -0.000000 0.000000
vn 1.000000 -0.000000 0.000000
vn 1.000000 -0.000000 0.000000
vn 1.000000 -0.000000 0.000000
vn 1.000000 -0.000000 0.000000
vn 1.000000 -0.000000 0.000000
vn 1.000000 -0.000000 0.000000
vn 1.000000 -0.000000 0.000000
vn 1.000000 -0.000000 0.000000
vn 1.000000 -0.000000 0.000000
vn 1.000000 -0.000000 0.000000
vn 1.000000 -0.000000 0.000000
vn 1.000000 -0.000000 0.000000
vn 1.000000 -0.000000 0.000000
vn 1.000000 -0.000000 0.000000
vn 1.000000 -0.000000 0.000000
vn 1.000000 -0.000000 0.000000
vn 1.000000 -0.000000 0.000000
vn 1.000000 -0.000000 0.000000
vn 1.000000 -0.000000 0.000000
vn 1.000000 -0.000000 0.000000
vn 1.000000 -0.000000 0.000000
vn 1.000000 -0.000000 0.000000
vn 1.000000 -0.000000 0.000000
vn 1.000000 -0.000000 0.000000
vn 1.000000 -0.000000 0.000000
vn 1.000000 -0.000000 0.000000
vn 1.000000 -0.000000 0.000000
vn 1.000000 -0.000000 0.000000
vn 1.000000 -0.000000 0.000000
vn 1.000000 -0.000000 0.000000
vn 1.000000 -0.000000 0.000000
vn 1.000000 -0.000000 0.000000
vn 1.000000 -0.000000 0.000000
vn 1.000000 -0.000000 0.000000
vn 1.000000 -0.000000 0.000000
vn 1.000000 -0.000000 0.000000
vn 1.000000 -0.000000 0.000000
vn 1.000000 -0.000000 0.000000
vn 1.000000 -0.000000 0.000000
vn 1.000000 -0.000000 0.000000
vn 1.000000 -0.000000 0.000000
vn 1.000000 -0.000000 0.000000
vn 1.000000 -0.000000 0.000000
vn 1.000000 -0.000000 0.000000
vn 1.000000 -0.000000 0.000000
vn 1.000000 -0.000000 0.000000
vn 1.000000 -0.000000 0.000000
vn 1.000000 -0.000000 0.000000
vn 1.000000 -0.000000 0.000000
vn 1.000000 -0.000000 0.000000
vn 1.000000 -0.000000 0.000000
vn 1.000000 -0.000000 0.000000
vn 1.000000 -0.000000 0.000000
vn 1.000000 -0.000000 0.000000
vn 1.000000 -0.000000 0.000000
vn 1.000000 -0.000000 0.000000
vn 1.000000 -0.000000 0.000000
vn 1.000000 -0.000000 0.000000
vn 1.000000 -0.000000 0.000000
vn 1.000000 -0.000000 0.000000
vn 1.000000 -0.000000 0.000000
vn 1.000000 -0.000000 0.000000
vn 1.000000 -0.000000 0.000000
vn 1.000000 -0.000000 0.000000
vn 1.000000 -0.000000 0.000000
vn 1.000000 -0.000000 0.000000
vn 1.000000 -0.000000 0.000000
vn 1.000000 -0.000000 0.000000
vn 1.000000 -0.000000 0.000000
vn 1.000000 -0.000000 0.000000
vn 1.000000 -0.000000 0.000000
vn 1.000000 -0.000000 0.000000
vn 1.000000 -0.000000 0.000000
vn 1.000000 -0.000000 0.000000
vn 1.000000 -0.000000 0.000000
vn 1.000000 -0.000000 0.000000
vn 1.000000 -0.000000 0.000000
vn 1.000000 -0.000000 0.000000
vn 1.000000 -0.000000 0.000000
vn 1.000000 -0.000000 0.000000
vn 1.000000 -0.000000 0.000000
vn 1.000000 -0.000000 0.000000
vn 1.000000 -0.000000 0.000000
vn 1.000000 -0.000000 0.000000
vn 1.000000 -0.000000 0.000000
vn 1.000000 -0.000000 0.000000
vn 1.000000 -0.000000 0.000000
vn 1.000000 -0.000000 0.000000
vn 1.000000 -0.000000 0.000000
vn 1.000000 -0.000000 0.000000
vn 1.000000 -0.000000 0.000000
vn 1.000000 -0.000000 0.000000
vn 1.000000 -0.000000 0.000000
vn 1.000000 -0.000000 0.000000
vn 1.000000 -0.000000 0.000000
vn 1.000000 -0.000000 0.000000
vn 1.000000 -0.000000 0.000000
vn 1.000000 -0.000000 0.000000
vn 1.000000 -0.000000 0.000000
vn 1.000000 -0.000000 0.000000
vn 1.000000 -0.000000 0.000000
vn 1.000000 -0.000000 0.000000
vn 1.000000 -0.000000 0.000000
vn 1.000000 -0.000000 0.000000
vn 1.000000 -0.000000 0.000000
vn 1.000000 -0.000000 0.000000
vn 1.000000 -0.000000 0.000000
vn 1.000000 -0.000000 0.000000
vn 1.000000 -0.000000 0.000000
vn 1.000000 -0.000000 0.000000
vn 1.000000 -0.000000 0.000000
vn 1.000000 -0.000000 0.000000
vn 1.000000 -0.000000 0.000000
vn 1.000000 -0.000000 0.000000
vn 1.000000 -0.000000 0.000000
vn 1.000000 -0.000000 0.000000
vn 1.000000 -0.000000 0.000000
vn 1.000000 -0.000000 0.000000
vn 1.000000 -0.000000 0.000000
vn 1.000000 -0.000000 0.000000
vn 1.000000 -0.000000 0.000000
vn 1.000000 -0.000000 0.000000
vn 1.000000 -0.000000 0.000000
vn 1.000000 -0.000000 0.000000
vn 1.000000 -0.000000 0.000000
vn 1.000000 -0.000000 0.000000
vn 1.000000 -0.000000 0.000000
vn 1.000000 -0.000000 0.000000
vn 1.000000 -0.000000 0.000000
vn 1.000000 -0.000000 0.000000
vn 1.000000 -0.000000 0.000000
vn 1.000000 -0.000000 0.000000
vn 1.000000 -0.000000 0.000000
vn 1.000000 -0.000000 0.000000
vn 1.000000 -0.000000 0.000000
vn 1.000000 -0.000000 0.000000
vn 1.000000 -0.000000 0.000000
vn 1.000000 -0.000000 0.000000
vn 1.000000 -0.000000 0.000000
vn 1.000000 -0.000000 0.000000
vn 1.000000 -0.000000 0.000000
vn 1.000000 -0.000000 0.000000
vn 1.000000 -0.000000 0.000000
vn 1.000000 -0.000000 0.000000
vn 1.000000 -0.000000 0.000000
vn 1.000000 -0.000000 0.000000
vn 1.000000 -0.000000 0.000000
vn 1.000000 -0.000000 0.000000
vn 1.000000 -0.000000 0.000000
vn 1.000000 -0.000000 0.000000
vn 1.000000 -0.000000 0.000000
vn 1.000000 -0.000000 0.000000
vn 1.000000 -0.000000 0.000000
vn 1.000000 -0.000000 0.000000
vn 1.000000 -0.000000 0.000000
vn 1.000000 -0.000000 0.000000
vn 1.000000 -0.000000 0.000000
vn 1.000000 -0.000000 0.000000
vn 1.000000 -0.000000 0.000000
vn 1.000000 -0.000000 0.000000
vn 1.000000 -0.000000 0.000000
vn 1.000000 -0.000000 0.000000
vn 1.000000 -0.000000 0.000000
vn 1.000000 -0.000000 0.000000
vn 1.000000 -0.000000 0.000000
vn 1.000000 -0.000000 0.000000
vn 1.000000 -0.000000 0.000000
vn 1.000000 -0.000000 0.000000
vn 1.000000 -0.000000 0.000000
vn 1.000000 -0.000000 0.000000
vn 1.000000 -0.000000 0.000000
vn 1.000000 -0.000000 0.000000
vn 1.000000 -0.000000 0.000000
vn 1.000000 -0.000000 0.000000
vn 1.000000 -0.000000 0.000000
vn 1.000000 -0.000000 0.000000
vn 1.000000 -0.000000 0.000000
vn 1.000000 -0.000000 0.000000
vn 1.000000 -0.000000 0.000000
vn 1.000000 -0.000000 0.000000
vn 1.000000 -0.000000 0.000000
vn 1.000000 -0.000000 0.000000
vn 1.000000 -0.000000 0.000000
vn 1.000000 -0.000000 0.000000
vn 1.000000 -0.000000 0.000000
vn 1.000000 -0.000000 0.000000
vn 1.000000 -0.000000 0.000000
vn 1.000000 -0.000000 0.000000
vn 1.000000 -0.000000 0.000000
vn 1.000000 -0.000000 0.000000
vn 1.000000 -0.000000 0.000000
vn 1.000000 -0.000000 0.000000
vn 1.000000 -0.000000 0.000000
vn 1.000000 -0.000000 0.000000
vn 1.000000 -0.000000 0.000000
vn 1.000000 -0.000000 0.000000
vn 1.000000 -0.000000 0.000000
vn 1.000000 -0.000000 0.000000
vn 1.000000 -0.000000 0.000000
vn 1.000000 -0.000000 0.000000
vn 1.000000 -0.000000 0.000000
vn 1.000000 -0.000000 0.000000
vn 1.000000 -0.000000 0.000000
vn 1.000000 -0.000000 0.000000
vn 1.000000 -0.000000 0.000000
vn 1.000000 -0.000000 0.000000
vn 1.000000 -0.000000 0.000000
vn 1.000000 -0.000000 0.000000
vn 1.000000 -0.000000 0.000000
vn 1.000000 -0.000000 0.000000
vn 1.000000 -0.000000 0.000000
vn 1.000000 -0.000000 0.000000
vn 1.000000 -0.000000 0.000000
vn 1.000000 -0.000000 0.000000
vn 1.000000 -0.000000 0.000000
vn 1.000000 -0.000000 0.000000
vn 1.000000 -0.000000 0.000000
vn 1.000000 -0.000000 0.000000
vn 1.000000 -0.000000 0.000000
vn 1.000000 -0.000000 0.000000
vn 1.000000 -0.000000 0.000000
vn 1.000000 -0.000000 0.000000
vn 1.000000 -0.000000 0.000000
vn 1.000000 -0.000000 0.000000
vn 1.000000 -0.000000 0.000000
vn 1.000000 -0.000000 0.000000
vn 1.000000 -0.000000 0.000000
vn 1.000000 -0.000000 0.000000
vn 1.000000 -0.000000 0.000000
vn 1.000000 -0.000000 0.000000
vn 1.000000 -0.000000 0.000000
vn 1.000000 -0.000000 0.000000
vn 1.000000 -0.000000 0.000000
vn 1.000000 -0.000000 0.000000
vn 1.000000 -0.000000 0.000000
vn 1.000000 -0.000000 0.000000
vn 1.000000 -0.000000 0.000000
vn 1.000000 -0.000000 0.000000
vn 1.000000 -0.000000 0.000000
vn 1.000000 -0.000000 0.000000
vn 1.000000 -0.000000 0.000000
vn 1.000000 -0.000000 0.000000
vn 1.000000 -0.000000 0.000000
vn 1.000000 -0.000000 0.000000
vn 1.000000 -0.000000 0.000000
vn 1.000000 -0.000000 0.000000
vn 1.000000 -0.000000 0.000000
vn 1.000000 -0.000000 0.000000
vn 1.000000 -0.000000 0.000000
vn 1.000000 -0.000000 0.000000
vn 1.000000 -0.000000 0.000000
vn 1.000000 -0.000000 0.000000
vn 1.000000 -0.000000 0.000000
vn 1.000000 -0.000000 0.000000
vn 1.000000 -0.000000 0.000000
vn 1.000000 -0.000000 0.000000
vn 1.000000 -0.000000 0.000000
vn 1.000000 -0.000000 0.000000
vn 1.000000 -0.000000 0.000000
vn 1.000000 -0.000000 0.000000
vn 1.000000 -0.000000 0.000000
vn 1.000000 -0.000000 0.000000
vn 1.000000 -0.000000 0.000000
vn 1.000000 -0.000000 0.000000
vn 1.000000 -0.000000 0.000000
vn 1.000000 -0.000000 0.000000
vn 1.000000 -0.000000 0.000000
vn 1.000000 -0.000000 0.000000
vn 1.000000 -0.000000 0.000000
vn 1.000000 -0.000000 0.000000
vn 1.000000 -0.000000 0.000000
vn 1.000000 -0.000000 0.000000
vn 1.000000 -0.000000 0.000000
vn 1.000000 -0.000000 0.000000
vn 1.000000 -0.000000 0.000000
vn 1.000000 -0.000000 0.000000
vn 1.000000 -0.000000 0.000000
vn 1.000000 -0.000000 0.000000
vn 1.000000 -0.000000 0.000000
vn 1.000000 -0.000000 0.000000
vn 1.000000 -0.000000 0.000000
vn 1.000000 -0.000000 0.000000
vn 1.000000 -0.000000 0.000000
vn 1.000000 -0.000000 0.000000
vn 1.000000 -0.000000 0.000000
vn 1.000000 -0.000000 0.000000
vn 1.000000 -0.000000 0.000000
vn 1.000000 -0.000000 0.000000
vn 1.000000 -0.000000 0.000000
vn 1.000000 -0.000000 0.000000
vn 1.000000 -0.000000 0.000000
vn 1.000000 -0.000000 0.000000
vn 1.000000 -0.000000 0.000000
vn 1.000000 -0.000000 0.000000
vn 1.000000 -0.000000 0.000000
vn 1.000000 -0.000000 0.000000
vn 1.000000 -0.000000 0.000000
vn 1.000000 -0.000000 0.000000
vn 1.000000 -0.000000 0.000000
vn 1.000000 -0.000000 0.000000
vn 1.000000 -0.000000 0.000000
vn 1.000000 -0.000000 0.000000
vn 1.000000 -0.000000 0.000000
vn 1.000000 -0.000000 0.000000
vn 1.000000 -0.000000 0.000000
vn 1.000000 -0.000000 0.000000
vn 1.000000 -0.000000 0.000000
vn 1.000000 -0.000000 0.000000
vn 1.000000 -0.000000 0.000000
vn 1.000000 -0.000000 0.000000
vn 1.000000 -0.000000 0.000000
vn 1.000000 -0.000000 0.000000
vn 1.000000 -0.000000 0.000000
vn 1.000000 -0.000000 0.000000
vn 1.000000 -0.000000 0.000000
vn 1.000000 -0.000000 0.000000
vn 1.000000 -0.000000 0.000000
vn 1.000000 -0.000000 0.000000
vn 1.000000 -0.000000 0.000000
vn 1.000000 -0.000000 0.000000
vn 1.000000 -0.000000 0.000000
vn 1.000000 -0.000000 0.000000
vn 1.000000 -0.000000 0.000000
vn 1.000000 -0.000000 0.000000
vn 1.000000 -0.000000 0.000000
vn 1.000000 -0.000000 0.000000
vn 1.000000 -0.000000 0.000000
vn 1.000000 -0.000000 0.000000
vn 1.000000 -0.000000 0.000000
vn 1.000000 -0.000000 0.000000
vn 1.000000 -0.000000 0.000000
vn 1.000000 -0.000000 0.000000
vn 1.000000 -0.000000 0.000000
vn 1.000000 -0.000000 0.000000
vn 1.000000 -0.000000 0.000000
vn 1.000000 -0.000000 0.000000
vn 1.000000 -0.000000 0.000000
vn 1.000000 -0.000000 0.000000
vn 1.000000 -0.000000 0.000000
vn 1.000000 -0.000000 0.000000
vn 1.000000 -0.000000 0.000000
vn 1.000000 -0.000000 0.000000
vn 1.000000 -0.000000 0.000000
vn 1.000000 -0.000000 0.000000
vn 1.000000 -0.000000 0.000000
vn 1.000000 -0.000000 0.000000
vn 1.000000 -0.000000 0.000000
vn 1.000000 -0.000000 0.000000
vn 1.000000 -0.000000 0.000000
vn 1.000000 -0.000000 0.000000
vn 1.000000 -0.000000 0.000000
vn 1.000000 -0.000000 0.000000
vn 1.000000 -0.000000 0.000000
vn 1.000000 -0.000000 0.000000
vn 1.000000 -0.000000 0.000000
vn 1.000000 -0.000000 0.000000
vn 1.000000 -0.000000 0.000000
vn 1.000000 -0.000000 0.000000
vn 1.000000 -0.000000 0.000000
vn 1.000000 -0.000000 0.000000
vn 1.000000 -0.000000 0.000000
vn 1.000000 -0.000000 0.000000
vn 1.000000 -0.000000 0.000000
vn 1.000000 -0.000000 0.000000
vn 1.000000 -0.000000 0.000000
vn 1.000000 -0.000000 0.000000
vn 1.000000 -0.000000 0.000000
vn 1.000000 -0.000000 0.000000
vn 1.000000 -0.000000 0.000000
vn 1.000000 -0.000000 0.000000
vn 1.000000 -0.000000 0.000000
vn 1.000000 -0.000000 0.000000
vn 1.000000 -0.000000 0.000000
vn 1.000000 -0.000000 0.000000
vn 1.000000 -0.000000 0.000000
vn 1.000000 -0.000000 0.000000
vn 1.000000 -0.000000 0.000000
vn 1.000000 -0.000000 0.000000
vn 1.000000 -0.000000 0.000000
vn 1.000000 -0.000000 0.000000
vn 1.000000 -0.000000 0.000000
vn 1.000000 -0.000000 0.000000
vn 1.000000 -0.000000 0.000000
vn 1.000000 -0.000000 0.000000
vn 1.000000 -0.000000 0.000000
vn 1.000000 -0.000000 0.000000
vn 1.000000 -0.000000 0.000000
vn 1.000000 -0.000000 0.000000
vn 1.000000 -0.000000 0.000000
vn 1.000000 -0.000000 0.000000
vn 1.000000 -0.000000 0.000000
vn 1.000000 -0.000000 0.000000
vn 1.000000 -0.000000 0.000000
vn 1.000000 -0.000000 0.000000
vn 1.000000 -0.000000 0.000000
vn 1.000000 -0.000000 0.000000
vn 1.000000 -0.000000 0.000000
vn 1.000000 -0.000000 0.000000
vn 1.000000 -0.000000 0.000000
vn 1.000000 -0.000000 0.000000
vn 1.000000 -0.000000 0.000000
vn 1.000000 -0.000000 0.000000
vn 1.000000 -0.000000 0.000000
vn 1.000000 -0.000000 0.000000
vn 1.000000 -0.000000 0.000000
vn 1.000000 -0.000000 0.000000
vn 1.000000 -0.000000 0.000000
vn 1.000000 -0.000000 0.000000
vn 1.000000 -0.000000 0.000000
vn 1.000000 -0.000000 0.000000
vn 1.000000 -0.000000 0.000000
vn 1.000000 -0.000000 0.000000
vn 1.000000 -0.000000 0.000000
vn 1.000000 -0.000000 0.000000
vn 1.000000 -0.000000 0.000000
vn 1.000000 -0.000000 0.000000
vn 1.000000 -0.000000 0.000000
vn 1.000000 -0.000000 0.000000
vn 1.000000 -0.000000 0.000000
vn 1.000000 -0.000000 0.000000
vn 1.000000 -0.000000 0.000000
vn 1.000000 -0.000000 0.000000
vn 1.000000 -0.000000 0.000000
vn 1.000000 -0.000000 0.000000
vn 1.000000 -0.000000 0.000000
vn 1.000000 -0.000000 0.000000
vn 1.000000 -0.000000 0.000000
f 306//306 307//307 270//270
f 346//346 347//347 273//273
f 348//348 273//273 347//347
f 308//308 270//270 307//307
f 305//305 306//306 270//270
f 305//305 270//270 271//271
f 345//345 346//346 273//273
f 349//349 273//273 348//348
f 349//349 272//272 273//273
f 309//309 270//270 308//308
f 304//304 305//305 271//271
f 344//344 345//345 273//273
f 350//350 272//272 349//349
f 351//351 272//272 350//350
f 310//310 270//270 309//309
f 303//303 304//304 271//271
f 343//343 344//344 273//273
f 343//343 273//273 274//274
f 352//352 272//272 351//351
f 311//311 269//269 270//270
f 311//311 270//270 310//310
f 302//302 303//303 271//271
f 342//342 343//343 274//274
f 353//353 272//272 352//352
f 341//341 342//342 274//274
f 354//354 272//272 353//353
f 301//301 302//302 271//271
f 312//312 269//269 311//311
f 340//340 341//341 274//274
f 339//339 340//340 274//274
f 355//355 272//272 354//354
f 313//313 269//269 312//312
f 300//300 301//301 271//271
f 300//300 271//271 272//272
f 300//300 272//272 355//355
f 338//338 339//339 274//274
f 356//356 300//300 355//355
f 314//314 269//269 313//313
f 299//299 300//300 356//356
f 337//337 338//338 274//274
f 357//357 299//299 356//356
f 298//298 299//299 357//357
f 315//315 269//269 314//314
f 336//336 274//274 275//275
f 336//336 337//337 274//274
f 358//358 298//298 357//357
f 297//297 298//298 358//358
f 316//316 269//269 315//315
f 335//335 336//336 275//275
f 359//359 297//297 358//358
f 296//296 297//297 359//359
f 360//360 296//296 359//359
f 295//295 296//296 360//360
f 361//361 295//295 360//360
f 780//780 781//781 268//268
f 782//782 267//267 268//268
f 782//782 268//268 781//781
f 779//779 780//780 268//268
f 783//783 267//267 782//782
f 778//778 779//779 268//268
f 390//390 275//275 276//276
f 390//390 391//391 275//275
f 392//392 275//275 391//391
f 784//784 267//267 783//783
f 777//777 268//268 269//269
f 777//777 269//269 316//316
f 777//777 778//778 268//268
f 389//389 390//390 276//276
f 393//393 275//275 392//392
f 785//785 267//267 784//784
f 388//388 389//389 276//276
f 394//394 275//275 393//393
f 776//776 316//316 317//317
f 776//776 777//777 316//316
f 786//786 267//267 785//785
f 395//395 275//275 394//394
f 395//395 335//335 275//275
f 387//387 388//388 276//276
f 396//396 334//334 335//335
f 396//396 335//335 395//395
f 775//775 776//776 317//317
f 775//775 317//317 318//318
f 386//386 387//387 276//276
f 397//397 334//334 396//396
f 787//787 267//267 786//786
f 774//774 775//775 318//318
f 774//774 318//318 319//319
f 385//385 386//386 276//276
f 398//398 334//334 397//397
f 398//398 333//333 334//334
f 384//384 385//385 276//276
f 788//788 267//267 787//787
f 773//773 774//774 319//319
f 773//773 319//319 284//284
f 383//383 384//384 276//276
f 383//383 276//276 277//277
f 399//399 333//333 398//398
f 399//399 332//332 333//333
f 789//789 267//267 788//788
f 789//789 266//266 267//267
f 382//382 383//383 277//277
f 772//772 284//284 285//285
f 772//772 773//773 284//284
f 400//400 332//332 399//399
f 400//400 330//330 331//331
f 400//400 331//331 332//332
f 381//381 382//382 277//277
f 401//401 330//330 400//400
f 401//401 329//329 330//330
f 790//790 266//266 789//789
f 771//771 772//772 285//285
f 380//380 381//381 277//277
f 791//791 266//266 790//790
f 379//379 380//380 277//277
f 378//378 379//379 277//277
f 792//792 266//266 791//791
f 377//377 378//378 277//277
f 793//793 266//266 792//792
f 794//794 266//266 793//793
f 822//822 361//361 362//362
f 822//822 362//362 363//363
f 822//822 363//363 320//320
f 822//822 320//320 321//321
f 822//822 295//295 361//361
f 821//821 295//295 822//822
f 821//821 292//292 293//293
f 821//821 293//293 294//294
f 821//821 294//294 295//295
f 823//823 321//321 322//322
f 823//823 322//322 323//323
f 823//823 323//323 324//324
f 823//823 324//324 325//325
f 823//823 822//822 321//321
f 820//820 288//288 289//289
f 820//820 289//289 290//290
f 820//820 290//290 291//291
f 820//820 291//291 292//292
f 820//820 292//292 821//821
f 819//819 285//285 286//286
f 819//819 286//286 287//287
f 819//819 287//287 288//288
f 819//819 288//288 820//820
f 819//819 771//771 285//285
f 824//824 823//823 325//325
f 824//824 325//325 326//326
f 824//824 326//326 327//327
f 824//824 327//327 328//328
f 824//824 328//328 329//329
f 278//278 376//376 377//377
f 278//278 377//377 277//277
f 265//265 266//266 794//794
f 818//818 768//768 769//769
f 818//818 769//769 770//770
f 818//818 770//770 771//771
f 818//818 771//771 819//819
f 825//825 329//329 401//401
f 825//825 401//401 402//402
f 825//825 402//402 403//403
f 825//825 403//403 404//404
f 825//825 404//404 405//405
f 825//825 824//824 329//329
f 807//807 364//364 365//365
f 807//807 365//365 366//366
f 807//807 405//405 406//406
f 807//807 406//406 407//407
f 807//807 407//407 364//364
f 807//807 825//825 405//405
f 817//817 768//768 818//818
f 817//817 763//763 764//764
f 817//817 764//764 765//765
f 817//817 765//765 766//766
f 817//817 766//766 767//767
f 817//817 767//767 768//768
f 808//808 366//366 367//367
f 808//808 367//367 368//368
f 808//808 368//368 369//369
f 808//808 807//807 366//366
f 833//833 760//760 761//761
f 833//833 761//761 762//762
f 833//833 762//762 763//763
f 833//833 763//763 817//817
f 698//698 265//265 794//794
f 698//698 794//794 795//795
f 698//698 795//795 756//756
f 698//698 699//699 265//265
f 434//434 435//435 278//278
f 436//436 375//375 376//376
f 436//436 376//376 278//278
f 436//436 278//278 435//435
f 700//700 265//265 699//699
f 697//697 756//756 757//757
f 697//697 698//698 756//756
f 433//433 434//434 278//278
f 437//437 374//374 375//375
f 437//437 375//375 436//436
f 701//701 265//265 700//700
f 696//696 757//757 758//758
f 696//696 697//697 757//757
f 432//432 433//433 278//278
f 438//438 373//373 374//374
f 438//438 374//374 437//437
f 702//702 265//265 701//701
f 439//439 373//373 438//438
f 439//439 372//372 373//373
f 703//703 265//265 702//702
f 695//695 758//758 759//759
f 695//695 696//696 758//758
f 431//431 278//278 279//279
f 431//431 432//432 278//278
f 440//440 371//371 372//372
f 440//440 372//372 439//439
f 704//704 265//265 703//703
f 694//694 695//695 759//759
f 430//430 431//431 279//279
f 441//441 370//370 371//371
f 441//441 371//371 440//440
f 705//705 265//265 704//704
f 705//705 264//264 265//265
f 693//693 694//694 759//759
f 693//693 759//759 760//760
f 429//429 430//430 279//279
f 706//706 264//264 705//705
f 442//442 370//370 441//441
f 692//692 693//693 760//760
f 428//428 429//429 279//279
f 809//809 370//370 442//442
f 809//809 369//369 370//370
f 809//809 808//808 369//369
f 427//427 428//428 279//279
f 707//707 264//264 706//706
f 443//443 809//809 442//442
f 426//426 427//427 279//279
f 708//708 264//264 707//707
f 444//444 809//809 443//443
f 832//832 690//690 691//691
f 832//832 691//691 692//692
f 832//832 760//760 833//833
f 832//832 692//692 760//760
f 689//689 690//690 832//832
f 425//425 426//426 279//279
f 445//445 809//809 444//444
f 709//709 264//264 708//708
f 688//688 689//689 832//832
f 424//424 425//425 279//279
f 710//710 264//264 709//709
f 711//711 264//264 710//710
f 810//810 809//809 445//445
f 810//810 445//445 446//446
f 810//810 446//446 447//447
f 810//810 447//447 448//448
f 831//831 684//684 685//685
f 831//831 688//688 832//832
f 831//831 685//685 686//686
f 831//831 686//686 687//687
f 831//831 687//687 688//688
f 280//280 424//424 279//279
f 280//280 417//417 418//418
f 280//280 418//418 419//419
f 280//280 419//419 420//420
f 280//280 420//420 421//421
f 280//280 421//421 422//422
f 280//280 422//422 423//423
f 280//280 423//423 424//424
f 263//263 672//672 673//673
f 263//263 673//673 674//674
f 263//263 711//711 712//712
f 263//263 712//712 713//713
f 263//263 713//713 714//714
f 263//263 264//264 711//711
f 263//263 714//714 715//715
f 263//263 715//715 672//672
f 811//811 450//450 451//451
f 811//811 451//451 408//408
f 811//811 810//810 448//448
f 811//811 408//408 409//409
f 811//811 448//448 449//449
f 811//811 449//449 450//450
f 830//830 680//680 681//681
f 830//830 681//681 682//682
f 830//830 682//682 683//683
f 830//830 683//683 684//684
f 830//830 684//684 831//831
f 812//812 811//811 409//409
f 812//812 409//409 410//410
f 281//281 417//417 280//280
f 281//281 416//416 417//417
f 262//262 263//263 674//674
f 655//655 676//676 677//677
f 479//479 412//412 413//413
f 654//654 655//655 677//677
f 654//654 677//677 678//678
f 478//478 413//413 414//414
f 478//478 479//479 413//413
f 480//480 412//412 479//479
f 480//480 411//411 412//412
f 656//656 675//675 676//676
f 656//656 676//676 655//655
f 477//477 414//414 415//415
f 477//477 478//478 414//414
f 653//653 678//678 679//679
f 653//653 654//654 678//678
f 481//481 410//410 411//411
f 481//481 411//411 480//480
f 657//657 674//674 675//675
f 657//657 675//675 656//656
f 476//476 416//416 281//281
f 476//476 415//415 416//416
f 476//476 477//477 415//415
f 652//652 679//679 680//680
f 652//652 680//680 830//830
f 652//652 653//653 679//679
f 652//652 830//830 829//829
f 482//482 410//410 481//481
f 482//482 812//812 410//410
f 658//658 262//262 674//674
f 658//658 674//674 657//657
f 483//483 812//812 482//482
f 659//659 262//262 658//658
f 475//475 476//476 281//281
f 651//651 652//652 829//829
f 484//484 813//813 812//812
f 484//484 812//812 483//483
f 660//660 262//262 659//659
f 650//650 651//651 829//829
f 474//474 475//475 281//281
f 661//661 262//262 660//660
f 485//485 813//813 484//484
f 473//473 474//474 281//281
f 649//649 650//650 829//829
f 486//486 813//813 485//485
f 662//662 262//262 661//661
f 472//472 473//473 281//281
f 648//648 649//649 829//829
f 648//648 829//829 828//828
f 471//471 472//472 281//281
f 647//647 648//648 828//828
f 487//487 813//813 486//486
f 663//663 262//262 662//662
f 646//646 647//647 828//828
f 488//488 813//813 487//487
f 488//488 814//814 813//813
f 664//664 262//262 663//663
f 645//645 646//646 828//828
f 489//489 814//814 488//488
f 644//644 645//645 828//828
f 490//490 814//814 489//489
f 491//491 814//814 490//490
f 827//827 644//644 828//828
f 827//827 643//643 644//644
f 282//282 467//467 468//468
f 282//282 468//468 469//469
f 282//282 469//469 470//470
f 282//282 470//470 471//471
f 282//282 471//471 281//281
f 642//642 643//643 827//827
f 466//466 467//467 282//282
f 641//641 642//642 827//827
f 465//465 466//466 282//282
f 815//815 491//491 492//492
f 815//815 492//492 493//493
f 815//815 814//814 491//491
f 494//494 815//815 493//493
f 640//640 641//641 827//827
f 261//261 664//664 665//665
f 261//261 665//665 666//666
f 261//261 666//666 667//667
f 261//261 667//667 668//668
f 261//261 668//668 669//669
f 261//261 669//669 670//670
f 261//261 670//670 671//671
f 261//261 262//262 664//664
f 826//826 640//640 827//827
f 283//283 458//458 459//459
f 283//283 459//459 460//460
f 283//283 460//460 461//461
f 283//283 461//461 462//462
f 283//283 462//462 463//463
f 283//283 463//463 464//464
f 283//283 464//464 465//465
f 283//283 465//465 282//282
f 260//260 261//261 671//671
f 260//260 671//671 628//628
f 260//260 628//628 629//629
f 260//260 629//629 630//630
f 260//260 630//630 631//631
f 260//260 631//631 632//632
f 260//260 632//632 633//633
f 741//741 816//816 815//815
f 740//740 494//494 495//495
f 740//740 741//741 815//815
f 740//740 815//815 494//494
f 742//742 816//816 741//741
f 739//739 452//452 453//453
f 739//739 495//495 452//452
f 739//739 740//740 495//495
f 743//743 816//816 742//742
f 738//738 453//453 454//454
f 738//738 739//739 453//453
f 610//610 611//611 826//826
f 612//612 826//826 611//611
f 612//612 640//640 826//826
f 612//612 639//639 640//640
f 744//744 796//796 816//816
f 744//744 816//816 743//743
f 737//737 454//454 455//455
f 737//737 738//738 454//454
f 609//609 610//610 826//826
f 613//613 638//638 639//639
f 613//613 639//639 612//612
f 745//745 796//796 744//744
f 608//608 609//609 826//826
f 608//608 826//826 806//806
f 614//614 638//638 613//613
f 614//614 637//637 638//638
f 736//736 455//455 456//456
f 736//736 737//737 455//455
f 746//746 796//796 745//745
f 615//615 637//637 614//614
f 615//615 636//636 637//637
f 607//607 608//608 806//806
f 616//616 636//636 615//615
f 616//616 635//635 636//636
f 735//735 736//736 456//456
f 606//606 607//607 806//806
f 617//617 635//635 616//616
f 617//617 634//634 635//635
f 747//747 796//796 746//746
f 605//605 606//606 806//806
f 618//618 634//634 617//617
f 604//604 605//605 806//806
f 748//748 796//796 747//747
f 748//748 797//797 796//796
f 603//603 806//806 805//805
f 603//603 604//604 806//806
f 250//250 456//456 457//457
f 250//250 457//457 458//458
f 250//250 733//733 734//734
f 250//250 734//734 735//735
f 250//250 735//735 456//456
f 250//250 458//458 283//283
f 749//749 797//797 748//748
f 602//602 603//603 805//805
f 732//732 733//733 250//250
f 601//601 602//602 805//805
f 750//750 797//797 749//749
f 731//731 732//732 250//250
f 600//600 601//601 805//805
f 600//600 805//805 804//804
f 259//259 634//634 618//618
f 259//259 260//260 633//633
f 259//259 618//618 619//619
f 259//259 619//619 620//620
f 259//259 620//620 621//621
f 259//259 621//621 622//622
f 259//259 633//633 634//634
f 751//751 797//797 750//750
f 751//751 798//798 797//797
f 730//730 731//731 250//250
f 599//599 600//600 804//804
f 623//623 259//259 622//622
f 729//729 730//730 250//250
f 728//728 729//729 250//250
f 727//727 728//728 250//250
f 726//726 727//727 250//250
f 258//258 584//584 585//585
f 258//258 585//585 586//586
f 258//258 623//623 624//624
f 258//258 624//624 625//625
f 258//258 625//625 626//626
f 258//258 626//626 627//627
f 258//258 627//627 584//584
f 258//258 259//259 623//623
f 522//522 523//523 799//799
f 522//522 799//799 798//798
f 566//566 567//567 803//803
f 524//524 799//799 523//523
f 568//568 804//804 803//803
f 568//568 803//803 567//567
f 521//521 522//522 798//798
f 565//565 803//803 802//802
f 565//565 566//566 803//803
f 525//525 800//800 799//799
f 525//525 799//799 524//524
f 569//569 804//804 568//568
f 520//520 521//521 798//798
f 564//564 565//565 802//802
f 526//526 800//800 525//525
f 570//570 804//804 569//569
f 527//527 800//800 526//526
f 571//571 599//599 804//804
f 571//571 804//804 570//570
f 519//519 520//520 798//798
f 519//519 798//798 751//751
f 519//519 751//751 752//752
f 563//563 564//564 802//802
f 528//528 800//800 527//527
f 572//572 598//598 599//599
f 572//572 599//599 571//571
f 562//562 563//563 802//802
f 518//518 519//519 752//752
f 573//573 598//598 572//572
f 529//529 800//800 528//528
f 517//517 518//518 752//752
f 517//517 752//752 753//753
f 561//561 802//802 801//801
f 561//561 562//562 802//802
f 530//530 800//800 529//529
f 530//530 801//801 800//800
f 574//574 597//597 598//598
f 574//574 598//598 573//573
f 516//516 753//753 754//754
f 516//516 517//517 753//753
f 560//560 561//561 801//801
f 515//515 754//754 755//755
f 515//515 516//516 754//754
f 559//559 560//560 801//801
f 531//531 801//801 530//530
f 531//531 559//559 801//801
f 575//575 597//597 574//574
f 575//575 596//596 597//597
f 514//514 755//755 716//716
f 514//514 515//515 755//755
f 558//558 559//559 531//531
f 532//532 558//558 531//531
f 576//576 596//596 575//575
f 576//576 594//594 595//595
f 576//576 595//595 596//596
f 513//513 514//514 716//716
f 513//513 716//716 717//717
f 557//557 558//558 532//532
f 533//533 557//557 532//532
f 577//577 594//594 576//576
f 556//556 557//557 533//533
f 534//534 556//556 533//533
f 555//555 556//556 534//534
f 535//535 555//555 534//534
f 554//554 555//555 535//535
f 536//536 554//554 535//535
f 553//553 554//554 536//536
f 537//537 553//553 536//536
f 257//257 586//586 587//587
f 257//257 587//587 588//588
f 257//257 588//588 589//589
f 257//257 258//258 586//586
f 257//257 589//589 590//590
f 257//257 590//590 591//591
f 257//257 591//591 592//592
f 249//249 726//726 250//250
f 249//249 511//511 512//512
f 249//249 512//512 513//513
f 249//249 717//717 718//718
f 249//249 718//718 719//719
f 249//249 719//719 720//720
f 249//249 720//720 721//721
f 249//249 721//721 722//722
f 249//249 722//722 723//723
f 249//249 723//723 724//724
f 249//249 724//724 725//725
f 249//249 725//725 726//726
f 249//249 513//513 717//717
f 256//256 577//577 578//578
f 256//256 578//578 579//579
f 256//256 579//579 580//580
f 256//256 580//580 581//581
f 256//256 581//581 582//582
f 256//256 257//257 592//592
f 256//256 592//592 593//593
f 256//256 593//593 594//594
f 256//256 594//594 577//577
f 251//251 504//504 505//505
f 251//251 505//505 506//506
f 251//251 506//506 507//507
f 251//251 507//507 508//508
f 251//251 508//508 509//509
f 251//251 509//509 510//510
f 251//251 510//510 511//511
f 251//251 511//511 249//249
f 255//255 256//256 582//582
f 255//255 582//582 583//583
f 255//255 583//583 540//540
f 255//255 540//540 541//541
f 255//255 541//541 542//542
f 255//255 542//542 543//543
f 255//255 543//543 544//544
f 255//255 544//544 545//545
f 252//252 504//504 251//251
f 252//252 498//498 499//499
f 252//252 499//499 500//500
f 252//252 500//500 501//501
f 252//252 501//501 502//502
f 252//252 502//502 503//503
f 252//252 503//503 504//504
f 254//254 551//551 552//552
f 254//254 255//255 545//545
f 254//254 545//545 546//546
f 254//254 546//546 547//547
f 254//254 547//547 548//548
f 254//254 548//548 549//549
f 254//254 549//549 550//550
f 254//254 550//550 551//551
f 253//253 552//552 553//553
f 253//253 254//254 552//552
f 253//253 496//496 497//497
f 253//253 497//497 498//498
f 253//253 553//553 537//537
f 253//253 498//498 252//252
f 253//253 537//537 538//538
f 253//253 538//538 539//539
f 253//253 539//539 496//496
v 1807.000000 17.776388 1892.000000
v 1807.000000 -17.776388 1892.000000
v 1796.500000 17.776388 1892.000000
v 1796.500000 -17.776388 1892.000000
vn -0.000000 -0.000000 -1.000000
vn -0.000000 -0.000000 -1.000000
vn -0.000000 -0.000000 -1.000000
vn -0.000000 -0.000000 -1.000000
f 836//836 835//835 837//837
f 834//834 835//835 836//836
v 1796.500000 0.000000 2050.000000
v 1807.000000 0.000000 2050.000000
v 1807.000000 17.776388 1892.000000
v 1807.000000 30.835890 1896.181641
v 1807.000000 42.989407 1902.532104
v 1807.000000 53.879864 1910.864868
v 1807.000000 63.187294 1920.935059
v 1807.000000 70.638229 1932.446777
v 1807.000000 76.013763 1945.061890
v 1807.000000 79.155952 1958.409668
v 1807.000000 79.972488 1972.098022
v 1807.000000 78.439362 1985.724731
v 1807.000000 74.601639 1998.889404
v 1807.000000 68.572052 2011.205200
v 1807.000000 60.527779 2022.310547
v 1807.000000 50.705147 2031.878784
v 1807.000000 39.392761 2039.629150
v 1807.000000 26.922989 2045.333618
v 1807.000000 13.662197 2048.824707
v 1796.500000 17.776388 1892.000000
v 1796.500000 30.835890 1896.181641
v 1796.500000 42.989407 1902.532104
v 1796.500000 53.879864 1910.864868
v 1796.500000 63.187294 1920.935059
v 1796.500000 70.638229 1932.446777
v 1796.500000 76.013763 1945.061890
v 1796.500000 79.155952 1958.409668
v 1796.500000 79.972488 1972.098022
v 1796.500000 78.439362 1985.724731
v 1796.500000 74.601639 1998.889404
v 1796.500000 68.572052 2011.205200
v 1796.500000 60.527779 2022.310547
v 1796.500000 50.705147 2031.878784
v 1796.500000 39.392761 2039.629150
v 1796.500000 26.922989 2045.333618
v 1796.500000 13.662197 2048.824707
vn -0.000000 0.000000 1.000000
vn 0.000000 -0.000000 1.000000
vn 0.000000 0.222205 -0.975000
vn 0.000000 0.385449 -0.922729
vn 0.000000 0.537368 -0.843348
vn 0.000000 0.673498 -0.739189
vn 0.000000 0.789841 -0.613311
vn 0.000000 0.882978 -0.469415
vn 0.000000 0.950172 -0.311726
vn 0.000000 0.989449 -0.144879
vn -0.000000 0.999656 0.026225
vn -0.000000 0.980492 0.196559
vn -0.000000 0.932520 0.361117
vn -0.000000 0.857151 0.515066
vn -0.000000 0.756597 0.653881
vn -0.000000 0.633814 0.773485
vn -0.000000 0.492410 0.870364
vn -0.000000 0.336537 0.941670
vn -0.000000 0.170777 0.985310
vn 0.000000 0.222205 -0.975000
vn 0.000000 0.385449 -0.922729
vn 0.000000 0.537368 -0.843348
vn 0.000000 0.673498 -0.739189
vn 0.000000 0.789841 -0.613311
vn 0.000000 0.882978 -0.469415
vn 0.000000 0.950172 -0.311726
vn 0.000000 0.989449 -0.144879
vn -0.000000 0.999656 0.026225
vn -0.000000 0.980492 0.196559
vn -0.000000 0.932520 0.361117
vn -0.000000 0.857151 0.515066
vn -0.000000 0.756597 0.653881
vn -0.000000 0.633814 0.773485
vn -0.000000 0.492410 0.870364
vn -0.000000 0.336537 0.941670
vn -0.000000 0.170777 0.985310
f 840//840 857//857 858//858
f 841//841 858//858 859//859
f 841//841 840//840 858//858
f 842//842 859//859 860//860
f 842//842 841//841 859//859
f 843//843 860//860 861//861
f 843//843 842//842 860//860
f 844//844 861//861 862//862
f 844//844 843//843 861//861
f 845//845 862//862 863//863
f 845//845 844//844 862//862
f 846//846 863//863 864//864
f 846//846 845//845 863//863
f 847//847 864//864 865//865
f 847//847 846//846 864//864
f 848//848 865//865 866//866
f 848//848 847//847 865//865
f 849//849 866//866 867//867
f 849//849 848//848 866//866
f 850//850 867//867 868//868
f 850//850 849//849 867//867
f 851//851 868//868 869//869
f 851//851 850//850 868//868
f 852//852 869//869 870//870
f 852//852 851//851 869//869
f 853//853 870//870 871//871
f 853//853 852//852 870//870
f 854//854 871//871 872//872
f 854//854 853//853 871//871
f 855//855 872//872 873//873
f 855//855 854//854 872//872
f 856//856 855//855 873//873
f 856//856 873//873 838//838
f 839//839 856//856 838//838
v 1796.500000 0.000000 2050.000000
v 1807.000000 0.000000 2050.000000
v 1796.500000 -13.662197 2048.824707
v 1796.500000 -26.922989 2045.333618
v 1796.500000 -39.392761 2039.629150
v 1796.500000 -50.705147 2031.878784
v 1796.500000 -60.527779 2022.310547
v 1796.500000 -68.572052 2011.205200
v 1796.500000 -74.601639 1998.889404
v 1796.500000 -78.439362 1985.724731
v 1796.500000 -79.972488 1972.098022
v 1796.500000 -79.155952 1958.409668
v 1796.500000 -76.013763 1945.061890
v 1796.500000 -70.638229 1932.446777
v 1796.500000 -63.187294 1920.935059
v 1796.500000 -53.879864 1910.864868
v 1796.500000 -42.989407 1902.532104
v 1796.500000 -30.835890 1896.181641
v 1796.500000 -17.776388 1892.000000
v 1807.000000 -17.776388 1892.000000
v 1807.000000 -13.662197 2048.824707
v 1807.000000 -26.922989 2045.333618
v 1807.000000 -39.392761 2039.629150
v 1807.000000 -50.705147 2031.878784
v 1807.000000 -60.527779 2022.310547
v 1807.000000 -68.572052 2011.205200
v 1807.000000 -74.601639 1998.889404
v 1807.000000 -78.439362 1985.724731
v 1807.000000 -79.972488 1972.098022
v 1807.000000 -79.155952 1958.409668
v 1807.000000 -76.013763 1945.061890
v 1807.000000 -70.638229 1932.446777
v 1807.000000 -63.187294 1920.935059
v 1807.000000 -53.879864 1910.864868
v 1807.000000 -42.989407 1902.532104
v 1807.000000 -30.835890 1896.181641
vn 0.000000 0.000000 1.000000
vn 0.000000 0.000000 1.000000
vn 0.000000 -0.170777 0.985310
vn 0.000000 -0.336537 0.941670
vn 0.000000 -0.492410 0.870364
vn 0.000000 -0.633814 0.773485
vn 0.000000 -0.756597 0.653881
vn 0.000000 -0.857151 0.515066
vn 0.000000 -0.932520 0.361117
vn 0.000000 -0.980492 0.196559
vn 0.000000 -0.999656 0.026225
vn 0.000000 -0.989449 -0.144879
vn 0.000000 -0.950172 -0.311726
vn 0.000000 -0.882978 -0.469415
vn 0.000000 -0.789841 -0.613311
vn 0.000000 -0.673498 -0.739189
vn 0.000000 -0.537368 -0.843348
vn 0.000000 -0.385449 -0.922729
vn 0.000000 -0.222205 -0.975000
vn 0.000000 -0.222205 -0.975000
vn 0.000000 -0.170777 0.985310
vn 0.000000 -0.336537 0.941670
vn 0.000000 -0.492410 0.870364
vn 0.000000 -0.633814 0.773485
vn 0.000000 -0.756597 0.653881
vn 0.000000 -0.857151 0.515066
vn 0.000000 -0.932520 0.361117
vn 0.000000 -0.980492 0.196559
vn 0.000000 -0.999656 0.026225
vn 0.000000 -0.989449 -0.144879
vn 0.000000 -0.950172 -0.311726
vn 0.000000 -0.882978 -0.469415
vn 0.000000 -0.789841 -0.613311
vn 0.000000 -0.673498 -0.739189
vn 0.000000 -0.537368 -0.843348
vn 0.000000 -0.385449 -0.922729
f 894//894 875//875 874//874
f 894//894 874//874 876//876
f 895//895 876//876 877//877
f 895//895 894//894 876//876
f 896//896 877//877 878//878
f 896//896 895//895 877//877
f 897//897 878//878 879//879
f 897//897 896//896 878//878
f 898//898 879//879 880//880
f 898//898 897//897 879//879
f 899//899 880//880 881//881
f 899//899 898//898 880//880
f 900//900 881//881 882//882
f 900//900 899//899 881//881
f 901//901 882//882 883//883
f 901//901 900//900 882//882
f 902//902 883//883 884//884
f 902//902 901//901 883//883
f 903//903 884//884 885//885
f 903//903 902//902 884//884
f 904//904 885//885 886//886
f 904//904 903//903 885//885
f 905//905 886//886 887//887
f 905//905 904//904 886//886
f 906//906 887//887 888//888
f 906//906 905//905 887//887
f 907//907 888//888 889//889
f 907//907 906//906 888//888
f 908//908 889//889 890//890
f 908//908 907//907 889//889
f 909//909 908//908 890//890
f 909//909 890//890 891//891
f 893//893 909//909 891//891
f 893//893 891//891 892//892
usemtl mat_2
v 1807.000000 -54.126587 2005.500000
v 1791.000000 -54.126587 2005.500000
v 1807.000000 -53.400223 2005.437500
v 1807.000000 -52.695198 2005.251709
v 1807.000000 -52.081829 2004.975830
v 1807.000000 -51.561134 2004.638306
v 1807.000000 -51.095100 2004.228638
v 1807.000000 -50.693703 2003.755493
v 1807.000000 -50.365479 2003.229004
v 1807.000000 -50.117405 2002.660278
v 1807.000000 -49.954784 2002.061523
v 1807.000000 -49.896198 2001.657715
v 1807.000000 -49.876587 2001.250000
v 1807.000000 -49.939125 2000.523682
v 1807.000000 -50.124893 1999.818604
v 1807.000000 -50.400803 1999.205200
v 1807.000000 -50.738228 1998.684570
v 1807.000000 -51.147896 1998.218506
v 1807.000000 -51.621014 1997.817139
v 1807.000000 -52.147530 1997.488892
v 1807.000000 -52.716274 1997.240845
v 1807.000000 -53.315052 1997.078247
v 1807.000000 -53.718807 1997.019653
v 1807.000000 -54.126587 1997.000000
v 1791.000000 -54.126587 1997.000000
v 1791.000000 -49.876587 2001.250000
v 1791.000000 -49.941154 2000.511963
v 1791.000000 -50.132893 1999.796387
v 1791.000000 -50.445980 1999.125000
v 1791.000000 -50.870899 1998.518188
v 1791.000000 -51.394741 1997.994263
v 1791.000000 -52.001587 1997.569336
v 1791.000000 -52.673000 1997.256348
v 1791.000000 -53.388584 1997.064575
v 1791.000000 -53.388584 2005.435425
v 1791.000000 -52.673000 2005.243652
v 1791.000000 -52.001587 2004.930664
v 1791.000000 -51.394741 2004.505737
v 1791.000000 -50.870899 2003.981812
v 1791.000000 -50.445980 2003.375000
v 1791.000000 -50.132893 2002.703613
v 1791.000000 -49.941154 2001.988037
vn -0.000000 0.000000 -1.000000
vn -0.000000 0.000000 -1.000000
vn -0.000000 -0.170923 -0.985284
vn -0.000000 -0.336816 -0.941571
vn -0.000000 -0.481149 -0.876639
vn -0.000000 -0.603672 -0.797233
vn -0.000000 -0.713325 -0.700833
vn -0.000000 -0.807773 -0.589493
vn -0.000000 -0.885002 -0.465588
vn -0.000000 -0.943365 -0.331757
vn -0.000000 -0.981618 -0.190854
vn -0.000000 -0.995394 -0.095869
vn -0.000000 -1.000000 -0.000000
vn -0.000000 -0.985284 0.170923
vn -0.000000 -0.941571 0.336816
vn -0.000000 -0.876639 0.481149
vn -0.000000 -0.797235 0.603669
vn -0.000000 -0.700836 0.713322
vn -0.000000 -0.589499 0.807769
vn -0.000000 -0.465595 0.884998
vn -0.000000 -0.331767 0.943361
vn -0.000000 -0.190866 0.981616
vn -0.000000 -0.095875 0.995393
vn -0.000000 -0.000000 1.000000
vn -0.000000 -0.000000 1.000000
vn -0.000000 -1.000000 -0.000000
vn -0.000000 -0.984808 0.173648
vn -0.000000 -0.939693 0.342020
vn -0.000000 -0.866025 0.500000
vn -0.000000 -0.766044 0.642788
vn -0.000000 -0.642788 0.766044
vn -0.000000 -0.500000 0.866025
vn -0.000000 -0.342020 0.939693
vn -0.000000 -0.173648 0.984808
vn -0.000000 -0.173648 -0.984808
vn -0.000000 -0.342020 -0.939693
vn -0.000000 -0.500000 -0.866025
vn -0.000000 -0.642788 -0.766044
vn -0.000000 -0.766044 -0.642788
vn -0.000000 -0.866025 -0.500000
vn -0.000000 -0.939693 -0.342020
vn -0.000000 -0.984808 -0.173648
f 911//911 912//912 910//910
f 944//944 913//913 912//912
f 944//944 912//912 911//911
f 945//945 914//914 913//913
f 945//945 913//913 944//944
f 946//946 915//915 914//914
f 946//946 914//914 945//945
f 947//947 916//916 915//915
f 947//947 915//915 946//946
f 948//948 917//917 916//916
f 948//948 916//916 947//947
f 949//949 918//918 917//917
f 949//949 917//917 948//948
f 950//950 919//919 918//918
f 950//950 920//920 919//919
f 950//950 918//918 949//949
f 951//951 921//921 920//920
f 951//951 920//920 950//950
f 935//935 922//922 921//921
f 935//935 923//923 922//922
f 935//935 921//921 951//951
f 936//936 924//924 923//923
f 936//936 923//923 935//935
f 937//937 925//925 924//924
f 937//937 924//924 936//936
f 938//938 926//926 925//925
f 938//938 925//925 937//937
f 939//939 926//926 938//938
f 939//939 927//927 926//926
f 940//940 927//927 939//939
f 940//940 928//928 927//927
f 941//941 928//928 940//940
f 941//941 929//929 928//928
f 942//942 929//929 941//941
f 942//942 930//930 929//929
f 942//942 931//931 930//930
f 943//943 931//931 942//942
f 943//943 932//932 931//931
f 934//934 933//933 932//932
f 934//934 932//932 943//943
v 1807.000000 -54.126587 1997.000000
v 1791.000000 -54.126587 1997.000000
v 1807.000000 -54.852955 1997.062500
v 1807.000000 -55.557980 1997.248291
v 1807.000000 -56.171349 1997.524170
v 1807.000000 -56.692039 1997.861694
v 1807.000000 -57.158073 1998.271362
v 1807.000000 -57.559471 1998.744507
v 1807.000000 -57.887695 1999.270996
v 1807.000000 -58.135773 1999.839722
v 1807.000000 -58.298393 2000.438477
v 1807.000000 -58.356976 2000.842285
v 1807.000000 -58.376587 2001.250000
v 1807.000000 -58.314053 2001.976318
v 1807.000000 -58.128284 2002.681396
v 1807.000000 -57.852375 2003.294800
v 1807.000000 -57.514946 2003.815430
v 1807.000000 -57.105282 2004.281494
v 1807.000000 -56.632160 2004.682861
v 1807.000000 -56.105644 2005.011108
v 1807.000000 -55.536900 2005.259155
v 1807.000000 -54.938126 2005.421753
v 1807.000000 -54.534367 2005.480347
v 1807.000000 -54.126587 2005.500000
v 1791.000000 -54.126587 2005.500000
v 1791.000000 -58.376587 2001.250000
v 1791.000000 -58.312019 2001.988037
v 1791.000000 -58.120281 2002.703613
v 1791.000000 -57.807198 2003.375000
v 1791.000000 -57.382278 2003.981812
v 1791.000000 -56.858437 2004.505737
v 1791.000000 -56.251587 2004.930664
v 1791.000000 -55.580173 2005.243652
v 1791.000000 -54.864594 2005.435425
v 1791.000000 -54.864594 1997.064575
v 1791.000000 -55.580173 1997.256348
v 1791.000000 -56.251587 1997.569336
v 1791.000000 -56.858437 1997.994263
v 1791.000000 -57.382278 1998.518188
v 1791.000000 -57.807198 1999.125000
v 1791.000000 -58.120281 1999.796387
v 1791.000000 -58.312019 2000.511963
vn 0.000000 -0.000000 1.000000
vn 0.000000 -0.000000 1.000000
vn 0.000000 0.170923 0.985284
vn 0.000000 0.336816 0.941571
vn 0.000000 0.481149 0.876639
vn 0.000000 0.603672 0.797233
vn 0.000000 0.713325 0.700833
vn 0.000000 0.807773 0.589493
vn 0.000000 0.885002 0.465588
vn 0.000000 0.943365 0.331757
vn 0.000000 0.981618 0.190854
vn 0.000000 0.995394 0.095869
vn 0.000000 1.000000 0.000000
vn -0.000000 0.985284 -0.170923
vn -0.000000 0.941571 -0.336816
vn -0.000000 0.876639 -0.481149
vn -0.000000 0.797235 -0.603669
vn -0.000000 0.700836 -0.713322
vn -0.000000 0.589499 -0.807769
vn -0.000000 0.465595 -0.884998
vn -0.000000 0.331767 -0.943361
vn -0.000000 0.190866 -0.981616
vn -0.000000 0.095875 -0.995393
vn -0.000000 0.000000 -1.000000
vn -0.000000 0.000000 -1.000000
vn 0.000000 1.000000 0.000000
vn -0.000000 0.984808 -0.173648
vn -0.000000 0.939693 -0.342020
vn -0.000000 0.866025 -0.500000
vn -0.000000 0.766044 -0.642788
vn -0.000000 0.642788 -0.766044
vn -0.000000 0.500000 -0.866025
vn -0.000000 0.342020 -0.939693
vn -0.000000 0.173648 -0.984808
vn 0.000000 0.173648 0.984808
vn 0.000000 0.342020 0.939693
vn 0.000000 0.500000 0.866025
vn 0.000000 0.642788 0.766044
vn 0.000000 0.766044 0.642788
vn 0.000000 0.866025 0.500000
vn 0.000000 0.939693 0.342020
vn 0.000000 0.984808 0.173648
f 953//953 954//954 952//952
f 986//986 955//955 954//954
f 986//986 954//954 953//953
f 987//987 956//956 955//955
f 987//987 955//955 986//986
f 988//988 957//957 956//956
f 988//988 956//956 987//987
f 989//989 958//958 957//957
f 989//989 957//957 988//988
f 990//990 959//959 958//958
f 990//990 958//958 989//989
f 991//991 960//960 959//959
f 991//991 959//959 990//990
f 992//992 961//961 960//960
f 992//992 962//962 961//961
f 992//992 960//960 991//991
f 993//993 963//963 962//962
f 993//993 962//962 992//992
f 977//977 964//964 963//963
f 977//977 965//965 964//964
f 977//977 963//963 993//993
f 978//978 966//966 965//965
f 978//978 965//965 977//977
f 979//979 967//967 966//966
f 979//979 966//966 978//978
f 980//980 968//968 967//967
f 980//980 967//967 979//979
f 981//981 968//968 980//980
f 981//981 969//969 968//968
f 982//982 969//969 981//981
f 982//982 970//970 969//969
f 983//983 970//970 982//982
f 983//983 971//971 970//970
f 984//984 971//971 983//983
f 984//984 972//972 971//971
f 984//984 973//973 972//972
f 985//985 973//973 984//984
f 985//985 974//974 973//973
f 976//976 975//975 974//974
f 976//976 974//974 985//985
v 1807.000000 -62.500000 1974.250000
v 1791.000000 -62.500000 1974.250000
v 1807.000000 -61.773632 1974.187500
v 1807.000000 -61.068607 1974.001709
v 1807.000000 -60.455242 1973.725830
v 1807.000000 -59.934547 1973.388306
v 1807.000000 -59.468513 1972.978638
v 1807.000000 -59.067116 1972.505493
v 1807.000000 -58.738892 1971.979004
v 1807.000000 -58.490814 1971.410278
v 1807.000000 -58.328194 1970.811523
v 1807.000000 -58.269611 1970.407715
v 1807.000000 -58.250000 1970.000000
v 1807.000000 -58.312538 1969.273682
v 1807.000000 -58.498306 1968.568604
v 1807.000000 -58.774216 1967.955200
v 1807.000000 -59.111641 1967.434570
v 1807.000000 -59.521309 1966.968506
v 1807.000000 -59.994427 1966.567139
v 1807.000000 -60.520943 1966.238892
v 1807.000000 -61.089687 1965.990845
v 1807.000000 -61.688461 1965.828247
v 1807.000000 -62.092220 1965.769653
v 1807.000000 -62.500000 1965.750000
v 1791.000000 -62.500000 1965.750000
v 1791.000000 -58.250000 1970.000000
v 1791.000000 -58.314568 1969.261963
v 1791.000000 -58.506306 1968.546387
v 1791.000000 -58.819393 1967.875000
v 1791.000000 -59.244312 1967.268188
v 1791.000000 -59.768154 1966.744263
v 1791.000000 -60.375000 1966.319336
v 1791.000000 -61.046413 1966.006348
v 1791.000000 -61.761993 1965.814575
v 1791.000000 -61.761993 1974.185425
v 1791.000000 -61.046413 1973.993652
v 1791.000000 -60.375000 1973.680664
v 1791.000000 -59.768154 1973.255737
v 1791.000000 -59.244312 1972.731812
v 1791.000000 -58.819393 1972.125000
v 1791.000000 -58.506306 1971.453613
v 1791.000000 -58.314568 1970.738037
vn -0.000000 0.000000 -1.000000
vn -0.000000 0.000000 -1.000000
vn -0.000000 -0.170923 -0.985284
vn -0.000000 -0.336816 -0.941571
vn -0.000000 -0.481149 -0.876639
vn -0.000000 -0.603672 -0.797233
vn -0.000000 -0.713325 -0.700833
vn -0.000000 -0.807773 -0.589493
vn -0.000000 -0.885002 -0.465588
vn -0.000000 -0.943365 -0.331757
vn -0.000000 -0.981618 -0.190854
vn -0.000000 -0.995394 -0.095869
vn -0.000000 -1.000000 -0.000000
vn -0.000000 -0.985284 0.170923
vn -0.000000 -0.941571 0.336816
vn -0.000000 -0.876639 0.481149
vn -0.000000 -0.797235 0.603669
vn -0.000000 -0.700836 0.713322
vn -0.000000 -0.589499 0.807769
vn -0.000000 -0.465595 0.884998
vn -0.000000 -0.331767 0.943361
vn -0.000000 -0.190866 0.981616
vn -0.000000 -0.095875 0.995393
vn -0.000000 -0.000000 1.000000
vn -0.000000 -0.000000 1.000000
vn -0.000000 -1.000000 -0.000000
vn -0.000000 -0.984808 0.173648
vn -0.000000 -0.939693 0.342020
vn -0.000000 -0.866025 0.500000
vn -0.000000 -0.766044 0.642788
vn -0.000000 -0.642788 0.766044
vn -0.000000 -0.500000 0.866025
vn -0.000000 -0.342020 0.939693
vn -0.000000 -0.173648 0.984808
vn -0.000000 -0.173648 -0.984808
vn -0.000000 -0.342020 -0.939693
vn -0.000000 -0.500000 -0.866025
vn -0.000000 -0.642788 -0.766044
vn -0.000000 -0.766044 -0.642788
vn -0.000000 -0.866025 -0.500000
vn -0.000000 -0.939693 -0.342020
vn -0.000000 -0.984808 -0.173648
f 995//995 996//996 994//994
f 1028//1028 997//997 996//996
f 1028//1028 996//996 995//995
f 1029//1029 998//998 997//997
f 1029//1029 997//997 1028//1028
f 1030//1030 999//999 998//998
f 1030//1030 998//998 1029//1029
f 1031//1031 1000//1000 999//999
f 1031//1031 999//999 1030//1030
f 1032//1032 1001//1001 1000//1000
f 1032//1032 1000//1000 1031//1031
f 1033//1033 1002//1002 1001//1001
f 1033//1033 1001//1001 1032//1032
f 1034//1034 1003//1003 1002//1002
f 1034//1034 1004//1004 1003//1003
f 1034//1034 1002//1002 1033//1033
f 1035//1035 1005//1005 1004//1004
f 1035//1035 1004//1004 1034//1034
f 1019//1019 1006//1006 1005//1005
f 1019//1019 1007//1007 1006//1006
f 1019//1019 1005//1005 1035//1035
f 1020//1020 1008//1008 1007//1007
f 1020//1020 1007//1007 1019//1019
f 1021//1021 1009//1009 1008//1008
f 1021//1021 1008//1008 1020//1020
f 1022//1022 1010//1010 1009//1009
f 1022//1022 1009//1009 1021//1021
f 1023//1023 1010//1010 1022//1022
f 1023//1023 1011//1011 1010//1010
f 1024//1024 1011//1011 1023//1023
f 1024//1024 1012//1012 1011//1011
f 1025//1025 1012//1012 1024//1024
f 1025//1025 1013//1013 1012//1012
f 1026//1026 1013//1013 1025//1025
f 1026//1026 1014//1014 1013//1013
f 1026//1026 1015//1015 1014//1014
f 1027//1027 1015//1015 1026//1026
f 1027//1027 1016//1016 1015//1015
f 1018//1018 1017//1017 1016//1016
f 1018//1018 1016//1016 1027//1027
v 1807.000000 -62.500000 1965.750000
v 1791.000000 -62.500000 1965.750000
v 1807.000000 -63.226368 1965.812500
v 1807.000000 -63.931393 1965.998291
v 1807.000000 -64.544762 1966.274170
v 1807.000000 -65.065453 1966.611694
v 1807.000000 -65.531487 1967.021362
v 1807.000000 -65.932884 1967.494507
v 1807.000000 -66.261108 1968.020996
v 1807.000000 -66.509186 1968.589722
v 1807.000000 -66.671806 1969.188477
v 1807.000000 -66.730392 1969.592285
v 1807.000000 -66.750000 1970.000000
v 1807.000000 -66.687462 1970.726318
v 1807.000000 -66.501694 1971.431396
v 1807.000000 -66.225784 1972.044800
v 1807.000000 -65.888359 1972.565430
v 1807.000000 -65.478691 1973.031494
v 1807.000000 -65.005577 1973.432861
v 1807.000000 -64.479057 1973.761108
v 1807.000000 -63.910313 1974.009155
v 1807.000000 -63.311539 1974.171753
v 1807.000000 -62.907780 1974.230347
v 1807.000000 -62.500000 1974.250000
v 1791.000000 -62.500000 1974.250000
v 1791.000000 -66.750000 1970.000000
v 1791.000000 -66.685432 1970.738037
v 1791.000000 -66.493690 1971.453613
v 1791.000000 -66.180611 1972.125000
v 1791.000000 -65.755692 1972.731812
v 1791.000000 -65.231850 1973.255737
v 1791.000000 -64.625000 1973.680664
v 1791.000000 -63.953587 1973.993652
v 1791.000000 -63.238007 1974.185425
v 1791.000000 -63.238007 1965.814575
v 1791.000000 -63.953587 1966.006348
v 1791.000000 -64.625000 1966.319336
v 1791.000000 -65.231850 1966.744263
v 1791.000000 -65.755692 1967.268188
v 1791.000000 -66.180611 1967.875000
v 1791.000000 -66.493690 1968.546387
v 1791.000000 -66.685432 1969.261963
vn 0.000000 -0.000000 1.000000
vn 0.000000 -0.000000 1.000000
vn 0.000000 0.170923 0.985284
vn 0.000000 0.336816 0.941571
vn 0.000000 0.481149 0.876639
vn 0.000000 0.603672 0.797233
vn 0.000000 0.713325 0.700833
vn 0.000000 0.807773 0.589493
vn 0.000000 0.885002 0.465588
vn 0.000000 0.943365 0.331757
vn 0.000000 0.981618 0.190854
vn 0.000000 0.995394 0.095869
vn 0.000000 1.000000 0.000000
vn -0.000000 0.985284 -0.170923
vn -0.000000 0.941571 -0.336816
vn -0.000000 0.876639 -0.481149
vn -0.000000 0.797235 -0.603669
vn -0.000000 0.700836 -0.713322
vn -0.000000 0.589499 -0.807769
vn -0.000000 0.465595 -0.884998
vn -0.000000 0.331767 -0.943361
vn -0.000000 0.190866 -0.981616
vn -0.000000 0.095875 -0.995393
vn -0.000000 0.000000 -1.000000
vn -0.000000 0.000000 -1.000000
vn 0.000000 1.000000 0.000000
vn -0.000000 0.984808 -0.173648
vn -0.000000 0.939693 -0.342020
vn -0.000000 0.866025 -0.500000
vn -0.000000 0.766044 -0.642788
vn -0.000000 0.642788 -0.766044
vn -0.000000 0.500000 -0.866025
vn -0.000000 0.342020 -0.939693
vn -0.000000 0.173648 -0.984808
vn 0.000000 0.173648 0.984808
vn 0.000000 0.342020 0.939693
vn 0.000000 0.500000 0.866025
vn 0.000000 0.642788 0.766044
vn 0.000000 0.766044 0.642788
vn 0.000000 0.866025 0.500000
vn 0.000000 0.939693 0.342020
vn 0.000000 0.984808 0.173648
f 1037//1037 1038//1038 1036//1036
f 1070//1070 1039//1039 1038//1038
f 1070//1070 1038//1038 1037//1037
f 1071//1071 1040//1040 1039//1039
f 1071//1071 1039//1039 1070//1070
f 1072//1072 1041//1041 1040//1040
f 1072//1072 1040//1040 1071//1071
f 1073//1073 1042//1042 1041//1041
f 1073//1073 1041//1041 1072//1072
f 1074//1074 1043//1043 1042//1042
f 1074//1074 1042//1042 1073//1073
f 1075//1075 1044//1044 1043//1043
f 1075//1075 1043//1043 1074//1074
f 1076//1076 1045//1045 1044//1044
f 1076//1076 1046//1046 1045//1045
f 1076//1076 1044//1044 1075//1075
f 1077//1077 1047//1047 1046//1046
f 1077//1077 1046//1046 1076//1076
f 1061//1061 1048//1048 1047//1047
f 1061//1061 1049//1049 1048//1048
f 1061//1061 1047//1047 1077//1077
f 1062//1062 1050//1050 1049//1049
f 1062//1062 1049//1049 1061//1061
f 1063//1063 1051//1051 1050//1050
f 1063//1063 1050//1050 1062//1062
f 1064//1064 1052//1052 1051//1051
f 1064//1064 1051//1051 1063//1063
f 1065//1065 1052//1052 1064//1064
f 1065//1065 1053//1053 1052//1052
f 1066//1066 1053//1053 1065//1065
f 1066//1066 1054//1054 1053//1053
f 1067//1067 1054//1054 1066//1066
f 1067//1067 1055//1055 1054//1054
f 1068//1068 1055//1055 1067//1067
f 1068//1068 1056//1056 1055//1055
f 1068//1068 1057//1057 1056//1056
f 1069//1069 1057//1057 1068//1068
f 1069//1069 1058//1058 1057//1057
f 1060//1060 1059//1059 1058//1058
f 1060//1060 1058//1058 1069//1069
v 1807.000000 -54.126587 1943.000000
v 1791.000000 -54.126587 1943.000000
v 1807.000000 -53.400223 1942.937500
v 1807.000000 -52.695198 1942.751709
v 1807.000000 -52.081829 1942.475830
v 1807.000000 -51.561134 1942.138306
v 1807.000000 -51.095100 1941.728638
v 1807.000000 -50.693703 1941.255493
v 1807.000000 -50.365479 1940.729004
v 1807.000000 -50.117405 1940.160278
v 1807.000000 -49.954781 1939.561523
v 1807.000000 -49.896198 1939.157715
v 1807.000000 -49.876587 1938.750000
v 1807.000000 -49.939125 1938.023682
v 1807.000000 -50.124893 1937.318604
v 1807.000000 -50.400803 1936.705200
v 1807.000000 -50.738228 1936.184570
v 1807.000000 -51.147896 1935.718506
v 1807.000000 -51.621014 1935.317139
v 1807.000000 -52.147530 1934.988892
v 1807.000000 -52.716274 1934.740845
v 1807.000000 -53.315052 1934.578247
v 1807.000000 -53.718807 1934.519653
v 1807.000000 -54.126587 1934.500000
v 1791.000000 -54.126587 1934.500000
v 1791.000000 -49.876587 1938.750000
v 1791.000000 -49.941154 1938.011963
v 1791.000000 -50.132893 1937.296387
v 1791.000000 -50.445980 1936.625000
v 1791.000000 -50.870899 1936.018188
v 1791.000000 -51.394741 1935.494263
v 1791.000000 -52.001587 1935.069336
v 1791.000000 -52.673000 1934.756348
v 1791.000000 -53.388584 1934.564575
v 1791.000000 -53.388584 1942.935425
v 1791.000000 -52.673000 1942.743652
v 1791.000000 -52.001587 1942.430664
v 1791.000000 -51.394741 1942.005737
v 1791.000000 -50.870899 1941.481812
v 1791.000000 -50.445980 1940.875000
v 1791.000000 -50.132893 1940.203613
v 1791.000000 -49.941154 1939.488037
vn -0.000000 0.000000 -1.000000
vn -0.000000 0.000000 -1.000000
vn -0.000000 -0.170923 -0.985284
vn -0.000000 -0.336816 -0.941571
vn -0.000000 -0.481149 -0.876639
vn -0.000000 -0.603672 -0.797233
vn -0.000000 -0.713325 -0.700833
vn -0.000000 -0.807773 -0.589493
vn -0.000000 -0.885002 -0.465588
vn -0.000000 -0.943365 -0.331757
vn -0.000000 -0.981618 -0.190854
vn -0.000000 -0.995394 -0.095869
vn -0.000000 -1.000000 -0.000000
vn -0.000000 -0.985284 0.170923
vn -0.000000 -0.941571 0.336816
vn -0.000000 -0.876639 0.481149
vn -0.000000 -0.797235 0.603669
vn -0.000000 -0.700836 0.713322
vn -0.000000 -0.589499 0.807769
vn -0.000000 -0.465595 0.884998
vn -0.000000 -0.331767 0.943361
vn -0.000000 -0.190866 0.981616
vn -0.000000 -0.095875 0.995393
vn -0.000000 -0.000000 1.000000
vn -0.000000 -0.000000 1.000000
vn -0.000000 -1.000000 -0.000000
vn -0.000000 -0.984808 0.173648
vn -0.000000 -0.939693 0.342020
vn -0.000000 -0.866025 0.500000
vn -0.000000 -0.766044 0.642788
vn -0.000000 -0.642788 0.766044
vn -0.000000 -0.500000 0.866025
vn -0.000000 -0.342020 0.939693
vn -0.000000 -0.173648 0.984808
vn -0.000000 -0.173648 -0.984808
vn -0.000000 -0.342020 -0.939693
vn -0.000000 -0.500000 -0.866025
vn -0.000000 -0.642788 -0.766044
vn -0.000000 -0.766044 -0.642788
vn -0.000000 -0.866025 -0.500000
vn -0.000000 -0.939693 -0.342020
vn -0.000000 -0.984808 -0.173648
f 1079//1079 1080//1080 1078//1078
f 1112//1112 1081//1081 1080//1080
f 1112//1112 1080//1080 1079//1079
f 1113//1113 1082//1082 1081//1081
f 1113//1113 1081//1081 1112//1112
f 1114//1114 1083//1083 1082//1082
f 1114//1114 1082//1082 1113//1113
f 1115//1115 1084//1084 1083//1083
f 1115//1115 1083//1083 1114//1114
f 1116//1116 1085//1085 1084//1084
f 1116//1116 1084//1084 1115//1115
f 1117//1117 1086//1086 1085//1085
f 1117//1117 1085//1085 1116//1116
f 1118//1118 1087//1087 1086//1086
f 1118//1118 1088//1088 1087//1087
f 1118//1118 1086//1086 1117//1117
f 1119//1119 1089//1089 1088//1088
f 1119//1119 1088//1088 1118//1118
f 1103//1103 1090//1090 1089//1089
f 1103//1103 1091//1091 1090//1090
f 1103//1103 1089//1089 1119//1119
f 1104//1104 1092//1092 1091//1091
f 1104//1104 1091//1091 1103//1103
f 1105//1105 1093//1093 1092//1092
f 1105//1105 1092//1092 1104//1104
f 1106//1106 1094//1094 1093//1093
f 1106//1106 1093//1093 1105//1105
f 1107//1107 1094//1094 1106//1106
f 1107//1107 1095//1095 1094//1094
f 1108//1108 1095//1095 1107//1107
f 1108//1108 1096//1096 1095//1095
f 1109//1109 1096//1096 1108//1108
f 1109//1109 1097//1097 1096//1096
f 1110//1110 1097//1097 1109//1109
f 1110//1110 1098//1098 1097//1097
f 1110//1110 1099//1099 1098//1098
f 1111//1111 1099//1099 1110//1110
f 1111//1111 1100//1100 1099//1099
f 1102//1102 1101//1101 1100//1100
f 1102//1102 1100//1100 1111//1111
v 1807.000000 -54.126587 1934.500000
v 1791.000000 -54.126587 1934.500000
v 1807.000000 -54.852955 1934.562500
v 1807.000000 -55.557980 1934.748291
v 1807.000000 -56.171349 1935.024170
v 1807.000000 -56.692039 1935.361694
v 1807.000000 -57.158073 1935.771362
v 1807.000000 -57.559471 1936.244507
v 1807.000000 -57.887695 1936.770996
v 1807.000000 -58.135773 1937.339722
v 1807.000000 -58.298393 1937.938477
v 1807.000000 -58.356976 1938.342285
v 1807.000000 -58.376587 1938.750000
v 1807.000000 -58.314053 1939.476318
v 1807.000000 -58.128284 1940.181396
v 1807.000000 -57.852375 1940.794800
v 1807.000000 -57.514946 1941.315430
v 1807.000000 -57.105282 1941.781494
v 1807.000000 -56.632160 1942.182861
v 1807.000000 -56.105644 1942.511108
v 1807.000000 -55.536900 1942.759155
v 1807.000000 -54.938126 1942.921753
v 1807.000000 -54.534370 1942.980347
v 1807.000000 -54.126587 1943.000000
v 1791.000000 -54.126587 1943.000000
v 1791.000000 -58.376587 1938.750000
v 1791.000000 -58.312019 1939.488037
v 1791.000000 -58.120281 1940.203613
v 1791.000000 -57.807198 1940.875000
v 1791.000000 -57.382278 1941.481812
v 1791.000000 -56.858437 1942.005737
v 1791.000000 -56.251587 1942.430664
v 1791.000000 -55.580173 1942.743652
v 1791.000000 -54.864594 1942.935425
v 1791.000000 -54.864594 1934.564575
v 1791.000000 -55.580173 1934.756348
v 1791.000000 -56.251587 1935.069336
v 1791.000000 -56.858437 1935.494263
v 1791.000000 -57.382278 1936.018188
v 1791.000000 -57.807198 1936.625000
v 1791.000000 -58.120281 1937.296387
v 1791.000000 -58.312019 1938.011963
vn 0.000000 -0.000000 1.000000
vn 0.000000 -0.000000 1.000000
vn 0.000000 0.170923 0.985284
vn 0.000000 0.336816 0.941571
vn 0.000000 0.481149 0.876639
vn 0.000000 0.603672 0.797233
vn 0.000000 0.713325 0.700833
vn 0.000000 0.807773 0.589493
vn 0.000000 0.885002 0.465588
vn 0.000000 0.943365 0.331757
vn 0.000000 0.981618 0.190854
vn 0.000000 0.995394 0.095869
vn 0.000000 1.000000 0.000000
vn -0.000000 0.985284 -0.170923
vn -0.000000 0.941571 -0.336816
vn -0.000000 0.876639 -0.481149
vn -0.000000 0.797235 -0.603669
vn -0.000000 0.700836 -0.713322
vn -0.000000 0.589499 -0.807769
vn -0.000000 0.465595 -0.884998
vn -0.000000 0.331767 -0.943361
vn -0.000000 0.190866 -0.981616
vn -0.000000 0.095875 -0.995393
vn -0.000000 0.000000 -1.000000
vn -0.000000 0.000000 -1.000000
vn 0.000000 1.000000 0.000000
vn -0.000000 0.984808 -0.173648
vn -0.000000 0.939693 -0.342020
vn -0.000000 0.866025 -0.500000
vn -0.000000 0.766044 -0.642788
vn -0.000000 0.642788 -0.766044
vn -0.000000 0.500000 -0.866025
vn -0.000000 0.342020 -0.939693
vn -0.000000 0.173648 -0.984808
vn 0.000000 0.173648 0.984808
vn 0.000000 0.342020 0.939693
vn 0.000000 0.500000 0.866025
vn 0.000000 0.642788 0.766044
vn 0.000000 0.766044 0.642788
vn 0.000000 0.866025 0.500000
vn 0.000000 0.939693 0.342020
vn 0.000000 0.984808 0.173648
f 1121//1121 1122//1122 1120//1120
f 1154//1154 1123//1123 1122//1122
f 1154//1154 1122//1122 1121//1121
f 1155//1155 1124//1124 1123//1123
f 1155//1155 1123//1123 1154//1154
f 1156//1156 1125//1125 1124//1124
f 1156//1156 1124//1124 1155//1155
f 1157//1157 1126//1126 1125//1125
f 1157//1157 1125//1125 1156//1156
f 1158//1158 1127//1127 1126//1126
f 1158//1158 1126//1126 1157//1157
f 1159//1159 1128//1128 1127//1127
f 1159//1159 1127//1127 1158//1158
f 1160//1160 1129//1129 1128//1128
f 1160//1160 1130//1130 1129//1129
f 1160//1160 1128//1128 1159//1159
f 1161//1161 1131//1131 1130//1130
f 1161//1161 1130//1130 1160//1160
f 1145//1145 1132//1132 1131//1131
f 1145//1145 1133//1133 1132//1132
f 1145//1145 1131//1131 1161//1161
f 1146//1146 1134//1134 1133//1133
f 1146//1146 1133//1133 1145//1145
f 1147//1147 1135//1135 1134//1134
f 1147//1147 1134//1134 1146//1146
f 1148//1148 1136//1136 1135//1135
f 1148//1148 1135//1135 1147//1147
f 1149//1149 1136//1136 1148//1148
f 1149//1149 1137//1137 1136//1136
f 1150//1150 1137//1137 1149//1149
f 1150//1150 1138//1138 1137//1137
f 1151//1151 1138//1138 1150//1150
f 1151//1151 1139//1139 1138//1138
f 1152//1152 1139//1139 1151//1151
f 1152//1152 1140//1140 1139//1139
f 1152//1152 1141//1141 1140//1140
f 1153//1153 1141//1141 1152//1152
f 1153//1153 1142//1142 1141//1141
f 1144//1144 1143//1143 1142//1142
f 1144//1144 1142//1142 1153//1153
v 1807.000000 -31.250000 1920.123413
v 1791.000000 -31.250000 1920.123413
v 1807.000000 -30.523634 1920.060913
v 1807.000000 -29.818609 1919.875122
v 1807.000000 -29.205240 1919.599243
v 1807.000000 -28.684547 1919.261719
v 1807.000000 -28.218513 1918.852051
v 1807.000000 -27.817116 1918.378906
v 1807.000000 -27.488892 1917.852417
v 1807.000000 -27.240816 1917.283691
v 1807.000000 -27.078196 1916.684937
v 1807.000000 -27.019611 1916.281128
v 1807.000000 -27.000000 1915.873413
v 1807.000000 -27.062536 1915.147095
v 1807.000000 -27.248304 1914.442017
v 1807.000000 -27.524214 1913.828613
v 1807.000000 -27.861641 1913.307983
v 1807.000000 -28.271307 1912.841919
v 1807.000000 -28.744427 1912.440552
v 1807.000000 -29.270943 1912.112305
v 1807.000000 -29.839687 1911.864258
v 1807.000000 -30.438463 1911.701660
v 1807.000000 -30.842220 1911.643066
v 1807.000000 -31.250000 1911.623413
v 1791.000000 -31.250000 1911.623413
v 1791.000000 -27.000000 1915.873413
v 1791.000000 -27.064568 1915.135376
v 1791.000000 -27.256306 1914.419800
v 1791.000000 -27.569391 1913.748413
v 1791.000000 -27.994310 1913.141602
v 1791.000000 -28.518152 1912.617676
v 1791.000000 -29.125000 1912.192749
v 1791.000000 -29.796415 1911.879761
v 1791.000000 -30.511995 1911.687988
v 1791.000000 -30.511995 1920.058838
v 1791.000000 -29.796415 1919.867065
v 1791.000000 -29.125000 1919.554077
v 1791.000000 -28.518152 1919.129150
v 1791.000000 -27.994310 1918.605225
v 1791.000000 -27.569391 1917.998413
v 1791.000000 -27.256306 1917.327026
v 1791.000000 -27.064568 1916.611450
vn -0.000000 0.000000 -1.000000
vn -0.000000 0.000000 -1.000000
vn -0.000000 -0.170923 -0.985284
vn -0.000000 -0.336816 -0.941571
vn -0.000000 -0.481149 -0.876639
vn -0.000000 -0.603672 -0.797233
vn -0.000000 -0.713325 -0.700833
vn -0.000000 -0.807773 -0.589493
vn -0.000000 -0.885002 -0.465588
vn -0.000000 -0.943365 -0.331757
vn -0.000000 -0.981618 -0.190854
vn -0.000000 -0.995394 -0.095869
vn -0.000000 -1.000000 -0.000000
vn -0.000000 -0.985284 0.170923
vn -0.000000 -0.941571 0.336816
vn -0.000000 -0.876639 0.481149
vn -0.000000 -0.797235 0.603669
vn -0.000000 -0.700836 0.713322
vn -0.000000 -0.589499 0.807769
vn -0.000000 -0.465595 0.884998
vn -0.000000 -0.331767 0.943361
vn -0.000000 -0.190866 0.981616
vn -0.000000 -0.095875 0.995393
vn -0.000000 -0.000000 1.000000
vn -0.000000 -0.000000 1.000000
vn -0.000000 -1.000000 -0.000000
vn -0.000000 -0.984808 0.173648
vn -0.000000 -0.939693 0.342020
vn -0.000000 -0.866025 0.500000
vn -0.000000 -0.766044 0.642788
vn -0.000000 -0.642788 0.766044
vn -0.000000 -0.500000 0.866025
vn -0.000000 -0.342020 0.939693
vn -0.000000 -0.173648 0.984808
vn -0.000000 -0.173648 -0.984808
vn -0.000000 -0.342020 -0.939693
vn -0.000000 -0.500000 -0.866025
vn -0.000000 -0.642788 -0.766044
vn -0.000000 -0.766044 -0.642788
vn -0.000000 -0.866025 -0.500000
vn -0.000000 -0.939693 -0.342020
vn -0.000000 -0.984808 -0.173648
f 1163//1163 1164//1164 1162//1162
f 1196//1196 1165//1165 1164//1164
f 1196//1196 1164//1164 1163//1163
f 1197//1197 1166//1166 1165//1165
f 1197//1197 1165//1165 1196//1196
f 1198//1198 1167//1167 1166//1166
f 1198//1198 1166//1166 1197//1197
f 1199//1199 1168//1168 1167//1167
f 1199//1199 1167//1167 1198//1198
f 1200//1200 1169//1169 1168//1168
f 1200//1200 1168//1168 1199//1199
f 1201//1201 1170//1170 1169//1169
f 1201//1201 1169//1169 1200//1200
f 1202//1202 1171//1171 1170//1170
f 1202//1202 1172//1172 1171//1171
f 1202//1202 1170//1170 1201//1201
f 1203//1203 1173//1173 1172//1172
f 1203//1203 1172//1172 1202//1202
f 1187//1187 1174//1174 1173//1173
f 1187//1187 1175//1175 1174//1174
f 1187//1187 1173//1173 1203//1203
f 1188//1188 1176//1176 1175//1175
f 1188//1188 1175//1175 1187//1187
f 1189//1189 1177//1177 1176//1176
f 1189//1189 1176//1176 1188//1188
f 1190//1190 1178//1178 1177//1177
f 1190//1190 1177//1177 1189//1189
f 1191//1191 1178//1178 1190//1190
f 1191//1191 1179//1179 1178//1178
f 1192//1192 1179//1179 1191//1191
f 1192//1192 1180//1180 1179//1179
f 1193//1193 1180//1180 1192//1192
f 1193//1193 1181//1181 1180//1180
f 1194//1194 1181//1181 1193//1193
f 1194//1194 1182//1182 1181//1181
f 1194//1194 1183//1183 1182//1182
f 1195//1195 1183//1183 1194//1194
f 1195//1195 1184//1184 1183//1183
f 1186//1186 1185//1185 1184//1184
f 1186//1186 1184//1184 1195//1195
v 1807.000000 -31.250000 1911.623413
v 1791.000000 -31.250000 1911.623413
v 1807.000000 -31.976366 1911.685913
v 1807.000000 -32.681393 1911.871704
v 1807.000000 -33.294758 1912.147583
v 1807.000000 -33.815453 1912.485107
v 1807.000000 -34.281487 1912.894775
v 1807.000000 -34.682884 1913.367920
v 1807.000000 -35.011108 1913.894409
v 1807.000000 -35.259186 1914.463135
v 1807.000000 -35.421806 1915.061890
v 1807.000000 -35.480389 1915.465698
v 1807.000000 -35.500000 1915.873413
v 1807.000000 -35.437462 1916.599731
v 1807.000000 -35.251694 1917.304810
v 1807.000000 -34.975784 1917.918213
v 1807.000000 -34.638359 1918.438843
v 1807.000000 -34.228691 1918.904907
v 1807.000000 -33.755573 1919.306274
v 1807.000000 -33.229057 1919.634521
v 1807.000000 -32.660313 1919.882568
v 1807.000000 -32.061539 1920.045166
v 1807.000000 -31.657782 1920.103760
v 1807.000000 -31.250000 1920.123413
v 1791.000000 -31.250000 1920.123413
v 1791.000000 -35.500000 1915.873413
v 1791.000000 -35.435432 1916.611450
v 1791.000000 -35.243694 1917.327026
v 1791.000000 -34.930607 1917.998413
v 1791.000000 -34.505688 1918.605225
v 1791.000000 -33.981846 1919.129150
v 1791.000000 -33.375000 1919.554077
v 1791.000000 -32.703587 1919.867065
v 1791.000000 -31.988005 1920.058838
v 1791.000000 -31.988005 1911.687988
v 1791.000000 -32.703587 1911.879761
v 1791.000000 -33.375000 1912.192749
v 1791.000000 -33.981846 1912.617676
v 1791.000000 -34.505688 1913.141602
v 1791.000000 -34.930607 1913.748413
v 1791.000000 -35.243694 1914.419800
v 1791.000000 -35.435432 1915.135376
vn 0.000000 -0.000000 1.000000
vn 0.000000 -0.000000 1.000000
vn 0.000000 0.170923 0.985284
vn 0.000000 0.336816 0.941571
vn 0.000000 0.481149 0.876639
vn 0.000000 0.603672 0.797233
vn 0.000000 0.713325 0.700833
vn 0.000000 0.807773 0.589493
vn 0.000000 0.885002 0.465588
vn 0.000000 0.943365 0.331757
vn 0.000000 0.981618 0.190854
vn 0.000000 0.995394 0.095869
vn 0.000000 1.000000 0.000000
vn -0.000000 0.985284 -0.170923
vn -0.000000 0.941571 -0.336816
vn -0.000000 0.876639 -0.481149
vn -0.000000 0.797235 -0.603669
vn -0.000000 0.700836 -0.713322
vn -0.000000 0.589499 -0.807769
vn -0.000000 0.465595 -0.884998
vn -0.000000 0.331767 -0.943361
vn -0.000000 0.190866 -0.981616
vn -0.000000 0.095875 -0.995393
vn -0.000000 0.000000 -1.000000
vn -0.000000 0.000000 -1.000000
vn 0.000000 1.000000 0.000000
vn -0.000000 0.984808 -0.173648
vn -0.000000 0.939693 -0.342020
vn -0.000000 0.866025 -0.500000
vn -0.000000 0.766044 -0.642788
vn -0.000000 0.642788 -0.766044
vn -0.000000 0.500000 -0.866025
vn -0.000000 0.342020 -0.939693
vn -0.000000 0.173648 -0.984808
vn 0.000000 0.173648 0.984808
vn 0.000000 0.342020 0.939693
vn 0.000000 0.500000 0.866025
vn 0.000000 0.642788 0.766044
vn 0.000000 0.766044 0.642788
vn 0.000000 0.866025 0.500000
vn 0.000000 0.939693 0.342020
vn 0.000000 0.984808 0.173648
f 1205//1205 1206//1206 1204//1204
f 1238//1238 1207//1207 1206//1206
f 1238//1238 1206//1206 1205//1205
f 1239//1239 1208//1208 1207//1207
f 1239//1239 1207//1207 1238//1238
f 1240//1240 1209//1209 1208//1208
f 1240//1240 1208//1208 1239//1239
f 1241//1241 1210//1210 1209//1209
f 1241//1241 1209//1209 1240//1240
f 1242//1242 1211//1211 1210//1210
f 1242//1242 1210//1210 1241//1241
f 1243//1243 1212//1212 1211//1211
f 1243//1243 1211//1211 1242//1242
f 1244//1244 1213//1213 1212//1212
f 1244//1244 1214//1214 1213//1213
f 1244//1244 1212//1212 1243//1243
f 1245//1245 1215//1215 1214//1214
f 1245//1245 1214//1214 1244//1244
f 1229//1229 1216//1216 1215//1215
f 1229//1229 1217//1217 1216//1216
f 1229//1229 1215//1215 1245//1245
f 1230//1230 1218//1218 1217//1217
f 1230//1230 1217//1217 1229//1229
f 1231//1231 1219//1219 1218//1218
f 1231//1231 1218//1218 1230//1230
f 1232//1232 1220//1220 1219//1219
f 1232//1232 1219//1219 1231//1231
f 1233//1233 1220//1220 1232//1232
f 1233//1233 1221//1221 1220//1220
f 1234//1234 1221//1221 1233//1233
f 1234//1234 1222//1222 1221//1221
f 1235//1235 1222//1222 1234//1234
f 1235//1235 1223//1223 1222//1222
f 1236//1236 1223//1223 1235//1235
f 1236//1236 1224//1224 1223//1223
f 1236//1236 1225//1225 1224//1224
f 1237//1237 1225//1225 1236//1236
f 1237//1237 1226//1226 1225//1225
f 1228//1228 1227//1227 1226//1226
f 1228//1228 1226//1226 1237//1237
v 1807.000000 31.250000 1920.123413
v 1791.000000 31.250000 1920.123413
v 1807.000000 31.976366 1920.060913
v 1807.000000 32.681393 1919.875122
v 1807.000000 33.294758 1919.599243
v 1807.000000 33.815453 1919.261719
v 1807.000000 34.281487 1918.852051
v 1807.000000 34.682884 1918.378906
v 1807.000000 35.011108 1917.852417
v 1807.000000 35.259186 1917.283691
v 1807.000000 35.421806 1916.684937
v 1807.000000 35.480389 1916.281128
v 1807.000000 35.500000 1915.873413
v 1807.000000 35.437462 1915.147095
v 1807.000000 35.251694 1914.442017
v 1807.000000 34.975784 1913.828613
v 1807.000000 34.638359 1913.307983
v 1807.000000 34.228691 1912.841919
v 1807.000000 33.755573 1912.440552
v 1807.000000 33.229057 1912.112305
v 1807.000000 32.660313 1911.864258
v 1807.000000 32.061539 1911.701660
v 1807.000000 31.657782 1911.643066
v 1807.000000 31.250000 1911.623413
v 1791.000000 31.250000 1911.623413
v 1791.000000 35.500000 1915.873413
v 1791.000000 35.435432 1915.135376
v 1791.000000 35.243694 1914.419800
v 1791.000000 34.930607 1913.748413
v 1791.000000 34.505688 1913.141602
v 1791.000000 33.981846 1912.617676
v 1791.000000 33.375000 1912.192749
v 1791.000000 32.703587 1911.879761
v 1791.000000 31.988005 1911.687988
v 1791.000000 31.988005 1920.058838
v 1791.000000 32.703587 1919.867065
v 1791.000000 33.375000 1919.554077
v 1791.000000 33.981846 1919.129150
v 1791.000000 34.505688 1918.605225
v 1791.000000 34.930607 1917.998413
v 1791.000000 35.243694 1917.327026
v 1791.000000 35.435432 1916.611450
vn -0.000000 0.000000 -1.000000
vn -0.000000 0.000000 -1.000000
vn -0.000000 -0.170923 -0.985284
vn -0.000000 -0.336816 -0.941571
vn -0.000000 -0.481149 -0.876639
vn -0.000000 -0.603672 -0.797233
vn -0.000000 -0.713325 -0.700833
vn -0.000000 -0.807773 -0.589493
vn -0.000000 -0.885002 -0.465588
vn -0.000000 -0.943365 -0.331757
vn -0.000000 -0.981618 -0.190854
vn -0.000000 -0.995394 -0.095869
vn -0.000000 -1.000000 -0.000000
vn -0.000000 -0.985284 0.170923
vn -0.000000 -0.941571 0.336816
vn -0.000000 -0.876639 0.481149
vn -0.000000 -0.797235 0.603669
vn -0.000000 -0.700836 0.713322
vn -0.000000 -0.589499 0.807769
vn -0.000000 -0.465595 0.884998
vn -0.000000 -0.331767 0.943361
vn -0.000000 -0.190866 0.981616
vn -0.000000 -0.095875 0.995393
vn -0.000000 -0.000000 1.000000
vn -0.000000 -0.000000 1.000000
vn -0.000000 -1.000000 -0.000000
vn -0.000000 -0.984808 0.173648
vn -0.000000 -0.939693 0.342020
vn -0.000000 -0.866025 0.500000
vn -0.000000 -0.766044 0.642788
vn -0.000000 -0.642788 0.766044
vn -0.000000 -0.500000 0.866025
vn -0.000000 -0.342020 0.939693
vn -0.000000 -0.173648 0.984808
vn -0.000000 -0.173648 -0.984808
vn -0.000000 -0.342020 -0.939693
vn -0.000000 -0.500000 -0.866025
vn -0.000000 -0.642788 -0.766044
vn -0.000000 -0.766044 -0.642788
vn -0.000000 -0.866025 -0.500000
vn -0.000000 -0.939693 -0.342020
vn -0.000000 -0.984808 -0.173648
f 1247//1247 1248//1248 1246//1246
f 1280//1280 1249//1249 1248//1248
f 1280//1280 1248//1248 1247//1247
f 1281//1281 1250//1250 1249//1249
f 1281//1281 1249//1249 1280//1280
f 1282//1282 1251//1251 1250//1250
f 1282//1282 1250//1250 1281//1281
f 1283//1283 1252//1252 1251//1251
f 1283//1283 1251//1251 1282//1282
f 1284//1284 1253//1253 1252//1252
f 1284//1284 1252//1252 1283//1283
f 1285//1285 1254//1254 1253//1253
f 1285//1285 1253//1253 1284//1284
f 1286//1286 1255//1255 1254//1254
f 1286//1286 1256//1256 1255//1255
f 1286//1286 1254//1254 1285//1285
f 1287//1287 1257//1257 1256//1256
f 1287//1287 1256//1256 1286//1286
f 1271//1271 1258//1258 1257//1257
f 1271//1271 1259//1259 1258//1258
f 1271//1271 1257//1257 1287//1287
f 1272//1272 1260//1260 1259//1259
f 1272//1272 1259//1259 1271//1271
f 1273//1273 1261//1261 1260//1260
f 1273//1273 1260//1260 1272//1272
f 1274//1274 1262//1262 1261//1261
f 1274//1274 1261//1261 1273//1273
f 1275//1275 1262//1262 1274//1274
f 1275//1275 1263//1263 1262//1262
f 1276//1276 1263//1263 1275//1275
f 1276//1276 1264//1264 1263//1263
f 1277//1277 1264//1264 1276//1276
f 1277//1277 1265//1265 1264//1264
f 1278//1278 1265//1265 1277//1277
f 1278//1278 1266//1266 1265//1265
f 1278//1278 1267//1267 1266//1266
f 1279//1279 1267//1267 1278//1278
f 1279//1279 1268//1268 1267//1267
f 1270//1270 1269//1269 1268//1268
f 1270//1270 1268//1268 1279//1279
v 1807.000000 31.250000 1911.623413
v 1791.000000 31.250000 1911.623413
v 1807.000000 30.523634 1911.685913
v 1807.000000 29.818609 1911.871704
v 1807.000000 29.205240 1912.147583
v 1807.000000 28.684547 1912.485107
v 1807.000000 28.218513 1912.894775
v 1807.000000 27.817116 1913.367920
v 1807.000000 27.488892 1913.894409
v 1807.000000 27.240816 1914.463135
v 1807.000000 27.078196 1915.061890
v 1807.000000 27.019611 1915.465698
v 1807.000000 27.000000 1915.873413
v 1807.000000 27.062536 1916.599731
v 1807.000000 27.248304 1917.304810
v 1807.000000 27.524214 1917.918213
v 1807.000000 27.861641 1918.438843
v 1807.000000 28.271307 1918.904907
v 1807.000000 28.744427 1919.306274
v 1807.000000 29.270943 1919.634521
v 1807.000000 29.839687 1919.882568
v 1807.000000 30.438463 1920.045166
v 1807.000000 30.842218 1920.103760
v 1807.000000 31.250000 1920.123413
v 1791.000000 31.250000 1920.123413
v 1791.000000 27.000000 1915.873413
v 1791.000000 27.064568 1916.611450
v 1791.000000 27.256306 1917.327026
v 1791.000000 27.569391 1917.998413
v 1791.000000 27.994310 1918.605225
v 1791.000000 28.518152 1919.129150
v 1791.000000 29.125000 1919.554077
v 1791.000000 29.796415 1919.867065
v 1791.000000 30.511995 1920.058838
v 1791.000000 30.511995 1911.687988
v 1791.000000 29.796415 1911.879761
v 1791.000000 29.125000 1912.192749
v 1791.000000 28.518152 1912.617676
v 1791.000000 27.994310 1913.141602
v 1791.000000 27.569391 1913.748413
v 1791.000000 27.256306 1914.419800
v 1791.000000 27.064568 1915.135376
vn 0.000000 -0.000000 1.000000
vn 0.000000 -0.000000 1.000000
vn 0.000000 0.170923 0.985284
vn 0.000000 0.336816 0.941571
vn 0.000000 0.481149 0.876639
vn 0.000000 0.603672 0.797233
vn 0.000000 0.713325 0.700833
vn 0.000000 0.807773 0.589493
vn 0.000000 0.885002 0.465588
vn 0.000000 0.943365 0.331757
vn 0.000000 0.981618 0.190854
vn 0.000000 0.995394 0.095869
vn 0.000000 1.000000 0.000000
vn -0.000000 0.985284 -0.170923
vn -0.000000 0.941571 -0.336816
vn -0.000000 0.876639 -0.481149
vn -0.000000 0.797235 -0.603669
vn -0.000000 0.700836 -0.713322
vn -0.000000 0.589499 -0.807769
vn -0.000000 0.465595 -0.884998
vn -0.000000 0.331767 -0.943361
vn -0.000000 0.190866 -0.981616
vn -0.000000 0.095875 -0.995393
vn -0.000000 0.000000 -1.000000
vn -0.000000 0.000000 -1.000000
vn 0.000000 1.000000 0.000000
vn -0.000000 0.984808 -0.173648
vn -0.000000 0.939693 -0.342020
vn -0.000000 0.866025 -0.500000
vn -0.000000 0.766044 -0.642788
vn -0.000000 0.642788 -0.766044
vn -0.000000 0.500000 -0.866025
vn -0.000000 0.342020 -0.939693
vn -0.000000 0.173648 -0.984808
vn 0.000000 0.173648 0.984808
vn 0.000000 0.342020 0.939693
vn 0.000000 0.500000 0.866025
vn 0.000000 0.642788 0.766044
vn 0.000000 0.766044 0.642788
vn 0.000000 0.866025 0.500000
vn 0.000000 0.939693 0.342020
vn 0.000000 0.984808 0.173648
f 1289//1289 1290//1290 1288//1288
f 1322//1322 1291//1291 1290//1290
f 1322//1322 1290//1290 1289//1289
f 1323//1323 1292//1292 1291//1291
f 1323//1323 1291//1291 1322//1322
f 1324//1324 1293//1293 1292//1292
f 1324//1324 1292//1292 1323//1323
f 1325//1325 1294//1294 1293//1293
f 1325//1325 1293//1293 1324//1324
f 1326//1326 1295//1295 1294//1294
f 1326//1326 1294//1294 1325//1325
f 1327//1327 1296//1296 1295//1295
f 1327//1327 1295//1295 1326//1326
f 1328//1328 1297//1297 1296//1296
f 1328//1328 1298//1298 1297//1297
f 1328//1328 1296//1296 1327//1327
f 1329//1329 1299//1299 1298//1298
f 1329//1329 1298//1298 1328//1328
f 1313//1313 1300//1300 1299//1299
f 1313//1313 1301//1301 1300//1300
f 1313//1313 1299//1299 1329//1329
f 1314//1314 1302//1302 1301//1301
f 1314//1314 1301//1301 1313//1313
f 1315//1315 1303//1303 1302//1302
f 1315//1315 1302//1302 1314//1314
f 1316//1316 1304//1304 1303//1303
f 1316//1316 1303//1303 1315//1315
f 1317//1317 1304//1304 1316//1316
f 1317//1317 1305//1305 1304//1304
f 1318//1318 1305//1305 1317//1317
f 1318//1318 1306//1306 1305//1305
f 1319//1319 1306//1306 1318//1318
f 1319//1319 1307//1307 1306//1306
f 1320//1320 1307//1307 1319//1319
f 1320//1320 1308//1308 1307//1307
f 1320//1320 1309//1309 1308//1308
f 1321//1321 1309//1309 1320//1320
f 1321//1321 1310//1310 1309//1309
f 1312//1312 1311//1311 1310//1310
f 1312//1312 1310//1310 1321//1321
v 1807.000000 54.126587 1943.000000
v 1791.000000 54.126587 1943.000000
v 1807.000000 54.852955 1942.937500
v 1807.000000 55.557980 1942.751709
v 1807.000000 56.171349 1942.475830
v 1807.000000 56.692039 1942.138306
v 1807.000000 57.158073 1941.728638
v 1807.000000 57.559471 1941.255493
v 1807.000000 57.887695 1940.729004
v 1807.000000 58.135773 1940.160278
v 1807.000000 58.298393 1939.561523
v 1807.000000 58.356976 1939.157715
v 1807.000000 58.376587 1938.750000
v 1807.000000 58.314053 1938.023682
v 1807.000000 58.128284 1937.318604
v 1807.000000 57.852375 1936.705200
v 1807.000000 57.514946 1936.184570
v 1807.000000 57.105282 1935.718506
v 1807.000000 56.632160 1935.317139
v 1807.000000 56.105644 1934.988892
v 1807.000000 55.536900 1934.740845
v 1807.000000 54.938126 1934.578247
v 1807.000000 54.534367 1934.519653
v 1807.000000 54.126587 1934.500000
v 1791.000000 54.126587 1934.500000
v 1791.000000 58.376587 1938.750000
v 1791.000000 58.312019 1938.011963
v 1791.000000 58.120281 1937.296387
v 1791.000000 57.807198 1936.625000
v 1791.000000 57.382278 1936.018188
v 1791.000000 56.858437 1935.494263
v 1791.000000 56.251587 1935.069336
v 1791.000000 55.580173 1934.756348
v 1791.000000 54.864594 1934.564575
v 1791.000000 54.864594 1942.935425
v 1791.000000 55.580173 1942.743652
v 1791.000000 56.251587 1942.430664
v 1791.000000 56.858437 1942.005737
v 1791.000000 57.382278 1941.481812
v 1791.000000 57.807198 1940.875000
v 1791.000000 58.120281 1940.203613
v 1791.000000 58.312019 1939.488037
vn -0.000000 0.000000 -1.000000
vn -0.000000 0.000000 -1.000000
vn -0.000000 -0.170923 -0.985284
vn -0.000000 -0.336816 -0.941571
vn -0.000000 -0.481149 -0.876639
vn -0.000000 -0.603672 -0.797233
vn -0.000000 -0.713325 -0.700833
vn -0.000000 -0.807773 -0.589493
vn -0.000000 -0.885002 -0.465588
vn -0.000000 -0.943365 -0.331757
vn -0.000000 -0.981618 -0.190854
vn -0.000000 -0.995394 -0.095869
vn -0.000000 -1.000000 -0.000000
vn -0.000000 -0.985284 0.170923
vn -0.000000 -0.941571 0.336816
vn -0.000000 -0.876639 0.481149
vn -0.000000 -0.797235 0.603669
vn -0.000000 -0.700836 0.713322
vn -0.000000 -0.589499 0.807769
vn -0.000000 -0.465595 0.884998
vn -0.000000 -0.331767 0.943361
vn -0.000000 -0.190866 0.981616
vn -0.000000 -0.095875 0.995393
vn -0.000000 -0.000000 1.000000
vn -0.000000 -0.000000 1.000000
vn -0.000000 -1.000000 -0.000000
vn -0.000000 -0.984808 0.173648
vn -0.000000 -0.939693 0.342020
vn -0.000000 -0.866025 0.500000
vn -0.000000 -0.766044 0.642788
vn -0.000000 -0.642788 0.766044
vn -0.000000 -0.500000 0.866025
vn -0.000000 -0.342020 0.939693
vn -0.000000 -0.173648 0.984808
vn -0.000000 -0.173648 -0.984808
vn -0.000000 -0.342020 -0.939693
vn -0.000000 -0.500000 -0.866025
vn -0.000000 -0.642788 -0.766044
vn -0.000000 -0.766044 -0.642788
vn -0.000000 -0.866025 -0.500000
vn -0.000000 -0.939693 -0.342020
vn -0.000000 -0.984808 -0.173648
f 1331//1331 1332//1332 1330//1330
f 1364//1364 1333//1333 1332//1332
f 1364//1364 1332//1332 1331//1331
f 1365//1365 1334//1334 1333//1333
f 1365//1365 1333//1333 1364//1364
f 1366//1366 1335//1335 1334//1334
f 1366//1366 1334//1334 1365//1365
f 1367//1367 1336//1336 1335//1335
f 1367//1367 1335//1335 1366//1366
f 1368//1368 1337//1337 1336//1336
f 1368//1368 1336//1336 1367//1367
f 1369//1369 1338//1338 1337//1337
f 1369//1369 1337//1337 1368//1368
f 1370//1370 1339//1339 1338//1338
f 1370//1370 1340//1340 1339//1339
f 1370//1370 1338//1338 1369//1369
f 1371//1371 1341//1341 1340//1340
f 1371//1371 1340//1340 1370//1370
f 1355//1355 1342//1342 1341//1341
f 1355//1355 1343//1343 1342//1342
f 1355//1355 1341//1341 1371//1371
f 1356//1356 1344//1344 1343//1343
f 1356//1356 1343//1343 1355//1355
f 1357//1357 1345//1345 1344//1344
f 1357//1357 1344//1344 1356//1356
f 1358//1358 1346//1346 1345//1345
f 1358//1358 1345//1345 1357//1357
f 1359//1359 1346//1346 1358//1358
f 1359//1359 1347//1347 1346//1346
f 1360//1360 1347//1347 1359//1359
f 1360//1360 1348//1348 1347//1347
f 1361//1361 1348//1348 1360//1360
f 1361//1361 1349//1349 1348//1348
f 1362//1362 1349//1349 1361//1361
f 1362//1362 1350//1350 1349//1349
f 1362//1362 1351//1351 1350//1350
f 1363//1363 1351//1351 1362//1362
f 1363//1363 1352//1352 1351//1351
f 1354//1354 1353//1353 1352//1352
f 1354//1354 1352//1352 1363//1363
v 1807.000000 54.126587 1934.500000
v 1791.000000 54.126587 1934.500000
v 1807.000000 53.400223 1934.562500
v 1807.000000 52.695198 1934.748291
v 1807.000000 52.081829 1935.024170
v 1807.000000 51.561134 1935.361694
v 1807.000000 51.095100 1935.771362
v 1807.000000 50.693703 1936.244507
v 1807.000000 50.365479 1936.770996
v 1807.000000 50.117405 1937.339722
v 1807.000000 49.954784 1937.938477
v 1807.000000 49.896198 1938.342285
v 1807.000000 49.876587 1938.750000
v 1807.000000 49.939125 1939.476318
v 1807.000000 50.124893 1940.181396
v 1807.000000 50.400803 1940.794800
v 1807.000000 50.738228 1941.315430
v 1807.000000 51.147896 1941.781494
v 1807.000000 51.621014 1942.182861
v 1807.000000 52.147530 1942.511108
v 1807.000000 52.716274 1942.759155
v 1807.000000 53.315052 1942.921753
v 1807.000000 53.718807 1942.980347
v 1807.000000 54.126587 1943.000000
v 1791.000000 54.126587 1943.000000
v 1791.000000 49.876587 1938.750000
v 1791.000000 49.941154 1939.488037
v 1791.000000 50.132893 1940.203613
v 1791.000000 50.445980 1940.875000
v 1791.000000 50.870899 1941.481812
v 1791.000000 51.394741 1942.005737
v 1791.000000 52.001587 1942.430664
v 1791.000000 52.673000 1942.743652
v 1791.000000 53.388584 1942.935425
v 1791.000000 53.388584 1934.564575
v 1791.000000 52.673000 1934.756348
v 1791.000000 52.001587 1935.069336
v 1791.000000 51.394741 1935.494263
v 1791.000000 50.870899 1936.018188
v 1791.000000 50.445980 1936.625000
v 1791.000000 50.132893 1937.296387
v 1791.000000 49.941154 1938.011963
vn 0.000000 -0.000000 1.000000
vn 0.000000 -0.000000 1.000000
vn 0.000000 0.170923 0.985284
vn 0.000000 0.336816 0.941571
vn 0.000000 0.481149 0.876639
vn 0.000000 0.603672 0.797233
vn 0.000000 0.713325 0.700833
vn 0.000000 0.807773 0.589493
vn 0.000000 0.885002 0.465588
vn 0.000000 0.943365 0.331757
vn 0.000000 0.981618 0.190854
vn 0.000000 0.995394 0.095869
vn 0.000000 1.000000 0.000000
vn -0.000000 0.985284 -0.170923
vn -0.000000 0.941571 -0.336816
vn -0.000000 0.876639 -0.481149
vn -0.000000 0.797235 -0.603669
vn -0.000000 0.700836 -0.713322
vn -0.000000 0.589499 -0.807769
vn -0.000000 0.465595 -0.884998
vn -0.000000 0.331767 -0.943361
vn -0.000000 0.190866 -0.981616
vn -0.000000 0.095875 -0.995393
vn -0.000000 0.000000 -1.000000
vn -0.000000 0.000000 -1.000000
vn 0.000000 1.000000 0.000000
vn -0.000000 0.984808 -0.173648
vn -0.000000 0.939693 -0.342020
vn -0.000000 0.866025 -0.500000
vn -0.000000 0.766044 -0.642788
vn -0.000000 0.642788 -0.766044
vn -0.000000 0.500000 -0.866025
vn -0.000000 0.342020 -0.939693
vn -0.000000 0.173648 -0.984808
vn 0.000000 0.173648 0.984808
vn 0.000000 0.342020 0.939693
vn 0.000000 0.500000 0.866025
vn 0.000000 0.642788 0.766044
vn 0.000000 0.766044 0.642788
vn 0.000000 0.866025 0.500000
vn 0.000000 0.939693 0.342020
vn 0.000000 0.984808 0.173648
f 1373//1373 1374//1374 1372//1372
f 1406//1406 1375//1375 1374//1374
f 1406//1406 1374//1374 1373//1373
f 1407//1407 1376//1376 1375//1375
f 1407//1407 1375//1375 1406//1406
f 1408//1408 1377//1377 1376//1376
f 1408//1408 1376//1376 1407//1407
f 1409//1409 1378//1378 1377//1377
f 1409//1409 1377//1377 1408//1408
f 1410//1410 1379//1379 1378//1378
f 1410//1410 1378//1378 1409//1409
f 1411//1411 1380//1380 1379//1379
f 1411//1411 1379//1379 1410//1410
f 1412//1412 1381//1381 1380//1380
f 1412//1412 1382//1382 1381//1381
f 1412//1412 1380//1380 1411//1411
f 1413//1413 1383//1383 1382//1382
f 1413//1413 1382//1382 1412//1412
f 1397//1397 1384//1384 1383//1383
f 1397//1397 1385//1385 1384//1384
f 1397//1397 1383//1383 1413//1413
f 1398//1398 1386//1386 1385//1385
f 1398//1398 1385//1385 1397//1397
f 1399//1399 1387//1387 1386//1386
f 1399//1399 1386//1386 1398//1398
f 1400//1400 1388//1388 1387//1387
f 1400//1400 1387//1387 1399//1399
f 1401//1401 1388//1388 1400//1400
f 1401//1401 1389//1389 1388//1388
f 1402//1402 1389//1389 1401//1401
f 1402//1402 1390//1390 1389//1389
f 1403//1403 1390//1390 1402//1402
f 1403//1403 1391//1391 1390//1390
f 1404//1404 1391//1391 1403//1403
f 1404//1404 1392//1392 1391//1391
f 1404//1404 1393//1393 1392//1392
f 1405//1405 1393//1393 1404//1404
f 1405//1405 1394//1394 1393//1393
f 1396//1396 1395//1395 1394//1394
f 1396//1396 1394//1394 1405//1405
v 1807.000000 62.500000 1974.250000
v 1791.000000 62.500000 1974.250000
v 1807.000000 63.226368 1974.187500
v 1807.000000 63.931393 1974.001709
v 1807.000000 64.544762 1973.725830
v 1807.000000 65.065453 1973.388306
v 1807.000000 65.531487 1972.978638
v 1807.000000 65.932884 1972.505493
v 1807.000000 66.261108 1971.979004
v 1807.000000 66.509186 1971.410278
v 1807.000000 66.671806 1970.811523
v 1807.000000 66.730392 1970.407715
v 1807.000000 66.750000 1970.000000
v 1807.000000 66.687462 1969.273682
v 1807.000000 66.501694 1968.568604
v 1807.000000 66.225784 1967.955200
v 1807.000000 65.888359 1967.434570
v 1807.000000 65.478691 1966.968506
v 1807.000000 65.005577 1966.567139
v 1807.000000 64.479057 1966.238892
v 1807.000000 63.910313 1965.990845
v 1807.000000 63.311539 1965.828247
v 1807.000000 62.907780 1965.769653
v 1807.000000 62.500000 1965.750000
v 1791.000000 62.500000 1965.750000
v 1791.000000 66.750000 1970.000000
v 1791.000000 66.685432 1969.261963
v 1791.000000 66.493690 1968.546387
v 1791.000000 66.180611 1967.875000
v 1791.000000 65.755692 1967.268188
v 1791.000000 65.231850 1966.744263
v 1791.000000 64.625000 1966.319336
v 1791.000000 63.953587 1966.006348
v 1791.000000 63.238007 1965.814575
v 1791.000000 63.238007 1974.185425
v 1791.000000 63.953587 1973.993652
v 1791.000000 64.625000 1973.680664
v 1791.000000 65.231850 1973.255737
v 1791.000000 65.755692 1972.731812
v 1791.000000 66.180611 1972.125000
v 1791.000000 66.493690 1971.453613
v 1791.000000 66.685432 1970.738037
vn -0.000000 0.000000 -1.000000
vn -0.000000 0.000000 -1.000000
vn -0.000000 -0.170923 -0.985284
vn -0.000000 -0.336816 -0.941571
vn -0.000000 -0.481149 -0.876639
vn -0.000000 -0.603672 -0.797233
vn -0.000000 -0.713325 -0.700833
vn -0.000000 -0.807773 -0.589493
vn -0.000000 -0.885002 -0.465588
vn -0.000000 -0.943365 -0.331757
vn -0.000000 -0.981618 -0.190854
vn -0.000000 -0.995394 -0.095869
vn -0.000000 -1.000000 -0.000000
vn -0.000000 -0.985284 0.170923
vn -0.000000 -0.941571 0.336816
vn -0.000000 -0.876639 0.481149
vn -0.000000 -0.797235 0.603669
vn -0.000000 -0.700836 0.713322
vn -0.000000 -0.589499 0.807769
vn -0.000000 -0.465595 0.884998
vn -0.000000 -0.331767 0.943361
vn -0.000000 -0.190866 0.981616
vn -0.000000 -0.095875 0.995393
vn -0.000000 -0.000000 1.000000
vn -0.000000 -0.000000 1.000000
vn -0.000000 -1.000000 -0.000000
vn -0.000000 -0.984808 0.173648
vn -0.000000 -0.939693 0.342020
vn -0.000000 -0.866025 0.500000
vn -0.000000 -0.766044 0.642788
vn -0.000000 -0.642788 0.766044
vn -0.000000 -0.500000 0.866025
vn -0.000000 -0.342020 0.939693
vn -0.000000 -0.173648 0.984808
vn -0.000000 -0.173648 -0.984808
vn -0.000000 -0.342020 -0.939693
vn -0.000000 -0.500000 -0.866025
vn -0.000000 -0.642788 -0.766044
vn -0.000000 -0.766044 -0.642788
vn -0.000000 -0.866025 -0.500000
vn -0.000000 -0.939693 -0.342020
vn -0.000000 -0.984808 -0.173648
f 1415//1415 1416//1416 1414//1414
f 1448//1448 1417//1417 1416//1416
f 1448//1448 1416//1416 1415//1415
f 1449//1449 1418//1418 1417//1417
f 1449//1449 1417//1417 1448//1448
f 1450//1450 1419//1419 1418//1418
f 1450//1450 1418//1418 1449//1449
f 1451//1451 1420//1420 1419//1419
f 1451//1451 1419//1419 1450//1450
f 1452//1452 1421//1421 1420//1420
f 1452//1452 1420//1420 1451//1451
f 1453//1453 1422//1422 1421//1421
f 1453//1453 1421//1421 1452//1452
f 1454//1454 1423//1423 1422//1422
f 1454//1454 1424//1424 1423//1423
f 1454//1454 1422//1422 1453//1453
f 1455//1455 1425//1425 1424//1424
f 1455//1455 1424//1424 1454//1454
f 1439//1439 1426//1426 1425//1425
f 1439//1439 1427//1427 1426//1426
f 1439//1439 1425//1425 1455//1455
f 1440//1440 1428//1428 1427//1427
f 1440//1440 1427//1427 1439//1439
f 1441//1441 1429//1429 1428//1428
f 1441//1441 1428//1428 1440//1440
f 1442//1442 1430//1430 1429//1429
f 1442//1442 1429//1429 1441//1441
f 1443//1443 1430//1430 1442//1442
f 1443//1443 1431//1431 1430//1430
f 1444//1444 1431//1431 1443//1443
f 1444//1444 1432//1432 1431//1431
f 1445//1445 1432//1432 1444//1444
f 1445//1445 1433//1433 1432//1432
f 1446//1446 1433//1433 1445//1445
f 1446//1446 1434//1434 1433//1433
f 1446//1446 1435//1435 1434//1434
f 1447//1447 1435//1435 1446//1446
f 1447//1447 1436//1436 1435//1435
f 1438//1438 1437//1437 1436//1436
f 1438//1438 1436//1436 1447//1447
v 1807.000000 62.500000 1965.750000
v 1791.000000 62.500000 1965.750000
v 1807.000000 61.773632 1965.812500
v 1807.000000 61.068607 1965.998291
v 1807.000000 60.455242 1966.274170
v 1807.000000 59.934547 1966.611694
v 1807.000000 59.468513 1967.021362
v 1807.000000 59.067116 1967.494507
v 1807.000000 58.738892 1968.020996
v 1807.000000 58.490814 1968.589722
v 1807.000000 58.328194 1969.188477
v 1807.000000 58.269611 1969.592285
v 1807.000000 58.250000 1970.000000
v 1807.000000 58.312538 1970.726318
v 1807.000000 58.498306 1971.431396
v 1807.000000 58.774216 1972.044800
v 1807.000000 59.111641 1972.565430
v 1807.000000 59.521309 1973.031494
v 1807.000000 59.994427 1973.432861
v 1807.000000 60.520943 1973.761108
v 1807.000000 61.089687 1974.009155
v 1807.000000 61.688461 1974.171753
v 1807.000000 62.092220 1974.230347
v 1807.000000 62.500000 1974.250000
v 1791.000000 62.500000 1974.250000
v 1791.000000 58.250000 1970.000000
v 1791.000000 58.314568 1970.738037
v 1791.000000 58.506306 1971.453613
v 1791.000000 58.819393 1972.125000
v 1791.000000 59.244312 1972.731812
v 1791.000000 59.768154 1973.255737
v 1791.000000 60.375000 1973.680664
v 1791.000000 61.046413 1973.993652
v 1791.000000 61.761993 1974.185425
v 1791.000000 61.761993 1965.814575
v 1791.000000 61.046413 1966.006348
v 1791.000000 60.375000 1966.319336
v 1791.000000 59.768154 1966.744263
v 1791.000000 59.244312 1967.268188
v 1791.000000 58.819393 1967.875000
v 1791.000000 58.506306 1968.546387
v 1791.000000 58.314568 1969.261963
vn 0.000000 -0.000000 1.000000
vn 0.000000 -0.000000 1.000000
vn 0.000000 0.170923 0.985284
vn 0.000000 0.336816 0.941571
vn 0.000000 0.481149 0.876639
vn 0.000000 0.603672 0.797233
vn 0.000000 0.713325 0.700833
vn 0.000000 0.807773 0.589493
vn 0.000000 0.885002 0.465588
vn 0.000000 0.943365 0.331757
vn 0.000000 0.981618 0.190854
vn 0.000000 0.995394 0.095869
vn 0.000000 1.000000 0.000000
vn -0.000000 0.985284 -0.170923
vn -0.000000 0.941571 -0.336816
vn -0.000000 0.876639 -0.481149
vn -0.000000 0.797235 -0.603669
vn -0.000000 0.700836 -0.713322
vn -0.000000 0.589499 -0.807769
vn -0.000000 0.465595 -0.884998
vn -0.000000 0.331767 -0.943361
vn -0.000000 0.190866 -0.981616
vn -0.000000 0.095875 -0.995393
vn -0.000000 0.000000 -1.000000
vn -0.000000 0.000000 -1.000000
vn 0.000000 1.000000 0.000000
vn -0.000000 0.984808 -0.173648
vn -0.000000 0.939693 -0.342020
vn -0.000000 0.866025 -0.500000
vn -0.000000 0.766044 -0.642788
vn -0.000000 0.642788 -0.766044
vn -0.000000 0.500000 -0.866025
vn -0.000000 0.342020 -0.939693
vn -0.000000 0.173648 -0.984808
vn 0.000000 0.173648 0.984808
vn 0.000000 0.342020 0.939693
vn 0.000000 0.500000 0.866025
vn 0.000000 0.642788 0.766044
vn 0.000000 0.766044 0.642788
vn 0.000000 0.866025 0.500000
vn 0.000000 0.939693 0.342020
vn 0.000000 0.984808 0.173648
f 1457//1457 1458//1458 1456//1456
f 1490//1490 1459//1459 1458//1458
f 1490//1490 1458//1458 1457//1457
f 1491//1491 1460//1460 1459//1459
f 1491//1491 1459//1459 1490//1490
f 1492//1492 1461//1461 1460//1460
f 1492//1492 1460//1460 1491//1491
f 1493//1493 1462//1462 1461//1461
f 1493//1493 1461//1461 1492//1492
f 1494//1494 1463//1463 1462//1462
f 1494//1494 1462//1462 1493//1493
f 1495//1495 1464//1464 1463//1463
f 1495//1495 1463//1463 1494//1494
f 1496//1496 1465//1465 1464//1464
f 1496//1496 1466//1466 1465//1465
f 1496//1496 1464//1464 1495//1495
f 1497//1497 1467//1467 1466//1466
f 1497//1497 1466//1466 1496//1496
f 1481//1481 1468//1468 1467//1467
f 1481//1481 1469//1469 1468//1468
f 1481//1481 1467//1467 1497//1497
f 1482//1482 1470//1470 1469//1469
f 1482//1482 1469//1469 1481//1481
f 1483//1483 1471//1471 1470//1470
f 1483//1483 1470//1470 1482//1482
f 1484//1484 1472//1472 1471//1471
f 1484//1484 1471//1471 1483//1483
f 1485//1485 1472//1472 1484//1484
f 1485//1485 1473//1473 1472//1472
f 1486//1486 1473//1473 1485//1485
f 1486//1486 1474//1474 1473//1473
f 1487//1487 1474//1474 1486//1486
f 1487//1487 1475//1475 1474//1474
f 1488//1488 1475//1475 1487//1487
f 1488//1488 1476//1476 1475//1475
f 1488//1488 1477//1477 1476//1476
f 1489//1489 1477//1477 1488//1488
f 1489//1489 1478//1478 1477//1477
f 1480//1480 1479//1479 1478//1478
f 1480//1480 1478//1478 1489//1489
v 1807.000000 54.126587 2005.500000
v 1791.000000 54.126587 2005.500000
v 1807.000000 54.852955 2005.437500
v 1807.000000 55.557980 2005.251709
v 1807.000000 56.171349 2004.975830
v 1807.000000 56.692039 2004.638306
v 1807.000000 57.158073 2004.228638
v 1807.000000 57.559471 2003.755493
v 1807.000000 57.887695 2003.229004
v 1807.000000 58.135773 2002.660278
v 1807.000000 58.298393 2002.061523
v 1807.000000 58.356976 2001.657715
v 1807.000000 58.376587 2001.250000
v 1807.000000 58.314053 2000.523682
v 1807.000000 58.128284 1999.818604
v 1807.000000 57.852375 1999.205200
v 1807.000000 57.514946 1998.684570
v 1807.000000 57.105282 1998.218506
v 1807.000000 56.632160 1997.817139
v 1807.000000 56.105644 1997.488892
v 1807.000000 55.536900 1997.240845
v 1807.000000 54.938126 1997.078247
v 1807.000000 54.534367 1997.019653
v 1807.000000 54.126587 1997.000000
v 1791.000000 54.126587 1997.000000
v 1791.000000 58.376587 2001.250000
v 1791.000000 58.312019 2000.511963
v 1791.000000 58.120281 1999.796387
v 1791.000000 57.807198 1999.125000
v 1791.000000 57.382278 1998.518188
v 1791.000000 56.858437 1997.994263
v 1791.000000 56.251587 1997.569336
v 1791.000000 55.580173 1997.256348
v 1791.000000 54.864594 1997.064575
v 1791.000000 54.864594 2005.435425
v 1791.000000 55.580173 2005.243652
v 1791.000000 56.251587 2004.930664
v 1791.000000 56.858437 2004.505737
v 1791.000000 57.382278 2003.981812
v 1791.000000 57.807198 2003.375000
v 1791.000000 58.120281 2002.703613
v 1791.000000 58.312019 2001.988037
vn -0.000000 0.000000 -1.000000
vn -0.000000 0.000000 -1.000000
vn -0.000000 -0.170923 -0.985284
vn -0.000000 -0.336816 -0.941571
vn -0.000000 -0.481149 -0.876639
vn -0.000000 -0.603672 -0.797233
vn -0.000000 -0.713325 -0.700833
vn -0.000000 -0.807773 -0.589493
vn -0.000000 -0.885002 -0.465588
vn -0.000000 -0.943365 -0.331757
vn -0.000000 -0.981618 -0.190854
vn -0.000000 -0.995394 -0.095869
vn -0.000000 -1.000000 -0.000000
vn -0.000000 -0.985284 0.170923
vn -0.000000 -0.941571 0.336816
vn -0.000000 -0.876639 0.481149
vn -0.000000 -0.797235 0.603669
vn -0.000000 -0.700836 0.713322
vn -0.000000 -0.589499 0.807769
vn -0.000000 -0.465595 0.884998
vn -0.000000 -0.331767 0.943361
vn -0.000000 -0.190866 0.981616
vn -0.000000 -0.095875 0.995393
vn -0.000000 -0.000000 1.000000
vn -0.000000 -0.000000 1.000000
vn -0.000000 -1.000000 -0.000000
vn -0.000000 -0.984808 0.173648
vn -0.000000 -0.939693 0.342020
vn -0.000000 -0.866025 0.500000
vn -0.000000 -0.766044 0.642788
vn -0.000000 -0.642788 0.766044
vn -0.000000 -0.500000 0.866025
vn -0.000000 -0.342020 0.939693
vn -0.000000 -0.173648 0.984808
vn -0.000000 -0.173648 -0.984808
vn -0.000000 -0.342020 -0.939693
vn -0.000000 -0.500000 -0.866025
vn -0.000000 -0.642788 -0.766044
vn -0.000000 -0.766044 -0.642788
vn -0.000000 -0.866025 -0.500000
vn -0.000000 -0.939693 -0.342020
vn -0.000000 -0.984808 -0.173648
f 1499//1499 1500//1500 1498//1498
f 1532//1532 1501//1501 1500//1500
f 1532//1532 1500//1500 1499//1499
f 1533//1533 1502//1502 1501//1501
f 1533//1533 1501//1501 1532//1532
f 1534//1534 1503//1503 1502//1502
f 1534//1534 1502//1502 1533//1533
f 1535//1535 1504//1504 1503//1503
f 1535//1535 1503//1503 1534//1534
f 1536//1536 1505//1505 1504//1504
f 1536//1536 1504//1504 1535//1535
f 1537//1537 1506//1506 1505//1505
f 1537//1537 1505//1505 1536//1536
f 1538//1538 1507//1507 1506//1506
f 1538//1538 1508//1508 1507//1507
f 1538//1538 1506//1506 1537//1537
f 1539//1539 1509//1509 1508//1508
f 1539//1539 1508//1508 1538//1538
f 1523//1523 1510//1510 1509//1509
f 1523//1523 1511//1511 1510//1510
f 1523//1523 1509//1509 1539//1539
f 1524//1524 1512//1512 1511//1511
f 1524//1524 1511//1511 1523//1523
f 1525//1525 1513//1513 1512//1512
f 1525//1525 1512//1512 1524//1524
f 1526//1526 1514//1514 1513//1513
f 1526//1526 1513//1513 1525//1525
f 1527//1527 1514//1514 1526//1526
f 1527//1527 1515//1515 1514//1514
f 1528//1528 1515//1515 1527//1527
f 1528//1528 1516//1516 1515//1515
f 1529//1529 1516//1516 1528//1528
f 1529//1529 1517//1517 1516//1516
f 1530//1530 1517//1517 1529//1529
f 1530//1530 1518//1518 1517//1517
f 1530//1530 1519//1519 1518//1518
f 1531//1531 1519//1519 1530//1530
f 1531//1531 1520//1520 1519//1519
f 1522//1522 1521//1521 1520//1520
f 1522//1522 1520//1520 1531//1531
v 1807.000000 54.126587 1997.000000
v 1791.000000 54.126587 1997.000000
v 1807.000000 53.400223 1997.062500
v 1807.000000 52.695198 1997.248291
v 1807.000000 52.081829 1997.524170
v 1807.000000 51.561134 1997.861694
v 1807.000000 51.095100 1998.271362
v 1807.000000 50.693703 1998.744507
v 1807.000000 50.365479 1999.270996
v 1807.000000 50.117405 1999.839722
v 1807.000000 49.954784 2000.438477
v 1807.000000 49.896198 2000.842285
v 1807.000000 49.876587 2001.250000
v 1807.000000 49.939125 2001.976318
v 1807.000000 50.124893 2002.681396
v 1807.000000 50.400803 2003.294800
v 1807.000000 50.738228 2003.815430
v 1807.000000 51.147896 2004.281494
v 1807.000000 51.621014 2004.682861
v 1807.000000 52.147530 2005.011108
v 1807.000000 52.716274 2005.259155
v 1807.000000 53.315052 2005.421753
v 1807.000000 53.718807 2005.480347
v 1807.000000 54.126587 2005.500000
v 1791.000000 54.126587 2005.500000
v 1791.000000 49.876587 2001.250000
v 1791.000000 49.941154 2001.988037
v 1791.000000 50.132893 2002.703613
v 1791.000000 50.445980 2003.375000
v 1791.000000 50.870899 2003.981812
v 1791.000000 51.394741 2004.505737
v 1791.000000 52.001587 2004.930664
v 1791.000000 52.673000 2005.243652
v 1791.000000 53.388584 2005.435425
v 1791.000000 53.388584 1997.064575
v 1791.000000 52.673000 1997.256348
v 1791.000000 52.001587 1997.569336
v 1791.000000 51.394741 1997.994263
v 1791.000000 50.870899 1998.518188
v 1791.000000 50.445980 1999.125000
v 1791.000000 50.132893 1999.796387
v 1791.000000 49.941154 2000.511963
vn 0.000000 -0.000000 1.000000
vn 0.000000 -0.000000 1.000000
vn 0.000000 0.170923 0.985284
vn 0.000000 0.336816 0.941571
vn 0.000000 0.481149 0.876639
vn 0.000000 0.603672 0.797233
vn 0.000000 0.713325 0.700833
vn 0.000000 0.807773 0.589493
vn 0.000000 0.885002 0.465588
vn 0.000000 0.943365 0.331757
vn 0.000000 0.981618 0.190854
vn 0.000000 0.995394 0.095869
vn 0.000000 1.000000 0.000000
vn -0.000000 0.985284 -0.170923
vn -0.000000 0.941571 -0.336816
vn -0.000000 0.876639 -0.481149
vn -0.000000 0.797235 -0.603669
vn -0.000000 0.700836 -0.713322
vn -0.000000 0.589499 -0.807769
vn -0.000000 0.465595 -0.884998
vn -0.000000 0.331767 -0.943361
vn -0.000000 0.190866 -0.981616
vn -0.000000 0.095875 -0.995393
vn -0.000000 0.000000 -1.000000
vn -0.000000 0.000000 -1.000000
vn 0.000000 1.000000 0.000000
vn -0.000000 0.984808 -0.173648
vn -0.000000 0.939693 -0.342020
vn -0.000000 0.866025 -0.500000
vn -0.000000 0.766044 -0.642788
vn -0.000000 0.642788 -0.766044
vn -0.000000 0.500000 -0.866025
vn -0.000000 0.342020 -0.939693
vn -0.000000 0.173648 -0.984808
vn 0.000000 0.173648 0.984808
vn 0.000000 0.342020 0.939693
vn 0.000000 0.500000 0.866025
vn 0.000000 0.642788 0.766044
vn 0.000000 0.766044 0.642788
vn 0.000000 0.866025 0.500000
vn 0.000000 0.939693 0.342020
vn 0.000000 0.984808 0.173648
f 1541//1541 1542//1542 1540//1540
f 1574//1574 1543//1543 1542//1542
f 1574//1574 1542//1542 1541//1541
f 1575//1575 1544//1544 1543//1543
f 1575//1575 1543//1543 1574//1574
f 1576//1576 1545//1545 1544//1544
f 1576//1576 1544//1544 1575//1575
f 1577//1577 1546//1546 1545//1545
f 1577//1577 1545//1545 1576//1576
f 1578//1578 1547//1547 1546//1546
f 1578//1578 1546//1546 1577//1577
f 1579//1579 1548//1548 1547//1547
f 1579//1579 1547//1547 1578//1578
f 1580//1580 1549//1549 1548//1548
f 1580//1580 1550//1550 1549//1549
f 1580//1580 1548//1548 1579//1579
f 1581//1581 1551//1551 1550//1550
f 1581//1581 1550//1550 1580//1580
f 1565//1565 1552//1552 1551//1551
f 1565//1565 1553//1553 1552//1552
f 1565//1565 1551//1551 1581//1581
f 1566//1566 1554//1554 1553//1553
f 1566//1566 1553//1553 1565//1565
f 1567//1567 1555//1555 1554//1554
f 1567//1567 1554//1554 1566//1566
f 1568//1568 1556//1556 1555//1555
f 1568//1568 1555//1555 1567//1567
f 1569//1569 1556//1556 1568//1568
f 1569//1569 1557//1557 1556//1556
f 1570//1570 1557//1557 1569//1569
f 1570//1570 1558//1558 1557//1557
f 1571//1571 1558//1558 1570//1570
f 1571//1571 1559//1559 1558//1558
f 1572//1572 1559//1559 1571//1571
f 1572//1572 1560//1560 1559//1559
f 1572//1572 1561//1561 1560//1560
f 1573//1573 1561//1561 1572//1572
f 1573//1573 1562//1562 1561//1561
f 1564//1564 1563//1563 1562//1562
f 1564//1564 1562//1562 1573//1573
v 1807.000000 31.250000 2028.376587
v 1791.000000 31.250000 2028.376587
v 1807.000000 31.976366 2028.314087
v 1807.000000 32.681393 2028.128296
v 1807.000000 33.294758 2027.852417
v 1807.000000 33.815453 2027.514893
v 1807.000000 34.281487 2027.105225
v 1807.000000 34.682884 2026.632080
v 1807.000000 35.011108 2026.105591
v 1807.000000 35.259186 2025.536865
v 1807.000000 35.421806 2024.938110
v 1807.000000 35.480389 2024.534302
v 1807.000000 35.500000 2024.126587
v 1807.000000 35.437462 2023.400269
v 1807.000000 35.251694 2022.695190
v 1807.000000 34.975784 2022.081787
v 1807.000000 34.638359 2021.561157
v 1807.000000 34.228691 2021.095093
v 1807.000000 33.755573 2020.693726
v 1807.000000 33.229057 2020.365479
v 1807.000000 32.660313 2020.117432
v 1807.000000 32.061539 2019.954834
v 1807.000000 31.657780 2019.896240
v 1807.000000 31.250000 2019.876587
v 1791.000000 31.250000 2019.876587
v 1791.000000 35.500000 2024.126587
v 1791.000000 35.435432 2023.388550
v 1791.000000 35.243694 2022.672974
v 1791.000000 34.930607 2022.001587
v 1791.000000 34.505688 2021.394775
v 1791.000000 33.981846 2020.870850
v 1791.000000 33.375000 2020.445923
v 1791.000000 32.703587 2020.132935
v 1791.000000 31.988005 2019.941162
v 1791.000000 31.988005 2028.312012
v 1791.000000 32.703587 2028.120239
v 1791.000000 33.375000 2027.807251
v 1791.000000 33.981846 2027.382324
v 1791.000000 34.505688 2026.858398
v 1791.000000 34.930607 2026.251587
v 1791.000000 35.243694 2025.580200
v 1791.000000 35.435432 2024.864624
vn -0.000000 0.000000 -1.000000
vn -0.000000 0.000000 -1.000000
vn -0.000000 -0.170923 -0.985284
vn -0.000000 -0.336816 -0.941571
vn -0.000000 -0.481149 -0.876639
vn -0.000000 -0.603672 -0.797233
vn -0.000000 -0.713325 -0.700833
vn -0.000000 -0.807773 -0.589493
vn -0.000000 -0.885002 -0.465588
vn -0.000000 -0.943365 -0.331757
vn -0.000000 -0.981618 -0.190854
vn -0.000000 -0.995394 -0.095869
vn -0.000000 -1.000000 -0.000000
vn -0.000000 -0.985284 0.170923
vn -0.000000 -0.941571 0.336816
vn -0.000000 -0.876639 0.481149
vn -0.000000 -0.797235 0.603669
vn -0.000000 -0.700836 0.713322
vn -0.000000 -0.589499 0.807769
vn -0.000000 -0.465595 0.884998
vn -0.000000 -0.331767 0.943361
vn -0.000000 -0.190866 0.981616
vn -0.000000 -0.095875 0.995393
vn -0.000000 -0.000000 1.000000
vn -0.000000 -0.000000 1.000000
vn -0.000000 -1.000000 -0.000000
vn -0.000000 -0.984808 0.173648
vn -0.000000 -0.939693 0.342020
vn -0.000000 -0.866025 0.500000
vn -0.000000 -0.766044 0.642788
vn -0.000000 -0.642788 0.766044
vn -0.000000 -0.500000 0.866025
vn -0.000000 -0.342020 0.939693
vn -0.000000 -0.173648 0.984808
vn -0.000000 -0.173648 -0.984808
vn -0.000000 -0.342020 -0.939693
vn -0.000000 -0.500000 -0.866025
vn -0.000000 -0.642788 -0.766044
vn -0.000000 -0.766044 -0.642788
vn -0.000000 -0.866025 -0.500000
vn -0.000000 -0.939693 -0.342020
vn -0.000000 -0.984808 -0.173648
f 1583//1583 1584//1584 1582//1582
f 1616//1616 1585//1585 1584//1584
f 1616//1616 1584//1584 1583//1583
f 1617//1617 1586//1586 1585//1585
f 1617//1617 1585//1585 1616//1616
f 1618//1618 1587//1587 1586//1586
f 1618//1618 1586//1586 1617//1617
f 1619//1619 1588//1588 1587//1587
f 1619//1619 1587//1587 1618//1618
f 1620//1620 1589//1589 1588//1588
f 1620//1620 1588//1588 1619//1619
f 1621//1621 1590//1590 1589//1589
f 1621//1621 1589//1589 1620//1620
f 1622//1622 1591//1591 1590//1590
f 1622//1622 1592//1592 1591//1591
f 1622//1622 1590//1590 1621//1621
f 1623//1623 1593//1593 1592//1592
f 1623//1623 1592//1592 1622//1622
f 1607//1607 1594//1594 1593//1593
f 1607//1607 1595//1595 1594//1594
f 1607//1607 1593//1593 1623//1623
f 1608//1608 1596//1596 1595//1595
f 1608//1608 1595//1595 1607//1607
f 1609//1609 1597//1597 1596//1596
f 1609//1609 1596//1596 1608//1608
f 1610//1610 1598//1598 1597//1597
f 1610//1610 1597//1597 1609//1609
f 1611//1611 1598//1598 1610//1610
f 1611//1611 1599//1599 1598//1598
f 1612//1612 1599//1599 1611//1611
f 1612//1612 1600//1600 1599//1599
f 1613//1613 1600//1600 1612//1612
f 1613//1613 1601//1601 1600//1600
f 1614//1614 1601//1601 1613//1613
f 1614//1614 1602//1602 1601//1601
f 1614//1614 1603//1603 1602//1602
f 1615//1615 1603//1603 1614//1614
f 1615//1615 1604//1604 1603//1603
f 1606//1606 1605//1605 1604//1604
f 1606//1606 1604//1604 1615//1615
v 1807.000000 31.250000 2019.876587
v 1791.000000 31.250000 2019.876587
v 1807.000000 30.523634 2019.939087
v 1807.000000 29.818609 2020.124878
v 1807.000000 29.205240 2020.400757
v 1807.000000 28.684547 2020.738281
v 1807.000000 28.218513 2021.147949
v 1807.000000 27.817116 2021.621094
v 1807.000000 27.488892 2022.147583
v 1807.000000 27.240816 2022.716309
v 1807.000000 27.078196 2023.315063
v 1807.000000 27.019611 2023.718872
v 1807.000000 27.000000 2024.126587
v 1807.000000 27.062536 2024.852905
v 1807.000000 27.248304 2025.557983
v 1807.000000 27.524214 2026.171387
v 1807.000000 27.861641 2026.692017
v 1807.000000 28.271307 2027.158081
v 1807.000000 28.744427 2027.559448
v 1807.000000 29.270943 2027.887695
v 1807.000000 29.839687 2028.135742
v 1807.000000 30.438463 2028.298340
v 1807.000000 30.842218 2028.356934
v 1807.000000 31.250000 2028.376587
v 1791.000000 31.250000 2028.376587
v 1791.000000 27.000000 2024.126587
v 1791.000000 27.064568 2024.864624
v 1791.000000 27.256306 2025.580200
v 1791.000000 27.569391 2026.251587
v 1791.000000 27.994310 2026.858398
v 1791.000000 28.518152 2027.382324
v 1791.000000 29.125000 2027.807251
v 1791.000000 29.796415 2028.120239
v 1791.000000 30.511995 2028.312012
v 1791.000000 30.511995 2019.941162
v 1791.000000 29.796415 2020.132935
v 1791.000000 29.125000 2020.445923
v 1791.000000 28.518152 2020.870850
v 1791.000000 27.994310 2021.394775
v 1791.000000 27.569391 2022.001587
v 1791.000000 27.256306 2022.672974
v 1791.000000 27.064568 2023.388550
vn 0.000000 -0.000000 1.000000
vn 0.000000 -0.000000 1.000000
vn 0.000000 0.170923 0.985284
vn 0.000000 0.336816 0.941571
vn 0.000000 0.481149 0.876639
vn 0.000000 0.603672 0.797233
vn 0.000000 0.713325 0.700833
vn 0.000000 0.807773 0.589493
vn 0.000000 0.885002 0.465588
vn 0.000000 0.943365 0.331757
vn 0.000000 0.981618 0.190854
vn 0.000000 0.995394 0.095869
vn 0.000000 1.000000 0.000000
vn -0.000000 0.985284 -0.170923
vn -0.000000 0.941571 -0.336816
vn -0.000000 0.876639 -0.481149
vn -0.000000 0.797235 -0.603669
vn -0.000000 0.700836 -0.713322
vn -0.000000 0.589499 -0.807769
vn -0.000000 0.465595 -0.884998
vn -0.000000 0.331767 -0.943361
vn -0.000000 0.190866 -0.981616
vn -0.000000 0.095875 -0.995393
vn -0.000000 0.000000 -1.000000
vn -0.000000 0.000000 -1.000000
vn 0.000000 1.000000 0.000000
vn -0.000000 0.984808 -0.173648
vn -0.000000 0.939693 -0.342020
vn -0.000000 0.866025 -0.500000
vn -0.000000 0.766044 -0.642788
vn -0.000000 0.642788 -0.766044
vn -0.000000 0.500000 -0.866025
vn -0.000000 0.342020 -0.939693
vn -0.000000 0.173648 -0.984808
vn 0.000000 0.173648 0.984808
vn 0.000000 0.342020 0.939693
vn 0.000000 0.500000 0.866025
vn 0.000000 0.642788 0.766044
vn 0.000000 0.766044 0.642788
vn 0.000000 0.866025 0.500000
vn 0.000000 0.939693 0.342020
vn 0.000000 0.984808 0.173648
f 1625//1625 1626//1626 1624//1624
f 1658//1658 1627//1627 1626//1626
f 1658//1658 1626//1626 1625//1625
f 1659//1659 1628//1628 1627//1627
f 1659//1659 1627//1627 1658//1658
f 1660//1660 1629//1629 1628//1628
f 1660//1660 1628//1628 1659//1659
f 1661//1661 1630//1630 1629//1629
f 1661//1661 1629//1629 1660//1660
f 1662//1662 1631//1631 1630//1630
f 1662//1662 1630//1630 1661//1661
f 1663//1663 1632//1632 1631//1631
f 1663//1663 1631//1631 1662//1662
f 1664//1664 1633//1633 1632//1632
f 1664//1664 1634//1634 1633//1633
f 1664//1664 1632//1632 1663//1663
f 1665//1665 1635//1635 1634//1634
f 1665//1665 1634//1634 1664//1664
f 1649//1649 1636//1636 1635//1635
f 1649//1649 1637//1637 1636//1636
f 1649//1649 1635//1635 1665//1665
f 1650//1650 1638//1638 1637//1637
f 1650//1650 1637//1637 1649//1649
f 1651//1651 1639//1639 1638//1638
f 1651//1651 1638//1638 1650//1650
f 1652//1652 1640//1640 1639//1639
f 1652//1652 1639//1639 1651//1651
f 1653//1653 1640//1640 1652//1652
f 1653//1653 1641//1641 1640//1640
f 1654//1654 1641//1641 1653//1653
f 1654//1654 1642//1642 1641//1641
f 1655//1655 1642//1642 1654//1654
f 1655//1655 1643//1643 1642//1642
f 1656//1656 1643//1643 1655//1655
f 1656//1656 1644//1644 1643//1643
f 1656//1656 1645//1645 1644//1644
f 1657//1657 1645//1645 1656//1656
f 1657//1657 1646//1646 1645//1645
f 1648//1648 1647//1647 1646//1646
f 1648//1648 1646//1646 1657//1657
usemtl mat_1
v 1807.000000 -0.000000 1912.500000
v 1797.000000 -0.000000 1912.500000
v 1807.000000 0.854588 1912.426392
v 1807.000000 1.684114 1912.207764
v 1807.000000 2.464014 1911.850708
v 1807.000000 3.171354 1911.365601
v 1807.000000 3.785429 1910.766602
v 1807.000000 4.288078 1910.071411
v 1807.000000 4.664477 1909.300781
v 1807.000000 4.903620 1908.476929
v 1807.000000 4.975848 1907.990845
v 1807.000000 5.000000 1907.500000
v 1807.000000 4.926414 1906.645386
v 1807.000000 4.707816 1905.815918
v 1807.000000 4.350696 1905.036011
v 1807.000000 3.865542 1904.328613
v 1807.000000 3.266529 1903.714600
v 1807.000000 2.571424 1903.211914
v 1807.000000 1.800718 1902.835571
v 1807.000000 0.976944 1902.596436
v 1807.000000 0.490825 1902.524170
v 1807.000000 0.000000 1902.500000
v 1797.000000 0.000000 1902.500000
v 1797.000000 5.000000 1907.500000
v 1797.000000 4.924039 1906.631714
v 1797.000000 4.698463 1905.789917
v 1797.000000 4.330127 1905.000000
v 1797.000000 3.830222 1904.286011
v 1797.000000 3.213938 1903.669800
v 1797.000000 2.500000 1903.169922
v 1797.000000 1.710101 1902.801514
v 1797.000000 0.868241 1902.575928
v 1797.000000 0.868241 1912.424072
v 1797.000000 1.710101 1912.198486
v 1797.000000 2.500000 1911.830078
v 1797.000000 3.213938 1911.330200
v 1797.000000 3.830222 1910.713989
v 1797.000000 4.330127 1910.000000
v 1797.000000 4.698463 1909.210083
v 1797.000000 4.924039 1908.368286
vn -0.000000 0.000000 -1.000000
vn -0.000000 0.000000 -1.000000
vn -0.000000 -0.170923 -0.985284
vn -0.000000 -0.336816 -0.941571
vn -0.000000 -0.492796 -0.870145
vn -0.000000 -0.634272 -0.773110
vn -0.000000 -0.757081 -0.653322
vn -0.000000 -0.857607 -0.514305
vn -0.000000 -0.932894 -0.360151
vn -0.000000 -0.980724 -0.195398
vn -0.000000 -0.995169 -0.098173
vn -0.000000 -1.000000 -0.000000
vn -0.000000 -0.985284 0.170923
vn -0.000000 -0.941571 0.336816
vn -0.000000 -0.870145 0.492796
vn -0.000000 -0.773110 0.634272
vn -0.000000 -0.653322 0.757081
vn -0.000000 -0.514305 0.857607
vn -0.000000 -0.360151 0.932894
vn -0.000000 -0.195398 0.980724
vn -0.000000 -0.098173 0.995169
vn -0.000000 -0.000000 1.000000
vn -0.000000 -0.000000 1.000000
vn -0.000000 -1.000000 -0.000000
vn -0.000000 -0.984808 0.173648
vn -0.000000 -0.939693 0.342020
vn -0.000000 -0.866025 0.500000
vn -0.000000 -0.766044 0.642788
vn -0.000000 -0.642788 0.766044
vn -0.000000 -0.500000 0.866025
vn -0.000000 -0.342020 0.939693
vn -0.000000 -0.173648 0.984808
vn -0.000000 -0.173648 -0.984808
vn -0.000000 -0.342020 -0.939693
vn -0.000000 -0.500000 -0.866025
vn -0.000000 -0.642788 -0.766044
vn -0.000000 -0.766044 -0.642788
vn -0.000000 -0.866025 -0.500000
vn -0.000000 -0.939693 -0.342020
vn -0.000000 -0.984808 -0.173648
f 1667//1667 1668//1668 1666//1666
f 1698//1698 1669//1669 1668//1668
f 1698//1698 1668//1668 1667//1667
f 1699//1699 1670//1670 1669//1669
f 1699//1699 1669//1669 1698//1698
f 1700//1700 1671//1671 1670//1670
f 1700//1700 1670//1670 1699//1699
f 1701//1701 1672//1672 1671//1671
f 1701//1701 1671//1671 1700//1700
f 1702//1702 1673//1673 1672//1672
f 1702//1702 1672//1672 1701//1701
f 1703//1703 1674//1674 1673//1673
f 1703//1703 1673//1673 1702//1702
f 1704//1704 1675//1675 1674//1674
f 1704//1704 1674//1674 1703//1703
f 1705//1705 1676//1676 1675//1675
f 1705//1705 1675//1675 1704//1704
f 1689//1689 1677//1677 1676//1676
f 1689//1689 1678//1678 1677//1677
f 1689//1689 1676//1676 1705//1705
f 1690//1690 1679//1679 1678//1678
f 1690//1690 1678//1678 1689//1689
f 1691//1691 1680//1680 1679//1679
f 1691//1691 1679//1679 1690//1690
f 1692//1692 1681//1681 1680//1680
f 1692//1692 1680//1680 1691//1691
f 1693//1693 1682//1682 1681//1681
f 1693//1693 1681//1681 1692//1692
f 1694//1694 1682//1682 1693//1693
f 1694//1694 1683//1683 1682//1682
f 1695//1695 1683//1683 1694//1694
f 1695//1695 1684//1684 1683//1683
f 1696//1696 1684//1684 1695//1695
f 1696//1696 1685//1685 1684//1684
f 1697//1697 1685//1685 1696//1696
f 1697//1697 1686//1686 1685//1685
f 1688//1688 1687//1687 1686//1686
f 1688//1688 1686//1686 1697//1697
v 1807.000000 0.000000 1902.500000
v 1797.000000 0.000000 1902.500000
v 1807.000000 -0.854588 1902.573608
v 1807.000000 -1.684114 1902.792236
v 1807.000000 -2.464014 1903.149292
v 1807.000000 -3.171354 1903.634399
v 1807.000000 -3.785429 1904.233398
v 1807.000000 -4.288078 1904.928589
v 1807.000000 -4.664477 1905.699219
v 1807.000000 -4.903620 1906.523071
v 1807.000000 -4.975848 1907.009155
v 1807.000000 -5.000000 1907.500000
v 1807.000000 -4.926414 1908.354614
v 1807.000000 -4.707816 1909.184082
v 1807.000000 -4.350696 1909.963989
v 1807.000000 -3.865542 1910.671387
v 1807.000000 -3.266529 1911.285400
v 1807.000000 -2.571424 1911.788086
v 1807.000000 -1.800718 1912.164429
v 1807.000000 -0.976944 1912.403564
v 1807.000000 -0.490825 1912.475830
v 1807.000000 -0.000000 1912.500000
v 1797.000000 -0.000000 1912.500000
v 1797.000000 -5.000000 1907.500000
v 1797.000000 -4.924039 1908.368286
v 1797.000000 -4.698463 1909.210083
v 1797.000000 -4.330127 1910.000000
v 1797.000000 -3.830222 1910.713989
v 1797.000000 -3.213938 1911.330200
v 1797.000000 -2.500000 1911.830078
v 1797.000000 -1.710101 1912.198486
v 1797.000000 -0.868241 1912.424072
v 1797.000000 -0.868241 1902.575928
v 1797.000000 -1.710101 1902.801514
v 1797.000000 -2.500000 1903.169922
v 1797.000000 -3.213938 1903.669800
v 1797.000000 -3.830222 1904.286011
v 1797.000000 -4.330127 1905.000000
v 1797.000000 -4.698463 1905.789917
v 1797.000000 -4.924039 1906.631714
vn 0.000000 -0.000000 1.000000
vn 0.000000 -0.000000 1.000000
vn 0.000000 0.170923 0.985284
vn 0.000000 0.336816 0.941571
vn 0.000000 0.492796 0.870145
vn 0.000000 0.634272 0.773110
vn 0.000000 0.757081 0.653322
vn 0.000000 0.857607 0.514305
vn 0.000000 0.932894 0.360151
vn 0.000000 0.980724 0.195398
vn 0.000000 0.995169 0.098173
vn 0.000000 1.000000 0.000000
vn -0.000000 0.985284 -0.170923
vn -0.000000 0.941571 -0.336816
vn -0.000000 0.870145 -0.492796
vn -0.000000 0.773110 -0.634272
vn -0.000000 0.653322 -0.757081
vn -0.000000 0.514305 -0.857607
vn -0.000000 0.360151 -0.932894
vn -0.000000 0.195398 -0.980724
vn -0.000000 0.098173 -0.995169
vn -0.000000 0.000000 -1.000000
vn -0.000000 0.000000 -1.000000
vn 0.000000 1.000000 0.000000
vn -0.000000 0.984808 -0.173648
vn -0.000000 0.939693 -0.342020
vn -0.000000 0.866025 -0.500000
vn -0.000000 0.766044 -0.642788
vn -0.000000 0.642788 -0.766044
vn -0.000000 0.500000 -0.866025
vn -0.000000 0.342020 -0.939693
vn -0.000000 0.173648 -0.984808
vn 0.000000 0.173648 0.984808
vn 0.000000 0.342020 0.939693
vn 0.000000 0.500000 0.866025
vn 0.000000 0.642788 0.766044
vn 0.000000 0.766044 0.642788
vn 0.000000 0.866025 0.500000
vn 0.000000 0.939693 0.342020
vn 0.000000 0.984808 0.173648
f 1707//1707 1708//1708 1706//1706
f 1738//1738 1709//1709 1708//1708
f 1738//1738 1708//1708 1707//1707
f 1739//1739 1710//1710 1709//1709
f 1739//1739 1709//1709 1738//1738
f 1740//1740 1711//1711 1710//1710
f 1740//1740 1710//1710 1739//1739
f 1741//1741 1712//1712 1711//1711
f 1741//1741 1711//1711 1740//1740
f 1742//1742 1713//1713 1712//1712
f 1742//1742 1712//1712 1741//1741
f 1743//1743 1714//1714 1713//1713
f 1743//1743 1713//1713 1742//1742
f 1744//1744 1715//1715 1714//1714
f 1744//1744 1714//1714 1743//1743
f 1745//1745 1716//1716 1715//1715
f 1745//1745 1715//1715 1744//1744
f 1729//1729 1717//1717 1716//1716
f 1729//1729 1718//1718 1717//1717
f 1729//1729 1716//1716 1745//1745
f 1730//1730 1719//1719 1718//1718
f 1730//1730 1718//1718 1729//1729
f 1731//1731 1720//1720 1719//1719
f 1731//1731 1719//1719 1730//1730
f 1732//1732 1721//1721 1720//1720
f 1732//1732 1720//1720 1731//1731
f 1733//1733 1722//1722 1721//1721
f 1733//1733 1721//1721 1732//1732
f 1734//1734 1722//1722 1733//1733
f 1734//1734 1723//1723 1722//1722
f 1735//1735 1723//1723 1734//1734
f 1735//1735 1724//1724 1723//1723
f 1736//1736 1724//1724 1735//1735
f 1736//1736 1725//1725 1724//1724
f 1737//1737 1725//1725 1736//1736
f 1737//1737 1726//1726 1725//1725
f 1728//1728 1727//1727 1726//1726
f 1728//1728 1726//1726 1737//1737
v 1807.000000 -0.000000 2037.500000
v 1797.000000 -0.000000 2037.500000
v 1807.000000 0.854588 2037.426392
v 1807.000000 1.684114 2037.207764
v 1807.000000 2.464015 2036.850708
v 1807.000000 3.171354 2036.365601
v 1807.000000 3.785429 2035.766602
v 1807.000000 4.288078 2035.071411
v 1807.000000 4.664477 2034.300781
v 1807.000000 4.903620 2033.476929
v 1807.000000 4.975848 2032.990845
v 1807.000000 5.000000 2032.500000
v 1807.000000 4.926414 2031.645386
v 1807.000000 4.707816 2030.815918
v 1807.000000 4.350696 2030.036011
v 1807.000000 3.865542 2029.328613
v 1807.000000 3.266529 2028.714600
v 1807.000000 2.571424 2028.211914
v 1807.000000 1.800718 2027.835571
v 1807.000000 0.976944 2027.596436
v 1807.000000 0.490825 2027.524170
v 1807.000000 0.000000 2027.500000
v 1797.000000 0.000000 2027.500000
v 1797.000000 5.000000 2032.500000
v 1797.000000 4.924039 2031.631714
v 1797.000000 4.698463 2030.789917
v 1797.000000 4.330127 2030.000000
v 1797.000000 3.830222 2029.286011
v 1797.000000 3.213938 2028.669800
v 1797.000000 2.500000 2028.169922
v 1797.000000 1.710101 2027.801514
v 1797.000000 0.868241 2027.575928
v 1797.000000 0.868241 2037.424072
v 1797.000000 1.710101 2037.198486
v 1797.000000 2.500000 2036.830078
v 1797.000000 3.213938 2036.330200
v 1797.000000 3.830222 2035.713989
v 1797.000000 4.330127 2035.000000
v 1797.000000 4.698463 2034.210083
v 1797.000000 4.924039 2033.368286
vn -0.000000 0.000000 -1.000000
vn -0.000000 0.000000 -1.000000
vn -0.000000 -0.170923 -0.985284
vn -0.000000 -0.336816 -0.941571
vn -0.000000 -0.492796 -0.870145
vn -0.000000 -0.634272 -0.773110
vn -0.000000 -0.757081 -0.653322
vn -0.000000 -0.857607 -0.514305
vn -0.000000 -0.932894 -0.360151
vn -0.000000 -0.980724 -0.195398
vn -0.000000 -0.995169 -0.098173
vn -0.000000 -1.000000 -0.000000
vn -0.000000 -0.985284 0.170923
vn -0.000000 -0.941571 0.336816
vn -0.000000 -0.870145 0.492796
vn -0.000000 -0.773110 0.634272
vn -0.000000 -0.653322 0.757081
vn -0.000000 -0.514305 0.857607
vn -0.000000 -0.360151 0.932894
vn -0.000000 -0.195398 0.980724
vn -0.000000 -0.098173 0.995169
vn -0.000000 -0.000000 1.000000
vn -0.000000 -0.000000 1.000000
vn -0.000000 -1.000000 -0.000000
vn -0.000000 -0.984808 0.173648
vn -0.000000 -0.939693 0.342020
vn -0.000000 -0.866025 0.500000
vn -0.000000 -0.766044 0.642788
vn -0.000000 -0.642788 0.766044
vn -0.000000 -0.500000 0.866025
vn -0.000000 -0.342020 0.939693
vn -0.000000 -0.173648 0.984808
vn -0.000000 -0.173648 -0.984808
vn -0.000000 -0.342020 -0.939693
vn -0.000000 -0.500000 -0.866025
vn -0.000000 -0.642788 -0.766044
vn -0.000000 -0.766044 -0.642788
vn -0.000000 -0.866025 -0.500000
vn -0.000000 -0.939693 -0.342020
vn -0.000000 -0.984808 -0.173648
f 1747//1747 1748//1748 1746//1746
f 1778//1778 1749//1749 1748//1748
f 1778//1778 1748//1748 1747//1747
f 1779//1779 1750//1750 1749//1749
f 1779//1779 1749//1749 1778//1778
f 1780//1780 1751//1751 1750//1750
f 1780//1780 1750//1750 1779//1779
f 1781//1781 1752//1752 1751//1751
f 1781//1781 1751//1751 1780//1780
f 1782//1782 1753//1753 1752//1752
f 1782//1782 1752//1752 1781//1781
f 1783//1783 1754//1754 1753//1753
f 1783//1783 1753//1753 1782//1782
f 1784//1784 1755//1755 1754//1754
f 1784//1784 1754//1754 1783//1783
f 1785//1785 1756//1756 1755//1755
f 1785//1785 1755//1755 1784//1784
f 1769//1769 1757//1757 1756//1756
f 1769//1769 1758//1758 1757//1757
f 1769//1769 1756//1756 1785//1785
f 1770//1770 1759//1759 1758//1758
f 1770//1770 1758//1758 1769//1769
f 1771//1771 1760//1760 1759//1759
f 1771//1771 1759//1759 1770//1770
f 1772//1772 1761//1761 1760//1760
f 1772//1772 1760//1760 1771//1771
f 1773//1773 1762//1762 1761//1761
f 1773//1773 1761//1761 1772//1772
f 1774//1774 1762//1762 1773//1773
f 1774//1774 1763//1763 1762//1762
f 1775//1775 1763//1763 1774//1774
f 1775//1775 1764//1764 1763//1763
f 1776//1776 1764//1764 1775//1775
f 1776//1776 1765//1765 1764//1764
f 1777//1777 1765//1765 1776//1776
f 1777//1777 1766//1766 1765//1765
f 1768//1768 1767//1767 1766//1766
f 1768//1768 1766//1766 1777//1777
v 1807.000000 0.000000 2027.500000
v 1797.000000 0.000000 2027.500000
v 1807.000000 -0.854588 2027.573608
v 1807.000000 -1.684114 2027.792236
v 1807.000000 -2.464015 2028.149292
v 1807.000000 -3.171354 2028.634399
v 1807.000000 -3.785429 2029.233398
v 1807.000000 -4.288078 2029.928589
v 1807.000000 -4.664477 2030.699219
v 1807.000000 -4.903620 2031.523071
v 1807.000000 -4.975848 2032.009155
v 1807.000000 -5.000000 2032.500000
v 1807.000000 -4.926414 2033.354614
v 1807.000000 -4.707816 2034.184082
v 1807.000000 -4.350696 2034.963989
v 1807.000000 -3.865542 2035.671387
v 1807.000000 -3.266529 2036.285400
v 1807.000000 -2.571424 2036.788086
v 1807.000000 -1.800718 2037.164429
v 1807.000000 -0.976944 2037.403564
v 1807.000000 -0.490825 2037.475830
v 1807.000000 -0.000000 2037.500000
v 1797.000000 -0.000000 2037.500000
v 1797.000000 -5.000000 2032.500000
v 1797.000000 -4.924039 2033.368286
v 1797.000000 -4.698463 2034.210083
v 1797.000000 -4.330127 2035.000000
v 1797.000000 -3.830222 2035.713989
v 1797.000000 -3.213938 2036.330200
v 1797.000000 -2.500000 2036.830078
v 1797.000000 -1.710101 2037.198486
v 1797.000000 -0.868241 2037.424072
v 1797.000000 -0.868241 2027.575928
v 1797.000000 -1.710101 2027.801514
v 1797.000000 -2.500000 2028.169922
v 1797.000000 -3.213938 2028.669800
v 1797.000000 -3.830222 2029.286011
v 1797.000000 -4.330127 2030.000000
v 1797.000000 -4.698463 2030.789917
v 1797.000000 -4.924039 2031.631714
vn 0.000000 -0.000000 1.000000
vn 0.000000 -0.000000 1.000000
vn 0.000000 0.170923 0.985284
vn 0.000000 0.336816 0.941571
vn 0.000000 0.492796 0.870145
vn 0.000000 0.634272 0.773110
vn 0.000000 0.757081 0.653322
vn 0.000000 0.857607 0.514305
vn 0.000000 0.932894 0.360151
vn 0.000000 0.980724 0.195398
vn 0.000000 0.995169 0.098173
vn 0.000000 1.000000 0.000000
vn -0.000000 0.985284 -0.170923
vn -0.000000 0.941571 -0.336816
vn -0.000000 0.870145 -0.492796
vn -0.000000 0.773110 -0.634272
vn -0.000000 0.653322 -0.757081
vn -0.000000 0.514305 -0.857607
vn -0.000000 0.360151 -0.932894
vn -0.000000 0.195398 -0.980724
vn -0.000000 0.098173 -0.995169
vn -0.000000 0.000000 -1.000000
vn -0.000000 0.000000 -1.000000
vn 0.000000 1.000000 0.000000
vn -0.000000 0.984808 -0.173648
vn -0.000000 0.939693 -0.342020
vn -0.000000 0.866025 -0.500000
vn -0.000000 0.766044 -0.642788
vn -0.000000 0.642788 -0.766044
vn -0.000000 0.500000 -0.866025
vn -0.000000 0.342020 -0.939693
vn -0.000000 0.173648 -0.984808
vn 0.000000 0.173648 0.984808
vn 0.000000 0.342020 0.939693
vn 0.000000 0.500000 0.866025
vn 0.000000 0.642788 0.766044
vn 0.000000 0.766044 0.642788
vn 0.000000 0.866025 0.500000
vn 0.000000 0.939693 0.342020
vn 0.000000 0.984808 0.173648
f 1787//1787 1788//1788 1786//1786
f 1818//1818 1789//1789 1788//1788
f 1818//1818 1788//1788 1787//1787
f 1819//1819 1790//1790 1789//1789
f 1819//1819 1789//1789 1818//1818
f 1820//1820 1791//1791 1790//1790
f 1820//1820 1790//1790 1819//1819
f 1821//1821 1792//1792 1791//1791
f 1821//1821 1791//1791 1820//1820
f 1822//1822 1793//1793 1792//1792
f 1822//1822 1792//1792 1821//1821
f 1823//1823 1794//1794 1793//1793
f 1823//1823 1793//1793 1822//1822
f 1824//1824 1795//1795 1794//1794
f 1824//1824 1794//1794 1823//1823
f 1825//1825 1796//1796 1795//1795
f 1825//1825 1795//1795 1824//1824
f 1809//1809 1797//1797 1796//1796
f 1809//1809 1798//1798 1797//1797
f 1809//1809 1796//1796 1825//1825
f 1810//1810 1799//1799 1798//1798
f 1810//1810 1798//1798 1809//1809
f 1811//1811 1800//1800 1799//1799
f 1811//1811 1799//1799 1810//1810
f 1812//1812 1801//1801 1800//1800
f 1812//1812 1800//1800 1811//1811
f 1813//1813 1802//1802 1801//1801
f 1813//1813 1801//1801 1812//1812
f 1814//1814 1802//1802 1813//1813
f 1814//1814 1803//1803 1802//1802
f 1815//1815 1803//1803 1814//1814
f 1815//1815 1804//1804 1803//1803
f 1816//1816 1804//1804 1815//1815
f 1816//1816 1805//1805 1804//1804
f 1817//1817 1805//1805 1816//1816
f 1817//1817 1806//1806 1805//1805
f 1808//1808 1807//1807 1806//1806
f 1808//1808 1806//1806 1817//1817
v 1798.000000 0.000000 2010.000000
v 1807.000000 0.000000 2010.000000
v 1807.000000 40.000000 1970.000000
v 1807.000000 39.392311 1976.945923
v 1807.000000 37.587704 1983.680786
v 1807.000000 34.641018 1990.000000
v 1807.000000 30.641777 1995.711548
v 1807.000000 25.711504 2000.641724
v 1807.000000 20.000000 2004.640991
v 1807.000000 13.680806 2007.587646
v 1807.000000 6.945927 2009.392334
v 1807.000000 -0.000000 1930.000000
v 1807.000000 6.257379 1930.492432
v 1807.000000 12.360680 1931.957764
v 1807.000000 18.159620 1934.359741
v 1807.000000 23.511410 1937.639282
v 1807.000000 28.284271 1941.715698
v 1807.000000 32.360680 1946.488647
v 1807.000000 35.640263 1951.840332
v 1807.000000 38.042259 1957.639282
v 1807.000000 39.507534 1963.742676
v 1798.000000 0.000000 1930.000000
v 1798.000000 6.945927 1930.607666
v 1798.000000 13.680806 1932.412354
v 1798.000000 20.000000 1935.359009
v 1798.000000 25.711504 1939.358276
v 1798.000000 30.641777 1944.288452
v 1798.000000 34.641018 1950.000000
v 1798.000000 37.587704 1956.319214
v 1798.000000 39.392311 1963.054077
v 1798.000000 40.000000 1970.000000
v 1798.000000 39.392311 1976.945923
v 1798.000000 37.587704 1983.680786
v 1798.000000 34.641018 1990.000000
v 1798.000000 30.641777 1995.711548
v 1798.000000 25.711504 2000.641724
v 1798.000000 20.000000 2004.640991
v 1798.000000 13.680806 2007.587646
v 1798.000000 6.945927 2009.392334
vn 0.000000 -0.000000 -1.000000
vn 0.000000 -0.000000 -1.000000
vn 0.000000 -1.000000 -0.000000
vn 0.000000 -0.984808 -0.173648
vn 0.000000 -0.939693 -0.342020
vn 0.000000 -0.866025 -0.500000
vn 0.000000 -0.766044 -0.642788
vn 0.000000 -0.642788 -0.766044
vn 0.000000 -0.500000 -0.866025
vn 0.000000 -0.342020 -0.939693
vn 0.000000 -0.173648 -0.984808
vn -0.000000 -0.000000 1.000000
vn -0.000000 -0.156434 0.987688
vn -0.000000 -0.309017 0.951057
vn -0.000000 -0.453990 0.891007
vn -0.000000 -0.587785 0.809017
vn -0.000000 -0.707107 0.707107
vn -0.000000 -0.809017 0.587785
vn -0.000000 -0.891007 0.453990
vn -0.000000 -0.951057 0.309017
vn -0.000000 -0.987688 0.156434
vn -0.000000 -0.000000 1.000000
vn -0.000000 -0.173648 0.984808
vn -0.000000 -0.342020 0.939693
vn -0.000000 -0.500000 0.866025
vn -0.000000 -0.642788 0.766044
vn -0.000000 -0.766044 0.642788
vn -0.000000 -0.866025 0.500000
vn -0.000000 -0.939693 0.342020
vn -0.000000 -0.984808 0.173648
vn -0.000000 -1.000000 0.000000
vn 0.000000 -0.984808 -0.173648
vn 0.000000 -0.939693 -0.342020
vn 0.000000 -0.866025 -0.500000
vn 0.000000 -0.766044 -0.642788
vn 0.000000 -0.642788 -0.766044
vn 0.000000 -0.500000 -0.866025
vn 0.000000 -0.342020 -0.939693
vn 0.000000 -0.173648 -0.984808
f 1838//1838 1847//1847 1837//1837
f 1838//1838 1848//1848 1847//1847
f 1839//1839 1849//1849 1848//1848
f 1839//1839 1848//1848 1838//1838
f 1840//1840 1850//1850 1849//1849
f 1840//1840 1849//1849 1839//1839
f 1841//1841 1851//1851 1850//1850
f 1841//1841 1850//1850 1840//1840
f 1842//1842 1852//1852 1851//1851
f 1842//1842 1851//1851 1841//1841
f 1843//1843 1853//1853 1852//1852
f 1843//1843 1852//1852 1842//1842
f 1844//1844 1854//1854 1853//1853
f 1844//1844 1853//1853 1843//1843
f 1845//1845 1855//1855 1854//1854
f 1845//1845 1854//1854 1844//1844
f 1846//1846 1856//1856 1855//1855
f 1846//1846 1855//1855 1845//1845
f 1828//1828 1857//1857 1856//1856
f 1828//1828 1856//1856 1846//1846
f 1829//1829 1857//1857 1828//1828
f 1830//1830 1858//1858 1857//1857
f 1830//1830 1857//1857 1829//1829
f 1831//1831 1859//1859 1858//1858
f 1831//1831 1858//1858 1830//1830
f 1832//1832 1860//1860 1859//1859
f 1832//1832 1859//1859 1831//1831
f 1833//1833 1861//1861 1860//1860
f 1833//1833 1860//1860 1832//1832
f 1834//1834 1861//1861 1833//1833
f 1834//1834 1862//1862 1861//1861
f 1835//1835 1862//1862 1834//1834
f 1835//1835 1863//1863 1862//1862
f 1836//1836 1863//1863 1835//1835
f 1836//1836 1864//1864 1863//1863
f 1827//1827 1864//1864 1836//1836
f 1827//1827 1826//1826 1864//1864
v 1798.000000 0.000000 1930.000000
v 1807.000000 -0.000000 1930.000000
v 1807.000000 -40.000000 1970.000000
v 1807.000000 -39.507534 1963.742676
v 1807.000000 -38.042259 1957.639282
v 1807.000000 -35.640263 1951.840332
v 1807.000000 -32.360680 1946.488647
v 1807.000000 -28.284271 1941.715698
v 1807.000000 -23.511410 1937.639282
v 1807.000000 -18.159620 1934.359741
v 1807.000000 -12.360680 1931.957764
v 1807.000000 -6.257379 1930.492432
v 1807.000000 0.000000 2010.000000
v 1807.000000 -6.945927 2009.392334
v 1807.000000 -13.680806 2007.587646
v 1807.000000 -20.000000 2004.640991
v 1807.000000 -25.711504 2000.641724
v 1807.000000 -30.641777 1995.711548
v 1807.000000 -34.641018 1990.000000
v 1807.000000 -37.587704 1983.680786
v 1807.000000 -39.392311 1976.945923
v 1798.000000 0.000000 2010.000000
v 1798.000000 -6.945927 2009.392334
v 1798.000000 -13.680806 2007.587646
v 1798.000000 -20.000000 2004.640991
v 1798.000000 -25.711504 2000.641724
v 1798.000000 -30.641777 1995.711548
v 1798.000000 -34.641018 1990.000000
v 1798.000000 -37.587704 1983.680786
v 1798.000000 -39.392311 1976.945923
v 1798.000000 -40.000000 1970.000000
v 1798.000000 -39.392311 1963.054077
v 1798.000000 -37.587704 1956.319214
v 1798.000000 -34.641018 1950.000000
v 1798.000000 -30.641777 1944.288452
v 1798.000000 -25.711504 1939.358276
v 1798.000000 -20.000000 1935.359009
v 1798.000000 -13.680806 1932.412354
v 1798.000000 -6.945927 1930.607666
vn -0.000000 0.000000 1.000000
vn 0.000000 -0.000000 1.000000
vn -0.000000 1.000000 -0.000000
vn -0.000000 0.987688 0.156434
vn -0.000000 0.951057 0.309017
vn -0.000000 0.891007 0.453990
vn -0.000000 0.809017 0.587785
vn -0.000000 0.707107 0.707107
vn -0.000000 0.587785 0.809017
vn -0.000000 0.453990 0.891007
vn -0.000000 0.309017 0.951057
vn -0.000000 0.156434 0.987688
vn -0.000000 -0.000000 -1.000000
vn -0.000000 0.173648 -0.984808
vn -0.000000 0.342020 -0.939693
vn -0.000000 0.500000 -0.866025
vn -0.000000 0.642788 -0.766044
vn -0.000000 0.766044 -0.642788
vn -0.000000 0.866025 -0.500000
vn -0.000000 0.939693 -0.342020
vn -0.000000 0.984808 -0.173648
vn -0.000000 -0.000000 -1.000000
vn -0.000000 0.173648 -0.984808
vn -0.000000 0.342020 -0.939693
vn -0.000000 0.500000 -0.866025
vn -0.000000 0.642788 -0.766044
vn -0.000000 0.766044 -0.642788
vn -0.000000 0.866025 -0.500000
vn -0.000000 0.939693 -0.342020
vn -0.000000 0.984808 -0.173648
vn -0.000000 1.000000 -0.000000
vn -0.000000 0.984808 0.173648
vn -0.000000 0.939693 0.342020
vn -0.000000 0.866025 0.500000
vn -0.000000 0.766044 0.642788
vn -0.000000 0.642788 0.766044
vn -0.000000 0.500000 0.866025
vn -0.000000 0.342020 0.939693
vn -0.000000 0.173648 0.984808
f 1878//1878 1886//1886 1877//1877
f 1878//1878 1887//1887 1886//1886
f 1879//1879 1888//1888 1887//1887
f 1879//1879 1887//1887 1878//1878
f 1880//1880 1889//1889 1888//1888
f 1880//1880 1888//1888 1879//1879
f 1881//1881 1890//1890 1889//1889
f 1881//1881 1889//1889 1880//1880
f 1882//1882 1891//1891 1890//1890
f 1882//1882 1890//1890 1881//1881
f 1883//1883 1892//1892 1891//1891
f 1883//1883 1891//1891 1882//1882
f 1884//1884 1893//1893 1892//1892
f 1884//1884 1892//1892 1883//1883
f 1885//1885 1894//1894 1893//1893
f 1885//1885 1893//1893 1884//1884
f 1867//1867 1895//1895 1894//1894
f 1867//1867 1894//1894 1885//1885
f 1868//1868 1896//1896 1895//1895
f 1868//1868 1895//1895 1867//1867
f 1869//1869 1897//1897 1896//1896
f 1869//1869 1896//1896 1868//1868
f 1870//1870 1898//1898 1897//1897
f 1870//1870 1897//1897 1869//1869
f 1871//1871 1899//1899 1898//1898
f 1871//1871 1898//1898 1870//1870
f 1872//1872 1900//1900 1899//1899
f 1872//1872 1899//1899 1871//1871
f 1873//1873 1900//1900 1872//1872
f 1873//1873 1901//1901 1900//1900
f 1874//1874 1901//1901 1873//1873
f 1874//1874 1902//1902 1901//1901
f 1875//1875 1902//1902 1874//1874
f 1875//1875 1903//1903 1902//1902
f 1876//1876 1903//1903 1875//1875
f 1876//1876 1865//1865 1903//1903
f 1866//1866 1865//1865 1876//1876
v 1796.500000 17.776388 1892.000000
v 1796.500000 -17.776388 1892.000000
v 1796.500000 30.835890 1896.181641
v 1796.500000 42.989407 1902.532104
v 1796.500000 53.879864 1910.864868
v 1796.500000 63.187294 1920.935059
v 1796.500000 70.638229 1932.446777
v 1796.500000 76.013763 1945.061890
v 1796.500000 79.155952 1958.409668
v 1796.500000 79.972488 1972.098022
v 1796.500000 78.439362 1985.724731
v 1796.500000 74.601639 1998.889404
v 1796.500000 68.572052 2011.205200
v 1796.500000 60.527779 2022.310547
v 1796.500000 50.705147 2031.878784
v 1796.500000 39.392761 2039.629150
v 1796.500000 26.922989 2045.333618
v 1796.500000 13.662197 2048.824707
v 1796.500000 0.000000 2050.000000
v 1796.500000 -13.662197 2048.824707
v 1796.500000 -26.922989 2045.333618
v 1796.500000 -39.392761 2039.629150
v 1796.500000 -50.705147 2031.878784
v 1796.500000 -60.527779 2022.310547
v 1796.500000 -68.572052 2011.205200
v 1796.500000 -74.601639 1998.889404
v 1796.500000 -78.439362 1985.724731
v 1796.500000 -79.972488 1972.098022
v 1796.500000 -79.155952 1958.409668
v 1796.500000 -76.013763 1945.061890
v 1796.500000 -70.638229 1932.446777
v 1796.500000 -63.187294 1920.935059
v 1796.500000 -53.879864 1910.864868
v 1796.500000 -42.989407 1902.532104
v 1796.500000 -30.835890 1896.181641
v 1796.500000 0.000000 1899.000000
v 1796.500000 12.329021 1900.078613
v 1796.500000 24.283430 1903.281860
v 1796.500000 35.500000 1908.512207
v 1796.500000 45.637920 1915.610840
v 1796.500000 54.389156 1924.362061
v 1796.500000 61.487804 1934.500000
v 1796.500000 66.718178 1945.716553
v 1796.500000 69.921349 1957.671021
v 1796.500000 71.000000 1970.000000
v 1796.500000 -71.000000 1970.000000
v 1796.500000 -69.921349 1957.671021
v 1796.500000 -66.718178 1945.716553
v 1796.500000 -61.487804 1934.500000
v 1796.500000 -54.389156 1924.362061
v 1796.500000 -45.637920 1915.610840
v 1796.500000 -35.500000 1908.512207
v 1796.500000 -24.283430 1903.281860
v 1796.500000 -12.329021 1900.078613
v 1796.500000 0.000000 2041.000000
v 1796.500000 -12.329021 2039.921387
v 1796.500000 -24.283430 2036.718140
v 1796.500000 -35.500000 2031.487793
v 1796.500000 -45.637920 2024.389160
v 1796.500000 -54.389156 2015.637939
v 1796.500000 -61.487804 2005.500000
v 1796.500000 -66.718178 1994.283447
v 1796.500000 -69.921349 1982.328979
v 1796.500000 69.921349 1982.328979
v 1796.500000 66.718178 1994.283447
v 1796.500000 61.487804 2005.500000
v 1796.500000 54.389156 2015.637939
v 1796.500000 45.637920 2024.389160
v 1796.500000 35.500000 2031.487793
v 1796.500000 24.283430 2036.718140
v 1796.500000 12.329021 2039.921387
vn -1.000000 0.000000 -0.000000
vn -1.000000 0.000000 -0.000000
vn -1.000000 0.000000 -0.000000
vn -1.000000 0.000000 -0.000000
vn -1.000000 0.000000 -0.000000
vn -1.000000 0.000000 -0.000000
vn -1.000000 0.000000 -0.000000
vn -1.000000 0.000000 -0.000000
vn -1.000000 0.000000 -0.000000
vn -1.000000 0.000000 -0.000000
vn -1.000000 0.000000 -0.000000
vn -1.000000 0.000000 -0.000000
vn -1.000000 0.000000 -0.000000
vn -1.000000 0.000000 -0.000000
vn -1.000000 0.000000 -0.000000
vn -1.000000 0.000000 -0.000000
vn -1.000000 0.000000 -0.000000
vn -1.000000 0.000000 -0.000000
vn -1.000000 0.000000 -0.000000
vn -1.000000 0.000000 -0.000000
vn -1.000000 0.000000 -0.000000
vn -1.000000 0.000000 -0.000000
vn -1.000000 0.000000 -0.000000
vn -1.000000 0.000000 -0.000000
vn -1.000000 0.000000 -0.000000
vn -1.000000 0.000000 -0.000000
vn -1.000000 0.000000 -0.000000
vn -1.000000 0.000000 -0.000000
vn -1.000000 0.000000 -0.000000
vn -1.000000 0.000000 -0.000000
vn -1.000000 0.000000 -0.000000
vn -1.000000 0.000000 -0.000000
vn -1.000000 0.000000 -0.000000
vn -1.000000 0.000000 -0.000000
vn -1.000000 0.000000 -0.000000
vn -1.000000 0.000000 -0.000000
vn -1.000000 0.000000 -0.000000
vn -1.000000 0.000000 -0.000000
vn -1.000000 0.000000 -0.000000
vn -1.000000 0.000000 -0.000000
vn -1.000000 0.000000 -0.000000
vn -1.000000 0.000000 -0.000000
vn -1.000000 0.000000 -0.000000
vn -1.000000 0.000000 -0.000000
vn -1.000000 0.000000 -0.000000
vn -1.000000 0.000000 -0.000000
vn -1.000000 0.000000 -0.000000
vn -1.000000 0.000000 -0.000000
vn -1.000000 0.000000 -0.000000
vn -1.000000 0.000000 -0.000000
vn -1.000000 0.000000 -0.000000
vn -1.000000 0.000000 -0.000000
vn -1.000000 0.000000 -0.000000
vn -1.000000 0.000000 -0.000000
vn -1.000000 0.000000 -0.000000
vn -1.000000 0.000000 -0.000000
vn -1.000000 0.000000 -0.000000
vn -1.000000 0.000000 -0.000000
vn -1.000000 0.000000 -0.000000
vn -1.000000 0.000000 -0.000000
vn -1.000000 0.000000 -0.000000
vn -1.000000 0.000000 -0.000000
vn -1.000000 0.000000 -0.000000
vn -1.000000 0.000000 -0.000000
vn -1.000000 0.000000 -0.000000
vn -1.000000 0.000000 -0.000000
vn -1.000000 0.000000 -0.000000
vn -1.000000 0.000000 -0.000000
vn -1.000000 0.000000 -0.000000
vn -1.000000 0.000000 -0.000000
vn -1.000000 0.000000 -0.000000
f 1963//1963 1928//1928 1927//1927
f 1962//1962 1927//1927 1926//1926
f 1962//1962 1963//1963 1927//1927
f 1964//1964 1929//1929 1928//1928
f 1964//1964 1928//1928 1963//1963
f 1961//1961 1926//1926 1925//1925
f 1961//1961 1962//1962 1926//1926
f 1965//1965 1930//1930 1929//1929
f 1965//1965 1929//1929 1964//1964
f 1960//1960 1925//1925 1924//1924
f 1960//1960 1961//1961 1925//1925
f 1966//1966 1930//1930 1965//1965
f 1959//1959 1924//1924 1923//1923
f 1959//1959 1960//1960 1924//1924
f 1931//1931 1930//1930 1966//1966
f 1958//1958 1959//1959 1923//1923
f 1958//1958 1923//1923 1922//1922
f 1949//1949 1931//1931 1966//1966
f 1932//1932 1931//1931 1949//1949
f 1921//1921 1958//1958 1922//1922
f 1974//1974 1958//1958 1921//1921
f 1950//1950 1932//1932 1949//1949
f 1933//1933 1932//1932 1950//1950
f 1920//1920 1974//1974 1921//1921
f 1973//1973 1974//1974 1920//1920
f 1951//1951 1933//1933 1950//1950
f 1934//1934 1933//1933 1951//1951
f 1919//1919 1973//1973 1920//1920
f 1972//1972 1973//1973 1919//1919
f 1952//1952 1934//1934 1951//1951
f 1935//1935 1934//1934 1952//1952
f 1918//1918 1972//1972 1919//1919
f 1971//1971 1972//1972 1918//1918
f 1953//1953 1935//1935 1952//1952
f 1936//1936 1935//1935 1953//1953
f 1917//1917 1971//1971 1918//1918
f 1970//1970 1971//1971 1917//1917
f 1954//1954 1936//1936 1953//1953
f 1937//1937 1936//1936 1954//1954
f 1955//1955 1937//1937 1954//1954
f 1916//1916 1970//1970 1917//1917
f 1916//1916 1969//1969 1970//1970
f 1938//1938 1955//1955 1956//1956
f 1938//1938 1937//1937 1955//1955
f 1915//1915 1969//1969 1916//1916
f 1915//1915 1968//1968 1969//1969
f 1905//1905 1956//1956 1957//1957
f 1905//1905 1938//1938 1956//1956
f 1914//1914 1967//1967 1968//1968
f 1914//1914 1968//1968 1915//1915
f 1939//1939 1905//1905 1957//1957
f 1913//1913 1948//1948 1967//1967
f 1913//1913 1967//1967 1914//1914
f 1912//1912 1947//1947 1948//1948
f 1912//1912 1948//1948 1913//1913
f 1904//1904 1939//1939 1940//1940
f 1904//1904 1940//1940 1941//1941
f 1904//1904 1905//1905 1939//1939
f 1911//1911 1946//1946 1947//1947
f 1911//1911 1947//1947 1912//1912
f 1906//1906 1941//1941 1942//1942
f 1906//1906 1904//1904 1941//1941
f 1910//1910 1946//1946 1911//1911
f 1910//1910 1945//1945 1946//1946
f 1907//1907 1906//1906 1942//1942
f 1907//1907 1942//1942 1943//1943
f 1909//1909 1945//1945 1910//1910
f 1909//1909 1944//1944 1945//1945
f 1908//1908 1907//1907 1943//1943
f 1908//1908 1944//1944 1909//1909
f 1908//1908 1943//1943 1944//1944
v 1791.000000 -54.126587 2005.500000
v 1786.053711 -54.126587 2005.500000
v 1791.000000 -53.388584 2005.435425
v 1791.000000 -52.673000 2005.243652
v 1791.000000 -52.001587 2004.930664
v 1791.000000 -51.394741 2004.505737
v 1791.000000 -50.870899 2003.981812
v 1791.000000 -50.445980 2003.375000
v 1791.000000 -50.132893 2002.703613
v 1791.000000 -49.941154 2001.988037
v 1791.000000 -49.876587 2001.250000
v 1791.000000 -49.941154 2000.511963
v 1791.000000 -50.132893 1999.796387
v 1791.000000 -50.445980 1999.125000
v 1791.000000 -50.870899 1998.518188
v 1791.000000 -51.394741 1997.994263
v 1791.000000 -52.001587 1997.569336
v 1791.000000 -52.673000 1997.256348
v 1791.000000 -53.388584 1997.064575
v 1791.000000 -54.126587 1997.000000
v 1786.053711 -54.126587 1997.000000
v 1786.053711 -49.876587 2001.250000
v 1786.053711 -49.941154 2000.511963
v 1786.053711 -50.132893 1999.796387
v 1786.053711 -50.445980 1999.125000
v 1786.053711 -50.870899 1998.518188
v 1786.053711 -51.394741 1997.994263
v 1786.053711 -52.001587 1997.569336
v 1786.053711 -52.673000 1997.256348
v 1786.053711 -53.388584 1997.064575
v 1786.053711 -53.388584 2005.435425
v 1786.053711 -52.673000 2005.243652
v 1786.053711 -52.001587 2004.930664
v 1786.053711 -51.394741 2004.505737
v 1786.053711 -50.870899 2003.981812
v 1786.053711 -50.445980 2003.375000
v 1786.053711 -50.132893 2002.703613
v 1786.053711 -49.941154 2001.988037
vn -0.000000 0.000000 -1.000000
vn -0.000000 0.000000 -1.000000
vn -0.000000 -0.173648 -0.984808
vn -0.000000 -0.342020 -0.939693
vn -0.000000 -0.500000 -0.866025
vn -0.000000 -0.642788 -0.766044
vn -0.000000 -0.766044 -0.642788
vn -0.000000 -0.866025 -0.500000
vn -0.000000 -0.939693 -0.342020
vn -0.000000 -0.984808 -0.173648
vn -0.000000 -1.000000 -0.000000
vn -0.000000 -0.984808 0.173648
vn -0.000000 -0.939693 0.342020
vn -0.000000 -0.866025 0.500000
vn -0.000000 -0.766044 0.642788
vn -0.000000 -0.642788 0.766044
vn -0.000000 -0.500000 0.866025
vn -0.000000 -0.342020 0.939693
vn -0.000000 -0.173648 0.984808
vn -0.000000 -0.000000 1.000000
vn -0.000000 -0.000000 1.000000
vn -0.000000 -1.000000 -0.000000
vn -0.000000 -0.984808 0.173648
vn -0.000000 -0.939693 0.342020
vn -0.000000 -0.866025 0.500000
vn -0.000000 -0.766044 0.642788
vn -0.000000 -0.642788 0.766044
vn -0.000000 -0.500000 0.866025
vn -0.000000 -0.342020 0.939693
vn -0.000000 -0.173648 0.984808
vn -0.000000 -0.173648 -0.984808
vn -0.000000 -0.342020 -0.939693
vn -0.000000 -0.500000 -0.866025
vn -0.000000 -0.642788 -0.766044
vn -0.000000 -0.766044 -0.642788
vn -0.000000 -0.866025 -0.500000
vn -0.000000 -0.939693 -0.342020
vn -0.000000 -0.984808 -0.173648
f 2005//2005 1975//1975 1976//1976
f 2005//2005 1977//1977 1975//1975
f 2006//2006 1978//1978 1977//1977
f 2006//2006 1977//1977 2005//2005
f 2007//2007 1979//1979 1978//1978
f 2007//2007 1978//1978 2006//2006
f 2008//2008 1980//1980 1979//1979
f 2008//2008 1979//1979 2007//2007
f 2009//2009 1981//1981 1980//1980
f 2009//2009 1980//1980 2008//2008
f 2010//2010 1982//1982 1981//1981
f 2010//2010 1983//1983 1982//1982
f 2010//2010 1981//1981 2009//2009
f 2011//2011 1983//1983 2010//2010
f 2012//2012 1984//1984 1983//1983
f 2012//2012 1983//1983 2011//2011
f 1996//1996 1985//1985 1984//1984
f 1996//1996 1986//1986 1985//1985
f 1996//1996 1984//1984 2012//2012
f 1997//1997 1987//1987 1986//1986
f 1997//1997 1986//1986 1996//1996
f 1998//1998 1987//1987 1997//1997
f 1999//1999 1988//1988 1987//1987
f 1999//1999 1987//1987 1998//1998
f 2000//2000 1989//1989 1988//1988
f 2000//2000 1988//1988 1999//1999
f 2001//2001 1990//1990 1989//1989
f 2001//2001 1989//1989 2000//2000
f 2002//2002 1990//1990 2001//2001
f 2002//2002 1991//1991 1990//1990
f 2003//2003 1991//1991 2002//2002
f 2003//2003 1992//1992 1991//1991
f 2004//2004 1992//1992 2003//2003
f 2004//2004 1993//1993 1992//1992
f 1995//1995 1993//1993 2004//2004
f 1995//1995 1994//1994 1993//1993
v 1791.000000 -54.126587 1997.000000
v 1786.053711 -54.126587 1997.000000
v 1791.000000 -54.864594 1997.064575
v 1791.000000 -55.580173 1997.256348
v 1791.000000 -56.251587 1997.569336
v 1791.000000 -56.858437 1997.994263
v 1791.000000 -57.382278 1998.518188
v 1791.000000 -57.807198 1999.125000
v 1791.000000 -58.120281 1999.796387
v 1791.000000 -58.312019 2000.511963
v 1791.000000 -58.376587 2001.250000
v 1791.000000 -58.312019 2001.988037
v 1791.000000 -58.120281 2002.703613
v 1791.000000 -57.807198 2003.375000
v 1791.000000 -57.382278 2003.981812
v 1791.000000 -56.858437 2004.505737
v 1791.000000 -56.251587 2004.930664
v 1791.000000 -55.580173 2005.243652
v 1791.000000 -54.864594 2005.435425
v 1791.000000 -54.126587 2005.500000
v 1786.053711 -54.126587 2005.500000
v 1786.053711 -58.376587 2001.250000
v 1786.053711 -58.314125 2001.976440
v 1786.053711 -58.128365 2002.681519
v 1786.053711 -57.824722 2003.344360
v 1786.053711 -57.412231 2003.945557
v 1786.053711 -56.903130 2004.467529
v 1786.053711 -56.312393 2004.894775
v 1786.053711 -55.657326 2005.214844
v 1786.053711 -54.957111 2005.418213
v 1786.053711 -54.543858 2005.479492
v 1786.053711 -54.864594 1997.064575
v 1786.053711 -55.580173 1997.256348
v 1786.053711 -56.251587 1997.569336
v 1786.053711 -56.858437 1997.994263
v 1786.053711 -57.382278 1998.518188
v 1786.053711 -57.807198 1999.125000
v 1786.053711 -58.120281 1999.796387
v 1786.053711 -58.312019 2000.511963
vn 0.000000 -0.000000 1.000000
vn 0.000000 -0.000000 1.000000
vn 0.000000 0.173648 0.984808
vn 0.000000 0.342020 0.939693
vn 0.000000 0.500000 0.866025
vn 0.000000 0.642788 0.766044
vn 0.000000 0.766044 0.642788
vn 0.000000 0.866025 0.500000
vn 0.000000 0.939693 0.342020
vn 0.000000 0.984808 0.173648
vn 0.000000 1.000000 0.000000
vn -0.000000 0.984808 -0.173648
vn -0.000000 0.939693 -0.342020
vn -0.000000 0.866025 -0.500000
vn -0.000000 0.766044 -0.642788
vn -0.000000 0.642788 -0.766044
vn -0.000000 0.500000 -0.866025
vn -0.000000 0.342020 -0.939693
vn -0.000000 0.173648 -0.984808
vn -0.000000 0.000000 -1.000000
vn -0.000000 0.000000 -1.000000
vn 0.000000 1.000000 0.000000
vn -0.000000 0.985284 -0.170923
vn -0.000000 0.941571 -0.336816
vn -0.000000 0.870145 -0.492796
vn -0.000000 0.773110 -0.634272
vn -0.000000 0.653322 -0.757081
vn -0.000000 0.514305 -0.857607
vn -0.000000 0.360151 -0.932894
vn -0.000000 0.195398 -0.980724
vn -0.000000 0.098173 -0.995169
vn 0.000000 0.173648 0.984808
vn 0.000000 0.342020 0.939693
vn 0.000000 0.500000 0.866025
vn 0.000000 0.642788 0.766044
vn 0.000000 0.766044 0.642788
vn 0.000000 0.866025 0.500000
vn 0.000000 0.939693 0.342020
vn 0.000000 0.984808 0.173648
f 2044//2044 2013//2013 2014//2014
f 2044//2044 2015//2015 2013//2013
f 2045//2045 2016//2016 2015//2015
f 2045//2045 2015//2015 2044//2044
f 2046//2046 2017//2017 2016//2016
f 2046//2046 2016//2016 2045//2045
f 2047//2047 2018//2018 2017//2017
f 2047//2047 2017//2017 2046//2046
f 2048//2048 2019//2019 2018//2018
f 2048//2048 2018//2018 2047//2047
f 2049//2049 2020//2020 2019//2019
f 2049//2049 2019//2019 2048//2048
f 2050//2050 2021//2021 2020//2020
f 2050//2050 2022//2022 2021//2021
f 2050//2050 2020//2020 2049//2049
f 2051//2051 2022//2022 2050//2050
f 2034//2034 2023//2023 2022//2022
f 2034//2034 2022//2022 2051//2051
f 2035//2035 2024//2024 2023//2023
f 2035//2035 2023//2023 2034//2034
f 2036//2036 2025//2025 2024//2024
f 2036//2036 2024//2024 2035//2035
f 2037//2037 2026//2026 2025//2025
f 2037//2037 2025//2025 2036//2036
f 2038//2038 2027//2027 2026//2026
f 2038//2038 2026//2026 2037//2037
f 2039//2039 2028//2028 2027//2027
f 2039//2039 2027//2027 2038//2038
f 2040//2040 2028//2028 2039//2039
f 2040//2040 2029//2029 2028//2028
f 2041//2041 2029//2029 2040//2040
f 2041//2041 2030//2030 2029//2029
f 2042//2042 2030//2030 2041//2041
f 2042//2042 2031//2031 2030//2030
f 2043//2043 2031//2031 2042//2042
f 2043//2043 2032//2032 2031//2031
f 2033//2033 2032//2032 2043//2043
v 1791.000000 -62.500000 1974.250000
v 1786.053711 -62.500000 1974.250000
v 1791.000000 -61.761993 1974.185425
v 1791.000000 -61.046413 1973.993652
v 1791.000000 -60.375000 1973.680664
v 1791.000000 -59.768154 1973.255737
v 1791.000000 -59.244312 1972.731812
v 1791.000000 -58.819393 1972.125000
v 1791.000000 -58.506306 1971.453613
v 1791.000000 -58.314568 1970.738037
v 1791.000000 -58.250000 1970.000000
v 1791.000000 -58.314568 1969.261963
v 1791.000000 -58.506306 1968.546387
v 1791.000000 -58.819393 1967.875000
v 1791.000000 -59.244312 1967.268188
v 1791.000000 -59.768154 1966.744263
v 1791.000000 -60.375000 1966.319336
v 1791.000000 -61.046413 1966.006348
v 1791.000000 -61.761993 1965.814575
v 1791.000000 -62.500000 1965.750000
v 1786.053711 -62.500000 1965.750000
v 1786.053711 -58.250000 1970.000000
v 1786.053711 -58.314568 1969.261963
v 1786.053711 -58.506306 1968.546387
v 1786.053711 -58.819393 1967.875000
v 1786.053711 -59.244312 1967.268188
v 1786.053711 -59.768154 1966.744263
v 1786.053711 -60.375000 1966.319336
v 1786.053711 -61.046413 1966.006348
v 1786.053711 -61.761993 1965.814575
v 1786.053711 -61.761993 1974.185425
v 1786.053711 -61.046413 1973.993652
v 1786.053711 -60.375000 1973.680664
v 1786.053711 -59.768154 1973.255737
v 1786.053711 -59.244312 1972.731812
v 1786.053711 -58.819393 1972.125000
v 1786.053711 -58.506306 1971.453613
v 1786.053711 -58.314568 1970.738037
vn -0.000000 0.000000 -1.000000
vn -0.000000 0.000000 -1.000000
vn -0.000000 -0.173648 -0.984808
vn -0.000000 -0.342020 -0.939693
vn -0.000000 -0.500000 -0.866025
vn -0.000000 -0.642788 -0.766044
vn -0.000000 -0.766044 -0.642788
vn -0.000000 -0.866025 -0.500000
vn -0.000000 -0.939693 -0.342020
vn -0.000000 -0.984808 -0.173648
vn -0.000000 -1.000000 -0.000000
vn -0.000000 -0.984808 0.173648
vn -0.000000 -0.939693 0.342020
vn -0.000000 -0.866025 0.500000
vn -0.000000 -0.766044 0.642788
vn -0.000000 -0.642788 0.766044
vn -0.000000 -0.500000 0.866025
vn -0.000000 -0.342020 0.939693
vn -0.000000 -0.173648 0.984808
vn -0.000000 -0.000000 1.000000
vn -0.000000 -0.000000 1.000000
vn -0.000000 -1.000000 -0.000000
vn -0.000000 -0.984808 0.173648
vn -0.000000 -0.939693 0.342020
vn -0.000000 -0.866025 0.500000
vn -0.000000 -0.766044 0.642788
vn -0.000000 -0.642788 0.766044
vn -0.000000 -0.500000 0.866025
vn -0.000000 -0.342020 0.939693
vn -0.000000 -0.173648 0.984808
vn -0.000000 -0.173648 -0.984808
vn -0.000000 -0.342020 -0.939693
vn -0.000000 -0.500000 -0.866025
vn -0.000000 -0.642788 -0.766044
vn -0.000000 -0.766044 -0.642788
vn -0.000000 -0.866025 -0.500000
vn -0.000000 -0.939693 -0.342020
vn -0.000000 -0.984808 -0.173648
f 2082//2082 2052//2052 2053//2053
f 2082//2082 2054//2054 2052//2052
f 2083//2083 2055//2055 2054//2054
f 2083//2083 2054//2054 2082//2082
f 2084//2084 2056//2056 2055//2055
f 2084//2084 2055//2055 2083//2083
f 2085//2085 2057//2057 2056//2056
f 2085//2085 2056//2056 2084//2084
f 2086//2086 2058//2058 2057//2057
f 2086//2086 2057//2057 2085//2085
f 2087//2087 2059//2059 2058//2058
f 2087//2087 2060//2060 2059//2059
f 2087//2087 2058//2058 2086//2086
f 2088//2088 2060//2060 2087//2087
f 2089//2089 2061//2061 2060//2060
f 2089//2089 2060//2060 2088//2088
f 2073//2073 2062//2062 2061//2061
f 2073//2073 2063//2063 2062//2062
f 2073//2073 2061//2061 2089//2089
f 2074//2074 2064//2064 2063//2063
f 2074//2074 2063//2063 2073//2073
f 2075//2075 2064//2064 2074//2074
f 2076//2076 2065//2065 2064//2064
f 2076//2076 2064//2064 2075//2075
f 2077//2077 2066//2066 2065//2065
f 2077//2077 2065//2065 2076//2076
f 2078//2078 2067//2067 2066//2066
f 2078//2078 2066//2066 2077//2077
f 2079//2079 2067//2067 2078//2078
f 2079//2079 2068//2068 2067//2067
f 2080//2080 2068//2068 2079//2079
f 2080//2080 2069//2069 2068//2068
f 2081//2081 2069//2069 2080//2080
f 2081//2081 2070//2070 2069//2069
f 2072//2072 2070//2070 2081//2081
f 2072//2072 2071//2071 2070//2070
v 1791.000000 -62.500000 1965.750000
v 1786.053711 -62.500000 1965.750000
v 1791.000000 -63.238007 1965.814575
v 1791.000000 -63.953587 1966.006348
v 1791.000000 -64.625000 1966.319336
v 1791.000000 -65.231850 1966.744263
v 1791.000000 -65.755692 1967.268188
v 1791.000000 -66.180611 1967.875000
v 1791.000000 -66.493690 1968.546387
v 1791.000000 -66.685432 1969.261963
v 1791.000000 -66.750000 1970.000000
v 1791.000000 -66.685432 1970.738037
v 1791.000000 -66.493690 1971.453613
v 1791.000000 -66.180611 1972.125000
v 1791.000000 -65.755692 1972.731812
v 1791.000000 -65.231850 1973.255737
v 1791.000000 -64.625000 1973.680664
v 1791.000000 -63.953587 1973.993652
v 1791.000000 -63.238007 1974.185425
v 1791.000000 -62.500000 1974.250000
v 1786.053711 -62.500000 1974.250000
v 1786.053711 -66.750000 1970.000000
v 1786.053711 -66.687538 1970.726440
v 1786.053711 -66.501778 1971.431519
v 1786.053711 -66.198135 1972.094360
v 1786.053711 -65.785645 1972.695557
v 1786.053711 -65.276543 1973.217529
v 1786.053711 -64.685806 1973.644775
v 1786.053711 -64.030739 1973.964844
v 1786.053711 -63.330524 1974.168213
v 1786.053711 -62.917271 1974.229492
v 1786.053711 -63.238007 1965.814575
v 1786.053711 -63.953587 1966.006348
v 1786.053711 -64.625000 1966.319336
v 1786.053711 -65.231850 1966.744263
v 1786.053711 -65.755692 1967.268188
v 1786.053711 -66.180611 1967.875000
v 1786.053711 -66.493690 1968.546387
v 1786.053711 -66.685432 1969.261963
vn 0.000000 -0.000000 1.000000
vn 0.000000 -0.000000 1.000000
vn 0.000000 0.173648 0.984808
vn 0.000000 0.342020 0.939693
vn 0.000000 0.500000 0.866025
vn 0.000000 0.642788 0.766044
vn 0.000000 0.766044 0.642788
vn 0.000000 0.866025 0.500000
vn 0.000000 0.939693 0.342020
vn 0.000000 0.984808 0.173648
vn 0.000000 1.000000 0.000000
vn -0.000000 0.984808 -0.173648
vn -0.000000 0.939693 -0.342020
vn -0.000000 0.866025 -0.500000
vn -0.000000 0.766044 -0.642788
vn -0.000000 0.642788 -0.766044
vn -0.000000 0.500000 -0.866025
vn -0.000000 0.342020 -0.939693
vn -0.000000 0.173648 -0.984808
vn -0.000000 0.000000 -1.000000
vn -0.000000 0.000000 -1.000000
vn 0.000000 1.000000 0.000000
vn -0.000000 0.985284 -0.170923
vn -0.000000 0.941571 -0.336816
vn -0.000000 0.870145 -0.492796
vn -0.000000 0.773110 -0.634272
vn -0.000000 0.653322 -0.757081
vn -0.000000 0.514305 -0.857607
vn -0.000000 0.360151 -0.932894
vn -0.000000 0.195398 -0.980724
vn -0.000000 0.098173 -0.995169
vn 0.000000 0.173648 0.984808
vn 0.000000 0.342020 0.939693
vn 0.000000 0.500000 0.866025
vn 0.000000 0.642788 0.766044
vn 0.000000 0.766044 0.642788
vn 0.000000 0.866025 0.500000
vn 0.000000 0.939693 0.342020
vn 0.000000 0.984808 0.173648
f 2121//2121 2090//2090 2091//2091
f 2121//2121 2092//2092 2090//2090
f 2122//2122 2093//2093 2092//2092
f 2122//2122 2092//2092 2121//2121
f 2123//2123 2094//2094 2093//2093
f 2123//2123 2093//2093 2122//2122
f 2124//2124 2095//2095 2094//2094
f 2124//2124 2094//2094 2123//2123
f 2125//2125 2096//2096 2095//2095
f 2125//2125 2095//2095 2124//2124
f 2126//2126 2097//2097 2096//2096
f 2126//2126 2096//2096 2125//2125
f 2127//2127 2098//2098 2097//2097
f 2127//2127 2099//2099 2098//2098
f 2127//2127 2097//2097 2126//2126
f 2128//2128 2099//2099 2127//2127
f 2111//2111 2100//2100 2099//2099
f 2111//2111 2099//2099 2128//2128
f 2112//2112 2101//2101 2100//2100
f 2112//2112 2100//2100 2111//2111
f 2113//2113 2102//2102 2101//2101
f 2113//2113 2101//2101 2112//2112
f 2114//2114 2103//2103 2102//2102
f 2114//2114 2102//2102 2113//2113
f 2115//2115 2104//2104 2103//2103
f 2115//2115 2103//2103 2114//2114
f 2116//2116 2105//2105 2104//2104
f 2116//2116 2104//2104 2115//2115
f 2117//2117 2105//2105 2116//2116
f 2117//2117 2106//2106 2105//2105
f 2118//2118 2106//2106 2117//2117
f 2118//2118 2107//2107 2106//2106
f 2119//2119 2107//2107 2118//2118
f 2119//2119 2108//2108 2107//2107
f 2120//2120 2108//2108 2119//2119
f 2120//2120 2109//2109 2108//2108
f 2110//2110 2109//2109 2120//2120
v 1791.000000 -54.126587 1943.000000
v 1786.053711 -54.126587 1943.000000
v 1791.000000 -53.388584 1942.935425
v 1791.000000 -52.673000 1942.743652
v 1791.000000 -52.001587 1942.430664
v 1791.000000 -51.394741 1942.005737
v 1791.000000 -50.870899 1941.481812
v 1791.000000 -50.445980 1940.875000
v 1791.000000 -50.132893 1940.203613
v 1791.000000 -49.941154 1939.488037
v 1791.000000 -49.876587 1938.750000
v 1791.000000 -49.941154 1938.011963
v 1791.000000 -50.132893 1937.296387
v 1791.000000 -50.445980 1936.625000
v 1791.000000 -50.870899 1936.018188
v 1791.000000 -51.394741 1935.494263
v 1791.000000 -52.001587 1935.069336
v 1791.000000 -52.673000 1934.756348
v 1791.000000 -53.388584 1934.564575
v 1791.000000 -54.126587 1934.500000
v 1786.053711 -54.126587 1934.500000
v 1786.053711 -49.876587 1938.750000
v 1786.053711 -49.941154 1938.011963
v 1786.053711 -50.132893 1937.296387
v 1786.053711 -50.445980 1936.625000
v 1786.053711 -50.870899 1936.018188
v 1786.053711 -51.394741 1935.494263
v 1786.053711 -52.001587 1935.069336
v 1786.053711 -52.673000 1934.756348
v 1786.053711 -53.388584 1934.564575
v 1786.053711 -53.388584 1942.935425
v 1786.053711 -52.673000 1942.743652
v 1786.053711 -52.001587 1942.430664
v 1786.053711 -51.394741 1942.005737
v 1786.053711 -50.870899 1941.481812
v 1786.053711 -50.445980 1940.875000
v 1786.053711 -50.132893 1940.203613
v 1786.053711 -49.941154 1939.488037
vn -0.000000 0.000000 -1.000000
vn -0.000000 0.000000 -1.000000
vn -0.000000 -0.173648 -0.984808
vn -0.000000 -0.342020 -0.939693
vn -0.000000 -0.500000 -0.866025
vn -0.000000 -0.642788 -0.766044
vn -0.000000 -0.766044 -0.642788
vn -0.000000 -0.866025 -0.500000
vn -0.000000 -0.939693 -0.342020
vn -0.000000 -0.984808 -0.173648
vn -0.000000 -1.000000 -0.000000
vn -0.000000 -0.984808 0.173648
vn -0.000000 -0.939693 0.342020
vn -0.000000 -0.866025 0.500000
vn -0.000000 -0.766044 0.642788
vn -0.000000 -0.642788 0.766044
vn -0.000000 -0.500000 0.866025
vn -0.000000 -0.342020 0.939693
vn -0.000000 -0.173648 0.984808
vn -0.000000 -0.000000 1.000000
vn -0.000000 -0.000000 1.000000
vn -0.000000 -1.000000 -0.000000
vn -0.000000 -0.984808 0.173648
vn -0.000000 -0.939693 0.342020
vn -0.000000 -0.866025 0.500000
vn -0.000000 -0.766044 0.642788
vn -0.000000 -0.642788 0.766044
vn -0.000000 -0.500000 0.866025
vn -0.000000 -0.342020 0.939693
vn -0.000000 -0.173648 0.984808
vn -0.000000 -0.173648 -0.984808
vn -0.000000 -0.342020 -0.939693
vn -0.000000 -0.500000 -0.866025
vn -0.000000 -0.642788 -0.766044
vn -0.000000 -0.766044 -0.642788
vn -0.000000 -0.866025 -0.500000
vn -0.000000 -0.939693 -0.342020
vn -0.000000 -0.984808 -0.173648
f 2159//2159 2129//2129 2130//2130
f 2159//2159 2131//2131 2129//2129
f 2160//2160 2132//2132 2131//2131
f 2160//2160 2131//2131 2159//2159
f 2161//2161 2133//2133 2132//2132
f 2161//2161 2132//2132 2160//2160
f 2162//2162 2134//2134 2133//2133
f 2162//2162 2133//2133 2161//2161
f 2163//2163 2135//2135 2134//2134
f 2163//2163 2134//2134 2162//2162
f 2164//2164 2136//2136 2135//2135
f 2164//2164 2137//2137 2136//2136
f 2164//2164 2135//2135 2163//2163
f 2165//2165 2137//2137 2164//2164
f 2166//2166 2138//2138 2137//2137
f 2166//2166 2137//2137 2165//2165
f 2150//2150 2139//2139 2138//2138
f 2150//2150 2140//2140 2139//2139
f 2150//2150 2138//2138 2166//2166
f 2151//2151 2141//2141 2140//2140
f 2151//2151 2140//2140 2150//2150
f 2152//2152 2141//2141 2151//2151
f 2153//2153 2142//2142 2141//2141
f 2153//2153 2141//2141 2152//2152
f 2154//2154 2143//2143 2142//2142
f 2154//2154 2142//2142 2153//2153
f 2155//2155 2144//2144 2143//2143
f 2155//2155 2143//2143 2154//2154
f 2156//2156 2144//2144 2155//2155
f 2156//2156 2145//2145 2144//2144
f 2157//2157 2145//2145 2156//2156
f 2157//2157 2146//2146 2145//2145
f 2158//2158 2146//2146 2157//2157
f 2158//2158 2147//2147 2146//2146
f 2149//2149 2147//2147 2158//2158
f 2149//2149 2148//2148 2147//2147
v 1791.000000 -54.126587 1934.500000
v 1786.053711 -54.126587 1934.500000
v 1791.000000 -54.864594 1934.564575
v 1791.000000 -55.580173 1934.756348
v 1791.000000 -56.251587 1935.069336
v 1791.000000 -56.858437 1935.494263
v 1791.000000 -57.382278 1936.018188
v 1791.000000 -57.807198 1936.625000
v 1791.000000 -58.120281 1937.296387
v 1791.000000 -58.312019 1938.011963
v 1791.000000 -58.376587 1938.750000
v 1791.000000 -58.312019 1939.488037
v 1791.000000 -58.120281 1940.203613
v 1791.000000 -57.807198 1940.875000
v 1791.000000 -57.382278 1941.481812
v 1791.000000 -56.858437 1942.005737
v 1791.000000 -56.251587 1942.430664
v 1791.000000 -55.580173 1942.743652
v 1791.000000 -54.864594 1942.935425
v 1791.000000 -54.126587 1943.000000
v 1786.053711 -54.126587 1943.000000
v 1786.053711 -58.376587 1938.750000
v 1786.053711 -58.314125 1939.476440
v 1786.053711 -58.128365 1940.181519
v 1786.053711 -57.824722 1940.844360
v 1786.053711 -57.412231 1941.445557
v 1786.053711 -56.903130 1941.967529
v 1786.053711 -56.312393 1942.394775
v 1786.053711 -55.657326 1942.714844
v 1786.053711 -54.957111 1942.918213
v 1786.053711 -54.543858 1942.979492
v 1786.053711 -54.864594 1934.564575
v 1786.053711 -55.580173 1934.756348
v 1786.053711 -56.251587 1935.069336
v 1786.053711 -56.858437 1935.494263
v 1786.053711 -57.382278 1936.018188
v 1786.053711 -57.807198 1936.625000
v 1786.053711 -58.120281 1937.296387
v 1786.053711 -58.312019 1938.011963
vn 0.000000 -0.000000 1.000000
vn 0.000000 -0.000000 1.000000
vn 0.000000 0.173648 0.984808
vn 0.000000 0.342020 0.939693
vn 0.000000 0.500000 0.866025
vn 0.000000 0.642788 0.766044
vn 0.000000 0.766044 0.642788
vn 0.000000 0.866025 0.500000
vn 0.000000 0.939693 0.342020
vn 0.000000 0.984808 0.173648
vn 0.000000 1.000000 0.000000
vn -0.000000 0.984808 -0.173648
vn -0.000000 0.939693 -0.342020
vn -0.000000 0.866025 -0.500000
vn -0.000000 0.766044 -0.642788
vn -0.000000 0.642788 -0.766044
vn -0.000000 0.500000 -0.866025
vn -0.000000 0.342020 -0.939693
vn -0.000000 0.173648 -0.984808
vn -0.000000 0.000000 -1.000000
vn -0.000000 0.000000 -1.000000
vn 0.000000 1.000000 0.000000
vn -0.000000 0.985284 -0.170923
vn -0.000000 0.941571 -0.336816
vn -0.000000 0.870145 -0.492796
vn -0.000000 0.773110 -0.634272
vn -0.000000 0.653322 -0.757081
vn -0.000000 0.514305 -0.857607
vn -0.000000 0.360151 -0.932894
vn -0.000000 0.195398 -0.980724
vn -0.000000 0.098173 -0.995169
vn 0.000000 0.173648 0.984808
vn 0.000000 0.342020 0.939693
vn 0.000000 0.500000 0.866025
vn 0.000000 0.642788 0.766044
vn 0.000000 0.766044 0.642788
vn 0.000000 0.866025 0.500000
vn 0.000000 0.939693 0.342020
vn 0.000000 0.984808 0.173648
f 2198//2198 2167//2167 2168//2168
f 2198//2198 2169//2169 2167//2167
f 2199//2199 2170//2170 2169//2169
f 2199//2199 2169//2169 2198//2198
f 2200//2200 2171//2171 2170//2170
f 2200//2200 2170//2170 2199//2199
f 2201//2201 2172//2172 2171//2171
f 2201//2201 2171//2171 2200//2200
f 2202//2202 2173//2173 2172//2172
f 2202//2202 2172//2172 2201//2201
f 2203//2203 2174//2174 2173//2173
f 2203//2203 2173//2173 2202//2202
f 2204//2204 2175//2175 2174//2174
f 2204//2204 2176//2176 2175//2175
f 2204//2204 2174//2174 2203//2203
f 2205//2205 2176//2176 2204//2204
f 2188//2188 2177//2177 2176//2176
f 2188//2188 2176//2176 2205//2205
f 2189//2189 2178//2178 2177//2177
f 2189//2189 2177//2177 2188//2188
f 2190//2190 2179//2179 2178//2178
f 2190//2190 2178//2178 2189//2189
f 2191//2191 2180//2180 2179//2179
f 2191//2191 2179//2179 2190//2190
f 2192//2192 2181//2181 2180//2180
f 2192//2192 2180//2180 2191//2191
f 2193//2193 2182//2182 2181//2181
f 2193//2193 2181//2181 2192//2192
f 2194//2194 2182//2182 2193//2193
f 2194//2194 2183//2183 2182//2182
f 2195//2195 2183//2183 2194//2194
f 2195//2195 2184//2184 2183//2183
f 2196//2196 2184//2184 2195//2195
f 2196//2196 2185//2185 2184//2184
f 2197//2197 2185//2185 2196//2196
f 2197//2197 2186//2186 2185//2185
f 2187//2187 2186//2186 2197//2197
v 1791.000000 -31.250000 1920.123413
v 1786.053711 -31.250000 1920.123413
v 1791.000000 -30.511995 1920.058838
v 1791.000000 -29.796415 1919.867065
v 1791.000000 -29.125000 1919.554077
v 1791.000000 -28.518152 1919.129150
v 1791.000000 -27.994310 1918.605225
v 1791.000000 -27.569391 1917.998413
v 1791.000000 -27.256306 1917.327026
v 1791.000000 -27.064568 1916.611450
v 1791.000000 -27.000000 1915.873413
v 1791.000000 -27.064568 1915.135376
v 1791.000000 -27.256306 1914.419800
v 1791.000000 -27.569391 1913.748413
v 1791.000000 -27.994310 1913.141602
v 1791.000000 -28.518152 1912.617676
v 1791.000000 -29.125000 1912.192749
v 1791.000000 -29.796415 1911.879761
v 1791.000000 -30.511995 1911.687988
v 1791.000000 -31.250000 1911.623413
v 1786.053711 -31.250000 1911.623413
v 1786.053711 -27.000000 1915.873413
v 1786.053711 -27.064568 1915.135376
v 1786.053711 -27.256306 1914.419800
v 1786.053711 -27.569391 1913.748413
v 1786.053711 -27.994310 1913.141602
v 1786.053711 -28.518152 1912.617676
v 1786.053711 -29.125000 1912.192749
v 1786.053711 -29.796415 1911.879761
v 1786.053711 -30.511995 1911.687988
v 1786.053711 -30.511995 1920.058838
v 1786.053711 -29.796415 1919.867065
v 1786.053711 -29.125000 1919.554077
v 1786.053711 -28.518152 1919.129150
v 1786.053711 -27.994310 1918.605225
v 1786.053711 -27.569391 1917.998413
v 1786.053711 -27.256306 1917.327026
v 1786.053711 -27.064568 1916.611450
vn -0.000000 0.000000 -1.000000
vn -0.000000 0.000000 -1.000000
vn -0.000000 -0.173648 -0.984808
vn -0.000000 -0.342020 -0.939693
vn -0.000000 -0.500000 -0.866025
vn -0.000000 -0.642788 -0.766044
vn -0.000000 -0.766044 -0.642788
vn -0.000000 -0.866025 -0.500000
vn -0.000000 -0.939693 -0.342020
vn -0.000000 -0.984808 -0.173648
vn -0.000000 -1.000000 -0.000000
vn -0.000000 -0.984808 0.173648
vn -0.000000 -0.939693 0.342020
vn -0.000000 -0.866025 0.500000
vn -0.000000 -0.766044 0.642788
vn -0.000000 -0.642788 0.766044
vn -0.000000 -0.500000 0.866025
vn -0.000000 -0.342020 0.939693
vn -0.000000 -0.173648 0.984808
vn -0.000000 -0.000000 1.000000
vn -0.000000 -0.000000 1.000000
vn -0.000000 -1.000000 -0.000000
vn -0.000000 -0.984808 0.173648
vn -0.000000 -0.939693 0.342020
vn -0.000000 -0.866025 0.500000
vn -0.000000 -0.766044 0.642788
vn -0.000000 -0.642788 0.766044
vn -0.000000 -0.500000 0.866025
vn -0.000000 -0.342020 0.939693
vn -0.000000 -0.173648 0.984808
vn -0.000000 -0.173648 -0.984808
vn -0.000000 -0.342020 -0.939693
vn -0.000000 -0.500000 -0.866025
vn -0.000000 -0.642788 -0.766044
vn -0.000000 -0.766044 -0.642788
vn -0.000000 -0.866025 -0.500000
vn -0.000000 -0.939693 -0.342020
vn -0.000000 -0.984808 -0.173648
f 2236//2236 2206//2206 2207//2207
f 2236//2236 2208//2208 2206//2206
f 2237//2237 2209//2209 2208//2208
f 2237//2237 2208//2208 2236//2236
f 2238//2238 2210//2210 2209//2209
f 2238//2238 2209//2209 2237//2237
f 2239//2239 2211//2211 2210//2210
f 2239//2239 2210//2210 2238//2238
f 2240//2240 2212//2212 2211//2211
f 2240//2240 2211//2211 2239//2239
f 2241//2241 2213//2213 2212//2212
f 2241//2241 2214//2214 2213//2213
f 2241//2241 2212//2212 2240//2240
f 2242//2242 2214//2214 2241//2241
f 2243//2243 2215//2215 2214//2214
f 2243//2243 2214//2214 2242//2242
f 2227//2227 2216//2216 2215//2215
f 2227//2227 2217//2217 2216//2216
f 2227//2227 2215//2215 2243//2243
f 2228//2228 2218//2218 2217//2217
f 2228//2228 2217//2217 2227//2227
f 2229//2229 2218//2218 2228//2228
f 2230//2230 2219//2219 2218//2218
f 2230//2230 2218//2218 2229//2229
f 2231//2231 2220//2220 2219//2219
f 2231//2231 2219//2219 2230//2230
f 2232//2232 2221//2221 2220//2220
f 2232//2232 2220//2220 2231//2231
f 2233//2233 2221//2221 2232//2232
f 2233//2233 2222//2222 2221//2221
f 2234//2234 2222//2222 2233//2233
f 2234//2234 2223//2223 2222//2222
f 2235//2235 2223//2223 2234//2234
f 2235//2235 2224//2224 2223//2223
f 2226//2226 2224//2224 2235//2235
f 2226//2226 2225//2225 2224//2224
v 1791.000000 -31.250000 1911.623413
v 1786.053711 -31.250000 1911.623413
v 1791.000000 -31.988005 1911.687988
v 1791.000000 -32.703587 1911.879761
v 1791.000000 -33.375000 1912.192749
v 1791.000000 -33.981846 1912.617676
v 1791.000000 -34.505688 1913.141602
v 1791.000000 -34.930607 1913.748413
v 1791.000000 -35.243694 1914.419800
v 1791.000000 -35.435432 1915.135376
v 1791.000000 -35.500000 1915.873413
v 1791.000000 -35.435432 1916.611450
v 1791.000000 -35.243694 1917.327026
v 1791.000000 -34.930607 1917.998413
v 1791.000000 -34.505688 1918.605225
v 1791.000000 -33.981846 1919.129150
v 1791.000000 -33.375000 1919.554077
v 1791.000000 -32.703587 1919.867065
v 1791.000000 -31.988005 1920.058838
v 1791.000000 -31.250000 1920.123413
v 1786.053711 -31.250000 1920.123413
v 1786.053711 -35.500000 1915.873413
v 1786.053711 -35.435432 1916.611450
v 1786.053711 -35.243694 1917.327026
v 1786.053711 -34.930607 1917.998413
v 1786.053711 -34.505688 1918.605225
v 1786.053711 -33.981846 1919.129150
v 1786.053711 -33.375000 1919.554077
v 1786.053711 -32.703587 1919.867065
v 1786.053711 -31.988005 1920.058838
v 1786.053711 -31.988005 1911.687988
v 1786.053711 -32.703587 1911.879761
v 1786.053711 -33.375000 1912.192749
v 1786.053711 -33.981846 1912.617676
v 1786.053711 -34.505688 1913.141602
v 1786.053711 -34.930607 1913.748413
v 1786.053711 -35.243694 1914.419800
v 1786.053711 -35.435432 1915.135376
vn 0.000000 -0.000000 1.000000
vn 0.000000 -0.000000 1.000000
vn 0.000000 0.173648 0.984808
vn 0.000000 0.342020 0.939693
vn 0.000000 0.500000 0.866025
vn 0.000000 0.642788 0.766044
vn 0.000000 0.766044 0.642788
vn 0.000000 0.866025 0.500000
vn 0.000000 0.939693 0.342020
vn 0.000000 0.984808 0.173648
vn 0.000000 1.000000 0.000000
vn -0.000000 0.984808 -0.173648
vn -0.000000 0.939693 -0.342020
vn -0.000000 0.866025 -0.500000
vn -0.000000 0.766044 -0.642788
vn -0.000000 0.642788 -0.766044
vn -0.000000 0.500000 -0.866025
vn -0.000000 0.342020 -0.939693
vn -0.000000 0.173648 -0.984808
vn -0.000000 0.000000 -1.000000
vn -0.000000 0.000000 -1.000000
vn 0.000000 1.000000 0.000000
vn -0.000000 0.984808 -0.173648
vn -0.000000 0.939693 -0.342020
vn -0.000000 0.866025 -0.500000
vn -0.000000 0.766044 -0.642788
vn -0.000000 0.642788 -0.766044
vn -0.000000 0.500000 -0.866025
vn -0.000000 0.342020 -0.939693
vn -0.000000 0.173648 -0.984808
vn 0.000000 0.173648 0.984808
vn 0.000000 0.342020 0.939693
vn 0.000000 0.500000 0.866025
vn 0.000000 0.642788 0.766044
vn 0.000000 0.766044 0.642788
vn 0.000000 0.866025 0.500000
vn 0.000000 0.939693 0.342020
vn 0.000000 0.984808 0.173648
f 2274//2274 2244//2244 2245//2245
f 2274//2274 2246//2246 2244//2244
f 2275//2275 2247//2247 2246//2246
f 2275//2275 2246//2246 2274//2274
f 2276//2276 2248//2248 2247//2247
f 2276//2276 2247//2247 2275//2275
f 2277//2277 2249//2249 2248//2248
f 2277//2277 2248//2248 2276//2276
f 2278//2278 2250//2250 2249//2249
f 2278//2278 2249//2249 2277//2277
f 2279//2279 2251//2251 2250//2250
f 2279//2279 2250//2250 2278//2278
f 2280//2280 2252//2252 2251//2251
f 2280//2280 2253//2253 2252//2252
f 2280//2280 2251//2251 2279//2279
f 2281//2281 2253//2253 2280//2280
f 2265//2265 2254//2254 2253//2253
f 2265//2265 2255//2255 2254//2254
f 2265//2265 2253//2253 2281//2281
f 2266//2266 2255//2255 2265//2265
f 2267//2267 2256//2256 2255//2255
f 2267//2267 2257//2257 2256//2256
f 2267//2267 2255//2255 2266//2266
f 2268//2268 2257//2257 2267//2267
f 2269//2269 2258//2258 2257//2257
f 2269//2269 2257//2257 2268//2268
f 2270//2270 2259//2259 2258//2258
f 2270//2270 2258//2258 2269//2269
f 2271//2271 2259//2259 2270//2270
f 2271//2271 2260//2260 2259//2259
f 2272//2272 2260//2260 2271//2271
f 2272//2272 2261//2261 2260//2260
f 2273//2273 2261//2261 2272//2272
f 2273//2273 2262//2262 2261//2261
f 2264//2264 2262//2262 2273//2273
f 2264//2264 2263//2263 2262//2262
v 1791.000000 31.250000 1920.123413
v 1786.053711 31.250000 1920.123413
v 1791.000000 31.988005 1920.058838
v 1791.000000 32.703587 1919.867065
v 1791.000000 33.375000 1919.554077
v 1791.000000 33.981846 1919.129150
v 1791.000000 34.505688 1918.605225
v 1791.000000 34.930607 1917.998413
v 1791.000000 35.243694 1917.327026
v 1791.000000 35.435432 1916.611450
v 1791.000000 35.500000 1915.873413
v 1791.000000 35.435432 1915.135376
v 1791.000000 35.243694 1914.419800
v 1791.000000 34.930607 1913.748413
v 1791.000000 34.505688 1913.141602
v 1791.000000 33.981846 1912.617676
v 1791.000000 33.375000 1912.192749
v 1791.000000 32.703587 1911.879761
v 1791.000000 31.988005 1911.687988
v 1791.000000 31.250000 1911.623413
v 1786.053711 31.250000 1911.623413
v 1786.053711 35.500000 1915.873413
v 1786.053711 35.435432 1915.135376
v 1786.053711 35.243694 1914.419800
v 1786.053711 34.930607 1913.748413
v 1786.053711 34.505688 1913.141602
v 1786.053711 33.981846 1912.617676
v 1786.053711 33.375000 1912.192749
v 1786.053711 32.703587 1911.879761
v 1786.053711 31.988005 1911.687988
v 1786.053711 31.988005 1920.058838
v 1786.053711 32.703587 1919.867065
v 1786.053711 33.375000 1919.554077
v 1786.053711 33.981846 1919.129150
v 1786.053711 34.505688 1918.605225
v 1786.053711 34.930607 1917.998413
v 1786.053711 35.243694 1917.327026
v 1786.053711 35.435432 1916.611450
vn -0.000000 0.000000 -1.000000
vn -0.000000 0.000000 -1.000000
vn -0.000000 -0.173648 -0.984808
vn -0.000000 -0.342020 -0.939693
vn -0.000000 -0.500000 -0.866025
vn -0.000000 -0.642788 -0.766044
vn -0.000000 -0.766044 -0.642788
vn -0.000000 -0.866025 -0.500000
vn -0.000000 -0.939693 -0.342020
vn -0.000000 -0.984808 -0.173648
vn -0.000000 -1.000000 -0.000000
vn -0.000000 -0.984808 0.173648
vn -0.000000 -0.939693 0.342020
vn -0.000000 -0.866025 0.500000
vn -0.000000 -0.766044 0.642788
vn -0.000000 -0.642788 0.766044
vn -0.000000 -0.500000 0.866025
vn -0.000000 -0.342020 0.939693
vn -0.000000 -0.173648 0.984808
vn -0.000000 -0.000000 1.000000
vn -0.000000 -0.000000 1.000000
vn -0.000000 -1.000000 -0.000000
vn -0.000000 -0.984808 0.173648
vn -0.000000 -0.939693 0.342020
vn -0.000000 -0.866025 0.500000
vn -0.000000 -0.766044 0.642788
vn -0.000000 -0.642788 0.766044
vn -0.000000 -0.500000 0.866025
vn -0.000000 -0.342020 0.939693
vn -0.000000 -0.173648 0.984808
vn -0.000000 -0.173648 -0.984808
vn -0.000000 -0.342020 -0.939693
vn -0.000000 -0.500000 -0.866025
vn -0.000000 -0.642788 -0.766044
vn -0.000000 -0.766044 -0.642788
vn -0.000000 -0.866025 -0.500000
vn -0.000000 -0.939693 -0.342020
vn -0.000000 -0.984808 -0.173648
f 2312//2312 2282//2282 2283//2283
f 2312//2312 2284//2284 2282//2282
f 2313//2313 2285//2285 2284//2284
f 2313//2313 2284//2284 2312//2312
f 2314//2314 2286//2286 2285//2285
f 2314//2314 2285//2285 2313//2313
f 2315//2315 2287//2287 2286//2286
f 2315//2315 2286//2286 2314//2314
f 2316//2316 2288//2288 2287//2287
f 2316//2316 2287//2287 2315//2315
f 2317//2317 2289//2289 2288//2288
f 2317//2317 2290//2290 2289//2289
f 2317//2317 2288//2288 2316//2316
f 2318//2318 2290//2290 2317//2317
f 2319//2319 2291//2291 2290//2290
f 2319//2319 2290//2290 2318//2318
f 2303//2303 2292//2292 2291//2291
f 2303//2303 2293//2293 2292//2292
f 2303//2303 2291//2291 2319//2319
f 2304//2304 2294//2294 2293//2293
f 2304//2304 2293//2293 2303//2303
f 2305//2305 2294//2294 2304//2304
f 2306//2306 2295//2295 2294//2294
f 2306//2306 2294//2294 2305//2305
f 2307//2307 2296//2296 2295//2295
f 2307//2307 2295//2295 2306//2306
f 2308//2308 2297//2297 2296//2296
f 2308//2308 2296//2296 2307//2307
f 2309//2309 2297//2297 2308//2308
f 2309//2309 2298//2298 2297//2297
f 2310//2310 2298//2298 2309//2309
f 2310//2310 2299//2299 2298//2298
f 2311//2311 2299//2299 2310//2310
f 2311//2311 2300//2300 2299//2299
f 2302//2302 2300//2300 2311//2311
f 2302//2302 2301//2301 2300//2300
v 1791.000000 31.250000 1911.623413
v 1786.053711 31.250000 1911.623413
v 1791.000000 30.511995 1911.687988
v 1791.000000 29.796415 1911.879761
v 1791.000000 29.125000 1912.192749
v 1791.000000 28.518152 1912.617676
v 1791.000000 27.994310 1913.141602
v 1791.000000 27.569391 1913.748413
v 1791.000000 27.256306 1914.419800
v 1791.000000 27.064568 1915.135376
v 1791.000000 27.000000 1915.873413
v 1791.000000 27.064568 1916.611450
v 1791.000000 27.256306 1917.327026
v 1791.000000 27.569391 1917.998413
v 1791.000000 27.994310 1918.605225
v 1791.000000 28.518152 1919.129150
v 1791.000000 29.125000 1919.554077
v 1791.000000 29.796415 1919.867065
v 1791.000000 30.511995 1920.058838
v 1791.000000 31.250000 1920.123413
v 1786.053711 31.250000 1920.123413
v 1786.053711 27.000000 1915.873413
v 1786.053711 27.062462 1916.599854
v 1786.053711 27.248222 1917.304932
v 1786.053711 27.551867 1917.967773
v 1786.053711 27.964355 1918.568970
v 1786.053711 28.473459 1919.090942
v 1786.053711 29.064196 1919.518188
v 1786.053711 29.719263 1919.838257
v 1786.053711 30.419476 1920.041626
v 1786.053711 30.832729 1920.102905
v 1786.053711 30.511995 1911.687988
v 1786.053711 29.796415 1911.879761
v 1786.053711 29.125000 1912.192749
v 1786.053711 28.518152 1912.617676
v 1786.053711 27.994310 1913.141602
v 1786.053711 27.569391 1913.748413
v 1786.053711 27.256306 1914.419800
v 1786.053711 27.064568 1915.135376
vn 0.000000 -0.000000 1.000000
vn 0.000000 -0.000000 1.000000
vn 0.000000 0.173648 0.984808
vn 0.000000 0.342020 0.939693
vn 0.000000 0.500000 0.866025
vn 0.000000 0.642788 0.766044
vn 0.000000 0.766044 0.642788
vn 0.000000 0.866025 0.500000
vn 0.000000 0.939693 0.342020
vn 0.000000 0.984808 0.173648
vn 0.000000 1.000000 0.000000
vn -0.000000 0.984808 -0.173648
vn -0.000000 0.939693 -0.342020
vn -0.000000 0.866025 -0.500000
vn -0.000000 0.766044 -0.642788
vn -0.000000 0.642788 -0.766044
vn -0.000000 0.500000 -0.866025
vn -0.000000 0.342020 -0.939693
vn -0.000000 0.173648 -0.984808
vn -0.000000 0.000000 -1.000000
vn -0.000000 0.000000 -1.000000
vn 0.000000 1.000000 0.000000
vn -0.000000 0.985284 -0.170923
vn -0.000000 0.941571 -0.336816
vn -0.000000 0.870145 -0.492796
vn -0.000000 0.773110 -0.634272
vn -0.000000 0.653322 -0.757081
vn -0.000000 0.514305 -0.857607
vn -0.000000 0.360151 -0.932894
vn -0.000000 0.195398 -0.980724
vn -0.000000 0.098173 -0.995169
vn 0.000000 0.173648 0.984808
vn 0.000000 0.342020 0.939693
vn 0.000000 0.500000 0.866025
vn 0.000000 0.642788 0.766044
vn 0.000000 0.766044 0.642788
vn 0.000000 0.866025 0.500000
vn 0.000000 0.939693 0.342020
vn 0.000000 0.984808 0.173648
f 2351//2351 2320//2320 2321//2321
f 2351//2351 2322//2322 2320//2320
f 2352//2352 2323//2323 2322//2322
f 2352//2352 2322//2322 2351//2351
f 2353//2353 2324//2324 2323//2323
f 2353//2353 2323//2323 2352//2352
f 2354//2354 2325//2325 2324//2324
f 2354//2354 2324//2324 2353//2353
f 2355//2355 2326//2326 2325//2325
f 2355//2355 2325//2325 2354//2354
f 2356//2356 2327//2327 2326//2326
f 2356//2356 2326//2326 2355//2355
f 2357//2357 2328//2328 2327//2327
f 2357//2357 2329//2329 2328//2328
f 2357//2357 2327//2327 2356//2356
f 2358//2358 2329//2329 2357//2357
f 2341//2341 2330//2330 2329//2329
f 2341//2341 2329//2329 2358//2358
f 2342//2342 2331//2331 2330//2330
f 2342//2342 2330//2330 2341//2341
f 2343//2343 2332//2332 2331//2331
f 2343//2343 2331//2331 2342//2342
f 2344//2344 2333//2333 2332//2332
f 2344//2344 2332//2332 2343//2343
f 2345//2345 2334//2334 2333//2333
f 2345//2345 2333//2333 2344//2344
f 2346//2346 2335//2335 2334//2334
f 2346//2346 2334//2334 2345//2345
f 2347//2347 2335//2335 2346//2346
f 2347//2347 2336//2336 2335//2335
f 2348//2348 2336//2336 2347//2347
f 2348//2348 2337//2337 2336//2336
f 2349//2349 2337//2337 2348//2348
f 2349//2349 2338//2338 2337//2337
f 2350//2350 2338//2338 2349//2349
f 2350//2350 2339//2339 2338//2338
f 2340//2340 2339//2339 2350//2350
v 1791.000000 54.126587 1943.000000
v 1786.053711 54.126587 1943.000000
v 1791.000000 54.864594 1942.935425
v 1791.000000 55.580173 1942.743652
v 1791.000000 56.251587 1942.430664
v 1791.000000 56.858437 1942.005737
v 1791.000000 57.382278 1941.481812
v 1791.000000 57.807198 1940.875000
v 1791.000000 58.120281 1940.203613
v 1791.000000 58.312019 1939.488037
v 1791.000000 58.376587 1938.750000
v 1791.000000 58.312019 1938.011963
v 1791.000000 58.120281 1937.296387
v 1791.000000 57.807198 1936.625000
v 1791.000000 57.382278 1936.018188
v 1791.000000 56.858437 1935.494263
v 1791.000000 56.251587 1935.069336
v 1791.000000 55.580173 1934.756348
v 1791.000000 54.864594 1934.564575
v 1791.000000 54.126587 1934.500000
v 1786.053711 54.126587 1934.500000
v 1786.053711 58.376587 1938.750000
v 1786.053711 58.312019 1938.011963
v 1786.053711 58.120281 1937.296387
v 1786.053711 57.807198 1936.625000
v 1786.053711 57.382278 1936.018188
v 1786.053711 56.858437 1935.494263
v 1786.053711 56.251587 1935.069336
v 1786.053711 55.580173 1934.756348
v 1786.053711 54.864594 1934.564575
v 1786.053711 54.864594 1942.935425
v 1786.053711 55.580173 1942.743652
v 1786.053711 56.251587 1942.430664
v 1786.053711 56.858437 1942.005737
v 1786.053711 57.382278 1941.481812
v 1786.053711 57.807198 1940.875000
v 1786.053711 58.120281 1940.203613
v 1786.053711 58.312019 1939.488037
vn -0.000000 0.000000 -1.000000
vn -0.000000 0.000000 -1.000000
vn -0.000000 -0.173648 -0.984808
vn -0.000000 -0.342020 -0.939693
vn -0.000000 -0.500000 -0.866025
vn -0.000000 -0.642788 -0.766044
vn -0.000000 -0.766044 -0.642788
vn -0.000000 -0.866025 -0.500000
vn -0.000000 -0.939693 -0.342020
vn -0.000000 -0.984808 -0.173648
vn -0.000000 -1.000000 -0.000000
vn -0.000000 -0.984808 0.173648
vn -0.000000 -0.939693 0.342020
vn -0.000000 -0.866025 0.500000
vn -0.000000 -0.766044 0.642788
vn -0.000000 -0.642788 0.766044
vn -0.000000 -0.500000 0.866025
vn -0.000000 -0.342020 0.939693
vn -0.000000 -0.173648 0.984808
vn -0.000000 -0.000000 1.000000
vn -0.000000 -0.000000 1.000000
vn -0.000000 -1.000000 -0.000000
vn -0.000000 -0.984808 0.173648
vn -0.000000 -0.939693 0.342020
vn -0.000000 -0.866025 0.500000
vn -0.000000 -0.766044 0.642788
vn -0.000000 -0.642788 0.766044
vn -0.000000 -0.500000 0.866025
vn -0.000000 -0.342020 0.939693
vn -0.000000 -0.173648 0.984808
vn -0.000000 -0.173648 -0.984808
vn -0.000000 -0.342020 -0.939693
vn -0.000000 -0.500000 -0.866025
vn -0.000000 -0.642788 -0.766044
vn -0.000000 -0.766044 -0.642788
vn -0.000000 -0.866025 -0.500000
vn -0.000000 -0.939693 -0.342020
vn -0.000000 -0.984808 -0.173648
f 2389//2389 2359//2359 2360//2360
f 2389//2389 2361//2361 2359//2359
f 2390//2390 2362//2362 2361//2361
f 2390//2390 2361//2361 2389//2389
f 2391//2391 2363//2363 2362//2362
f 2391//2391 2362//2362 2390//2390
f 2392//2392 2364//2364 2363//2363
f 2392//2392 2363//2363 2391//2391
f 2393//2393 2365//2365 2364//2364
f 2393//2393 2364//2364 2392//2392
f 2394//2394 2366//2366 2365//2365
f 2394//2394 2367//2367 2366//2366
f 2394//2394 2365//2365 2393//2393
f 2395//2395 2367//2367 2394//2394
f 2396//2396 2368//2368 2367//2367
f 2396//2396 2367//2367 2395//2395
f 2380//2380 2369//2369 2368//2368
f 2380//2380 2370//2370 2369//2369
f 2380//2380 2368//2368 2396//2396
f 2381//2381 2371//2371 2370//2370
f 2381//2381 2370//2370 2380//2380
f 2382//2382 2371//2371 2381//2381
f 2383//2383 2372//2372 2371//2371
f 2383//2383 2371//2371 2382//2382
f 2384//2384 2373//2373 2372//2372
f 2384//2384 2372//2372 2383//2383
f 2385//2385 2374//2374 2373//2373
f 2385//2385 2373//2373 2384//2384
f 2386//2386 2374//2374 2385//2385
f 2386//2386 2375//2375 2374//2374
f 2387//2387 2375//2375 2386//2386
f 2387//2387 2376//2376 2375//2375
f 2388//2388 2376//2376 2387//2387
f 2388//2388 2377//2377 2376//2376
f 2379//2379 2377//2377 2388//2388
f 2379//2379 2378//2378 2377//2377
v 1791.000000 54.126587 1934.500000
v 1786.053711 54.126587 1934.500000
v 1791.000000 53.388584 1934.564575
v 1791.000000 52.673000 1934.756348
v 1791.000000 52.001587 1935.069336
v 1791.000000 51.394741 1935.494263
v 1791.000000 50.870899 1936.018188
v 1791.000000 50.445980 1936.625000
v 1791.000000 50.132893 1937.296387
v 1791.000000 49.941154 1938.011963
v 1791.000000 49.876587 1938.750000
v 1791.000000 49.941154 1939.488037
v 1791.000000 50.132893 1940.203613
v 1791.000000 50.445980 1940.875000
v 1791.000000 50.870899 1941.481812
v 1791.000000 51.394741 1942.005737
v 1791.000000 52.001587 1942.430664
v 1791.000000 52.673000 1942.743652
v 1791.000000 53.388584 1942.935425
v 1791.000000 54.126587 1943.000000
v 1786.053711 54.126587 1943.000000
v 1786.053711 49.876587 1938.750000
v 1786.053711 49.939049 1939.476440
v 1786.053711 50.124809 1940.181519
v 1786.053711 50.428455 1940.844360
v 1786.053711 50.840942 1941.445557
v 1786.053711 51.350048 1941.967529
v 1786.053711 51.940784 1942.394775
v 1786.053711 52.595852 1942.714844
v 1786.053711 53.296062 1942.918213
v 1786.053711 53.709316 1942.979492
v 1786.053711 53.388584 1934.564575
v 1786.053711 52.673000 1934.756348
v 1786.053711 52.001587 1935.069336
v 1786.053711 51.394741 1935.494263
v 1786.053711 50.870899 1936.018188
v 1786.053711 50.445980 1936.625000
v 1786.053711 50.132893 1937.296387
v 1786.053711 49.941154 1938.011963
vn 0.000000 -0.000000 1.000000
vn 0.000000 -0.000000 1.000000
vn 0.000000 0.173648 0.984808
vn 0.000000 0.342020 0.939693
vn 0.000000 0.500000 0.866025
vn 0.000000 0.642788 0.766044
vn 0.000000 0.766044 0.642788
vn 0.000000 0.866025 0.500000
vn 0.000000 0.939693 0.342020
vn 0.000000 0.984808 0.173648
vn 0.000000 1.000000 0.000000
vn -0.000000 0.984808 -0.173648
vn -0.000000 0.939693 -0.342020
vn -0.000000 0.866025 -0.500000
vn -0.000000 0.766044 -0.642788
vn -0.000000 0.642788 -0.766044
vn -0.000000 0.500000 -0.866025
vn -0.000000 0.342020 -0.939693
vn -0.000000 0.173648 -0.984808
vn -0.000000 0.000000 -1.000000
vn -0.000000 0.000000 -1.000000
vn 0.000000 1.000000 0.000000
vn -0.000000 0.985284 -0.170923
vn -0.000000 0.941571 -0.336816
vn -0.000000 0.870145 -0.492796
vn -0.000000 0.773110 -0.634272
vn -0.000000 0.653322 -0.757081
vn -0.000000 0.514305 -0.857607
vn -0.000000 0.360151 -0.932894
vn -0.000000 0.195398 -0.980724
vn -0.000000 0.098173 -0.995169
vn 0.000000 0.173648 0.984808
vn 0.000000 0.342020 0.939693
vn 0.000000 0.500000 0.866025
vn 0.000000 0.642788 0.766044
vn 0.000000 0.766044 0.642788
vn 0.000000 0.866025 0.500000
vn 0.000000 0.939693 0.342020
vn 0.000000 0.984808 0.173648
f 2428//2428 2397//2397 2398//2398
f 2428//2428 2399//2399 2397//2397
f 2429//2429 2400//2400 2399//2399
f 2429//2429 2399//2399 2428//2428
f 2430//2430 2401//2401 2400//2400
f 2430//2430 2400//2400 2429//2429
f 2431//2431 2402//2402 2401//2401
f 2431//2431 2401//2401 2430//2430
f 2432//2432 2403//2403 2402//2402
f 2432//2432 2402//2402 2431//2431
f 2433//2433 2404//2404 2403//2403
f 2433//2433 2403//2403 2432//2432
f 2434//2434 2405//2405 2404//2404
f 2434//2434 2406//2406 2405//2405
f 2434//2434 2404//2404 2433//2433
f 2435//2435 2406//2406 2434//2434
f 2418//2418 2407//2407 2406//2406
f 2418//2418 2406//2406 2435//2435
f 2419//2419 2408//2408 2407//2407
f 2419//2419 2407//2407 2418//2418
f 2420//2420 2409//2409 2408//2408
f 2420//2420 2408//2408 2419//2419
f 2421//2421 2410//2410 2409//2409
f 2421//2421 2409//2409 2420//2420
f 2422//2422 2411//2411 2410//2410
f 2422//2422 2410//2410 2421//2421
f 2423//2423 2412//2412 2411//2411
f 2423//2423 2411//2411 2422//2422
f 2424//2424 2412//2412 2423//2423
f 2424//2424 2413//2413 2412//2412
f 2425//2425 2413//2413 2424//2424
f 2425//2425 2414//2414 2413//2413
f 2426//2426 2414//2414 2425//2425
f 2426//2426 2415//2415 2414//2414
f 2427//2427 2415//2415 2426//2426
f 2427//2427 2416//2416 2415//2415
f 2417//2417 2416//2416 2427//2427
v 1791.000000 62.500000 1974.250000
v 1786.053711 62.500000 1974.250000
v 1791.000000 63.238007 1974.185425
v 1791.000000 63.953587 1973.993652
v 1791.000000 64.625000 1973.680664
v 1791.000000 65.231850 1973.255737
v 1791.000000 65.755692 1972.731812
v 1791.000000 66.180611 1972.125000
v 1791.000000 66.493690 1971.453613
v 1791.000000 66.685432 1970.738037
v 1791.000000 66.750000 1970.000000
v 1791.000000 66.685432 1969.261963
v 1791.000000 66.493690 1968.546387
v 1791.000000 66.180611 1967.875000
v 1791.000000 65.755692 1967.268188
v 1791.000000 65.231850 1966.744263
v 1791.000000 64.625000 1966.319336
v 1791.000000 63.953587 1966.006348
v 1791.000000 63.238007 1965.814575
v 1791.000000 62.500000 1965.750000
v 1786.053711 62.500000 1965.750000
v 1786.053711 66.750000 1970.000000
v 1786.053711 66.687538 1969.273560
v 1786.053711 66.501778 1968.568481
v 1786.053711 66.198135 1967.905640
v 1786.053711 65.785645 1967.304443
v 1786.053711 65.276543 1966.782471
v 1786.053711 64.685806 1966.355225
v 1786.053711 64.030739 1966.035156
v 1786.053711 63.330524 1965.831787
v 1786.053711 62.917271 1965.770508
v 1786.053711 63.238007 1974.185425
v 1786.053711 63.953587 1973.993652
v 1786.053711 64.625000 1973.680664
v 1786.053711 65.231850 1973.255737
v 1786.053711 65.755692 1972.731812
v 1786.053711 66.180611 1972.125000
v 1786.053711 66.493690 1971.453613
v 1786.053711 66.685432 1970.738037
vn -0.000000 0.000000 -1.000000
vn -0.000000 0.000000 -1.000000
vn -0.000000 -0.173648 -0.984808
vn -0.000000 -0.342020 -0.939693
vn -0.000000 -0.500000 -0.866025
vn -0.000000 -0.642788 -0.766044
vn -0.000000 -0.766044 -0.642788
vn -0.000000 -0.866025 -0.500000
vn -0.000000 -0.939693 -0.342020
vn -0.000000 -0.984808 -0.173648
vn -0.000000 -1.000000 -0.000000
vn -0.000000 -0.984808 0.173648
vn -0.000000 -0.939693 0.342020
vn -0.000000 -0.866025 0.500000
vn -0.000000 -0.766044 0.642788
vn -0.000000 -0.642788 0.766044
vn -0.000000 -0.500000 0.866025
vn -0.000000 -0.342020 0.939693
vn -0.000000 -0.173648 0.984808
vn -0.000000 -0.000000 1.000000
vn -0.000000 -0.000000 1.000000
vn -0.000000 -1.000000 -0.000000
vn -0.000000 -0.985284 0.170923
vn -0.000000 -0.941571 0.336816
vn -0.000000 -0.870145 0.492796
vn -0.000000 -0.773110 0.634272
vn -0.000000 -0.653322 0.757081
vn -0.000000 -0.514305 0.857607
vn -0.000000 -0.360151 0.932894
vn -0.000000 -0.195398 0.980724
vn -0.000000 -0.098173 0.995169
vn -0.000000 -0.173648 -0.984808
vn -0.000000 -0.342020 -0.939693
vn -0.000000 -0.500000 -0.866025
vn -0.000000 -0.642788 -0.766044
vn -0.000000 -0.766044 -0.642788
vn -0.000000 -0.866025 -0.500000
vn -0.000000 -0.939693 -0.342020
vn -0.000000 -0.984808 -0.173648
f 2467//2467 2436//2436 2437//2437
f 2467//2467 2438//2438 2436//2436
f 2468//2468 2439//2439 2438//2438
f 2468//2468 2438//2438 2467//2467
f 2469//2469 2440//2440 2439//2439
f 2469//2469 2439//2439 2468//2468
f 2470//2470 2441//2441 2440//2440
f 2470//2470 2440//2440 2469//2469
f 2471//2471 2442//2442 2441//2441
f 2471//2471 2441//2441 2470//2470
f 2472//2472 2443//2443 2442//2442
f 2472//2472 2444//2444 2443//2443
f 2472//2472 2442//2442 2471//2471
f 2473//2473 2444//2444 2472//2472
f 2474//2474 2445//2445 2444//2444
f 2474//2474 2444//2444 2473//2473
f 2457//2457 2446//2446 2445//2445
f 2457//2457 2445//2445 2474//2474
f 2458//2458 2447//2447 2446//2446
f 2458//2458 2446//2446 2457//2457
f 2459//2459 2448//2448 2447//2447
f 2459//2459 2447//2447 2458//2458
f 2460//2460 2449//2449 2448//2448
f 2460//2460 2448//2448 2459//2459
f 2461//2461 2450//2450 2449//2449
f 2461//2461 2449//2449 2460//2460
f 2462//2462 2451//2451 2450//2450
f 2462//2462 2450//2450 2461//2461
f 2463//2463 2451//2451 2462//2462
f 2463//2463 2452//2452 2451//2451
f 2464//2464 2452//2452 2463//2463
f 2464//2464 2453//2453 2452//2452
f 2465//2465 2453//2453 2464//2464
f 2465//2465 2454//2454 2453//2453
f 2466//2466 2454//2454 2465//2465
f 2466//2466 2455//2455 2454//2454
f 2456//2456 2455//2455 2466//2466
v 1791.000000 62.500000 1965.750000
v 1786.053711 62.500000 1965.750000
v 1791.000000 61.761993 1965.814575
v 1791.000000 61.046413 1966.006348
v 1791.000000 60.375000 1966.319336
v 1791.000000 59.768154 1966.744263
v 1791.000000 59.244312 1967.268188
v 1791.000000 58.819393 1967.875000
v 1791.000000 58.506306 1968.546387
v 1791.000000 58.314568 1969.261963
v 1791.000000 58.250000 1970.000000
v 1791.000000 58.314568 1970.738037
v 1791.000000 58.506306 1971.453613
v 1791.000000 58.819393 1972.125000
v 1791.000000 59.244312 1972.731812
v 1791.000000 59.768154 1973.255737
v 1791.000000 60.375000 1973.680664
v 1791.000000 61.046413 1973.993652
v 1791.000000 61.761993 1974.185425
v 1791.000000 62.500000 1974.250000
v 1786.053711 62.500000 1974.250000
v 1786.053711 58.250000 1970.000000
v 1786.053711 58.314568 1970.738037
v 1786.053711 58.506306 1971.453613
v 1786.053711 58.819393 1972.125000
v 1786.053711 59.244312 1972.731812
v 1786.053711 59.768154 1973.255737
v 1786.053711 60.375000 1973.680664
v 1786.053711 61.046413 1973.993652
v 1786.053711 61.761993 1974.185425
v 1786.053711 61.761993 1965.814575
v 1786.053711 61.046413 1966.006348
v 1786.053711 60.375000 1966.319336
v 1786.053711 59.768154 1966.744263
v 1786.053711 59.244312 1967.268188
v 1786.053711 58.819393 1967.875000
v 1786.053711 58.506306 1968.546387
v 1786.053711 58.314568 1969.261963
vn 0.000000 -0.000000 1.000000
vn 0.000000 -0.000000 1.000000
vn 0.000000 0.173648 0.984808
vn 0.000000 0.342020 0.939693
vn 0.000000 0.500000 0.866025
vn 0.000000 0.642788 0.766044
vn 0.000000 0.766044 0.642788
vn 0.000000 0.866025 0.500000
vn 0.000000 0.939693 0.342020
vn 0.000000 0.984808 0.173648
vn 0.000000 1.000000 0.000000
vn -0.000000 0.984808 -0.173648
vn -0.000000 0.939693 -0.342020
vn -0.000000 0.866025 -0.500000
vn -0.000000 0.766044 -0.642788
vn -0.000000 0.642788 -0.766044
vn -0.000000 0.500000 -0.866025
vn -0.000000 0.342020 -0.939693
vn -0.000000 0.173648 -0.984808
vn -0.000000 0.000000 -1.000000
vn -0.000000 0.000000 -1.000000
vn 0.000000 1.000000 0.000000
vn -0.000000 0.984808 -0.173648
vn -0.000000 0.939693 -0.342020
vn -0.000000 0.866025 -0.500000
vn -0.000000 0.766044 -0.642788
vn -0.000000 0.642788 -0.766044
vn -0.000000 0.500000 -0.866025
vn -0.000000 0.342020 -0.939693
vn -0.000000 0.173648 -0.984808
vn 0.000000 0.173648 0.984808
vn 0.000000 0.342020 0.939693
vn 0.000000 0.500000 0.866025
vn 0.000000 0.642788 0.766044
vn 0.000000 0.766044 0.642788
vn 0.000000 0.866025 0.500000
vn 0.000000 0.939693 0.342020
vn 0.000000 0.984808 0.173648
f 2505//2505 2475//2475 2476//2476
f 2505//2505 2477//2477 2475//2475
f 2506//2506 2478//2478 2477//2477
f 2506//2506 2477//2477 2505//2505
f 2507//2507 2479//2479 2478//2478
f 2507//2507 2478//2478 2506//2506
f 2508//2508 2480//2480 2479//2479
f 2508//2508 2479//2479 2507//2507
f 2509//2509 2481//2481 2480//2480
f 2509//2509 2480//2480 2508//2508
f 2510//2510 2482//2482 2481//2481
f 2510//2510 2481//2481 2509//2509
f 2511//2511 2483//2483 2482//2482
f 2511//2511 2484//2484 2483//2483
f 2511//2511 2482//2482 2510//2510
f 2512//2512 2484//2484 2511//2511
f 2496//2496 2485//2485 2484//2484
f 2496//2496 2486//2486 2485//2485
f 2496//2496 2484//2484 2512//2512
f 2497//2497 2486//2486 2496//2496
f 2498//2498 2487//2487 2486//2486
f 2498//2498 2488//2488 2487//2487
f 2498//2498 2486//2486 2497//2497
f 2499//2499 2488//2488 2498//2498
f 2500//2500 2489//2489 2488//2488
f 2500//2500 2488//2488 2499//2499
f 2501//2501 2490//2490 2489//2489
f 2501//2501 2489//2489 2500//2500
f 2502//2502 2490//2490 2501//2501
f 2502//2502 2491//2491 2490//2490
f 2503//2503 2491//2491 2502//2502
f 2503//2503 2492//2492 2491//2491
f 2504//2504 2492//2492 2503//2503
f 2504//2504 2493//2493 2492//2492
f 2495//2495 2493//2493 2504//2504
f 2495//2495 2494//2494 2493//2493
v 1791.000000 54.126587 2005.500000
v 1786.053711 54.126587 2005.500000
v 1791.000000 54.864594 2005.435425
v 1791.000000 55.580173 2005.243652
v 1791.000000 56.251587 2004.930664
v 1791.000000 56.858437 2004.505737
v 1791.000000 57.382278 2003.981812
v 1791.000000 57.807198 2003.375000
v 1791.000000 58.120281 2002.703613
v 1791.000000 58.312019 2001.988037
v 1791.000000 58.376587 2001.250000
v 1791.000000 58.312019 2000.511963
v 1791.000000 58.120281 1999.796387
v 1791.000000 57.807198 1999.125000
v 1791.000000 57.382278 1998.518188
v 1791.000000 56.858437 1997.994263
v 1791.000000 56.251587 1997.569336
v 1791.000000 55.580173 1997.256348
v 1791.000000 54.864594 1997.064575
v 1791.000000 54.126587 1997.000000
v 1786.053711 54.126587 1997.000000
v 1786.053711 58.376587 2001.250000
v 1786.053711 58.312019 2000.511963
v 1786.053711 58.120281 1999.796387
v 1786.053711 57.807198 1999.125000
v 1786.053711 57.382278 1998.518188
v 1786.053711 56.858437 1997.994263
v 1786.053711 56.251587 1997.569336
v 1786.053711 55.580173 1997.256348
v 1786.053711 54.864594 1997.064575
v 1786.053711 54.864594 2005.435425
v 1786.053711 55.580173 2005.243652
v 1786.053711 56.251587 2004.930664
v 1786.053711 56.858437 2004.505737
v 1786.053711 57.382278 2003.981812
v 1786.053711 57.807198 2003.375000
v 1786.053711 58.120281 2002.703613
v 1786.053711 58.312019 2001.988037
vn -0.000000 0.000000 -1.000000
vn -0.000000 0.000000 -1.000000
vn -0.000000 -0.173648 -0.984808
vn -0.000000 -0.342020 -0.939693
vn -0.000000 -0.500000 -0.866025
vn -0.000000 -0.642788 -0.766044
vn -0.000000 -0.766044 -0.642788
vn -0.000000 -0.866025 -0.500000
vn -0.000000 -0.939693 -0.342020
vn -0.000000 -0.984808 -0.173648
vn -0.000000 -1.000000 -0.000000
vn -0.000000 -0.984808 0.173648
vn -0.000000 -0.939693 0.342020
vn -0.000000 -0.866025 0.500000
vn -0.000000 -0.766044 0.642788
vn -0.000000 -0.642788 0.766044
vn -0.000000 -0.500000 0.866025
vn -0.000000 -0.342020 0.939693
vn -0.000000 -0.173648 0.984808
vn -0.000000 -0.000000 1.000000
vn -0.000000 -0.000000 1.000000
vn -0.000000 -1.000000 -0.000000
vn -0.000000 -0.984808 0.173648
vn -0.000000 -0.939693 0.342020
vn -0.000000 -0.866025 0.500000
vn -0.000000 -0.766044 0.642788
vn -0.000000 -0.642788 0.766044
vn -0.000000 -0.500000 0.866025
vn -0.000000 -0.342020 0.939693
vn -0.000000 -0.173648 0.984808
vn -0.000000 -0.173648 -0.984808
vn -0.000000 -0.342020 -0.939693
vn -0.000000 -0.500000 -0.866025
vn -0.000000 -0.642788 -0.766044
vn -0.000000 -0.766044 -0.642788
vn -0.000000 -0.866025 -0.500000
vn -0.000000 -0.939693 -0.342020
vn -0.000000 -0.984808 -0.173648
f 2543//2543 2513//2513 2514//2514
f 2543//2543 2515//2515 2513//2513
f 2544//2544 2516//2516 2515//2515
f 2544//2544 2515//2515 2543//2543
f 2545//2545 2517//2517 2516//2516
f 2545//2545 2516//2516 2544//2544
f 2546//2546 2518//2518 2517//2517
f 2546//2546 2517//2517 2545//2545
f 2547//2547 2519//2519 2518//2518
f 2547//2547 2518//2518 2546//2546
f 2548//2548 2520//2520 2519//2519
f 2548//2548 2521//2521 2520//2520
f 2548//2548 2519//2519 2547//2547
f 2549//2549 2521//2521 2548//2548
f 2550//2550 2522//2522 2521//2521
f 2550//2550 2521//2521 2549//2549
f 2534//2534 2523//2523 2522//2522
f 2534//2534 2524//2524 2523//2523
f 2534//2534 2522//2522 2550//2550
f 2535//2535 2525//2525 2524//2524
f 2535//2535 2524//2524 2534//2534
f 2536//2536 2525//2525 2535//2535
f 2537//2537 2526//2526 2525//2525
f 2537//2537 2525//2525 2536//2536
f 2538//2538 2527//2527 2526//2526
f 2538//2538 2526//2526 2537//2537
f 2539//2539 2528//2528 2527//2527
f 2539//2539 2527//2527 2538//2538
f 2540//2540 2528//2528 2539//2539
f 2540//2540 2529//2529 2528//2528
f 2541//2541 2529//2529 2540//2540
f 2541//2541 2530//2530 2529//2529
f 2542//2542 2530//2530 2541//2541
f 2542//2542 2531//2531 2530//2530
f 2533//2533 2531//2531 2542//2542
f 2533//2533 2532//2532 2531//2531
v 1791.000000 54.126587 1997.000000
v 1786.053711 54.126587 1997.000000
v 1791.000000 53.388584 1997.064575
v 1791.000000 52.673000 1997.256348
v 1791.000000 52.001587 1997.569336
v 1791.000000 51.394741 1997.994263
v 1791.000000 50.870899 1998.518188
v 1791.000000 50.445980 1999.125000
v 1791.000000 50.132893 1999.796387
v 1791.000000 49.941154 2000.511963
v 1791.000000 49.876587 2001.250000
v 1791.000000 49.941154 2001.988037
v 1791.000000 50.132893 2002.703613
v 1791.000000 50.445980 2003.375000
v 1791.000000 50.870899 2003.981812
v 1791.000000 51.394741 2004.505737
v 1791.000000 52.001587 2004.930664
v 1791.000000 52.673000 2005.243652
v 1791.000000 53.388584 2005.435425
v 1791.000000 54.126587 2005.500000
v 1786.053711 54.126587 2005.500000
v 1786.053711 49.876587 2001.250000
v 1786.053711 49.939049 2001.976440
v 1786.053711 50.124809 2002.681519
v 1786.053711 50.428455 2003.344360
v 1786.053711 50.840942 2003.945557
v 1786.053711 51.350048 2004.467529
v 1786.053711 51.940784 2004.894775
v 1786.053711 52.595852 2005.214844
v 1786.053711 53.296062 2005.418213
v 1786.053711 53.709316 2005.479492
v 1786.053711 53.388584 1997.064575
v 1786.053711 52.673000 1997.256348
v 1786.053711 52.001587 1997.569336
v 1786.053711 51.394741 1997.994263
v 1786.053711 50.870899 1998.518188
v 1786.053711 50.445980 1999.125000
v 1786.053711 50.132893 1999.796387
v 1786.053711 49.941154 2000.511963
vn 0.000000 -0.000000 1.000000
vn 0.000000 -0.000000 1.000000
vn 0.000000 0.173648 0.984808
vn 0.000000 0.342020 0.939693
vn 0.000000 0.500000 0.866025
vn 0.000000 0.642788 0.766044
vn 0.000000 0.766044 0.642788
vn 0.000000 0.866025 0.500000
vn 0.000000 0.939693 0.342020
vn 0.000000 0.984808 0.173648
vn 0.000000 1.000000 0.000000
vn -0.000000 0.984808 -0.173648
vn -0.000000 0.939693 -0.342020
vn -0.000000 0.866025 -0.500000
vn -0.000000 0.766044 -0.642788
vn -0.000000 0.642788 -0.766044
vn -0.000000 0.500000 -0.866025
vn -0.000000 0.342020 -0.939693
vn -0.000000 0.173648 -0.984808
vn -0.000000 0.000000 -1.000000
vn -0.000000 0.000000 -1.000000
vn 0.000000 1.000000 0.000000
vn -0.000000 0.985284 -0.170923
vn -0.000000 0.941571 -0.336816
vn -0.000000 0.870145 -0.492796
vn -0.000000 0.773110 -0.634272
vn -0.000000 0.653322 -0.757081
vn -0.000000 0.514305 -0.857607
vn -0.000000 0.360151 -0.932894
vn -0.000000 0.195398 -0.980724
vn -0.000000 0.098173 -0.995169
vn 0.000000 0.173648 0.984808
vn 0.000000 0.342020 0.939693
vn 0.000000 0.500000 0.866025
vn 0.000000 0.642788 0.766044
vn 0.000000 0.766044 0.642788
vn 0.000000 0.866025 0.500000
vn 0.000000 0.939693 0.342020
vn 0.000000 0.984808 0.173648
f 2582//2582 2551//2551 2552//2552
f 2582//2582 2553//2553 2551//2551
f 2583//2583 2554//2554 2553//2553
f 2583//2583 2553//2553 2582//2582
f 2584//2584 2555//2555 2554//2554
f 2584//2584 2554//2554 2583//2583
f 2585//2585 2556//2556 2555//2555
f 2585//2585 2555//2555 2584//2584
f 2586//2586 2557//2557 2556//2556
f 2586//2586 2556//2556 2585//2585
f 2587//2587 2558//2558 2557//2557
f 2587//2587 2557//2557 2586//2586
f 2588//2588 2559//2559 2558//2558
f 2588//2588 2560//2560 2559//2559
f 2588//2588 2558//2558 2587//2587
f 2589//2589 2560//2560 2588//2588
f 2572//2572 2561//2561 2560//2560
f 2572//2572 2560//2560 2589//2589
f 2573//2573 2562//2562 2561//2561
f 2573//2573 2561//2561 2572//2572
f 2574//2574 2563//2563 2562//2562
f 2574//2574 2562//2562 2573//2573
f 2575//2575 2564//2564 2563//2563
f 2575//2575 2563//2563 2574//2574
f 2576//2576 2565//2565 2564//2564
f 2576//2576 2564//2564 2575//2575
f 2577//2577 2566//2566 2565//2565
f 2577//2577 2565//2565 2576//2576
f 2578//2578 2566//2566 2577//2577
f 2578//2578 2567//2567 2566//2566
f 2579//2579 2567//2567 2578//2578
f 2579//2579 2568//2568 2567//2567
f 2580//2580 2568//2568 2579//2579
f 2580//2580 2569//2569 2568//2568
f 2581//2581 2569//2569 2580//2580
f 2581//2581 2570//2570 2569//2569
f 2571//2571 2570//2570 2581//2581
v 1791.000000 31.250000 2028.376587
v 1786.053711 31.250000 2028.376587
v 1791.000000 31.988005 2028.312012
v 1791.000000 32.703587 2028.120239
v 1791.000000 33.375000 2027.807251
v 1791.000000 33.981846 2027.382324
v 1791.000000 34.505688 2026.858398
v 1791.000000 34.930607 2026.251587
v 1791.000000 35.243694 2025.580200
v 1791.000000 35.435432 2024.864624
v 1791.000000 35.500000 2024.126587
v 1791.000000 35.435432 2023.388550
v 1791.000000 35.243694 2022.672974
v 1791.000000 34.930607 2022.001587
v 1791.000000 34.505688 2021.394775
v 1791.000000 33.981846 2020.870850
v 1791.000000 33.375000 2020.445923
v 1791.000000 32.703587 2020.132935
v 1791.000000 31.988005 2019.941162
v 1791.000000 31.250000 2019.876587
v 1786.053711 31.250000 2019.876587
v 1786.053711 35.500000 2024.126587
v 1786.053711 35.435432 2023.388550
v 1786.053711 35.243694 2022.672974
v 1786.053711 34.930607 2022.001587
v 1786.053711 34.505688 2021.394775
v 1786.053711 33.981846 2020.870850
v 1786.053711 33.375000 2020.445923
v 1786.053711 32.703587 2020.132935
v 1786.053711 31.988005 2019.941162
v 1786.053711 31.988005 2028.312012
v 1786.053711 32.703587 2028.120239
v 1786.053711 33.375000 2027.807251
v 1786.053711 33.981846 2027.382324
v 1786.053711 34.505688 2026.858398
v 1786.053711 34.930607 2026.251587
v 1786.053711 35.243694 2025.580200
v 1786.053711 35.435432 2024.864624
vn -0.000000 0.000000 -1.000000
vn -0.000000 0.000000 -1.000000
vn -0.000000 -0.173648 -0.984808
vn -0.000000 -0.342020 -0.939693
vn -0.000000 -0.500000 -0.866025
vn -0.000000 -0.642788 -0.766044
vn -0.000000 -0.766044 -0.642788
vn -0.000000 -0.866025 -0.500000
vn -0.000000 -0.939693 -0.342020
vn -0.000000 -0.984808 -0.173648
vn -0.000000 -1.000000 -0.000000
vn -0.000000 -0.984808 0.173648
vn -0.000000 -0.939693 0.342020
vn -0.000000 -0.866025 0.500000
vn -0.000000 -0.766044 0.642788
vn -0.000000 -0.642788 0.766044
vn -0.000000 -0.500000 0.866025
vn -0.000000 -0.342020 0.939693
vn -0.000000 -0.173648 0.984808
vn -0.000000 -0.000000 1.000000
vn -0.000000 -0.000000 1.000000
vn -0.000000 -1.000000 -0.000000
vn -0.000000 -0.984808 0.173648
vn -0.000000 -0.939693 0.342020
vn -0.000000 -0.866025 0.500000
vn -0.000000 -0.766044 0.642788
vn -0.000000 -0.642788 0.766044
vn -0.000000 -0.500000 0.866025
vn -0.000000 -0.342020 0.939693
vn -0.000000 -0.173648 0.984808
vn -0.000000 -0.173648 -0.984808
vn -0.000000 -0.342020 -0.939693
vn -0.000000 -0.500000 -0.866025
vn -0.000000 -0.642788 -0.766044
vn -0.000000 -0.766044 -0.642788
vn -0.000000 -0.866025 -0.500000
vn -0.000000 -0.939693 -0.342020
vn -0.000000 -0.984808 -0.173648
f 2620//2620 2590//2590 2591//2591
f 2620//2620 2592//2592 2590//2590
f 2621//2621 2593//2593 2592//2592
f 2621//2621 2592//2592 2620//2620
f 2622//2622 2594//2594 2593//2593
f 2622//2622 2593//2593 2621//2621
f 2623//2623 2595//2595 2594//2594
f 2623//2623 2594//2594 2622//2622
f 2624//2624 2596//2596 2595//2595
f 2624//2624 2595//2595 2623//2623
f 2625//2625 2597//2597 2596//2596
f 2625//2625 2598//2598 2597//2597
f 2625//2625 2596//2596 2624//2624
f 2626//2626 2598//2598 2625//2625
f 2627//2627 2599//2599 2598//2598
f 2627//2627 2598//2598 2626//2626
f 2611//2611 2600//2600 2599//2599
f 2611//2611 2601//2601 2600//2600
f 2611//2611 2599//2599 2627//2627
f 2612//2612 2602//2602 2601//2601
f 2612//2612 2601//2601 2611//2611
f 2613//2613 2602//2602 2612//2612
f 2614//2614 2603//2603 2602//2602
f 2614//2614 2602//2602 2613//2613
f 2615//2615 2604//2604 2603//2603
f 2615//2615 2603//2603 2614//2614
f 2616//2616 2605//2605 2604//2604
f 2616//2616 2604//2604 2615//2615
f 2617//2617 2605//2605 2616//2616
f 2617//2617 2606//2606 2605//2605
f 2618//2618 2606//2606 2617//2617
f 2618//2618 2607//2607 2606//2606
f 2619//2619 2607//2607 2618//2618
f 2619//2619 2608//2608 2607//2607
f 2610//2610 2608//2608 2619//2619
f 2610//2610 2609//2609 2608//2608
v 1791.000000 31.250000 2019.876587
v 1786.053711 31.250000 2019.876587
v 1791.000000 30.511995 2019.941162
v 1791.000000 29.796415 2020.132935
v 1791.000000 29.125000 2020.445923
v 1791.000000 28.518152 2020.870850
v 1791.000000 27.994310 2021.394775
v 1791.000000 27.569391 2022.001587
v 1791.000000 27.256306 2022.672974
v 1791.000000 27.064568 2023.388550
v 1791.000000 27.000000 2024.126587
v 1791.000000 27.064568 2024.864624
v 1791.000000 27.256306 2025.580200
v 1791.000000 27.569391 2026.251587
v 1791.000000 27.994310 2026.858398
v 1791.000000 28.518152 2027.382324
v 1791.000000 29.125000 2027.807251
v 1791.000000 29.796415 2028.120239
v 1791.000000 30.511995 2028.312012
v 1791.000000 31.250000 2028.376587
v 1786.053711 31.250000 2028.376587
v 1786.053711 27.000000 2024.126587
v 1786.053711 27.064568 2024.864624
v 1786.053711 27.256306 2025.580200
v 1786.053711 27.569391 2026.251587
v 1786.053711 27.994310 2026.858398
v 1786.053711 28.518152 2027.382324
v 1786.053711 29.125000 2027.807251
v 1786.053711 29.796415 2028.120239
v 1786.053711 30.511995 2028.312012
v 1786.053711 30.511995 2019.941162
v 1786.053711 29.796415 2020.132935
v 1786.053711 29.125000 2020.445923
v 1786.053711 28.518152 2020.870850
v 1786.053711 27.994310 2021.394775
v 1786.053711 27.569391 2022.001587
v 1786.053711 27.256306 2022.672974
v 1786.053711 27.064568 2023.388550
vn 0.000000 -0.000000 1.000000
vn 0.000000 -0.000000 1.000000
vn 0.000000 0.173648 0.984808
vn 0.000000 0.342020 0.939693
vn 0.000000 0.500000 0.866025
vn 0.000000 0.642788 0.766044
vn 0.000000 0.766044 0.642788
vn 0.000000 0.866025 0.500000
vn 0.000000 0.939693 0.342020
vn 0.000000 0.984808 0.173648
vn 0.000000 1.000000 0.000000
vn -0.000000 0.984808 -0.173648
vn -0.000000 0.939693 -0.342020
vn -0.000000 0.866025 -0.500000
vn -0.000000 0.766044 -0.642788
vn -0.000000 0.642788 -0.766044
vn -0.000000 0.500000 -0.866025
vn -0.000000 0.342020 -0.939693
vn -0.000000 0.173648 -0.984808
vn -0.000000 0.000000 -1.000000
vn -0.000000 0.000000 -1.000000
vn 0.000000 1.000000 0.000000
vn -0.000000 0.984808 -0.173648
vn -0.000000 0.939693 -0.342020
vn -0.000000 0.866025 -0.500000
vn -0.000000 0.766044 -0.642788
vn -0.000000 0.642788 -0.766044
vn -0.000000 0.500000 -0.866025
vn -0.000000 0.342020 -0.939693
vn -0.000000 0.173648 -0.984808
vn 0.000000 0.173648 0.984808
vn 0.000000 0.342020 0.939693
vn 0.000000 0.500000 0.866025
vn 0.000000 0.642788 0.766044
vn 0.000000 0.766044 0.642788
vn 0.000000 0.866025 0.500000
vn 0.000000 0.939693 0.342020
vn 0.000000 0.984808 0.173648
f 2658//2658 2628//2628 2629//2629
f 2658//2658 2630//2630 2628//2628
f 2659//2659 2631//2631 2630//2630
f 2659//2659 2630//2630 2658//2658
f 2660//2660 2632//2632 2631//2631
f 2660//2660 2631//2631 2659//2659
f 2661//2661 2633//2633 2632//2632
f 2661//2661 2632//2632 2660//2660
f 2662//2662 2634//2634 2633//2633
f 2662//2662 2633//2633 2661//2661
f 2663//2663 2635//2635 2634//2634
f 2663//2663 2634//2634 2662//2662
f 2664//2664 2636//2636 2635//2635
f 2664//2664 2637//2637 2636//2636
f 2664//2664 2635//2635 2663//2663
f 2665//2665 2637//2637 2664//2664
f 2649//2649 2638//2638 2637//2637
f 2649//2649 2639//2639 2638//2638
f 2649//2649 2637//2637 2665//2665
f 2650//2650 2639//2639 2649//2649
f 2651//2651 2640//2640 2639//2639
f 2651//2651 2641//2641 2640//2640
f 2651//2651 2639//2639 2650//2650
f 2652//2652 2641//2641 2651//2651
f 2653//2653 2642//2642 2641//2641
f 2653//2653 2641//2641 2652//2652
f 2654//2654 2643//2643 2642//2642
f 2654//2654 2642//2642 2653//2653
f 2655//2655 2643//2643 2654//2654
f 2655//2655 2644//2644 2643//2643
f 2656//2656 2644//2644 2655//2655
f 2656//2656 2645//2645 2644//2644
f 2657//2657 2645//2645 2656//2656
f 2657//2657 2646//2646 2645//2645
f 2648//2648 2646//2646 2657//2657
f 2648//2648 2647//2647 2646//2646
v 1793.995728 0.000000 1907.500000
v 1797.000000 0.000000 1902.500000
v 1793.995728 0.000000 1907.500000
v 1797.000000 -0.000000 1912.500000
v 1797.000000 0.868241 1912.424072
v 1797.000000 1.710101 1912.198486
v 1797.000000 2.500000 1911.830078
v 1797.000000 3.213938 1911.330200
v 1797.000000 3.830222 1910.713989
v 1797.000000 4.330127 1910.000000
v 1797.000000 4.698463 1909.210083
v 1797.000000 4.924039 1908.368286
v 1797.000000 5.000000 1907.500000
v 1797.000000 4.924039 1906.631714
v 1797.000000 4.698463 1905.789917
v 1797.000000 4.330127 1905.000000
v 1797.000000 3.830222 1904.286011
v 1797.000000 3.213938 1903.669800
v 1797.000000 2.500000 1903.169922
v 1797.000000 1.710101 1902.801514
v 1797.000000 0.868241 1902.575928
v 1794.746826 0.734732 1906.488770
v 1794.746826 0.386271 1906.311157
v 1795.497803 0.772542 1905.122314
v 1794.746826 1.011271 1906.765259
v 1795.497803 1.469463 1905.477417
v 1794.746826 1.188821 1907.113770
v 1796.248901 1.158814 1903.933594
v 1795.497803 2.022542 1906.030518
v 1794.746826 1.250000 1907.500000
v 1796.248901 2.204195 1904.466187
v 1795.497803 2.377641 1906.727417
v 1794.746826 1.188821 1907.886230
v 1796.248901 3.033814 1905.295776
v 1795.497803 2.500000 1907.500000
v 1794.746826 1.011271 1908.234741
v 1796.248901 3.566462 1906.341187
v 1795.497803 2.377641 1908.272583
v 1794.746826 0.734732 1908.511230
v 1796.248901 3.750000 1907.500000
v 1795.497803 2.022542 1908.969482
v 1794.746826 0.386271 1908.688843
v 1796.248901 3.566462 1908.658813
v 1795.497803 1.469463 1909.522583
v 1796.248901 3.033814 1909.704224
v 1795.497803 0.772542 1909.877686
v 1796.248901 2.204195 1910.533813
v 1796.248901 1.158814 1911.066406
vn 0.876228 -0.340752 0.340752
vn 0.857167 0.000000 0.515038
vn 0.876228 -0.340752 -0.340752
vn 0.857167 -0.000000 -0.515038
vn 0.857167 -0.089435 -0.507213
vn 0.857167 -0.176153 -0.483977
vn 0.857167 -0.257519 -0.446036
vn 0.857167 -0.331060 -0.394542
vn 0.857167 -0.394542 -0.331060
vn 0.857167 -0.446036 -0.257519
vn 0.857167 -0.483977 -0.176153
vn 0.857167 -0.507213 -0.089435
vn 0.857167 -0.515038 0.000000
vn 0.857167 -0.507213 0.089435
vn 0.857167 -0.483977 0.176153
vn 0.857167 -0.446036 0.257519
vn 0.857167 -0.394542 0.331060
vn 0.857167 -0.331060 0.394542
vn 0.857167 -0.257519 0.446036
vn 0.857167 -0.176153 0.483977
vn 0.857167 -0.089435 0.507213
vn 0.857167 -0.302732 0.416675
vn 0.857167 -0.159156 0.489830
vn 0.857167 -0.159156 0.489830
vn 0.857167 -0.416675 0.302732
vn 0.857167 -0.302732 0.416675
vn 0.857167 -0.489830 0.159156
vn 0.857167 -0.159156 0.489830
vn 0.857167 -0.416675 0.302732
vn 0.857167 -0.515038 0.000000
vn 0.857167 -0.302732 0.416675
vn 0.857167 -0.489830 0.159156
vn 0.857167 -0.489830 -0.159156
vn 0.857167 -0.416675 0.302732
vn 0.857167 -0.515038 0.000000
vn 0.857167 -0.416675 -0.302732
vn 0.857167 -0.489830 0.159156
vn 0.857167 -0.489830 -0.159156
vn 0.857167 -0.302732 -0.416675
vn 0.857167 -0.515038 0.000000
vn 0.857167 -0.416675 -0.302732
vn 0.857167 -0.159156 -0.489830
vn 0.857167 -0.489830 -0.159156
vn 0.857167 -0.302732 -0.416675
vn 0.857167 -0.416675 -0.302732
vn 0.857167 -0.159156 -0.489830
vn 0.857167 -0.302732 -0.416675
vn 0.857167 -0.159156 -0.489830
f 2687//2687 2666//2666 2688//2688
f 2689//2689 2666//2666 2667//2667
f 2689//2689 2688//2688 2666//2666
f 2690//2690 2666//2666 2687//2687
f 2691//2691 2688//2688 2689//2689
f 2691//2691 2687//2687 2688//2688
f 2692//2692 2666//2666 2690//2690
f 2693//2693 2685//2685 2684//2684
f 2693//2693 2686//2686 2685//2685
f 2693//2693 2667//2667 2686//2686
f 2693//2693 2689//2689 2667//2667
f 2694//2694 2687//2687 2691//2691
f 2694//2694 2690//2690 2687//2687
f 2695//2695 2668//2668 2666//2666
f 2695//2695 2666//2666 2692//2692
f 2696//2696 2684//2684 2683//2683
f 2696//2696 2691//2691 2689//2689
f 2696//2696 2693//2693 2684//2684
f 2696//2696 2689//2689 2693//2693
f 2697//2697 2690//2690 2694//2694
f 2697//2697 2692//2692 2690//2690
f 2698//2698 2668//2668 2695//2695
f 2699//2699 2682//2682 2681//2681
f 2699//2699 2683//2683 2682//2682
f 2699//2699 2697//2697 2694//2694
f 2699//2699 2696//2696 2683//2683
f 2699//2699 2694//2694 2691//2691
f 2699//2699 2691//2691 2696//2696
f 2700//2700 2695//2695 2692//2692
f 2700//2700 2692//2692 2697//2697
f 2700//2700 2698//2698 2695//2695
f 2701//2701 2668//2668 2698//2698
f 2702//2702 2680//2680 2679//2679
f 2702//2702 2681//2681 2680//2680
f 2702//2702 2699//2699 2681//2681
f 2702//2702 2697//2697 2699//2699
f 2702//2702 2700//2700 2697//2697
f 2703//2703 2698//2698 2700//2700
f 2704//2704 2668//2668 2701//2701
f 2705//2705 2678//2678 2677//2677
f 2705//2705 2679//2679 2678//2678
f 2705//2705 2702//2702 2679//2679
f 2705//2705 2700//2700 2702//2702
f 2706//2706 2701//2701 2698//2698
f 2706//2706 2698//2698 2703//2703
f 2706//2706 2704//2704 2701//2701
f 2707//2707 2668//2668 2704//2704
f 2708//2708 2676//2676 2675//2675
f 2708//2708 2677//2677 2676//2676
f 2708//2708 2705//2705 2677//2677
f 2708//2708 2703//2703 2700//2700
f 2708//2708 2700//2700 2705//2705
f 2708//2708 2706//2706 2703//2703
f 2709//2709 2704//2704 2706//2706
f 2710//2710 2706//2706 2708//2708
f 2710//2710 2675//2675 2674//2674
f 2710//2710 2708//2708 2675//2675
f 2711//2711 2707//2707 2704//2704
f 2711//2711 2704//2704 2709//2709
f 2711//2711 2669//2669 2668//2668
f 2711//2711 2668//2668 2707//2707
f 2712//2712 2706//2706 2710//2710
f 2712//2712 2673//2673 2672//2672
f 2712//2712 2674//2674 2673//2673
f 2712//2712 2710//2710 2674//2674
f 2712//2712 2709//2709 2706//2706
f 2713//2713 2670//2670 2669//2669
f 2713//2713 2671//2671 2670//2670
f 2713//2713 2711//2711 2709//2709
f 2713//2713 2672//2672 2671//2671
f 2713//2713 2712//2712 2672//2672
f 2713//2713 2709//2709 2712//2712
f 2713//2713 2669//2669 2711//2711
v 1793.995728 0.000000 1907.500000
v 1797.000000 -0.000000 1912.500000
v 1793.995728 0.000000 1907.500000
v 1797.000000 0.000000 1902.500000
v 1797.000000 -0.868241 1902.575928
v 1797.000000 -1.710101 1902.801514
v 1797.000000 -2.500000 1903.169922
v 1797.000000 -3.213938 1903.669800
v 1797.000000 -3.830222 1904.286011
v 1797.000000 -4.330127 1905.000000
v 1797.000000 -4.698463 1905.789917
v 1797.000000 -4.924039 1906.631714
v 1797.000000 -5.000000 1907.500000
v 1797.000000 -4.924039 1908.368286
v 1797.000000 -4.698463 1909.210083
v 1797.000000 -4.330127 1910.000000
v 1797.000000 -3.830222 1910.713989
v 1797.000000 -3.213938 1911.330200
v 1797.000000 -2.500000 1911.830078
v 1797.000000 -1.710101 1912.198486
v 1797.000000 -0.868241 1912.424072
v 1794.746826 -0.734732 1908.511230
v 1794.746826 -0.386271 1908.688843
v 1795.497803 -0.772542 1909.877686
v 1794.746826 -1.011271 1908.234741
v 1795.497803 -1.469463 1909.522583
v 1794.746826 -1.188821 1907.886230
v 1796.248901 -1.158814 1911.066406
v 1795.497803 -2.022542 1908.969482
v 1794.746826 -1.250000 1907.500000
v 1796.248901 -2.204195 1910.533813
v 1795.497803 -2.377641 1908.272583
v 1794.746826 -1.188821 1907.113770
v 1796.248901 -3.033814 1909.704224
v 1795.497803 -2.500000 1907.500000
v 1794.746826 -1.011271 1906.765259
v 1796.248901 -3.566462 1908.658813
v 1795.497803 -2.377641 1906.727417
v 1794.746826 -0.734732 1906.488770
v 1796.248901 -3.750000 1907.500000
v 1795.497803 -2.022542 1906.030518
v 1794.746826 -0.386271 1906.311157
v 1796.248901 -3.566462 1906.341187
v 1795.497803 -1.469463 1905.477417
v 1796.248901 -3.033814 1905.295776
v 1795.497803 -0.772542 1905.122314
v 1796.248901 -2.204195 1904.466187
v 1796.248901 -1.158814 1903.933594
vn 0.876228 0.340752 -0.340752
vn 0.857167 -0.000000 -0.515038
vn 0.876228 0.340752 0.340752
vn 0.857167 0.000000 0.515038
vn 0.857167 0.089435 0.507213
vn 0.857167 0.176153 0.483977
vn 0.857167 0.257519 0.446036
vn 0.857167 0.331060 0.394542
vn 0.857167 0.394542 0.331060
vn 0.857167 0.446036 0.257519
vn 0.857167 0.483977 0.176153
vn 0.857167 0.507213 0.089435
vn 0.857167 0.515038 -0.000000
vn 0.857167 0.507213 -0.089435
vn 0.857167 0.483977 -0.176153
vn 0.857167 0.446036 -0.257519
vn 0.857167 0.394542 -0.331060
vn 0.857167 0.331060 -0.394542
vn 0.857167 0.257519 -0.446036
vn 0.857167 0.176153 -0.483977
vn 0.857167 0.089435 -0.507213
vn 0.857167 0.302732 -0.416675
vn 0.857167 0.159156 -0.489830
vn 0.857167 0.159156 -0.489830
vn 0.857167 0.416675 -0.302732
vn 0.857167 0.302732 -0.416675
vn 0.857167 0.489830 -0.159156
vn 0.857167 0.159156 -0.489830
vn 0.857167 0.416675 -0.302732
vn 0.857167 0.515038 -0.000000
vn 0.857167 0.302732 -0.416675
vn 0.857167 0.489830 -0.159156
vn 0.857167 0.489830 0.159156
vn 0.857167 0.416675 -0.302732
vn 0.857167 0.515038 -0.000000
vn 0.857167 0.416675 0.302732
vn 0.857167 0.489830 -0.159156
vn 0.857167 0.489830 0.159156
vn 0.857167 0.302732 0.416675
vn 0.857167 0.515038 -0.000000
vn 0.857167 0.416675 0.302732
vn 0.857167 0.159156 0.489830
vn 0.857167 0.489830 0.159156
vn 0.857167 0.302732 0.416675
vn 0.857167 0.416675 0.302732
vn 0.857167 0.159156 0.489830
vn 0.857167 0.302732 0.416675
vn 0.857167 0.159156 0.489830
f 2735//2735 2714//2714 2736//2736
f 2737//2737 2714//2714 2715//2715
f 2737//2737 2736//2736 2714//2714
f 2738//2738 2714//2714 2735//2735
f 2739//2739 2736//2736 2737//2737
f 2739//2739 2735//2735 2736//2736
f 2740//2740 2714//2714 2738//2738
f 2741//2741 2733//2733 2732//2732
f 2741//2741 2734//2734 2733//2733
f 2741//2741 2715//2715 2734//2734
f 2741//2741 2737//2737 2715//2715
f 2742//2742 2735//2735 2739//2739
f 2742//2742 2738//2738 2735//2735
f 2743//2743 2716//2716 2714//2714
f 2743//2743 2714//2714 2740//2740
f 2744//2744 2731//2731 2730//2730
f 2744//2744 2732//2732 2731//2731
f 2744//2744 2739//2739 2737//2737
f 2744//2744 2741//2741 2732//2732
f 2744//2744 2737//2737 2741//2741
f 2745//2745 2738//2738 2742//2742
f 2745//2745 2740//2740 2738//2738
f 2746//2746 2716//2716 2743//2743
f 2747//2747 2730//2730 2729//2729
f 2747//2747 2744//2744 2730//2730
f 2747//2747 2745//2745 2742//2742
f 2747//2747 2742//2742 2739//2739
f 2747//2747 2739//2739 2744//2744
f 2748//2748 2743//2743 2740//2740
f 2748//2748 2740//2740 2745//2745
f 2748//2748 2746//2746 2743//2743
f 2749//2749 2716//2716 2746//2746
f 2750//2750 2728//2728 2727//2727
f 2750//2750 2729//2729 2728//2728
f 2750//2750 2747//2747 2729//2729
f 2750//2750 2745//2745 2747//2747
f 2750//2750 2748//2748 2745//2745
f 2751//2751 2746//2746 2748//2748
f 2752//2752 2716//2716 2749//2749
f 2753//2753 2726//2726 2725//2725
f 2753//2753 2727//2727 2726//2726
f 2753//2753 2750//2750 2727//2727
f 2753//2753 2748//2748 2750//2750
f 2754//2754 2749//2749 2746//2746
f 2754//2754 2746//2746 2751//2751
f 2754//2754 2752//2752 2749//2749
f 2755//2755 2716//2716 2752//2752
f 2756//2756 2724//2724 2723//2723
f 2756//2756 2725//2725 2724//2724
f 2756//2756 2753//2753 2725//2725
f 2756//2756 2751//2751 2748//2748
f 2756//2756 2748//2748 2753//2753
f 2756//2756 2754//2754 2751//2751
f 2757//2757 2752//2752 2754//2754
f 2758//2758 2754//2754 2756//2756
f 2758//2758 2723//2723 2722//2722
f 2758//2758 2756//2756 2723//2723
f 2759//2759 2755//2755 2752//2752
f 2759//2759 2752//2752 2757//2757
f 2759//2759 2717//2717 2716//2716
f 2759//2759 2716//2716 2755//2755
f 2760//2760 2754//2754 2758//2758
f 2760//2760 2721//2721 2720//2720
f 2760//2760 2722//2722 2721//2721
f 2760//2760 2758//2758 2722//2722
f 2760//2760 2757//2757 2754//2754
f 2761//2761 2718//2718 2717//2717
f 2761//2761 2719//2719 2718//2718
f 2761//2761 2759//2759 2757//2757
f 2761//2761 2720//2720 2719//2719
f 2761//2761 2760//2760 2720//2720
f 2761//2761 2757//2757 2760//2760
f 2761//2761 2717//2717 2759//2759
v 1793.995728 0.000000 2032.500000
v 1797.000000 0.000000 2027.500000
v 1793.995728 0.000000 2032.500000
v 1797.000000 -0.000000 2037.500000
v 1797.000000 0.868241 2037.424072
v 1797.000000 1.710101 2037.198486
v 1797.000000 2.500000 2036.830078
v 1797.000000 3.213938 2036.330200
v 1797.000000 3.830222 2035.713989
v 1797.000000 4.330127 2035.000000
v 1797.000000 4.698463 2034.210083
v 1797.000000 4.924039 2033.368286
v 1797.000000 5.000000 2032.500000
v 1797.000000 4.924039 2031.631714
v 1797.000000 4.698463 2030.789917
v 1797.000000 4.330127 2030.000000
v 1797.000000 3.830222 2029.286011
v 1797.000000 3.213938 2028.669800
v 1797.000000 2.500000 2028.169922
v 1797.000000 1.710101 2027.801514
v 1797.000000 0.868241 2027.575928
v 1794.746826 0.734732 2031.488770
v 1794.746826 0.386271 2031.311157
v 1795.497803 0.772542 2030.122314
v 1794.746826 1.011271 2031.765259
v 1795.497803 1.469463 2030.477417
v 1794.746826 1.188821 2032.113770
v 1796.248901 1.158814 2028.933594
v 1795.497803 2.022542 2031.030518
v 1794.746826 1.250000 2032.500000
v 1796.248901 2.204195 2029.466187
v 1795.497803 2.377641 2031.727417
v 1794.746826 1.188821 2032.886230
v 1796.248901 3.033814 2030.295776
v 1795.497803 2.500000 2032.500000
v 1794.746826 1.011271 2033.234741
v 1796.248901 3.566462 2031.341187
v 1795.497803 2.377641 2033.272583
v 1794.746826 0.734732 2033.511230
v 1796.248901 3.750000 2032.500000
v 1795.497803 2.022542 2033.969482
v 1794.746826 0.386271 2033.688843
v 1796.248901 3.566462 2033.658813
v 1795.497803 1.469463 2034.522583
v 1796.248901 3.033814 2034.704224
v 1795.497803 0.772542 2034.877686
v 1796.248901 2.204195 2035.533813
v 1796.248901 1.158814 2036.066406
vn 0.876228 -0.340752 0.340752
vn 0.857167 0.000000 0.515038
vn 0.876228 -0.340752 -0.340752
vn 0.857167 -0.000000 -0.515038
vn 0.857167 -0.089435 -0.507213
vn 0.857167 -0.176153 -0.483977
vn 0.857167 -0.257519 -0.446036
vn 0.857167 -0.331060 -0.394542
vn 0.857167 -0.394542 -0.331060
vn 0.857167 -0.446036 -0.257519
vn 0.857167 -0.483977 -0.176153
vn 0.857167 -0.507213 -0.089435
vn 0.857167 -0.515038 0.000000
vn 0.857167 -0.507213 0.089435
vn 0.857167 -0.483977 0.176153
vn 0.857167 -0.446036 0.257519
vn 0.857167 -0.394542 0.331060
vn 0.857167 -0.331060 0.394542
vn 0.857167 -0.257519 0.446036
vn 0.857167 -0.176153 0.483977
vn 0.857167 -0.089435 0.507213
vn 0.857167 -0.302732 0.416675
vn 0.857167 -0.159156 0.489830
vn 0.857167 -0.159156 0.489830
vn 0.857167 -0.416675 0.302732
vn 0.857167 -0.302732 0.416675
vn 0.857167 -0.489830 0.159156
vn 0.857167 -0.159156 0.489830
vn 0.857167 -0.416675 0.302732
vn 0.857167 -0.515038 0.000000
vn 0.857167 -0.302732 0.416675
vn 0.857167 -0.489830 0.159156
vn 0.857167 -0.489830 -0.159156
vn 0.857167 -0.416675 0.302732
vn 0.857167 -0.515038 0.000000
vn 0.857167 -0.416675 -0.302732
vn 0.857167 -0.489830 0.159156
vn 0.857167 -0.489830 -0.159156
vn 0.857167 -0.302732 -0.416675
vn 0.857167 -0.515038 0.000000
vn 0.857167 -0.416675 -0.302732
vn 0.857167 -0.159156 -0.489830
vn 0.857167 -0.489830 -0.159156
vn 0.857167 -0.302732 -0.416675
vn 0.857167 -0.416675 -0.302732
vn 0.857167 -0.159156 -0.489830
vn 0.857167 -0.302732 -0.416675
vn 0.857167 -0.159156 -0.489830
f 2783//2783 2762//2762 2784//2784
f 2785//2785 2762//2762 2763//2763
f 2785//2785 2784//2784 2762//2762
f 2786//2786 2762//2762 2783//2783
f 2787//2787 2784//2784 2785//2785
f 2787//2787 2783//2783 2784//2784
f 2788//2788 2762//2762 2786//2786
f 2789//2789 2781//2781 2780//2780
f 2789//2789 2782//2782 2781//2781
f 2789//2789 2763//2763 2782//2782
f 2789//2789 2785//2785 2763//2763
f 2790//2790 2783//2783 2787//2787
f 2790//2790 2786//2786 2783//2783
f 2791//2791 2764//2764 2762//2762
f 2791//2791 2762//2762 2788//2788
f 2792//2792 2780//2780 2779//2779
f 2792//2792 2787//2787 2785//2785
f 2792//2792 2789//2789 2780//2780
f 2792//2792 2785//2785 2789//2789
f 2793//2793 2786//2786 2790//2790
f 2793//2793 2788//2788 2786//2786
f 2794//2794 2764//2764 2791//2791
f 2795//2795 2778//2778 2777//2777
f 2795//2795 2779//2779 2778//2778
f 2795//2795 2793//2793 2790//2790
f 2795//2795 2792//2792 2779//2779
f 2795//2795 2790//2790 2787//2787
f 2795//2795 2787//2787 2792//2792
f 2796//2796 2791//2791 2788//2788
f 2796//2796 2788//2788 2793//2793
f 2796//2796 2794//2794 2791//2791
f 2797//2797 2764//2764 2794//2794
f 2798//2798 2776//2776 2775//2775
f 2798//2798 2777//2777 2776//2776
f 2798//2798 2795//2795 2777//2777
f 2798//2798 2793//2793 2795//2795
f 2798//2798 2796//2796 2793//2793
f 2799//2799 2794//2794 2796//2796
f 2800//2800 2764//2764 2797//2797
f 2801//2801 2774//2774 2773//2773
f 2801//2801 2775//2775 2774//2774
f 2801//2801 2798//2798 2775//2775
f 2801//2801 2796//2796 2798//2798
f 2802//2802 2797//2797 2794//2794
f 2802//2802 2794//2794 2799//2799
f 2802//2802 2800//2800 2797//2797
f 2803//2803 2764//2764 2800//2800
f 2804//2804 2772//2772 2771//2771
f 2804//2804 2773//2773 2772//2772
f 2804//2804 2801//2801 2773//2773
f 2804//2804 2799//2799 2796//2796
f 2804//2804 2796//2796 2801//2801
f 2804//2804 2802//2802 2799//2799
f 2805//2805 2800//2800 2802//2802
f 2806//2806 2802//2802 2804//2804
f 2806//2806 2771//2771 2770//2770
f 2806//2806 2804//2804 2771//2771
f 2807//2807 2803//2803 2800//2800
f 2807//2807 2800//2800 2805//2805
f 2807//2807 2765//2765 2764//2764
f 2807//2807 2764//2764 2803//2803
f 2808//2808 2802//2802 2806//2806
f 2808//2808 2769//2769 2768//2768
f 2808//2808 2770//2770 2769//2769
f 2808//2808 2806//2806 2770//2770
f 2808//2808 2805//2805 2802//2802
f 2809//2809 2766//2766 2765//2765
f 2809//2809 2767//2767 2766//2766
f 2809//2809 2807//2807 2805//2805
f 2809//2809 2768//2768 2767//2767
f 2809//2809 2808//2808 2768//2768
f 2809//2809 2805//2805 2808//2808
f 2809//2809 2765//2765 2807//2807
v 1793.995728 0.000000 2032.500000
v 1797.000000 -0.000000 2037.500000
v 1793.995728 0.000000 2032.500000
v 1797.000000 0.000000 2027.500000
v 1797.000000 -0.868241 2027.575928
v 1797.000000 -1.710101 2027.801514
v 1797.000000 -2.500000 2028.169922
v 1797.000000 -3.213938 2028.669800
v 1797.000000 -3.830222 2029.286011
v 1797.000000 -4.330127 2030.000000
v 1797.000000 -4.698463 2030.789917
v 1797.000000 -4.924039 2031.631714
v 1797.000000 -5.000000 2032.500000
v 1797.000000 -4.924039 2033.368286
v 1797.000000 -4.698463 2034.210083
v 1797.000000 -4.330127 2035.000000
v 1797.000000 -3.830222 2035.713989
v 1797.000000 -3.213938 2036.330200
v 1797.000000 -2.500000 2036.830078
v 1797.000000 -1.710101 2037.198486
v 1797.000000 -0.868241 2037.424072
v 1794.746826 -0.734732 2033.511230
v 1794.746826 -0.386271 2033.688843
v 1795.497803 -0.772542 2034.877686
v 1794.746826 -1.011271 2033.234741
v 1795.497803 -1.469463 2034.522583
v 1794.746826 -1.188821 2032.886230
v 1796.248901 -1.158814 2036.066406
v 1795.497803 -2.022542 2033.969482
v 1794.746826 -1.250000 2032.500000
v 1796.248901 -2.204195 2035.533813
v 1795.497803 -2.377641 2033.272583
v 1794.746826 -1.188821 2032.113770
v 1796.248901 -3.033814 2034.704224
v 1795.497803 -2.500000 2032.500000
v 1794.746826 -1.011271 2031.765259
v 1796.248901 -3.566462 2033.658813
v 1795.497803 -2.377641 2031.727417
v 1794.746826 -0.734732 2031.488770
v 1796.248901 -3.750000 2032.500000
v 1795.497803 -2.022542 2031.030518
v 1794.746826 -0.386271 2031.311157
v 1796.248901 -3.566462 2031.341187
v 1795.497803 -1.469463 2030.477417
v 1796.248901 -3.033814 2030.295776
v 1795.497803 -0.772542 2030.122314
v 1796.248901 -2.204195 2029.466187
v 1796.248901 -1.158814 2028.933594
vn 0.876228 0.340752 -0.340752
vn 0.857167 -0.000000 -0.515038
vn 0.876228 0.340752 0.340752
vn 0.857167 0.000000 0.515038
vn 0.857167 0.089435 0.507213
vn 0.857167 0.176153 0.483977
vn 0.857167 0.257519 0.446036
vn 0.857167 0.331060 0.394542
vn 0.857167 0.394542 0.331060
vn 0.857167 0.446036 0.257519
vn 0.857167 0.483977 0.176153
vn 0.857167 0.507213 0.089435
vn 0.857167 0.515038 -0.000000
vn 0.857167 0.507213 -0.089435
vn 0.857167 0.483977 -0.176153
vn 0.857167 0.446036 -0.257519
vn 0.857167 0.394542 -0.331060
vn 0.857167 0.331060 -0.394542
vn 0.857167 0.257519 -0.446036
vn 0.857167 0.176153 -0.483977
vn 0.857167 0.089435 -0.507213
vn 0.857167 0.302732 -0.416675
vn 0.857167 0.159156 -0.489830
vn 0.857167 0.159156 -0.489830
vn 0.857167 0.416675 -0.302732
vn 0.857167 0.302732 -0.416675
vn 0.857167 0.489830 -0.159156
vn 0.857167 0.159156 -0.489830
vn 0.857167 0.416675 -0.302732
vn 0.857167 0.515038 -0.000000
vn 0.857167 0.302732 -0.416675
vn 0.857167 0.489830 -0.159156
vn 0.857167 0.489830 0.159156
vn 0.857167 0.416675 -0.302732
vn 0.857167 0.515038 -0.000000
vn 0.857167 0.416675 0.302732
vn 0.857167 0.489830 -0.159156
vn 0.857167 0.489830 0.159156
vn 0.857167 0.302732 0.416675
vn 0.857167 0.515038 -0.000000
vn 0.857167 0.416675 0.302732
vn 0.857167 0.159156 0.489830
vn 0.857167 0.489830 0.159156
vn 0.857167 0.302732 0.416675
vn 0.857167 0.416675 0.302732
vn 0.857167 0.159156 0.489830
vn 0.857167 0.302732 0.416675
vn 0.857167 0.159156 0.489830
f 2831//2831 2810//2810 2832//2832
f 2833//2833 2810//2810 2811//2811
f 2833//2833 2832//2832 2810//2810
f 2834//2834 2810//2810 2831//2831
f 2835//2835 2832//2832 2833//2833
f 2835//2835 2831//2831 2832//2832
f 2836//2836 2810//2810 2834//2834
f 2837//2837 2829//2829 2828//2828
f 2837//2837 2830//2830 2829//2829
f 2837//2837 2811//2811 2830//2830
f 2837//2837 2833//2833 2811//2811
f 2838//2838 2831//2831 2835//2835
f 2838//2838 2834//2834 2831//2831
f 2839//2839 2812//2812 2810//2810
f 2839//2839 2810//2810 2836//2836
f 2840//2840 2827//2827 2826//2826
f 2840//2840 2828//2828 2827//2827
f 2840//2840 2835//2835 2833//2833
f 2840//2840 2837//2837 2828//2828
f 2840//2840 2833//2833 2837//2837
f 2841//2841 2834//2834 2838//2838
f 2841//2841 2836//2836 2834//2834
f 2842//2842 2812//2812 2839//2839
f 2843//2843 2826//2826 2825//2825
f 2843//2843 2840//2840 2826//2826
f 2843//2843 2841//2841 2838//2838
f 2843//2843 2838//2838 2835//2835
f 2843//2843 2835//2835 2840//2840
f 2844//2844 2839//2839 2836//2836
f 2844//2844 2836//2836 2841//2841
f 2844//2844 2842//2842 2839//2839
f 2845//2845 2812//2812 2842//2842
f 2846//2846 2824//2824 2823//2823
f 2846//2846 2825//2825 2824//2824
f 2846//2846 2843//2843 2825//2825
f 2846//2846 2841//2841 2843//2843
f 2846//2846 2844//2844 2841//2841
f 2847//2847 2842//2842 2844//2844
f 2848//2848 2812//2812 2845//2845
f 2849//2849 2822//2822 2821//2821
f 2849//2849 2823//2823 2822//2822
f 2849//2849 2846//2846 2823//2823
f 2849//2849 2844//2844 2846//2846
f 2850//2850 2845//2845 2842//2842
f 2850//2850 2842//2842 2847//2847
f 2850//2850 2848//2848 2845//2845
f 2851//2851 2812//2812 2848//2848
f 2852//2852 2820//2820 2819//2819
f 2852//2852 2821//2821 2820//2820
f 2852//2852 2849//2849 2821//2821
f 2852//2852 2847//2847 2844//2844
f 2852//2852 2844//2844 2849//2849
f 2852//2852 2850//2850 2847//2847
f 2853//2853 2848//2848 2850//2850
f 2854//2854 2850//2850 2852//2852
f 2854//2854 2819//2819 2818//2818
f 2854//2854 2852//2852 2819//2819
f 2855//2855 2851//2851 2848//2848
f 2855//2855 2848//2848 2853//2853
f 2855//2855 2813//2813 2812//2812
f 2855//2855 2812//2812 2851//2851
f 2856//2856 2850//2850 2854//2854
f 2856//2856 2817//2817 2816//2816
f 2856//2856 2818//2818 2817//2817
f 2856//2856 2854//2854 2818//2818
f 2856//2856 2853//2853 2850//2850
f 2857//2857 2814//2814 2813//2813
f 2857//2857 2815//2815 2814//2814
f 2857//2857 2855//2855 2853//2853
f 2857//2857 2816//2816 2815//2815
f 2857//2857 2856//2856 2816//2816
f 2857//2857 2853//2853 2856//2856
f 2857//2857 2813//2813 2855//2855
v 1798.000000 40.000000 1970.000000
v 1798.000000 39.392311 1976.945923
v 1798.000000 37.587704 1983.680786
v 1798.000000 34.641018 1990.000000
v 1798.000000 30.641777 1995.711548
v 1798.000000 25.711504 2000.641724
v 1798.000000 20.000000 2004.640991
v 1798.000000 13.680806 2007.587646
v 1798.000000 6.945927 2009.392334
v 1798.000000 0.000000 2010.000000
v 1798.000000 -6.945927 2009.392334
v 1798.000000 -13.680806 2007.587646
v 1798.000000 -20.000000 2004.640991
v 1798.000000 -25.711504 2000.641724
v 1798.000000 -30.641777 1995.711548
v 1798.000000 -34.641018 1990.000000
v 1798.000000 -37.587704 1983.680786
v 1798.000000 -39.392311 1976.945923
v 1798.000000 -40.000000 1970.000000
v 1798.000000 -39.392311 1963.054077
v 1798.000000 -37.587704 1956.319214
v 1798.000000 -34.641018 1950.000000
v 1798.000000 -30.641777 1944.288452
v 1798.000000 -25.711504 1939.358276
v 1798.000000 -20.000000 1935.359009
v 1798.000000 -13.680806 1932.412354
v 1798.000000 -6.945927 1930.607666
v 1798.000000 0.000000 1930.000000
v 1798.000000 6.945927 1930.607666
v 1798.000000 13.680806 1932.412354
v 1798.000000 20.000000 1935.359009
v 1798.000000 25.711504 1939.358276
v 1798.000000 30.641777 1944.288452
v 1798.000000 34.641018 1950.000000
v 1798.000000 37.587704 1956.319214
v 1798.000000 39.392311 1963.054077
vn 1.000000 -0.000000 0.000000
vn 1.000000 -0.000000 0.000000
vn 1.000000 -0.000000 0.000000
vn 1.000000 -0.000000 0.000000
vn 1.000000 -0.000000 0.000000
vn 1.000000 -0.000000 0.000000
vn 1.000000 -0.000000 0.000000
vn 1.000000 -0.000000 0.000000
vn 1.000000 -0.000000 0.000000
vn 1.000000 -0.000000 0.000000
vn 1.000000 -0.000000 0.000000
vn 1.000000 -0.000000 0.000000
vn 1.000000 -0.000000 0.000000
vn 1.000000 -0.000000 0.000000
vn 1.000000 -0.000000 0.000000
vn 1.000000 -0.000000 0.000000
vn 1.000000 -0.000000 0.000000
vn 1.000000 -0.000000 0.000000
vn 1.000000 -0.000000 0.000000
vn 1.000000 -0.000000 0.000000
vn 1.000000 -0.000000 0.000000
vn 1.000000 -0.000000 0.000000
vn 1.000000 -0.000000 0.000000
vn 1.000000 -0.000000 0.000000
vn 1.000000 -0.000000 0.000000
vn 1.000000 -0.000000 0.000000
vn 1.000000 -0.000000 0.000000
vn 1.000000 -0.000000 0.000000
vn 1.000000 -0.000000 0.000000
vn 1.000000 -0.000000 0.000000
vn 1.000000 -0.000000 0.000000
vn 1.000000 -0.000000 0.000000
vn 1.000000 -0.000000 0.000000
vn 1.000000 -0.000000 0.000000
vn 1.000000 -0.000000 0.000000
vn 1.000000 -0.000000 0.000000
f 2874//2874 2871//2871 2872//2872
f 2874//2874 2872//2872 2873//2873
f 2868//2868 2869//2869 2870//2870
f 2868//2868 2870//2870 2871//2871
f 2877//2877 2875//2875 2876//2876
f 2866//2866 2867//2867 2868//2868
f 2865//2865 2866//2866 2868//2868
f 2864//2864 2874//2874 2875//2875
f 2864//2864 2871//2871 2874//2874
f 2864//2864 2868//2868 2871//2871
f 2864//2864 2865//2865 2868//2868
f 2880//2880 2877//2877 2878//2878
f 2880//2880 2878//2878 2879//2879
f 2863//2863 2864//2864 2875//2875
f 2881//2881 2875//2875 2877//2877
f 2881//2881 2877//2877 2880//2880
f 2861//2861 2862//2862 2863//2863
f 2883//2883 2881//2881 2882//2882
f 2860//2860 2875//2875 2881//2881
f 2860//2860 2863//2863 2875//2875
f 2860//2860 2861//2861 2863//2863
f 2884//2884 2881//2881 2883//2883
f 2884//2884 2860//2860 2881//2881
f 2858//2858 2859//2859 2860//2860
f 2887//2887 2885//2885 2886//2886
f 2892//2892 2893//2893 2858//2858
f 2891//2891 2892//2892 2858//2858
f 2891//2891 2860//2860 2884//2884
f 2891//2891 2858//2858 2860//2860
f 2889//2889 2887//2887 2888//2888
f 2890//2890 2887//2887 2889//2889
f 2890//2890 2884//2884 2885//2885
f 2890//2890 2891//2891 2884//2884
f 2890//2890 2885//2885 2887//2887
v 1783.000000 0.000000 2041.000000
v 1796.500000 0.000000 2041.000000
v 1796.500000 71.000000 1970.000000
v 1796.500000 69.921349 1982.328979
v 1796.500000 66.718178 1994.283447
v 1796.500000 61.487804 2005.500000
v 1796.500000 54.389156 2015.637939
v 1796.500000 45.637920 2024.389160
v 1796.500000 35.500000 2031.487793
v 1796.500000 24.283430 2036.718140
v 1796.500000 12.329021 2039.921387
v 1796.500000 0.000000 1899.000000
v 1796.500000 12.329021 1900.078613
v 1796.500000 24.283430 1903.281860
v 1796.500000 35.500000 1908.512207
v 1796.500000 45.637920 1915.610840
v 1796.500000 54.389156 1924.362061
v 1796.500000 61.487804 1934.500000
v 1796.500000 66.718178 1945.716553
v 1796.500000 69.921349 1957.671021
v 1783.000000 0.000000 1899.000000
v 1783.000000 12.329021 1900.078613
v 1783.000000 24.283430 1903.281860
v 1783.000000 35.500000 1908.512207
v 1783.000000 45.637920 1915.610840
v 1783.000000 54.389156 1924.362061
v 1783.000000 61.487804 1934.500000
v 1783.000000 66.718178 1945.716553
v 1783.000000 69.921349 1957.671021
v 1783.000000 71.000000 1970.000000
v 1783.000000 69.921349 1982.328979
v 1783.000000 66.718178 1994.283447
v 1783.000000 61.487804 2005.500000
v 1783.000000 54.389156 2015.637939
v 1783.000000 45.637920 2024.389160
v 1783.000000 35.500000 2031.487793
v 1783.000000 24.283430 2036.718140
v 1783.000000 12.329021 2039.921387
vn -0.000000 0.000000 1.000000
vn -0.000000 0.000000 1.000000
vn 0.000000 1.000000 -0.000000
vn -0.000000 0.984808 0.173648
vn -0.000000 0.939693 0.342020
vn -0.000000 0.866025 0.500000
vn -0.000000 0.766044 0.642788
vn -0.000000 0.642788 0.766044
vn -0.000000 0.500000 0.866025
vn -0.000000 0.342020 0.939693
vn -0.000000 0.173648 0.984808
vn 0.000000 0.000000 -1.000000
vn 0.000000 0.173648 -0.984808
vn 0.000000 0.342020 -0.939693
vn 0.000000 0.500000 -0.866025
vn 0.000000 0.642788 -0.766044
vn 0.000000 0.766044 -0.642788
vn 0.000000 0.866025 -0.500000
vn 0.000000 0.939693 -0.342020
vn 0.000000 0.984808 -0.173648
vn 0.000000 0.000000 -1.000000
vn 0.000000 0.173648 -0.984808
vn 0.000000 0.342020 -0.939693
vn 0.000000 0.500000 -0.866025
vn 0.000000 0.642788 -0.766044
vn 0.000000 0.766044 -0.642788
vn 0.000000 0.866025 -0.500000
vn 0.000000 0.939693 -0.342020
vn 0.000000 0.984808 -0.173648
vn 0.000000 1.000000 -0.000000
vn -0.000000 0.984808 0.173648
vn -0.000000 0.939693 0.342020
vn -0.000000 0.866025 0.500000
vn -0.000000 0.766044 0.642788
vn -0.000000 0.642788 0.766044
vn -0.000000 0.500000 0.866025
vn -0.000000 0.342020 0.939693
vn -0.000000 0.173648 0.984808
f 2906//2906 2905//2905 2914//2914
f 2906//2906 2914//2914 2915//2915
f 2907//2907 2915//2915 2916//2916
f 2907//2907 2906//2906 2915//2915
f 2908//2908 2916//2916 2917//2917
f 2908//2908 2907//2907 2916//2916
f 2909//2909 2917//2917 2918//2918
f 2909//2909 2908//2908 2917//2917
f 2910//2910 2918//2918 2919//2919
f 2910//2910 2909//2909 2918//2918
f 2911//2911 2919//2919 2920//2920
f 2911//2911 2910//2910 2919//2919
f 2912//2912 2920//2920 2921//2921
f 2912//2912 2911//2911 2920//2920
f 2913//2913 2921//2921 2922//2922
f 2913//2913 2912//2912 2921//2921
f 2896//2896 2922//2922 2923//2923
f 2896//2896 2913//2913 2922//2922
f 2897//2897 2923//2923 2924//2924
f 2897//2897 2896//2896 2923//2923
f 2898//2898 2924//2924 2925//2925
f 2898//2898 2897//2897 2924//2924
f 2899//2899 2925//2925 2926//2926
f 2899//2899 2926//2926 2927//2927
f 2899//2899 2898//2898 2925//2925
f 2900//2900 2927//2927 2928//2928
f 2900//2900 2899//2899 2927//2927
f 2901//2901 2900//2900 2928//2928
f 2902//2902 2901//2901 2928//2928
f 2902//2902 2928//2928 2929//2929
f 2903//2903 2902//2902 2929//2929
f 2903//2903 2929//2929 2930//2930
f 2904//2904 2903//2903 2930//2930
f 2904//2904 2930//2930 2931//2931
f 2895//2895 2904//2904 2931//2931
f 2895//2895 2931//2931 2894//2894
v 1783.000000 0.000000 1899.000000
v 1796.500000 0.000000 1899.000000
v 1796.500000 -71.000000 1970.000000
v 1796.500000 -69.921349 1957.671021
v 1796.500000 -66.718178 1945.716553
v 1796.500000 -61.487804 1934.500000
v 1796.500000 -54.389156 1924.362061
v 1796.500000 -45.637920 1915.610840
v 1796.500000 -35.500000 1908.512207
v 1796.500000 -24.283430 1903.281860
v 1796.500000 -12.329021 1900.078613
v 1796.500000 0.000000 2041.000000
v 1796.500000 -12.329021 2039.921387
v 1796.500000 -24.283430 2036.718140
v 1796.500000 -35.500000 2031.487793
v 1796.500000 -45.637920 2024.389160
v 1796.500000 -54.389156 2015.637939
v 1796.500000 -61.487804 2005.500000
v 1796.500000 -66.718178 1994.283447
v 1796.500000 -69.921349 1982.328979
v 1783.000000 0.000000 2041.000000
v 1783.000000 -12.329021 2039.921387
v 1783.000000 -24.283430 2036.718140
v 1783.000000 -35.500000 2031.487793
v 1783.000000 -45.637920 2024.389160
v 1783.000000 -54.389156 2015.637939
v 1783.000000 -61.487804 2005.500000
v 1783.000000 -66.718178 1994.283447
v 1783.000000 -69.921349 1982.328979
v 1783.000000 -71.000000 1970.000000
v 1783.000000 -69.921349 1957.671021
v 1783.000000 -66.718178 1945.716553
v 1783.000000 -61.487804 1934.500000
v 1783.000000 -54.389156 1924.362061
v 1783.000000 -45.637920 1915.610840
v 1783.000000 -35.500000 1908.512207
v 1783.000000 -24.283430 1903.281860
v 1783.000000 -12.329021 1900.078613
vn 0.000000 -0.000000 -1.000000
vn 0.000000 -0.000000 -1.000000
vn 0.000000 -1.000000 0.000000
vn 0.000000 -0.984808 -0.173648
vn 0.000000 -0.939693 -0.342020
vn 0.000000 -0.866025 -0.500000
vn 0.000000 -0.766044 -0.642788
vn 0.000000 -0.642788 -0.766044
vn 0.000000 -0.500000 -0.866025
vn 0.000000 -0.342020 -0.939693
vn 0.000000 -0.173648 -0.984808
vn 0.000000 0.000000 1.000000
vn 0.000000 -0.173648 0.984808
vn 0.000000 -0.342020 0.939693
vn 0.000000 -0.500000 0.866025
vn 0.000000 -0.642788 0.766044
vn 0.000000 -0.766044 0.642788
vn 0.000000 -0.866025 0.500000
vn 0.000000 -0.939693 0.342020
vn 0.000000 -0.984808 0.173648
vn 0.000000 0.000000 1.000000
vn 0.000000 -0.173648 0.984808
vn 0.000000 -0.342020 0.939693
vn 0.000000 -0.500000 0.866025
vn 0.000000 -0.642788 0.766044
vn 0.000000 -0.766044 0.642788
vn 0.000000 -0.866025 0.500000
vn 0.000000 -0.939693 0.342020
vn 0.000000 -0.984808 0.173648
vn 0.000000 -1.000000 0.000000
vn 0.000000 -0.984808 -0.173648
vn 0.000000 -0.939693 -0.342020
vn 0.000000 -0.866025 -0.500000
vn 0.000000 -0.766044 -0.642788
vn 0.000000 -0.642788 -0.766044
vn 0.000000 -0.500000 -0.866025
vn 0.000000 -0.342020 -0.939693
vn 0.000000 -0.173648 -0.984808
f 2944//2944 2943//2943 2952//2952
f 2944//2944 2952//2952 2953//2953
f 2945//2945 2953//2953 2954//2954
f 2945//2945 2944//2944 2953//2953
f 2946//2946 2954//2954 2955//2955
f 2946//2946 2945//2945 2954//2954
f 2947//2947 2955//2955 2956//2956
f 2947//2947 2956//2956 2957//2957
f 2947//2947 2946//2946 2955//2955
f 2948//2948 2957//2957 2958//2958
f 2948//2948 2947//2947 2957//2957
f 2949//2949 2958//2958 2959//2959
f 2949//2949 2948//2948 2958//2958
f 2950//2950 2949//2949 2959//2959
f 2951//2951 2959//2959 2960//2960
f 2951//2951 2950//2950 2959//2959
f 2934//2934 2960//2960 2961//2961
f 2934//2934 2951//2951 2960//2960
f 2935//2935 2961//2961 2962//2962
f 2935//2935 2934//2934 2961//2961
f 2936//2936 2962//2962 2963//2963
f 2936//2936 2935//2935 2962//2962
f 2937//2937 2963//2963 2964//2964
f 2937//2937 2936//2936 2963//2963
f 2938//2938 2964//2964 2965//2965
f 2938//2938 2937//2937 2964//2964
f 2939//2939 2965//2965 2966//2966
f 2939//2939 2938//2938 2965//2965
f 2940//2940 2939//2939 2966//2966
f 2940//2940 2966//2966 2967//2967
f 2941//2941 2940//2940 2967//2967
f 2941//2941 2967//2967 2968//2968
f 2942//2942 2941//2941 2968//2968
f 2942//2942 2968//2968 2969//2969
f 2933//2933 2942//2942 2969//2969
f 2933//2933 2969//2969 2932//2932
v 1783.599976 -54.126587 2001.250000
v 1786.053711 -54.126587 1997.000000
v 1783.599976 -54.126587 2001.250000
v 1786.053711 -54.126587 2005.500000
v 1786.053711 -53.388584 2005.435425
v 1786.053711 -52.673000 2005.243652
v 1786.053711 -52.001587 2004.930664
v 1786.053711 -51.394741 2004.505737
v 1786.053711 -50.870899 2003.981812
v 1786.053711 -50.445980 2003.375000
v 1786.053711 -50.132893 2002.703613
v 1786.053711 -49.941154 2001.988037
v 1786.053711 -49.876587 2001.250000
v 1786.053711 -49.941154 2000.511963
v 1786.053711 -50.132893 1999.796387
v 1786.053711 -50.445980 1999.125000
v 1786.053711 -50.870899 1998.518188
v 1786.053711 -51.394741 1997.994263
v 1786.053711 -52.001587 1997.569336
v 1786.053711 -52.673000 1997.256348
v 1786.053711 -53.388584 1997.064575
v 1784.213379 -53.502068 2000.390381
v 1784.213379 -53.798256 2000.239502
v 1784.826904 -53.469925 1999.229004
v 1784.213379 -53.267006 2000.625488
v 1784.826904 -52.877544 1999.530884
v 1784.213379 -53.116089 2000.921631
v 1785.440308 -53.141598 1998.218506
v 1784.826904 -52.407425 2000.000977
v 1784.213379 -53.064087 2001.250000
v 1785.440308 -52.253021 1998.671265
v 1784.826904 -52.105591 2000.593384
v 1784.213379 -53.116089 2001.578369
v 1785.440308 -51.547848 1999.376465
v 1784.826904 -52.001587 2001.250000
v 1784.213379 -53.267006 2001.874512
v 1785.440308 -51.095097 2000.265015
v 1784.826904 -52.105591 2001.906616
v 1784.213379 -53.502068 2002.109619
v 1785.440308 -50.939087 2001.250000
v 1784.826904 -52.407425 2002.499023
v 1784.213379 -53.798256 2002.260498
v 1785.440308 -51.095097 2002.234985
v 1784.826904 -52.877544 2002.969116
v 1785.440308 -51.547848 2003.123535
v 1784.826904 -53.469925 2003.270996
v 1785.440308 -52.253021 2003.828735
v 1785.440308 -53.141598 2004.281494
vn 0.866025 0.000000 0.500000
vn 0.866025 0.000000 0.500000
vn 0.866025 0.000000 -0.500000
vn 0.866025 0.000000 -0.500000
vn 0.866025 -0.086824 -0.492404
vn 0.866025 -0.171010 -0.469846
vn 0.866025 -0.250000 -0.433013
vn 0.866025 -0.321394 -0.383022
vn 0.866025 -0.383022 -0.321394
vn 0.866025 -0.433013 -0.250000
vn 0.866025 -0.469846 -0.171010
vn 0.866025 -0.492404 -0.086824
vn 0.866025 -0.500000 0.000000
vn 0.866025 -0.492404 0.086824
vn 0.866025 -0.469846 0.171010
vn 0.866025 -0.433013 0.250000
vn 0.866025 -0.383022 0.321394
vn 0.866025 -0.321394 0.383022
vn 0.866025 -0.250000 0.433013
vn 0.866025 -0.171010 0.469846
vn 0.866025 -0.086824 0.492404
vn 0.866025 -0.293893 0.404509
vn 0.866025 -0.154509 0.475528
vn 0.866025 -0.154509 0.475528
vn 0.866025 -0.404509 0.293893
vn 0.866025 -0.293893 0.404509
vn 0.866025 -0.475528 0.154509
vn 0.866025 -0.154509 0.475528
vn 0.866025 -0.404509 0.293893
vn 0.866025 -0.500000 0.000000
vn 0.866025 -0.293893 0.404509
vn 0.866025 -0.475528 0.154509
vn 0.866025 -0.475528 -0.154509
vn 0.866025 -0.404509 0.293893
vn 0.866025 -0.500000 0.000000
vn 0.866025 -0.404509 -0.293893
vn 0.866025 -0.475528 0.154509
vn 0.866025 -0.475528 -0.154509
vn 0.866025 -0.293893 -0.404509
vn 0.866025 -0.500000 0.000000
vn 0.866025 -0.404509 -0.293893
vn 0.866025 -0.154509 -0.475528
vn 0.866025 -0.475528 -0.154509
vn 0.866025 -0.293893 -0.404509
vn 0.866025 -0.404509 -0.293893
vn 0.866025 -0.154509 -0.475528
vn 0.866025 -0.293893 -0.404509
vn 0.866025 -0.154509 -0.475528
f 2991//2991 2970//2970 2992//2992
f 2993//2993 2970//2970 2971//2971
f 2993//2993 2992//2992 2970//2970
f 2994//2994 2970//2970 2991//2991
f 2995//2995 2992//2992 2993//2993
f 2995//2995 2991//2991 2992//2992
f 2996//2996 2970//2970 2994//2994
f 2997//2997 2989//2989 2988//2988
f 2997//2997 2990//2990 2989//2989
f 2997//2997 2971//2971 2990//2990
f 2997//2997 2993//2993 2971//2971
f 2998//2998 2991//2991 2995//2995
f 2998//2998 2994//2994 2991//2991
f 2999//2999 2972//2972 2970//2970
f 2999//2999 2970//2970 2996//2996
f 3000//3000 2988//2988 2987//2987
f 3000//3000 2995//2995 2993//2993
f 3000//3000 2997//2997 2988//2988
f 3000//3000 2993//2993 2997//2997
f 3001//3001 2994//2994 2998//2998
f 3001//3001 2996//2996 2994//2994
f 3002//3002 2972//2972 2999//2999
f 3003//3003 2986//2986 2985//2985
f 3003//3003 2987//2987 2986//2986
f 3003//3003 3000//3000 2987//2987
f 3003//3003 2998//2998 2995//2995
f 3003//3003 2995//2995 3000//3000
f 3004//3004 2999//2999 2996//2996
f 3004//3004 2996//2996 3001//3001
f 3005//3005 2972//2972 3002//3002
f 3006//3006 2984//2984 2983//2983
f 3006//3006 2985//2985 2984//2984
f 3006//3006 2998//2998 3003//3003
f 3006//3006 3001//3001 2998//2998
f 3006//3006 3003//3003 2985//2985
f 3007//3007 2999//2999 3004//3004
f 3007//3007 3002//3002 2999//2999
f 3007//3007 3005//3005 3002//3002
f 3008//3008 2972//2972 3005//3005
f 3009//3009 2982//2982 2981//2981
f 3009//3009 2983//2983 2982//2982
f 3009//3009 3006//3006 2983//2983
f 3009//3009 3004//3004 3001//3001
f 3009//3009 3001//3001 3006//3006
f 3010//3010 3005//3005 3007//3007
f 3011//3011 2972//2972 3008//3008
f 3012//3012 2980//2980 2979//2979
f 3012//3012 2981//2981 2980//2980
f 3012//3012 3004//3004 3009//3009
f 3012//3012 3007//3007 3004//3004
f 3012//3012 3009//3009 2981//2981
f 3012//3012 3010//3010 3007//3007
f 3013//3013 3008//3008 3005//3005
f 3013//3013 3005//3005 3010//3010
f 3014//3014 3010//3010 3012//3012
f 3014//3014 2979//2979 2978//2978
f 3014//3014 3012//3012 2979//2979
f 3015//3015 3011//3011 3008//3008
f 3015//3015 3008//3008 3013//3013
f 3015//3015 2973//2973 2972//2972
f 3015//3015 2972//2972 3011//3011
f 3016//3016 3010//3010 3014//3014
f 3016//3016 2977//2977 2976//2976
f 3016//3016 3014//3014 2978//2978
f 3016//3016 2978//2978 2977//2977
f 3016//3016 3013//3013 3010//3010
f 3017//3017 2974//2974 2973//2973
f 3017//3017 2975//2975 2974//2974
f 3017//3017 2976//2976 2975//2975
f 3017//3017 3013//3013 3016//3016
f 3017//3017 3015//3015 3013//3013
f 3017//3017 2973//2973 3015//3015
f 3017//3017 3016//3016 2976//2976
v 1783.599976 -54.126587 2001.250000
v 1786.053711 -54.126587 2005.500000
v 1783.599976 -54.126587 2001.250000
v 1786.053711 -54.126587 1997.000000
v 1786.053711 -54.864594 1997.064575
v 1786.053711 -55.580173 1997.256348
v 1786.053711 -56.251587 1997.569336
v 1786.053711 -56.858437 1997.994263
v 1786.053711 -57.382278 1998.518188
v 1786.053711 -57.807198 1999.125000
v 1786.053711 -58.120281 1999.796387
v 1786.053711 -58.312019 2000.511963
v 1786.053711 -58.376587 2001.250000
v 1786.053711 -58.314125 2001.976440
v 1786.053711 -58.128365 2002.681519
v 1786.053711 -57.824722 2003.344360
v 1786.053711 -57.412231 2003.945557
v 1786.053711 -56.903130 2004.467529
v 1786.053711 -56.312393 2004.894775
v 1786.053711 -55.657326 2005.214844
v 1786.053711 -54.957111 2005.418213
v 1786.053711 -54.543858 2005.479492
v 1784.213379 -54.751110 2002.109619
v 1784.213379 -54.454918 2002.260498
v 1784.826904 -54.783249 2003.270996
v 1784.213379 -54.986168 2001.874512
v 1784.826904 -55.375633 2002.969116
v 1784.213379 -55.137085 2001.578369
v 1785.440308 -55.111580 2004.281494
v 1784.826904 -55.845749 2002.499023
v 1784.213379 -55.189087 2001.250000
v 1785.440308 -56.000153 2003.828735
v 1784.826904 -56.147583 2001.906616
v 1784.213379 -55.137085 2000.921631
v 1785.440308 -56.705330 2003.123535
v 1784.826904 -56.251587 2001.250000
v 1784.213379 -54.986168 2000.625488
v 1785.440308 -57.158081 2002.234985
v 1784.826904 -56.147583 2000.593384
v 1784.213379 -54.751110 2000.390381
v 1785.440308 -57.314087 2001.250000
v 1784.826904 -55.845749 2000.000977
v 1784.213379 -54.454918 2000.239502
v 1785.440308 -57.158081 2000.265015
v 1784.826904 -55.375633 1999.530884
v 1785.440308 -56.705330 1999.376465
v 1784.826904 -54.783249 1999.229004
v 1785.440308 -56.000153 1998.671265
v 1785.440308 -55.111580 1998.218506
vn 0.866025 0.000000 -0.500000
vn 0.866025 -0.000000 -0.500000
vn 0.866025 0.000000 0.500000
vn 0.866025 0.000000 0.500000
vn 0.866025 0.086824 0.492404
vn 0.866025 0.171010 0.469846
vn 0.866025 0.250000 0.433013
vn 0.866025 0.321394 0.383022
vn 0.866025 0.383022 0.321394
vn 0.866025 0.433013 0.250000
vn 0.866025 0.469846 0.171010
vn 0.866025 0.492404 0.086824
vn 0.866025 0.500000 -0.000000
vn 0.866025 0.492642 -0.085462
vn 0.866025 0.470785 -0.168408
vn 0.866025 0.435073 -0.246398
vn 0.866025 0.386555 -0.317136
vn 0.866025 0.326661 -0.378540
vn 0.866025 0.257152 -0.428804
vn 0.866025 0.180076 -0.466447
vn 0.866025 0.097699 -0.490362
vn 0.866025 0.049087 -0.497585
vn 0.866025 0.293893 -0.404509
vn 0.866025 0.154509 -0.475528
vn 0.866025 0.154509 -0.475528
vn 0.866025 0.404509 -0.293893
vn 0.866025 0.293893 -0.404509
vn 0.866025 0.475528 -0.154509
vn 0.866025 0.154509 -0.475528
vn 0.866025 0.404509 -0.293893
vn 0.866025 0.500000 -0.000000
vn 0.866025 0.293893 -0.404509
vn 0.866025 0.475528 -0.154509
vn 0.866025 0.475528 0.154509
vn 0.866025 0.404509 -0.293893
vn 0.866025 0.500000 -0.000000
vn 0.866025 0.404509 0.293893
vn 0.866025 0.475528 -0.154509
vn 0.866025 0.475528 0.154509
vn 0.866025 0.293893 0.404509
vn 0.866025 0.500000 -0.000000
vn 0.866025 0.404509 0.293893
vn 0.866025 0.154509 0.475528
vn 0.866025 0.475528 0.154509
vn 0.866025 0.293893 0.404509
vn 0.866025 0.404509 0.293893
vn 0.866025 0.154509 0.475528
vn 0.866025 0.293893 0.404509
vn 0.866025 0.154509 0.475528
f 3040//3040 3018//3018 3041//3041
f 3042//3042 3018//3018 3019//3019
f 3042//3042 3041//3041 3018//3018
f 3043//3043 3018//3018 3040//3040
f 3044//3044 3041//3041 3042//3042
f 3044//3044 3040//3040 3041//3041
f 3045//3045 3018//3018 3043//3043
f 3046//3046 3037//3037 3036//3036
f 3046//3046 3038//3038 3037//3037
f 3046//3046 3039//3039 3038//3038
f 3046//3046 3019//3019 3039//3039
f 3046//3046 3042//3042 3019//3019
f 3047//3047 3040//3040 3044//3044
f 3047//3047 3043//3043 3040//3040
f 3048//3048 3020//3020 3018//3018
f 3048//3048 3018//3018 3045//3045
f 3049//3049 3036//3036 3035//3035
f 3049//3049 3044//3044 3042//3042
f 3049//3049 3042//3042 3046//3046
f 3049//3049 3046//3046 3036//3036
f 3050//3050 3045//3045 3043//3043
f 3050//3050 3043//3043 3047//3047
f 3051//3051 3020//3020 3048//3048
f 3052//3052 3034//3034 3033//3033
f 3052//3052 3035//3035 3034//3034
f 3052//3052 3049//3049 3035//3035
f 3052//3052 3044//3044 3049//3049
f 3052//3052 3047//3047 3044//3044
f 3053//3053 3048//3048 3045//3045
f 3053//3053 3045//3045 3050//3050
f 3053//3053 3051//3051 3048//3048
f 3054//3054 3020//3020 3051//3051
f 3055//3055 3032//3032 3031//3031
f 3055//3055 3033//3033 3032//3032
f 3055//3055 3052//3052 3033//3033
f 3055//3055 3050//3050 3047//3047
f 3055//3055 3047//3047 3052//3052
f 3056//3056 3051//3051 3053//3053
f 3057//3057 3020//3020 3054//3054
f 3058//3058 3030//3030 3029//3029
f 3058//3058 3031//3031 3030//3030
f 3058//3058 3055//3055 3031//3031
f 3058//3058 3053//3053 3050//3050
f 3058//3058 3050//3050 3055//3055
f 3059//3059 3054//3054 3051//3051
f 3059//3059 3051//3051 3056//3056
f 3059//3059 3057//3057 3054//3054
f 3060//3060 3020//3020 3057//3057
f 3061//3061 3028//3028 3027//3027
f 3061//3061 3029//3029 3028//3028
f 3061//3061 3058//3058 3029//3029
f 3061//3061 3056//3056 3053//3053
f 3061//3061 3053//3053 3058//3058
f 3062//3062 3060//3060 3057//3057
f 3062//3062 3057//3057 3059//3059
f 3063//3063 3059//3059 3056//3056
f 3063//3063 3027//3027 3026//3026
f 3063//3063 3061//3061 3027//3027
f 3063//3063 3056//3056 3061//3061
f 3064//3064 3060//3060 3062//3062
f 3064//3064 3021//3021 3020//3020
f 3064//3064 3020//3020 3060//3060
f 3065//3065 3025//3025 3024//3024
f 3065//3065 3059//3059 3063//3063
f 3065//3065 3026//3026 3025//3025
f 3065//3065 3062//3062 3059//3059
f 3065//3065 3063//3063 3026//3026
f 3066//3066 3022//3022 3021//3021
f 3066//3066 3023//3023 3022//3022
f 3066//3066 3024//3024 3023//3023
f 3066//3066 3065//3065 3024//3024
f 3066//3066 3062//3062 3065//3065
f 3066//3066 3064//3064 3062//3062
f 3066//3066 3021//3021 3064//3064
v 1783.599976 -62.500000 1970.000000
v 1786.053711 -62.500000 1965.750000
v 1783.599976 -62.500000 1970.000000
v 1786.053711 -62.500000 1974.250000
v 1786.053711 -61.761993 1974.185425
v 1786.053711 -61.046413 1973.993652
v 1786.053711 -60.375000 1973.680664
v 1786.053711 -59.768154 1973.255737
v 1786.053711 -59.244312 1972.731812
v 1786.053711 -58.819393 1972.125000
v 1786.053711 -58.506306 1971.453613
v 1786.053711 -58.314568 1970.738037
v 1786.053711 -58.250000 1970.000000
v 1786.053711 -58.314568 1969.261963
v 1786.053711 -58.506306 1968.546387
v 1786.053711 -58.819393 1967.875000
v 1786.053711 -59.244312 1967.268188
v 1786.053711 -59.768154 1966.744263
v 1786.053711 -60.375000 1966.319336
v 1786.053711 -61.046413 1966.006348
v 1786.053711 -61.761993 1965.814575
v 1784.213379 -61.875477 1969.140381
v 1784.213379 -62.171669 1968.989502
v 1784.826904 -61.843338 1967.979004
v 1784.213379 -61.640419 1969.375488
v 1784.826904 -61.250957 1968.280884
v 1784.213379 -61.489502 1969.671631
v 1785.440308 -61.515007 1966.968506
v 1784.826904 -60.780838 1968.750977
v 1784.213379 -61.437500 1970.000000
v 1785.440308 -60.626434 1967.421265
v 1784.826904 -60.479004 1969.343384
v 1784.213379 -61.489502 1970.328369
v 1785.440308 -59.921257 1968.126465
v 1784.826904 -60.375000 1970.000000
v 1784.213379 -61.640419 1970.624512
v 1785.440308 -59.468506 1969.015015
v 1784.826904 -60.479004 1970.656616
v 1784.213379 -61.875477 1970.859619
v 1785.440308 -59.312500 1970.000000
v 1784.826904 -60.780838 1971.249023
v 1784.213379 -62.171669 1971.010498
v 1785.440308 -59.468506 1970.984985
v 1784.826904 -61.250957 1971.719116
v 1785.440308 -59.921257 1971.873535
v 1784.826904 -61.843338 1972.020996
v 1785.440308 -60.626434 1972.578735
v 1785.440308 -61.515007 1973.031494
vn 0.866025 0.000000 0.500000
vn 0.866025 0.000000 0.500000
vn 0.866025 0.000000 -0.500000
vn 0.866025 -0.000000 -0.500000
vn 0.866025 -0.086824 -0.492404
vn 0.866025 -0.171010 -0.469846
vn 0.866025 -0.250000 -0.433013
vn 0.866025 -0.321394 -0.383022
vn 0.866025 -0.383022 -0.321394
vn 0.866025 -0.433013 -0.250000
vn 0.866025 -0.469846 -0.171010
vn 0.866025 -0.492404 -0.086824
vn 0.866025 -0.500000 0.000000
vn 0.866025 -0.492404 0.086824
vn 0.866025 -0.469846 0.171010
vn 0.866025 -0.433013 0.250000
vn 0.866025 -0.383022 0.321394
vn 0.866025 -0.321394 0.383022
vn 0.866025 -0.250000 0.433013
vn 0.866025 -0.171010 0.469846
vn 0.866025 -0.086824 0.492404
vn 0.866025 -0.293893 0.404509
vn 0.866025 -0.154509 0.475528
vn 0.866025 -0.154509 0.475528
vn 0.866025 -0.404509 0.293893
vn 0.866025 -0.293893 0.404509
vn 0.866025 -0.475528 0.154509
vn 0.866025 -0.154509 0.475528
vn 0.866025 -0.404509 0.293893
vn 0.866025 -0.500000 0.000000
vn 0.866025 -0.293893 0.404509
vn 0.866025 -0.475528 0.154509
vn 0.866025 -0.475528 -0.154509
vn 0.866025 -0.404509 0.293893
vn 0.866025 -0.500000 0.000000
vn 0.866025 -0.404509 -0.293893
vn 0.866025 -0.475528 0.154509
vn 0.866025 -0.475528 -0.154509
vn 0.866025 -0.293893 -0.404509
vn 0.866025 -0.500000 0.000000
vn 0.866025 -0.404509 -0.293893
vn 0.866025 -0.154509 -0.475528
vn 0.866025 -0.475528 -0.154509
vn 0.866025 -0.293893 -0.404509
vn 0.866025 -0.404509 -0.293893
vn 0.866025 -0.154509 -0.475528
vn 0.866025 -0.293893 -0.404509
vn 0.866025 -0.154509 -0.475528
f 3088//3088 3067//3067 3089//3089
f 3090//3090 3067//3067 3068//3068
f 3090//3090 3089//3089 3067//3067
f 3091//3091 3067//3067 3088//3088
f 3092//3092 3089//3089 3090//3090
f 3092//3092 3088//3088 3089//3089
f 3093//3093 3067//3067 3091//3091
f 3094//3094 3086//3086 3085//3085
f 3094//3094 3087//3087 3086//3086
f 3094//3094 3068//3068 3087//3087
f 3094//3094 3090//3090 3068//3068
f 3095//3095 3088//3088 3092//3092
f 3095//3095 3091//3091 3088//3088
f 3096//3096 3069//3069 3067//3067
f 3096//3096 3067//3067 3093//3093
f 3097//3097 3085//3085 3084//3084
f 3097//3097 3092//3092 3090//3090
f 3097//3097 3094//3094 3085//3085
f 3097//3097 3090//3090 3094//3094
f 3098//3098 3091//3091 3095//3095
f 3098//3098 3093//3093 3091//3091
f 3099//3099 3069//3069 3096//3096
f 3100//3100 3083//3083 3082//3082
f 3100//3100 3084//3084 3083//3083
f 3100//3100 3097//3097 3084//3084
f 3100//3100 3095//3095 3092//3092
f 3100//3100 3092//3092 3097//3097
f 3101//3101 3096//3096 3093//3093
f 3101//3101 3093//3093 3098//3098
f 3102//3102 3069//3069 3099//3099
f 3103//3103 3081//3081 3080//3080
f 3103//3103 3082//3082 3081//3081
f 3103//3103 3095//3095 3100//3100
f 3103//3103 3098//3098 3095//3095
f 3103//3103 3100//3100 3082//3082
f 3104//3104 3096//3096 3101//3101
f 3104//3104 3099//3099 3096//3096
f 3104//3104 3102//3102 3099//3099
f 3105//3105 3069//3069 3102//3102
f 3106//3106 3079//3079 3078//3078
f 3106//3106 3080//3080 3079//3079
f 3106//3106 3103//3103 3080//3080
f 3106//3106 3101//3101 3098//3098
f 3106//3106 3098//3098 3103//3103
f 3107//3107 3102//3102 3104//3104
f 3108//3108 3069//3069 3105//3105
f 3109//3109 3077//3077 3076//3076
f 3109//3109 3078//3078 3077//3077
f 3109//3109 3101//3101 3106//3106
f 3109//3109 3104//3104 3101//3101
f 3109//3109 3106//3106 3078//3078
f 3109//3109 3107//3107 3104//3104
f 3110//3110 3105//3105 3102//3102
f 3110//3110 3102//3102 3107//3107
f 3111//3111 3107//3107 3109//3109
f 3111//3111 3076//3076 3075//3075
f 3111//3111 3109//3109 3076//3076
f 3112//3112 3108//3108 3105//3105
f 3112//3112 3105//3105 3110//3110
f 3112//3112 3070//3070 3069//3069
f 3112//3112 3069//3069 3108//3108
f 3113//3113 3107//3107 3111//3111
f 3113//3113 3074//3074 3073//3073
f 3113//3113 3111//3111 3075//3075
f 3113//3113 3075//3075 3074//3074
f 3113//3113 3110//3110 3107//3107
f 3114//3114 3071//3071 3070//3070
f 3114//3114 3072//3072 3071//3071
f 3114//3114 3073//3073 3072//3072
f 3114//3114 3110//3110 3113//3113
f 3114//3114 3112//3112 3110//3110
f 3114//3114 3070//3070 3112//3112
f 3114//3114 3113//3113 3073//3073
v 1783.599976 -62.500000 1970.000000
v 1786.053711 -62.500000 1974.250000
v 1783.599976 -62.500000 1970.000000
v 1786.053711 -62.500000 1965.750000
v 1786.053711 -63.238007 1965.814575
v 1786.053711 -63.953587 1966.006348
v 1786.053711 -64.625000 1966.319336
v 1786.053711 -65.231850 1966.744263
v 1786.053711 -65.755692 1967.268188
v 1786.053711 -66.180611 1967.875000
v 1786.053711 -66.493690 1968.546387
v 1786.053711 -66.685432 1969.261963
v 1786.053711 -66.750000 1970.000000
v 1786.053711 -66.687538 1970.726440
v 1786.053711 -66.501778 1971.431519
v 1786.053711 -66.198135 1972.094360
v 1786.053711 -65.785645 1972.695557
v 1786.053711 -65.276543 1973.217529
v 1786.053711 -64.685806 1973.644775
v 1786.053711 -64.030739 1973.964844
v 1786.053711 -63.330524 1974.168213
v 1786.053711 -62.917271 1974.229492
v 1784.213379 -63.124523 1970.859619
v 1784.213379 -62.828331 1971.010498
v 1784.826904 -63.156662 1972.020996
v 1784.213379 -63.359581 1970.624512
v 1784.826904 -63.749043 1971.719116
v 1784.213379 -63.510498 1970.328369
v 1785.440308 -63.484993 1973.031494
v 1784.826904 -64.219162 1971.249023
v 1784.213379 -63.562500 1970.000000
v 1785.440308 -64.373566 1972.578735
v 1784.826904 -64.520996 1970.656616
v 1784.213379 -63.510498 1969.671631
v 1785.440308 -65.078743 1971.873535
v 1784.826904 -64.625000 1970.000000
v 1784.213379 -63.359581 1969.375488
v 1785.440308 -65.531494 1970.984985
v 1784.826904 -64.520996 1969.343384
v 1784.213379 -63.124523 1969.140381
v 1785.440308 -65.687500 1970.000000
v 1784.826904 -64.219162 1968.750977
v 1784.213379 -62.828331 1968.989502
v 1785.440308 -65.531494 1969.015015
v 1784.826904 -63.749043 1968.280884
v 1785.440308 -65.078743 1968.126465
v 1784.826904 -63.156662 1967.979004
v 1785.440308 -64.373566 1967.421265
v 1785.440308 -63.484993 1966.968506
vn 0.866025 0.000000 -0.500000
vn 0.866025 -0.000000 -0.500000
vn 0.866025 0.000000 0.500000
vn 0.866025 0.000000 0.500000
vn 0.866025 0.086824 0.492404
vn 0.866025 0.171010 0.469846
vn 0.866025 0.250000 0.433013
vn 0.866025 0.321394 0.383022
vn 0.866025 0.383022 0.321394
vn 0.866025 0.433013 0.250000
vn 0.866025 0.469846 0.171010
vn 0.866025 0.492404 0.086824
vn 0.866025 0.500000 -0.000000
vn 0.866025 0.492642 -0.085462
vn 0.866025 0.470785 -0.168408
vn 0.866025 0.435073 -0.246398
vn 0.866025 0.386555 -0.317136
vn 0.866025 0.326661 -0.378540
vn 0.866025 0.257152 -0.428804
vn 0.866025 0.180076 -0.466447
vn 0.866025 0.097699 -0.490362
vn 0.866025 0.049087 -0.497585
vn 0.866025 0.293893 -0.404509
vn 0.866025 0.154509 -0.475528
vn 0.866025 0.154509 -0.475528
vn 0.866025 0.404509 -0.293893
vn 0.866025 0.293893 -0.404509
vn 0.866025 0.475528 -0.154509
vn 0.866025 0.154509 -0.475528
vn 0.866025 0.404509 -0.293893
vn 0.866025 0.500000 -0.000000
vn 0.866025 0.293893 -0.404509
vn 0.866025 0.475528 -0.154509
vn 0.866025 0.475528 0.154509
vn 0.866025 0.404509 -0.293893
vn 0.866025 0.500000 -0.000000
vn 0.866025 0.404509 0.293893
vn 0.866025 0.475528 -0.154509
vn 0.866025 0.475528 0.154509
vn 0.866025 0.293893 0.404509
vn 0.866025 0.500000 -0.000000
vn 0.866025 0.404509 0.293893
vn 0.866025 0.154509 0.475528
vn 0.866025 0.475528 0.154509
vn 0.866025 0.293893 0.404509
vn 0.866025 0.404509 0.293893
vn 0.866025 0.154509 0.475528
vn 0.866025 0.293893 0.404509
vn 0.866025 0.154509 0.475528
f 3137//3137 3115//3115 3138//3138
f 3139//3139 3115//3115 3116//3116
f 3139//3139 3138//3138 3115//3115
f 3140//3140 3115//3115 3137//3137
f 3141//3141 3138//3138 3139//3139
f 3141//3141 3137//3137 3138//3138
f 3142//3142 3115//3115 3140//3140
f 3143//3143 3134//3134 3133//3133
f 3143//3143 3135//3135 3134//3134
f 3143//3143 3136//3136 3135//3135
f 3143//3143 3116//3116 3136//3136
f 3143//3143 3139//3139 3116//3116
f 3144//3144 3137//3137 3141//3141
f 3144//3144 3140//3140 3137//3137
f 3144//3144 3142//3142 3140//3140
f 3145//3145 3117//3117 3115//3115
f 3145//3145 3115//3115 3142//3142
f 3146//3146 3133//3133 3132//3132
f 3146//3146 3141//3141 3139//3139
f 3146//3146 3139//3139 3143//3143
f 3146//3146 3143//3143 3133//3133
f 3147//3147 3142//3142 3144//3144
f 3148//3148 3117//3117 3145//3145
f 3149//3149 3131//3131 3130//3130
f 3149//3149 3132//3132 3131//3131
f 3149//3149 3146//3146 3132//3132
f 3149//3149 3141//3141 3146//3146
f 3149//3149 3144//3144 3141//3141
f 3150//3150 3145//3145 3142//3142
f 3150//3150 3142//3142 3147//3147
f 3151//3151 3117//3117 3148//3148
f 3152//3152 3129//3129 3128//3128
f 3152//3152 3130//3130 3129//3129
f 3152//3152 3149//3149 3130//3130
f 3152//3152 3147//3147 3144//3144
f 3152//3152 3144//3144 3149//3149
f 3153//3153 3148//3148 3145//3145
f 3153//3153 3145//3145 3150//3150
f 3154//3154 3117//3117 3151//3151
f 3155//3155 3127//3127 3126//3126
f 3155//3155 3128//3128 3127//3127
f 3155//3155 3153//3153 3150//3150
f 3155//3155 3152//3152 3128//3128
f 3155//3155 3150//3150 3147//3147
f 3155//3155 3147//3147 3152//3152
f 3156//3156 3151//3151 3148//3148
f 3156//3156 3148//3148 3153//3153
f 3157//3157 3117//3117 3154//3154
f 3158//3158 3125//3125 3124//3124
f 3158//3158 3126//3126 3125//3125
f 3158//3158 3155//3155 3126//3126
f 3158//3158 3153//3153 3155//3155
f 3159//3159 3151//3151 3156//3156
f 3159//3159 3154//3154 3151//3151
f 3160//3160 3159//3159 3156//3156
f 3160//3160 3153//3153 3158//3158
f 3160//3160 3124//3124 3123//3123
f 3160//3160 3158//3158 3124//3124
f 3160//3160 3156//3156 3153//3153
f 3161//3161 3157//3157 3154//3154
f 3161//3161 3118//3118 3117//3117
f 3161//3161 3117//3117 3157//3157
f 3161//3161 3154//3154 3159//3159
f 3162//3162 3122//3122 3121//3121
f 3162//3162 3123//3123 3122//3122
f 3162//3162 3159//3159 3160//3160
f 3162//3162 3160//3160 3123//3123
f 3163//3163 3119//3119 3118//3118
f 3163//3163 3120//3120 3119//3119
f 3163//3163 3121//3121 3120//3120
f 3163//3163 3161//3161 3159//3159
f 3163//3163 3159//3159 3162//3162
f 3163//3163 3162//3162 3121//3121
f 3163//3163 3118//3118 3161//3161
v 1783.599976 -54.126587 1938.750000
v 1786.053711 -54.126587 1934.500000
v 1783.599976 -54.126587 1938.750000
v 1786.053711 -54.126587 1943.000000
v 1786.053711 -53.388584 1942.935425
v 1786.053711 -52.673000 1942.743652
v 1786.053711 -52.001587 1942.430664
v 1786.053711 -51.394741 1942.005737
v 1786.053711 -50.870899 1941.481812
v 1786.053711 -50.445980 1940.875000
v 1786.053711 -50.132893 1940.203613
v 1786.053711 -49.941154 1939.488037
v 1786.053711 -49.876587 1938.750000
v 1786.053711 -49.941154 1938.011963
v 1786.053711 -50.132893 1937.296387
v 1786.053711 -50.445980 1936.625000
v 1786.053711 -50.870899 1936.018188
v 1786.053711 -51.394741 1935.494263
v 1786.053711 -52.001587 1935.069336
v 1786.053711 -52.673000 1934.756348
v 1786.053711 -53.388584 1934.564575
v 1784.213379 -53.502068 1937.890381
v 1784.213379 -53.798256 1937.739502
v 1784.826904 -53.469925 1936.729004
v 1784.213379 -53.267006 1938.125488
v 1784.826904 -52.877544 1937.030884
v 1784.213379 -53.116089 1938.421631
v 1785.440308 -53.141598 1935.718506
v 1784.826904 -52.407425 1937.500977
v 1784.213379 -53.064087 1938.750000
v 1785.440308 -52.253021 1936.171265
v 1784.826904 -52.105591 1938.093384
v 1784.213379 -53.116089 1939.078369
v 1785.440308 -51.547848 1936.876465
v 1784.826904 -52.001587 1938.750000
v 1784.213379 -53.267006 1939.374512
v 1785.440308 -51.095097 1937.765015
v 1784.826904 -52.105591 1939.406616
v 1784.213379 -53.502068 1939.609619
v 1785.440308 -50.939087 1938.750000
v 1784.826904 -52.407425 1939.999023
v 1784.213379 -53.798256 1939.760498
v 1785.440308 -51.095097 1939.734985
v 1784.826904 -52.877544 1940.469116
v 1785.440308 -51.547848 1940.623535
v 1784.826904 -53.469925 1940.770996
v 1785.440308 -52.253021 1941.328735
v 1785.440308 -53.141598 1941.781494
vn 0.866025 0.000000 0.500000
vn 0.866025 0.000000 0.500000
vn 0.866025 0.000000 -0.500000
vn 0.866025 -0.000000 -0.500000
vn 0.866025 -0.086824 -0.492404
vn 0.866025 -0.171010 -0.469846
vn 0.866025 -0.250000 -0.433013
vn 0.866025 -0.321394 -0.383022
vn 0.866025 -0.383022 -0.321394
vn 0.866025 -0.433013 -0.250000
vn 0.866025 -0.469846 -0.171010
vn 0.866025 -0.492404 -0.086824
vn 0.866025 -0.500000 0.000000
vn 0.866025 -0.492404 0.086824
vn 0.866025 -0.469846 0.171010
vn 0.866025 -0.433013 0.250000
vn 0.866025 -0.383022 0.321394
vn 0.866025 -0.321394 0.383022
vn 0.866025 -0.250000 0.433013
vn 0.866025 -0.171010 0.469846
vn 0.866025 -0.086824 0.492404
vn 0.866025 -0.293893 0.404509
vn 0.866025 -0.154509 0.475528
vn 0.866025 -0.154509 0.475528
vn 0.866025 -0.404509 0.293893
vn 0.866025 -0.293893 0.404509
vn 0.866025 -0.475528 0.154509
vn 0.866025 -0.154509 0.475528
vn 0.866025 -0.404509 0.293893
vn 0.866025 -0.500000 0.000000
vn 0.866025 -0.293893 0.404509
vn 0.866025 -0.475528 0.154509
vn 0.866025 -0.475528 -0.154509
vn 0.866025 -0.404509 0.293893
vn 0.866025 -0.500000 0.000000
vn 0.866025 -0.404509 -0.293893
vn 0.866025 -0.475528 0.154509
vn 0.866025 -0.475528 -0.154509
vn 0.866025 -0.293893 -0.404509
vn 0.866025 -0.500000 0.000000
vn 0.866025 -0.404509 -0.293893
vn 0.866025 -0.154509 -0.475528
vn 0.866025 -0.475528 -0.154509
vn 0.866025 -0.293893 -0.404509
vn 0.866025 -0.404509 -0.293893
vn 0.866025 -0.154509 -0.475528
vn 0.866025 -0.293893 -0.404509
vn 0.866025 -0.154509 -0.475528
f 3185//3185 3164//3164 3186//3186
f 3187//3187 3164//3164 3165//3165
f 3187//3187 3186//3186 3164//3164
f 3188//3188 3164//3164 3185//3185
f 3189//3189 3186//3186 3187//3187
f 3189//3189 3185//3185 3186//3186
f 3190//3190 3164//3164 3188//3188
f 3191//3191 3183//3183 3182//3182
f 3191//3191 3184//3184 3183//3183
f 3191//3191 3165//3165 3184//3184
f 3191//3191 3187//3187 3165//3165
f 3192//3192 3185//3185 3189//3189
f 3192//3192 3188//3188 3185//3185
f 3193//3193 3166//3166 3164//3164
f 3193//3193 3164//3164 3190//3190
f 3194//3194 3182//3182 3181//3181
f 3194//3194 3189//3189 3187//3187
f 3194//3194 3191//3191 3182//3182
f 3194//3194 3187//3187 3191//3191
f 3195//3195 3188//3188 3192//3192
f 3195//3195 3190//3190 3188//3188
f 3196//3196 3166//3166 3193//3193
f 3197//3197 3180//3180 3179//3179
f 3197//3197 3181//3181 3180//3180
f 3197//3197 3194//3194 3181//3181
f 3197//3197 3192//3192 3189//3189
f 3197//3197 3189//3189 3194//3194
f 3198//3198 3193//3193 3190//3190
f 3198//3198 3190//3190 3195//3195
f 3199//3199 3166//3166 3196//3196
f 3200//3200 3178//3178 3177//3177
f 3200//3200 3179//3179 3178//3178
f 3200//3200 3192//3192 3197//3197
f 3200//3200 3195//3195 3192//3192
f 3200//3200 3197//3197 3179//3179
f 3201//3201 3193//3193 3198//3198
f 3201//3201 3196//3196 3193//3193
f 3201//3201 3199//3199 3196//3196
f 3202//3202 3166//3166 3199//3199
f 3203//3203 3176//3176 3175//3175
f 3203//3203 3177//3177 3176//3176
f 3203//3203 3200//3200 3177//3177
f 3203//3203 3198//3198 3195//3195
f 3203//3203 3195//3195 3200//3200
f 3204//3204 3199//3199 3201//3201
f 3205//3205 3166//3166 3202//3202
f 3206//3206 3174//3174 3173//3173
f 3206//3206 3175//3175 3174//3174
f 3206//3206 3198//3198 3203//3203
f 3206//3206 3201//3201 3198//3198
f 3206//3206 3203//3203 3175//3175
f 3206//3206 3204//3204 3201//3201
f 3207//3207 3202//3202 3199//3199
f 3207//3207 3199//3199 3204//3204
f 3208//3208 3204//3204 3206//3206
f 3208//3208 3173//3173 3172//3172
f 3208//3208 3206//3206 3173//3173
f 3209//3209 3205//3205 3202//3202
f 3209//3209 3202//3202 3207//3207
f 3209//3209 3167//3167 3166//3166
f 3209//3209 3166//3166 3205//3205
f 3210//3210 3204//3204 3208//3208
f 3210//3210 3171//3171 3170//3170
f 3210//3210 3208//3208 3172//3172
f 3210//3210 3172//3172 3171//3171
f 3210//3210 3207//3207 3204//3204
f 3211//3211 3168//3168 3167//3167
f 3211//3211 3169//3169 3168//3168
f 3211//3211 3170//3170 3169//3169
f 3211//3211 3207//3207 3210//3210
f 3211//3211 3209//3209 3207//3207
f 3211//3211 3167//3167 3209//3209
f 3211//3211 3210//3210 3170//3170
v 1783.599976 -54.126587 1938.750000
v 1786.053711 -54.126587 1943.000000
v 1783.599976 -54.126587 1938.750000
v 1786.053711 -54.126587 1934.500000
v 1786.053711 -54.864594 1934.564575
v 1786.053711 -55.580173 1934.756348
v 1786.053711 -56.251587 1935.069336
v 1786.053711 -56.858437 1935.494263
v 1786.053711 -57.382278 1936.018188
v 1786.053711 -57.807198 1936.625000
v 1786.053711 -58.120281 1937.296387
v 1786.053711 -58.312019 1938.011963
v 1786.053711 -58.376587 1938.750000
v 1786.053711 -58.314125 1939.476440
v 1786.053711 -58.128365 1940.181519
v 1786.053711 -57.824722 1940.844360
v 1786.053711 -57.412231 1941.445557
v 1786.053711 -56.903130 1941.967529
v 1786.053711 -56.312393 1942.394775
v 1786.053711 -55.657326 1942.714844
v 1786.053711 -54.957111 1942.918213
v 1786.053711 -54.543858 1942.979492
v 1784.213379 -54.751110 1939.609619
v 1784.213379 -54.454918 1939.760498
v 1784.826904 -54.783249 1940.770996
v 1784.213379 -54.986168 1939.374512
v 1784.826904 -55.375633 1940.469116
v 1784.213379 -55.137085 1939.078369
v 1785.440308 -55.111580 1941.781494
v 1784.826904 -55.845749 1939.999023
v 1784.213379 -55.189087 1938.750000
v 1785.440308 -56.000153 1941.328735
v 1784.826904 -56.147583 1939.406616
v 1784.213379 -55.137085 1938.421631
v 1785.440308 -56.705330 1940.623535
v 1784.826904 -56.251587 1938.750000
v 1784.213379 -54.986168 1938.125488
v 1785.440308 -57.158081 1939.734985
v 1784.826904 -56.147583 1938.093384
v 1784.213379 -54.751110 1937.890381
v 1785.440308 -57.314087 1938.750000
v 1784.826904 -55.845749 1937.500977
v 1784.213379 -54.454918 1937.739502
v 1785.440308 -57.158081 1937.765015
v 1784.826904 -55.375633 1937.030884
v 1785.440308 -56.705330 1936.876465
v 1784.826904 -54.783249 1936.729004
v 1785.440308 -56.000153 1936.171265
v 1785.440308 -55.111580 1935.718506
vn 0.866025 0.000000 -0.500000
vn 0.866025 -0.000000 -0.500000
vn 0.866025 0.000000 0.500000
vn 0.866025 0.000000 0.500000
vn 0.866025 0.086824 0.492404
vn 0.866025 0.171010 0.469846
vn 0.866025 0.250000 0.433013
vn 0.866025 0.321394 0.383022
vn 0.866025 0.383022 0.321394
vn 0.866025 0.433013 0.250000
vn 0.866025 0.469846 0.171010
vn 0.866025 0.492404 0.086824
vn 0.866025 0.500000 -0.000000
vn 0.866025 0.492642 -0.085462
vn 0.866025 0.470785 -0.168408
vn 0.866025 0.435073 -0.246398
vn 0.866025 0.386555 -0.317136
vn 0.866025 0.326661 -0.378540
vn 0.866025 0.257152 -0.428804
vn 0.866025 0.180076 -0.466447
vn 0.866025 0.097699 -0.490362
vn 0.866025 0.049087 -0.497585
vn 0.866025 0.293893 -0.404509
vn 0.866025 0.154509 -0.475528
vn 0.866025 0.154509 -0.475528
vn 0.866025 0.404509 -0.293893
vn 0.866025 0.293893 -0.404509
vn 0.866025 0.475528 -0.154509
vn 0.866025 0.154509 -0.475528
vn 0.866025 0.404509 -0.293893
vn 0.866025 0.500000 -0.000000
vn 0.866025 0.293893 -0.404509
vn 0.866025 0.475528 -0.154509
vn 0.866025 0.475528 0.154509
vn 0.866025 0.404509 -0.293893
vn 0.866025 0.500000 -0.000000
vn 0.866025 0.404509 0.293893
vn 0.866025 0.475528 -0.154509
vn 0.866025 0.475528 0.154509
vn 0.866025 0.293893 0.404509
vn 0.866025 0.500000 -0.000000
vn 0.866025 0.404509 0.293893
vn 0.866025 0.154509 0.475528
vn 0.866025 0.475528 0.154509
vn 0.866025 0.293893 0.404509
vn 0.866025 0.404509 0.293893
vn 0.866025 0.154509 0.475528
vn 0.866025 0.293893 0.404509
vn 0.866025 0.154509 0.475528
f 3234//3234 3212//3212 3235//3235
f 3236//3236 3212//3212 3213//3213
f 3236//3236 3235//3235 3212//3212
f 3237//3237 3212//3212 3234//3234
f 3238//3238 3235//3235 3236//3236
f 3238//3238 3234//3234 3235//3235
f 3239//3239 3212//3212 3237//3237
f 3240//3240 3231//3231 3230//3230
f 3240//3240 3232//3232 3231//3231
f 3240//3240 3233//3233 3232//3232
f 3240//3240 3213//3213 3233//3233
f 3240//3240 3236//3236 3213//3213
f 3241//3241 3234//3234 3238//3238
f 3241//3241 3237//3237 3234//3234
f 3242//3242 3214//3214 3212//3212
f 3242//3242 3212//3212 3239//3239
f 3243//3243 3230//3230 3229//3229
f 3243//3243 3238//3238 3236//3236
f 3243//3243 3236//3236 3240//3240
f 3243//3243 3240//3240 3230//3230
f 3244//3244 3239//3239 3237//3237
f 3244//3244 3237//3237 3241//3241
f 3245//3245 3214//3214 3242//3242
f 3246//3246 3228//3228 3227//3227
f 3246//3246 3229//3229 3228//3228
f 3246//3246 3243//3243 3229//3229
f 3246//3246 3238//3238 3243//3243
f 3246//3246 3241//3241 3238//3238
f 3247//3247 3242//3242 3239//3239
f 3247//3247 3239//3239 3244//3244
f 3247//3247 3245//3245 3242//3242
f 3248//3248 3214//3214 3245//3245
f 3249//3249 3226//3226 3225//3225
f 3249//3249 3227//3227 3226//3226
f 3249//3249 3246//3246 3227//3227
f 3249//3249 3244//3244 3241//3241
f 3249//3249 3241//3241 3246//3246
f 3250//3250 3245//3245 3247//3247
f 3251//3251 3214//3214 3248//3248
f 3252//3252 3224//3224 3223//3223
f 3252//3252 3225//3225 3224//3224
f 3252//3252 3249//3249 3225//3225
f 3252//3252 3247//3247 3244//3244
f 3252//3252 3244//3244 3249//3249
f 3253//3253 3248//3248 3245//3245
f 3253//3253 3245//3245 3250//3250
f 3253//3253 3251//3251 3248//3248
f 3254//3254 3214//3214 3251//3251
f 3255//3255 3222//3222 3221//3221
f 3255//3255 3223//3223 3222//3222
f 3255//3255 3252//3252 3223//3223
f 3255//3255 3250//3250 3247//3247
f 3255//3255 3247//3247 3252//3252
f 3256//3256 3254//3254 3251//3251
f 3256//3256 3251//3251 3253//3253
f 3257//3257 3253//3253 3250//3250
f 3257//3257 3221//3221 3220//3220
f 3257//3257 3255//3255 3221//3221
f 3257//3257 3250//3250 3255//3255
f 3258//3258 3254//3254 3256//3256
f 3258//3258 3215//3215 3214//3214
f 3258//3258 3214//3214 3254//3254
f 3259//3259 3219//3219 3218//3218
f 3259//3259 3253//3253 3257//3257
f 3259//3259 3220//3220 3219//3219
f 3259//3259 3256//3256 3253//3253
f 3259//3259 3257//3257 3220//3220
f 3260//3260 3216//3216 3215//3215
f 3260//3260 3217//3217 3216//3216
f 3260//3260 3218//3218 3217//3217
f 3260//3260 3259//3259 3218//3218
f 3260//3260 3256//3256 3259//3259
f 3260//3260 3258//3258 3256//3256
f 3260//3260 3215//3215 3258//3258
v 1783.599976 -31.250000 1915.873413
v 1786.053711 -31.250000 1911.623413
v 1783.599976 -31.250000 1915.873413
v 1786.053711 -31.250000 1920.123413
v 1786.053711 -30.511995 1920.058838
v 1786.053711 -29.796415 1919.867065
v 1786.053711 -29.125000 1919.554077
v 1786.053711 -28.518152 1919.129150
v 1786.053711 -27.994310 1918.605225
v 1786.053711 -27.569391 1917.998413
v 1786.053711 -27.256306 1917.327026
v 1786.053711 -27.064568 1916.611450
v 1786.053711 -27.000000 1915.873413
v 1786.053711 -27.064568 1915.135376
v 1786.053711 -27.256306 1914.419800
v 1786.053711 -27.569391 1913.748413
v 1786.053711 -27.994310 1913.141602
v 1786.053711 -28.518152 1912.617676
v 1786.053711 -29.125000 1912.192749
v 1786.053711 -29.796415 1911.879761
v 1786.053711 -30.511995 1911.687988
v 1784.213379 -30.625479 1915.013794
v 1784.213379 -30.921669 1914.862915
v 1784.826904 -30.593338 1913.852417
v 1784.213379 -30.390419 1915.248901
v 1784.826904 -30.000956 1914.154297
v 1784.213379 -30.239502 1915.545044
v 1785.440308 -30.265009 1912.841919
v 1784.826904 -29.530838 1914.624390
v 1784.213379 -30.187500 1915.873413
v 1785.440308 -29.376434 1913.294678
v 1784.826904 -29.229006 1915.216797
v 1784.213379 -30.239502 1916.201782
v 1785.440308 -28.671259 1913.999878
v 1784.826904 -29.125000 1915.873413
v 1784.213379 -30.390419 1916.497925
v 1785.440308 -28.218508 1914.888428
v 1784.826904 -29.229006 1916.530029
v 1784.213379 -30.625479 1916.733032
v 1785.440308 -28.062500 1915.873413
v 1784.826904 -29.530838 1917.122437
v 1784.213379 -30.921669 1916.883911
v 1785.440308 -28.218508 1916.858398
v 1784.826904 -30.000956 1917.592529
v 1785.440308 -28.671259 1917.746948
v 1784.826904 -30.593338 1917.894409
v 1785.440308 -29.376434 1918.452148
v 1785.440308 -30.265009 1918.904907
vn 0.884140 -0.330376 0.330376
vn 0.866025 0.000000 0.500000
vn 0.866025 0.000000 -0.500000
vn 0.866025 -0.000000 -0.500000
vn 0.866025 -0.086824 -0.492404
vn 0.866025 -0.171010 -0.469846
vn 0.866025 -0.250000 -0.433013
vn 0.866025 -0.321394 -0.383022
vn 0.866025 -0.383022 -0.321394
vn 0.866025 -0.433013 -0.250000
vn 0.866025 -0.469846 -0.171010
vn 0.866025 -0.492404 -0.086824
vn 0.866025 -0.500000 0.000000
vn 0.866025 -0.492404 0.086824
vn 0.866025 -0.469846 0.171010
vn 0.866025 -0.433013 0.250000
vn 0.866025 -0.383022 0.321394
vn 0.866025 -0.321394 0.383022
vn 0.866025 -0.250000 0.433013
vn 0.866025 -0.171010 0.469846
vn 0.866025 -0.086824 0.492404
vn 0.866025 -0.293893 0.404509
vn 0.866025 -0.154509 0.475528
vn 0.866025 -0.154509 0.475528
vn 0.866025 -0.404509 0.293893
vn 0.866025 -0.293893 0.404509
vn 0.866025 -0.475528 0.154509
vn 0.866025 -0.154509 0.475528
vn 0.866025 -0.404509 0.293893
vn 0.866025 -0.500000 0.000000
vn 0.866025 -0.293893 0.404509
vn 0.866025 -0.475528 0.154509
vn 0.866025 -0.475528 -0.154509
vn 0.866025 -0.404509 0.293893
vn 0.866025 -0.500000 0.000000
vn 0.866025 -0.404509 -0.293893
vn 0.866025 -0.475528 0.154509
vn 0.866025 -0.475528 -0.154509
vn 0.866025 -0.293893 -0.404509
vn 0.866025 -0.500000 0.000000
vn 0.866025 -0.404509 -0.293893
vn 0.866025 -0.154509 -0.475528
vn 0.866025 -0.475528 -0.154509
vn 0.866025 -0.293893 -0.404509
vn 0.866025 -0.404509 -0.293893
vn 0.866025 -0.154509 -0.475528
vn 0.866025 -0.293893 -0.404509
vn 0.866025 -0.154509 -0.475528
f 3282//3282 3261//3261 3283//3283
f 3284//3284 3261//3261 3262//3262
f 3284//3284 3283//3283 3261//3261
f 3285//3285 3261//3261 3282//3282
f 3286//3286 3283//3283 3284//3284
f 3286//3286 3282//3282 3283//3283
f 3287//3287 3261//3261 3285//3285
f 3288//3288 3280//3280 3279//3279
f 3288//3288 3281//3281 3280//3280
f 3288//3288 3262//3262 3281//3281
f 3288//3288 3284//3284 3262//3262
f 3289//3289 3282//3282 3286//3286
f 3289//3289 3287//3287 3285//3285
f 3289//3289 3285//3285 3282//3282
f 3290//3290 3263//3263 3261//3261
f 3290//3290 3261//3261 3287//3287
f 3291//3291 3279//3279 3278//3278
f 3291//3291 3286//3286 3284//3284
f 3291//3291 3288//3288 3279//3279
f 3291//3291 3284//3284 3288//3288
f 3292//3292 3287//3287 3289//3289
f 3293//3293 3263//3263 3290//3290
f 3294//3294 3277//3277 3276//3276
f 3294//3294 3278//3278 3277//3277
f 3294//3294 3291//3291 3278//3278
f 3294//3294 3289//3289 3286//3286
f 3294//3294 3286//3286 3291//3291
f 3295//3295 3290//3290 3287//3287
f 3295//3295 3287//3287 3292//3292
f 3296//3296 3263//3263 3293//3293
f 3297//3297 3275//3275 3274//3274
f 3297//3297 3276//3276 3275//3275
f 3297//3297 3294//3294 3276//3276
f 3297//3297 3292//3292 3289//3289
f 3297//3297 3289//3289 3294//3294
f 3298//3298 3290//3290 3295//3295
f 3298//3298 3293//3293 3290//3290
f 3299//3299 3263//3263 3296//3296
f 3300//3300 3273//3273 3272//3272
f 3300//3300 3274//3274 3273//3273
f 3300//3300 3297//3297 3274//3274
f 3300//3300 3295//3295 3292//3292
f 3300//3300 3292//3292 3297//3297
f 3301//3301 3296//3296 3293//3293
f 3301//3301 3293//3293 3298//3298
f 3302//3302 3263//3263 3299//3299
f 3303//3303 3271//3271 3270//3270
f 3303//3303 3272//3272 3271//3271
f 3303//3303 3298//3298 3295//3295
f 3303//3303 3300//3300 3272//3272
f 3303//3303 3295//3295 3300//3300
f 3304//3304 3302//3302 3299//3299
f 3304//3304 3299//3299 3296//3296
f 3304//3304 3296//3296 3301//3301
f 3305//3305 3298//3298 3303//3303
f 3305//3305 3270//3270 3269//3269
f 3305//3305 3303//3303 3270//3270
f 3305//3305 3301//3301 3298//3298
f 3306//3306 3264//3264 3263//3263
f 3306//3306 3263//3263 3302//3302
f 3306//3306 3302//3302 3304//3304
f 3307//3307 3268//3268 3267//3267
f 3307//3307 3269//3269 3268//3268
f 3307//3307 3301//3301 3305//3305
f 3307//3307 3305//3305 3269//3269
f 3307//3307 3304//3304 3301//3301
f 3308//3308 3265//3265 3264//3264
f 3308//3308 3266//3266 3265//3265
f 3308//3308 3267//3267 3266//3266
f 3308//3308 3307//3307 3267//3267
f 3308//3308 3306//3306 3304//3304
f 3308//3308 3304//3304 3307//3307
f 3308//3308 3264//3264 3306//3306
v 1783.599976 -31.250000 1915.873413
v 1786.053711 -31.250000 1920.123413
v 1783.599976 -31.250000 1915.873413
v 1786.053711 -31.250000 1911.623413
v 1786.053711 -31.988005 1911.687988
v 1786.053711 -32.703587 1911.879761
v 1786.053711 -33.375000 1912.192749
v 1786.053711 -33.981846 1912.617676
v 1786.053711 -34.505688 1913.141602
v 1786.053711 -34.930607 1913.748413
v 1786.053711 -35.243694 1914.419800
v 1786.053711 -35.435432 1915.135376
v 1786.053711 -35.500000 1915.873413
v 1786.053711 -35.435432 1916.611450
v 1786.053711 -35.243694 1917.327026
v 1786.053711 -34.930607 1917.998413
v 1786.053711 -34.505688 1918.605225
v 1786.053711 -33.981846 1919.129150
v 1786.053711 -33.375000 1919.554077
v 1786.053711 -32.703587 1919.867065
v 1786.053711 -31.988005 1920.058838
v 1784.213379 -31.874521 1916.733032
v 1784.213379 -31.578331 1916.883911
v 1784.826904 -31.906662 1917.894409
v 1784.213379 -32.109581 1916.497925
v 1784.826904 -32.499043 1917.592529
v 1784.213379 -32.260498 1916.201782
v 1785.440308 -32.234993 1918.904907
v 1784.826904 -32.969162 1917.122437
v 1784.213379 -32.312500 1915.873413
v 1785.440308 -33.123566 1918.452148
v 1784.826904 -33.270996 1916.530029
v 1784.213379 -32.260498 1915.545044
v 1785.440308 -33.828743 1917.746948
v 1784.826904 -33.375000 1915.873413
v 1784.213379 -32.109581 1915.248901
v 1785.440308 -34.281494 1916.858398
v 1784.826904 -33.270996 1915.216797
v 1784.213379 -31.874521 1915.013794
v 1785.440308 -34.437500 1915.873413
v 1784.826904 -32.969162 1914.624390
v 1784.213379 -31.578331 1914.862915
v 1785.440308 -34.281494 1914.888428
v 1784.826904 -32.499043 1914.154297
v 1785.440308 -33.828743 1913.999878
v 1784.826904 -31.906662 1913.852417
v 1785.440308 -33.123566 1913.294678
v 1785.440308 -32.234993 1912.841919
vn 0.866025 0.000000 -0.500000
vn 0.866025 -0.000000 -0.500000
vn 0.884140 0.330376 0.330376
vn 0.866025 0.000000 0.500000
vn 0.866025 0.086824 0.492404
vn 0.866025 0.171010 0.469846
vn 0.866025 0.250000 0.433013
vn 0.866025 0.321394 0.383022
vn 0.866025 0.383022 0.321394
vn 0.866025 0.433013 0.250000
vn 0.866025 0.469846 0.171010
vn 0.866025 0.492404 0.086824
vn 0.866025 0.500000 -0.000000
vn 0.866025 0.492404 -0.086824
vn 0.866025 0.469846 -0.171010
vn 0.866025 0.433013 -0.250000
vn 0.866025 0.383022 -0.321394
vn 0.866025 0.321394 -0.383022
vn 0.866025 0.250000 -0.433013
vn 0.866025 0.171010 -0.469846
vn 0.866025 0.086824 -0.492404
vn 0.866025 0.293893 -0.404509
vn 0.866025 0.154509 -0.475528
vn 0.866025 0.154509 -0.475528
vn 0.866025 0.404509 -0.293893
vn 0.866025 0.293893 -0.404509
vn 0.866025 0.475528 -0.154509
vn 0.866025 0.154509 -0.475528
vn 0.866025 0.404509 -0.293893
vn 0.866025 0.500000 -0.000000
vn 0.866025 0.293893 -0.404509
vn 0.866025 0.475528 -0.154509
vn 0.866025 0.475528 0.154509
vn 0.866025 0.404509 -0.293893
vn 0.866025 0.500000 -0.000000
vn 0.866025 0.404509 0.293893
vn 0.866025 0.475528 -0.154509
vn 0.866025 0.475528 0.154509
vn 0.866025 0.293893 0.404509
vn 0.866025 0.500000 -0.000000
vn 0.866025 0.404509 0.293893
vn 0.866025 0.154509 0.475528
vn 0.866025 0.475528 0.154509
vn 0.866025 0.293893 0.404509
vn 0.866025 0.404509 0.293893
vn 0.866025 0.154509 0.475528
vn 0.866025 0.293893 0.404509
vn 0.866025 0.154509 0.475528
f 3330//3330 3309//3309 3331//3331
f 3332//3332 3309//3309 3310//3310
f 3332//3332 3331//3331 3309//3309
f 3333//3333 3309//3309 3330//3330
f 3334//3334 3331//3331 3332//3332
f 3334//3334 3330//3330 3331//3331
f 3335//3335 3309//3309 3333//3333
f 3336//3336 3328//3328 3327//3327
f 3336//3336 3329//3329 3328//3328
f 3336//3336 3310//3310 3329//3329
f 3336//3336 3332//3332 3310//3310
f 3337//3337 3330//3330 3334//3334
f 3337//3337 3333//3333 3330//3330
f 3338//3338 3311//3311 3309//3309
f 3338//3338 3309//3309 3335//3335
f 3339//3339 3327//3327 3326//3326
f 3339//3339 3334//3334 3332//3332
f 3339//3339 3336//3336 3327//3327
f 3339//3339 3332//3332 3336//3336
f 3340//3340 3333//3333 3337//3337
f 3340//3340 3335//3335 3333//3333
f 3341//3341 3311//3311 3338//3338
f 3342//3342 3325//3325 3324//3324
f 3342//3342 3326//3326 3325//3325
f 3342//3342 3339//3339 3326//3326
f 3342//3342 3337//3337 3334//3334
f 3342//3342 3334//3334 3339//3339
f 3343//3343 3338//3338 3335//3335
f 3343//3343 3335//3335 3340//3340
f 3343//3343 3341//3341 3338//3338
f 3344//3344 3311//3311 3341//3341
f 3345//3345 3323//3323 3322//3322
f 3345//3345 3324//3324 3323//3323
f 3345//3345 3337//3337 3342//3342
f 3345//3345 3340//3340 3337//3337
f 3345//3345 3342//3342 3324//3324
f 3346//3346 3341//3341 3343//3343
f 3347//3347 3311//3311 3344//3344
f 3348//3348 3321//3321 3320//3320
f 3348//3348 3322//3322 3321//3321
f 3348//3348 3345//3345 3322//3322
f 3348//3348 3343//3343 3340//3340
f 3348//3348 3340//3340 3345//3345
f 3348//3348 3346//3346 3343//3343
f 3349//3349 3344//3344 3341//3341
f 3349//3349 3341//3341 3346//3346
f 3350//3350 3311//3311 3347//3347
f 3351//3351 3319//3319 3318//3318
f 3351//3351 3320//3320 3319//3319
f 3351//3351 3346//3346 3348//3348
f 3351//3351 3348//3348 3320//3320
f 3352//3352 3347//3347 3344//3344
f 3352//3352 3344//3344 3349//3349
f 3353//3353 3346//3346 3351//3351
f 3353//3353 3317//3317 3316//3316
f 3353//3353 3318//3318 3317//3317
f 3353//3353 3351//3351 3318//3318
f 3353//3353 3349//3349 3346//3346
f 3354//3354 3350//3350 3347//3347
f 3354//3354 3347//3347 3352//3352
f 3354//3354 3312//3312 3311//3311
f 3354//3354 3311//3311 3350//3350
f 3355//3355 3316//3316 3315//3315
f 3355//3355 3349//3349 3353//3353
f 3355//3355 3353//3353 3316//3316
f 3355//3355 3352//3352 3349//3349
f 3356//3356 3313//3313 3312//3312
f 3356//3356 3314//3314 3313//3313
f 3356//3356 3315//3315 3314//3314
f 3356//3356 3355//3355 3315//3315
f 3356//3356 3352//3352 3355//3355
f 3356//3356 3354//3354 3352//3352
f 3356//3356 3312//3312 3354//3354
v 1783.599976 31.250000 1915.873413
v 1786.053711 31.250000 1911.623413
v 1783.599976 31.250000 1915.873413
v 1786.053711 31.250000 1920.123413
v 1786.053711 31.988005 1920.058838
v 1786.053711 32.703587 1919.867065
v 1786.053711 33.375000 1919.554077
v 1786.053711 33.981846 1919.129150
v 1786.053711 34.505688 1918.605225
v 1786.053711 34.930607 1917.998413
v 1786.053711 35.243694 1917.327026
v 1786.053711 35.435432 1916.611450
v 1786.053711 35.500000 1915.873413
v 1786.053711 35.435432 1915.135376
v 1786.053711 35.243694 1914.419800
v 1786.053711 34.930607 1913.748413
v 1786.053711 34.505688 1913.141602
v 1786.053711 33.981846 1912.617676
v 1786.053711 33.375000 1912.192749
v 1786.053711 32.703587 1911.879761
v 1786.053711 31.988005 1911.687988
v 1784.213379 31.874521 1915.013794
v 1784.213379 31.578331 1914.862915
v 1784.826904 31.906662 1913.852417
v 1784.213379 32.109581 1915.248901
v 1784.826904 32.499043 1914.154297
v 1784.213379 32.260498 1915.545044
v 1785.440308 32.234993 1912.841919
v 1784.826904 32.969162 1914.624390
v 1784.213379 32.312500 1915.873413
v 1785.440308 33.123566 1913.294678
v 1784.826904 33.270996 1915.216797
v 1784.213379 32.260498 1916.201782
v 1785.440308 33.828743 1913.999878
v 1784.826904 33.375000 1915.873413
v 1784.213379 32.109581 1916.497925
v 1785.440308 34.281494 1914.888428
v 1784.826904 33.270996 1916.530029
v 1784.213379 31.874521 1916.733032
v 1785.440308 34.437500 1915.873413
v 1784.826904 32.969162 1917.122437
v 1784.213379 31.578331 1916.883911
v 1785.440308 34.281494 1916.858398
v 1784.826904 32.499043 1917.592529
v 1785.440308 33.828743 1917.746948
v 1784.826904 31.906662 1917.894409
v 1785.440308 33.123566 1918.452148
v 1785.440308 32.234993 1918.904907
vn 0.884140 -0.330376 0.330376
vn 0.866025 0.000000 0.500000
vn 0.866025 0.000000 -0.500000
vn 0.866025 -0.000000 -0.500000
vn 0.866025 -0.086824 -0.492404
vn 0.866025 -0.171010 -0.469846
vn 0.866025 -0.250000 -0.433013
vn 0.866025 -0.321394 -0.383022
vn 0.866025 -0.383022 -0.321394
vn 0.866025 -0.433013 -0.250000
vn 0.866025 -0.469846 -0.171010
vn 0.866025 -0.492404 -0.086824
vn 0.866025 -0.500000 0.000000
vn 0.866025 -0.492404 0.086824
vn 0.866025 -0.469846 0.171010
vn 0.866025 -0.433013 0.250000
vn 0.866025 -0.383022 0.321394
vn 0.866025 -0.321394 0.383022
vn 0.866025 -0.250000 0.433013
vn 0.866025 -0.171010 0.469846
vn 0.866025 -0.086824 0.492404
vn 0.866025 -0.293893 0.404509
vn 0.866025 -0.154509 0.475528
vn 0.866025 -0.154509 0.475528
vn 0.866025 -0.404509 0.293893
vn 0.866025 -0.293893 0.404509
vn 0.866025 -0.475528 0.154509
vn 0.866025 -0.154509 0.475528
vn 0.866025 -0.404509 0.293893
vn 0.866025 -0.500000 0.000000
vn 0.866025 -0.293893 0.404509
vn 0.866025 -0.475528 0.154509
vn 0.866025 -0.475528 -0.154509
vn 0.866025 -0.404509 0.293893
vn 0.866025 -0.500000 0.000000
vn 0.866025 -0.404509 -0.293893
vn 0.866025 -0.475528 0.154509
vn 0.866025 -0.475528 -0.154509
vn 0.866025 -0.293893 -0.404509
vn 0.866025 -0.500000 0.000000
vn 0.866025 -0.404509 -0.293893
vn 0.866025 -0.154509 -0.475528
vn 0.866025 -0.475528 -0.154509
vn 0.866025 -0.293893 -0.404509
vn 0.866025 -0.404509 -0.293893
vn 0.866025 -0.154509 -0.475528
vn 0.866025 -0.293893 -0.404509
vn 0.866025 -0.154509 -0.475528
f 3378//3378 3357//3357 3379//3379
f 3380//3380 3357//3357 3358//3358
f 3380//3380 3379//3379 3357//3357
f 3381//3381 3357//3357 3378//3378
f 3382//3382 3379//3379 3380//3380
f 3382//3382 3378//3378 3379//3379
f 3383//3383 3357//3357 3381//3381
f 3384//3384 3376//3376 3375//3375
f 3384//3384 3377//3377 3376//3376
f 3384//3384 3358//3358 3377//3377
f 3384//3384 3380//3380 3358//3358
f 3385//3385 3378//3378 3382//3382
f 3385//3385 3381//3381 3378//3378
f 3386//3386 3359//3359 3357//3357
f 3386//3386 3357//3357 3383//3383
f 3387//3387 3375//3375 3374//3374
f 3387//3387 3382//3382 3380//3380
f 3387//3387 3384//3384 3375//3375
f 3387//3387 3380//3380 3384//3384
f 3388//3388 3381//3381 3385//3385
f 3388//3388 3383//3383 3381//3381
f 3389//3389 3359//3359 3386//3386
f 3390//3390 3373//3373 3372//3372
f 3390//3390 3374//3374 3373//3373
f 3390//3390 3387//3387 3374//3374
f 3390//3390 3385//3385 3382//3382
f 3390//3390 3382//3382 3387//3387
f 3391//3391 3386//3386 3383//3383
f 3391//3391 3383//3383 3388//3388
f 3392//3392 3359//3359 3389//3389
f 3393//3393 3371//3371 3370//3370
f 3393//3393 3372//3372 3371//3371
f 3393//3393 3385//3385 3390//3390
f 3393//3393 3388//3388 3385//3385
f 3393//3393 3390//3390 3372//3372
f 3394//3394 3386//3386 3391//3391
f 3394//3394 3389//3389 3386//3386
f 3395//3395 3359//3359 3392//3392
f 3396//3396 3369//3369 3368//3368
f 3396//3396 3370//3370 3369//3369
f 3396//3396 3394//3394 3391//3391
f 3396//3396 3393//3393 3370//3370
f 3396//3396 3391//3391 3388//3388
f 3396//3396 3388//3388 3393//3393
f 3397//3397 3392//3392 3389//3389
f 3397//3397 3389//3389 3394//3394
f 3398//3398 3359//3359 3395//3395
f 3399//3399 3367//3367 3366//3366
f 3399//3399 3368//3368 3367//3367
f 3399//3399 3396//3396 3368//3368
f 3399//3399 3394//3394 3396//3396
f 3400//3400 3395//3395 3392//3392
f 3400//3400 3392//3392 3397//3397
f 3401//3401 3394//3394 3399//3399
f 3401//3401 3366//3366 3365//3365
f 3401//3401 3399//3399 3366//3366
f 3401//3401 3397//3397 3394//3394
f 3402//3402 3398//3398 3395//3395
f 3402//3402 3395//3395 3400//3400
f 3402//3402 3360//3360 3359//3359
f 3402//3402 3359//3359 3398//3398
f 3403//3403 3364//3364 3363//3363
f 3403//3403 3365//3365 3364//3364
f 3403//3403 3397//3397 3401//3401
f 3403//3403 3401//3401 3365//3365
f 3403//3403 3400//3400 3397//3397
f 3404//3404 3361//3361 3360//3360
f 3404//3404 3362//3362 3361//3361
f 3404//3404 3363//3363 3362//3362
f 3404//3404 3403//3403 3363//3363
f 3404//3404 3400//3400 3403//3403
f 3404//3404 3402//3402 3400//3400
f 3404//3404 3360//3360 3402//3402
v 1783.599976 31.250000 1915.873413
v 1786.053711 31.250000 1920.123413
v 1783.599976 31.250000 1915.873413
v 1786.053711 31.250000 1911.623413
v 1786.053711 30.511995 1911.687988
v 1786.053711 29.796415 1911.879761
v 1786.053711 29.125000 1912.192749
v 1786.053711 28.518152 1912.617676
v 1786.053711 27.994310 1913.141602
v 1786.053711 27.569391 1913.748413
v 1786.053711 27.256306 1914.419800
v 1786.053711 27.064568 1915.135376
v 1786.053711 27.000000 1915.873413
v 1786.053711 27.062462 1916.599854
v 1786.053711 27.248222 1917.304932
v 1786.053711 27.551867 1917.967773
v 1786.053711 27.964355 1918.568970
v 1786.053711 28.473459 1919.090942
v 1786.053711 29.064196 1919.518188
v 1786.053711 29.719263 1919.838257
v 1786.053711 30.419476 1920.041626
v 1786.053711 30.832729 1920.102905
v 1784.213379 30.625479 1916.733032
v 1784.213379 30.921669 1916.883911
v 1784.826904 30.593338 1917.894409
v 1784.213379 30.390419 1916.497925
v 1784.826904 30.000956 1917.592529
v 1784.213379 30.239502 1916.201782
v 1785.440308 30.265009 1918.904907
v 1784.826904 29.530838 1917.122437
v 1784.213379 30.187500 1915.873413
v 1785.440308 29.376434 1918.452148
v 1784.826904 29.229006 1916.530029
v 1784.213379 30.239502 1915.545044
v 1785.440308 28.671259 1917.746948
v 1784.826904 29.125000 1915.873413
v 1784.213379 30.390419 1915.248901
v 1785.440308 28.218508 1916.858398
v 1784.826904 29.229006 1915.216797
v 1784.213379 30.625479 1915.013794
v 1785.440308 28.062500 1915.873413
v 1784.826904 29.530838 1914.624390
v 1784.213379 30.921669 1914.862915
v 1785.440308 28.218508 1914.888428
v 1784.826904 30.000956 1914.154297
v 1785.440308 28.671259 1913.999878
v 1784.826904 30.593338 1913.852417
v 1785.440308 29.376434 1913.294678
v 1785.440308 30.265009 1912.841919
vn 0.866025 0.000000 -0.500000
vn 0.866025 -0.000000 -0.500000
vn 0.884140 0.330376 0.330376
vn 0.866025 0.000000 0.500000
vn 0.866025 0.086824 0.492404
vn 0.866025 0.171010 0.469846
vn 0.866025 0.250000 0.433013
vn 0.866025 0.321394 0.383022
vn 0.866025 0.383022 0.321394
vn 0.866025 0.433013 0.250000
vn 0.866025 0.469846 0.171010
vn 0.866025 0.492404 0.086824
vn 0.866025 0.500000 -0.000000
vn 0.866025 0.492642 -0.085462
vn 0.866025 0.470785 -0.168408
vn 0.866025 0.435073 -0.246398
vn 0.866025 0.386555 -0.317136
vn 0.866025 0.326661 -0.378540
vn 0.866025 0.257152 -0.428804
vn 0.866025 0.180076 -0.466447
vn 0.866025 0.097699 -0.490362
vn 0.866025 0.049087 -0.497585
vn 0.866025 0.293893 -0.404509
vn 0.866025 0.154509 -0.475528
vn 0.866025 0.154509 -0.475528
vn 0.866025 0.404509 -0.293893
vn 0.866025 0.293893 -0.404509
vn 0.866025 0.475528 -0.154509
vn 0.866025 0.154509 -0.475528
vn 0.866025 0.404509 -0.293893
vn 0.866025 0.500000 -0.000000
vn 0.866025 0.293893 -0.404509
vn 0.866025 0.475528 -0.154509
vn 0.866025 0.475528 0.154509
vn 0.866025 0.404509 -0.293893
vn 0.866025 0.500000 -0.000000
vn 0.866025 0.404509 0.293893
vn 0.866025 0.475528 -0.154509
vn 0.866025 0.475528 0.154509
vn 0.866025 0.293893 0.404509
vn 0.866025 0.500000 -0.000000
vn 0.866025 0.404509 0.293893
vn 0.866025 0.154509 0.475528
vn 0.866025 0.475528 0.154509
vn 0.866025 0.293893 0.404509
vn 0.866025 0.404509 0.293893
vn 0.866025 0.154509 0.475528
vn 0.866025 0.293893 0.404509
vn 0.866025 0.154509 0.475528
f 3427//3427 3405//3405 3428//3428
f 3429//3429 3405//3405 3406//3406
f 3429//3429 3428//3428 3405//3405
f 3430//3430 3405//3405 3427//3427
f 3431//3431 3428//3428 3429//3429
f 3431//3431 3427//3427 3428//3428
f 3432//3432 3405//3405 3430//3430
f 3433//3433 3424//3424 3423//3423
f 3433//3433 3425//3425 3424//3424
f 3433//3433 3426//3426 3425//3425
f 3433//3433 3406//3406 3426//3426
f 3433//3433 3429//3429 3406//3406
f 3434//3434 3427//3427 3431//3431
f 3434//3434 3430//3430 3427//3427
f 3435//3435 3407//3407 3405//3405
f 3435//3435 3405//3405 3432//3432
f 3436//3436 3423//3423 3422//3422
f 3436//3436 3431//3431 3429//3429
f 3436//3436 3429//3429 3433//3433
f 3436//3436 3433//3433 3423//3423
f 3437//3437 3432//3432 3430//3430
f 3437//3437 3430//3430 3434//3434
f 3438//3438 3407//3407 3435//3435
f 3439//3439 3421//3421 3420//3420
f 3439//3439 3422//3422 3421//3421
f 3439//3439 3436//3436 3422//3422
f 3439//3439 3431//3431 3436//3436
f 3439//3439 3434//3434 3431//3431
f 3440//3440 3435//3435 3432//3432
f 3440//3440 3432//3432 3437//3437
f 3440//3440 3438//3438 3435//3435
f 3441//3441 3407//3407 3438//3438
f 3442//3442 3419//3419 3418//3418
f 3442//3442 3420//3420 3419//3419
f 3442//3442 3439//3439 3420//3420
f 3442//3442 3437//3437 3434//3434
f 3442//3442 3434//3434 3439//3439
f 3443//3443 3438//3438 3440//3440
f 3444//3444 3407//3407 3441//3441
f 3445//3445 3417//3417 3416//3416
f 3445//3445 3418//3418 3417//3417
f 3445//3445 3443//3443 3440//3440
f 3445//3445 3442//3442 3418//3418
f 3445//3445 3440//3440 3437//3437
f 3445//3445 3437//3437 3442//3442
f 3446//3446 3441//3441 3438//3438
f 3446//3446 3438//3438 3443//3443
f 3447//3447 3407//3407 3444//3444
f 3448//3448 3415//3415 3414//3414
f 3448//3448 3416//3416 3415//3415
f 3448//3448 3445//3445 3416//3416
f 3448//3448 3443//3443 3445//3445
f 3449//3449 3444//3444 3441//3441
f 3449//3449 3441//3441 3446//3446
f 3450//3450 3446//3446 3443//3443
f 3450//3450 3413//3413 3412//3412
f 3450//3450 3414//3414 3413//3413
f 3450//3450 3448//3448 3414//3414
f 3450//3450 3443//3443 3448//3448
f 3451//3451 3447//3447 3444//3444
f 3451//3451 3408//3408 3407//3407
f 3451//3451 3444//3444 3449//3449
f 3451//3451 3407//3407 3447//3447
f 3452//3452 3412//3412 3411//3411
f 3452//3452 3449//3449 3446//3446
f 3452//3452 3450//3450 3412//3412
f 3452//3452 3446//3446 3450//3450
f 3453//3453 3408//3408 3451//3451
f 3453//3453 3409//3409 3408//3408
f 3453//3453 3410//3410 3409//3409
f 3453//3453 3411//3411 3410//3410
f 3453//3453 3449//3449 3452//3452
f 3453//3453 3452//3452 3411//3411
f 3453//3453 3451//3451 3449//3449
v 1783.599976 54.126587 1938.750000
v 1786.053711 54.126587 1934.500000
v 1783.599976 54.126587 1938.750000
v 1786.053711 54.126587 1943.000000
v 1786.053711 54.864594 1942.935425
v 1786.053711 55.580173 1942.743652
v 1786.053711 56.251587 1942.430664
v 1786.053711 56.858437 1942.005737
v 1786.053711 57.382278 1941.481812
v 1786.053711 57.807198 1940.875000
v 1786.053711 58.120281 1940.203613
v 1786.053711 58.312019 1939.488037
v 1786.053711 58.376587 1938.750000
v 1786.053711 58.312019 1938.011963
v 1786.053711 58.120281 1937.296387
v 1786.053711 57.807198 1936.625000
v 1786.053711 57.382278 1936.018188
v 1786.053711 56.858437 1935.494263
v 1786.053711 56.251587 1935.069336
v 1786.053711 55.580173 1934.756348
v 1786.053711 54.864594 1934.564575
v 1784.213379 54.751110 1937.890381
v 1784.213379 54.454918 1937.739502
v 1784.826904 54.783249 1936.729004
v 1784.213379 54.986168 1938.125488
v 1784.826904 55.375633 1937.030884
v 1784.213379 55.137085 1938.421631
v 1785.440308 55.111580 1935.718506
v 1784.826904 55.845749 1937.500977
v 1784.213379 55.189087 1938.750000
v 1785.440308 56.000153 1936.171265
v 1784.826904 56.147583 1938.093384
v 1784.213379 55.137085 1939.078369
v 1785.440308 56.705330 1936.876465
v 1784.826904 56.251587 1938.750000
v 1784.213379 54.986168 1939.374512
v 1785.440308 57.158081 1937.765015
v 1784.826904 56.147583 1939.406616
v 1784.213379 54.751110 1939.609619
v 1785.440308 57.314087 1938.750000
v 1784.826904 55.845749 1939.999023
v 1784.213379 54.454918 1939.760498
v 1785.440308 57.158081 1939.734985
v 1784.826904 55.375633 1940.469116
v 1785.440308 56.705330 1940.623535
v 1784.826904 54.783249 1940.770996
v 1785.440308 56.000153 1941.328735
v 1785.440308 55.111580 1941.781494
vn 0.866025 0.000000 0.500000
vn 0.866025 0.000000 0.500000
vn 0.866025 0.000000 -0.500000
vn 0.866025 -0.000000 -0.500000
vn 0.866025 -0.086824 -0.492404
vn 0.866025 -0.171010 -0.469846
vn 0.866025 -0.250000 -0.433013
vn 0.866025 -0.321394 -0.383022
vn 0.866025 -0.383022 -0.321394
vn 0.866025 -0.433013 -0.250000
vn 0.866025 -0.469846 -0.171010
vn 0.866025 -0.492404 -0.086824
vn 0.866025 -0.500000 0.000000
vn 0.866025 -0.492404 0.086824
vn 0.866025 -0.469846 0.171010
vn 0.866025 -0.433013 0.250000
vn 0.866025 -0.383022 0.321394
vn 0.866025 -0.321394 0.383022
vn 0.866025 -0.250000 0.433013
vn 0.866025 -0.171010 0.469846
vn 0.866025 -0.086824 0.492404
vn 0.866025 -0.293893 0.404509
vn 0.866025 -0.154509 0.475528
vn 0.866025 -0.154509 0.475528
vn 0.866025 -0.404509 0.293893
vn 0.866025 -0.293893 0.404509
vn 0.866025 -0.475528 0.154509
vn 0.866025 -0.154509 0.475528
vn 0.866025 -0.404509 0.293893
vn 0.866025 -0.500000 0.000000
vn 0.866025 -0.293893 0.404509
vn 0.866025 -0.475528 0.154509
vn 0.866025 -0.475528 -0.154509
vn 0.866025 -0.404509 0.293893
vn 0.866025 -0.500000 0.000000
vn 0.866025 -0.404509 -0.293893
vn 0.866025 -0.475528 0.154509
vn 0.866025 -0.475528 -0.154509
vn 0.866025 -0.293893 -0.404509
vn 0.866025 -0.500000 0.000000
vn 0.866025 -0.404509 -0.293893
vn 0.866025 -0.154509 -0.475528
vn 0.866025 -0.475528 -0.154509
vn 0.866025 -0.293893 -0.404509
vn 0.866025 -0.404509 -0.293893
vn 0.866025 -0.154509 -0.475528
vn 0.866025 -0.293893 -0.404509
vn 0.866025 -0.154509 -0.475528
f 3475//3475 3454//3454 3476//3476
f 3477//3477 3454//3454 3455//3455
f 3477//3477 3476//3476 3454//3454
f 3478//3478 3454//3454 3475//3475
f 3479//3479 3476//3476 3477//3477
f 3479//3479 3475//3475 3476//3476
f 3480//3480 3454//3454 3478//3478
f 3481//3481 3473//3473 3472//3472
f 3481//3481 3474//3474 3473//3473
f 3481//3481 3455//3455 3474//3474
f 3481//3481 3477//3477 3455//3455
f 3482//3482 3475//3475 3479//3479
f 3482//3482 3478//3478 3475//3475
f 3483//3483 3456//3456 3454//3454
f 3483//3483 3454//3454 3480//3480
f 3484//3484 3472//3472 3471//3471
f 3484//3484 3479//3479 3477//3477
f 3484//3484 3481//3481 3472//3472
f 3484//3484 3477//3477 3481//3481
f 3485//3485 3478//3478 3482//3482
f 3485//3485 3480//3480 3478//3478
f 3486//3486 3456//3456 3483//3483
f 3487//3487 3470//3470 3469//3469
f 3487//3487 3471//3471 3470//3470
f 3487//3487 3484//3484 3471//3471
f 3487//3487 3482//3482 3479//3479
f 3487//3487 3479//3479 3484//3484
f 3488//3488 3483//3483 3480//3480
f 3488//3488 3480//3480 3485//3485
f 3489//3489 3456//3456 3486//3486
f 3490//3490 3468//3468 3467//3467
f 3490//3490 3469//3469 3468//3468
f 3490//3490 3482//3482 3487//3487
f 3490//3490 3485//3485 3482//3482
f 3490//3490 3487//3487 3469//3469
f 3491//3491 3483//3483 3488//3488
f 3491//3491 3486//3486 3483//3483
f 3491//3491 3489//3489 3486//3486
f 3492//3492 3456//3456 3489//3489
f 3493//3493 3466//3466 3465//3465
f 3493//3493 3467//3467 3466//3466
f 3493//3493 3490//3490 3467//3467
f 3493//3493 3488//3488 3485//3485
f 3493//3493 3485//3485 3490//3490
f 3494//3494 3489//3489 3491//3491
f 3495//3495 3456//3456 3492//3492
f 3496//3496 3464//3464 3463//3463
f 3496//3496 3465//3465 3464//3464
f 3496//3496 3488//3488 3493//3493
f 3496//3496 3491//3491 3488//3488
f 3496//3496 3493//3493 3465//3465
f 3496//3496 3494//3494 3491//3491
f 3497//3497 3492//3492 3489//3489
f 3497//3497 3489//3489 3494//3494
f 3498//3498 3494//3494 3496//3496
f 3498//3498 3463//3463 3462//3462
f 3498//3498 3496//3496 3463//3463
f 3499//3499 3495//3495 3492//3492
f 3499//3499 3492//3492 3497//3497
f 3499//3499 3457//3457 3456//3456
f 3499//3499 3456//3456 3495//3495
f 3500//3500 3494//3494 3498//3498
f 3500//3500 3461//3461 3460//3460
f 3500//3500 3498//3498 3462//3462
f 3500//3500 3462//3462 3461//3461
f 3500//3500 3497//3497 3494//3494
f 3501//3501 3458//3458 3457//3457
f 3501//3501 3459//3459 3458//3458
f 3501//3501 3460//3460 3459//3459
f 3501//3501 3497//3497 3500//3500
f 3501//3501 3499//3499 3497//3497
f 3501//3501 3457//3457 3499//3499
f 3501//3501 3500//3500 3460//3460
v 1783.599976 54.126587 1938.750000
v 1786.053711 54.126587 1943.000000
v 1783.599976 54.126587 1938.750000
v 1786.053711 54.126587 1934.500000
v 1786.053711 53.388584 1934.564575
v 1786.053711 52.673000 1934.756348
v 1786.053711 52.001587 1935.069336
v 1786.053711 51.394741 1935.494263
v 1786.053711 50.870899 1936.018188
v 1786.053711 50.445980 1936.625000
v 1786.053711 50.132893 1937.296387
v 1786.053711 49.941154 1938.011963
v 1786.053711 49.876587 1938.750000
v 1786.053711 49.939049 1939.476440
v 1786.053711 50.124809 1940.181519
v 1786.053711 50.428455 1940.844360
v 1786.053711 50.840942 1941.445557
v 1786.053711 51.350048 1941.967529
v 1786.053711 51.940784 1942.394775
v 1786.053711 52.595852 1942.714844
v 1786.053711 53.296062 1942.918213
v 1786.053711 53.709316 1942.979492
v 1784.213379 53.502068 1939.609619
v 1784.213379 53.798256 1939.760498
v 1784.826904 53.469925 1940.770996
v 1784.213379 53.267006 1939.374512
v 1784.826904 52.877544 1940.469116
v 1784.213379 53.116089 1939.078369
v 1785.440308 53.141598 1941.781494
v 1784.826904 52.407425 1939.999023
v 1784.213379 53.064087 1938.750000
v 1785.440308 52.253021 1941.328735
v 1784.826904 52.105591 1939.406616
v 1784.213379 53.116089 1938.421631
v 1785.440308 51.547848 1940.623535
v 1784.826904 52.001587 1938.750000
v 1784.213379 53.267006 1938.125488
v 1785.440308 51.095097 1939.734985
v 1784.826904 52.105591 1938.093384
v 1784.213379 53.502068 1937.890381
v 1785.440308 50.939087 1938.750000
v 1784.826904 52.407425 1937.500977
v 1784.213379 53.798256 1937.739502
v 1785.440308 51.095097 1937.765015
v 1784.826904 52.877544 1937.030884
v 1785.440308 51.547848 1936.876465
v 1784.826904 53.469925 1936.729004
v 1785.440308 52.253021 1936.171265
v 1785.440308 53.141598 1935.718506
vn 0.866025 0.000000 -0.500000
vn 0.866025 -0.000000 -0.500000
vn 0.866025 0.000000 0.500000
vn 0.866025 0.000000 0.500000
vn 0.866025 0.086824 0.492404
vn 0.866025 0.171010 0.469846
vn 0.866025 0.250000 0.433013
vn 0.866025 0.321394 0.383022
vn 0.866025 0.383022 0.321394
vn 0.866025 0.433013 0.250000
vn 0.866025 0.469846 0.171010
vn 0.866025 0.492404 0.086824
vn 0.866025 0.500000 -0.000000
vn 0.866025 0.492642 -0.085462
vn 0.866025 0.470785 -0.168408
vn 0.866025 0.435073 -0.246398
vn 0.866025 0.386555 -0.317136
vn 0.866025 0.326661 -0.378540
vn 0.866025 0.257152 -0.428804
vn 0.866025 0.180076 -0.466447
vn 0.866025 0.097699 -0.490362
vn 0.866025 0.049087 -0.497585
vn 0.866025 0.293893 -0.404509
vn 0.866025 0.154509 -0.475528
vn 0.866025 0.154509 -0.475528
vn 0.866025 0.404509 -0.293893
vn 0.866025 0.293893 -0.404509
vn 0.866025 0.475528 -0.154509
vn 0.866025 0.154509 -0.475528
vn 0.866025 0.404509 -0.293893
vn 0.866025 0.500000 -0.000000
vn 0.866025 0.293893 -0.404509
vn 0.866025 0.475528 -0.154509
vn 0.866025 0.475528 0.154509
vn 0.866025 0.404509 -0.293893
vn 0.866025 0.500000 -0.000000
vn 0.866025 0.404509 0.293893
vn 0.866025 0.475528 -0.154509
vn 0.866025 0.475528 0.154509
vn 0.866025 0.293893 0.404509
vn 0.866025 0.500000 -0.000000
vn 0.866025 0.404509 0.293893
vn 0.866025 0.154509 0.475528
vn 0.866025 0.475528 0.154509
vn 0.866025 0.293893 0.404509
vn 0.866025 0.404509 0.293893
vn 0.866025 0.154509 0.475528
vn 0.866025 0.293893 0.404509
vn 0.866025 0.154509 0.475528
f 3524//3524 3502//3502 3525//3525
f 3526//3526 3502//3502 3503//3503
f 3526//3526 3525//3525 3502//3502
f 3527//3527 3502//3502 3524//3524
f 3528//3528 3525//3525 3526//3526
f 3528//3528 3524//3524 3525//3525
f 3529//3529 3502//3502 3527//3527
f 3530//3530 3521//3521 3520//3520
f 3530//3530 3522//3522 3521//3521
f 3530//3530 3523//3523 3522//3522
f 3530//3530 3503//3503 3523//3523
f 3530//3530 3526//3526 3503//3503
f 3531//3531 3524//3524 3528//3528
f 3531//3531 3527//3527 3524//3524
f 3532//3532 3504//3504 3502//3502
f 3532//3532 3502//3502 3529//3529
f 3533//3533 3520//3520 3519//3519
f 3533//3533 3528//3528 3526//3526
f 3533//3533 3526//3526 3530//3530
f 3533//3533 3530//3530 3520//3520
f 3534//3534 3529//3529 3527//3527
f 3534//3534 3527//3527 3531//3531
f 3535//3535 3504//3504 3532//3532
f 3536//3536 3518//3518 3517//3517
f 3536//3536 3519//3519 3518//3518
f 3536//3536 3533//3533 3519//3519
f 3536//3536 3528//3528 3533//3533
f 3536//3536 3531//3531 3528//3528
f 3537//3537 3532//3532 3529//3529
f 3537//3537 3529//3529 3534//3534
f 3537//3537 3535//3535 3532//3532
f 3538//3538 3504//3504 3535//3535
f 3539//3539 3516//3516 3515//3515
f 3539//3539 3517//3517 3516//3516
f 3539//3539 3536//3536 3517//3517
f 3539//3539 3534//3534 3531//3531
f 3539//3539 3531//3531 3536//3536
f 3540//3540 3535//3535 3537//3537
f 3541//3541 3504//3504 3538//3538
f 3542//3542 3514//3514 3513//3513
f 3542//3542 3515//3515 3514//3514
f 3542//3542 3539//3539 3515//3515
f 3542//3542 3537//3537 3534//3534
f 3542//3542 3534//3534 3539//3539
f 3543//3543 3538//3538 3535//3535
f 3543//3543 3535//3535 3540//3540
f 3543//3543 3541//3541 3538//3538
f 3544//3544 3504//3504 3541//3541
f 3545//3545 3512//3512 3511//3511
f 3545//3545 3513//3513 3512//3512
f 3545//3545 3542//3542 3513//3513
f 3545//3545 3540//3540 3537//3537
f 3545//3545 3537//3537 3542//3542
f 3546//3546 3544//3544 3541//3541
f 3546//3546 3541//3541 3543//3543
f 3547//3547 3543//3543 3540//3540
f 3547//3547 3511//3511 3510//3510
f 3547//3547 3545//3545 3511//3511
f 3547//3547 3540//3540 3545//3545
f 3548//3548 3544//3544 3546//3546
f 3548//3548 3505//3505 3504//3504
f 3548//3548 3504//3504 3544//3544
f 3549//3549 3509//3509 3508//3508
f 3549//3549 3543//3543 3547//3547
f 3549//3549 3510//3510 3509//3509
f 3549//3549 3546//3546 3543//3543
f 3549//3549 3547//3547 3510//3510
f 3550//3550 3506//3506 3505//3505
f 3550//3550 3507//3507 3506//3506
f 3550//3550 3508//3508 3507//3507
f 3550//3550 3549//3549 3508//3508
f 3550//3550 3546//3546 3549//3549
f 3550//3550 3548//3548 3546//3546
f 3550//3550 3505//3505 3548//3548
v 1783.599976 62.500000 1970.000000
v 1786.053711 62.500000 1965.750000
v 1783.599976 62.500000 1970.000000
v 1786.053711 62.500000 1974.250000
v 1786.053711 63.238007 1974.185425
v 1786.053711 63.953587 1973.993652
v 1786.053711 64.625000 1973.680664
v 1786.053711 65.231850 1973.255737
v 1786.053711 65.755692 1972.731812
v 1786.053711 66.180611 1972.125000
v 1786.053711 66.493690 1971.453613
v 1786.053711 66.685432 1970.738037
v 1786.053711 66.750000 1970.000000
v 1786.053711 66.687538 1969.273560
v 1786.053711 66.501778 1968.568481
v 1786.053711 66.198135 1967.905640
v 1786.053711 65.785645 1967.304443
v 1786.053711 65.276543 1966.782471
v 1786.053711 64.685806 1966.355225
v 1786.053711 64.030739 1966.035156
v 1786.053711 63.330524 1965.831787
v 1786.053711 62.917271 1965.770508
v 1784.213379 63.124523 1969.140381
v 1784.213379 62.828331 1968.989502
v 1784.826904 63.156662 1967.979004
v 1784.213379 63.359581 1969.375488
v 1784.826904 63.749043 1968.280884
v 1784.213379 63.510498 1969.671631
v 1785.440308 63.484993 1966.968506
v 1784.826904 64.219162 1968.750977
v 1784.213379 63.562500 1970.000000
v 1785.440308 64.373566 1967.421265
v 1784.826904 64.520996 1969.343384
v 1784.213379 63.510498 1970.328369
v 1785.440308 65.078743 1968.126465
v 1784.826904 64.625000 1970.000000
v 1784.213379 63.359581 1970.624512
v 1785.440308 65.531494 1969.015015
v 1784.826904 64.520996 1970.656616
v 1784.213379 63.124523 1970.859619
v 1785.440308 65.687500 1970.000000
v 1784.826904 64.219162 1971.249023
v 1784.213379 62.828331 1971.010498
v 1785.440308 65.531494 1970.984985
v 1784.826904 63.749043 1971.719116
v 1785.440308 65.078743 1971.873535
v 1784.826904 63.156662 1972.020996
v 1785.440308 64.373566 1972.578735
v 1785.440308 63.484993 1973.031494
vn 0.866025 0.000000 0.500000
vn 0.866025 0.000000 0.500000
vn 0.866025 0.000000 -0.500000
vn 0.866025 -0.000000 -0.500000
vn 0.866025 -0.086824 -0.492404
vn 0.866025 -0.171010 -0.469846
vn 0.866025 -0.250000 -0.433013
vn 0.866025 -0.321394 -0.383022
vn 0.866025 -0.383022 -0.321394
vn 0.866025 -0.433013 -0.250000
vn 0.866025 -0.469846 -0.171010
vn 0.866025 -0.492404 -0.086824
vn 0.866025 -0.500000 0.000000
vn 0.866025 -0.492642 0.085462
vn 0.866025 -0.470785 0.168408
vn 0.866025 -0.435073 0.246398
vn 0.866025 -0.386555 0.317136
vn 0.866025 -0.326661 0.378540
vn 0.866025 -0.257152 0.428804
vn 0.866025 -0.180076 0.466447
vn 0.866025 -0.097699 0.490362
vn 0.866025 -0.049087 0.497585
vn 0.866025 -0.293893 0.404509
vn 0.866025 -0.154509 0.475528
vn 0.866025 -0.154509 0.475528
vn 0.866025 -0.404509 0.293893
vn 0.866025 -0.293893 0.404509
vn 0.866025 -0.475528 0.154509
vn 0.866025 -0.154509 0.475528
vn 0.866025 -0.404509 0.293893
vn 0.866025 -0.500000 0.000000
vn 0.866025 -0.293893 0.404509
vn 0.866025 -0.475528 0.154509
vn 0.866025 -0.475528 -0.154509
vn 0.866025 -0.404509 0.293893
vn 0.866025 -0.500000 0.000000
vn 0.866025 -0.404509 -0.293893
vn 0.866025 -0.475528 0.154509
vn 0.866025 -0.475528 -0.154509
vn 0.866025 -0.293893 -0.404509
vn 0.866025 -0.500000 0.000000
vn 0.866025 -0.404509 -0.293893
vn 0.866025 -0.154509 -0.475528
vn 0.866025 -0.475528 -0.154509
vn 0.866025 -0.293893 -0.404509
vn 0.866025 -0.404509 -0.293893
vn 0.866025 -0.154509 -0.475528
vn 0.866025 -0.293893 -0.404509
vn 0.866025 -0.154509 -0.475528
f 3573//3573 3551//3551 3574//3574
f 3575//3575 3551//3551 3552//3552
f 3575//3575 3574//3574 3551//3551
f 3576//3576 3551//3551 3573//3573
f 3577//3577 3574//3574 3575//3575
f 3577//3577 3573//3573 3574//3574
f 3578//3578 3551//3551 3576//3576
f 3579//3579 3570//3570 3569//3569
f 3579//3579 3571//3571 3570//3570
f 3579//3579 3572//3572 3571//3571
f 3579//3579 3552//3552 3572//3572
f 3579//3579 3575//3575 3552//3552
f 3580//3580 3573//3573 3577//3577
f 3580//3580 3576//3576 3573//3573
f 3580//3580 3578//3578 3576//3576
f 3581//3581 3553//3553 3551//3551
f 3581//3581 3551//3551 3578//3578
f 3582//3582 3569//3569 3568//3568
f 3582//3582 3577//3577 3575//3575
f 3582//3582 3575//3575 3579//3579
f 3582//3582 3579//3579 3569//3569
f 3583//3583 3578//3578 3580//3580
f 3584//3584 3553//3553 3581//3581
f 3585//3585 3567//3567 3566//3566
f 3585//3585 3568//3568 3567//3567
f 3585//3585 3582//3582 3568//3568
f 3585//3585 3577//3577 3582//3582
f 3585//3585 3580//3580 3577//3577
f 3586//3586 3581//3581 3578//3578
f 3586//3586 3578//3578 3583//3583
f 3587//3587 3553//3553 3584//3584
f 3588//3588 3565//3565 3564//3564
f 3588//3588 3566//3566 3565//3565
f 3588//3588 3585//3585 3566//3566
f 3588//3588 3583//3583 3580//3580
f 3588//3588 3580//3580 3585//3585
f 3589//3589 3584//3584 3581//3581
f 3589//3589 3581//3581 3586//3586
f 3589//3589 3587//3587 3584//3584
f 3590//3590 3553//3553 3587//3587
f 3591//3591 3563//3563 3562//3562
f 3591//3591 3564//3564 3563//3563
f 3591//3591 3588//3588 3564//3564
f 3591//3591 3586//3586 3583//3583
f 3591//3591 3583//3583 3588//3588
f 3592//3592 3587//3587 3589//3589
f 3593//3593 3553//3553 3590//3590
f 3594//3594 3561//3561 3560//3560
f 3594//3594 3562//3562 3561//3561
f 3594//3594 3591//3591 3562//3562
f 3594//3594 3589//3589 3586//3586
f 3594//3594 3586//3586 3591//3591
f 3594//3594 3592//3592 3589//3589
f 3595//3595 3587//3587 3592//3592
f 3595//3595 3593//3593 3590//3590
f 3595//3595 3590//3590 3587//3587
f 3596//3596 3595//3595 3592//3592
f 3596//3596 3592//3592 3594//3594
f 3596//3596 3560//3560 3559//3559
f 3596//3596 3594//3594 3560//3560
f 3597//3597 3554//3554 3553//3553
f 3597//3597 3553//3553 3593//3593
f 3597//3597 3593//3593 3595//3595
f 3598//3598 3558//3558 3557//3557
f 3598//3598 3559//3559 3558//3558
f 3598//3598 3595//3595 3596//3596
f 3598//3598 3596//3596 3559//3559
f 3599//3599 3555//3555 3554//3554
f 3599//3599 3556//3556 3555//3555
f 3599//3599 3557//3557 3556//3556
f 3599//3599 3597//3597 3595//3595
f 3599//3599 3595//3595 3598//3598
f 3599//3599 3554//3554 3597//3597
f 3599//3599 3598//3598 3557//3557
v 1783.599976 62.500000 1970.000000
v 1786.053711 62.500000 1974.250000
v 1783.599976 62.500000 1970.000000
v 1786.053711 62.500000 1965.750000
v 1786.053711 61.761993 1965.814575
v 1786.053711 61.046413 1966.006348
v 1786.053711 60.375000 1966.319336
v 1786.053711 59.768154 1966.744263
v 1786.053711 59.244312 1967.268188
v 1786.053711 58.819393 1967.875000
v 1786.053711 58.506306 1968.546387
v 1786.053711 58.314568 1969.261963
v 1786.053711 58.250000 1970.000000
v 1786.053711 58.314568 1970.738037
v 1786.053711 58.506306 1971.453613
v 1786.053711 58.819393 1972.125000
v 1786.053711 59.244312 1972.731812
v 1786.053711 59.768154 1973.255737
v 1786.053711 60.375000 1973.680664
v 1786.053711 61.046413 1973.993652
v 1786.053711 61.761993 1974.185425
v 1784.213379 61.875477 1970.859619
v 1784.213379 62.171669 1971.010498
v 1784.826904 61.843338 1972.020996
v 1784.213379 61.640419 1970.624512
v 1784.826904 61.250957 1971.719116
v 1784.213379 61.489502 1970.328369
v 1785.440308 61.515007 1973.031494
v 1784.826904 60.780838 1971.249023
v 1784.213379 61.437500 1970.000000
v 1785.440308 60.626434 1972.578735
v 1784.826904 60.479004 1970.656616
v 1784.213379 61.489502 1969.671631
v 1785.440308 59.921257 1971.873535
v 1784.826904 60.375000 1970.000000
v 1784.213379 61.640419 1969.375488
v 1785.440308 59.468506 1970.984985
v 1784.826904 60.479004 1969.343384
v 1784.213379 61.875477 1969.140381
v 1785.440308 59.312500 1970.000000
v 1784.826904 60.780838 1968.750977
v 1784.213379 62.171669 1968.989502
v 1785.440308 59.468506 1969.015015
v 1784.826904 61.250957 1968.280884
v 1785.440308 59.921257 1968.126465
v 1784.826904 61.843338 1967.979004
v 1785.440308 60.626434 1967.421265
v 1785.440308 61.515007 1966.968506
vn 0.866025 0.000000 -0.500000
vn 0.866025 -0.000000 -0.500000
vn 0.866025 0.000000 0.500000
vn 0.866025 0.000000 0.500000
vn 0.866025 0.086824 0.492404
vn 0.866025 0.171010 0.469846
vn 0.866025 0.250000 0.433013
vn 0.866025 0.321394 0.383022
vn 0.866025 0.383022 0.321394
vn 0.866025 0.433013 0.250000
vn 0.866025 0.469846 0.171010
vn 0.866025 0.492404 0.086824
vn 0.866025 0.500000 -0.000000
vn 0.866025 0.492404 -0.086824
vn 0.866025 0.469846 -0.171010
vn 0.866025 0.433013 -0.250000
vn 0.866025 0.383022 -0.321394
vn 0.866025 0.321394 -0.383022
vn 0.866025 0.250000 -0.433013
vn 0.866025 0.171010 -0.469846
vn 0.866025 0.086824 -0.492404
vn 0.866025 0.293893 -0.404509
vn 0.866025 0.154509 -0.475528
vn 0.866025 0.154509 -0.475528
vn 0.866025 0.404509 -0.293893
vn 0.866025 0.293893 -0.404509
vn 0.866025 0.475528 -0.154509
vn 0.866025 0.154509 -0.475528
vn 0.866025 0.404509 -0.293893
vn 0.866025 0.500000 -0.000000
vn 0.866025 0.293893 -0.404509
vn 0.866025 0.475528 -0.154509
vn 0.866025 0.475528 0.154509
vn 0.866025 0.404509 -0.293893
vn 0.866025 0.500000 -0.000000
vn 0.866025 0.404509 0.293893
vn 0.866025 0.475528 -0.154509
vn 0.866025 0.475528 0.154509
vn 0.866025 0.293893 0.404509
vn 0.866025 0.500000 -0.000000
vn 0.866025 0.404509 0.293893
vn 0.866025 0.154509 0.475528
vn 0.866025 0.475528 0.154509
vn 0.866025 0.293893 0.404509
vn 0.866025 0.404509 0.293893
vn 0.866025 0.154509 0.475528
vn 0.866025 0.293893 0.404509
vn 0.866025 0.154509 0.475528
f 3621//3621 3600//3600 3622//3622
f 3623//3623 3600//3600 3601//3601
f 3623//3623 3622//3622 3600//3600
f 3624//3624 3600//3600 3621//3621
f 3625//3625 3622//3622 3623//3623
f 3625//3625 3621//3621 3622//3622
f 3626//3626 3600//3600 3624//3624
f 3627//3627 3619//3619 3618//3618
f 3627//3627 3620//3620 3619//3619
f 3627//3627 3601//3601 3620//3620
f 3627//3627 3623//3623 3601//3601
f 3628//3628 3621//3621 3625//3625
f 3628//3628 3624//3624 3621//3621
f 3629//3629 3602//3602 3600//3600
f 3629//3629 3600//3600 3626//3626
f 3630//3630 3618//3618 3617//3617
f 3630//3630 3625//3625 3623//3623
f 3630//3630 3627//3627 3618//3618
f 3630//3630 3623//3623 3627//3627
f 3631//3631 3624//3624 3628//3628
f 3631//3631 3626//3626 3624//3624
f 3632//3632 3602//3602 3629//3629
f 3633//3633 3616//3616 3615//3615
f 3633//3633 3617//3617 3616//3616
f 3633//3633 3630//3630 3617//3617
f 3633//3633 3628//3628 3625//3625
f 3633//3633 3625//3625 3630//3630
f 3634//3634 3629//3629 3626//3626
f 3634//3634 3626//3626 3631//3631
f 3634//3634 3632//3632 3629//3629
f 3635//3635 3602//3602 3632//3632
f 3636//3636 3614//3614 3613//3613
f 3636//3636 3615//3615 3614//3614
f 3636//3636 3628//3628 3633//3633
f 3636//3636 3631//3631 3628//3628
f 3636//3636 3633//3633 3615//3615
f 3637//3637 3632//3632 3634//3634
f 3638//3638 3602//3602 3635//3635
f 3639//3639 3612//3612 3611//3611
f 3639//3639 3613//3613 3612//3612
f 3639//3639 3636//3636 3613//3613
f 3639//3639 3634//3634 3631//3631
f 3639//3639 3631//3631 3636//3636
f 3640//3640 3635//3635 3632//3632
f 3640//3640 3632//3632 3637//3637
f 3640//3640 3638//3638 3635//3635
f 3641//3641 3602//3602 3638//3638
f 3642//3642 3610//3610 3609//3609
f 3642//3642 3611//3611 3610//3610
f 3642//3642 3639//3639 3611//3611
f 3642//3642 3637//3637 3634//3634
f 3642//3642 3634//3634 3639//3639
f 3643//3643 3641//3641 3638//3638
f 3643//3643 3638//3638 3640//3640
f 3644//3644 3637//3637 3642//3642
f 3644//3644 3609//3609 3608//3608
f 3644//3644 3642//3642 3609//3609
f 3644//3644 3640//3640 3637//3637
f 3645//3645 3603//3603 3602//3602
f 3645//3645 3602//3602 3641//3641
f 3645//3645 3641//3641 3643//3643
f 3646//3646 3607//3607 3606//3606
f 3646//3646 3643//3643 3640//3640
f 3646//3646 3608//3608 3607//3607
f 3646//3646 3644//3644 3608//3608
f 3646//3646 3640//3640 3644//3644
f 3647//3647 3604//3604 3603//3603
f 3647//3647 3605//3605 3604//3604
f 3647//3647 3606//3606 3605//3605
f 3647//3647 3646//3646 3606//3606
f 3647//3647 3645//3645 3643//3643
f 3647//3647 3603//3603 3645//3645
f 3647//3647 3643//3643 3646//3646
v 1783.599976 54.126587 2001.250000
v 1786.053711 54.126587 1997.000000
v 1783.599976 54.126587 2001.250000
v 1786.053711 54.126587 2005.500000
v 1786.053711 54.864594 2005.435425
v 1786.053711 55.580173 2005.243652
v 1786.053711 56.251587 2004.930664
v 1786.053711 56.858437 2004.505737
v 1786.053711 57.382278 2003.981812
v 1786.053711 57.807198 2003.375000
v 1786.053711 58.120281 2002.703613
v 1786.053711 58.312019 2001.988037
v 1786.053711 58.376587 2001.250000
v 1786.053711 58.312019 2000.511963
v 1786.053711 58.120281 1999.796387
v 1786.053711 57.807198 1999.125000
v 1786.053711 57.382278 1998.518188
v 1786.053711 56.858437 1997.994263
v 1786.053711 56.251587 1997.569336
v 1786.053711 55.580173 1997.256348
v 1786.053711 54.864594 1997.064575
v 1784.213379 54.751110 2000.390381
v 1784.213379 54.454918 2000.239502
v 1784.826904 54.783249 1999.229004
v 1784.213379 54.986168 2000.625488
v 1784.826904 55.375633 1999.530884
v 1784.213379 55.137085 2000.921631
v 1785.440308 55.111580 1998.218506
v 1784.826904 55.845749 2000.000977
v 1784.213379 55.189087 2001.250000
v 1785.440308 56.000153 1998.671265
v 1784.826904 56.147583 2000.593384
v 1784.213379 55.137085 2001.578369
v 1785.440308 56.705330 1999.376465
v 1784.826904 56.251587 2001.250000
v 1784.213379 54.986168 2001.874512
v 1785.440308 57.158081 2000.265015
v 1784.826904 56.147583 2001.906616
v 1784.213379 54.751110 2002.109619
v 1785.440308 57.314087 2001.250000
v 1784.826904 55.845749 2002.499023
v 1784.213379 54.454918 2002.260498
v 1785.440308 57.158081 2002.234985
v 1784.826904 55.375633 2002.969116
v 1785.440308 56.705330 2003.123535
v 1784.826904 54.783249 2003.270996
v 1785.440308 56.000153 2003.828735
v 1785.440308 55.111580 2004.281494
vn 0.866025 0.000000 0.500000
vn 0.866025 0.000000 0.500000
vn 0.866025 0.000000 -0.500000
vn 0.866025 0.000000 -0.500000
vn 0.866025 -0.086824 -0.492404
vn 0.866025 -0.171010 -0.469846
vn 0.866025 -0.250000 -0.433013
vn 0.866025 -0.321394 -0.383022
vn 0.866025 -0.383022 -0.321394
vn 0.866025 -0.433013 -0.250000
vn 0.866025 -0.469846 -0.171010
vn 0.866025 -0.492404 -0.086824
vn 0.866025 -0.500000 0.000000
vn 0.866025 -0.492404 0.086824
vn 0.866025 -0.469846 0.171010
vn 0.866025 -0.433013 0.250000
vn 0.866025 -0.383022 0.321394
vn 0.866025 -0.321394 0.383022
vn 0.866025 -0.250000 0.433013
vn 0.866025 -0.171010 0.469846
vn 0.866025 -0.086824 0.492404
vn 0.866025 -0.293893 0.404509
vn 0.866025 -0.154509 0.475528
vn 0.866025 -0.154509 0.475528
vn 0.866025 -0.404509 0.293893
vn 0.866025 -0.293893 0.404509
vn 0.866025 -0.475528 0.154509
vn 0.866025 -0.154509 0.475528
vn 0.866025 -0.404509 0.293893
vn 0.866025 -0.500000 0.000000
vn 0.866025 -0.293893 0.404509
vn 0.866025 -0.475528 0.154509
vn 0.866025 -0.475528 -0.154509
vn 0.866025 -0.404509 0.293893
vn 0.866025 -0.500000 0.000000
vn 0.866025 -0.404509 -0.293893
vn 0.866025 -0.475528 0.154509
vn 0.866025 -0.475528 -0.154509
vn 0.866025 -0.293893 -0.404509
vn 0.866025 -0.500000 0.000000
vn 0.866025 -0.404509 -0.293893
vn 0.866025 -0.154509 -0.475528
vn 0.866025 -0.475528 -0.154509
vn 0.866025 -0.293893 -0.404509
vn 0.866025 -0.404509 -0.293893
vn 0.866025 -0.154509 -0.475528
vn 0.866025 -0.293893 -0.404509
vn 0.866025 -0.154509 -0.475528
f 3669//3669 3648//3648 3670//3670
f 3671//3671 3648//3648 3649//3649
f 3671//3671 3670//3670 3648//3648
f 3672//3672 3648//3648 3669//3669
f 3673//3673 3670//3670 3671//3671
f 3673//3673 3669//3669 3670//3670
f 3674//3674 3648//3648 3672//3672
f 3675//3675 3667//3667 3666//3666
f 3675//3675 3668//3668 3667//3667
f 3675//3675 3649//3649 3668//3668
f 3675//3675 3671//3671 3649//3649
f 3676//3676 3669//3669 3673//3673
f 3676//3676 3672//3672 3669//3669
f 3677//3677 3650//3650 3648//3648
f 3677//3677 3648//3648 3674//3674
f 3678//3678 3666//3666 3665//3665
f 3678//3678 3673//3673 3671//3671
f 3678//3678 3675//3675 3666//3666
f 3678//3678 3671//3671 3675//3675
f 3679//3679 3672//3672 3676//3676
f 3679//3679 3674//3674 3672//3672
f 3680//3680 3650//3650 3677//3677
f 3681//3681 3664//3664 3663//3663
f 3681//3681 3665//3665 3664//3664
f 3681//3681 3678//3678 3665//3665
f 3681//3681 3676//3676 3673//3673
f 3681//3681 3673//3673 3678//3678
f 3682//3682 3677//3677 3674//3674
f 3682//3682 3674//3674 3679//3679
f 3683//3683 3650//3650 3680//3680
f 3684//3684 3662//3662 3661//3661
f 3684//3684 3663//3663 3662//3662
f 3684//3684 3676//3676 3681//3681
f 3684//3684 3679//3679 3676//3676
f 3684//3684 3681//3681 3663//3663
f 3685//3685 3677//3677 3682//3682
f 3685//3685 3680//3680 3677//3677
f 3685//3685 3683//3683 3680//3680
f 3686//3686 3650//3650 3683//3683
f 3687//3687 3660//3660 3659//3659
f 3687//3687 3661//3661 3660//3660
f 3687//3687 3684//3684 3661//3661
f 3687//3687 3682//3682 3679//3679
f 3687//3687 3679//3679 3684//3684
f 3688//3688 3683//3683 3685//3685
f 3689//3689 3650//3650 3686//3686
f 3690//3690 3658//3658 3657//3657
f 3690//3690 3659//3659 3658//3658
f 3690//3690 3682//3682 3687//3687
f 3690//3690 3685//3685 3682//3682
f 3690//3690 3687//3687 3659//3659
f 3690//3690 3688//3688 3685//3685
f 3691//3691 3686//3686 3683//3683
f 3691//3691 3683//3683 3688//3688
f 3692//3692 3688//3688 3690//3690
f 3692//3692 3657//3657 3656//3656
f 3692//3692 3690//3690 3657//3657
f 3693//3693 3689//3689 3686//3686
f 3693//3693 3686//3686 3691//3691
f 3693//3693 3651//3651 3650//3650
f 3693//3693 3650//3650 3689//3689
f 3694//3694 3688//3688 3692//3692
f 3694//3694 3655//3655 3654//3654
f 3694//3694 3692//3692 3656//3656
f 3694//3694 3656//3656 3655//3655
f 3694//3694 3691//3691 3688//3688
f 3695//3695 3652//3652 3651//3651
f 3695//3695 3653//3653 3652//3652
f 3695//3695 3654//3654 3653//3653
f 3695//3695 3691//3691 3694//3694
f 3695//3695 3693//3693 3691//3691
f 3695//3695 3651//3651 3693//3693
f 3695//3695 3694//3694 3654//3654
v 1783.599976 54.126587 2001.250000
v 1786.053711 54.126587 2005.500000
v 1783.599976 54.126587 2001.250000
v 1786.053711 54.126587 1997.000000
v 1786.053711 53.388584 1997.064575
v 1786.053711 52.673000 1997.256348
v 1786.053711 52.001587 1997.569336
v 1786.053711 51.394741 1997.994263
v 1786.053711 50.870899 1998.518188
v 1786.053711 50.445980 1999.125000
v 1786.053711 50.132893 1999.796387
v 1786.053711 49.941154 2000.511963
v 1786.053711 49.876587 2001.250000
v 1786.053711 49.939049 2001.976440
v 1786.053711 50.124809 2002.681519
v 1786.053711 50.428455 2003.344360
v 1786.053711 50.840942 2003.945557
v 1786.053711 51.350048 2004.467529
v 1786.053711 51.940784 2004.894775
v 1786.053711 52.595852 2005.214844
v 1786.053711 53.296062 2005.418213
v 1786.053711 53.709316 2005.479492
v 1784.213379 53.502068 2002.109619
v 1784.213379 53.798256 2002.260498
v 1784.826904 53.469925 2003.270996
v 1784.213379 53.267006 2001.874512
v 1784.826904 52.877544 2002.969116
v 1784.213379 53.116089 2001.578369
v 1785.440308 53.141598 2004.281494
v 1784.826904 52.407425 2002.499023
v 1784.213379 53.064087 2001.250000
v 1785.440308 52.253021 2003.828735
v 1784.826904 52.105591 2001.906616
v 1784.213379 53.116089 2000.921631
v 1785.440308 51.547848 2003.123535
v 1784.826904 52.001587 2001.250000
v 1784.213379 53.267006 2000.625488
v 1785.440308 51.095097 2002.234985
v 1784.826904 52.105591 2000.593384
v 1784.213379 53.502068 2000.390381
v 1785.440308 50.939087 2001.250000
v 1784.826904 52.407425 2000.000977
v 1784.213379 53.798256 2000.239502
v 1785.440308 51.095097 2000.265015
v 1784.826904 52.877544 1999.530884
v 1785.440308 51.547848 1999.376465
v 1784.826904 53.469925 1999.229004
v 1785.440308 52.253021 1998.671265
v 1785.440308 53.141598 1998.218506
vn 0.866025 0.000000 -0.500000
vn 0.866025 -0.000000 -0.500000
vn 0.866025 0.000000 0.500000
vn 0.866025 0.000000 0.500000
vn 0.866025 0.086824 0.492404
vn 0.866025 0.171010 0.469846
vn 0.866025 0.250000 0.433013
vn 0.866025 0.321394 0.383022
vn 0.866025 0.383022 0.321394
vn 0.866025 0.433013 0.250000
vn 0.866025 0.469846 0.171010
vn 0.866025 0.492404 0.086824
vn 0.866025 0.500000 -0.000000
vn 0.866025 0.492642 -0.085462
vn 0.866025 0.470785 -0.168408
vn 0.866025 0.435073 -0.246398
vn 0.866025 0.386555 -0.317136
vn 0.866025 0.326661 -0.378540
vn 0.866025 0.257152 -0.428804
vn 0.866025 0.180076 -0.466447
vn 0.866025 0.097699 -0.490362
vn 0.866025 0.049087 -0.497585
vn 0.866025 0.293893 -0.404509
vn 0.866025 0.154509 -0.475528
vn 0.866025 0.154509 -0.475528
vn 0.866025 0.404509 -0.293893
vn 0.866025 0.293893 -0.404509
vn 0.866025 0.475528 -0.154509
vn 0.866025 0.154509 -0.475528
vn 0.866025 0.404509 -0.293893
vn 0.866025 0.500000 -0.000000
vn 0.866025 0.293893 -0.404509
vn 0.866025 0.475528 -0.154509
vn 0.866025 0.475528 0.154509
vn 0.866025 0.404509 -0.293893
vn 0.866025 0.500000 -0.000000
vn 0.866025 0.404509 0.293893
vn 0.866025 0.475528 -0.154509
vn 0.866025 0.475528 0.154509
vn 0.866025 0.293893 0.404509
vn 0.866025 0.500000 -0.000000
vn 0.866025 0.404509 0.293893
vn 0.866025 0.154509 0.475528
vn 0.866025 0.475528 0.154509
vn 0.866025 0.293893 0.404509
vn 0.866025 0.404509 0.293893
vn 0.866025 0.154509 0.475528
vn 0.866025 0.293893 0.404509
vn 0.866025 0.154509 0.475528
f 3718//3718 3696//3696 3719//3719
f 3720//3720 3696//3696 3697//3697
f 3720//3720 3719//3719 3696//3696
f 3721//3721 3696//3696 3718//3718
f 3722//3722 3719//3719 3720//3720
f 3722//3722 3718//3718 3719//3719
f 3723//3723 3696//3696 3721//3721
f 3724//3724 3715//3715 3714//3714
f 3724//3724 3716//3716 3715//3715
f 3724//3724 3717//3717 3716//3716
f 3724//3724 3697//3697 3717//3717
f 3724//3724 3720//3720 3697//3697
f 3725//3725 3718//3718 3722//3722
f 3725//3725 3721//3721 3718//3718
f 3726//3726 3698//3698 3696//3696
f 3726//3726 3696//3696 3723//3723
f 3727//3727 3714//3714 3713//3713
f 3727//3727 3722//3722 3720//3720
f 3727//3727 3720//3720 3724//3724
f 3727//3727 3724//3724 3714//3714
f 3728//3728 3723//3723 3721//3721
f 3728//3728 3721//3721 3725//3725
f 3729//3729 3698//3698 3726//3726
f 3730//3730 3712//3712 3711//3711
f 3730//3730 3713//3713 3712//3712
f 3730//3730 3727//3727 3713//3713
f 3730//3730 3722//3722 3727//3727
f 3730//3730 3725//3725 3722//3722
f 3731//3731 3726//3726 3723//3723
f 3731//3731 3723//3723 3728//3728
f 3731//3731 3729//3729 3726//3726
f 3732//3732 3698//3698 3729//3729
f 3733//3733 3710//3710 3709//3709
f 3733//3733 3711//3711 3710//3710
f 3733//3733 3730//3730 3711//3711
f 3733//3733 3728//3728 3725//3725
f 3733//3733 3725//3725 3730//3730
f 3734//3734 3729//3729 3731//3731
f 3735//3735 3698//3698 3732//3732
f 3736//3736 3708//3708 3707//3707
f 3736//3736 3709//3709 3708//3708
f 3736//3736 3733//3733 3709//3709
f 3736//3736 3731//3731 3728//3728
f 3736//3736 3728//3728 3733//3733
f 3737//3737 3732//3732 3729//3729
f 3737//3737 3729//3729 3734//3734
f 3737//3737 3735//3735 3732//3732
f 3738//3738 3698//3698 3735//3735
f 3739//3739 3706//3706 3705//3705
f 3739//3739 3707//3707 3706//3706
f 3739//3739 3736//3736 3707//3707
f 3739//3739 3734//3734 3731//3731
f 3739//3739 3731//3731 3736//3736
f 3740//3740 3738//3738 3735//3735
f 3740//3740 3735//3735 3737//3737
f 3741//3741 3737//3737 3734//3734
f 3741//3741 3705//3705 3704//3704
f 3741//3741 3739//3739 3705//3705
f 3741//3741 3734//3734 3739//3739
f 3742//3742 3738//3738 3740//3740
f 3742//3742 3699//3699 3698//3698
f 3742//3742 3698//3698 3738//3738
f 3743//3743 3703//3703 3702//3702
f 3743//3743 3737//3737 3741//3741
f 3743//3743 3704//3704 3703//3703
f 3743//3743 3740//3740 3737//3737
f 3743//3743 3741//3741 3704//3704
f 3744//3744 3700//3700 3699//3699
f 3744//3744 3701//3701 3700//3700
f 3744//3744 3702//3702 3701//3701
f 3744//3744 3743//3743 3702//3702
f 3744//3744 3740//3740 3743//3743
f 3744//3744 3742//3742 3740//3740
f 3744//3744 3699//3699 3742//3742
v 1783.599976 31.250000 2024.126587
v 1786.053711 31.250000 2019.876587
v 1783.599976 31.250000 2024.126587
v 1786.053711 31.250000 2028.376587
v 1786.053711 31.988005 2028.312012
v 1786.053711 32.703587 2028.120239
v 1786.053711 33.375000 2027.807251
v 1786.053711 33.981846 2027.382324
v 1786.053711 34.505688 2026.858398
v 1786.053711 34.930607 2026.251587
v 1786.053711 35.243694 2025.580200
v 1786.053711 35.435432 2024.864624
v 1786.053711 35.500000 2024.126587
v 1786.053711 35.435432 2023.388550
v 1786.053711 35.243694 2022.672974
v 1786.053711 34.930607 2022.001587
v 1786.053711 34.505688 2021.394775
v 1786.053711 33.981846 2020.870850
v 1786.053711 33.375000 2020.445923
v 1786.053711 32.703587 2020.132935
v 1786.053711 31.988005 2019.941162
v 1784.213379 31.874521 2023.266968
v 1784.213379 31.578331 2023.116089
v 1784.826904 31.906662 2022.105591
v 1784.213379 32.109581 2023.502075
v 1784.826904 32.499043 2022.407471
v 1784.213379 32.260498 2023.798218
v 1785.440308 32.234993 2021.095093
v 1784.826904 32.969162 2022.877563
v 1784.213379 32.312500 2024.126587
v 1785.440308 33.123566 2021.547852
v 1784.826904 33.270996 2023.469971
v 1784.213379 32.260498 2024.454956
v 1785.440308 33.828743 2022.253052
v 1784.826904 33.375000 2024.126587
v 1784.213379 32.109581 2024.751099
v 1785.440308 34.281494 2023.141602
v 1784.826904 33.270996 2024.783203
v 1784.213379 31.874521 2024.986206
v 1785.440308 34.437500 2024.126587
v 1784.826904 32.969162 2025.375610
v 1784.213379 31.578331 2025.137085
v 1785.440308 34.281494 2025.111572
v 1784.826904 32.499043 2025.845703
v 1785.440308 33.828743 2026.000122
v 1784.826904 31.906662 2026.147583
v 1785.440308 33.123566 2026.705322
v 1785.440308 32.234993 2027.158081
vn 0.866025 0.000000 0.500000
vn 0.866025 0.000000 0.500000
vn 0.884140 -0.330376 -0.330376
vn 0.866025 -0.000000 -0.500000
vn 0.866025 -0.086824 -0.492404
vn 0.866025 -0.171010 -0.469846
vn 0.866025 -0.250000 -0.433013
vn 0.866025 -0.321394 -0.383022
vn 0.866025 -0.383022 -0.321394
vn 0.866025 -0.433013 -0.250000
vn 0.866025 -0.469846 -0.171010
vn 0.866025 -0.492404 -0.086824
vn 0.866025 -0.500000 0.000000
vn 0.866025 -0.492404 0.086824
vn 0.866025 -0.469846 0.171010
vn 0.866025 -0.433013 0.250000
vn 0.866025 -0.383022 0.321394
vn 0.866025 -0.321394 0.383022
vn 0.866025 -0.250000 0.433013
vn 0.866025 -0.171010 0.469846
vn 0.866025 -0.086824 0.492404
vn 0.866025 -0.293893 0.404509
vn 0.866025 -0.154509 0.475528
vn 0.866025 -0.154509 0.475528
vn 0.866025 -0.404509 0.293893
vn 0.866025 -0.293893 0.404509
vn 0.866025 -0.475528 0.154509
vn 0.866025 -0.154509 0.475528
vn 0.866025 -0.404509 0.293893
vn 0.866025 -0.500000 0.000000
vn 0.866025 -0.293893 0.404509
vn 0.866025 -0.475528 0.154509
vn 0.866025 -0.475528 -0.154509
vn 0.866025 -0.404509 0.293893
vn 0.866025 -0.500000 0.000000
vn 0.866025 -0.404509 -0.293893
vn 0.866025 -0.475528 0.154509
vn 0.866025 -0.475528 -0.154509
vn 0.866025 -0.293893 -0.404509
vn 0.866025 -0.500000 0.000000
vn 0.866025 -0.404509 -0.293893
vn 0.866025 -0.154509 -0.475528
vn 0.866025 -0.475528 -0.154509
vn 0.866025 -0.293893 -0.404509
vn 0.866025 -0.404509 -0.293893
vn 0.866025 -0.154509 -0.475528
vn 0.866025 -0.293893 -0.404509
vn 0.866025 -0.154509 -0.475528
f 3766//3766 3745//3745 3767//3767
f 3768//3768 3745//3745 3746//3746
f 3768//3768 3767//3767 3745//3745
f 3769//3769 3745//3745 3766//3766
f 3770//3770 3767//3767 3768//3768
f 3770//3770 3766//3766 3767//3767
f 3771//3771 3745//3745 3769//3769
f 3772//3772 3764//3764 3763//3763
f 3772//3772 3765//3765 3764//3764
f 3772//3772 3746//3746 3765//3765
f 3772//3772 3768//3768 3746//3746
f 3773//3773 3766//3766 3770//3770
f 3773//3773 3769//3769 3766//3766
f 3774//3774 3747//3747 3745//3745
f 3774//3774 3745//3745 3771//3771
f 3775//3775 3763//3763 3762//3762
f 3775//3775 3770//3770 3768//3768
f 3775//3775 3772//3772 3763//3763
f 3775//3775 3768//3768 3772//3772
f 3776//3776 3769//3769 3773//3773
f 3776//3776 3771//3771 3769//3769
f 3777//3777 3747//3747 3774//3774
f 3778//3778 3761//3761 3760//3760
f 3778//3778 3762//3762 3761//3761
f 3778//3778 3776//3776 3773//3773
f 3778//3778 3775//3775 3762//3762
f 3778//3778 3773//3773 3770//3770
f 3778//3778 3770//3770 3775//3775
f 3779//3779 3774//3774 3771//3771
f 3779//3779 3771//3771 3776//3776
f 3779//3779 3777//3777 3774//3774
f 3780//3780 3747//3747 3777//3777
f 3781//3781 3759//3759 3758//3758
f 3781//3781 3760//3760 3759//3759
f 3781//3781 3778//3778 3760//3760
f 3781//3781 3776//3776 3778//3778
f 3782//3782 3777//3777 3779//3779
f 3783//3783 3747//3747 3780//3780
f 3784//3784 3757//3757 3756//3756
f 3784//3784 3758//3758 3757//3757
f 3784//3784 3781//3781 3758//3758
f 3784//3784 3779//3779 3776//3776
f 3784//3784 3776//3776 3781//3781
f 3785//3785 3780//3780 3777//3777
f 3785//3785 3777//3777 3782//3782
f 3786//3786 3747//3747 3783//3783
f 3787//3787 3755//3755 3754//3754
f 3787//3787 3756//3756 3755//3755
f 3787//3787 3784//3784 3756//3756
f 3787//3787 3782//3782 3779//3779
f 3787//3787 3779//3779 3784//3784
f 3787//3787 3785//3785 3782//3782
f 3788//3788 3783//3783 3780//3780
f 3788//3788 3780//3780 3785//3785
f 3789//3789 3754//3754 3753//3753
f 3789//3789 3785//3785 3787//3787
f 3789//3789 3787//3787 3754//3754
f 3790//3790 3786//3786 3783//3783
f 3790//3790 3783//3783 3788//3788
f 3790//3790 3748//3748 3747//3747
f 3790//3790 3747//3747 3786//3786
f 3791//3791 3788//3788 3785//3785
f 3791//3791 3752//3752 3751//3751
f 3791//3791 3789//3789 3753//3753
f 3791//3791 3753//3753 3752//3752
f 3791//3791 3785//3785 3789//3789
f 3791//3791 3790//3790 3788//3788
f 3792//3792 3749//3749 3748//3748
f 3792//3792 3750//3750 3749//3749
f 3792//3792 3751//3751 3750//3750
f 3792//3792 3790//3790 3791//3791
f 3792//3792 3791//3791 3751//3751
f 3792//3792 3748//3748 3790//3790
v 1783.599976 31.250000 2024.126587
v 1786.053711 31.250000 2028.376587
v 1783.599976 31.250000 2024.126587
v 1786.053711 31.250000 2019.876587
v 1786.053711 30.511995 2019.941162
v 1786.053711 29.796415 2020.132935
v 1786.053711 29.125000 2020.445923
v 1786.053711 28.518152 2020.870850
v 1786.053711 27.994310 2021.394775
v 1786.053711 27.569391 2022.001587
v 1786.053711 27.256306 2022.672974
v 1786.053711 27.064568 2023.388550
v 1786.053711 27.000000 2024.126587
v 1786.053711 27.064568 2024.864624
v 1786.053711 27.256306 2025.580200
v 1786.053711 27.569391 2026.251587
v 1786.053711 27.994310 2026.858398
v 1786.053711 28.518152 2027.382324
v 1786.053711 29.125000 2027.807251
v 1786.053711 29.796415 2028.120239
v 1786.053711 30.511995 2028.312012
v 1784.213379 30.625479 2024.986206
v 1784.213379 30.921669 2025.137085
v 1784.826904 30.593338 2026.147583
v 1784.213379 30.390419 2024.751099
v 1784.826904 30.000956 2025.845703
v 1784.213379 30.239502 2024.454956
v 1785.440308 30.265009 2027.158081
v 1784.826904 29.530838 2025.375610
v 1784.213379 30.187500 2024.126587
v 1785.440308 29.376434 2026.705322
v 1784.826904 29.229006 2024.783203
v 1784.213379 30.239502 2023.798218
v 1785.440308 28.671259 2026.000122
v 1784.826904 29.125000 2024.126587
v 1784.213379 30.390419 2023.502075
v 1785.440308 28.218508 2025.111572
v 1784.826904 29.229006 2023.469971
v 1784.213379 30.625479 2023.266968
v 1785.440308 28.062500 2024.126587
v 1784.826904 29.530838 2022.877563
v 1784.213379 30.921669 2023.116089
v 1785.440308 28.218508 2023.141602
v 1784.826904 30.000956 2022.407471
v 1785.440308 28.671259 2022.253052
v 1784.826904 30.593338 2022.105591
v 1785.440308 29.376434 2021.547852
v 1785.440308 30.265009 2021.095093
vn 0.884140 0.330376 -0.330376
vn 0.866025 -0.000000 -0.500000
vn 0.866025 0.000000 0.500000
vn 0.866025 0.000000 0.500000
vn 0.866025 0.086824 0.492404
vn 0.866025 0.171010 0.469846
vn 0.866025 0.250000 0.433013
vn 0.866025 0.321394 0.383022
vn 0.866025 0.383022 0.321394
vn 0.866025 0.433013 0.250000
vn 0.866025 0.469846 0.171010
vn 0.866025 0.492404 0.086824
vn 0.866025 0.500000 -0.000000
vn 0.866025 0.492404 -0.086824
vn 0.866025 0.469846 -0.171010
vn 0.866025 0.433013 -0.250000
vn 0.866025 0.383022 -0.321394
vn 0.866025 0.321394 -0.383022
vn 0.866025 0.250000 -0.433013
vn 0.866025 0.171010 -0.469846
vn 0.866025 0.086824 -0.492404
vn 0.866025 0.293893 -0.404509
vn 0.866025 0.154509 -0.475528
vn 0.866025 0.154509 -0.475528
vn 0.866025 0.404509 -0.293893
vn 0.866025 0.293893 -0.404509
vn 0.866025 0.475528 -0.154509
vn 0.866025 0.154509 -0.475528
vn 0.866025 0.404509 -0.293893
vn 0.866025 0.500000 -0.000000
vn 0.866025 0.293893 -0.404509
vn 0.866025 0.475528 -0.154509
vn 0.866025 0.475528 0.154509
vn 0.866025 0.404509 -0.293893
vn 0.866025 0.500000 -0.000000
vn 0.866025 0.404509 0.293893
vn 0.866025 0.475528 -0.154509
vn 0.866025 0.475528 0.154509
vn 0.866025 0.293893 0.404509
vn 0.866025 0.500000 -0.000000
vn 0.866025 0.404509 0.293893
vn 0.866025 0.154509 0.475528
vn 0.866025 0.475528 0.154509
vn 0.866025 0.293893 0.404509
vn 0.866025 0.404509 0.293893
vn 0.866025 0.154509 0.475528
vn 0.866025 0.293893 0.404509
vn 0.866025 0.154509 0.475528
f 3814//3814 3793//3793 3815//3815
f 3816//3816 3793//3793 3794//3794
f 3816//3816 3815//3815 3793//3793
f 3817//3817 3793//3793 3814//3814
f 3818//3818 3815//3815 3816//3816
f 3818//3818 3814//3814 3815//3815
f 3819//3819 3793//3793 3817//3817
f 3820//3820 3812//3812 3811//3811
f 3820//3820 3813//3813 3812//3812
f 3820//3820 3794//3794 3813//3813
f 3820//3820 3816//3816 3794//3794
f 3821//3821 3814//3814 3818//3818
f 3821//3821 3817//3817 3814//3814
f 3822//3822 3795//3795 3793//3793
f 3822//3822 3793//3793 3819//3819
f 3823//3823 3811//3811 3810//3810
f 3823//3823 3818//3818 3816//3816
f 3823//3823 3820//3820 3811//3811
f 3823//3823 3816//3816 3820//3820
f 3824//3824 3817//3817 3821//3821
f 3824//3824 3819//3819 3817//3817
f 3825//3825 3795//3795 3822//3822
f 3826//3826 3809//3809 3808//3808
f 3826//3826 3810//3810 3809//3809
f 3826//3826 3823//3823 3810//3810
f 3826//3826 3821//3821 3818//3818
f 3826//3826 3818//3818 3823//3823
f 3827//3827 3822//3822 3819//3819
f 3827//3827 3819//3819 3824//3824
f 3827//3827 3825//3825 3822//3822
f 3828//3828 3795//3795 3825//3825
f 3829//3829 3807//3807 3806//3806
f 3829//3829 3808//3808 3807//3807
f 3829//3829 3821//3821 3826//3826
f 3829//3829 3824//3824 3821//3821
f 3829//3829 3826//3826 3808//3808
f 3830//3830 3825//3825 3827//3827
f 3831//3831 3795//3795 3828//3828
f 3832//3832 3805//3805 3804//3804
f 3832//3832 3806//3806 3805//3805
f 3832//3832 3829//3829 3806//3806
f 3832//3832 3827//3827 3824//3824
f 3832//3832 3824//3824 3829//3829
f 3832//3832 3830//3830 3827//3827
f 3833//3833 3828//3828 3825//3825
f 3833//3833 3825//3825 3830//3830
f 3834//3834 3795//3795 3831//3831
f 3835//3835 3803//3803 3802//3802
f 3835//3835 3804//3804 3803//3803
f 3835//3835 3830//3830 3832//3832
f 3835//3835 3832//3832 3804//3804
f 3836//3836 3834//3834 3831//3831
f 3836//3836 3831//3831 3828//3828
f 3836//3836 3828//3828 3833//3833
f 3837//3837 3830//3830 3835//3835
f 3837//3837 3802//3802 3801//3801
f 3837//3837 3835//3835 3802//3802
f 3837//3837 3833//3833 3830//3830
f 3838//3838 3796//3796 3795//3795
f 3838//3838 3795//3795 3834//3834
f 3838//3838 3834//3834 3836//3836
f 3839//3839 3800//3800 3799//3799
f 3839//3839 3801//3801 3800//3800
f 3839//3839 3833//3833 3837//3837
f 3839//3839 3838//3838 3836//3836
f 3839//3839 3837//3837 3801//3801
f 3839//3839 3836//3836 3833//3833
f 3840//3840 3797//3797 3796//3796
f 3840//3840 3798//3798 3797//3797
f 3840//3840 3799//3799 3798//3798
f 3840//3840 3839//3839 3799//3799
f 3840//3840 3838//3838 3839//3839
f 3840//3840 3796//3796 3838//3838
v 1783.000000 71.000000 1970.000000
v 1783.000000 69.921349 1982.328979
v 1783.000000 66.718178 1994.283447
v 1783.000000 61.487804 2005.500000
v 1783.000000 54.389156 2015.637939
v 1783.000000 45.637920 2024.389160
v 1783.000000 35.500000 2031.487793
v 1783.000000 24.283430 2036.718140
v 1783.000000 12.329021 2039.921387
v 1783.000000 0.000000 2041.000000
v 1783.000000 -12.329021 2039.921387
v 1783.000000 -24.283430 2036.718140
v 1783.000000 -35.500000 2031.487793
v 1783.000000 -45.637920 2024.389160
v 1783.000000 -54.389156 2015.637939
v 1783.000000 -61.487804 2005.500000
v 1783.000000 -66.718178 1994.283447
v 1783.000000 -69.921349 1982.328979
v 1783.000000 -71.000000 1970.000000
v 1783.000000 -69.921349 1957.671021
v 1783.000000 -66.718178 1945.716553
v 1783.000000 -61.487804 1934.500000
v 1783.000000 -54.389156 1924.362061
v 1783.000000 -45.637920 1915.610840
v 1783.000000 -35.500000 1908.512207
v 1783.000000 -24.283430 1903.281860
v 1783.000000 -12.329021 1900.078613
v 1783.000000 0.000000 1899.000000
v 1783.000000 12.329021 1900.078613
v 1783.000000 24.283430 1903.281860
v 1783.000000 35.500000 1908.512207
v 1783.000000 45.637920 1915.610840
v 1783.000000 54.389156 1924.362061
v 1783.000000 61.487804 1934.500000
v 1783.000000 66.718178 1945.716553
v 1783.000000 69.921349 1957.671021
v 1783.000000 -0.000000 1905.250000
v 1783.000000 10.129131 1906.047119
v 1783.000000 20.008850 1908.419067
v 1783.000000 29.395885 1912.307373
v 1783.000000 38.059093 1917.616089
v 1783.000000 45.785164 1924.214844
v 1783.000000 52.383850 1931.940918
v 1783.000000 57.692673 1940.604126
v 1783.000000 61.580910 1949.991089
v 1783.000000 63.952820 1959.870850
v 1783.000000 64.750000 1970.000000
v 1783.000000 -64.750000 1970.000000
v 1783.000000 -63.952820 1959.870850
v 1783.000000 -61.580910 1949.991089
v 1783.000000 -57.692673 1940.604126
v 1783.000000 -52.383850 1931.940918
v 1783.000000 -45.785164 1924.214844
v 1783.000000 -38.059093 1917.616089
v 1783.000000 -29.395885 1912.307373
v 1783.000000 -20.008850 1908.419067
v 1783.000000 -10.129131 1906.047119
v 1783.000000 0.000000 2034.750000
v 1783.000000 -11.243719 2033.766357
v 1783.000000 -22.145803 2030.845093
v 1783.000000 -32.375000 2026.075195
v 1783.000000 -41.620499 2019.601318
v 1783.000000 -49.601379 2011.620483
v 1783.000000 -56.075146 2002.375000
v 1783.000000 -60.845097 1992.145752
v 1783.000000 -63.766300 1981.243774
v 1783.000000 63.766300 1981.243774
v 1783.000000 60.845097 1992.145752
v 1783.000000 56.075146 2002.375000
v 1783.000000 49.601379 2011.620483
v 1783.000000 41.620499 2019.601318
v 1783.000000 32.375000 2026.075195
v 1783.000000 22.145803 2030.845093
v 1783.000000 11.243719 2033.766357
vn -1.000000 0.000000 -0.000000
vn -1.000000 0.000000 -0.000000
vn -1.000000 0.000000 -0.000000
vn -1.000000 0.000000 -0.000000
vn -1.000000 0.000000 -0.000000
vn -1.000000 0.000000 -0.000000
vn -1.000000 0.000000 -0.000000
vn -1.000000 0.000000 -0.000000
vn -1.000000 0.000000 -0.000000
vn -1.000000 0.000000 -0.000000
vn -1.000000 0.000000 -0.000000
vn -1.000000 0.000000 -0.000000
vn -1.000000 0.000000 -0.000000
vn -1.000000 0.000000 -0.000000
vn -1.000000 0.000000 -0.000000
vn -1.000000 0.000000 -0.000000
vn -1.000000 0.000000 -0.000000
vn -1.000000 0.000000 -0.000000
vn -1.000000 0.000000 -0.000000
vn -1.000000 0.000000 -0.000000
vn -1.000000 0.000000 -0.000000
vn -1.000000 0.000000 -0.000000
vn -1.000000 0.000000 -0.000000
vn -1.000000 0.000000 -0.000000
vn -1.000000 0.000000 -0.000000
vn -1.000000 0.000000 -0.000000
vn -1.000000 0.000000 -0.000000
vn -1.000000 0.000000 -0.000000
vn -1.000000 0.000000 -0.000000
vn -1.000000 0.000000 -0.000000
vn -1.000000 0.000000 -0.000000
vn -1.000000 0.000000 -0.000000
vn -1.000000 0.000000 -0.000000
vn -1.000000 0.000000 -0.000000
vn -1.000000 0.000000 -0.000000
vn -1.000000 0.000000 -0.000000
vn -1.000000 0.000000 -0.000000
vn -1.000000 0.000000 -0.000000
vn -1.000000 0.000000 -0.000000
vn -1.000000 0.000000 -0.000000
vn -1.000000 0.000000 -0.000000
vn -1.000000 0.000000 -0.000000
vn -1.000000 0.000000 -0.000000
vn -1.000000 0.000000 -0.000000
vn -1.000000 0.000000 -0.000000
vn -1.000000 0.000000 -0.000000
vn -1.000000 0.000000 -0.000000
vn -1.000000 0.000000 -0.000000
vn -1.000000 0.000000 -0.000000
vn -1.000000 0.000000 -0.000000
vn -1.000000 0.000000 -0.000000
vn -1.000000 0.000000 -0.000000
vn -1.000000 0.000000 -0.000000
vn -1.000000 0.000000 -0.000000
vn -1.000000 0.000000 -0.000000
vn -1.000000 0.000000 -0.000000
vn -1.000000 0.000000 -0.000000
vn -1.000000 0.000000 -0.000000
vn -1.000000 0.000000 -0.000000
vn -1.000000 0.000000 -0.000000
vn -1.000000 0.000000 -0.000000
vn -1.000000 0.000000 -0.000000
vn -1.000000 0.000000 -0.000000
vn -1.000000 0.000000 -0.000000
vn -1.000000 0.000000 -0.000000
vn -1.000000 0.000000 -0.000000
vn -1.000000 0.000000 -0.000000
vn -1.000000 0.000000 -0.000000
vn -1.000000 0.000000 -0.000000
vn -1.000000 0.000000 -0.000000
vn -1.000000 0.000000 -0.000000
vn -1.000000 0.000000 -0.000000
vn -1.000000 0.000000 -0.000000
vn -1.000000 0.000000 -0.000000
f 3903//3903 3856//3856 3855//3855
f 3902//3902 3855//3855 3854//3854
f 3902//3902 3903//3903 3855//3855
f 3904//3904 3857//3857 3856//3856
f 3904//3904 3856//3856 3903//3903
f 3901//3901 3854//3854 3853//3853
f 3901//3901 3902//3902 3854//3854
f 3905//3905 3857//3857 3904//3904
f 3900//3900 3853//3853 3852//3852
f 3900//3900 3901//3901 3853//3853
f 3858//3858 3857//3857 3905//3905
f 3899//3899 3852//3852 3851//3851
f 3899//3899 3900//3900 3852//3852
f 3906//3906 3858//3858 3905//3905
f 3859//3859 3858//3858 3906//3906
f 3850//3850 3899//3899 3851//3851
f 3888//3888 3859//3859 3906//3906
f 3898//3898 3899//3899 3850//3850
f 3849//3849 3898//3898 3850//3850
f 3889//3889 3859//3859 3888//3888
f 3889//3889 3860//3860 3859//3859
f 3914//3914 3898//3898 3849//3849
f 3848//3848 3914//3914 3849//3849
f 3890//3890 3860//3860 3889//3889
f 3890//3890 3861//3861 3860//3860
f 3913//3913 3914//3914 3848//3848
f 3891//3891 3861//3861 3890//3890
f 3862//3862 3861//3861 3891//3891
f 3847//3847 3913//3913 3848//3848
f 3912//3912 3913//3913 3847//3847
f 3892//3892 3862//3862 3891//3891
f 3863//3863 3862//3862 3892//3892
f 3846//3846 3912//3912 3847//3847
f 3911//3911 3912//3912 3846//3846
f 3893//3893 3863//3863 3892//3892
f 3864//3864 3863//3863 3893//3893
f 3845//3845 3911//3911 3846//3846
f 3845//3845 3910//3910 3911//3911
f 3894//3894 3864//3864 3893//3893
f 3865//3865 3864//3864 3894//3894
f 3844//3844 3910//3910 3845//3845
f 3844//3844 3909//3909 3910//3910
f 3895//3895 3865//3865 3894//3894
f 3866//3866 3895//3895 3896//3896
f 3866//3866 3865//3865 3895//3895
f 3843//3843 3909//3909 3844//3844
f 3843//3843 3908//3908 3909//3909
f 3867//3867 3896//3896 3897//3897
f 3867//3867 3866//3866 3896//3896
f 3842//3842 3908//3908 3843//3843
f 3842//3842 3907//3907 3908//3908
f 3868//3868 3897//3897 3877//3877
f 3868//3868 3867//3867 3897//3897
f 3841//3841 3887//3887 3907//3907
f 3841//3841 3907//3907 3842//3842
f 3878//3878 3868//3868 3877//3877
f 3886//3886 3887//3887 3841//3841
f 3869//3869 3878//3878 3879//3879
f 3869//3869 3868//3868 3878//3878
f 3876//3876 3885//3885 3886//3886
f 3876//3876 3886//3886 3841//3841
f 3870//3870 3879//3879 3880//3880
f 3870//3870 3869//3869 3879//3879
f 3875//3875 3885//3885 3876//3876
f 3875//3875 3884//3884 3885//3885
f 3871//3871 3870//3870 3880//3880
f 3871//3871 3880//3880 3881//3881
f 3874//3874 3884//3884 3875//3875
f 3874//3874 3883//3883 3884//3884
f 3872//3872 3881//3881 3882//3882
f 3872//3872 3871//3871 3881//3881
f 3873//3873 3883//3883 3874//3874
f 3873//3873 3872//3872 3882//3882
f 3873//3873 3882//3882 3883//3883
v 1781.099976 0.000000 2034.750000
v 1783.000000 0.000000 2034.750000
v 1783.000000 64.750000 1970.000000
v 1783.000000 63.766300 1981.243774
v 1783.000000 60.845097 1992.145752
v 1783.000000 56.075146 2002.375000
v 1783.000000 49.601379 2011.620483
v 1783.000000 41.620499 2019.601318
v 1783.000000 32.375000 2026.075195
v 1783.000000 22.145803 2030.845093
v 1783.000000 11.243719 2033.766357
v 1783.000000 -0.000000 1905.250000
v 1783.000000 10.129131 1906.047119
v 1783.000000 20.008850 1908.419067
v 1783.000000 29.395885 1912.307373
v 1783.000000 38.059093 1917.616089
v 1783.000000 45.785164 1924.214844
v 1783.000000 52.383850 1931.940918
v 1783.000000 57.692673 1940.604126
v 1783.000000 61.580910 1949.991089
v 1783.000000 63.952820 1959.870850
v 1781.099976 0.000000 1905.250000
v 1781.099976 11.243719 1906.233643
v 1781.099976 22.145803 1909.154907
v 1781.099976 32.375000 1913.924805
v 1781.099976 41.620499 1920.398682
v 1781.099976 49.601379 1928.379517
v 1781.099976 56.075146 1937.625000
v 1781.099976 60.845097 1947.854248
v 1781.099976 63.766300 1958.756226
v 1781.099976 64.750000 1970.000000
v 1781.099976 63.766300 1981.243774
v 1781.099976 60.845097 1992.145752
v 1781.099976 56.075146 2002.375000
v 1781.099976 49.601379 2011.620483
v 1781.099976 41.620499 2019.601318
v 1781.099976 32.375000 2026.075195
v 1781.099976 22.145803 2030.845093
v 1781.099976 11.243719 2033.766357
vn -0.000000 0.000000 1.000000
vn -0.000000 0.000000 1.000000
vn -0.000000 1.000000 0.000000
vn -0.000000 0.984808 0.173648
vn -0.000000 0.939693 0.342020
vn -0.000000 0.866025 0.500000
vn -0.000000 0.766044 0.642788
vn -0.000000 0.642788 0.766044
vn -0.000000 0.500000 0.866025
vn -0.000000 0.342020 0.939693
vn -0.000000 0.173648 0.984808
vn 0.000000 0.000000 -1.000000
vn 0.000000 0.156434 -0.987688
vn 0.000000 0.309017 -0.951057
vn 0.000000 0.453990 -0.891007
vn 0.000000 0.587785 -0.809017
vn 0.000000 0.707107 -0.707107
vn 0.000000 0.809017 -0.587785
vn 0.000000 0.891007 -0.453990
vn 0.000000 0.951057 -0.309017
vn 0.000000 0.987688 -0.156434
vn 0.000000 0.000000 -1.000000
vn 0.000000 0.173648 -0.984808
vn 0.000000 0.342020 -0.939693
vn 0.000000 0.500000 -0.866025
vn 0.000000 0.642788 -0.766044
vn 0.000000 0.766044 -0.642788
vn 0.000000 0.866025 -0.500000
vn 0.000000 0.939693 -0.342020
vn 0.000000 0.984808 -0.173648
vn 0.000000 1.000000 -0.000000
vn -0.000000 0.984808 0.173648
vn -0.000000 0.939693 0.342020
vn -0.000000 0.866025 0.500000
vn -0.000000 0.766044 0.642788
vn -0.000000 0.642788 0.766044
vn -0.000000 0.500000 0.866025
vn -0.000000 0.342020 0.939693
vn -0.000000 0.173648 0.984808
f 3927//3927 3926//3926 3936//3936
f 3927//3927 3936//3936 3937//3937
f 3928//3928 3937//3937 3938//3938
f 3928//3928 3927//3927 3937//3937
f 3929//3929 3938//3938 3939//3939
f 3929//3929 3928//3928 3938//3938
f 3930//3930 3939//3939 3940//3940
f 3930//3930 3929//3929 3939//3939
f 3931//3931 3940//3940 3941//3941
f 3931//3931 3930//3930 3940//3940
f 3932//3932 3941//3941 3942//3942
f 3932//3932 3931//3931 3941//3941
f 3933//3933 3942//3942 3943//3943
f 3933//3933 3932//3932 3942//3942
f 3934//3934 3943//3943 3944//3944
f 3934//3934 3933//3933 3943//3943
f 3935//3935 3944//3944 3945//3945
f 3935//3935 3934//3934 3944//3944
f 3917//3917 3945//3945 3946//3946
f 3917//3917 3935//3935 3945//3945
f 3918//3918 3917//3917 3946//3946
f 3919//3919 3946//3946 3947//3947
f 3919//3919 3918//3918 3946//3946
f 3920//3920 3947//3947 3948//3948
f 3920//3920 3919//3919 3947//3947
f 3921//3921 3948//3948 3949//3949
f 3921//3921 3949//3949 3950//3950
f 3921//3921 3920//3920 3948//3948
f 3922//3922 3921//3921 3950//3950
f 3923//3923 3922//3922 3950//3950
f 3923//3923 3950//3950 3951//3951
f 3923//3923 3951//3951 3952//3952
f 3924//3924 3923//3923 3952//3952
f 3925//3925 3924//3924 3952//3952
f 3925//3925 3952//3952 3953//3953
f 3916//3916 3925//3925 3953//3953
f 3916//3916 3953//3953 3915//3915
v 1781.099976 0.000000 1905.250000
v 1783.000000 -0.000000 1905.250000
v 1783.000000 -64.750000 1970.000000
v 1783.000000 -63.952820 1959.870850
v 1783.000000 -61.580910 1949.991089
v 1783.000000 -57.692673 1940.604126
v 1783.000000 -52.383850 1931.940918
v 1783.000000 -45.785164 1924.214844
v 1783.000000 -38.059093 1917.616089
v 1783.000000 -29.395885 1912.307373
v 1783.000000 -20.008850 1908.419067
v 1783.000000 -10.129131 1906.047119
v 1783.000000 0.000000 2034.750000
v 1783.000000 -11.243719 2033.766357
v 1783.000000 -22.145803 2030.845093
v 1783.000000 -32.375000 2026.075195
v 1783.000000 -41.620499 2019.601318
v 1783.000000 -49.601379 2011.620483
v 1783.000000 -56.075146 2002.375000
v 1783.000000 -60.845097 1992.145752
v 1783.000000 -63.766300 1981.243774
v 1781.099976 0.000000 2034.750000
v 1781.099976 -11.243719 2033.766357
v 1781.099976 -22.145803 2030.845093
v 1781.099976 -32.375000 2026.075195
v 1781.099976 -41.620499 2019.601318
v 1781.099976 -49.601379 2011.620483
v 1781.099976 -56.075146 2002.375000
v 1781.099976 -60.845097 1992.145752
v 1781.099976 -63.766300 1981.243774
v 1781.099976 -64.750000 1970.000000
v 1781.099976 -63.766300 1958.756226
v 1781.099976 -60.845097 1947.854248
v 1781.099976 -56.075146 1937.625000
v 1781.099976 -49.601379 1928.379517
v 1781.099976 -41.620499 1920.398682
v 1781.099976 -32.375000 1913.924805
v 1781.099976 -22.145803 1909.154907
v 1781.099976 -11.243719 1906.233643
vn 0.000000 -0.000000 -1.000000
vn -0.000000 0.000000 -1.000000
vn 0.000000 -1.000000 0.000000
vn 0.000000 -0.987688 -0.156434
vn 0.000000 -0.951057 -0.309017
vn 0.000000 -0.891007 -0.453990
vn 0.000000 -0.809017 -0.587785
vn 0.000000 -0.707107 -0.707107
vn 0.000000 -0.587785 -0.809017
vn 0.000000 -0.453990 -0.891007
vn 0.000000 -0.309017 -0.951057
vn 0.000000 -0.156434 -0.987688
vn 0.000000 0.000000 1.000000
vn 0.000000 -0.173648 0.984808
vn 0.000000 -0.342020 0.939693
vn 0.000000 -0.500000 0.866025
vn 0.000000 -0.642788 0.766044
vn 0.000000 -0.766044 0.642788
vn 0.000000 -0.866025 0.500000
vn 0.000000 -0.939693 0.342020
vn 0.000000 -0.984808 0.173648
vn 0.000000 0.000000 1.000000
vn 0.000000 -0.173648 0.984808
vn 0.000000 -0.342020 0.939693
vn 0.000000 -0.500000 0.866025
vn 0.000000 -0.642788 0.766044
vn 0.000000 -0.766044 0.642788
vn 0.000000 -0.866025 0.500000
vn 0.000000 -0.939693 0.342020
vn 0.000000 -0.984808 0.173648
vn 0.000000 -1.000000 0.000000
vn 0.000000 -0.984808 -0.173648
vn 0.000000 -0.939693 -0.342020
vn 0.000000 -0.866025 -0.500000
vn 0.000000 -0.766044 -0.642788
vn 0.000000 -0.642788 -0.766044
vn 0.000000 -0.500000 -0.866025
vn 0.000000 -0.342020 -0.939693
vn 0.000000 -0.173648 -0.984808
f 3967//3967 3966//3966 3975//3975
f 3967//3967 3975//3975 3976//3976
f 3968//3968 3976//3976 3977//3977
f 3968//3968 3967//3967 3976//3976
f 3969//3969 3977//3977 3978//3978
f 3969//3969 3968//3968 3977//3977
f 3970//3970 3978//3978 3979//3979
f 3970//3970 3979//3979 3980//3980
f 3970//3970 3969//3969 3978//3978
f 3971//3971 3970//3970 3980//3980
f 3972//3972 3980//3980 3981//3981
f 3972//3972 3971//3971 3980//3980
f 3973//3973 3981//3981 3982//3982
f 3973//3973 3972//3972 3981//3981
f 3974//3974 3982//3982 3983//3983
f 3974//3974 3983//3983 3984//3984
f 3974//3974 3973//3973 3982//3982
f 3956//3956 3974//3974 3984//3984
f 3957//3957 3984//3984 3985//3985
f 3957//3957 3956//3956 3984//3984
f 3958//3958 3985//3985 3986//3986
f 3958//3958 3957//3957 3985//3985
f 3959//3959 3986//3986 3987//3987
f 3959//3959 3958//3958 3986//3986
f 3960//3960 3987//3987 3988//3988
f 3960//3960 3959//3959 3987//3987
f 3961//3961 3988//3988 3989//3989
f 3961//3961 3960//3960 3988//3988
f 3962//3962 3961//3961 3989//3989
f 3962//3962 3989//3989 3990//3990
f 3963//3963 3962//3962 3990//3990
f 3963//3963 3990//3990 3991//3991
f 3964//3964 3991//3991 3992//3992
f 3964//3964 3963//3963 3991//3991
f 3965//3965 3964//3964 3992//3992
f 3965//3965 3992//3992 3954//3954
f 3955//3955 3965//3965 3954//3954
v 1781.099976 64.750000 1970.000000
v 1781.099976 63.766300 1981.243774
v 1781.099976 60.845097 1992.145752
v 1781.099976 56.075146 2002.375000
v 1781.099976 49.601379 2011.620483
v 1781.099976 41.620499 2019.601318
v 1781.099976 32.375000 2026.075195
v 1781.099976 22.145803 2030.845093
v 1781.099976 11.243719 2033.766357
v 1781.099976 0.000000 2034.750000
v 1781.099976 -11.243719 2033.766357
v 1781.099976 -22.145803 2030.845093
v 1781.099976 -32.375000 2026.075195
v 1781.099976 -41.620499 2019.601318
v 1781.099976 -49.601379 2011.620483
v 1781.099976 -56.075146 2002.375000
v 1781.099976 -60.845097 1992.145752
v 1781.099976 -63.766300 1981.243774
v 1781.099976 -64.750000 1970.000000
v 1781.099976 -63.766300 1958.756226
v 1781.099976 -60.845097 1947.854248
v 1781.099976 -56.075146 1937.625000
v 1781.099976 -49.601379 1928.379517
v 1781.099976 -41.620499 1920.398682
v 1781.099976 -32.375000 1913.924805
v 1781.099976 -22.145803 1909.154907
v 1781.099976 -11.243719 1906.233643
v 1781.099976 0.000000 1905.250000
v 1781.099976 11.243719 1906.233643
v 1781.099976 22.145803 1909.154907
v 1781.099976 32.375000 1913.924805
v 1781.099976 41.620499 1920.398682
v 1781.099976 49.601379 1928.379517
v 1781.099976 56.075146 1937.625000
v 1781.099976 60.845097 1947.854248
v 1781.099976 63.766300 1958.756226
v 1781.099976 0.000000 1907.000000
v 1781.099976 10.939836 1907.957153
v 1781.099976 21.547270 1910.799316
v 1781.099976 31.500000 1915.440430
v 1781.099976 40.495621 1921.739258
v 1781.099976 48.260799 1929.504395
v 1781.099976 54.559601 1938.500000
v 1781.099976 59.200634 1948.452759
v 1781.099976 62.042889 1959.060181
v 1781.099976 63.000000 1970.000000
v 1781.099976 -63.000000 1970.000000
v 1781.099976 -62.042889 1959.060181
v 1781.099976 -59.200634 1948.452759
v 1781.099976 -54.559601 1938.500000
v 1781.099976 -48.260799 1929.504395
v 1781.099976 -40.495621 1921.739258
v 1781.099976 -31.500000 1915.440430
v 1781.099976 -21.547270 1910.799316
v 1781.099976 -10.939836 1907.957153
v 1781.099976 0.000000 2033.000000
v 1781.099976 -10.939836 2032.042847
v 1781.099976 -21.547270 2029.200684
v 1781.099976 -31.500000 2024.559570
v 1781.099976 -40.495621 2018.260742
v 1781.099976 -48.260799 2010.495605
v 1781.099976 -54.559601 2001.500000
v 1781.099976 -59.200634 1991.547241
v 1781.099976 -62.042889 1980.939819
v 1781.099976 62.042889 1980.939819
v 1781.099976 59.200634 1991.547241
v 1781.099976 54.559601 2001.500000
v 1781.099976 48.260799 2010.495605
v 1781.099976 40.495621 2018.260742
v 1781.099976 31.500000 2024.559570
v 1781.099976 21.547270 2029.200684
v 1781.099976 10.939836 2032.042847
vn -1.000000 0.000000 -0.000000
vn -1.000000 0.000000 -0.000000
vn -1.000000 0.000000 -0.000000
vn -1.000000 0.000000 -0.000000
vn -1.000000 0.000000 -0.000000
vn -1.000000 0.000000 -0.000000
vn -1.000000 0.000000 -0.000000
vn -1.000000 0.000000 -0.000000
vn -1.000000 0.000000 -0.000000
vn -1.000000 0.000000 -0.000000
vn -1.000000 0.000000 -0.000000
vn -1.000000 0.000000 -0.000000
vn -1.000000 0.000000 -0.000000
vn -1.000000 0.000000 -0.000000
vn -1.000000 0.000000 -0.000000
vn -1.000000 0.000000 -0.000000
vn -1.000000 0.000000 -0.000000
vn -1.000000 0.000000 -0.000000
vn -1.000000 0.000000 -0.000000
vn -1.000000 0.000000 -0.000000
vn -1.000000 0.000000 -0.000000
vn -1.000000 0.000000 -0.000000
vn -1.000000 0.000000 -0.000000
vn -1.000000 0.000000 -0.000000
vn -1.000000 0.000000 -0.000000
vn -1.000000 0.000000 -0.000000
vn -1.000000 0.000000 -0.000000
vn -1.000000 0.000000 -0.000000
vn -1.000000 0.000000 -0.000000
vn -1.000000 0.000000 -0.000000
vn -1.000000 0.000000 -0.000000
vn -1.000000 0.000000 -0.000000
vn -1.000000 0.000000 -0.000000
vn -1.000000 0.000000 -0.000000
vn -1.000000 0.000000 -0.000000
vn -1.000000 0.000000 -0.000000
vn -1.000000 0.000000 -0.000000
vn -1.000000 0.000000 -0.000000
vn -1.000000 0.000000 -0.000000
vn -1.000000 0.000000 -0.000000
vn -1.000000 0.000000 -0.000000
vn -1.000000 0.000000 -0.000000
vn -1.000000 0.000000 -0.000000
vn -1.000000 0.000000 -0.000000
vn -1.000000 0.000000 -0.000000
vn -1.000000 0.000000 -0.000000
vn -1.000000 0.000000 -0.000000
vn -1.000000 0.000000 -0.000000
vn -1.000000 0.000000 -0.000000
vn -1.000000 0.000000 -0.000000
vn -1.000000 0.000000 -0.000000
vn -1.000000 0.000000 -0.000000
vn -1.000000 0.000000 -0.000000
vn -1.000000 0.000000 -0.000000
vn -1.000000 0.000000 -0.000000
vn -1.000000 0.000000 -0.000000
vn -1.000000 0.000000 -0.000000
vn -1.000000 0.000000 -0.000000
vn -1.000000 0.000000 -0.000000
vn -1.000000 0.000000 -0.000000
vn -1.000000 0.000000 -0.000000
vn -1.000000 0.000000 -0.000000
vn -1.000000 0.000000 -0.000000
vn -1.000000 0.000000 -0.000000
vn -1.000000 0.000000 -0.000000
vn -1.000000 0.000000 -0.000000
vn -1.000000 0.000000 -0.000000
vn -1.000000 0.000000 -0.000000
vn -1.000000 0.000000 -0.000000
vn -1.000000 0.000000 -0.000000
vn -1.000000 0.000000 -0.000000
vn -1.000000 0.000000 -0.000000
f 4053//4053 4007//4007 4006//4006
f 4052//4052 4053//4053 4006//4006
f 4005//4005 4052//4052 4006//4006
f 4054//4054 4008//4008 4007//4007
f 4054//4054 4007//4007 4053//4053
f 4051//4051 4052//4052 4005//4005
f 4004//4004 4051//4051 4005//4005
f 4055//4055 4009//4009 4008//4008
f 4055//4055 4008//4008 4054//4054
f 4050//4050 4051//4051 4004//4004
f 4003//4003 4050//4050 4004//4004
f 4056//4056 4010//4010 4009//4009
f 4056//4056 4009//4009 4055//4055
f 4049//4049 4050//4050 4003//4003
f 4048//4048 4049//4049 4003//4003
f 4048//4048 4003//4003 4002//4002
f 4039//4039 4010//4010 4056//4056
f 4039//4039 4011//4011 4010//4010
f 4012//4012 4011//4011 4039//4039
f 4064//4064 4002//4002 4001//4001
f 4064//4064 4048//4048 4002//4002
f 4040//4040 4012//4012 4039//4039
f 4013//4013 4012//4012 4040//4040
f 4063//4063 4001//4001 4000//4000
f 4063//4063 4064//4064 4001//4001
f 4041//4041 4013//4013 4040//4040
f 4014//4014 4013//4013 4041//4041
f 4062//4062 4000//4000 3999//3999
f 4062//4062 4063//4063 4000//4000
f 4042//4042 4014//4014 4041//4041
f 4015//4015 4014//4014 4042//4042
f 4061//4061 3999//3999 3998//3998
f 4061//4061 4062//4062 3999//3999
f 4043//4043 4015//4015 4042//4042
f 4060//4060 4061//4061 3998//3998
f 4016//4016 4015//4015 4043//4043
f 4016//4016 4043//4043 4044//4044
f 3997//3997 4060//4060 3998//3998
f 4059//4059 4060//4060 3997//3997
f 4017//4017 4044//4044 4045//4045
f 4017//4017 4016//4016 4044//4044
f 3996//3996 4059//4059 3997//3997
f 4058//4058 4059//4059 3996//3996
f 4018//4018 4045//4045 4046//4046
f 4018//4018 4017//4017 4045//4045
f 3995//3995 4058//4058 3996//3996
f 4057//4057 4058//4058 3995//3995
f 4019//4019 4046//4046 4047//4047
f 4019//4019 4018//4018 4046//4046
f 3994//3994 4057//4057 3995//3995
f 4038//4038 4057//4057 3994//3994
f 4020//4020 4047//4047 4029//4029
f 4020//4020 4019//4019 4047//4047
f 3993//3993 4038//4038 3994//3994
f 4030//4030 4020//4020 4029//4029
f 4021//4021 4020//4020 4030//4030
f 4028//4028 4037//4037 4038//4038
f 4028//4028 4038//4038 3993//3993
f 4031//4031 4021//4021 4030//4030
f 4022//4022 4021//4021 4031//4031
f 4027//4027 4036//4036 4037//4037
f 4027//4027 4037//4037 4028//4028
f 4032//4032 4022//4022 4031//4031
f 4023//4023 4022//4022 4032//4032
f 4026//4026 4036//4036 4027//4027
f 4026//4026 4035//4035 4036//4036
f 4033//4033 4023//4023 4032//4032
f 4024//4024 4033//4033 4034//4034
f 4024//4024 4023//4023 4033//4033
f 4025//4025 4035//4035 4026//4026
f 4025//4025 4024//4024 4034//4034
f 4025//4025 4034//4034 4035//4035
v 1770.500000 0.000000 2033.000000
v 1781.099976 0.000000 2033.000000
v 1781.099976 63.000000 1970.000000
v 1781.099976 62.042889 1980.939819
v 1781.099976 59.200634 1991.547241
v 1781.099976 54.559601 2001.500000
v 1781.099976 48.260799 2010.495605
v 1781.099976 40.495621 2018.260742
v 1781.099976 31.500000 2024.559570
v 1781.099976 21.547270 2029.200684
v 1781.099976 10.939836 2032.042847
v 1781.099976 0.000000 1907.000000
v 1781.099976 10.939836 1907.957153
v 1781.099976 21.547270 1910.799316
v 1781.099976 31.500000 1915.440430
v 1781.099976 40.495621 1921.739258
v 1781.099976 48.260799 1929.504395
v 1781.099976 54.559601 1938.500000
v 1781.099976 59.200634 1948.452759
v 1781.099976 62.042889 1959.060181
v 1770.500000 0.000000 1907.000000
v 1770.500000 10.939836 1907.957153
v 1770.500000 21.547270 1910.799316
v 1770.500000 31.500000 1915.440430
v 1770.500000 40.495621 1921.739258
v 1770.500000 48.260799 1929.504395
v 1770.500000 54.559601 1938.500000
v 1770.500000 59.200634 1948.452759
v 1770.500000 62.042889 1959.060181
v 1770.500000 63.000000 1970.000000
v 1770.500000 62.042889 1980.939819
v 1770.500000 59.200634 1991.547241
v 1770.500000 54.559601 2001.500000
v 1770.500000 48.260799 2010.495605
v 1770.500000 40.495621 2018.260742
v 1770.500000 31.500000 2024.559570
v 1770.500000 21.547270 2029.200684
v 1770.500000 10.939836 2032.042847
vn -0.000000 0.000000 1.000000
vn -0.000000 0.000000 1.000000
vn 0.000000 1.000000 -0.000000
vn -0.000000 0.984808 0.173648
vn -0.000000 0.939693 0.342020
vn -0.000000 0.866025 0.500000
vn -0.000000 0.766044 0.642788
vn -0.000000 0.642788 0.766044
vn -0.000000 0.500000 0.866025
vn -0.000000 0.342020 0.939693
vn -0.000000 0.173648 0.984808
vn 0.000000 0.000000 -1.000000
vn 0.000000 0.173648 -0.984808
vn 0.000000 0.342020 -0.939693
vn 0.000000 0.500000 -0.866025
vn 0.000000 0.642788 -0.766044
vn 0.000000 0.766044 -0.642788
vn 0.000000 0.866025 -0.500000
vn 0.000000 0.939693 -0.342020
vn 0.000000 0.984808 -0.173648
vn 0.000000 0.000000 -1.000000
vn 0.000000 0.173648 -0.984808
vn 0.000000 0.342020 -0.939693
vn 0.000000 0.500000 -0.866025
vn 0.000000 0.642788 -0.766044
vn 0.000000 0.766044 -0.642788
vn 0.000000 0.866025 -0.500000
vn 0.000000 0.939693 -0.342020
vn 0.000000 0.984808 -0.173648
vn 0.000000 1.000000 -0.000000
vn -0.000000 0.984808 0.173648
vn -0.000000 0.939693 0.342020
vn -0.000000 0.866025 0.500000
vn -0.000000 0.766044 0.642788
vn -0.000000 0.642788 0.766044
vn -0.000000 0.500000 0.866025
vn -0.000000 0.342020 0.939693
vn -0.000000 0.173648 0.984808
f 4077//4077 4076//4076 4085//4085
f 4077//4077 4085//4085 4086//4086
f 4078//4078 4086//4086 4087//4087
f 4078//4078 4077//4077 4086//4086
f 4079//4079 4087//4087 4088//4088
f 4079//4079 4078//4078 4087//4087
f 4080//4080 4088//4088 4089//4089
f 4080//4080 4079//4079 4088//4088
f 4081//4081 4089//4089 4090//4090
f 4081//4081 4080//4080 4089//4089
f 4082//4082 4090//4090 4091//4091
f 4082//4082 4081//4081 4090//4090
f 4083//4083 4091//4091 4092//4092
f 4083//4083 4082//4082 4091//4091
f 4084//4084 4092//4092 4093//4093
f 4084//4084 4083//4083 4092//4092
f 4067//4067 4093//4093 4094//4094
f 4067//4067 4084//4084 4093//4093
f 4068//4068 4094//4094 4095//4095
f 4068//4068 4095//4095 4096//4096
f 4068//4068 4067//4067 4094//4094
f 4069//4069 4068//4068 4096//4096
f 4070//4070 4096//4096 4097//4097
f 4070//4070 4069//4069 4096//4096
f 4071//4071 4097//4097 4098//4098
f 4071//4071 4070//4070 4097//4097
f 4072//4072 4098//4098 4099//4099
f 4072//4072 4071//4071 4098//4098
f 4073//4073 4072//4072 4099//4099
f 4073//4073 4099//4099 4100//4100
f 4074//4074 4073//4073 4100//4100
f 4074//4074 4100//4100 4101//4101
f 4075//4075 4074//4074 4101//4101
f 4075//4075 4101//4101 4102//4102
f 4066//4066 4075//4075 4102//4102
f 4066//4066 4102//4102 4065//4065
v 1770.500000 0.000000 1907.000000
v 1781.099976 0.000000 1907.000000
v 1781.099976 -63.000000 1970.000000
v 1781.099976 -62.042889 1959.060181
v 1781.099976 -59.200634 1948.452759
v 1781.099976 -54.559601 1938.500000
v 1781.099976 -48.260799 1929.504395
v 1781.099976 -40.495621 1921.739258
v 1781.099976 -31.500000 1915.440430
v 1781.099976 -21.547270 1910.799316
v 1781.099976 -10.939836 1907.957153
v 1781.099976 0.000000 2033.000000
v 1781.099976 -10.939836 2032.042847
v 1781.099976 -21.547270 2029.200684
v 1781.099976 -31.500000 2024.559570
v 1781.099976 -40.495621 2018.260742
v 1781.099976 -48.260799 2010.495605
v 1781.099976 -54.559601 2001.500000
v 1781.099976 -59.200634 1991.547241
v 1781.099976 -62.042889 1980.939819
v 1770.500000 0.000000 2033.000000
v 1770.500000 -10.939836 2032.042847
v 1770.500000 -21.547270 2029.200684
v 1770.500000 -31.500000 2024.559570
v 1770.500000 -40.495621 2018.260742
v 1770.500000 -48.260799 2010.495605
v 1770.500000 -54.559601 2001.500000
v 1770.500000 -59.200634 1991.547241
v 1770.500000 -62.042889 1980.939819
v 1770.500000 -63.000000 1970.000000
v 1770.500000 -62.042889 1959.060181
v 1770.500000 -59.200634 1948.452759
v 1770.500000 -54.559601 1938.500000
v 1770.500000 -48.260799 1929.504395
v 1770.500000 -40.495621 1921.739258
v 1770.500000 -31.500000 1915.440430
v 1770.500000 -21.547270 1910.799316
v 1770.500000 -10.939836 1907.957153
vn 0.000000 -0.000000 -1.000000
vn 0.000000 -0.000000 -1.000000
vn 0.000000 -1.000000 0.000000
vn 0.000000 -0.984808 -0.173648
vn 0.000000 -0.939693 -0.342020
vn 0.000000 -0.866025 -0.500000
vn 0.000000 -0.766044 -0.642788
vn 0.000000 -0.642788 -0.766044
vn 0.000000 -0.500000 -0.866025
vn 0.000000 -0.342020 -0.939693
vn 0.000000 -0.173648 -0.984808
vn 0.000000 0.000000 1.000000
vn 0.000000 -0.173648 0.984808
vn 0.000000 -0.342020 0.939693
vn 0.000000 -0.500000 0.866025
vn 0.000000 -0.642788 0.766044
vn 0.000000 -0.766044 0.642788
vn 0.000000 -0.866025 0.500000
vn 0.000000 -0.939693 0.342020
vn 0.000000 -0.984808 0.173648
vn 0.000000 0.000000 1.000000
vn 0.000000 -0.173648 0.984808
vn 0.000000 -0.342020 0.939693
vn 0.000000 -0.500000 0.866025
vn 0.000000 -0.642788 0.766044
vn 0.000000 -0.766044 0.642788
vn 0.000000 -0.866025 0.500000
vn 0.000000 -0.939693 0.342020
vn 0.000000 -0.984808 0.173648
vn 0.000000 -1.000000 0.000000
vn 0.000000 -0.984808 -0.173648
vn 0.000000 -0.939693 -0.342020
vn 0.000000 -0.866025 -0.500000
vn 0.000000 -0.766044 -0.642788
vn 0.000000 -0.642788 -0.766044
vn 0.000000 -0.500000 -0.866025
vn 0.000000 -0.342020 -0.939693
vn 0.000000 -0.173648 -0.984808
f 4115//4115 4114//4114 4123//4123
f 4115//4115 4123//4123 4124//4124
f 4116//4116 4124//4124 4125//4125
f 4116//4116 4115//4115 4124//4124
f 4117//4117 4125//4125 4126//4126
f 4117//4117 4116//4116 4125//4125
f 4118//4118 4126//4126 4127//4127
f 4118//4118 4127//4127 4128//4128
f 4118//4118 4117//4117 4126//4126
f 4119//4119 4118//4118 4128//4128
f 4120//4120 4128//4128 4129//4129
f 4120//4120 4119//4119 4128//4128
f 4121//4121 4129//4129 4130//4130
f 4121//4121 4120//4120 4129//4129
f 4122//4122 4130//4130 4131//4131
f 4122//4122 4121//4121 4130//4130
f 4105//4105 4131//4131 4132//4132
f 4105//4105 4122//4122 4131//4131
f 4106//4106 4132//4132 4133//4133
f 4106//4106 4105//4105 4132//4132
f 4107//4107 4133//4133 4134//4134
f 4107//4107 4106//4106 4133//4133
f 4108//4108 4134//4134 4135//4135
f 4108//4108 4107//4107 4134//4134
f 4109//4109 4135//4135 4136//4136
f 4109//4109 4108//4108 4135//4135
f 4110//4110 4136//4136 4137//4137
f 4110//4110 4109//4109 4136//4136
f 4111//4111 4110//4110 4137//4137
f 4111//4111 4137//4137 4138//4138
f 4112//4112 4111//4111 4138//4138
f 4112//4112 4138//4138 4139//4139
f 4113//4113 4112//4112 4139//4139
f 4113//4113 4139//4139 4140//4140
f 4104//4104 4113//4113 4140//4140
f 4104//4104 4140//4140 4103//4103
v 1770.500000 63.000000 1970.000000
v 1770.500000 62.042889 1980.939819
v 1770.500000 59.200634 1991.547241
v 1770.500000 54.559601 2001.500000
v 1770.500000 48.260799 2010.495605
v 1770.500000 40.495621 2018.260742
v 1770.500000 31.500000 2024.559570
v 1770.500000 21.547270 2029.200684
v 1770.500000 10.939836 2032.042847
v 1770.500000 0.000000 2033.000000
v 1770.500000 -10.939836 2032.042847
v 1770.500000 -21.547270 2029.200684
v 1770.500000 -31.500000 2024.559570
v 1770.500000 -40.495621 2018.260742
v 1770.500000 -48.260799 2010.495605
v 1770.500000 -54.559601 2001.500000
v 1770.500000 -59.200634 1991.547241
v 1770.500000 -62.042889 1980.939819
v 1770.500000 -63.000000 1970.000000
v 1770.500000 -62.042889 1959.060181
v 1770.500000 -59.200634 1948.452759
v 1770.500000 -54.559601 1938.500000
v 1770.500000 -48.260799 1929.504395
v 1770.500000 -40.495621 1921.739258
v 1770.500000 -31.500000 1915.440430
v 1770.500000 -21.547270 1910.799316
v 1770.500000 -10.939836 1907.957153
v 1770.500000 0.000000 1907.000000
v 1770.500000 10.939836 1907.957153
v 1770.500000 21.547270 1910.799316
v 1770.500000 31.500000 1915.440430
v 1770.500000 40.495621 1921.739258
v 1770.500000 48.260799 1929.504395
v 1770.500000 54.559601 1938.500000
v 1770.500000 59.200634 1948.452759
v 1770.500000 62.042889 1959.060181
vn -1.000000 0.000000 -0.000000
vn -1.000000 0.000000 -0.000000
vn -1.000000 0.000000 -0.000000
vn -1.000000 0.000000 -0.000000
vn -1.000000 0.000000 -0.000000
vn -1.000000 0.000000 -0.000000
vn -1.000000 0.000000 -0.000000
vn -1.000000 0.000000 -0.000000
vn -1.000000 0.000000 -0.000000
vn -1.000000 0.000000 -0.000000
vn -1.000000 0.000000 -0.000000
vn -1.000000 0.000000 -0.000000
vn -1.000000 0.000000 -0.000000
vn -1.000000 0.000000 -0.000000
vn -1.000000 0.000000 -0.000000
vn -1.000000 0.000000 -0.000000
vn -1.000000 0.000000 -0.000000
vn -1.000000 0.000000 -0.000000
vn -1.000000 0.000000 -0.000000
vn -1.000000 0.000000 -0.000000
vn -1.000000 0.000000 -0.000000
vn -1.000000 0.000000 -0.000000
vn -1.000000 0.000000 -0.000000
vn -1.000000 0.000000 -0.000000
vn -1.000000 0.000000 -0.000000
vn -1.000000 0.000000 -0.000000
vn -1.000000 0.000000 -0.000000
vn -1.000000 0.000000 -0.000000
vn -1.000000 0.000000 -0.000000
vn -1.000000 0.000000 -0.000000
vn -1.000000 0.000000 -0.000000
vn -1.000000 0.000000 -0.000000
vn -1.000000 0.000000 -0.000000
vn -1.000000 0.000000 -0.000000
vn -1.000000 0.000000 -0.000000
vn -1.000000 0.000000 -0.000000
f 4156//4156 4155//4155 4154//4154
f 4151//4151 4153//4153 4152//4152
f 4151//4151 4154//4154 4153//4153
f 4150//4150 4156//4156 4154//4154
f 4150//4150 4154//4154 4151//4151
f 4159//4159 4157//4157 4156//4156
f 4159//4159 4158//4158 4157//4157
f 4160//4160 4159//4159 4156//4156
f 4148//4148 4150//4150 4149//4149
f 4147//4147 4150//4150 4148//4148
f 4147//4147 4156//4156 4150//4150
f 4163//4163 4162//4162 4161//4161
f 4146//4146 4161//4161 4160//4160
f 4146//4146 4160//4160 4156//4156
f 4146//4146 4156//4156 4147//4147
f 4165//4165 4164//4164 4163//4163
f 4143//4143 4145//4145 4144//4144
f 4143//4143 4146//4146 4145//4145
f 4141//4141 4143//4143 4142//4142
f 4141//4141 4161//4161 4146//4146
f 4141//4141 4146//4146 4143//4143
f 4168//4168 4166//4166 4165//4165
f 4168//4168 4167//4167 4166//4166
f 4168//4168 4163//4163 4161//4161
f 4168//4168 4165//4165 4163//4163
f 4170//4170 4169//4169 4168//4168
f 4170//4170 4168//4168 4161//4161
f 4174//4174 4170//4170 4161//4161
f 4174//4174 4176//4176 4175//4175
f 4174//4174 4141//4141 4176//4176
f 4174//4174 4161//4161 4141//4141
f 4172//4172 4171//4171 4170//4170
f 4173//4173 4172//4172 4170//4170
f 4173//4173 4170//4170 4174//4174
